<TICKER>,<PER>,<DATE>,<TIME>,<OPEN>,<HIGH>,<LOW>,<CLOSE>,<VOL>,<OPENINT>
BFRG.US,5,20250813,153000,1.28,1.3,1.28,1.3,2224,0
BFRG.US,5,20250813,153500,1.2983,1.2999,1.2837,1.2983,5957,0
BFRG.US,5,20250813,154000,1.2999,1.32,1.29,1.3106,9756,0
BFRG.US,5,20250813,154500,1.311,1.311,1.311,1.311,200,0
BFRG.US,5,20250813,155000,1.31,1.31,1.305,1.305,14070,0
BFRG.US,5,20250813,155500,1.31,1.31,1.307,1.307,1406,0
BFRG.US,5,20250813,160000,1.3019,1.3019,1.3019,1.3019,250,0
BFRG.US,5,20250813,161000,1.305,1.305,1.295,1.295,1960,0
BFRG.US,5,20250813,161500,1.29,1.29,1.29,1.29,10000,0
BFRG.US,5,20250813,162000,1.295,1.295,1.28,1.28,25850,0
BFRG.US,5,20250813,162500,1.2932,1.2932,1.2932,1.2932,300,0
BFRG.US,5,20250813,164000,1.29,1.29,1.29,1.29,100,0
BFRG.US,5,20250813,164500,1.2995,1.3014,1.2995,1.3014,3899,0
BFRG.US,5,20250813,165000,1.2901,1.2901,1.2901,1.2901,1500,0
BFRG.US,5,20250813,165500,1.29,1.29,1.29,1.29,2000,0
BFRG.US,5,20250813,171000,1.3,1.3055,1.3,1.3055,2880,0
BFRG.US,5,20250813,172000,1.3032,1.3032,1.2894,1.2894,1530,0
BFRG.US,5,20250813,172500,1.2906,1.2906,1.2906,1.2906,125,0
BFRG.US,5,20250813,174000,1.29,1.29,1.29,1.29,590,0
BFRG.US,5,20250813,174500,1.2801,1.2906,1.2801,1.2906,1625,0
BFRG.US,5,20250813,181000,1.28,1.28,1.28,1.28,500,0
BFRG.US,5,20250813,182000,1.2894,1.2894,1.2894,1.2894,120,0
BFRG.US,5,20250813,182500,1.29,1.29,1.29,1.29,220,0
BFRG.US,5,20250813,183000,1.2999,1.2999,1.2999,1.2999,250,0
BFRG.US,5,20250813,184500,1.29,1.29,1.29,1.29,371,0
BFRG.US,5,20250813,185000,1.29,1.29,1.29,1.29,900,0
BFRG.US,5,20250813,190000,1.2844,1.2844,1.2844,1.2844,220,0
BFRG.US,5,20250813,191000,1.285,1.2892,1.285,1.2892,2550,0
BFRG.US,5,20250813,191500,1.2892,1.2892,1.2892,1.2892,1060,0
BFRG.US,5,20250813,192000,1.29,1.29,1.2801,1.2801,1330,0
BFRG.US,5,20250813,193500,1.3,1.3,1.3,1.3,1000,0
BFRG.US,5,20250813,195000,1.295,1.295,1.2905,1.2905,2000,0
BFRG.US,5,20250813,195500,1.29,1.2951,1.29,1.2951,3050,0
BFRG.US,5,20250813,201500,1.295,1.295,1.295,1.295,1230,0
BFRG.US,5,20250813,203000,1.295,1.295,1.295,1.295,230,0
BFRG.US,5,20250813,203500,1.29,1.29,1.29,1.29,600,0
BFRG.US,5,20250813,204500,1.295,1.295,1.295,1.295,240,0
BFRG.US,5,20250813,211000,1.3,1.33,1.3,1.33,31076,0
BFRG.US,5,20250813,211500,1.32,1.32,1.32,1.32,1000,0
BFRG.US,5,20250813,212000,1.32,1.32,1.32,1.32,100,0
BFRG.US,5,20250813,213000,1.315,1.315,1.315,1.315,250,0
BFRG.US,5,20250813,213500,1.322,1.322,1.322,1.322,1000,0
BFRG.US,5,20250813,214000,1.3241,1.3299,1.32,1.3299,8983,0
BFRG.US,5,20250813,214500,1.325,1.33,1.325,1.325,5300,0
BFRG.US,5,20250813,215000,1.3399,1.3399,1.3399,1.3399,150,0
BFRG.US,5,20250813,215500,1.33,1.33,1.32,1.33,3351,0
BFRG.US,5,20250814,153000,1.3,1.33,1.3,1.31,2135,0
BFRG.US,5,20250814,153500,1.28,1.33,1.28,1.3246,2646,0
BFRG.US,5,20250814,154000,1.33,1.33,1.29,1.29,200,0
BFRG.US,5,20250814,154500,1.29,1.3,1.28,1.29,3594,0
BFRG.US,5,20250814,155000,1.304,1.304,1.304,1.304,230,0
BFRG.US,5,20250814,155500,1.3277,1.3277,1.3232,1.3232,2100,0
BFRG.US,5,20250814,160000,1.315,1.315,1.29,1.29,12286,0
BFRG.US,5,20250814,160500,1.2847,1.2847,1.27,1.28,10713,0
BFRG.US,5,20250814,161000,1.261,1.261,1.26,1.26,10380,0
BFRG.US,5,20250814,161500,1.26,1.2601,1.25,1.25,8899,0
BFRG.US,5,20250814,162000,1.2961,1.2961,1.25,1.25,2041,0
BFRG.US,5,20250814,163500,1.26,1.28,1.26,1.28,4264,0
BFRG.US,5,20250814,164000,1.27,1.27,1.27,1.27,150,0
BFRG.US,5,20250814,164500,1.26,1.28,1.26,1.28,585,0
BFRG.US,5,20250814,165500,1.28,1.3,1.265,1.265,4274,0
BFRG.US,5,20250814,170000,1.27,1.27,1.27,1.27,600,0
BFRG.US,5,20250814,170500,1.2608,1.2656,1.26,1.26,1305,0
BFRG.US,5,20250814,172000,1.26,1.26,1.25,1.255,5201,0
BFRG.US,5,20250814,172500,1.255,1.26,1.255,1.26,1430,0
BFRG.US,5,20250814,173000,1.2594,1.2594,1.2594,1.2594,200,0
BFRG.US,5,20250814,173500,1.26,1.26,1.26,1.26,1170,0
BFRG.US,5,20250814,175000,1.25,1.2594,1.25,1.2594,2900,0
BFRG.US,5,20250814,180000,1.26,1.26,1.2599,1.26,3820,0
BFRG.US,5,20250814,181000,1.2523,1.2523,1.2523,1.2523,250,0
BFRG.US,5,20250814,182000,1.266,1.2698,1.2588,1.2594,822,0
BFRG.US,5,20250814,182500,1.255,1.26,1.2501,1.2501,1690,0
BFRG.US,5,20250814,183000,1.26,1.27,1.26,1.27,1615,0
BFRG.US,5,20250814,183500,1.265,1.2797,1.265,1.2797,3755,0
BFRG.US,5,20250814,184500,1.25,1.25,1.25,1.25,150,0
BFRG.US,5,20250814,185000,1.26,1.26,1.25,1.25,900,0
BFRG.US,5,20250814,191000,1.27,1.27,1.27,1.27,1090,0
BFRG.US,5,20250814,192000,1.27,1.27,1.27,1.27,300,0
BFRG.US,5,20250814,192500,1.28,1.28,1.28,1.28,110,0
BFRG.US,5,20250814,193000,1.285,1.285,1.285,1.285,198,0
BFRG.US,5,20250814,195000,1.27,1.27,1.265,1.265,500,0
BFRG.US,5,20250814,201000,1.26,1.26,1.26,1.26,1000,0
BFRG.US,5,20250814,202000,1.265,1.265,1.26,1.265,1480,0
BFRG.US,5,20250814,202500,1.2672,1.27,1.265,1.27,1623,0
BFRG.US,5,20250814,204000,1.265,1.265,1.265,1.265,100,0
BFRG.US,5,20250814,204500,1.265,1.265,1.265,1.265,700,0
BFRG.US,5,20250814,205500,1.2699,1.2699,1.261,1.261,600,0
BFRG.US,5,20250814,210000,1.27,1.27,1.2695,1.2699,1700,0
BFRG.US,5,20250814,211000,1.2601,1.2601,1.2601,1.2601,1000,0
BFRG.US,5,20250814,212000,1.27,1.2794,1.27,1.2794,1350,0
BFRG.US,5,20250814,213000,1.28,1.28,1.26,1.26,400,0
BFRG.US,5,20250814,213500,1.28,1.28,1.28,1.28,100,0
BFRG.US,5,20250814,214500,1.2602,1.28,1.26,1.2743,8700,0
BFRG.US,5,20250814,215000,1.27,1.27,1.27,1.27,100,0
BFRG.US,5,20250814,215500,1.285,1.285,1.27,1.28,1027,0
BFRG.US,5,20250815,153000,1.3,1.3,1.28,1.28,2000,0
BFRG.US,5,20250815,153500,1.29,1.29,1.287,1.287,800,0
BFRG.US,5,20250815,154000,1.28,1.28,1.25,1.25,4253,0
BFRG.US,5,20250815,154500,1.265,1.265,1.2518,1.2518,900,0
BFRG.US,5,20250815,155500,1.2614,1.2614,1.2614,1.2614,3000,0
BFRG.US,5,20250815,160500,1.2545,1.2545,1.25,1.25,1639,0
BFRG.US,5,20250815,161000,1.26,1.2683,1.25,1.25,1088,0
BFRG.US,5,20250815,161500,1.2672,1.2672,1.2672,1.2672,1100,0
BFRG.US,5,20250815,162000,1.2501,1.3,1.2501,1.3,1450,0
BFRG.US,5,20250815,162500,1.27,1.27,1.27,1.27,200,0
BFRG.US,5,20250815,163000,1.29,1.29,1.27,1.27,850,0
BFRG.US,5,20250815,163500,1.2528,1.2528,1.2528,1.2528,400,0
BFRG.US,5,20250815,164000,1.265,1.265,1.2501,1.2501,6476,0
BFRG.US,5,20250815,164500,1.25,1.25,1.25,1.25,700,0
BFRG.US,5,20250815,165000,1.2529,1.28,1.2529,1.26,2255,0
BFRG.US,5,20250815,165500,1.265,1.265,1.2602,1.2602,400,0
BFRG.US,5,20250815,172500,1.2551,1.2551,1.2551,1.2551,1095,0
BFRG.US,5,20250815,173000,1.2599,1.2599,1.2599,1.2599,1000,0
BFRG.US,5,20250815,173500,1.2594,1.2594,1.2594,1.2594,100,0
BFRG.US,5,20250815,174000,1.255,1.255,1.255,1.255,100,0
BFRG.US,5,20250815,174500,1.2599,1.2599,1.2599,1.2599,100,0
BFRG.US,5,20250815,175000,1.255,1.255,1.255,1.255,400,0
BFRG.US,5,20250815,184500,1.26,1.26,1.26,1.26,106,0
BFRG.US,5,20250815,190500,1.26,1.26,1.26,1.26,500,0
BFRG.US,5,20250815,191000,1.25,1.26,1.25,1.25,1057,0
BFRG.US,5,20250815,191500,1.264,1.264,1.264,1.264,100,0
BFRG.US,5,20250815,192000,1.2542,1.2542,1.25,1.25,820,0
BFRG.US,5,20250815,192500,1.2401,1.245,1.24,1.24,2436,0
BFRG.US,5,20250815,193000,1.2308,1.235,1.21,1.212,17054,0
BFRG.US,5,20250815,193500,1.2363,1.2385,1.2363,1.2385,1100,0
BFRG.US,5,20250815,194000,1.2351,1.24,1.2351,1.24,4396,0
BFRG.US,5,20250815,194500,1.259,1.259,1.247,1.247,1150,0
BFRG.US,5,20250815,200500,1.25,1.25,1.24,1.24,274,0
BFRG.US,5,20250815,201500,1.24,1.24,1.24,1.24,3750,0
BFRG.US,5,20250815,202000,1.2586,1.2586,1.2586,1.2586,100,0
BFRG.US,5,20250815,202500,1.265,1.265,1.265,1.265,2500,0
BFRG.US,5,20250815,203000,1.27,1.27,1.27,1.27,100,0
BFRG.US,5,20250815,205000,1.25,1.25,1.25,1.25,300,0
BFRG.US,5,20250815,210500,1.24,1.24,1.229,1.229,9888,0
BFRG.US,5,20250815,212500,1.24,1.24,1.24,1.24,200,0
BFRG.US,5,20250815,213000,1.2582,1.2582,1.2582,1.2582,500,0
BFRG.US,5,20250815,214500,1.24,1.24,1.24,1.24,200,0
BFRG.US,5,20250815,215500,1.24,1.25,1.24,1.25,624,0
BFRG.US,5,20250818,153000,1.29,1.295,1.26,1.2675,5926,0
BFRG.US,5,20250818,153500,1.26,1.26,1.24,1.24,4405,0
BFRG.US,5,20250818,154000,1.25,1.25,1.23,1.24,2178,0
BFRG.US,5,20250818,154500,1.255,1.255,1.255,1.255,300,0
BFRG.US,5,20250818,155000,1.25,1.25,1.25,1.25,1608,0
BFRG.US,5,20250818,155500,1.25,1.25,1.25,1.25,4630,0
BFRG.US,5,20250818,160000,1.2525,1.27,1.2525,1.27,6355,0
BFRG.US,5,20250818,160500,1.26,1.26,1.26,1.26,1203,0
BFRG.US,5,20250818,162000,1.255,1.255,1.25,1.25,872,0
BFRG.US,5,20250818,163000,1.26,1.26,1.26,1.26,1200,0
BFRG.US,5,20250818,163500,1.26,1.26,1.26,1.26,100,0
BFRG.US,5,20250818,164500,1.265,1.2658,1.265,1.2658,1000,0
BFRG.US,5,20250818,165000,1.2646,1.2646,1.2646,1.2646,111,0
BFRG.US,5,20250818,170000,1.2613,1.2613,1.2613,1.2613,400,0
BFRG.US,5,20250818,170500,1.27,1.27,1.27,1.27,1000,0
BFRG.US,5,20250818,171000,1.26,1.26,1.26,1.26,300,0
BFRG.US,5,20250818,171500,1.2768,1.2768,1.2768,1.2768,800,0
BFRG.US,5,20250818,172500,1.27,1.2798,1.27,1.2798,255,0
BFRG.US,5,20250818,174000,1.27,1.27,1.27,1.27,500,0
BFRG.US,5,20250818,175000,1.2618,1.2618,1.2618,1.2618,100,0
BFRG.US,5,20250818,175500,1.27,1.27,1.27,1.27,1105,0
BFRG.US,5,20250818,180000,1.2616,1.2616,1.2616,1.2616,300,0
BFRG.US,5,20250818,182000,1.28,1.28,1.28,1.28,400,0
BFRG.US,5,20250818,183500,1.2701,1.3,1.2701,1.2938,13832,0
BFRG.US,5,20250818,185000,1.29,1.29,1.29,1.29,2000,0
BFRG.US,5,20250818,190000,1.2992,1.2992,1.2992,1.2992,500,0
BFRG.US,5,20250818,191000,1.3,1.315,1.3,1.3142,10146,0
BFRG.US,5,20250818,191500,1.3154,1.3154,1.315,1.315,2200,0
BFRG.US,5,20250818,192000,1.3101,1.3101,1.3101,1.3101,100,0
BFRG.US,5,20250818,194000,1.3146,1.3146,1.3146,1.3146,111,0
BFRG.US,5,20250818,194500,1.32,1.32,1.32,1.32,865,0
BFRG.US,5,20250818,195500,1.31,1.31,1.31,1.31,250,0
BFRG.US,5,20250818,200000,1.312,1.312,1.312,1.312,100,0
BFRG.US,5,20250818,200500,1.3277,1.3277,1.31,1.31,1569,0
BFRG.US,5,20250818,201000,1.32,1.32,1.31,1.31,2100,0
BFRG.US,5,20250818,201500,1.305,1.31,1.305,1.31,2200,0
BFRG.US,5,20250818,203000,1.305,1.305,1.3001,1.3001,5200,0
BFRG.US,5,20250818,203500,1.3015,1.3015,1.3015,1.3015,500,0
BFRG.US,5,20250818,205000,1.3072,1.3072,1.3072,1.3072,400,0
BFRG.US,5,20250818,205500,1.3,1.305,1.3,1.305,1500,0
BFRG.US,5,20250818,210000,1.3099,1.3099,1.3095,1.3095,1500,0
BFRG.US,5,20250818,210500,1.305,1.31,1.3047,1.3047,500,0
BFRG.US,5,20250818,211000,1.305,1.305,1.305,1.305,100,0
BFRG.US,5,20250818,212000,1.31,1.31,1.31,1.31,1778,0
BFRG.US,5,20250818,213500,1.3142,1.3142,1.3142,1.3142,548,0
BFRG.US,5,20250818,214000,1.3142,1.315,1.3142,1.315,209,0
BFRG.US,5,20250818,214500,1.315,1.3192,1.315,1.3192,285,0
BFRG.US,5,20250818,215500,1.32,1.32,1.3105,1.32,1755,0
BFRG.US,5,20250819,153000,1.32,1.32,1.28,1.28,3869,0
BFRG.US,5,20250819,153500,1.27,1.29,1.26,1.29,2350,0
BFRG.US,5,20250819,154000,1.29,1.31,1.28,1.31,933,0
BFRG.US,5,20250819,154500,1.28,1.28,1.27,1.27,500,0
BFRG.US,5,20250819,155000,1.2831,1.2831,1.2831,1.2831,117,0
BFRG.US,5,20250819,155500,1.2818,1.2818,1.2816,1.2816,1111,0
BFRG.US,5,20250819,161500,1.29,1.29,1.29,1.29,100,0
BFRG.US,5,20250819,162000,1.3,1.3,1.3,1.3,100,0
BFRG.US,5,20250819,162500,1.28,1.28,1.27,1.28,1500,0
BFRG.US,5,20250819,163000,1.2733,1.2733,1.2733,1.2733,3000,0
BFRG.US,5,20250819,164000,1.27,1.27,1.27,1.27,1160,0
BFRG.US,5,20250819,164500,1.285,1.295,1.26,1.26,4498,0
BFRG.US,5,20250819,165000,1.275,1.275,1.275,1.275,100,0
BFRG.US,5,20250819,170000,1.2603,1.2603,1.2601,1.2601,1500,0
BFRG.US,5,20250819,171000,1.27,1.27,1.26,1.26,10196,0
BFRG.US,5,20250819,172000,1.26,1.26,1.26,1.26,100,0
BFRG.US,5,20250819,173000,1.27,1.27,1.27,1.27,793,0
BFRG.US,5,20250819,173500,1.2687,1.2687,1.2687,1.2687,100,0
BFRG.US,5,20250819,175000,1.27,1.27,1.25,1.25,5462,0
BFRG.US,5,20250819,175500,1.25,1.25,1.245,1.25,1604,0
BFRG.US,5,20250819,180500,1.2599,1.2599,1.2599,1.2599,220,0
BFRG.US,5,20250819,181000,1.26,1.26,1.26,1.26,100,0
BFRG.US,5,20250819,182000,1.26,1.26,1.25,1.25,1000,0
BFRG.US,5,20250819,183000,1.25,1.25,1.25,1.25,350,0
BFRG.US,5,20250819,184000,1.25,1.25,1.25,1.25,100,0
BFRG.US,5,20250819,184500,1.2402,1.2402,1.2202,1.2301,12816,0
BFRG.US,5,20250819,185000,1.235,1.235,1.235,1.235,100,0
BFRG.US,5,20250819,185500,1.235,1.24,1.235,1.24,700,0
BFRG.US,5,20250819,190500,1.24,1.24,1.24,1.24,347,0
BFRG.US,5,20250819,191000,1.245,1.2498,1.245,1.245,944,0
BFRG.US,5,20250819,191500,1.24,1.24,1.24,1.24,399,0
BFRG.US,5,20250819,193000,1.25,1.26,1.25,1.26,700,0
BFRG.US,5,20250819,193500,1.2593,1.27,1.2538,1.27,5150,0
BFRG.US,5,20250819,195000,1.25,1.25,1.25,1.25,100,0
BFRG.US,5,20250819,200000,1.27,1.27,1.26,1.27,2200,0
BFRG.US,5,20250819,200500,1.265,1.2651,1.26,1.2651,4799,0
BFRG.US,5,20250819,201000,1.2628,1.2628,1.2628,1.2628,200,0
BFRG.US,5,20250819,203500,1.26,1.2601,1.26,1.26,2012,0
BFRG.US,5,20250819,204000,1.26,1.26,1.2541,1.2541,5900,0
BFRG.US,5,20250819,210500,1.26,1.26,1.2401,1.25,10600,0
BFRG.US,5,20250819,212000,1.255,1.26,1.255,1.26,5100,0
BFRG.US,5,20250819,212500,1.2501,1.2501,1.2501,1.2501,1000,0
BFRG.US,5,20250819,213000,1.255,1.255,1.2546,1.2546,1800,0
BFRG.US,5,20250819,214000,1.2538,1.2538,1.2538,1.2538,100,0
BFRG.US,5,20250819,214500,1.26,1.26,1.26,1.26,100,0
BFRG.US,5,20250819,215000,1.26,1.26,1.25,1.25,1200,0
BFRG.US,5,20250819,215500,1.25,1.26,1.25,1.26,1611,0
BFRG.US,5,20250820,153000,1.26,1.26,1.2269,1.2269,1102,0
BFRG.US,5,20250820,153500,1.2395,1.2395,1.2395,1.2395,188,0
BFRG.US,5,20250820,154000,1.235,1.235,1.227,1.227,370,0
BFRG.US,5,20250820,154500,1.222,1.222,1.21,1.21,7667,0
BFRG.US,5,20250820,155000,1.22,1.22,1.2,1.2,20425,0
BFRG.US,5,20250820,155500,1.2,1.23,1.2,1.22,2450,0
BFRG.US,5,20250820,160000,1.2186,1.2186,1.2186,1.2186,100,0
BFRG.US,5,20250820,160500,1.2097,1.2097,1.2097,1.2097,300,0
BFRG.US,5,20250820,161000,1.2108,1.2108,1.2108,1.2108,132,0
BFRG.US,5,20250820,161500,1.2143,1.2143,1.2143,1.2143,300,0
BFRG.US,5,20250820,162000,1.22,1.22,1.22,1.22,1400,0
BFRG.US,5,20250820,162500,1.22,1.22,1.22,1.22,1200,0
BFRG.US,5,20250820,163000,1.2119,1.2119,1.2095,1.21,1706,0
BFRG.US,5,20250820,163500,1.2138,1.2179,1.2138,1.2179,841,0
BFRG.US,5,20250820,164000,1.2278,1.2278,1.2038,1.2038,600,0
BFRG.US,5,20250820,164500,1.2126,1.2126,1.2126,1.2126,150,0
BFRG.US,5,20250820,170000,1.2049,1.2049,1.2049,1.2049,850,0
BFRG.US,5,20250820,170500,1.205,1.205,1.2,1.2,2291,0
BFRG.US,5,20250820,171000,1.23,1.23,1.23,1.23,150,0
BFRG.US,5,20250820,171500,1.22,1.22,1.22,1.22,100,0
BFRG.US,5,20250820,172000,1.22,1.22,1.22,1.22,2876,0
BFRG.US,5,20250820,173500,1.22,1.22,1.22,1.22,1805,0
BFRG.US,5,20250820,175500,1.2244,1.2244,1.2244,1.2244,3125,0
BFRG.US,5,20250820,180000,1.22,1.22,1.22,1.22,2500,0
BFRG.US,5,20250820,181500,1.2246,1.23,1.2246,1.23,509,0
BFRG.US,5,20250820,182000,1.2343,1.2343,1.2284,1.2284,617,0
BFRG.US,5,20250820,183000,1.23,1.23,1.23,1.23,100,0
BFRG.US,5,20250820,183500,1.21,1.21,1.21,1.21,300,0
BFRG.US,5,20250820,184500,1.2159,1.23,1.2159,1.23,655,0
BFRG.US,5,20250820,185500,1.23,1.24,1.22,1.22,3407,0
BFRG.US,5,20250820,190000,1.21,1.22,1.21,1.22,534,0
BFRG.US,5,20250820,190500,1.22,1.22,1.22,1.22,700,0
BFRG.US,5,20250820,191000,1.2288,1.2288,1.2239,1.2239,700,0
BFRG.US,5,20250820,192500,1.2202,1.2202,1.2201,1.2201,1769,0
BFRG.US,5,20250820,194500,1.2202,1.2202,1.2202,1.2202,1000,0
BFRG.US,5,20250820,195000,1.23,1.23,1.23,1.23,1346,0
BFRG.US,5,20250820,195500,1.2332,1.2332,1.2332,1.2332,100,0
BFRG.US,5,20250820,200000,1.2298,1.2298,1.2184,1.2184,316,0
BFRG.US,5,20250820,201500,1.22,1.22,1.21,1.21,5306,0
BFRG.US,5,20250820,204000,1.22,1.22,1.22,1.22,1050,0
BFRG.US,5,20250820,204500,1.2193,1.2199,1.2193,1.2199,2585,0
BFRG.US,5,20250820,210500,1.22,1.22,1.22,1.22,100,0
BFRG.US,5,20250820,211000,1.2113,1.2113,1.2113,1.2113,130,0
BFRG.US,5,20250820,212000,1.21,1.21,1.21,1.21,1000,0
BFRG.US,5,20250820,213500,1.215,1.22,1.215,1.22,1700,0
BFRG.US,5,20250820,214500,1.2194,1.2199,1.215,1.215,1550,0
BFRG.US,5,20250820,215000,1.21,1.22,1.21,1.22,1100,0
BFRG.US,5,20250820,215500,1.215,1.22,1.21,1.22,581,0
BFRG.US,5,20250821,153000,1.23,1.23,1.23,1.23,1763,0
BFRG.US,5,20250821,153500,1.2,1.2,1.19,1.1911,1633,0
BFRG.US,5,20250821,154000,1.1902,1.205,1.1902,1.205,200,0
BFRG.US,5,20250821,154500,1.2,1.2,1.2,1.2,100,0
BFRG.US,5,20250821,155000,1.208,1.208,1.208,1.208,100,0
BFRG.US,5,20250821,160500,1.2088,1.21,1.2088,1.21,1325,0
BFRG.US,5,20250821,162000,1.21,1.21,1.1971,1.1971,1024,0
BFRG.US,5,20250821,164000,1.21,1.21,1.202778,1.202778,403,0
BFRG.US,5,20250821,164500,1.21,1.21,1.21,1.21,175,0
BFRG.US,5,20250821,165000,1.22,1.22,1.22,1.22,100,0
BFRG.US,5,20250821,165500,1.22,1.22,1.22,1.22,174,0
BFRG.US,5,20250821,171500,1.23,1.23,1.23,1.23,512,0
BFRG.US,5,20250821,174500,1.22,1.22,1.22,1.22,450,0
BFRG.US,5,20250821,175500,1.217,1.217,1.217,1.217,200,0
BFRG.US,5,20250821,182500,1.22,1.22,1.22,1.22,100,0
BFRG.US,5,20250821,190500,1.22,1.22,1.22,1.22,900,0
BFRG.US,5,20250821,191000,1.2293,1.2293,1.2293,1.2293,100,0
BFRG.US,5,20250821,193500,1.22,1.22,1.22,1.22,100,0
BFRG.US,5,20250821,194000,1.22,1.22,1.22,1.22,113,0
BFRG.US,5,20250821,194500,1.23,1.23,1.23,1.23,100,0
BFRG.US,5,20250821,195000,1.2101,1.2101,1.21,1.21,2315,0
BFRG.US,5,20250821,200500,1.1903,1.21,1.1903,1.21,2720,0
BFRG.US,5,20250821,202500,1.22,1.2275,1.22,1.2275,700,0
BFRG.US,5,20250821,203000,1.215,1.215,1.215,1.215,1000,0
BFRG.US,5,20250821,204500,1.23,1.23,1.2,1.2,1624,0
BFRG.US,5,20250821,205500,1.225,1.225,1.225,1.225,285,0
BFRG.US,5,20250821,210000,1.22,1.22,1.22,1.22,100,0
BFRG.US,5,20250821,211000,1.22,1.24,1.21,1.22,12526,0
BFRG.US,5,20250821,211500,1.2,1.2,1.195,1.195,408,0
BFRG.US,5,20250821,212000,1.1968,1.1968,1.1968,1.1968,400,0
BFRG.US,5,20250821,212500,1.19,1.195,1.18,1.18,17789,0
BFRG.US,5,20250821,213000,1.17,1.18,1.17,1.18,3443,0
BFRG.US,5,20250821,214000,1.17,1.18,1.165,1.165,13015,0
BFRG.US,5,20250821,214500,1.1662,1.1699,1.165,1.1699,742,0
BFRG.US,5,20250821,215000,1.1658,1.17,1.165,1.17,1151,0
BFRG.US,5,20250821,215500,1.19,1.2,1.17,1.2,7047,0
BFRG.US,5,20250822,153000,1.18,1.2,1.18,1.2,7733,0
BFRG.US,5,20250822,154000,1.21,1.21,1.21,1.21,300,0
BFRG.US,5,20250822,154500,1.185,1.185,1.185,1.185,824,0
BFRG.US,5,20250822,160000,1.1797,1.2,1.1797,1.2,5100,0
BFRG.US,5,20250822,161000,1.19,1.225,1.19,1.225,4600,0
BFRG.US,5,20250822,161500,1.225,1.225,1.225,1.225,135,0
BFRG.US,5,20250822,162000,1.21,1.2259,1.21,1.2259,500,0
BFRG.US,5,20250822,163000,1.2203,1.2203,1.21,1.21,2750,0
BFRG.US,5,20250822,163500,1.2002,1.2002,1.2002,1.2002,2500,0
BFRG.US,5,20250822,164000,1.2,1.215,1.2,1.2,1395,0
BFRG.US,5,20250822,165000,1.2159,1.2159,1.2159,1.2159,455,0
BFRG.US,5,20250822,165500,1.22,1.22,1.22,1.22,100,0
BFRG.US,5,20250822,170000,1.21,1.23,1.21,1.23,7201,0
BFRG.US,5,20250822,170500,1.22,1.22,1.215,1.215,2400,0
BFRG.US,5,20250822,171500,1.1966,1.1966,1.1966,1.1966,100,0
BFRG.US,5,20250822,172000,1.2178,1.2178,1.2178,1.2178,2300,0
BFRG.US,5,20250822,173000,1.2188,1.2188,1.2188,1.2188,230,0
BFRG.US,5,20250822,173500,1.2199,1.2199,1.2107,1.2107,450,0
BFRG.US,5,20250822,174500,1.22,1.22,1.2092,1.2092,1050,0
BFRG.US,5,20250822,175000,1.22,1.22,1.22,1.22,930,0
BFRG.US,5,20250822,181000,1.2,1.2,1.2,1.2,300,0
BFRG.US,5,20250822,182500,1.2,1.2105,1.2,1.21,4399,0
BFRG.US,5,20250822,183000,1.2194,1.2194,1.2191,1.2191,4588,0
BFRG.US,5,20250822,183500,1.2146,1.2146,1.2146,1.2146,750,0
BFRG.US,5,20250822,184500,1.21,1.2191,1.21,1.215,3400,0
BFRG.US,5,20250822,185000,1.2106,1.2191,1.2106,1.2191,2500,0
BFRG.US,5,20250822,185500,1.2148,1.22,1.2148,1.22,6760,0
BFRG.US,5,20250822,190000,1.2255,1.2292,1.21,1.22,6260,0
BFRG.US,5,20250822,190500,1.2292,1.2292,1.2292,1.2292,100,0
BFRG.US,5,20250822,191000,1.2294,1.2294,1.2201,1.2207,5000,0
BFRG.US,5,20250822,191500,1.2201,1.2294,1.2201,1.225,6444,0
BFRG.US,5,20250822,192000,1.22,1.22,1.22,1.22,100,0
BFRG.US,5,20250822,192500,1.225,1.225,1.2201,1.2242,4000,0
BFRG.US,5,20250822,193000,1.22,1.22,1.22,1.22,200,0
BFRG.US,5,20250822,194000,1.211,1.22,1.211,1.22,3400,0
BFRG.US,5,20250822,195000,1.22,1.2265,1.22,1.2265,7403,0
BFRG.US,5,20250822,195500,1.23,1.23,1.2201,1.2201,2400,0
BFRG.US,5,20250822,200000,1.2294,1.2294,1.2294,1.2294,300,0
BFRG.US,5,20250822,200500,1.22,1.22,1.22,1.22,2400,0
BFRG.US,5,20250822,201000,1.22,1.22,1.22,1.22,1500,0
BFRG.US,5,20250822,201500,1.2254,1.23,1.225,1.23,896,0
BFRG.US,5,20250822,202000,1.24,1.245,1.23,1.23,7482,0
BFRG.US,5,20250822,202500,1.23,1.24,1.21,1.24,5908,0
BFRG.US,5,20250822,203000,1.24,1.25,1.24,1.25,5711,0
BFRG.US,5,20250822,203500,1.245,1.26,1.23,1.2553,24695,0
BFRG.US,5,20250822,204000,1.26,1.26,1.26,1.26,735,0
BFRG.US,5,20250822,205000,1.2554,1.2554,1.255,1.255,1903,0
BFRG.US,5,20250822,205500,1.251,1.251,1.251,1.251,300,0
BFRG.US,5,20250822,210000,1.25,1.2558,1.25,1.2558,2600,0
BFRG.US,5,20250822,211000,1.2511,1.2511,1.2511,1.2511,100,0
BFRG.US,5,20250822,211500,1.2519,1.27,1.2519,1.27,5694,0
BFRG.US,5,20250822,212000,1.25,1.2524,1.25,1.2524,3500,0
BFRG.US,5,20250822,212500,1.252,1.26,1.252,1.26,900,0
BFRG.US,5,20250822,213000,1.25,1.2608,1.25,1.25,6350,0
BFRG.US,5,20250822,213500,1.255,1.265,1.255,1.26,883,0
BFRG.US,5,20250822,214500,1.25,1.25,1.25,1.25,262,0
BFRG.US,5,20250822,215000,1.26,1.26,1.24,1.24,1256,0
BFRG.US,5,20250822,215500,1.2625,1.27,1.25,1.27,3775,0
BFRG.US,5,20250825,153000,1.26,1.26,1.255,1.255,407,0
BFRG.US,5,20250825,153500,1.2626,1.2626,1.2409,1.2409,225,0
BFRG.US,5,20250825,154000,1.23,1.23,1.23,1.23,1000,0
BFRG.US,5,20250825,154500,1.23,1.23,1.23,1.23,3293,0
BFRG.US,5,20250825,155000,1.24,1.24,1.2301,1.2301,6100,0
BFRG.US,5,20250825,155500,1.2305,1.2305,1.2305,1.2305,100,0
BFRG.US,5,20250825,160000,1.24,1.24,1.24,1.24,850,0
BFRG.US,5,20250825,160500,1.2575,1.2575,1.2575,1.2575,100,0
BFRG.US,5,20250825,161000,1.2413,1.2413,1.2413,1.2413,100,0
BFRG.US,5,20250825,161500,1.2575,1.2575,1.25,1.25,292,0
BFRG.US,5,20250825,162500,1.25,1.25,1.25,1.25,100,0
BFRG.US,5,20250825,163500,1.24,1.24,1.24,1.24,500,0
BFRG.US,5,20250825,164000,1.25,1.25,1.25,1.25,127,0
BFRG.US,5,20250825,164500,1.25,1.26,1.2457,1.2457,2700,0
BFRG.US,5,20250825,165500,1.25,1.25,1.25,1.25,100,0
BFRG.US,5,20250825,170000,1.25,1.2575,1.25,1.2575,300,0
BFRG.US,5,20250825,170500,1.24,1.24,1.24,1.24,100,0
BFRG.US,5,20250825,171500,1.25,1.2501,1.25,1.25,2797,0
BFRG.US,5,20250825,172500,1.24,1.25,1.24,1.25,200,0
BFRG.US,5,20250825,173500,1.24,1.24,1.24,1.24,200,0
BFRG.US,5,20250825,174000,1.2401,1.25,1.2401,1.25,861,0
BFRG.US,5,20250825,174500,1.25,1.25,1.25,1.25,1868,0
BFRG.US,5,20250825,175000,1.24,1.24,1.24,1.24,100,0
BFRG.US,5,20250825,175500,1.2401,1.2408,1.2401,1.2401,5123,0
BFRG.US,5,20250825,180000,1.24,1.24,1.23,1.23,1800,0
BFRG.US,5,20250825,180500,1.2483,1.26,1.2483,1.26,2424,0
BFRG.US,5,20250825,181500,1.25,1.25,1.25,1.25,100,0
BFRG.US,5,20250825,182000,1.23,1.23,1.23,1.23,100,0
BFRG.US,5,20250825,183500,1.24,1.2416,1.24,1.2416,1710,0
BFRG.US,5,20250825,184500,1.23,1.23,1.23,1.23,100,0
BFRG.US,5,20250825,190000,1.23,1.23,1.23,1.23,100,0
BFRG.US,5,20250825,191000,1.24,1.24,1.24,1.24,210,0
BFRG.US,5,20250825,191500,1.2389,1.2389,1.23,1.23,9912,0
BFRG.US,5,20250825,192000,1.235,1.235,1.235,1.235,100,0
BFRG.US,5,20250825,193000,1.23,1.24,1.23,1.24,1163,0
BFRG.US,5,20250825,193500,1.2489,1.2489,1.2489,1.2489,400,0
BFRG.US,5,20250825,194000,1.25,1.25,1.25,1.25,149,0
BFRG.US,5,20250825,194500,1.23,1.23,1.23,1.23,401,0
BFRG.US,5,20250825,195000,1.24,1.24,1.24,1.24,230,0
BFRG.US,5,20250825,200000,1.2303,1.2303,1.2303,1.2303,400,0
BFRG.US,5,20250825,200500,1.23,1.23,1.23,1.23,100,0
BFRG.US,5,20250825,201000,1.23,1.23,1.23,1.23,2593,0
BFRG.US,5,20250825,201500,1.235,1.235,1.235,1.235,220,0
BFRG.US,5,20250825,202000,1.23,1.23,1.2227,1.2227,8640,0
BFRG.US,5,20250825,204000,1.22,1.22,1.22,1.22,100,0
BFRG.US,5,20250825,204500,1.2266,1.23,1.2266,1.23,3520,0
BFRG.US,5,20250825,205000,1.23,1.23,1.23,1.23,880,0
BFRG.US,5,20250825,205500,1.22,1.22,1.22,1.22,200,0
BFRG.US,5,20250825,210500,1.22,1.22,1.22,1.22,150,0
BFRG.US,5,20250825,211000,1.23,1.23,1.23,1.23,100,0
BFRG.US,5,20250825,211500,1.2399,1.24,1.2399,1.24,5900,0
BFRG.US,5,20250825,212000,1.2385,1.2385,1.2385,1.2385,100,0
BFRG.US,5,20250825,213000,1.2284,1.2284,1.2284,1.2284,100,0
BFRG.US,5,20250825,213500,1.23,1.23,1.22,1.22,6960,0
BFRG.US,5,20250825,214500,1.22,1.23,1.21,1.23,6330,0
BFRG.US,5,20250825,215000,1.23,1.23,1.22,1.22,1539,0
BFRG.US,5,20250825,215500,1.225,1.23,1.22,1.23,919,0
BFRG.US,5,20250826,153000,1.24,1.25,1.24,1.24,3916,0
BFRG.US,5,20250826,153500,1.25,1.25,1.25,1.25,100,0
BFRG.US,5,20250826,154000,1.2301,1.2405,1.2301,1.2405,2625,0
BFRG.US,5,20250826,154500,1.26,1.26,1.26,1.26,100,0
BFRG.US,5,20250826,155000,1.25,1.25,1.25,1.25,348,0
BFRG.US,5,20250826,155500,1.24,1.24,1.23,1.24,3043,0
BFRG.US,5,20250826,160500,1.2471,1.2471,1.23,1.2424,6100,0
BFRG.US,5,20250826,161500,1.26,1.26,1.255,1.255,11565,0
BFRG.US,5,20250826,162500,1.26,1.26,1.24,1.24,1211,0
BFRG.US,5,20250826,163000,1.245,1.245,1.245,1.245,100,0
BFRG.US,5,20250826,165500,1.245,1.245,1.245,1.245,200,0
BFRG.US,5,20250826,170000,1.245,1.245,1.245,1.245,300,0
BFRG.US,5,20250826,170500,1.2453,1.2453,1.2453,1.2453,3000,0
BFRG.US,5,20250826,171000,1.24,1.24,1.24,1.24,2600,0
BFRG.US,5,20250826,172500,1.24,1.2498,1.24,1.2498,2042,0
BFRG.US,5,20250826,173500,1.25,1.25,1.25,1.25,400,0
BFRG.US,5,20250826,175000,1.24,1.25,1.236,1.236,400,0
BFRG.US,5,20250826,180000,1.25,1.25,1.25,1.25,100,0
BFRG.US,5,20250826,180500,1.23,1.23,1.23,1.23,100,0
BFRG.US,5,20250826,181500,1.25,1.25,1.2498,1.25,1500,0
BFRG.US,5,20250826,183500,1.23,1.24,1.23,1.24,507,0
BFRG.US,5,20250826,184000,1.2408,1.25,1.2408,1.2491,600,0
BFRG.US,5,20250826,185000,1.245,1.245,1.245,1.245,100,0
BFRG.US,5,20250826,191500,1.2306,1.2306,1.2306,1.2306,500,0
BFRG.US,5,20250826,193500,1.24,1.24,1.24,1.24,500,0
BFRG.US,5,20250826,194000,1.23,1.23,1.22,1.23,927,0
BFRG.US,5,20250826,195000,1.2398,1.2398,1.2398,1.2398,100,0
BFRG.US,5,20250826,200000,1.22,1.23,1.22,1.23,700,0
BFRG.US,5,20250826,201000,1.2288,1.2288,1.2288,1.2288,100,0
BFRG.US,5,20250826,201500,1.21,1.22,1.21,1.22,480,0
BFRG.US,5,20250826,202000,1.23,1.23,1.2186,1.2186,580,0
BFRG.US,5,20250826,204000,1.22,1.22,1.22,1.22,100,0
BFRG.US,5,20250826,212000,1.23,1.23,1.23,1.23,500,0
BFRG.US,5,20250826,213500,1.225,1.25,1.225,1.25,900,0
BFRG.US,5,20250826,215000,1.245,1.245,1.24,1.24,487,0
BFRG.US,5,20250826,215500,1.25,1.25,1.245,1.25,3396,0
BFRG.US,5,20250827,153000,1.26,1.26,1.24,1.24,1416,0
BFRG.US,5,20250827,154500,1.25,1.25,1.245,1.245,1400,0
BFRG.US,5,20250827,155000,1.25,1.25,1.25,1.25,1000,0
BFRG.US,5,20250827,155500,1.25,1.25,1.25,1.25,100,0
BFRG.US,5,20250827,161500,1.25,1.25,1.25,1.25,403,0
BFRG.US,5,20250827,162500,1.2421,1.2421,1.2421,1.2421,1000,0
BFRG.US,5,20250827,163000,1.2496,1.2496,1.2496,1.2496,400,0
BFRG.US,5,20250827,164500,1.26,1.26,1.25,1.25,1204,0
BFRG.US,5,20250827,170500,1.2407,1.2407,1.2407,1.2407,1200,0
BFRG.US,5,20250827,172500,1.26,1.26,1.25,1.25,600,0
BFRG.US,5,20250827,173500,1.2447,1.2447,1.2447,1.2447,999,0
BFRG.US,5,20250827,175000,1.2508,1.26,1.2492,1.2492,1500,0
BFRG.US,5,20250827,175500,1.25,1.25,1.2499,1.2499,1801,0
BFRG.US,5,20250827,180000,1.25,1.26,1.2498,1.2592,10170,0
BFRG.US,5,20250827,182500,1.25,1.2595,1.25,1.2595,2964,0
BFRG.US,5,20250827,184000,1.2501,1.2501,1.25,1.25,5904,0
BFRG.US,5,20250827,185000,1.26,1.26,1.255,1.255,2479,0
BFRG.US,5,20250827,185500,1.2508,1.2508,1.2508,1.2508,125,0
BFRG.US,5,20250827,190000,1.26,1.26,1.26,1.26,2183,0
BFRG.US,5,20250827,190500,1.2554,1.2554,1.2554,1.2554,2000,0
BFRG.US,5,20250827,191000,1.2599,1.26,1.2599,1.26,262,0
BFRG.US,5,20250827,192000,1.25,1.26,1.25,1.26,1783,0
BFRG.US,5,20250827,192500,1.26,1.27,1.26,1.265,7125,0
BFRG.US,5,20250827,193000,1.265,1.265,1.265,1.265,100,0
BFRG.US,5,20250827,193500,1.268,1.275,1.26,1.275,3985,0
BFRG.US,5,20250827,194000,1.27,1.27,1.27,1.27,100,0
BFRG.US,5,20250827,194500,1.27,1.27,1.2601,1.2601,350,0
BFRG.US,5,20250827,200000,1.27,1.27,1.27,1.27,100,0
BFRG.US,5,20250827,201000,1.26,1.26,1.26,1.26,500,0
BFRG.US,5,20250827,205500,1.2601,1.2601,1.2601,1.2601,3000,0
BFRG.US,5,20250827,211000,1.26,1.26,1.255,1.26,450,0
BFRG.US,5,20250827,214000,1.2676,1.2676,1.2676,1.2676,143,0
BFRG.US,5,20250827,215000,1.265,1.28,1.265,1.28,500,0
BFRG.US,5,20250827,215500,1.2708,1.2708,1.26,1.26,2694,0
BFRG.US,5,20250828,153000,1.28,1.28,1.27,1.27,805,0
BFRG.US,5,20250828,153500,1.2519,1.2519,1.2519,1.2519,100,0
BFRG.US,5,20250828,160500,1.26,1.26,1.26,1.26,100,0
BFRG.US,5,20250828,161500,1.2716,1.2716,1.2716,1.2716,100,0
BFRG.US,5,20250828,162500,1.26,1.26,1.26,1.26,100,0
BFRG.US,5,20250828,164000,1.27,1.27,1.27,1.27,100,0
BFRG.US,5,20250828,165000,1.26,1.26,1.26,1.26,100,0
BFRG.US,5,20250828,171500,1.2501,1.2501,1.2501,1.2501,1000,0
BFRG.US,5,20250828,174000,1.26,1.265,1.26,1.265,1100,0
BFRG.US,5,20250828,174500,1.25,1.25,1.25,1.25,750,0
BFRG.US,5,20250828,175000,1.26,1.26,1.25,1.26,459,0
BFRG.US,5,20250828,181500,1.27,1.27,1.26,1.26,2100,0
BFRG.US,5,20250828,182500,1.25,1.25,1.25,1.25,100,0
BFRG.US,5,20250828,184500,1.26,1.26,1.254,1.255,400,0
BFRG.US,5,20250828,185000,1.2599,1.2599,1.2599,1.2599,100,0
BFRG.US,5,20250828,185500,1.255,1.255,1.2535,1.2535,1100,0
BFRG.US,5,20250828,190500,1.255,1.26,1.255,1.2599,300,0
BFRG.US,5,20250828,192000,1.255,1.255,1.255,1.255,100,0
BFRG.US,5,20250828,193000,1.25,1.255,1.25,1.25,500,0
BFRG.US,5,20250828,194000,1.2599,1.2599,1.255,1.255,1400,0
BFRG.US,5,20250828,195000,1.255,1.2587,1.255,1.2587,240,0
BFRG.US,5,20250828,200000,1.255,1.255,1.25,1.25,200,0
BFRG.US,5,20250828,201000,1.26,1.26,1.26,1.26,1000,0
BFRG.US,5,20250828,201500,1.25,1.255,1.24,1.24,6378,0
BFRG.US,5,20250828,202000,1.2401,1.2402,1.24,1.24,14926,0
BFRG.US,5,20250828,202500,1.23,1.235,1.23,1.235,900,0
BFRG.US,5,20250828,203000,1.23,1.23,1.23,1.23,100,0
BFRG.US,5,20250828,204000,1.2399,1.2399,1.23,1.23,1902,0
BFRG.US,5,20250828,205000,1.24,1.25,1.24,1.25,2100,0
BFRG.US,5,20250828,210000,1.2456,1.2456,1.2381,1.2381,660,0
BFRG.US,5,20250828,210500,1.24,1.25,1.2302,1.2302,1130,0
BFRG.US,5,20250828,211000,1.23,1.24,1.23,1.24,353,0
BFRG.US,5,20250828,212000,1.23,1.23,1.23,1.23,431,0
BFRG.US,5,20250828,213500,1.235,1.235,1.23,1.23,635,0
BFRG.US,5,20250828,214000,1.2216,1.2216,1.2216,1.2216,100,0
BFRG.US,5,20250828,214500,1.22,1.24,1.21,1.2172,3827,0
BFRG.US,5,20250828,215500,1.235,1.235,1.21,1.23,787,0
BFRG.US,5,20250829,153000,1.25,1.25,1.25,1.25,2090,0
BFRG.US,5,20250829,155000,1.22,1.22,1.22,1.22,3000,0
BFRG.US,5,20250829,160000,1.205,1.205,1.205,1.205,150,0
BFRG.US,5,20250829,161000,1.2,1.2,1.195,1.195,1700,0
BFRG.US,5,20250829,161500,1.195,1.195,1.195,1.195,1250,0
BFRG.US,5,20250829,162000,1.1801,1.195,1.1801,1.195,600,0
BFRG.US,5,20250829,162500,1.2,1.2,1.1984,1.2,400,0
BFRG.US,5,20250829,163000,1.2,1.23,1.2,1.23,2500,0
BFRG.US,5,20250829,165000,1.1928,1.1928,1.1928,1.1928,4000,0
BFRG.US,5,20250829,170500,1.195,1.195,1.1801,1.1801,300,0
BFRG.US,5,20250829,171500,1.21,1.21,1.21,1.21,100,0
BFRG.US,5,20250829,173500,1.204,1.204,1.192,1.2,8600,0
BFRG.US,5,20250829,174000,1.1955,1.1955,1.1955,1.1955,3440,0
BFRG.US,5,20250829,174500,1.2,1.2,1.2,1.2,300,0
BFRG.US,5,20250829,180500,1.2078,1.2078,1.2078,1.2078,100,0
BFRG.US,5,20250829,182000,1.21,1.21,1.21,1.21,100,0
BFRG.US,5,20250829,183000,1.2054,1.21,1.2,1.2,914,0
BFRG.US,5,20250829,183500,1.2099,1.2099,1.2099,1.2099,900,0
BFRG.US,5,20250829,184000,1.209,1.209,1.209,1.209,200,0
BFRG.US,5,20250829,184500,1.2,1.2,1.2,1.2,100,0
BFRG.US,5,20250829,185000,1.2003,1.2003,1.2003,1.2003,300,0
BFRG.US,5,20250829,185500,1.2,1.2,1.2,1.2,200,0
BFRG.US,5,20250829,190000,1.2,1.2001,1.2,1.2,860,0
BFRG.US,5,20250829,191500,1.2,1.2,1.195,1.2,2109,0
BFRG.US,5,20250829,194000,1.2,1.21,1.2,1.2,1959,0
BFRG.US,5,20250829,195500,1.2057,1.2097,1.2,1.2097,1100,0
BFRG.US,5,20250829,200000,1.2,1.21,1.1901,1.205,2466,0
BFRG.US,5,20250829,201000,1.21,1.21,1.19,1.191,5240,0
BFRG.US,5,20250829,201500,1.2,1.21,1.2,1.21,400,0
BFRG.US,5,20250829,202000,1.1901,1.1901,1.1901,1.1901,1000,0
BFRG.US,5,20250829,202500,1.1902,1.21,1.1902,1.21,7000,0
BFRG.US,5,20250829,203000,1.2,1.2,1.2,1.2,240,0
BFRG.US,5,20250829,204000,1.2,1.2,1.2,1.2,2000,0
BFRG.US,5,20250829,204500,1.2,1.2,1.2,1.2,500,0
BFRG.US,5,20250829,205500,1.19,1.2,1.18,1.2,952,0
BFRG.US,5,20250829,211000,1.19,1.19,1.19,1.19,100,0
BFRG.US,5,20250829,211500,1.1936,1.1936,1.1936,1.1936,100,0
BFRG.US,5,20250829,212000,1.19,1.19,1.19,1.19,250,0
BFRG.US,5,20250829,213000,1.2,1.2,1.19,1.19,704,0
BFRG.US,5,20250829,214000,1.18,1.19,1.18,1.19,616,0
BFRG.US,5,20250829,214500,1.1899,1.19,1.1899,1.19,1600,0
BFRG.US,5,20250829,215000,1.195,1.21,1.19,1.195,2620,0
BFRG.US,5,20250829,215500,1.21,1.21,1.205,1.21,736,0
BFRG.US,5,20250902,153000,1.22,1.223,1.21,1.21,1648,0
BFRG.US,5,20250902,154000,1.205,1.205,1.205,1.205,1000,0
BFRG.US,5,20250902,154500,1.2169,1.2169,1.2153,1.2153,349,0
BFRG.US,5,20250902,155000,1.205,1.205,1.2,1.2,480,0
BFRG.US,5,20250902,160000,1.2298,1.2298,1.2298,1.2298,974,0
BFRG.US,5,20250902,162000,1.21,1.21,1.21,1.21,200,0
BFRG.US,5,20250902,162500,1.21,1.21,1.21,1.21,161,0
BFRG.US,5,20250902,163000,1.201,1.201,1.2002,1.2002,1100,0
BFRG.US,5,20250902,163500,1.21,1.2112,1.21,1.2112,550,0
BFRG.US,5,20250902,164000,1.21,1.21,1.21,1.21,200,0
BFRG.US,5,20250902,165500,1.2174,1.2174,1.2174,1.2174,815,0
BFRG.US,5,20250902,170000,1.21,1.21,1.21,1.21,140,0
BFRG.US,5,20250902,172000,1.2003,1.2003,1.2003,1.2003,100,0
BFRG.US,5,20250902,172500,1.21,1.21,1.21,1.21,100,0
BFRG.US,5,20250902,173000,1.2012,1.2012,1.2012,1.2012,420,0
BFRG.US,5,20250902,174500,1.2109,1.2109,1.2109,1.2109,100,0
BFRG.US,5,20250902,175000,1.2102,1.2102,1.2102,1.2102,825,0
BFRG.US,5,20250902,175500,1.2,1.2,1.2,1.2,1000,0
BFRG.US,5,20250902,181500,1.22,1.22,1.22,1.22,500,0
BFRG.US,5,20250902,183000,1.2015,1.21,1.2015,1.21,269,0
BFRG.US,5,20250902,185500,1.2179,1.2179,1.21,1.21,700,0
BFRG.US,5,20250902,190000,1.2128,1.2128,1.2128,1.2128,135,0
BFRG.US,5,20250902,191000,1.21,1.2184,1.21,1.2184,790,0
BFRG.US,5,20250902,192000,1.21,1.21,1.21,1.21,100,0
BFRG.US,5,20250902,193000,1.21,1.21,1.21,1.21,1100,0
BFRG.US,5,20250902,195500,1.21,1.21,1.21,1.21,100,0
BFRG.US,5,20250902,200000,1.21,1.21,1.21,1.21,1300,0
BFRG.US,5,20250902,201000,1.2185,1.2185,1.2185,1.2185,1000,0
BFRG.US,5,20250902,202500,1.2,1.2,1.2,1.2,500,0
BFRG.US,5,20250902,204000,1.2,1.2,1.2,1.2,1540,0
BFRG.US,5,20250902,205000,1.2072,1.2072,1.2072,1.2072,1280,0
BFRG.US,5,20250902,210500,1.21,1.21,1.21,1.21,300,0
BFRG.US,5,20250902,211000,1.21,1.21,1.21,1.21,100,0
BFRG.US,5,20250902,215500,1.22,1.22,1.22,1.22,211,0
BFRG.US,5,20250903,153000,1.22,1.22,1.22,1.22,108,0
BFRG.US,5,20250903,153500,1.225,1.225,1.225,1.225,200,0
BFRG.US,5,20250903,155000,1.225,1.225,1.2101,1.2101,2070,0
BFRG.US,5,20250903,160000,1.22,1.22,1.2112,1.2112,1893,0
BFRG.US,5,20250903,162500,1.2108,1.2108,1.2108,1.2108,100,0
BFRG.US,5,20250903,164500,1.22,1.22,1.22,1.22,331,0
BFRG.US,5,20250903,171000,1.2142,1.2142,1.2142,1.2142,100,0
BFRG.US,5,20250903,172000,1.22,1.22,1.22,1.22,100,0
BFRG.US,5,20250903,174000,1.22,1.22,1.22,1.22,200,0
BFRG.US,5,20250903,174500,1.2101,1.2101,1.2101,1.2101,154,0
BFRG.US,5,20250903,175000,1.2153,1.2153,1.2153,1.2153,2500,0
BFRG.US,5,20250903,184000,1.21,1.21,1.21,1.21,200,0
BFRG.US,5,20250903,184500,1.22,1.22,1.21,1.21,488,0
BFRG.US,5,20250903,193000,1.21,1.21,1.21,1.21,100,0
BFRG.US,5,20250903,195000,1.2031,1.2031,1.2,1.2,535,0
BFRG.US,5,20250903,195500,1.2,1.2,1.2,1.2,100,0
BFRG.US,5,20250903,200000,1.2,1.2,1.1901,1.1994,1193,0
BFRG.US,5,20250903,200500,1.195,1.1999,1.195,1.1999,200,0
BFRG.US,5,20250903,201500,1.2095,1.2095,1.2095,1.2095,100,0
BFRG.US,5,20250903,203000,1.2,1.2,1.2,1.2,100,0
BFRG.US,5,20250903,203500,1.2015,1.2015,1.2015,1.2015,2000,0
BFRG.US,5,20250903,204500,1.19,1.2016,1.19,1.2016,1300,0
BFRG.US,5,20250903,211000,1.197,1.2037,1.197,1.2037,300,0
BFRG.US,5,20250903,211500,1.19,1.1994,1.19,1.1994,2600,0
BFRG.US,5,20250903,213000,1.1904,1.1904,1.1904,1.1904,570,0
BFRG.US,5,20250903,213500,1.21,1.21,1.2,1.2,360,0
BFRG.US,5,20250903,214500,1.195,1.195,1.195,1.195,1550,0
BFRG.US,5,20250903,215500,1.2,1.2,1.2,1.2,1200,0
BFRG.US,5,20250904,153000,1.22,1.22,1.22,1.22,662,0
BFRG.US,5,20250904,154000,1.2,1.2,1.2,1.2,250,0
BFRG.US,5,20250904,155000,1.1832,1.1832,1.1832,1.1832,500,0
BFRG.US,5,20250904,155500,1.18,1.187,1.18,1.187,900,0
BFRG.US,5,20250904,160500,1.1962,1.1962,1.18,1.18,2200,0
BFRG.US,5,20250904,161000,1.18,1.18,1.16,1.17,2930,0
BFRG.US,5,20250904,161500,1.18,1.18,1.18,1.18,2000,0
BFRG.US,5,20250904,162500,1.2092,1.2092,1.17,1.17,600,0
BFRG.US,5,20250904,163000,1.19,1.19,1.19,1.19,1000,0
BFRG.US,5,20250904,164000,1.19,1.19,1.19,1.19,1100,0
BFRG.US,5,20250904,165000,1.19,1.19,1.19,1.19,895,0
BFRG.US,5,20250904,170000,1.17,1.17,1.17,1.17,900,0
BFRG.US,5,20250904,170500,1.16,1.175,1.16,1.175,2100,0
BFRG.US,5,20250904,171000,1.175,1.175,1.175,1.175,1000,0
BFRG.US,5,20250904,171500,1.1787,1.1787,1.1787,1.1787,851,0
BFRG.US,5,20250904,172000,1.17,1.17,1.17,1.17,100,0
BFRG.US,5,20250904,174000,1.175,1.175,1.17,1.17,1350,0
BFRG.US,5,20250904,181000,1.171382,1.171382,1.171382,1.171382,120,0
BFRG.US,5,20250904,182000,1.175,1.175,1.175,1.175,100,0
BFRG.US,5,20250904,183000,1.17,1.17,1.17,1.17,820,0
BFRG.US,5,20250904,183500,1.174,1.174,1.174,1.174,100,0
BFRG.US,5,20250904,191000,1.17,1.17,1.16,1.17,2381,0
BFRG.US,5,20250904,192500,1.165,1.165,1.165,1.165,100,0
BFRG.US,5,20250904,193000,1.17,1.17,1.16,1.16,10000,0
BFRG.US,5,20250904,193500,1.18,1.18,1.18,1.18,2500,0
BFRG.US,5,20250904,194000,1.16,1.16,1.16,1.16,140,0
BFRG.US,5,20250904,194500,1.16,1.16,1.16,1.16,100,0
BFRG.US,5,20250904,195000,1.161,1.161,1.161,1.161,582,0
BFRG.US,5,20250904,195500,1.17,1.17,1.17,1.17,2600,0
BFRG.US,5,20250904,200000,1.165,1.165,1.165,1.165,1800,0
BFRG.US,5,20250904,202000,1.16,1.16,1.16,1.16,100,0
BFRG.US,5,20250904,203500,1.17,1.17,1.17,1.17,200,0
BFRG.US,5,20250904,205000,1.1693,1.1693,1.1693,1.1693,100,0
BFRG.US,5,20250904,205500,1.1698,1.1698,1.16,1.16,200,0
BFRG.US,5,20250904,210000,1.1613,1.1613,1.1613,1.1613,100,0
BFRG.US,5,20250904,211000,1.165,1.165,1.155,1.155,5858,0
BFRG.US,5,20250904,211500,1.1552,1.1552,1.155,1.155,5209,0
BFRG.US,5,20250904,212500,1.155,1.155,1.155,1.155,100,0
BFRG.US,5,20250904,214000,1.155,1.16,1.155,1.1593,573,0
BFRG.US,5,20250904,214500,1.16,1.1693,1.1563,1.1693,2448,0
BFRG.US,5,20250904,215000,1.165,1.165,1.165,1.165,520,0
BFRG.US,5,20250904,215500,1.1658,1.17,1.16,1.17,1448,0
BFRG.US,5,20250905,153000,1.15,1.16,1.15,1.16,2451,0
BFRG.US,5,20250905,154000,1.16,1.1607,1.16,1.1607,1080,0
BFRG.US,5,20250905,155500,1.1584,1.1584,1.15,1.15,2825,0
BFRG.US,5,20250905,160000,1.1515,1.1515,1.1515,1.1515,160,0
BFRG.US,5,20250905,160500,1.16,1.16,1.16,1.16,127,0
BFRG.US,5,20250905,161500,1.15,1.15,1.12,1.12,11841,0
BFRG.US,5,20250905,162000,1.11,1.11,1.1068,1.11,19765,0
BFRG.US,5,20250905,162500,1.11,1.11,1.1001,1.1001,5565,0
BFRG.US,5,20250905,163000,1.1,1.11,1.1,1.1,7115,0
BFRG.US,5,20250905,163500,1.0935,1.095,1.09,1.0901,5339,0
BFRG.US,5,20250905,164000,1.095,1.0999,1.0909,1.0999,4800,0
BFRG.US,5,20250905,164500,1.095,1.095,1.095,1.095,200,0
BFRG.US,5,20250905,165000,1.095,1.1,1.095,1.1,2229,0
BFRG.US,5,20250905,165500,1.1005,1.1005,1.1005,1.1005,500,0
BFRG.US,5,20250905,170000,1.115,1.115,1.1138,1.1138,250,0
BFRG.US,5,20250905,170500,1.1005,1.1005,1.1001,1.1001,1540,0
BFRG.US,5,20250905,171000,1.1,1.1046,1.1,1.1046,307,0
BFRG.US,5,20250905,172000,1.11,1.11,1.11,1.11,400,0
BFRG.US,5,20250905,172500,1.11,1.13,1.11,1.13,1700,0
BFRG.US,5,20250905,173000,1.1131,1.1131,1.1131,1.1131,500,0
BFRG.US,5,20250905,174000,1.14,1.14,1.13,1.13,519,0
BFRG.US,5,20250905,180500,1.15,1.15,1.13,1.14,2753,0
BFRG.US,5,20250905,183000,1.1399,1.1399,1.1399,1.1399,100,0
BFRG.US,5,20250905,183500,1.1296,1.1296,1.1296,1.1296,176,0
BFRG.US,5,20250905,184000,1.13,1.13,1.13,1.13,100,0
BFRG.US,5,20250905,184500,1.1493,1.1493,1.1493,1.1493,1000,0
BFRG.US,5,20250905,185000,1.135,1.135,1.1202,1.1202,4730,0
BFRG.US,5,20250905,185500,1.15,1.15,1.15,1.15,100,0
BFRG.US,5,20250905,192000,1.14,1.14,1.14,1.14,1320,0
BFRG.US,5,20250905,192500,1.15,1.15,1.15,1.15,568,0
BFRG.US,5,20250905,194000,1.14,1.14,1.14,1.14,3175,0
BFRG.US,5,20250905,200000,1.14,1.14,1.14,1.14,400,0
BFRG.US,5,20250905,202000,1.14,1.14,1.14,1.14,100,0
BFRG.US,5,20250905,202500,1.13,1.1301,1.13,1.1301,7820,0
BFRG.US,5,20250905,203000,1.1395,1.1395,1.1395,1.1395,380,0
BFRG.US,5,20250905,205000,1.14,1.14,1.14,1.14,200,0
BFRG.US,5,20250905,211000,1.15,1.15,1.15,1.15,100,0
BFRG.US,5,20250905,211500,1.1301,1.1301,1.1301,1.1301,1000,0
BFRG.US,5,20250905,213000,1.15,1.15,1.15,1.15,100,0
BFRG.US,5,20250905,214500,1.15,1.15,1.15,1.15,100,0
BFRG.US,5,20250905,215000,1.14,1.15,1.14,1.15,1400,0
BFRG.US,5,20250905,215500,1.143,1.15,1.13,1.14,4168,0
BFRG.US,5,20250908,153000,1.17,1.17,1.14,1.14,9803,0
BFRG.US,5,20250908,154000,1.155,1.155,1.155,1.155,2000,0
BFRG.US,5,20250908,154500,1.1402,1.1582,1.14,1.14,4200,0
BFRG.US,5,20250908,155000,1.1599,1.1599,1.14,1.145,4373,0
BFRG.US,5,20250908,155500,1.14,1.16,1.14,1.14,17157,0
BFRG.US,5,20250908,160000,1.14,1.14,1.14,1.14,1381,0
BFRG.US,5,20250908,161500,1.1494,1.1494,1.1494,1.1494,162,0
BFRG.US,5,20250908,162000,1.1494,1.15,1.1447,1.1447,400,0
BFRG.US,5,20250908,162500,1.1534,1.1534,1.1534,1.1534,1000,0
BFRG.US,5,20250908,163500,1.17,1.17,1.17,1.17,1000,0
BFRG.US,5,20250908,164000,1.16,1.16,1.16,1.16,100,0
BFRG.US,5,20250908,165000,1.16,1.16,1.16,1.16,100,0
BFRG.US,5,20250908,170000,1.1619,1.17,1.16,1.17,4411,0
BFRG.US,5,20250908,170500,1.17,1.175,1.17,1.17,10416,0
BFRG.US,5,20250908,171000,1.175,1.19,1.175,1.185,1182,0
BFRG.US,5,20250908,171500,1.1801,1.185,1.17,1.17,3790,0
BFRG.US,5,20250908,172000,1.1793,1.1793,1.1793,1.1793,180,0
BFRG.US,5,20250908,172500,1.1794,1.1794,1.1794,1.1794,200,0
BFRG.US,5,20250908,173000,1.175,1.175,1.17,1.17,523,0
BFRG.US,5,20250908,173500,1.17,1.18,1.17,1.179,2639,0
BFRG.US,5,20250908,174000,1.17,1.17,1.17,1.17,210,0
BFRG.US,5,20250908,174500,1.17,1.17,1.17,1.17,210,0
BFRG.US,5,20250908,175000,1.17,1.17,1.17,1.17,1000,0
BFRG.US,5,20250908,180000,1.17,1.18,1.16,1.16,4729,0
BFRG.US,5,20250908,181500,1.1693,1.1693,1.1693,1.1693,300,0
BFRG.US,5,20250908,182000,1.171,1.171,1.171,1.171,100,0
BFRG.US,5,20250908,182500,1.19,1.19,1.18,1.19,8484,0
BFRG.US,5,20250908,183500,1.1648,1.1648,1.1648,1.1648,200,0
BFRG.US,5,20250908,185000,1.1601,1.1601,1.1601,1.1601,2000,0
BFRG.US,5,20250908,190000,1.16,1.16,1.16,1.16,532,0
BFRG.US,5,20250908,191500,1.2,1.2,1.2,1.2,500,0
BFRG.US,5,20250908,192000,1.2,1.21,1.2,1.21,6945,0
BFRG.US,5,20250908,192500,1.2,1.22,1.2,1.22,2100,0
BFRG.US,5,20250908,193000,1.2032,1.2032,1.2032,1.2032,100,0
BFRG.US,5,20250908,194000,1.2061,1.2061,1.2061,1.2061,3000,0
BFRG.US,5,20250908,195000,1.21,1.21,1.2088,1.21,3141,0
BFRG.US,5,20250908,195500,1.21,1.2134,1.2,1.21,5672,0
BFRG.US,5,20250908,200000,1.21,1.21,1.21,1.21,107,0
BFRG.US,5,20250908,200500,1.21,1.21,1.21,1.21,420,0
BFRG.US,5,20250908,201000,1.2178,1.2178,1.2178,1.2178,300,0
BFRG.US,5,20250908,201500,1.2143,1.2143,1.2143,1.2143,200,0
BFRG.US,5,20250908,202000,1.21,1.21,1.21,1.21,100,0
BFRG.US,5,20250908,203000,1.21,1.22,1.21,1.22,1724,0
BFRG.US,5,20250908,203500,1.21,1.21,1.205,1.21,1382,0
BFRG.US,5,20250908,205000,1.21,1.21,1.21,1.21,100,0
BFRG.US,5,20250908,205500,1.22,1.22,1.22,1.22,5000,0
BFRG.US,5,20250908,210500,1.22,1.22,1.2001,1.21,3572,0
BFRG.US,5,20250908,211500,1.21,1.23,1.21,1.23,7235,0
BFRG.US,5,20250908,212000,1.2293,1.2293,1.2293,1.2293,100,0
BFRG.US,5,20250908,212500,1.23,1.26,1.23,1.23,5873,0
BFRG.US,5,20250908,213000,1.23,1.25,1.23,1.25,600,0
BFRG.US,5,20250908,213500,1.25,1.29,1.245,1.29,18109,0
BFRG.US,5,20250908,214000,1.3,1.36,1.2716,1.3464,62485,0
BFRG.US,5,20250908,214500,1.3329,1.34,1.305,1.34,10340,0
BFRG.US,5,20250908,215000,1.3592,1.3592,1.3101,1.3101,4672,0
BFRG.US,5,20250908,215500,1.3237,1.35,1.32,1.35,11584,0
BFRG.US,5,20250909,153000,1.36,1.36,1.33,1.33,5426,0
BFRG.US,5,20250909,153500,1.33,1.33,1.33,1.33,1100,0
BFRG.US,5,20250909,154000,1.33,1.335,1.32,1.3337,3200,0
BFRG.US,5,20250909,154500,1.335,1.335,1.33,1.33,840,0
BFRG.US,5,20250909,160000,1.32,1.32,1.3152,1.3152,4787,0
BFRG.US,5,20250909,160500,1.32,1.32,1.32,1.32,250,0
BFRG.US,5,20250909,161000,1.32,1.33,1.318,1.33,2299,0
BFRG.US,5,20250909,161500,1.3114,1.3114,1.3114,1.3114,300,0
BFRG.US,5,20250909,162500,1.3144,1.3144,1.3144,1.3144,500,0
BFRG.US,5,20250909,163500,1.315,1.315,1.315,1.315,650,0
BFRG.US,5,20250909,164000,1.315,1.315,1.3143,1.3143,2775,0
BFRG.US,5,20250909,164500,1.3109,1.3109,1.3109,1.3109,100,0
BFRG.US,5,20250909,165000,1.31,1.31,1.3,1.3,1500,0
BFRG.US,5,20250909,165500,1.3195,1.3195,1.3195,1.3195,185,0
BFRG.US,5,20250909,170500,1.3189,1.32,1.31,1.32,1143,0
BFRG.US,5,20250909,171000,1.3138,1.3138,1.3066,1.3066,550,0
BFRG.US,5,20250909,171500,1.32,1.32,1.32,1.32,2300,0
BFRG.US,5,20250909,174000,1.32,1.32,1.32,1.32,200,0
BFRG.US,5,20250909,174500,1.32,1.32,1.32,1.32,300,0
BFRG.US,5,20250909,175500,1.32,1.32,1.32,1.32,215,0
BFRG.US,5,20250909,180500,1.3214,1.3214,1.3214,1.3214,1700,0
BFRG.US,5,20250909,181500,1.32,1.32,1.32,1.32,200,0
BFRG.US,5,20250909,182000,1.3161,1.3161,1.3161,1.3161,200,0
BFRG.US,5,20250909,184500,1.32,1.32,1.32,1.32,110,0
BFRG.US,5,20250909,185000,1.32,1.32,1.32,1.32,1821,0
BFRG.US,5,20250909,190500,1.32,1.32,1.32,1.32,546,0
BFRG.US,5,20250909,191000,1.32,1.32,1.32,1.32,100,0
BFRG.US,5,20250909,192500,1.3101,1.3101,1.3101,1.3101,500,0
BFRG.US,5,20250909,193000,1.31,1.31,1.31,1.31,100,0
BFRG.US,5,20250909,193500,1.3019,1.32,1.3019,1.32,774,0
BFRG.US,5,20250909,194000,1.31,1.31,1.305,1.305,2600,0
BFRG.US,5,20250909,195000,1.3,1.31,1.3,1.31,200,0
BFRG.US,5,20250909,200000,1.3014,1.3093,1.3014,1.3093,200,0
BFRG.US,5,20250909,201000,1.3023,1.3023,1.3023,1.3023,760,0
BFRG.US,5,20250909,201500,1.305,1.305,1.305,1.305,100,0
BFRG.US,5,20250909,202500,1.3054,1.3054,1.3054,1.3054,100,0
BFRG.US,5,20250909,204000,1.305,1.305,1.3,1.3,5313,0
BFRG.US,5,20250909,204500,1.3,1.3,1.3,1.3,220,0
BFRG.US,5,20250909,205000,1.2905,1.2905,1.2869,1.2869,800,0
BFRG.US,5,20250909,205500,1.2998,1.2998,1.2998,1.2998,200,0
BFRG.US,5,20250909,210500,1.29,1.29,1.29,1.29,822,0
BFRG.US,5,20250909,211500,1.31,1.31,1.29,1.29,2062,0
BFRG.US,5,20250909,212000,1.29,1.29,1.29,1.29,100,0
BFRG.US,5,20250909,212500,1.2999,1.2999,1.29,1.295,1342,0
BFRG.US,5,20250909,214000,1.2901,1.2901,1.2901,1.2901,138,0
BFRG.US,5,20250909,214500,1.28,1.28,1.28,1.28,251,0
BFRG.US,5,20250909,215000,1.28,1.29,1.28,1.2806,1376,0
BFRG.US,5,20250909,215500,1.29,1.29,1.29,1.29,549,0
BFRG.US,5,20250910,153000,1.27,1.27,1.26,1.2697,6799,0
BFRG.US,5,20250910,153500,1.265,1.265,1.265,1.265,500,0
BFRG.US,5,20250910,154500,1.26,1.265,1.26,1.26,976,0
BFRG.US,5,20250910,160000,1.26,1.26,1.26,1.26,3952,0
BFRG.US,5,20250910,160500,1.2686,1.2688,1.2686,1.2688,2100,0
BFRG.US,5,20250910,161000,1.26,1.26,1.22,1.23,24164,0
BFRG.US,5,20250910,161500,1.2551,1.26,1.2551,1.26,6300,0
BFRG.US,5,20250910,162000,1.265,1.265,1.265,1.265,153,0
BFRG.US,5,20250910,162500,1.2635,1.2635,1.2635,1.2635,900,0
BFRG.US,5,20250910,164000,1.2608,1.2608,1.2608,1.2608,505,0
BFRG.US,5,20250910,164500,1.27,1.27,1.265,1.27,1202,0
BFRG.US,5,20250910,165000,1.265,1.265,1.265,1.265,150,0
BFRG.US,5,20250910,170000,1.27,1.27,1.2601,1.2699,3632,0
BFRG.US,5,20250910,170500,1.27,1.27,1.27,1.27,1118,0
BFRG.US,5,20250910,173500,1.2603,1.2603,1.2603,1.2603,128,0
BFRG.US,5,20250910,175000,1.2665,1.2665,1.2665,1.2665,500,0
BFRG.US,5,20250910,180000,1.2648,1.2648,1.2648,1.2648,100,0
BFRG.US,5,20250910,180500,1.2609,1.2609,1.2609,1.2609,1000,0
BFRG.US,5,20250910,181500,1.27,1.28,1.265,1.28,4923,0
BFRG.US,5,20250910,182500,1.271,1.271,1.271,1.271,1000,0
BFRG.US,5,20250910,183000,1.2798,1.2798,1.2798,1.2798,100,0
BFRG.US,5,20250910,185500,1.275,1.2791,1.275,1.2791,200,0
BFRG.US,5,20250910,190000,1.2789,1.2789,1.2789,1.2789,312,0
BFRG.US,5,20250910,192000,1.27,1.2722,1.27,1.2722,234,0
BFRG.US,5,20250910,193000,1.271,1.271,1.271,1.271,800,0
BFRG.US,5,20250910,194000,1.2707,1.275,1.2707,1.275,5593,0
BFRG.US,5,20250910,194500,1.28,1.28,1.271,1.271,2500,0
BFRG.US,5,20250910,200500,1.2742,1.275,1.2742,1.275,499,0
BFRG.US,5,20250910,201500,1.279,1.279,1.255,1.2599,27269,0
BFRG.US,5,20250910,203000,1.251,1.2551,1.251,1.2551,2725,0
BFRG.US,5,20250910,205000,1.255,1.255,1.255,1.255,100,0
BFRG.US,5,20250910,205500,1.255,1.26,1.255,1.26,1485,0
BFRG.US,5,20250910,210000,1.261,1.261,1.261,1.261,348,0
BFRG.US,5,20250910,210500,1.2663,1.2663,1.2663,1.2663,200,0
BFRG.US,5,20250910,213500,1.2535,1.2535,1.25,1.25,1070,0
BFRG.US,5,20250910,214000,1.26,1.26,1.26,1.26,100,0
BFRG.US,5,20250910,214500,1.251,1.251,1.251,1.251,500,0
BFRG.US,5,20250910,215000,1.25,1.25,1.25,1.25,424,0
BFRG.US,5,20250910,215500,1.255,1.26,1.255,1.26,3470,0
BFRG.US,5,20250911,153000,1.25,1.25,1.25,1.25,124,0
BFRG.US,5,20250911,153500,1.235,1.26,1.235,1.26,5475,0
BFRG.US,5,20250911,154000,1.275,1.2835,1.275,1.2835,600,0
BFRG.US,5,20250911,154500,1.2558,1.2788,1.251,1.251,804,0
BFRG.US,5,20250911,155000,1.2733,1.2887,1.2733,1.28,3000,0
BFRG.US,5,20250911,155500,1.29,1.3,1.2782,1.2782,22773,0
BFRG.US,5,20250911,160500,1.29,1.29,1.29,1.29,2000,0
BFRG.US,5,20250911,161500,1.28,1.29,1.28,1.29,200,0
BFRG.US,5,20250911,162000,1.29,1.29,1.29,1.29,579,0
BFRG.US,5,20250911,163500,1.2887,1.2887,1.2887,1.2887,100,0
BFRG.US,5,20250911,164500,1.29,1.3116,1.29,1.3049,10435,0
BFRG.US,5,20250911,165000,1.3002,1.3002,1.3001,1.3001,2000,0
BFRG.US,5,20250911,170500,1.2905,1.2905,1.2905,1.2905,1500,0
BFRG.US,5,20250911,171500,1.305,1.31,1.305,1.31,850,0
BFRG.US,5,20250911,172000,1.3058,1.3058,1.3058,1.3058,100,0
BFRG.US,5,20250911,172500,1.3,1.3,1.3,1.3,220,0
BFRG.US,5,20250911,173000,1.3,1.3054,1.3,1.3054,1291,0
BFRG.US,5,20250911,174000,1.3088,1.3088,1.3088,1.3088,100,0
BFRG.US,5,20250911,174500,1.3,1.3014,1.3,1.3014,2500,0
BFRG.US,5,20250911,175000,1.3099,1.3099,1.3099,1.3099,650,0
BFRG.US,5,20250911,175500,1.305,1.305,1.3,1.3,2500,0
BFRG.US,5,20250911,180000,1.305,1.305,1.305,1.305,100,0
BFRG.US,5,20250911,182000,1.305,1.305,1.305,1.305,100,0
BFRG.US,5,20250911,182500,1.3058,1.3058,1.3058,1.3058,500,0
BFRG.US,5,20250911,183500,1.3093,1.3093,1.3093,1.3093,2000,0
BFRG.US,5,20250911,184000,1.3003,1.3003,1.3003,1.3003,100,0
BFRG.US,5,20250911,184500,1.3,1.3002,1.3,1.3002,1099,0
BFRG.US,5,20250911,185000,1.3035,1.3035,1.3035,1.3035,150,0
BFRG.US,5,20250911,190500,1.3001,1.3001,1.3001,1.3001,480,0
BFRG.US,5,20250911,191500,1.3088,1.3088,1.3088,1.3088,100,0
BFRG.US,5,20250911,192000,1.305,1.305,1.305,1.305,100,0
BFRG.US,5,20250911,193000,1.3,1.3,1.3,1.3,100,0
BFRG.US,5,20250911,194000,1.31,1.31,1.3001,1.3001,351,0
BFRG.US,5,20250911,195500,1.305,1.31,1.305,1.305,2307,0
BFRG.US,5,20250911,200000,1.305,1.305,1.3001,1.3048,7557,0
BFRG.US,5,20250911,200500,1.305,1.305,1.305,1.305,477,0
BFRG.US,5,20250911,201500,1.3,1.3,1.3,1.3,100,0
BFRG.US,5,20250911,202000,1.3002,1.3002,1.3001,1.3001,1000,0
BFRG.US,5,20250911,203000,1.3,1.3048,1.3,1.3048,1700,0
BFRG.US,5,20250911,203500,1.305,1.305,1.305,1.305,1800,0
BFRG.US,5,20250911,204500,1.3,1.3,1.3,1.3,200,0
BFRG.US,5,20250911,205500,1.3091,1.3091,1.3091,1.3091,500,0
BFRG.US,5,20250911,210000,1.3029,1.3029,1.3029,1.3029,100,0
BFRG.US,5,20250911,211000,1.3001,1.3001,1.3001,1.3001,1450,0
BFRG.US,5,20250911,211500,1.3,1.31,1.3,1.31,300,0
BFRG.US,5,20250911,212000,1.3088,1.3088,1.3088,1.3088,100,0
BFRG.US,5,20250911,212500,1.3,1.3,1.29,1.2984,1070,0
BFRG.US,5,20250911,213000,1.305,1.31,1.305,1.3099,2490,0
BFRG.US,5,20250911,214000,1.305,1.305,1.305,1.305,100,0
BFRG.US,5,20250911,214500,1.305,1.305,1.305,1.305,100,0
BFRG.US,5,20250911,215000,1.31,1.31,1.3,1.3,1958,0
BFRG.US,5,20250911,215500,1.3051,1.3051,1.3,1.3,2377,0
BFRG.US,5,20250912,153000,1.28,1.3,1.28,1.2999,917,0
BFRG.US,5,20250912,153500,1.2995,1.2995,1.2995,1.2995,200,0
BFRG.US,5,20250912,154000,1.305,1.305,1.305,1.305,133,0
BFRG.US,5,20250912,154500,1.31,1.31,1.31,1.31,394,0
BFRG.US,5,20250912,155000,1.31,1.31,1.3027,1.31,1246,0
BFRG.US,5,20250912,155500,1.31,1.32,1.31,1.32,1712,0
BFRG.US,5,20250912,160500,1.32,1.32,1.3199,1.3199,6381,0
BFRG.US,5,20250912,161500,1.31,1.31,1.31,1.31,100,0
BFRG.US,5,20250912,162000,1.32,1.34,1.3127,1.3299,9743,0
BFRG.US,5,20250912,162500,1.3306,1.3306,1.3301,1.3301,1100,0
BFRG.US,5,20250912,163000,1.34,1.34,1.33,1.3301,6600,0
BFRG.US,5,20250912,163500,1.3302,1.3302,1.3302,1.3302,100,0
BFRG.US,5,20250912,164000,1.33,1.33,1.325,1.33,600,0
BFRG.US,5,20250912,165500,1.335,1.335,1.335,1.335,200,0
BFRG.US,5,20250912,170000,1.3332,1.335,1.3332,1.335,2950,0
BFRG.US,5,20250912,171000,1.3367,1.3367,1.3367,1.3367,1567,0
BFRG.US,5,20250912,171500,1.3345,1.339,1.33,1.339,900,0
BFRG.US,5,20250912,172000,1.3355,1.3355,1.3355,1.3355,199,0
BFRG.US,5,20250912,173000,1.3303,1.335,1.3303,1.335,200,0
BFRG.US,5,20250912,174000,1.34,1.34,1.3399,1.3399,4661,0
BFRG.US,5,20250912,174500,1.33,1.3365,1.33,1.3365,1300,0
BFRG.US,5,20250912,180000,1.33,1.33,1.33,1.33,200,0
BFRG.US,5,20250912,181500,1.33,1.33,1.33,1.33,1484,0
BFRG.US,5,20250912,182500,1.3305,1.34,1.3305,1.3345,8116,0
BFRG.US,5,20250912,183000,1.33,1.33,1.33,1.33,100,0
BFRG.US,5,20250912,183500,1.3335,1.3335,1.3335,1.3335,1318,0
BFRG.US,5,20250912,192500,1.3302,1.3302,1.3302,1.3302,296,0
BFRG.US,5,20250912,193500,1.3335,1.3335,1.3335,1.3335,3000,0
BFRG.US,5,20250912,195000,1.335,1.34,1.335,1.335,1400,0
BFRG.US,5,20250912,200500,1.3399,1.3399,1.3399,1.3399,100,0
BFRG.US,5,20250912,201000,1.33,1.33,1.33,1.33,100,0
BFRG.US,5,20250912,201500,1.33,1.33,1.32,1.32,1182,0
BFRG.US,5,20250912,203000,1.33,1.33,1.325,1.325,600,0
BFRG.US,5,20250912,203500,1.325,1.325,1.32,1.32,200,0
BFRG.US,5,20250912,204500,1.3251,1.3251,1.3251,1.3251,100,0
BFRG.US,5,20250912,205500,1.329,1.329,1.329,1.329,1000,0
BFRG.US,5,20250912,211000,1.32,1.32,1.32,1.32,300,0
BFRG.US,5,20250912,212000,1.33,1.33,1.33,1.33,240,0
BFRG.US,5,20250912,213500,1.331,1.331,1.331,1.331,800,0
BFRG.US,5,20250912,214000,1.32,1.325,1.32,1.325,1400,0
BFRG.US,5,20250912,215500,1.325,1.327,1.325,1.327,403,0
BFRG.US,5,20250915,153000,1.34,1.34,1.3196,1.33,4196,0
BFRG.US,5,20250915,153500,1.32,1.32,1.32,1.32,450,0
BFRG.US,5,20250915,154000,1.3396,1.34,1.3214,1.34,2100,0
BFRG.US,5,20250915,154500,1.3104,1.3104,1.3104,1.3104,1000,0
BFRG.US,5,20250915,155000,1.325,1.325,1.325,1.325,8000,0
BFRG.US,5,20250915,155500,1.3398,1.35,1.3398,1.34,1445,0
BFRG.US,5,20250915,160000,1.3296,1.3443,1.3296,1.3443,401,0
BFRG.US,5,20250915,161000,1.34,1.34,1.3399,1.34,1582,0
BFRG.US,5,20250915,161500,1.34,1.34,1.335,1.335,637,0
BFRG.US,5,20250915,162000,1.3399,1.3399,1.3399,1.3399,166,0
BFRG.US,5,20250915,162500,1.335,1.335,1.335,1.335,125,0
BFRG.US,5,20250915,163000,1.34,1.34,1.34,1.34,480,0
BFRG.US,5,20250915,163500,1.3302,1.3302,1.3302,1.3302,100,0
BFRG.US,5,20250915,164500,1.35,1.35,1.34,1.34,300,0
BFRG.US,5,20250915,165500,1.35,1.35,1.35,1.35,300,0
BFRG.US,5,20250915,170000,1.3503,1.3666,1.3503,1.3666,738,0
BFRG.US,5,20250915,172500,1.374709,1.374709,1.374709,1.374709,150,0
BFRG.US,5,20250915,173000,1.3594,1.3594,1.3594,1.3594,100,0
BFRG.US,5,20250915,173500,1.38,1.38,1.38,1.38,100,0
BFRG.US,5,20250915,174000,1.3628,1.38,1.36,1.38,1254,0
BFRG.US,5,20250915,174500,1.37,1.37,1.37,1.37,100,0
BFRG.US,5,20250915,175000,1.38,1.38,1.3747,1.38,2490,0
BFRG.US,5,20250915,180000,1.3547,1.3547,1.3547,1.3547,400,0
BFRG.US,5,20250915,180500,1.38,1.4,1.38,1.3886,2699,0
BFRG.US,5,20250915,181000,1.37,1.38,1.35,1.365,3801,0
BFRG.US,5,20250915,181500,1.37,1.39,1.37,1.39,1420,0
BFRG.US,5,20250915,182000,1.37,1.3701,1.35,1.35,5870,0
BFRG.US,5,20250915,183000,1.37,1.37,1.37,1.37,100,0
BFRG.US,5,20250915,183500,1.37,1.37,1.36,1.369,6900,0
BFRG.US,5,20250915,184000,1.3627,1.4,1.3576,1.37,7543,0
BFRG.US,5,20250915,185500,1.368,1.38,1.368,1.38,879,0
BFRG.US,5,20250915,190000,1.39,1.4,1.39,1.4,3580,0
BFRG.US,5,20250915,190500,1.3701,1.3701,1.3701,1.3701,3750,0
BFRG.US,5,20250915,191500,1.3785,1.3785,1.3785,1.3785,100,0
BFRG.US,5,20250915,192000,1.4,1.4,1.4,1.4,785,0
BFRG.US,5,20250915,192500,1.382,1.382,1.382,1.382,455,0
BFRG.US,5,20250915,193000,1.39,1.39,1.39,1.39,105,0
BFRG.US,5,20250915,193500,1.4,1.4,1.3981,1.4,909,0
BFRG.US,5,20250915,195000,1.4,1.4,1.39,1.39,2100,0
BFRG.US,5,20250915,195500,1.3981,1.4,1.39,1.3987,4467,0
BFRG.US,5,20250915,200000,1.39,1.39,1.3823,1.3823,600,0
BFRG.US,5,20250915,200500,1.4,1.4,1.4,1.4,100,0
BFRG.US,5,20250915,201000,1.3817,1.3936,1.37,1.38,8073,0
BFRG.US,5,20250915,202000,1.39,1.3975,1.39,1.3975,600,0
BFRG.US,5,20250915,202500,1.3794,1.3794,1.3794,1.3794,115,0
BFRG.US,5,20250915,203000,1.4,1.4,1.39,1.39,700,0
BFRG.US,5,20250915,203500,1.39,1.39,1.38,1.38,3000,0
BFRG.US,5,20250915,204000,1.4,1.4,1.4,1.4,100,0
BFRG.US,5,20250915,204500,1.4,1.4,1.3945,1.3945,1500,0
BFRG.US,5,20250915,205500,1.395,1.3991,1.395,1.3991,205,0
BFRG.US,5,20250915,210000,1.395,1.395,1.395,1.395,3771,0
BFRG.US,5,20250915,210500,1.395,1.4,1.385,1.39,13097,0
BFRG.US,5,20250915,211000,1.4,1.415,1.4,1.401,15307,0
BFRG.US,5,20250915,212000,1.42,1.42,1.42,1.42,200,0
BFRG.US,5,20250915,212500,1.42,1.42,1.42,1.42,552,0
BFRG.US,5,20250915,213000,1.42,1.43,1.4101,1.42,7319,0
BFRG.US,5,20250915,213500,1.42,1.42,1.405,1.405,7300,0
BFRG.US,5,20250915,214000,1.405,1.405,1.405,1.405,300,0
BFRG.US,5,20250915,215000,1.42,1.42,1.4,1.4095,2848,0
BFRG.US,5,20250915,215500,1.4065,1.41,1.405,1.405,1200,0
BFRG.US,5,20250916,153000,1.43,1.43,1.4247,1.4247,2059,0
BFRG.US,5,20250916,153500,1.4,1.4,1.3819,1.3819,900,0
BFRG.US,5,20250916,154000,1.39,1.39,1.37,1.3865,7338,0
BFRG.US,5,20250916,154500,1.37,1.37,1.34,1.3667,31471,0
BFRG.US,5,20250916,155000,1.3849,1.3849,1.3849,1.3849,100,0
BFRG.US,5,20250916,160000,1.3742,1.3742,1.37,1.37,365,0
BFRG.US,5,20250916,160500,1.36,1.36,1.36,1.36,430,0
BFRG.US,5,20250916,162000,1.3773,1.3773,1.36,1.3773,9959,0
BFRG.US,5,20250916,162500,1.3601,1.3601,1.36,1.36,6516,0
BFRG.US,5,20250916,163000,1.3621,1.3673,1.36,1.36,12097,0
BFRG.US,5,20250916,163500,1.38,1.38,1.38,1.38,100,0
BFRG.US,5,20250916,164000,1.37,1.37,1.37,1.37,100,0
BFRG.US,5,20250916,164500,1.3607,1.3846,1.3607,1.3846,2031,0
BFRG.US,5,20250916,165500,1.39,1.39,1.39,1.39,1600,0
BFRG.US,5,20250916,171000,1.3601,1.3601,1.3601,1.3601,1800,0
BFRG.US,5,20250916,171500,1.36,1.36,1.36,1.36,100,0
BFRG.US,5,20250916,172000,1.3778,1.3778,1.3778,1.3778,100,0
BFRG.US,5,20250916,172500,1.3611,1.3611,1.3611,1.3611,300,0
BFRG.US,5,20250916,173500,1.37,1.37,1.37,1.37,600,0
BFRG.US,5,20250916,174000,1.36,1.36,1.36,1.36,200,0
BFRG.US,5,20250916,174500,1.365,1.365,1.365,1.365,100,0
BFRG.US,5,20250916,175500,1.365,1.365,1.36,1.36,1200,0
BFRG.US,5,20250916,182500,1.35,1.35,1.35,1.35,300,0
BFRG.US,5,20250916,183000,1.3506,1.3506,1.3506,1.3506,700,0
BFRG.US,5,20250916,183500,1.3482,1.35,1.335,1.34,6416,0
BFRG.US,5,20250916,184000,1.335,1.3365,1.33,1.3365,1446,0
BFRG.US,5,20250916,184500,1.325,1.325,1.325,1.325,100,0
BFRG.US,5,20250916,185000,1.32,1.32,1.31,1.31,2729,0
BFRG.US,5,20250916,185500,1.32,1.32,1.32,1.32,300,0
BFRG.US,5,20250916,190000,1.315,1.315,1.315,1.315,100,0
BFRG.US,5,20250916,190500,1.315,1.315,1.315,1.315,300,0
BFRG.US,5,20250916,192000,1.32,1.32,1.32,1.32,3200,0
BFRG.US,5,20250916,192500,1.32,1.32,1.32,1.32,400,0
BFRG.US,5,20250916,193000,1.31,1.315,1.31,1.315,500,0
BFRG.US,5,20250916,193500,1.315,1.3191,1.315,1.3191,500,0
BFRG.US,5,20250916,194000,1.3115,1.3115,1.3115,1.3115,100,0
BFRG.US,5,20250916,194500,1.3102,1.32,1.3102,1.32,350,0
BFRG.US,5,20250916,195000,1.32,1.32,1.32,1.32,100,0
BFRG.US,5,20250916,195500,1.3101,1.3103,1.3101,1.3103,600,0
BFRG.US,5,20250916,200000,1.3192,1.3192,1.3192,1.3192,500,0
BFRG.US,5,20250916,201500,1.3101,1.3101,1.3101,1.3101,3816,0
BFRG.US,5,20250916,205000,1.315,1.315,1.315,1.315,100,0
BFRG.US,5,20250916,210500,1.32,1.32,1.3135,1.315,1900,0
BFRG.US,5,20250916,211500,1.32,1.32,1.32,1.32,100,0
BFRG.US,5,20250916,212000,1.315,1.315,1.315,1.315,1060,0
BFRG.US,5,20250916,212500,1.32,1.32,1.32,1.32,137,0
BFRG.US,5,20250916,213000,1.315,1.315,1.3,1.31,11719,0
BFRG.US,5,20250916,213500,1.3145,1.3145,1.295,1.3,6086,0
BFRG.US,5,20250916,214000,1.3,1.3,1.295,1.3,1944,0
BFRG.US,5,20250916,215000,1.3103,1.3103,1.3103,1.3103,100,0
BFRG.US,5,20250916,215500,1.309,1.32,1.3,1.32,2271,0
BFRG.US,5,20250917,153000,1.3,1.36,1.3,1.36,15055,0
BFRG.US,5,20250917,153500,1.3595,1.36,1.35,1.36,7320,0
BFRG.US,5,20250917,154500,1.36,1.36,1.36,1.36,5000,0
BFRG.US,5,20250917,155000,1.335,1.335,1.335,1.335,3210,0
BFRG.US,5,20250917,155500,1.34,1.34,1.34,1.34,100,0
BFRG.US,5,20250917,160500,1.3391,1.3391,1.33,1.3302,2214,0
BFRG.US,5,20250917,161000,1.3408,1.3408,1.3408,1.3408,140,0
BFRG.US,5,20250917,162000,1.34,1.36,1.34,1.36,10755,0
BFRG.US,5,20250917,164000,1.3462,1.3462,1.3462,1.3462,116,0
BFRG.US,5,20250917,164500,1.34,1.34,1.34,1.34,1659,0
BFRG.US,5,20250917,170500,1.35,1.35,1.35,1.35,365,0
BFRG.US,5,20250917,172000,1.35,1.35,1.345,1.345,2800,0
BFRG.US,5,20250917,172500,1.345,1.345,1.345,1.345,826,0
BFRG.US,5,20250917,173000,1.3499,1.35,1.345,1.345,1375,0
BFRG.US,5,20250917,174000,1.3445,1.3445,1.3445,1.3445,100,0
BFRG.US,5,20250917,175500,1.35,1.35,1.35,1.35,200,0
BFRG.US,5,20250917,180000,1.3493,1.3493,1.3493,1.3493,300,0
BFRG.US,5,20250917,181500,1.3497,1.3497,1.3497,1.3497,148,0
BFRG.US,5,20250917,191000,1.35,1.35,1.35,1.35,112,0
BFRG.US,5,20250917,192000,1.35,1.35,1.35,1.35,1000,0
BFRG.US,5,20250917,193000,1.355,1.3598,1.355,1.3598,522,0
BFRG.US,5,20250917,193500,1.355,1.355,1.355,1.355,125,0
BFRG.US,5,20250917,194000,1.355,1.355,1.35,1.35,2105,0
BFRG.US,5,20250917,194500,1.3403,1.3403,1.3403,1.3403,150,0
BFRG.US,5,20250917,200000,1.35,1.35,1.35,1.35,555,0
BFRG.US,5,20250917,200500,1.35,1.36,1.35,1.355,900,0
BFRG.US,5,20250917,201000,1.36,1.36,1.3599,1.3599,670,0
BFRG.US,5,20250917,201500,1.34,1.34,1.3301,1.3301,9590,0
BFRG.US,5,20250917,202000,1.34,1.34,1.34,1.34,360,0
BFRG.US,5,20250917,202500,1.34,1.34,1.34,1.34,240,0
BFRG.US,5,20250917,204000,1.33,1.33,1.33,1.33,486,0
BFRG.US,5,20250917,210000,1.32,1.32,1.32,1.32,100,0
BFRG.US,5,20250917,210500,1.31,1.31,1.31,1.31,320,0
BFRG.US,5,20250917,211000,1.31,1.31,1.31,1.31,300,0
BFRG.US,5,20250917,211500,1.31,1.31,1.3002,1.31,860,0
BFRG.US,5,20250917,212000,1.31,1.31,1.31,1.31,430,0
BFRG.US,5,20250917,212500,1.31,1.31,1.3,1.31,2000,0
BFRG.US,5,20250917,213000,1.3,1.3,1.3,1.3,800,0
BFRG.US,5,20250917,214000,1.3002,1.31,1.3,1.31,1034,0
BFRG.US,5,20250917,215000,1.301,1.301,1.301,1.301,300,0
BFRG.US,5,20250917,215500,1.3,1.3065,1.3,1.3,2088,0
BFRG.US,5,20250918,153000,1.3,1.36,1.3,1.36,7104,0
BFRG.US,5,20250918,154500,1.3083,1.31,1.3083,1.31,649,0
BFRG.US,5,20250918,160500,1.32,1.35,1.32,1.321,9100,0
BFRG.US,5,20250918,161500,1.35,1.35,1.33,1.33,15200,0
BFRG.US,5,20250918,162000,1.33,1.3499,1.33,1.3499,5100,0
BFRG.US,5,20250918,162500,1.33,1.36,1.33,1.36,4935,0
BFRG.US,5,20250918,163000,1.3072,1.3072,1.3072,1.3072,2000,0
BFRG.US,5,20250918,164000,1.36,1.37,1.36,1.37,2400,0
BFRG.US,5,20250918,164500,1.36,1.36,1.3591,1.3591,2680,0
BFRG.US,5,20250918,170000,1.37,1.37,1.37,1.37,100,0
BFRG.US,5,20250918,171000,1.38,1.38,1.38,1.38,100,0
BFRG.US,5,20250918,171500,1.38,1.38,1.3636,1.3636,9030,0
BFRG.US,5,20250918,172000,1.37,1.37,1.36,1.36,490,0
BFRG.US,5,20250918,172500,1.35,1.35,1.35,1.35,2000,0
BFRG.US,5,20250918,174000,1.363,1.363,1.35,1.3573,2840,0
BFRG.US,5,20250918,174500,1.3666,1.3666,1.3666,1.3666,1000,0
BFRG.US,5,20250918,175000,1.35,1.35,1.35,1.35,100,0
BFRG.US,5,20250918,180000,1.3588,1.3588,1.3588,1.3588,200,0
BFRG.US,5,20250918,181000,1.3589,1.36,1.35,1.3514,1830,0
BFRG.US,5,20250918,181500,1.35,1.35,1.34,1.35,5800,0
BFRG.US,5,20250918,182000,1.36,1.36,1.36,1.36,100,0
BFRG.US,5,20250918,182500,1.3592,1.3592,1.3592,1.3592,300,0
BFRG.US,5,20250918,183500,1.3481,1.3481,1.34,1.34,2500,0
BFRG.US,5,20250918,184000,1.35,1.35,1.35,1.35,100,0
BFRG.US,5,20250918,185000,1.34,1.34,1.34,1.34,501,0
BFRG.US,5,20250918,193000,1.3304,1.3304,1.3304,1.3304,300,0
BFRG.US,5,20250918,193500,1.34,1.34,1.34,1.34,135,0
BFRG.US,5,20250918,194000,1.35,1.35,1.35,1.35,100,0
BFRG.US,5,20250918,200000,1.335,1.335,1.335,1.335,120,0
BFRG.US,5,20250918,201500,1.35,1.35,1.3353,1.3353,900,0
BFRG.US,5,20250918,202500,1.33,1.33,1.33,1.33,200,0
BFRG.US,5,20250918,203000,1.3301,1.3301,1.3301,1.3301,266,0
BFRG.US,5,20250918,203500,1.35,1.35,1.3401,1.35,3943,0
BFRG.US,5,20250918,204500,1.3492,1.3492,1.3492,1.3492,500,0
BFRG.US,5,20250918,205000,1.35,1.35,1.345,1.345,350,0
BFRG.US,5,20250918,205500,1.34,1.34,1.335,1.34,1046,0
BFRG.US,5,20250918,210000,1.34,1.34,1.33,1.33,2081,0
BFRG.US,5,20250918,210500,1.3317,1.3317,1.3317,1.3317,1070,0
BFRG.US,5,20250918,211000,1.34,1.34,1.34,1.34,1600,0
BFRG.US,5,20250918,213500,1.34,1.34,1.33,1.33,200,0
BFRG.US,5,20250918,214000,1.34,1.34,1.335,1.34,5600,0
BFRG.US,5,20250918,214500,1.3365,1.35,1.3343,1.34,2285,0
BFRG.US,5,20250918,215500,1.345,1.35,1.342,1.35,367,0
BFRG.US,5,20250919,153000,1.35,1.35,1.35,1.35,743,0
BFRG.US,5,20250919,153500,1.3511,1.3511,1.34,1.35,6923,0
BFRG.US,5,20250919,154000,1.35,1.36,1.34,1.34,8174,0
BFRG.US,5,20250919,154500,1.333,1.333,1.333,1.333,500,0
BFRG.US,5,20250919,155000,1.35,1.36,1.35,1.36,11825,0
BFRG.US,5,20250919,155500,1.36,1.36,1.36,1.36,1825,0
BFRG.US,5,20250919,160000,1.355,1.37,1.355,1.3699,2695,0
BFRG.US,5,20250919,161500,1.37,1.38,1.37,1.38,2692,0
BFRG.US,5,20250919,162000,1.39,1.39,1.39,1.39,240,0
BFRG.US,5,20250919,163000,1.3797,1.3889,1.3797,1.3889,437,0
BFRG.US,5,20250919,164500,1.39,1.39,1.39,1.39,150,0
BFRG.US,5,20250919,165000,1.39,1.39,1.39,1.39,1054,0
BFRG.US,5,20250919,165500,1.3824,1.3824,1.3824,1.3824,100,0
BFRG.US,5,20250919,171000,1.38,1.3856,1.38,1.3856,1420,0
BFRG.US,5,20250919,172000,1.39,1.39,1.385,1.3856,5881,0
BFRG.US,5,20250919,173000,1.39,1.39,1.39,1.39,365,0
BFRG.US,5,20250919,174000,1.39,1.39,1.3849,1.3849,300,0
BFRG.US,5,20250919,174500,1.3888,1.3888,1.3888,1.3888,100,0
BFRG.US,5,20250919,175000,1.385,1.385,1.385,1.385,500,0
BFRG.US,5,20250919,180000,1.385,1.385,1.385,1.385,100,0
BFRG.US,5,20250919,181500,1.3851,1.3851,1.38,1.38,1103,0
BFRG.US,5,20250919,182000,1.3875,1.3875,1.3875,1.3875,100,0
BFRG.US,5,20250919,182500,1.38,1.39,1.38,1.39,6730,0
BFRG.US,5,20250919,183000,1.3721,1.38,1.37,1.3765,1597,0
BFRG.US,5,20250919,183500,1.3792,1.3792,1.3701,1.3701,400,0
BFRG.US,5,20250919,190000,1.38,1.38,1.38,1.38,400,0
BFRG.US,5,20250919,191500,1.38,1.38,1.375,1.375,400,0
BFRG.US,5,20250919,192000,1.37,1.37,1.37,1.37,100,0
BFRG.US,5,20250919,194000,1.38,1.38,1.38,1.38,200,0
BFRG.US,5,20250919,194500,1.3759,1.3759,1.3759,1.3759,3978,0
BFRG.US,5,20250919,200000,1.37,1.37,1.37,1.37,200,0
BFRG.US,5,20250919,201500,1.38,1.38,1.38,1.38,700,0
BFRG.US,5,20250919,202500,1.375,1.375,1.375,1.375,100,0
BFRG.US,5,20250919,205000,1.38,1.38,1.38,1.38,100,0
BFRG.US,5,20250919,210500,1.375,1.375,1.375,1.375,200,0
BFRG.US,5,20250919,213000,1.37,1.37,1.37,1.37,600,0
BFRG.US,5,20250919,213500,1.36,1.365,1.36,1.365,2100,0
BFRG.US,5,20250919,214000,1.37,1.37,1.37,1.37,500,0
BFRG.US,5,20250919,214500,1.365,1.365,1.365,1.365,100,0
BFRG.US,5,20250919,215000,1.36,1.36,1.35,1.36,2518,0
BFRG.US,5,20250919,215500,1.36,1.36,1.325,1.325,9804,0
BFRG.US,5,20250922,153000,1.31,1.31,1.31,1.31,1002,0
BFRG.US,5,20250922,153500,1.305,1.305,1.305,1.305,3000,0
BFRG.US,5,20250922,154000,1.3,1.305,1.3,1.3,989,0
BFRG.US,5,20250922,154500,1.305,1.31,1.305,1.31,632,0
BFRG.US,5,20250922,155000,1.31,1.31,1.31,1.31,175,0
BFRG.US,5,20250922,155500,1.32,1.3499,1.31,1.31,2903,0
BFRG.US,5,20250922,160000,1.325,1.33,1.31,1.31,2400,0
BFRG.US,5,20250922,160500,1.3242,1.35,1.3242,1.35,5100,0
BFRG.US,5,20250922,161000,1.3386,1.3386,1.3386,1.3386,100,0
BFRG.US,5,20250922,162000,1.347,1.347,1.3439,1.3439,3162,0
BFRG.US,5,20250922,162500,1.34,1.379,1.34,1.379,2263,0
BFRG.US,5,20250922,163000,1.3943,1.3943,1.3943,1.3943,661,0
BFRG.US,5,20250922,163500,1.3773,1.3788,1.3773,1.3788,900,0
BFRG.US,5,20250922,164000,1.38,1.38,1.38,1.38,100,0
BFRG.US,5,20250922,164500,1.38,1.38,1.38,1.38,1000,0
BFRG.US,5,20250922,165000,1.3887,1.3899,1.3887,1.3899,275,0
BFRG.US,5,20250922,170000,1.3899,1.41,1.3899,1.405,10509,0
BFRG.US,5,20250922,170500,1.41,1.43,1.41,1.43,2270,0
BFRG.US,5,20250922,171500,1.41,1.41,1.4,1.41,475,0
BFRG.US,5,20250922,172000,1.43,1.43,1.415,1.415,734,0
BFRG.US,5,20250922,172500,1.42,1.42,1.41,1.41,5664,0
BFRG.US,5,20250922,173000,1.4281,1.4281,1.41,1.4154,3742,0
BFRG.US,5,20250922,173500,1.415,1.415,1.404,1.404,7115,0
BFRG.US,5,20250922,174000,1.4075,1.4299,1.4075,1.4297,17408,0
BFRG.US,5,20250922,174500,1.43,1.43,1.42,1.42,8775,0
BFRG.US,5,20250922,175000,1.4281,1.4299,1.41,1.4299,5460,0
BFRG.US,5,20250922,180000,1.41,1.412,1.41,1.412,602,0
BFRG.US,5,20250922,180500,1.4268,1.4268,1.4101,1.42,8342,0
BFRG.US,5,20250922,181000,1.41,1.42,1.41,1.42,210,0
BFRG.US,5,20250922,181500,1.41,1.41,1.41,1.41,100,0
BFRG.US,5,20250922,182000,1.41,1.41,1.41,1.41,100,0
BFRG.US,5,20250922,182500,1.41,1.4102,1.41,1.4102,4100,0
BFRG.US,5,20250922,183000,1.415,1.415,1.3701,1.4,6439,0
BFRG.US,5,20250922,183500,1.4,1.409,1.4,1.4,2000,0
BFRG.US,5,20250922,184000,1.41,1.41,1.4,1.4,2415,0
BFRG.US,5,20250922,184500,1.405,1.41,1.405,1.41,200,0
BFRG.US,5,20250922,185000,1.4,1.428,1.4,1.41,17975,0
BFRG.US,5,20250922,185500,1.415,1.4282,1.415,1.4282,600,0
BFRG.US,5,20250922,190000,1.415,1.415,1.41,1.41,3200,0
BFRG.US,5,20250922,190500,1.415,1.42,1.41,1.41,6601,0
BFRG.US,5,20250922,191500,1.41,1.4224,1.41,1.42,2800,0
BFRG.US,5,20250922,192000,1.42,1.42,1.42,1.42,109,0
BFRG.US,5,20250922,192500,1.42,1.4288,1.4102,1.4288,1750,0
BFRG.US,5,20250922,194000,1.42,1.43,1.42,1.43,200,0
BFRG.US,5,20250922,195000,1.4294,1.4294,1.425,1.425,518,0
BFRG.US,5,20250922,195500,1.425,1.4292,1.425,1.4292,304,0
BFRG.US,5,20250922,200500,1.42,1.42,1.42,1.42,100,0
BFRG.US,5,20250922,201000,1.42,1.42,1.42,1.42,100,0
BFRG.US,5,20250922,201500,1.429,1.4599,1.429,1.4459,15423,0
BFRG.US,5,20250922,202000,1.46,1.46,1.457,1.457,3300,0
BFRG.US,5,20250922,202500,1.4636,1.465,1.46,1.46,7798,0
BFRG.US,5,20250922,203000,1.47,1.5296,1.46,1.52,16116,0
BFRG.US,5,20250922,203500,1.53,1.53,1.51,1.52,7211,0
BFRG.US,5,20250922,204000,1.51,1.51,1.5,1.5012,5680,0
BFRG.US,5,20250922,204500,1.5011,1.51,1.5011,1.51,800,0
BFRG.US,5,20250922,205000,1.5001,1.53,1.5001,1.52,8630,0
BFRG.US,5,20250922,205500,1.5281,1.53,1.52,1.525,8130,0
BFRG.US,5,20250922,210000,1.5291,1.53,1.52,1.52,1419,0
BFRG.US,5,20250922,211000,1.51,1.5103,1.505,1.505,3345,0
BFRG.US,5,20250922,211500,1.5,1.5,1.47,1.4937,7063,0
BFRG.US,5,20250922,212000,1.5,1.5,1.5,1.5,1306,0
BFRG.US,5,20250922,212500,1.4926,1.4926,1.4926,1.4926,150,0
BFRG.US,5,20250922,213000,1.49,1.495,1.49,1.495,3300,0
BFRG.US,5,20250922,213500,1.49,1.49,1.49,1.49,2863,0
BFRG.US,5,20250922,214000,1.5,1.5,1.49,1.49,4564,0
BFRG.US,5,20250922,215000,1.48,1.485,1.48,1.48,300,0
BFRG.US,5,20250922,215500,1.48,1.48,1.4742,1.48,3248,0
BFRG.US,5,20250923,153000,1.53,1.55,1.5,1.525,26119,0
BFRG.US,5,20250923,153500,1.5,1.535,1.5,1.52,10470,0
BFRG.US,5,20250923,154000,1.535,1.55,1.495,1.5,49228,0
BFRG.US,5,20250923,154500,1.5,1.5,1.4993,1.5,7832,0
BFRG.US,5,20250923,155000,1.49,1.49,1.49,1.49,514,0
BFRG.US,5,20250923,160000,1.4938,1.4938,1.4938,1.4938,1000,0
BFRG.US,5,20250923,160500,1.4999,1.5,1.4992,1.5,2200,0
BFRG.US,5,20250923,161000,1.495,1.5,1.4947,1.5,3800,0
BFRG.US,5,20250923,161500,1.5,1.515,1.5,1.5,2260,0
BFRG.US,5,20250923,162000,1.499,1.5,1.48,1.48,4968,0
BFRG.US,5,20250923,162500,1.4898,1.5,1.4887,1.4887,1850,0
BFRG.US,5,20250923,163500,1.5,1.5,1.5,1.5,4972,0
BFRG.US,5,20250923,164000,1.5,1.5,1.4912,1.4912,990,0
BFRG.US,5,20250923,164500,1.5,1.52,1.49,1.49,1474,0
BFRG.US,5,20250923,165000,1.4901,1.495,1.49,1.495,1114,0
BFRG.US,5,20250923,165500,1.4899,1.49,1.4838,1.4838,888,0
BFRG.US,5,20250923,170000,1.4815,1.4815,1.48,1.48,3600,0
BFRG.US,5,20250923,170500,1.475,1.475,1.475,1.475,200,0
BFRG.US,5,20250923,171500,1.4701,1.4701,1.4701,1.4701,1500,0
BFRG.US,5,20250923,172000,1.47,1.47,1.46,1.465,500,0
BFRG.US,5,20250923,172500,1.47,1.47,1.45,1.45,14712,0
BFRG.US,5,20250923,173500,1.4714,1.4714,1.4714,1.4714,500,0
BFRG.US,5,20250923,174500,1.46,1.47,1.43,1.4458,19468,0
BFRG.US,5,20250923,175000,1.46,1.46,1.46,1.46,535,0
BFRG.US,5,20250923,175500,1.4595,1.46,1.45,1.46,1744,0
BFRG.US,5,20250923,180000,1.44,1.44,1.43,1.43,5097,0
BFRG.US,5,20250923,180500,1.4575,1.4575,1.43,1.43,577,0
BFRG.US,5,20250923,181500,1.4533,1.4533,1.445,1.445,1200,0
BFRG.US,5,20250923,182000,1.43,1.43,1.42,1.42,10198,0
BFRG.US,5,20250923,182500,1.4223,1.44,1.4223,1.44,1100,0
BFRG.US,5,20250923,183000,1.44,1.44,1.44,1.44,208,0
BFRG.US,5,20250923,183500,1.4411,1.4411,1.4411,1.4411,6000,0
BFRG.US,5,20250923,184000,1.435,1.45,1.435,1.435,500,0
BFRG.US,5,20250923,184500,1.4283,1.4283,1.4283,1.4283,200,0
BFRG.US,5,20250923,185000,1.45,1.45,1.43,1.43,600,0
BFRG.US,5,20250923,185500,1.435,1.435,1.4314,1.4314,300,0
BFRG.US,5,20250923,190000,1.435,1.45,1.435,1.4486,2301,0
BFRG.US,5,20250923,190500,1.44,1.44,1.44,1.44,300,0
BFRG.US,5,20250923,191000,1.42,1.42,1.42,1.42,199,0
BFRG.US,5,20250923,191500,1.4212,1.44,1.42,1.42,1892,0
BFRG.US,5,20250923,192000,1.42,1.42,1.39,1.39,21854,0
BFRG.US,5,20250923,192500,1.43,1.43,1.41,1.4251,5384,0
BFRG.US,5,20250923,193000,1.41,1.41,1.41,1.41,409,0
BFRG.US,5,20250923,193500,1.401,1.401,1.401,1.401,119,0
BFRG.US,5,20250923,195000,1.41,1.41,1.41,1.41,100,0
BFRG.US,5,20250923,195500,1.4038,1.4041,1.4038,1.4041,900,0
BFRG.US,5,20250923,200000,1.415,1.415,1.415,1.415,1000,0
BFRG.US,5,20250923,200500,1.4,1.42,1.4,1.41,5276,0
BFRG.US,5,20250923,202000,1.4054,1.4054,1.405,1.405,800,0
BFRG.US,5,20250923,202500,1.4039,1.4039,1.4039,1.4039,360,0
BFRG.US,5,20250923,203000,1.4199,1.4225,1.41,1.415,1300,0
BFRG.US,5,20250923,205000,1.4,1.406,1.4,1.406,231,0
BFRG.US,5,20250923,205500,1.405,1.405,1.405,1.405,340,0
BFRG.US,5,20250923,210500,1.41,1.41,1.41,1.41,3500,0
BFRG.US,5,20250923,211000,1.4,1.4,1.4,1.4,1879,0
BFRG.US,5,20250923,211500,1.3912,1.3912,1.3912,1.3912,1000,0
BFRG.US,5,20250923,212000,1.4099,1.4099,1.4099,1.4099,401,0
BFRG.US,5,20250923,212500,1.39,1.395,1.39,1.395,1548,0
BFRG.US,5,20250923,213000,1.4,1.4,1.4,1.4,946,0
BFRG.US,5,20250923,213500,1.395,1.4,1.395,1.4,1600,0
BFRG.US,5,20250923,214500,1.39,1.39,1.385,1.385,3720,0
BFRG.US,5,20250923,215000,1.385,1.385,1.37,1.375,15885,0
BFRG.US,5,20250923,215500,1.372,1.375,1.37,1.37,4528,0
BFRG.US,5,20250924,153000,1.45,1.45,1.45,1.45,2259,0
BFRG.US,5,20250924,153500,1.4314,1.4314,1.41,1.42,3319,0
BFRG.US,5,20250924,154000,1.4294,1.43,1.4256,1.43,700,0
BFRG.US,5,20250924,154500,1.4383,1.4383,1.4231,1.4231,1000,0
BFRG.US,5,20250924,155000,1.4399,1.4399,1.4399,1.4399,2465,0
BFRG.US,5,20250924,155500,1.43,1.43,1.4234,1.4234,779,0
BFRG.US,5,20250924,161000,1.43,1.44,1.43,1.4384,4778,0
BFRG.US,5,20250924,162000,1.43,1.44,1.43,1.4301,2232,0
BFRG.US,5,20250924,162500,1.44,1.44,1.435,1.44,1054,0
BFRG.US,5,20250924,163000,1.4401,1.4401,1.4401,1.4401,3493,0
BFRG.US,5,20250924,163500,1.46,1.46,1.455,1.455,1100,0
BFRG.US,5,20250924,164000,1.4589,1.46,1.4589,1.46,300,0
BFRG.US,5,20250924,165000,1.4591,1.46,1.4591,1.46,4884,0
BFRG.US,5,20250924,165500,1.459,1.459,1.459,1.459,250,0
BFRG.US,5,20250924,170000,1.4599,1.4599,1.4599,1.4599,200,0
BFRG.US,5,20250924,170500,1.4508,1.46,1.4508,1.46,2951,0
BFRG.US,5,20250924,171000,1.471,1.48,1.471,1.475,1230,0
BFRG.US,5,20250924,171500,1.48,1.49,1.48,1.49,2182,0
BFRG.US,5,20250924,172500,1.49,1.49,1.49,1.49,837,0
BFRG.US,5,20250924,173000,1.49,1.49,1.48,1.48,500,0
BFRG.US,5,20250924,174000,1.48,1.48,1.48,1.48,500,0
BFRG.US,5,20250924,174500,1.48,1.48,1.48,1.48,2986,0
BFRG.US,5,20250924,175500,1.48,1.48,1.476,1.476,1990,0
BFRG.US,5,20250924,180000,1.47,1.475,1.47,1.475,387,0
BFRG.US,5,20250924,180500,1.47,1.4701,1.45,1.4501,13290,0
BFRG.US,5,20250924,181000,1.4553,1.4553,1.453,1.453,500,0
BFRG.US,5,20250924,181500,1.4677,1.4677,1.4677,1.4677,900,0
BFRG.US,5,20250924,182500,1.46,1.46,1.4492,1.4492,3702,0
BFRG.US,5,20250924,183000,1.4498,1.4498,1.4498,1.4498,715,0
BFRG.US,5,20250924,183500,1.45,1.45,1.45,1.45,2033,0
BFRG.US,5,20250924,184000,1.45,1.45,1.45,1.45,150,0
BFRG.US,5,20250924,184500,1.47,1.47,1.47,1.47,100,0
BFRG.US,5,20250924,185000,1.46,1.49,1.46,1.4898,14178,0
BFRG.US,5,20250924,185500,1.4876,1.4898,1.4876,1.4898,200,0
BFRG.US,5,20250924,191500,1.4718,1.4718,1.4718,1.4718,250,0
BFRG.US,5,20250924,192000,1.4898,1.4898,1.4715,1.4715,1300,0
BFRG.US,5,20250924,192500,1.48,1.48,1.48,1.48,600,0
BFRG.US,5,20250924,193000,1.48,1.48,1.48,1.48,201,0
BFRG.US,5,20250924,193500,1.4856,1.4856,1.4856,1.4856,665,0
BFRG.US,5,20250924,195000,1.4796,1.49,1.4777,1.49,11850,0
BFRG.US,5,20250924,195500,1.48,1.49,1.4722,1.4765,800,0
BFRG.US,5,20250924,200000,1.48,1.48,1.48,1.48,200,0
BFRG.US,5,20250924,200500,1.47,1.475,1.47,1.475,1786,0
BFRG.US,5,20250924,201000,1.475,1.475,1.475,1.475,200,0
BFRG.US,5,20250924,201500,1.475,1.48,1.475,1.4799,2228,0
BFRG.US,5,20250924,202000,1.4756,1.4756,1.4756,1.4756,150,0
BFRG.US,5,20250924,202500,1.471,1.471,1.471,1.471,100,0
BFRG.US,5,20250924,203000,1.47,1.48,1.47,1.48,5678,0
BFRG.US,5,20250924,203500,1.475,1.475,1.475,1.475,100,0
BFRG.US,5,20250924,204000,1.4708,1.48,1.4708,1.48,1100,0
BFRG.US,5,20250924,204500,1.4756,1.4756,1.475,1.475,200,0
BFRG.US,5,20250924,205000,1.48,1.48,1.465,1.465,9510,0
BFRG.US,5,20250924,205500,1.47,1.47,1.47,1.47,100,0
BFRG.US,5,20250924,210500,1.47,1.47,1.46,1.47,1500,0
BFRG.US,5,20250924,212000,1.445,1.445,1.445,1.445,100,0
BFRG.US,5,20250924,214500,1.44,1.44,1.42,1.42,1568,0
BFRG.US,5,20250924,215000,1.4315,1.44,1.43,1.435,1855,0
BFRG.US,5,20250924,215500,1.435,1.45,1.43,1.45,1478,0
BFRG.US,5,20250925,153000,1.45,1.45,1.41,1.41,5271,0
BFRG.US,5,20250925,153500,1.45,1.45,1.4138,1.4138,1800,0
BFRG.US,5,20250925,154000,1.4248,1.4248,1.4248,1.4248,148,0
BFRG.US,5,20250925,160000,1.435,1.435,1.4,1.4,2519,0
BFRG.US,5,20250925,160500,1.4388,1.4388,1.4388,1.4388,100,0
BFRG.US,5,20250925,161500,1.46,1.46,1.44,1.45,1200,0
BFRG.US,5,20250925,162000,1.4489,1.4489,1.4489,1.4489,3500,0
BFRG.US,5,20250925,162500,1.4361,1.4361,1.4361,1.4361,100,0
BFRG.US,5,20250925,163000,1.43,1.4449,1.43,1.43,1952,0
BFRG.US,5,20250925,165000,1.41,1.42,1.4,1.4,15788,0
BFRG.US,5,20250925,170000,1.4015,1.41,1.4015,1.41,3541,0
BFRG.US,5,20250925,170500,1.4123,1.4123,1.4123,1.4123,100,0
BFRG.US,5,20250925,171000,1.41,1.41,1.41,1.41,200,0
BFRG.US,5,20250925,171500,1.415,1.45,1.415,1.43,15400,0
BFRG.US,5,20250925,172000,1.4438,1.4438,1.425,1.425,600,0
BFRG.US,5,20250925,172500,1.425,1.425,1.425,1.425,500,0
BFRG.US,5,20250925,173500,1.4,1.4265,1.4,1.4265,3050,0
BFRG.US,5,20250925,174000,1.4249,1.4249,1.4249,1.4249,450,0
BFRG.US,5,20250925,174500,1.4271,1.4271,1.4271,1.4271,354,0
BFRG.US,5,20250925,175000,1.41,1.43,1.4,1.43,600,0
BFRG.US,5,20250925,175500,1.44,1.44,1.43,1.43,633,0
BFRG.US,5,20250925,180500,1.434,1.434,1.434,1.434,100,0
BFRG.US,5,20250925,183000,1.44,1.45,1.44,1.44,1210,0
BFRG.US,5,20250925,183500,1.445,1.45,1.4447,1.45,10730,0
BFRG.US,5,20250925,185000,1.445,1.445,1.4449,1.4449,650,0
BFRG.US,5,20250925,185500,1.445,1.46,1.445,1.45,1600,0
BFRG.US,5,20250925,191000,1.46,1.4696,1.46,1.4696,998,0
BFRG.US,5,20250925,191500,1.4501,1.4501,1.4501,1.4501,931,0
BFRG.US,5,20250925,192000,1.45,1.4501,1.45,1.4501,1500,0
BFRG.US,5,20250925,194000,1.45,1.45,1.45,1.45,200,0
BFRG.US,5,20250925,194500,1.44,1.445,1.43,1.43,6812,0
BFRG.US,5,20250925,200500,1.43,1.43,1.43,1.43,500,0
BFRG.US,5,20250925,202500,1.4101,1.4101,1.4101,1.4101,300,0
BFRG.US,5,20250925,203500,1.4111,1.4111,1.4111,1.4111,300,0
BFRG.US,5,20250925,204000,1.43,1.43,1.43,1.43,100,0
BFRG.US,5,20250925,205000,1.42,1.42,1.42,1.42,100,0
BFRG.US,5,20250925,210000,1.4298,1.4298,1.4298,1.4298,1000,0
BFRG.US,5,20250925,211000,1.4294,1.4294,1.42,1.42,904,0
BFRG.US,5,20250925,212500,1.4101,1.4101,1.4101,1.4101,667,0
BFRG.US,5,20250925,213500,1.41,1.41,1.41,1.41,598,0
BFRG.US,5,20250925,214500,1.4255,1.4255,1.41,1.41,1300,0
BFRG.US,5,20250925,215500,1.42,1.43,1.42,1.43,465,0
BFRG.US,5,20250926,153000,1.41,1.41,1.41,1.41,179,0
BFRG.US,5,20250926,154000,1.4197,1.4197,1.4197,1.4197,222,0
BFRG.US,5,20250926,154500,1.41,1.45,1.41,1.4164,1224,0
BFRG.US,5,20250926,155000,1.43,1.45,1.421539,1.421539,10309,0
BFRG.US,5,20250926,155500,1.44,1.4583,1.435,1.45,2300,0
BFRG.US,5,20250926,160000,1.45,1.45,1.45,1.45,1000,0
BFRG.US,5,20250926,160500,1.4421,1.4421,1.4421,1.4421,100,0
BFRG.US,5,20250926,161000,1.44,1.44,1.44,1.44,10000,0
BFRG.US,5,20250926,161500,1.44,1.44,1.44,1.44,1200,0
BFRG.US,5,20250926,162500,1.4132,1.4295,1.4132,1.4295,800,0
BFRG.US,5,20250926,164500,1.425,1.425,1.425,1.425,3000,0
BFRG.US,5,20250926,165000,1.4399,1.4399,1.4399,1.4399,1200,0
BFRG.US,5,20250926,171000,1.4259,1.4259,1.4259,1.4259,900,0
BFRG.US,5,20250926,172000,1.4377,1.4377,1.4377,1.4377,600,0
BFRG.US,5,20250926,172500,1.43,1.43,1.43,1.43,1000,0
BFRG.US,5,20250926,174000,1.425,1.425,1.425,1.425,1620,0
BFRG.US,5,20250926,182000,1.4103,1.44,1.41,1.44,3008,0
BFRG.US,5,20250926,183000,1.42,1.42,1.42,1.42,1250,0
BFRG.US,5,20250926,183500,1.42,1.428,1.42,1.428,1380,0
BFRG.US,5,20250926,185500,1.41,1.41,1.41,1.41,100,0
BFRG.US,5,20250926,191000,1.43,1.43,1.43,1.43,710,0
BFRG.US,5,20250926,193000,1.41,1.41,1.41,1.41,10000,0
BFRG.US,5,20250926,200000,1.4193,1.4193,1.4193,1.4193,550,0
BFRG.US,5,20250926,200500,1.42,1.43,1.42,1.43,2020,0
BFRG.US,5,20250926,201500,1.43,1.43,1.43,1.43,100,0
BFRG.US,5,20250926,202000,1.42,1.42,1.42,1.42,180,0
BFRG.US,5,20250926,202500,1.4102,1.4102,1.41,1.4102,800,0
BFRG.US,5,20250926,205000,1.412852,1.412852,1.412852,1.412852,200,0
BFRG.US,5,20250926,205500,1.4206,1.4206,1.4206,1.4206,900,0
BFRG.US,5,20250926,211000,1.41,1.4201,1.41,1.42,9199,0
BFRG.US,5,20250926,211500,1.42,1.42,1.4101,1.4101,987,0
BFRG.US,5,20250926,212000,1.4178,1.4178,1.4178,1.4178,145,0
BFRG.US,5,20250926,212500,1.42,1.42,1.42,1.42,1800,0
BFRG.US,5,20250926,213000,1.4147,1.4147,1.4147,1.4147,400,0
BFRG.US,5,20250926,213500,1.415,1.4156,1.415,1.4156,200,0
BFRG.US,5,20250926,214000,1.415,1.415,1.415,1.415,100,0
BFRG.US,5,20250926,215000,1.4101,1.4101,1.41,1.4101,897,0
BFRG.US,5,20250926,215500,1.415,1.4153,1.415,1.415,1087,0
BFRG.US,5,20250929,153000,1.41,1.41,1.41,1.41,568,0
BFRG.US,5,20250929,153500,1.421,1.4401,1.41,1.41,1739,0
BFRG.US,5,20250929,154000,1.44,1.44,1.44,1.44,400,0
BFRG.US,5,20250929,154500,1.4148,1.47,1.4148,1.47,2592,0
BFRG.US,5,20250929,155000,1.4698,1.4698,1.4698,1.4698,500,0
BFRG.US,5,20250929,155500,1.435,1.4582,1.41,1.435,9418,0
BFRG.US,5,20250929,160000,1.435,1.435,1.435,1.435,632,0
BFRG.US,5,20250929,160500,1.44,1.44,1.44,1.44,100,0
BFRG.US,5,20250929,161500,1.4127,1.4127,1.4014,1.4014,1149,0
BFRG.US,5,20250929,162500,1.425905,1.425905,1.425905,1.425905,200,0
BFRG.US,5,20250929,164500,1.4154,1.4154,1.4154,1.4154,330,0
BFRG.US,5,20250929,170000,1.41,1.4199,1.41,1.4199,1100,0
BFRG.US,5,20250929,170500,1.4102,1.4102,1.4102,1.4102,500,0
BFRG.US,5,20250929,171000,1.4105,1.4105,1.4105,1.4105,300,0
BFRG.US,5,20250929,172000,1.41,1.41,1.41,1.41,100,0
BFRG.US,5,20250929,172500,1.41,1.41,1.41,1.41,2478,0
BFRG.US,5,20250929,174000,1.4,1.41,1.4,1.41,1517,0
BFRG.US,5,20250929,174500,1.3967,1.3967,1.3967,1.3967,1000,0
BFRG.US,5,20250929,182500,1.403,1.403,1.403,1.403,150,0
BFRG.US,5,20250929,185500,1.38,1.3801,1.37,1.38,5471,0
BFRG.US,5,20250929,190000,1.37,1.37,1.37,1.37,100,0
BFRG.US,5,20250929,193500,1.37,1.37,1.37,1.37,200,0
BFRG.US,5,20250929,194000,1.37,1.37,1.36,1.37,1477,0
BFRG.US,5,20250929,194500,1.37,1.3765,1.37,1.3765,800,0
BFRG.US,5,20250929,200500,1.3894,1.3894,1.3894,1.3894,725,0
BFRG.US,5,20250929,201000,1.38,1.38,1.38,1.38,300,0
BFRG.US,5,20250929,202500,1.39,1.39,1.38,1.38,750,0
BFRG.US,5,20250929,203000,1.3717,1.3717,1.32,1.35691,26747,0
BFRG.US,5,20250929,205500,1.3699,1.37,1.36,1.36,812,0
BFRG.US,5,20250929,210500,1.375,1.375,1.375,1.375,150,0
BFRG.US,5,20250929,211000,1.3611,1.3611,1.3611,1.3611,100,0
BFRG.US,5,20250929,212000,1.3799,1.3799,1.3799,1.3799,500,0
BFRG.US,5,20250929,212500,1.36,1.36,1.36,1.36,100,0
BFRG.US,5,20250929,213000,1.3645,1.3645,1.3645,1.3645,795,0
BFRG.US,5,20250929,214500,1.367,1.37,1.367,1.37,700,0
BFRG.US,5,20250929,215500,1.36,1.39,1.36,1.38,1318,0
BFRG.US,5,20250930,153000,1.4,1.4,1.37,1.3997,5119,0
BFRG.US,5,20250930,153500,1.385,1.3999,1.3789,1.382835,2406,0
BFRG.US,5,20250930,154000,1.4,1.406,1.4,1.406,1033,0
BFRG.US,5,20250930,154500,1.3893,1.4034,1.3893,1.4034,1100,0
BFRG.US,5,20250930,155000,1.3865,1.3865,1.3865,1.3865,1990,0
BFRG.US,5,20250930,155500,1.395,1.395,1.395,1.395,100,0
BFRG.US,5,20250930,160000,1.4034,1.4034,1.4034,1.4034,1000,0
BFRG.US,5,20250930,161500,1.41,1.4152,1.39,1.39,1100,0
BFRG.US,5,20250930,163000,1.4089,1.4089,1.3944,1.4089,3300,0
BFRG.US,5,20250930,164000,1.41,1.41,1.41,1.41,1300,0
BFRG.US,5,20250930,164500,1.405,1.405,1.405,1.405,190,0
BFRG.US,5,20250930,165500,1.42,1.42,1.4129,1.4129,400,0
BFRG.US,5,20250930,170000,1.397,1.41,1.397,1.41,1150,0
BFRG.US,5,20250930,171000,1.41,1.41,1.41,1.41,600,0
BFRG.US,5,20250930,171500,1.405,1.405,1.405,1.405,200,0
BFRG.US,5,20250930,172000,1.4008,1.4094,1.4008,1.4065,2425,0
BFRG.US,5,20250930,174500,1.4,1.405,1.39,1.39,2916,0
BFRG.US,5,20250930,180000,1.39,1.39,1.39,1.39,200,0
BFRG.US,5,20250930,181000,1.3997,1.3997,1.3997,1.3997,200,0
BFRG.US,5,20250930,185000,1.385,1.385,1.385,1.385,100,0
BFRG.US,5,20250930,190000,1.3898,1.39,1.3898,1.39,4636,0
BFRG.US,5,20250930,192000,1.386,1.386,1.386,1.386,125,0
BFRG.US,5,20250930,201000,1.3899,1.3899,1.38,1.38,900,0
BFRG.US,5,20250930,202500,1.3999,1.3999,1.3999,1.3999,797,0
BFRG.US,5,20250930,204500,1.4,1.4,1.3907,1.4,457,0
BFRG.US,5,20250930,211000,1.4,1.4,1.4,1.4,120,0
BFRG.US,5,20250930,211500,1.3941,1.3941,1.3941,1.3941,100,0
BFRG.US,5,20250930,212000,1.395,1.4,1.387,1.3913,9830,0
BFRG.US,5,20250930,212500,1.39,1.39,1.39,1.39,100,0
BFRG.US,5,20250930,213000,1.3864,1.3864,1.3864,1.3864,100,0
BFRG.US,5,20250930,215000,1.39,1.39,1.39,1.39,200,0
BFRG.US,5,20251001,153000,1.37,1.41,1.37,1.41,829,0
BFRG.US,5,20251001,153500,1.425,1.425,1.425,1.425,300,0
BFRG.US,5,20251001,154000,1.4415,1.4415,1.44,1.44,300,0
BFRG.US,5,20251001,154500,1.425,1.425,1.425,1.425,500,0
BFRG.US,5,20251001,155000,1.42,1.42,1.4,1.4,300,0
BFRG.US,5,20251001,155500,1.4,1.4012,1.4,1.4,1160,0
BFRG.US,5,20251001,160000,1.405,1.4262,1.39,1.41,5743,0
BFRG.US,5,20251001,160500,1.4242,1.425,1.405,1.425,3600,0
BFRG.US,5,20251001,161000,1.4374,1.4874,1.425,1.4646,38278,0
BFRG.US,5,20251001,161500,1.4601,1.52,1.45,1.5,41231,0
BFRG.US,5,20251001,162000,1.491,1.52,1.48,1.4892,43422,0
BFRG.US,5,20251001,162500,1.4813,1.5,1.48,1.485,5900,0
BFRG.US,5,20251001,163000,1.4725,1.4999,1.47,1.49,17900,0
BFRG.US,5,20251001,163500,1.4938,1.5,1.48,1.49,6602,0
BFRG.US,5,20251001,164000,1.48,1.493494,1.48,1.493494,3899,0
BFRG.US,5,20251001,164500,1.4879,1.52,1.4879,1.5,18125,0
BFRG.US,5,20251001,165000,1.5059,1.5059,1.495,1.5,3533,0
BFRG.US,5,20251001,165500,1.5,1.505,1.48,1.49,6929,0
BFRG.US,5,20251001,170000,1.4989,1.4989,1.4806,1.4899,1397,0
BFRG.US,5,20251001,170500,1.4814,1.4979,1.47,1.4979,5341,0
BFRG.US,5,20251001,171000,1.5,1.505,1.4999,1.5,4026,0
BFRG.US,5,20251001,171500,1.5,1.5117,1.5,1.5114,2897,0
BFRG.US,5,20251001,172000,1.5,1.5183,1.5,1.5,3000,0
BFRG.US,5,20251001,172500,1.5011,1.5196,1.5,1.5,3200,0
BFRG.US,5,20251001,173000,1.51,1.5194,1.5,1.5,2414,0
BFRG.US,5,20251001,173500,1.51,1.52,1.5,1.51,1500,0
BFRG.US,5,20251001,174000,1.51,1.5178,1.5,1.51,600,0
BFRG.US,5,20251001,174500,1.5,1.505,1.5,1.505,300,0
BFRG.US,5,20251001,175000,1.5087,1.5087,1.5087,1.5087,100,0
BFRG.US,5,20251001,175500,1.5091,1.5091,1.5,1.5,2168,0
BFRG.US,5,20251001,180000,1.505,1.505,1.5,1.5001,6729,0
BFRG.US,5,20251001,180500,1.5,1.51,1.5,1.505,9802,0
BFRG.US,5,20251001,181000,1.5,1.51,1.5,1.5,1075,0
BFRG.US,5,20251001,181500,1.51,1.5181,1.5,1.5,2499,0
BFRG.US,5,20251001,182000,1.5,1.51,1.5,1.51,300,0
BFRG.US,5,20251001,182500,1.51,1.51,1.51,1.51,100,0
BFRG.US,5,20251001,184000,1.5019,1.52,1.5,1.52,1200,0
BFRG.US,5,20251001,184500,1.5019,1.51,1.5,1.51,1250,0
BFRG.US,5,20251001,185000,1.5,1.51,1.5,1.51,400,0
BFRG.US,5,20251001,185500,1.5,1.51,1.5,1.51,200,0
BFRG.US,5,20251001,190000,1.5,1.51,1.5,1.51,1090,0
BFRG.US,5,20251001,190500,1.5,1.5,1.5,1.5,100,0
BFRG.US,5,20251001,191000,1.51,1.51,1.5,1.5,2297,0
BFRG.US,5,20251001,191500,1.5,1.51,1.5,1.5,800,0
BFRG.US,5,20251001,192000,1.51,1.51,1.51,1.51,933,0
BFRG.US,5,20251001,192500,1.51,1.54,1.5,1.51,13898,0
BFRG.US,5,20251001,193000,1.5,1.5099,1.5,1.5099,828,0
BFRG.US,5,20251001,193500,1.5,1.505,1.5,1.505,2218,0
BFRG.US,5,20251001,194000,1.5001,1.5001,1.5,1.5,894,0
BFRG.US,5,20251001,194500,1.5,1.5,1.5,1.5,100,0
BFRG.US,5,20251001,195000,1.51,1.51,1.5001,1.5001,4000,0
BFRG.US,5,20251001,195500,1.505,1.505,1.5,1.5,4787,0
BFRG.US,5,20251001,200500,1.489,1.489,1.489,1.489,2000,0
BFRG.US,5,20251001,201000,1.4701,1.4967,1.47,1.4967,8263,0
BFRG.US,5,20251001,201500,1.4833,1.4833,1.47,1.47,5500,0
BFRG.US,5,20251001,202000,1.4712,1.4753,1.4712,1.4753,800,0
BFRG.US,5,20251001,202500,1.4792,1.4792,1.4792,1.4792,100,0
BFRG.US,5,20251001,203000,1.48,1.48,1.48,1.48,100,0
BFRG.US,5,20251001,203500,1.4814,1.4814,1.4814,1.4814,1000,0
BFRG.US,5,20251001,204500,1.48,1.48,1.44,1.44,16443,0
BFRG.US,5,20251001,205000,1.44,1.44,1.44,1.44,162,0
BFRG.US,5,20251001,211000,1.46,1.46,1.46,1.46,999,0
BFRG.US,5,20251001,211500,1.46,1.4799,1.46,1.4799,6500,0
BFRG.US,5,20251001,212000,1.47,1.4733,1.44,1.44,6092,0
BFRG.US,5,20251001,213000,1.44,1.44,1.44,1.44,100,0
BFRG.US,5,20251001,213500,1.4501,1.465,1.4501,1.465,7699,0
BFRG.US,5,20251001,214000,1.48,1.48,1.46,1.46,1010,0
BFRG.US,5,20251001,214500,1.46,1.46,1.44,1.4401,12800,0
BFRG.US,5,20251001,215000,1.46,1.46,1.46,1.46,2030,0
BFRG.US,5,20251001,215500,1.47,1.47,1.44,1.45,1345,0
BFRG.US,5,20251002,153000,1.49,1.49,1.47,1.47,3021,0
BFRG.US,5,20251002,154500,1.4601,1.4601,1.4601,1.4601,110,0
BFRG.US,5,20251002,155000,1.45,1.4691,1.45,1.4691,7533,0
BFRG.US,5,20251002,155500,1.4501,1.47,1.4501,1.47,2196,0
BFRG.US,5,20251002,160500,1.4681,1.4681,1.4681,1.4681,200,0
BFRG.US,5,20251002,161500,1.4657,1.4657,1.45,1.4544,1110,0
BFRG.US,5,20251002,162500,1.437,1.4467,1.4,1.4467,4610,0
BFRG.US,5,20251002,163000,1.413,1.4294,1.41,1.4294,3187,0
BFRG.US,5,20251002,163500,1.43,1.43,1.43,1.43,100,0
BFRG.US,5,20251002,164000,1.455,1.455,1.45,1.45,500,0
BFRG.US,5,20251002,164500,1.4312,1.4312,1.4312,1.4312,100,0
BFRG.US,5,20251002,165500,1.447,1.4538,1.445,1.4538,2700,0
BFRG.US,5,20251002,171000,1.455,1.473,1.455,1.47,12148,0
BFRG.US,5,20251002,171500,1.4757,1.4757,1.4757,1.4757,1500,0
BFRG.US,5,20251002,172000,1.47,1.47,1.47,1.47,200,0
BFRG.US,5,20251002,173500,1.4706,1.4706,1.46,1.46,444,0
BFRG.US,5,20251002,174500,1.46,1.46,1.46,1.46,1000,0
BFRG.US,5,20251002,175000,1.46,1.46,1.46,1.46,4200,0
BFRG.US,5,20251002,175500,1.4687,1.4687,1.4687,1.4687,471,0
BFRG.US,5,20251002,180500,1.4614,1.4614,1.4614,1.4614,119,0
BFRG.US,5,20251002,181000,1.4713,1.48,1.46,1.48,602,0
BFRG.US,5,20251002,182000,1.444,1.46,1.42,1.4412,8991,0
BFRG.US,5,20251002,183000,1.46,1.48,1.46,1.48,400,0
BFRG.US,5,20251002,183500,1.4588,1.4588,1.4588,1.4588,150,0
BFRG.US,5,20251002,184000,1.452,1.452,1.452,1.452,250,0
BFRG.US,5,20251002,190000,1.465,1.465,1.465,1.465,500,0
BFRG.US,5,20251002,192500,1.48,1.48,1.48,1.48,5000,0
BFRG.US,5,20251002,193000,1.45,1.45,1.45,1.45,167,0
BFRG.US,5,20251002,193500,1.45,1.45,1.45,1.45,700,0
BFRG.US,5,20251002,194500,1.4672,1.4672,1.4672,1.4672,400,0
BFRG.US,5,20251002,195000,1.465,1.465,1.45,1.465,9356,0
BFRG.US,5,20251002,201500,1.47,1.47,1.47,1.47,5000,0
BFRG.US,5,20251002,202000,1.4608,1.475,1.46,1.475,600,0
BFRG.US,5,20251002,204500,1.461276,1.461276,1.461276,1.461276,500,0
BFRG.US,5,20251002,210000,1.45,1.45,1.45,1.45,2100,0
BFRG.US,5,20251002,210500,1.46,1.46,1.46,1.46,4100,0
BFRG.US,5,20251002,211000,1.4643,1.4698,1.4608,1.4698,2400,0
BFRG.US,5,20251002,212000,1.45,1.45,1.45,1.45,500,0
BFRG.US,5,20251002,213000,1.45,1.45,1.45,1.45,2305,0
BFRG.US,5,20251002,214000,1.47,1.47,1.4502,1.46,13006,0
BFRG.US,5,20251002,214500,1.4583,1.4583,1.4583,1.4583,2500,0
BFRG.US,5,20251002,215000,1.47,1.48,1.47,1.47,1167,0
BFRG.US,5,20251002,215500,1.46,1.48,1.46,1.48,1037,0
BFRG.US,5,20251003,153000,1.51,1.515,1.4895,1.4895,12393,0
BFRG.US,5,20251003,153500,1.485,1.485,1.4705,1.4705,2200,0
BFRG.US,5,20251003,154000,1.4751,1.5087,1.4701,1.4701,1005,0
BFRG.US,5,20251003,155000,1.52,1.52,1.47,1.47,5100,0
BFRG.US,5,20251003,160000,1.495,1.495,1.495,1.495,100,0
BFRG.US,5,20251003,160500,1.47,1.47,1.44,1.44,4678,0
BFRG.US,5,20251003,161000,1.5057,1.5057,1.5057,1.5057,200,0
BFRG.US,5,20251003,161500,1.485,1.52,1.42,1.455,19213,0
BFRG.US,5,20251003,162000,1.4765,1.4765,1.4765,1.4765,1500,0
BFRG.US,5,20251003,162500,1.479,1.52,1.479,1.52,9549,0
BFRG.US,5,20251003,163000,1.48,1.48,1.43,1.475,4674,0
BFRG.US,5,20251003,163500,1.4755,1.4755,1.4535,1.4535,2900,0
BFRG.US,5,20251003,164000,1.4864,1.4864,1.4864,1.4864,3000,0
BFRG.US,5,20251003,164500,1.4675,1.475,1.4675,1.475,1000,0
BFRG.US,5,20251003,165000,1.46,1.47,1.46,1.47,1666,0
BFRG.US,5,20251003,170000,1.48,1.48,1.48,1.48,100,0
BFRG.US,5,20251003,171000,1.5099,1.5099,1.49,1.49,623,0
BFRG.US,5,20251003,172000,1.48,1.48,1.48,1.48,1600,0
BFRG.US,5,20251003,172500,1.4859,1.4859,1.48,1.48,789,0
BFRG.US,5,20251003,173500,1.48,1.48,1.48,1.48,1931,0
BFRG.US,5,20251003,174500,1.475,1.48,1.47,1.4747,943,0
BFRG.US,5,20251003,181000,1.48,1.48,1.48,1.48,500,0
BFRG.US,5,20251003,181500,1.47,1.48,1.46,1.4611,8553,0
BFRG.US,5,20251003,182000,1.4851,1.4851,1.4851,1.4851,5380,0
BFRG.US,5,20251003,182500,1.46,1.46,1.46,1.46,100,0
BFRG.US,5,20251003,183500,1.4981,1.4981,1.4981,1.4981,114,0
BFRG.US,5,20251003,185000,1.47,1.48,1.47,1.47,1693,0
BFRG.US,5,20251003,185500,1.4799,1.4799,1.4799,1.4799,100,0
BFRG.US,5,20251003,190500,1.46,1.46,1.46,1.46,1300,0
BFRG.US,5,20251003,191000,1.4549,1.4549,1.4549,1.4549,171,0
BFRG.US,5,20251003,191500,1.465,1.4793,1.45,1.4659,2510,0
BFRG.US,5,20251003,192000,1.4794,1.4794,1.4794,1.4794,1000,0
BFRG.US,5,20251003,192500,1.4586,1.465,1.4586,1.465,666,0
BFRG.US,5,20251003,193000,1.46,1.46,1.45,1.45,240,0
BFRG.US,5,20251003,193500,1.47,1.47,1.47,1.47,100,0
BFRG.US,5,20251003,195000,1.45,1.45,1.45,1.45,651,0
BFRG.US,5,20251003,200000,1.44,1.44,1.43,1.431,2799,0
BFRG.US,5,20251003,200500,1.42,1.43,1.42,1.43,215,0
BFRG.US,5,20251003,201500,1.44,1.44,1.435,1.435,2900,0
BFRG.US,5,20251003,202500,1.45,1.4699,1.45,1.4699,342,0
BFRG.US,5,20251003,204000,1.44,1.4546,1.44,1.45,509,0
BFRG.US,5,20251003,204500,1.45,1.45,1.45,1.45,700,0
BFRG.US,5,20251003,205500,1.445,1.4475,1.435,1.4475,2602,0
BFRG.US,5,20251003,210500,1.435,1.44,1.435,1.44,560,0
BFRG.US,5,20251003,211000,1.44,1.44,1.44,1.44,200,0
BFRG.US,5,20251003,211500,1.44,1.44,1.44,1.44,300,0
BFRG.US,5,20251003,212000,1.44,1.44,1.44,1.44,100,0
BFRG.US,5,20251003,212500,1.44,1.44,1.44,1.44,300,0
BFRG.US,5,20251003,213000,1.44,1.44,1.43,1.44,578,0
BFRG.US,5,20251003,213500,1.42,1.44,1.42,1.43,10380,0
BFRG.US,5,20251003,214000,1.435,1.44,1.435,1.44,400,0
BFRG.US,5,20251003,215000,1.43,1.4484,1.43,1.445,1834,0
BFRG.US,5,20251003,215500,1.44,1.44,1.42,1.44,4125,0
BFRG.US,5,20251006,153000,1.44,1.44,1.44,1.44,1826,0
BFRG.US,5,20251006,153500,1.44,1.44,1.44,1.44,600,0
BFRG.US,5,20251006,154000,1.44,1.4408,1.44,1.44,3201,0
BFRG.US,5,20251006,154500,1.4416,1.46,1.4416,1.45,3444,0
BFRG.US,5,20251006,155500,1.4433,1.46,1.4433,1.46,2650,0
BFRG.US,5,20251006,160000,1.44,1.44,1.44,1.44,100,0
BFRG.US,5,20251006,160500,1.4417,1.4417,1.4417,1.4417,250,0
BFRG.US,5,20251006,161500,1.46,1.47,1.4559,1.47,1799,0
BFRG.US,5,20251006,162000,1.469,1.48,1.45,1.48,15284,0
BFRG.US,5,20251006,162500,1.5,1.5,1.48,1.4985,15097,0
BFRG.US,5,20251006,163000,1.4875,1.5139,1.4875,1.5,8412,0
BFRG.US,5,20251006,164000,1.5091,1.51,1.4894,1.4894,2864,0
BFRG.US,5,20251006,164500,1.49,1.4995,1.48,1.4995,2400,0
BFRG.US,5,20251006,165500,1.4975,1.4975,1.49,1.49,2345,0
BFRG.US,5,20251006,170000,1.4876,1.4876,1.4876,1.4876,100,0
BFRG.US,5,20251006,170500,1.48,1.48,1.48,1.48,250,0
BFRG.US,5,20251006,171000,1.4998,1.4998,1.489,1.489,1300,0
BFRG.US,5,20251006,171500,1.5,1.52,1.5,1.51,16349,0
BFRG.US,5,20251006,172000,1.5,1.51,1.4902,1.51,3000,0
BFRG.US,5,20251006,172500,1.5,1.5,1.5,1.5,500,0
BFRG.US,5,20251006,173000,1.51,1.5206,1.51,1.5206,500,0
BFRG.US,5,20251006,173500,1.53,1.53,1.5,1.5,1110,0
BFRG.US,5,20251006,174000,1.51,1.51,1.5,1.5,800,0
BFRG.US,5,20251006,174500,1.5,1.5,1.492,1.492,1099,0
BFRG.US,5,20251006,175000,1.5,1.5,1.5,1.5,100,0
BFRG.US,5,20251006,175500,1.505,1.51,1.49,1.51,2290,0
BFRG.US,5,20251006,180000,1.4952,1.4952,1.4952,1.4952,201,0
BFRG.US,5,20251006,180500,1.4965,1.4965,1.4965,1.4965,200,0
BFRG.US,5,20251006,181000,1.5,1.5,1.5,1.5,500,0
BFRG.US,5,20251006,181500,1.4912,1.4912,1.4912,1.4912,1000,0
BFRG.US,5,20251006,182000,1.4989,1.4994,1.4989,1.4994,1650,0
BFRG.US,5,20251006,182500,1.5,1.51,1.5,1.5,3031,0
BFRG.US,5,20251006,183500,1.49,1.49,1.49,1.49,1000,0
BFRG.US,5,20251006,184000,1.491,1.5,1.48,1.49,10814,0
BFRG.US,5,20251006,184500,1.49,1.49,1.49,1.49,391,0
BFRG.US,5,20251006,185000,1.5199,1.5199,1.4925,1.4925,2044,0
BFRG.US,5,20251006,190000,1.5,1.5,1.5,1.5,100,0
BFRG.US,5,20251006,190500,1.5,1.5,1.5,1.5,100,0
BFRG.US,5,20251006,192000,1.5,1.5,1.5,1.5,900,0
BFRG.US,5,20251006,192500,1.4954,1.5,1.48,1.48,26700,0
BFRG.US,5,20251006,193500,1.5,1.5,1.5,1.5,100,0
BFRG.US,5,20251006,194000,1.5,1.5,1.49,1.49,1000,0
BFRG.US,5,20251006,194500,1.48,1.49,1.48,1.49,2100,0
BFRG.US,5,20251006,200000,1.5,1.5,1.5,1.5,100,0
BFRG.US,5,20251006,200500,1.49,1.49,1.49,1.49,462,0
BFRG.US,5,20251006,201000,1.48,1.4837,1.48,1.4837,3390,0
BFRG.US,5,20251006,201500,1.4942,1.4942,1.48,1.48,300,0
BFRG.US,5,20251006,203000,1.495,1.5,1.495,1.5,1385,0
BFRG.US,5,20251006,203500,1.4998,1.5,1.4998,1.5,5100,0
BFRG.US,5,20251006,204000,1.5,1.5,1.5,1.5,100,0
BFRG.US,5,20251006,205500,1.5,1.51,1.5,1.5,3500,0
BFRG.US,5,20251006,210000,1.505,1.505,1.5,1.5,1500,0
BFRG.US,5,20251006,212000,1.5,1.5,1.5,1.5,100,0
BFRG.US,5,20251006,212500,1.495,1.5,1.495,1.5,1030,0
BFRG.US,5,20251006,213000,1.5001,1.51,1.5001,1.503,1072,0
BFRG.US,5,20251006,213500,1.5,1.505,1.49,1.5,1049,0
BFRG.US,5,20251006,215000,1.5,1.51,1.5,1.5,6600,0
BFRG.US,5,20251006,215500,1.5,1.5,1.495,1.5,2197,0
BFRG.US,5,20251007,153000,1.5,1.51,1.4899,1.5,7325,0
BFRG.US,5,20251007,153500,1.49,1.49,1.49,1.49,100,0
BFRG.US,5,20251007,154000,1.5,1.5,1.487,1.487,300,0
BFRG.US,5,20251007,154500,1.51,1.51,1.5,1.5,1375,0
BFRG.US,5,20251007,155000,1.49,1.49,1.49,1.49,500,0
BFRG.US,5,20251007,155500,1.4941,1.4941,1.4941,1.4941,100,0
BFRG.US,5,20251007,160000,1.5035,1.5199,1.5,1.5,1610,0
BFRG.US,5,20251007,160500,1.5,1.5,1.48,1.48,1600,0
BFRG.US,5,20251007,161000,1.4934,1.4988,1.4934,1.4988,6500,0
BFRG.US,5,20251007,161500,1.4984,1.51,1.489,1.51,2115,0
BFRG.US,5,20251007,162000,1.4847,1.4847,1.4847,1.4847,300,0
BFRG.US,5,20251007,162500,1.4904,1.495,1.4904,1.495,400,0
BFRG.US,5,20251007,163000,1.5055,1.5055,1.5,1.5,425,0
BFRG.US,5,20251007,163500,1.4824,1.4824,1.4824,1.4824,100,0
BFRG.US,5,20251007,164000,1.49,1.49,1.49,1.49,107,0
BFRG.US,5,20251007,164500,1.49,1.49,1.48,1.48,880,0
BFRG.US,5,20251007,165000,1.495,1.495,1.495,1.495,100,0
BFRG.US,5,20251007,170000,1.49,1.49,1.49,1.49,100,0
BFRG.US,5,20251007,170500,1.49,1.5,1.49,1.5,600,0
BFRG.US,5,20251007,171000,1.4935,1.51,1.4935,1.51,3300,0
BFRG.US,5,20251007,171500,1.485,1.485,1.45,1.48,14316,0
BFRG.US,5,20251007,172000,1.4702,1.475,1.462,1.462,3900,0
BFRG.US,5,20251007,172500,1.45,1.4501,1.45,1.4501,2000,0
BFRG.US,5,20251007,173500,1.4505,1.47,1.43,1.4401,8786,0
BFRG.US,5,20251007,174000,1.45,1.45,1.45,1.45,300,0
BFRG.US,5,20251007,174500,1.452067,1.46,1.452067,1.46,1100,0
BFRG.US,5,20251007,175500,1.45,1.45,1.45,1.45,500,0
BFRG.US,5,20251007,180000,1.46,1.46,1.46,1.46,527,0
BFRG.US,5,20251007,181000,1.45,1.45,1.45,1.45,300,0
BFRG.US,5,20251007,182500,1.45,1.4695,1.45,1.4695,597,0
BFRG.US,5,20251007,183000,1.47,1.47,1.47,1.47,700,0
BFRG.US,5,20251007,185000,1.485,1.485,1.485,1.485,100,0
BFRG.US,5,20251007,185500,1.485,1.485,1.485,1.485,200,0
BFRG.US,5,20251007,190500,1.49,1.49,1.49,1.49,1000,0
BFRG.US,5,20251007,191000,1.49,1.49,1.485,1.49,3977,0
BFRG.US,5,20251007,192500,1.48,1.48,1.46,1.46,4000,0
BFRG.US,5,20251007,193000,1.485,1.485,1.485,1.485,100,0
BFRG.US,5,20251007,193500,1.485,1.5,1.48,1.48,10161,0
BFRG.US,5,20251007,194000,1.48,1.48,1.48,1.48,100,0
BFRG.US,5,20251007,194500,1.4899,1.49,1.4899,1.49,400,0
BFRG.US,5,20251007,201000,1.4998,1.4998,1.4998,1.4998,333,0
BFRG.US,5,20251007,201500,1.499,1.499,1.499,1.499,360,0
BFRG.US,5,20251007,202000,1.4919,1.4919,1.4919,1.4919,2500,0
BFRG.US,5,20251007,202500,1.49,1.49,1.49,1.49,100,0
BFRG.US,5,20251007,203000,1.49,1.495,1.49,1.495,200,0
BFRG.US,5,20251007,203500,1.4903,1.4903,1.4903,1.4903,148,0
BFRG.US,5,20251007,204000,1.4903,1.4903,1.4903,1.4903,300,0
BFRG.US,5,20251007,204500,1.4903,1.495,1.49,1.49,2300,0
BFRG.US,5,20251007,205000,1.4902,1.4902,1.4902,1.4902,2000,0
BFRG.US,5,20251007,210000,1.49,1.5,1.49,1.5,1630,0
BFRG.US,5,20251007,210500,1.5,1.5,1.5,1.5,100,0
BFRG.US,5,20251007,212500,1.5,1.5,1.495,1.495,2700,0
BFRG.US,5,20251007,213000,1.5,1.5,1.5,1.5,485,0
BFRG.US,5,20251007,213500,1.5,1.5,1.49,1.49,751,0
BFRG.US,5,20251007,214000,1.5,1.5,1.4908,1.495,1689,0
BFRG.US,5,20251007,214500,1.4948,1.4948,1.4948,1.4948,300,0
BFRG.US,5,20251007,215000,1.5,1.5,1.5,1.5,500,0
BFRG.US,5,20251007,215500,1.5,1.51,1.48,1.49,5546,0
BFRG.US,5,20251008,153000,1.51,1.51,1.491,1.491,2393,0
BFRG.US,5,20251008,154500,1.51,1.51,1.51,1.51,149,0
BFRG.US,5,20251008,155500,1.5009,1.5009,1.5,1.5,379,0
BFRG.US,5,20251008,160000,1.5048,1.51,1.5,1.51,11950,0
BFRG.US,5,20251008,161000,1.52,1.52,1.5195,1.52,2250,0
BFRG.US,5,20251008,161500,1.52,1.5592,1.52,1.559,15071,0
BFRG.US,5,20251008,162000,1.5592,1.67,1.5585,1.6514,64545,0
BFRG.US,5,20251008,162500,1.636,1.645,1.58,1.62,34077,0
BFRG.US,5,20251008,163000,1.62,1.63,1.6,1.61,9104,0
BFRG.US,5,20251008,163500,1.6,1.62,1.6,1.602,2475,0
BFRG.US,5,20251008,164000,1.6104,1.6192,1.6,1.6192,3500,0
BFRG.US,5,20251008,164500,1.61,1.6199,1.582,1.6,12135,0
BFRG.US,5,20251008,165000,1.6,1.62,1.59,1.59,8435,0
BFRG.US,5,20251008,165500,1.61,1.61,1.61,1.61,250,0
BFRG.US,5,20251008,170000,1.61,1.61,1.5902,1.5997,2966,0
BFRG.US,5,20251008,170500,1.6,1.61,1.6,1.6056,981,0
BFRG.US,5,20251008,171000,1.61,1.62,1.6088,1.61,6181,0
BFRG.US,5,20251008,171500,1.62,1.6397,1.6,1.637,11115,0
BFRG.US,5,20251008,172000,1.639,1.65,1.61,1.65,22619,0
BFRG.US,5,20251008,172500,1.64,1.71,1.64,1.7005,37445,0
BFRG.US,5,20251008,173000,1.7048,1.73,1.7,1.71,32909,0
BFRG.US,5,20251008,173500,1.73,1.7736,1.71,1.76,56401,0
BFRG.US,5,20251008,174000,1.7762,1.85,1.7567,1.8005,123093,0
BFRG.US,5,20251008,174500,1.83,2.04,1.82,1.98,477172,0
BFRG.US,5,20251008,175000,1.97,2,1.71,1.74,1177206,0
BFRG.US,5,20251008,175500,1.74,1.77,1.67,1.74,606534,0
BFRG.US,5,20251008,180000,1.7391,1.76,1.7,1.72,251000,0
BFRG.US,5,20251008,180500,1.7187,1.82,1.7,1.7189,269252,0
BFRG.US,5,20251008,181000,1.715,1.72,1.63,1.6707,149734,0
BFRG.US,5,20251008,181500,1.675,1.68,1.63,1.65,121121,0
BFRG.US,5,20251008,182000,1.65,1.65,1.55,1.59,170989,0
BFRG.US,5,20251008,182500,1.5982,1.69,1.58,1.6198,52584,0
BFRG.US,5,20251008,183000,1.61,1.62,1.5836,1.5956,40108,0
BFRG.US,5,20251008,183500,1.595,1.645,1.5935,1.645,33535,0
BFRG.US,5,20251008,184000,1.64,1.645,1.6102,1.63,20518,0
BFRG.US,5,20251008,184500,1.635,1.66,1.62,1.65,44874,0
BFRG.US,5,20251008,185000,1.6317,1.65,1.62,1.62,25290,0
BFRG.US,5,20251008,185500,1.6222,1.64,1.62,1.63,6193,0
BFRG.US,5,20251008,190000,1.6369,1.65,1.631,1.645,19088,0
BFRG.US,5,20251008,190500,1.6498,1.65,1.63,1.63,8011,0
BFRG.US,5,20251008,191000,1.65,1.65,1.6397,1.65,6867,0
BFRG.US,5,20251008,191500,1.6456,1.6492,1.62,1.6206,16627,0
BFRG.US,5,20251008,192000,1.6282,1.63,1.62,1.625,15815,0
BFRG.US,5,20251008,192500,1.6299,1.63,1.62,1.625,21662,0
BFRG.US,5,20251008,193000,1.6209,1.6292,1.62,1.625,9841,0
BFRG.US,5,20251008,193500,1.625,1.625,1.58,1.6109,77145,0
BFRG.US,5,20251008,194000,1.619,1.6294,1.619,1.62,8742,0
BFRG.US,5,20251008,194500,1.62,1.63,1.62,1.6298,7038,0
BFRG.US,5,20251008,195000,1.63,1.64,1.6201,1.64,27938,0
BFRG.US,5,20251008,195500,1.63,1.6365,1.6252,1.6252,2060,0
BFRG.US,5,20251008,200000,1.63,1.66,1.63,1.64,25297,0
BFRG.US,5,20251008,200500,1.635,1.635,1.63,1.63,600,0
BFRG.US,5,20251008,201000,1.625,1.625,1.58,1.5861,25691,0
BFRG.US,5,20251008,201500,1.5899,1.6,1.581,1.6,25990,0
BFRG.US,5,20251008,202000,1.625,1.6485,1.5919,1.6,4800,0
BFRG.US,5,20251008,202500,1.6,1.61,1.59,1.59,25345,0
BFRG.US,5,20251008,203000,1.6061,1.6061,1.575,1.585,16221,0
BFRG.US,5,20251008,203500,1.585,1.5899,1.5806,1.5899,4303,0
BFRG.US,5,20251008,204000,1.5893,1.5899,1.55,1.565,25209,0
BFRG.US,5,20251008,204500,1.565,1.5699,1.5,1.5449,74924,0
BFRG.US,5,20251008,205000,1.53,1.5481,1.53,1.54,1352,0
BFRG.US,5,20251008,205500,1.5305,1.54,1.53,1.5355,7870,0
BFRG.US,5,20251008,210000,1.54,1.55,1.53,1.54,22797,0
BFRG.US,5,20251008,210500,1.53,1.535,1.51,1.5265,5610,0
BFRG.US,5,20251008,211000,1.525,1.53,1.51,1.51,10628,0
BFRG.US,5,20251008,211500,1.5155,1.5205,1.51,1.51,5695,0
BFRG.US,5,20251008,212000,1.52,1.52,1.5,1.5044,10544,0
BFRG.US,5,20251008,212500,1.5055,1.5099,1.5,1.5,2250,0
BFRG.US,5,20251008,213000,1.505,1.51,1.5,1.51,11675,0
BFRG.US,5,20251008,213500,1.5088,1.5088,1.5,1.5,2374,0
BFRG.US,5,20251008,214000,1.5,1.51,1.5,1.505,4982,0
BFRG.US,5,20251008,214500,1.5045,1.52,1.5,1.5085,26994,0
BFRG.US,5,20251008,215000,1.515,1.53,1.5135,1.525,13213,0
BFRG.US,5,20251008,215500,1.52,1.57,1.52,1.56,25617,0
BFRG.US,5,20251009,153000,1.56,1.57,1.5173,1.553,7598,0
BFRG.US,5,20251009,153500,1.5384,1.57,1.51,1.5101,4735,0
BFRG.US,5,20251009,154000,1.5222,1.55,1.515,1.5187,4970,0
BFRG.US,5,20251009,154500,1.55,1.55,1.5294,1.5294,1720,0
BFRG.US,5,20251009,155000,1.5207,1.5365,1.5207,1.53,4100,0
BFRG.US,5,20251009,155500,1.5398,1.5398,1.52,1.52,20485,0
BFRG.US,5,20251009,160000,1.5166,1.5166,1.5,1.51,31078,0
BFRG.US,5,20251009,160500,1.5009,1.5033,1.4902,1.5,5233,0
BFRG.US,5,20251009,161000,1.52,1.5243,1.5,1.5243,4495,0
BFRG.US,5,20251009,161500,1.52,1.52,1.52,1.52,2144,0
BFRG.US,5,20251009,162000,1.5256,1.53,1.52,1.5235,5394,0
BFRG.US,5,20251009,162500,1.5294,1.5294,1.525,1.525,3900,0
BFRG.US,5,20251009,163000,1.5209,1.5209,1.5209,1.5209,200,0
BFRG.US,5,20251009,163500,1.525,1.525,1.48,1.4892,17351,0
BFRG.US,5,20251009,164000,1.4851,1.49,1.47,1.47,11063,0
BFRG.US,5,20251009,164500,1.48,1.4802,1.43,1.4584,12651,0
BFRG.US,5,20251009,165000,1.46,1.46,1.44,1.44,630,0
BFRG.US,5,20251009,165500,1.4544,1.4668,1.4544,1.4668,700,0
BFRG.US,5,20251009,170000,1.455,1.4666,1.44,1.455,5675,0
BFRG.US,5,20251009,170500,1.4586,1.46,1.43,1.45,16841,0
BFRG.US,5,20251009,171000,1.4577,1.4577,1.43,1.43,25000,0
BFRG.US,5,20251009,171500,1.45,1.465,1.45,1.465,3061,0
BFRG.US,5,20251009,172000,1.4717,1.4722,1.4644,1.4722,504,0
BFRG.US,5,20251009,172500,1.46,1.46,1.46,1.46,521,0
BFRG.US,5,20251009,173000,1.4557,1.46,1.4301,1.4301,2300,0
BFRG.US,5,20251009,173500,1.4546,1.4546,1.43,1.4473,2350,0
BFRG.US,5,20251009,174000,1.4599,1.46,1.4599,1.46,5500,0
BFRG.US,5,20251009,174500,1.45,1.46,1.4402,1.4402,3400,0
BFRG.US,5,20251009,175000,1.45,1.46,1.45,1.45,2740,0
BFRG.US,5,20251009,175500,1.45,1.4509,1.45,1.4509,1200,0
BFRG.US,5,20251009,180000,1.4579,1.46,1.4501,1.46,4349,0
BFRG.US,5,20251009,180500,1.45,1.45,1.445,1.445,377,0
BFRG.US,5,20251009,181000,1.46,1.465,1.46,1.465,1200,0
BFRG.US,5,20251009,181500,1.45,1.4755,1.45,1.4755,1250,0
BFRG.US,5,20251009,182000,1.45,1.45,1.45,1.45,1399,0
BFRG.US,5,20251009,182500,1.465,1.465,1.44,1.4404,12419,0
BFRG.US,5,20251009,183500,1.44,1.44,1.44,1.44,2752,0
BFRG.US,5,20251009,184500,1.44,1.46,1.44,1.44,6517,0
BFRG.US,5,20251009,185000,1.43,1.4543,1.43,1.43,933,0
BFRG.US,5,20251009,185500,1.43,1.43,1.43,1.43,100,0
BFRG.US,5,20251009,190000,1.44,1.4443,1.42,1.43,12745,0
BFRG.US,5,20251009,190500,1.43,1.43,1.4259,1.4259,608,0
BFRG.US,5,20251009,191000,1.4312,1.4312,1.42,1.42,7437,0
BFRG.US,5,20251009,191500,1.4202,1.43,1.4,1.4071,11737,0
BFRG.US,5,20251009,192000,1.4081,1.415,1.4,1.41,11139,0
BFRG.US,5,20251009,192500,1.41,1.4264,1.4,1.41,1598,0
BFRG.US,5,20251009,193000,1.4162,1.4282,1.41,1.4282,8405,0
BFRG.US,5,20251009,194000,1.44,1.47,1.42,1.47,12352,0
BFRG.US,5,20251009,194500,1.47,1.4876,1.455,1.4736,30526,0
BFRG.US,5,20251009,195000,1.4601,1.47,1.4601,1.4601,2530,0
BFRG.US,5,20251009,195500,1.461,1.47,1.46,1.46,6400,0
BFRG.US,5,20251009,200000,1.4691,1.4691,1.4616,1.4616,750,0
BFRG.US,5,20251009,200500,1.4712,1.48,1.4712,1.48,3075,0
BFRG.US,5,20251009,202000,1.465,1.465,1.465,1.465,450,0
BFRG.US,5,20251009,202500,1.4611,1.4612,1.46,1.4612,566,0
BFRG.US,5,20251009,203500,1.47,1.47,1.47,1.47,1408,0
BFRG.US,5,20251009,204000,1.461,1.461,1.461,1.461,300,0
BFRG.US,5,20251009,204500,1.4645,1.47,1.4645,1.465,2866,0
BFRG.US,5,20251009,205000,1.465,1.47,1.4648,1.4648,1730,0
BFRG.US,5,20251009,210000,1.4656,1.4656,1.4656,1.4656,100,0
BFRG.US,5,20251009,210500,1.465,1.468,1.465,1.468,200,0
BFRG.US,5,20251009,211000,1.4687,1.4687,1.46,1.465,1300,0
BFRG.US,5,20251009,211500,1.46,1.46,1.46,1.46,1806,0
BFRG.US,5,20251009,212500,1.46,1.465,1.46,1.465,300,0
BFRG.US,5,20251009,213000,1.4601,1.47,1.46,1.47,1300,0
BFRG.US,5,20251009,213500,1.46,1.4656,1.46,1.465,1300,0
BFRG.US,5,20251009,214000,1.46,1.4618,1.46,1.46,2048,0
BFRG.US,5,20251009,214500,1.46,1.46,1.46,1.46,605,0
BFRG.US,5,20251009,215000,1.46,1.46,1.45,1.45,1150,0
BFRG.US,5,20251009,215500,1.45,1.455,1.43,1.43,12909,0
BFRG.US,5,20251010,153000,1.43,1.43,1.4001,1.4213,33096,0
BFRG.US,5,20251010,153500,1.4379,1.4379,1.431,1.431,200,0
BFRG.US,5,20251010,154000,1.425,1.425,1.42,1.4208,700,0
BFRG.US,5,20251010,154500,1.425,1.425,1.4201,1.4201,4075,0
BFRG.US,5,20251010,155000,1.4211,1.425,1.4202,1.4235,2857,0
BFRG.US,5,20251010,155500,1.42,1.42,1.42,1.42,1377,0
BFRG.US,5,20251010,160000,1.42,1.42,1.401,1.401,17439,0
BFRG.US,5,20251010,160500,1.4,1.4089,1.4,1.405,2986,0
BFRG.US,5,20251010,161000,1.4001,1.41,1.4,1.405,7251,0
BFRG.US,5,20251010,161500,1.41,1.41,1.41,1.41,100,0
BFRG.US,5,20251010,162000,1.4068,1.41,1.4,1.405,13300,0
BFRG.US,5,20251010,162500,1.405,1.4087,1.4011,1.4087,1767,0
BFRG.US,5,20251010,163000,1.41,1.41,1.4099,1.41,641,0
BFRG.US,5,20251010,163500,1.405,1.405,1.405,1.405,5213,0
BFRG.US,5,20251010,164000,1.405,1.41,1.4,1.41,3400,0
BFRG.US,5,20251010,164500,1.4046,1.4297,1.4046,1.4297,5828,0
BFRG.US,5,20251010,165000,1.41,1.417,1.4032,1.4032,1310,0
BFRG.US,5,20251010,165500,1.4279,1.4282,1.4279,1.4282,350,0
BFRG.US,5,20251010,170000,1.4056,1.415,1.4,1.4,3841,0
BFRG.US,5,20251010,170500,1.4043,1.4043,1.4,1.4002,2500,0
BFRG.US,5,20251010,171000,1.4001,1.4069,1.4,1.4,2941,0
BFRG.US,5,20251010,171500,1.4,1.405,1.4,1.405,11094,0
BFRG.US,5,20251010,172500,1.4,1.4,1.3,1.3492,78481,0
BFRG.US,5,20251010,173000,1.34,1.34,1.3003,1.3003,12445,0
BFRG.US,5,20251010,173500,1.3181,1.32,1.31,1.3198,4100,0
BFRG.US,5,20251010,174000,1.3192,1.32,1.3077,1.32,6327,0
BFRG.US,5,20251010,174500,1.3168,1.33,1.31,1.32,12050,0
BFRG.US,5,20251010,175000,1.32,1.3281,1.31,1.32,7300,0
BFRG.US,5,20251010,175500,1.31,1.32,1.31,1.32,482,0
BFRG.US,5,20251010,180000,1.32,1.32,1.31,1.31,1948,0
BFRG.US,5,20251010,180500,1.3101,1.3101,1.2901,1.2999,24237,0
BFRG.US,5,20251010,181000,1.2999,1.2999,1.292,1.292,2200,0
BFRG.US,5,20251010,181500,1.29,1.2988,1.29,1.2988,7360,0
BFRG.US,5,20251010,182000,1.3,1.3094,1.3,1.3094,6300,0
BFRG.US,5,20251010,182500,1.3044,1.31,1.3044,1.31,5155,0
BFRG.US,5,20251010,183000,1.3098,1.3098,1.29,1.29,3038,0
BFRG.US,5,20251010,183500,1.295,1.2993,1.2801,1.2803,5063,0
BFRG.US,5,20251010,184000,1.2913,1.3057,1.29,1.3057,1407,0
BFRG.US,5,20251010,184500,1.3,1.3,1.3,1.3,520,0
BFRG.US,5,20251010,185000,1.29,1.31,1.29,1.3,15731,0
BFRG.US,5,20251010,185500,1.3001,1.3001,1.3001,1.3001,1000,0
BFRG.US,5,20251010,190000,1.295,1.295,1.29,1.29,700,0
BFRG.US,5,20251010,190500,1.2902,1.2902,1.285,1.285,2161,0
BFRG.US,5,20251010,191000,1.2807,1.2848,1.28,1.28,7729,0
BFRG.US,5,20251010,191500,1.285,1.2883,1.285,1.2883,220,0
BFRG.US,5,20251010,192000,1.285,1.29,1.285,1.29,2500,0
BFRG.US,5,20251010,192500,1.2991,1.3,1.2991,1.3,2000,0
BFRG.US,5,20251010,193000,1.29,1.2998,1.29,1.2998,2363,0
BFRG.US,5,20251010,193500,1.2888,1.3,1.2888,1.3,300,0
BFRG.US,5,20251010,194000,1.29,1.29,1.29,1.29,210,0
BFRG.US,5,20251010,194500,1.29,1.299,1.29,1.295,4250,0
BFRG.US,5,20251010,195000,1.29,1.3,1.28,1.3,12550,0
BFRG.US,5,20251010,195500,1.29,1.295,1.29,1.29,2495,0
BFRG.US,5,20251010,200000,1.29,1.3,1.29,1.3,4055,0
BFRG.US,5,20251010,200500,1.285,1.29,1.285,1.2897,4296,0
BFRG.US,5,20251010,201000,1.285,1.2893,1.285,1.2893,1114,0
BFRG.US,5,20251010,201500,1.285,1.285,1.285,1.285,4200,0
BFRG.US,5,20251010,202000,1.285,1.2899,1.285,1.2899,749,0
BFRG.US,5,20251010,202500,1.289,1.289,1.28,1.285,1950,0
BFRG.US,5,20251010,203000,1.29,1.29,1.2801,1.2899,4960,0
BFRG.US,5,20251010,203500,1.285,1.285,1.281,1.281,2625,0
BFRG.US,5,20251010,204000,1.28,1.285,1.28,1.285,528,0
BFRG.US,5,20251010,204500,1.2882,1.2882,1.2881,1.2881,262,0
BFRG.US,5,20251010,205000,1.28,1.28,1.28,1.28,2730,0
BFRG.US,5,20251010,205500,1.2869,1.2895,1.28,1.2895,450,0
BFRG.US,5,20251010,210000,1.285,1.2898,1.2849,1.2849,5096,0
BFRG.US,5,20251010,210500,1.285,1.2892,1.28,1.28,1503,0
BFRG.US,5,20251010,211000,1.2897,1.2897,1.28,1.28,600,0
BFRG.US,5,20251010,211500,1.285,1.31,1.285,1.305,5758,0
BFRG.US,5,20251010,212000,1.31,1.3101,1.31,1.31,10055,0
BFRG.US,5,20251010,212500,1.32,1.34,1.3101,1.314,32002,0
BFRG.US,5,20251010,213000,1.33,1.35,1.3107,1.35,15100,0
BFRG.US,5,20251010,213500,1.35,1.37,1.35,1.37,2564,0
BFRG.US,5,20251010,214000,1.3399,1.3399,1.3376,1.3376,200,0
BFRG.US,5,20251010,215000,1.33,1.33,1.3087,1.3087,407,0
BFRG.US,5,20251010,215500,1.3152,1.325,1.3134,1.325,1043,0
BFRG.US,5,20251013,153000,1.3665,1.3665,1.34,1.34,1502,0
BFRG.US,5,20251013,153500,1.35,1.35,1.35,1.35,162,0
BFRG.US,5,20251013,154000,1.3407,1.35,1.34,1.3403,8365,0
BFRG.US,5,20251013,154500,1.35,1.3599,1.35,1.3599,5202,0
BFRG.US,5,20251013,155000,1.337,1.35,1.337,1.34,3500,0
BFRG.US,5,20251013,160000,1.341,1.36,1.341,1.36,4311,0
BFRG.US,5,20251013,160500,1.36,1.39,1.3595,1.3799,10826,0
BFRG.US,5,20251013,161000,1.3795,1.38,1.3501,1.365,4240,0
BFRG.US,5,20251013,161500,1.3552,1.3552,1.3552,1.3552,200,0
BFRG.US,5,20251013,162000,1.3787,1.3787,1.3785,1.3785,1500,0
BFRG.US,5,20251013,162500,1.3705,1.3705,1.365,1.365,1225,0
BFRG.US,5,20251013,163000,1.36,1.36,1.36,1.36,200,0
BFRG.US,5,20251013,163500,1.3608,1.38,1.3601,1.3601,2106,0
BFRG.US,5,20251013,164500,1.3609,1.3646,1.3609,1.3646,575,0
BFRG.US,5,20251013,165000,1.3715,1.3715,1.3715,1.3715,231,0
BFRG.US,5,20251013,170500,1.3722,1.3722,1.3722,1.3722,300,0
BFRG.US,5,20251013,171000,1.39,1.39,1.39,1.39,1000,0
BFRG.US,5,20251013,172000,1.39,1.4,1.39,1.4,5999,0
BFRG.US,5,20251013,172500,1.39,1.39,1.39,1.39,100,0
BFRG.US,5,20251013,173000,1.3984,1.3984,1.39,1.39,2368,0
BFRG.US,5,20251013,173500,1.3982,1.3982,1.3982,1.3982,500,0
BFRG.US,5,20251013,174000,1.3913,1.3913,1.385,1.385,1190,0
BFRG.US,5,20251013,174500,1.39,1.39,1.39,1.39,900,0
BFRG.US,5,20251013,175000,1.3902,1.3902,1.3902,1.3902,100,0
BFRG.US,5,20251013,180500,1.4,1.4,1.4,1.4,1100,0
BFRG.US,5,20251013,181000,1.3901,1.3901,1.3901,1.3901,5000,0
BFRG.US,5,20251013,181500,1.395,1.3971,1.395,1.3971,1200,0
BFRG.US,5,20251013,182500,1.3997,1.3997,1.39,1.39,545,0
BFRG.US,5,20251013,183500,1.395,1.395,1.395,1.395,4500,0
BFRG.US,5,20251013,184000,1.3997,1.4,1.3997,1.4,920,0
BFRG.US,5,20251013,184500,1.3969,1.3969,1.3944,1.3944,300,0
BFRG.US,5,20251013,185000,1.39,1.39,1.37,1.38,10559,0
BFRG.US,5,20251013,185500,1.385,1.385,1.3707,1.3707,400,0
BFRG.US,5,20251013,190000,1.3832,1.3832,1.3832,1.3832,200,0
BFRG.US,5,20251013,190500,1.38,1.3945,1.38,1.3945,314,0
BFRG.US,5,20251013,191000,1.385,1.385,1.38,1.38,208,0
BFRG.US,5,20251013,191500,1.39,1.39,1.38,1.38,1800,0
BFRG.US,5,20251013,193500,1.3846,1.3846,1.3846,1.3846,100,0
BFRG.US,5,20251013,194500,1.385,1.3891,1.385,1.3891,799,0
BFRG.US,5,20251013,195500,1.3899,1.3899,1.38,1.38,4800,0
BFRG.US,5,20251013,200000,1.3725,1.3725,1.3721,1.3721,500,0
BFRG.US,5,20251013,200500,1.3786,1.3786,1.3786,1.3786,1000,0
BFRG.US,5,20251013,201500,1.38,1.38,1.38,1.38,100,0
BFRG.US,5,20251013,202000,1.3899,1.39,1.3895,1.39,3983,0
BFRG.US,5,20251013,202500,1.39,1.39,1.39,1.39,573,0
BFRG.US,5,20251013,203000,1.39,1.4,1.3898,1.4,2463,0
BFRG.US,5,20251013,203500,1.4024,1.42,1.4024,1.411,2527,0
BFRG.US,5,20251013,204000,1.406567,1.406567,1.405,1.405,200,0
BFRG.US,5,20251013,204500,1.4,1.4,1.4,1.4,112,0
BFRG.US,5,20251013,205000,1.41,1.41,1.405,1.41,4833,0
BFRG.US,5,20251013,205500,1.4025,1.4025,1.4025,1.4025,1500,0
BFRG.US,5,20251013,210500,1.41,1.41,1.41,1.41,148,0
BFRG.US,5,20251013,211000,1.41,1.41,1.41,1.41,100,0
BFRG.US,5,20251013,211500,1.41,1.41,1.4001,1.41,5047,0
BFRG.US,5,20251013,212000,1.41,1.41,1.41,1.41,1650,0
BFRG.US,5,20251013,212500,1.4187,1.44,1.4187,1.44,2222,0
BFRG.US,5,20251013,213000,1.43,1.44,1.42,1.44,13558,0
BFRG.US,5,20251013,213500,1.445,1.445,1.445,1.445,200,0
BFRG.US,5,20251013,214000,1.45,1.5073,1.45,1.4936,20712,0
BFRG.US,5,20251013,214500,1.491,1.5,1.48,1.5,3052,0
BFRG.US,5,20251013,215000,1.49,1.49,1.49,1.49,1650,0
BFRG.US,5,20251013,215500,1.49,1.5,1.4801,1.49,9390,0
BFRG.US,5,20251014,153000,1.46,1.46,1.44,1.45,10132,0
BFRG.US,5,20251014,153500,1.4325,1.4325,1.4325,1.4325,100,0
BFRG.US,5,20251014,154000,1.4313,1.4475,1.43,1.4475,7343,0
BFRG.US,5,20251014,154500,1.445,1.445,1.43,1.445,1288,0
BFRG.US,5,20251014,155000,1.449824,1.449824,1.449824,1.449824,300,0
BFRG.US,5,20251014,155500,1.4599,1.4599,1.4599,1.4599,500,0
BFRG.US,5,20251014,160500,1.4551,1.4551,1.4551,1.4551,200,0
BFRG.US,5,20251014,161000,1.44,1.445,1.44,1.4444,1464,0
BFRG.US,5,20251014,163000,1.4508,1.49,1.4501,1.49,1704,0
BFRG.US,5,20251014,163500,1.4899,1.4899,1.4899,1.4899,667,0
BFRG.US,5,20251014,164000,1.47,1.47,1.44,1.465,423,0
BFRG.US,5,20251014,165000,1.4405,1.4405,1.4405,1.4405,382,0
BFRG.US,5,20251014,170500,1.44,1.46,1.44,1.46,200,0
BFRG.US,5,20251014,171000,1.45,1.45,1.44,1.44,350,0
BFRG.US,5,20251014,171500,1.45,1.45,1.45,1.45,200,0
BFRG.US,5,20251014,172000,1.4402,1.4402,1.4402,1.4402,200,0
BFRG.US,5,20251014,172500,1.4599,1.46,1.4599,1.46,1100,0
BFRG.US,5,20251014,173000,1.46,1.46,1.46,1.46,100,0
BFRG.US,5,20251014,173500,1.465,1.48,1.465,1.48,1304,0
BFRG.US,5,20251014,174500,1.49,1.49,1.48,1.48,718,0
BFRG.US,5,20251014,175500,1.4723,1.4723,1.4723,1.4723,900,0
BFRG.US,5,20251014,180500,1.49,1.49,1.4805,1.4805,2100,0
BFRG.US,5,20251014,181000,1.48,1.48,1.48,1.48,2775,0
BFRG.US,5,20251014,181500,1.47,1.47,1.47,1.47,200,0
BFRG.US,5,20251014,182000,1.48,1.48,1.48,1.48,2500,0
BFRG.US,5,20251014,182500,1.47,1.4792,1.47,1.4792,450,0
BFRG.US,5,20251014,183000,1.5,1.52,1.4963,1.52,5666,0
BFRG.US,5,20251014,183500,1.52,1.52,1.5,1.51,4380,0
BFRG.US,5,20251014,184000,1.505,1.51,1.4744,1.4744,11628,0
BFRG.US,5,20251014,185500,1.46,1.46,1.46,1.46,2393,0
BFRG.US,5,20251014,191000,1.46,1.4997,1.46,1.461116,18042,0
BFRG.US,5,20251014,191500,1.45,1.49,1.45,1.49,1600,0
BFRG.US,5,20251014,192000,1.4708,1.49,1.4534,1.4534,5737,0
BFRG.US,5,20251014,192500,1.475,1.49,1.475,1.49,350,0
BFRG.US,5,20251014,193000,1.485,1.485,1.485,1.485,100,0
BFRG.US,5,20251014,193500,1.48,1.5,1.4604,1.5,2400,0
BFRG.US,5,20251014,194500,1.4879,1.4879,1.47,1.472,15576,0
BFRG.US,5,20251014,195500,1.495,1.495,1.495,1.495,300,0
BFRG.US,5,20251014,200500,1.5,1.5,1.4847,1.4847,1200,0
BFRG.US,5,20251014,201000,1.5,1.52,1.48,1.52,850,0
BFRG.US,5,20251014,201500,1.5,1.5,1.5,1.5,300,0
BFRG.US,5,20251014,202000,1.5,1.5,1.5,1.5,200,0
BFRG.US,5,20251014,202500,1.4845,1.5,1.4845,1.5,400,0
BFRG.US,5,20251014,203000,1.495,1.5,1.495,1.495,300,0
BFRG.US,5,20251014,203500,1.48,1.505,1.48,1.505,2144,0
BFRG.US,5,20251014,204000,1.471,1.48,1.47,1.48,1007,0
BFRG.US,5,20251014,204500,1.49,1.52,1.4799,1.48,51191,0
BFRG.US,5,20251014,205000,1.495,1.495,1.495,1.495,200,0
BFRG.US,5,20251014,205500,1.5,1.5,1.5,1.5,200,0
BFRG.US,5,20251014,210000,1.498,1.5,1.498,1.5,200,0
BFRG.US,5,20251014,210500,1.5,1.5,1.5,1.5,200,0
BFRG.US,5,20251014,211000,1.5,1.5,1.47,1.47,766,0
BFRG.US,5,20251014,211500,1.5,1.5,1.4828,1.4983,800,0
BFRG.US,5,20251014,212000,1.5,1.5,1.48,1.5,956,0
BFRG.US,5,20251014,212500,1.495,1.495,1.49,1.49,3556,0
BFRG.US,5,20251014,213000,1.49,1.49,1.48,1.49,5353,0
BFRG.US,5,20251014,213500,1.47,1.47,1.455,1.455,2550,0
BFRG.US,5,20251014,214000,1.46,1.46,1.45,1.45,1959,0
BFRG.US,5,20251014,214500,1.465,1.465,1.465,1.465,700,0
BFRG.US,5,20251014,215000,1.49,1.49,1.49,1.49,100,0
BFRG.US,5,20251014,215500,1.49,1.49,1.45,1.45,1713,0
BFRG.US,5,20251015,153000,1.52,1.52,1.5188,1.5188,1513,0
BFRG.US,5,20251015,153500,1.4901,1.4901,1.4901,1.4901,500,0
BFRG.US,5,20251015,154000,1.49,1.49,1.46,1.46,10530,0
BFRG.US,5,20251015,154500,1.49,1.53,1.49,1.53,16957,0
BFRG.US,5,20251015,155000,1.5301,1.531,1.53,1.531,900,0
BFRG.US,5,20251015,155500,1.53,1.5696,1.53,1.5696,17123,0
BFRG.US,5,20251015,160000,1.5699,1.5999,1.5487,1.5815,28557,0
BFRG.US,5,20251015,160500,1.6,1.7,1.6,1.66,63797,0
BFRG.US,5,20251015,161000,1.6522,1.6522,1.565,1.565,50683,0
BFRG.US,5,20251015,161500,1.5643,1.5999,1.56,1.5994,8197,0
BFRG.US,5,20251015,162000,1.58,1.59,1.575,1.575,2573,0
BFRG.US,5,20251015,162500,1.571,1.58,1.56,1.57,12818,0
BFRG.US,5,20251015,163000,1.57,1.58,1.57,1.58,200,0
BFRG.US,5,20251015,163500,1.57,1.57,1.565,1.565,1204,0
BFRG.US,5,20251015,164000,1.57,1.57,1.565,1.565,2100,0
BFRG.US,5,20251015,164500,1.565,1.5739,1.565,1.5739,800,0
BFRG.US,5,20251015,165000,1.5731,1.58,1.57,1.57,7400,0
BFRG.US,5,20251015,165500,1.57,1.57,1.56,1.57,850,0
BFRG.US,5,20251015,170000,1.57,1.57,1.57,1.57,100,0
BFRG.US,5,20251015,170500,1.56,1.5799,1.56,1.5799,1397,0
BFRG.US,5,20251015,171000,1.57,1.58,1.56,1.5601,4547,0
BFRG.US,5,20251015,171500,1.57,1.578,1.56,1.565,12441,0
BFRG.US,5,20251015,172000,1.56,1.58,1.56,1.57,1900,0
BFRG.US,5,20251015,172500,1.57,1.59,1.57,1.57,2701,0
BFRG.US,5,20251015,173000,1.57,1.57,1.57,1.57,100,0
BFRG.US,5,20251015,173500,1.5752,1.5752,1.535,1.5499,9073,0
BFRG.US,5,20251015,174000,1.55,1.56,1.52,1.5452,13003,0
BFRG.US,5,20251015,174500,1.5101,1.54,1.5,1.533,3300,0
BFRG.US,5,20251015,175000,1.51,1.52,1.51,1.52,785,0
BFRG.US,5,20251015,175500,1.5488,1.5488,1.5488,1.5488,700,0
BFRG.US,5,20251015,180000,1.52,1.525,1.5,1.5,11600,0
BFRG.US,5,20251015,180500,1.5,1.5,1.5,1.5,100,0
BFRG.US,5,20251015,181500,1.5,1.529,1.5,1.529,7632,0
BFRG.US,5,20251015,182000,1.48,1.5,1.48,1.5,5200,0
BFRG.US,5,20251015,183000,1.49,1.49,1.49,1.49,300,0
BFRG.US,5,20251015,183500,1.51,1.51,1.49,1.49,5310,0
BFRG.US,5,20251015,184000,1.5,1.5,1.5,1.5,100,0
BFRG.US,5,20251015,184500,1.4976,1.4976,1.4976,1.4976,214,0
BFRG.US,5,20251015,185000,1.52,1.52,1.5,1.5,1100,0
BFRG.US,5,20251015,185500,1.5,1.5,1.5,1.5,200,0
BFRG.US,5,20251015,190500,1.5001,1.5001,1.5001,1.5001,496,0
BFRG.US,5,20251015,191000,1.49,1.492,1.46,1.475,24009,0
BFRG.US,5,20251015,191500,1.47,1.47,1.45,1.47,10871,0
BFRG.US,5,20251015,192000,1.4791,1.4829,1.4791,1.4829,350,0
BFRG.US,5,20251015,192500,1.45,1.45,1.45,1.45,150,0
BFRG.US,5,20251015,193000,1.4756,1.4756,1.4756,1.4756,222,0
BFRG.US,5,20251015,194500,1.465,1.465,1.465,1.465,163,0
BFRG.US,5,20251015,195500,1.4601,1.4601,1.4601,1.4601,500,0
BFRG.US,5,20251015,200000,1.4722,1.4722,1.4722,1.4722,190,0
BFRG.US,5,20251015,200500,1.465,1.465,1.4602,1.4602,880,0
BFRG.US,5,20251015,201500,1.4792,1.4792,1.4792,1.4792,500,0
BFRG.US,5,20251015,202000,1.48,1.48,1.48,1.48,158,0
BFRG.US,5,20251015,203000,1.4899,1.4899,1.4899,1.4899,587,0
BFRG.US,5,20251015,203500,1.4702,1.4702,1.4702,1.4702,125,0
BFRG.US,5,20251015,204000,1.4899,1.5,1.477,1.5,11788,0
BFRG.US,5,20251015,204500,1.4782,1.4782,1.4782,1.4782,300,0
BFRG.US,5,20251015,205000,1.49,1.5099,1.49,1.5,388,0
BFRG.US,5,20251015,205500,1.4999,1.4999,1.46,1.48,19505,0
BFRG.US,5,20251015,210000,1.48,1.48,1.45,1.45,600,0
BFRG.US,5,20251015,211000,1.475,1.5,1.47,1.5,1750,0
BFRG.US,5,20251015,211500,1.48,1.5,1.47,1.49,10500,0
BFRG.US,5,20251015,212500,1.495,1.5,1.495,1.5,1550,0
BFRG.US,5,20251015,214000,1.51,1.51,1.495,1.495,1100,0
BFRG.US,5,20251015,214500,1.5,1.5199,1.5,1.5,1300,0
BFRG.US,5,20251015,215000,1.5143,1.5143,1.51,1.51,1688,0
BFRG.US,5,20251015,215500,1.51,1.53,1.49,1.51,3934,0
BFRG.US,5,20251016,153000,1.54,1.5675,1.52,1.5675,6568,0
BFRG.US,5,20251016,153500,1.55,1.565,1.55,1.565,2250,0
BFRG.US,5,20251016,154000,1.57,1.57587,1.57,1.57587,350,0
BFRG.US,5,20251016,154500,1.56,1.56,1.56,1.56,154,0
BFRG.US,5,20251016,155000,1.5735,1.5735,1.5665,1.5665,2711,0
BFRG.US,5,20251016,155500,1.565,1.57,1.56,1.5665,5000,0
BFRG.US,5,20251016,160000,1.565,1.565,1.5601,1.565,3350,0
BFRG.US,5,20251016,160500,1.565,1.565,1.535,1.535,6764,0
BFRG.US,5,20251016,161000,1.52,1.54,1.505,1.505,11100,0
BFRG.US,5,20251016,161500,1.53,1.54,1.51,1.54,1300,0
BFRG.US,5,20251016,162000,1.54,1.5495,1.51,1.52,7130,0
BFRG.US,5,20251016,163500,1.54,1.54,1.54,1.54,900,0
BFRG.US,5,20251016,164000,1.53,1.53,1.53,1.53,320,0
BFRG.US,5,20251016,164500,1.55,1.559,1.5405,1.55,5699,0
BFRG.US,5,20251016,165000,1.55,1.55,1.54,1.54,300,0
BFRG.US,5,20251016,165500,1.54,1.54,1.52,1.52,11925,0
BFRG.US,5,20251016,170000,1.52,1.5301,1.52,1.5269,1000,0
BFRG.US,5,20251016,171000,1.52,1.53,1.52,1.53,578,0
BFRG.US,5,20251016,171500,1.56,1.56,1.56,1.56,700,0
BFRG.US,5,20251016,172000,1.5409,1.5409,1.5409,1.5409,500,0
BFRG.US,5,20251016,172500,1.5323,1.5323,1.5323,1.5323,150,0
BFRG.US,5,20251016,173000,1.54,1.54,1.52,1.53,1300,0
BFRG.US,5,20251016,173500,1.53,1.53,1.52,1.52,5700,0
BFRG.US,5,20251016,174000,1.5201,1.5201,1.47,1.48,22006,0
BFRG.US,5,20251016,174500,1.4803,1.4885,1.4803,1.4885,550,0
BFRG.US,5,20251016,175000,1.48,1.48,1.48,1.48,200,0
BFRG.US,5,20251016,175500,1.48,1.48,1.48,1.48,400,0
BFRG.US,5,20251016,180500,1.5,1.5,1.5,1.5,200,0
BFRG.US,5,20251016,181000,1.49,1.49,1.49,1.49,100,0
BFRG.US,5,20251016,181500,1.49,1.49,1.48,1.48,808,0
BFRG.US,5,20251016,182500,1.48,1.5155,1.48,1.5155,1000,0
BFRG.US,5,20251016,183000,1.4714,1.4714,1.4701,1.4701,942,0
BFRG.US,5,20251016,184000,1.48,1.48,1.48,1.48,100,0
BFRG.US,5,20251016,184500,1.4646,1.475,1.4646,1.475,430,0
BFRG.US,5,20251016,185500,1.49,1.49,1.472843,1.472843,1950,0
BFRG.US,5,20251016,190500,1.48,1.48,1.47,1.4725,904,0
BFRG.US,5,20251016,191000,1.49,1.51,1.49,1.49,500,0
BFRG.US,5,20251016,191500,1.52,1.52,1.4763,1.4763,571,0
BFRG.US,5,20251016,192500,1.5,1.5,1.4801,1.5,760,0
BFRG.US,5,20251016,193000,1.5,1.5,1.5,1.5,2050,0
BFRG.US,5,20251016,194000,1.5,1.5,1.5,1.5,7481,0
BFRG.US,5,20251016,194500,1.4999,1.4999,1.4999,1.4999,100,0
BFRG.US,5,20251016,195500,1.485,1.485,1.485,1.485,100,0
BFRG.US,5,20251016,201000,1.47,1.47,1.47,1.47,4700,0
BFRG.US,5,20251016,201500,1.477,1.477,1.477,1.477,100,0
BFRG.US,5,20251016,203500,1.47,1.47,1.47,1.47,100,0
BFRG.US,5,20251016,204000,1.48,1.48,1.4602,1.4602,5683,0
BFRG.US,5,20251016,204500,1.46,1.46,1.46,1.46,600,0
BFRG.US,5,20251016,205500,1.4543,1.4543,1.4505,1.4505,2100,0
BFRG.US,5,20251016,210000,1.46,1.46,1.4501,1.4564,913,0
BFRG.US,5,20251016,211500,1.461,1.4699,1.46,1.4699,2512,0
BFRG.US,5,20251016,212000,1.46,1.46,1.46,1.46,400,0
BFRG.US,5,20251016,212500,1.46,1.46,1.46,1.46,552,0
BFRG.US,5,20251016,213000,1.46,1.4699,1.46,1.4699,2400,0
BFRG.US,5,20251016,214000,1.47,1.47,1.46,1.47,2819,0
BFRG.US,5,20251016,214500,1.462,1.4798,1.462,1.4798,200,0
BFRG.US,5,20251016,215000,1.47,1.48,1.47,1.48,1958,0
BFRG.US,5,20251016,215500,1.475,1.4805,1.47,1.47,1490,0
BFRG.US,5,20251017,153000,1.47,1.47,1.45,1.4563,2448,0
BFRG.US,5,20251017,153500,1.4541,1.47,1.4541,1.46,2376,0
BFRG.US,5,20251017,154000,1.455,1.455,1.455,1.455,100,0
BFRG.US,5,20251017,154500,1.4507,1.46,1.45,1.45,700,0
BFRG.US,5,20251017,155000,1.4507,1.4699,1.4507,1.4699,1100,0
BFRG.US,5,20251017,160000,1.467,1.467,1.467,1.467,100,0
BFRG.US,5,20251017,160500,1.4501,1.4501,1.4501,1.4501,175,0
BFRG.US,5,20251017,161000,1.4525,1.4525,1.4525,1.4525,500,0
BFRG.US,5,20251017,162000,1.47,1.47,1.47,1.47,3100,0
BFRG.US,5,20251017,163500,1.475,1.475,1.475,1.475,1000,0
BFRG.US,5,20251017,164000,1.475,1.48,1.475,1.475,900,0
BFRG.US,5,20251017,164500,1.47,1.48,1.47,1.48,4456,0
BFRG.US,5,20251017,165500,1.47,1.47,1.47,1.47,560,0
BFRG.US,5,20251017,170500,1.4795,1.4795,1.4795,1.4795,1000,0
BFRG.US,5,20251017,171000,1.475,1.475,1.475,1.475,200,0
BFRG.US,5,20251017,171500,1.46,1.46,1.46,1.46,1300,0
BFRG.US,5,20251017,172000,1.454,1.454,1.454,1.454,230,0
BFRG.US,5,20251017,172500,1.46,1.46,1.4507,1.4507,600,0
BFRG.US,5,20251017,173500,1.46,1.46,1.46,1.46,100,0
BFRG.US,5,20251017,174000,1.4555,1.47,1.4555,1.4604,5105,0
BFRG.US,5,20251017,175500,1.455,1.455,1.45,1.45,880,0
BFRG.US,5,20251017,180000,1.4521,1.4557,1.4521,1.4557,3260,0
BFRG.US,5,20251017,180500,1.463,1.463,1.46,1.46,1566,0
BFRG.US,5,20251017,181000,1.4601,1.475,1.4601,1.475,744,0
BFRG.US,5,20251017,182000,1.47,1.47,1.47,1.47,200,0
BFRG.US,5,20251017,182500,1.46,1.46,1.46,1.46,190,0
BFRG.US,5,20251017,184000,1.47,1.47,1.46,1.47,1614,0
BFRG.US,5,20251017,185500,1.45,1.45,1.45,1.45,100,0
BFRG.US,5,20251017,190500,1.455,1.455,1.455,1.455,260,0
BFRG.US,5,20251017,191000,1.45,1.45,1.45,1.45,3064,0
BFRG.US,5,20251017,192000,1.4553,1.4556,1.4502,1.4502,4350,0
BFRG.US,5,20251017,192500,1.45,1.45,1.45,1.45,100,0
BFRG.US,5,20251017,193000,1.4599,1.4599,1.4599,1.4599,2000,0
BFRG.US,5,20251017,194500,1.455,1.455,1.455,1.455,100,0
BFRG.US,5,20251017,195500,1.455,1.455,1.455,1.455,100,0
BFRG.US,5,20251017,203000,1.4556,1.4556,1.4556,1.4556,1000,0
BFRG.US,5,20251017,204000,1.455,1.455,1.455,1.455,100,0
BFRG.US,5,20251017,204500,1.455,1.455,1.455,1.455,2000,0
BFRG.US,5,20251017,205000,1.455,1.46,1.455,1.46,600,0
BFRG.US,5,20251017,210000,1.4682,1.4682,1.46,1.46,400,0
BFRG.US,5,20251017,210500,1.4602,1.4602,1.4602,1.4602,100,0
BFRG.US,5,20251017,213500,1.4605,1.47,1.4605,1.4665,1104,0
BFRG.US,5,20251017,214000,1.47,1.47,1.47,1.47,203,0
BFRG.US,5,20251017,215500,1.47,1.47,1.47,1.47,523,0
BFRG.US,5,20251020,153000,1.49,1.49,1.46,1.4799,1666,0
BFRG.US,5,20251020,153500,1.459,1.465,1.452,1.452,1300,0
BFRG.US,5,20251020,154000,1.45,1.47,1.45,1.47,300,0
BFRG.US,5,20251020,154500,1.478,1.478,1.465,1.465,800,0
BFRG.US,5,20251020,155500,1.465,1.465,1.465,1.465,810,0
BFRG.US,5,20251020,160000,1.4699,1.4699,1.4699,1.4699,500,0
BFRG.US,5,20251020,162000,1.46,1.46,1.46,1.46,1000,0
BFRG.US,5,20251020,163500,1.4648,1.4648,1.4648,1.4648,290,0
BFRG.US,5,20251020,164000,1.46,1.47,1.46,1.47,14535,0
BFRG.US,5,20251020,165000,1.475,1.475,1.475,1.475,100,0
BFRG.US,5,20251020,165500,1.48,1.48,1.48,1.48,2200,0
BFRG.US,5,20251020,170000,1.485,1.49,1.485,1.49,750,0
BFRG.US,5,20251020,171000,1.4901,1.4901,1.4901,1.4901,1500,0
BFRG.US,5,20251020,171500,1.49,1.495,1.49,1.495,922,0
BFRG.US,5,20251020,172000,1.5,1.5,1.5,1.5,100,0
BFRG.US,5,20251020,172500,1.4999,1.5,1.4829,1.4829,4297,0
BFRG.US,5,20251020,174500,1.495,1.52,1.495,1.52,3126,0
BFRG.US,5,20251020,175000,1.51,1.51,1.4902,1.4902,3350,0
BFRG.US,5,20251020,180000,1.4901,1.5,1.49,1.49,600,0
BFRG.US,5,20251020,180500,1.48,1.48,1.48,1.48,2000,0
BFRG.US,5,20251020,181500,1.49,1.49,1.49,1.49,100,0
BFRG.US,5,20251020,182500,1.49,1.49,1.49,1.49,700,0
BFRG.US,5,20251020,183000,1.5,1.5,1.5,1.5,100,0
BFRG.US,5,20251020,184000,1.4999,1.4999,1.4999,1.4999,500,0
BFRG.US,5,20251020,190500,1.49,1.49,1.49,1.49,250,0
BFRG.US,5,20251020,192500,1.49,1.49,1.49,1.49,107,0
BFRG.US,5,20251020,195000,1.48,1.48,1.48,1.48,100,0
BFRG.US,5,20251020,195500,1.48,1.48,1.48,1.48,100,0
BFRG.US,5,20251020,200000,1.5,1.5,1.49,1.49,200,0
BFRG.US,5,20251020,202000,1.4984,1.4984,1.4984,1.4984,2000,0
BFRG.US,5,20251020,202500,1.4801,1.4801,1.4801,1.4801,3000,0
BFRG.US,5,20251020,203500,1.5,1.5,1.49,1.49,8300,0
BFRG.US,5,20251020,204000,1.5,1.5,1.4853,1.4853,800,0
BFRG.US,5,20251020,205000,1.4851,1.5,1.4851,1.495,5800,0
BFRG.US,5,20251020,205500,1.4918,1.4918,1.4918,1.4918,1000,0
BFRG.US,5,20251020,210000,1.495,1.495,1.495,1.495,100,0
BFRG.US,5,20251020,210500,1.49,1.495,1.49,1.495,1050,0
BFRG.US,5,20251020,212500,1.5,1.5,1.5,1.5,100,0
BFRG.US,5,20251020,213000,1.51,1.51,1.5,1.5,200,0
BFRG.US,5,20251020,213500,1.4988,1.4988,1.4988,1.4988,100,0
BFRG.US,5,20251020,214500,1.5,1.5,1.5,1.5,1433,0
BFRG.US,5,20251020,215000,1.5,1.5055,1.5,1.5,800,0
BFRG.US,5,20251020,215500,1.5,1.5,1.5,1.5,2828,0
BFRG.US,5,20251021,153000,1.54,1.54,1.505,1.5093,10929,0
BFRG.US,5,20251021,153500,1.5001,1.52,1.5001,1.52,6000,0
BFRG.US,5,20251021,154500,1.5268,1.5268,1.515,1.515,862,0
BFRG.US,5,20251021,155500,1.5,1.5139,1.4901,1.5028,25764,0
BFRG.US,5,20251021,160000,1.5,1.5,1.47,1.48,14122,0
BFRG.US,5,20251021,161000,1.48,1.4856,1.47,1.4856,1670,0
BFRG.US,5,20251021,161500,1.4805,1.4805,1.4805,1.4805,5000,0
BFRG.US,5,20251021,162000,1.485,1.5,1.4725,1.5,540,0
BFRG.US,5,20251021,163000,1.4751,1.48,1.45,1.46,54041,0
BFRG.US,5,20251021,163500,1.45,1.475,1.45,1.475,10473,0
BFRG.US,5,20251021,164000,1.454,1.47,1.45,1.4501,28780,0
BFRG.US,5,20251021,164500,1.47,1.47,1.42,1.4201,57226,0
BFRG.US,5,20251021,165000,1.45,1.455,1.4206,1.4206,1400,0
BFRG.US,5,20251021,170500,1.4608,1.4608,1.4608,1.4608,345,0
BFRG.US,5,20251021,171500,1.475,1.49,1.475,1.49,1080,0
BFRG.US,5,20251021,172000,1.4505,1.4505,1.4505,1.4505,3800,0
BFRG.US,5,20251021,172500,1.4702,1.49,1.4702,1.49,2300,0
BFRG.US,5,20251021,173500,1.48,1.5,1.48,1.5,695,0
BFRG.US,5,20251021,175500,1.4703,1.485,1.4703,1.485,200,0
BFRG.US,5,20251021,180500,1.47,1.4701,1.4611,1.4611,2062,0
BFRG.US,5,20251021,182500,1.47,1.47,1.47,1.47,100,0
BFRG.US,5,20251021,183000,1.4603,1.475,1.4603,1.475,7000,0
BFRG.US,5,20251021,184500,1.475,1.48,1.46,1.46,2350,0
BFRG.US,5,20251021,190000,1.4505,1.4505,1.4505,1.4505,667,0
BFRG.US,5,20251021,190500,1.45,1.45,1.45,1.45,5182,0
BFRG.US,5,20251021,191500,1.4499,1.4499,1.43,1.43,710,0
BFRG.US,5,20251021,192000,1.43,1.43,1.43,1.43,100,0
BFRG.US,5,20251021,193000,1.42,1.42,1.42,1.42,400,0
BFRG.US,5,20251021,193500,1.42,1.43,1.42,1.43,4154,0
BFRG.US,5,20251021,194000,1.44,1.44,1.44,1.44,203,0
BFRG.US,5,20251021,194500,1.44,1.44,1.42,1.4324,900,0
BFRG.US,5,20251021,195000,1.43,1.43,1.43,1.43,100,0
BFRG.US,5,20251021,195500,1.4263,1.4263,1.4263,1.4263,100,0
BFRG.US,5,20251021,200500,1.42,1.423,1.42,1.423,1096,0
BFRG.US,5,20251021,201500,1.4243,1.4243,1.4243,1.4243,300,0
BFRG.US,5,20251021,202500,1.4399,1.4399,1.4313,1.4313,600,0
BFRG.US,5,20251021,203000,1.43,1.43,1.43,1.43,100,0
BFRG.US,5,20251021,203500,1.4474,1.4474,1.4474,1.4474,250,0
BFRG.US,5,20251021,205500,1.44,1.44,1.44,1.44,200,0
BFRG.US,5,20251021,210000,1.44,1.44,1.42,1.4315,2917,0
BFRG.US,5,20251021,210500,1.42,1.4201,1.42,1.4201,3778,0
BFRG.US,5,20251021,211000,1.4326,1.4326,1.4326,1.4326,150,0
BFRG.US,5,20251021,211500,1.42,1.46,1.42,1.42,1507,0
BFRG.US,5,20251021,213000,1.4201,1.4201,1.42,1.42,1300,0
BFRG.US,5,20251021,213500,1.4229,1.4229,1.4,1.4,4934,0
BFRG.US,5,20251021,214000,1.42,1.42,1.4,1.4101,5775,0
BFRG.US,5,20251021,214500,1.41,1.42,1.41,1.418,3700,0
BFRG.US,5,20251021,215000,1.41,1.4298,1.41,1.4298,600,0
BFRG.US,5,20251021,215500,1.41,1.415,1.36,1.37,83397,0
BFRG.US,5,20251022,153000,1.37,1.37,1.36,1.3601,1257,0
BFRG.US,5,20251022,153500,1.37,1.37,1.37,1.37,500,0
BFRG.US,5,20251022,154000,1.3799,1.3799,1.3651,1.3651,2600,0
BFRG.US,5,20251022,154500,1.36,1.36,1.36,1.36,325,0
BFRG.US,5,20251022,155500,1.35,1.35,1.33,1.33,2337,0
BFRG.US,5,20251022,160000,1.345,1.36,1.34,1.36,11969,0
BFRG.US,5,20251022,160500,1.36,1.36,1.36,1.36,100,0
BFRG.US,5,20251022,162000,1.35,1.35,1.35,1.35,100,0
BFRG.US,5,20251022,162500,1.3605,1.3605,1.33,1.3364,5274,0
BFRG.US,5,20251022,163000,1.35,1.35,1.35,1.35,1000,0
BFRG.US,5,20251022,163500,1.34,1.34,1.33,1.33,1698,0
BFRG.US,5,20251022,164000,1.3303,1.3303,1.321,1.321,950,0
BFRG.US,5,20251022,164500,1.323,1.3302,1.32,1.33,653,0
BFRG.US,5,20251022,165000,1.33,1.33,1.33,1.33,100,0
BFRG.US,5,20251022,165500,1.34,1.34,1.34,1.34,1000,0
BFRG.US,5,20251022,170500,1.33,1.33,1.33,1.33,200,0
BFRG.US,5,20251022,171000,1.34,1.34,1.3316,1.3316,2895,0
BFRG.US,5,20251022,171500,1.3312,1.3312,1.3312,1.3312,500,0
BFRG.US,5,20251022,172000,1.3201,1.3201,1.32,1.32,2100,0
BFRG.US,5,20251022,172500,1.3282,1.3282,1.3282,1.3282,5000,0
BFRG.US,5,20251022,173000,1.33,1.33,1.33,1.33,100,0
BFRG.US,5,20251022,174500,1.33,1.33,1.33,1.33,100,0
BFRG.US,5,20251022,175000,1.325,1.325,1.32,1.32,1110,0
BFRG.US,5,20251022,180500,1.3225,1.3244,1.3225,1.3244,800,0
BFRG.US,5,20251022,181000,1.32,1.32,1.32,1.32,100,0
BFRG.US,5,20251022,182000,1.325,1.325,1.315,1.315,12663,0
BFRG.US,5,20251022,182500,1.315,1.315,1.315,1.315,100,0
BFRG.US,5,20251022,183000,1.31,1.32,1.31,1.315,1478,0
BFRG.US,5,20251022,183500,1.31,1.31,1.31,1.31,200,0
BFRG.US,5,20251022,184000,1.31,1.31,1.31,1.31,1663,0
BFRG.US,5,20251022,185000,1.31,1.31,1.31,1.31,631,0
BFRG.US,5,20251022,190000,1.31,1.3144,1.31,1.3144,883,0
BFRG.US,5,20251022,190500,1.3101,1.3101,1.3101,1.3101,1000,0
BFRG.US,5,20251022,191000,1.3148,1.315,1.31,1.315,1640,0
BFRG.US,5,20251022,192500,1.3191,1.3191,1.3191,1.3191,278,0
BFRG.US,5,20251022,193000,1.31,1.31,1.31,1.31,310,0
BFRG.US,5,20251022,193500,1.315,1.315,1.315,1.315,1000,0
BFRG.US,5,20251022,194000,1.3103,1.3103,1.31,1.31,850,0
BFRG.US,5,20251022,200000,1.305,1.305,1.305,1.305,100,0
BFRG.US,5,20251022,200500,1.305,1.3084,1.305,1.3084,895,0
BFRG.US,5,20251022,202500,1.3018,1.31,1.3018,1.31,1108,0
BFRG.US,5,20251022,203500,1.32,1.33,1.32,1.33,866,0
BFRG.US,5,20251022,210000,1.33,1.33,1.33,1.33,120,0
BFRG.US,5,20251022,210500,1.33,1.33,1.33,1.33,200,0
BFRG.US,5,20251022,211000,1.3399,1.3399,1.3399,1.3399,100,0
BFRG.US,5,20251022,211500,1.3313,1.34,1.3313,1.34,220,0
BFRG.US,5,20251022,212500,1.33,1.34,1.33,1.335,3971,0
BFRG.US,5,20251022,213000,1.335,1.335,1.3301,1.335,1700,0
BFRG.US,5,20251022,213500,1.33,1.33,1.32,1.325,2045,0
BFRG.US,5,20251022,214000,1.325,1.325,1.325,1.325,100,0
BFRG.US,5,20251022,214500,1.325,1.335,1.325,1.33,2500,0
BFRG.US,5,20251022,215000,1.34,1.35,1.34,1.34,8950,0
BFRG.US,5,20251022,215500,1.33,1.34,1.33,1.34,1902,0
BFRG.US,5,20251023,153000,1.3,1.315,1.2999,1.315,5143,0
BFRG.US,5,20251023,154000,1.3016,1.3198,1.3016,1.3198,1240,0
BFRG.US,5,20251023,155000,1.32,1.32,1.32,1.32,600,0
BFRG.US,5,20251023,155500,1.325,1.325,1.325,1.325,300,0
BFRG.US,5,20251023,160000,1.33,1.33,1.33,1.33,1501,0
BFRG.US,5,20251023,160500,1.34,1.3569,1.34,1.3569,700,0
BFRG.US,5,20251023,161000,1.345,1.345,1.345,1.345,115,0
BFRG.US,5,20251023,162000,1.345,1.35,1.345,1.35,1530,0
BFRG.US,5,20251023,162500,1.365,1.365,1.365,1.365,1000,0
BFRG.US,5,20251023,163000,1.365,1.38,1.365,1.38,1610,0
BFRG.US,5,20251023,163500,1.365,1.365,1.365,1.365,206,0
BFRG.US,5,20251023,164000,1.3791,1.3793,1.3791,1.3793,419,0
BFRG.US,5,20251023,165000,1.375,1.375,1.37,1.37,200,0
BFRG.US,5,20251023,165500,1.3699,1.3699,1.3699,1.3699,100,0
BFRG.US,5,20251023,171000,1.3533,1.3533,1.3533,1.3533,100,0
BFRG.US,5,20251023,172000,1.36,1.36,1.36,1.36,1000,0
BFRG.US,5,20251023,173000,1.38,1.38,1.38,1.38,290,0
BFRG.US,5,20251023,174000,1.38,1.38,1.3778,1.3778,200,0
BFRG.US,5,20251023,174500,1.38,1.385,1.38,1.3813,1729,0
BFRG.US,5,20251023,175500,1.3899,1.3899,1.3899,1.3899,1303,0
BFRG.US,5,20251023,183500,1.38,1.3816,1.38,1.3816,3177,0
BFRG.US,5,20251023,184000,1.3899,1.3899,1.3899,1.3899,1000,0
BFRG.US,5,20251023,190500,1.38,1.38,1.38,1.38,300,0
BFRG.US,5,20251023,193500,1.38,1.38,1.38,1.38,240,0
BFRG.US,5,20251023,194000,1.387,1.387,1.387,1.387,1000,0
BFRG.US,5,20251023,195500,1.39,1.39,1.39,1.39,765,0
BFRG.US,5,20251023,201000,1.3995,1.3995,1.3995,1.3995,710,0
BFRG.US,5,20251023,201500,1.3803,1.3803,1.3803,1.3803,190,0
BFRG.US,5,20251023,203000,1.39,1.39,1.39,1.39,100,0
BFRG.US,5,20251023,203500,1.39,1.39,1.39,1.39,2142,0
BFRG.US,5,20251023,204000,1.39,1.39,1.39,1.39,500,0
BFRG.US,5,20251023,210500,1.38,1.38,1.38,1.38,100,0
BFRG.US,5,20251023,212000,1.39,1.41,1.39,1.41,9789,0
BFRG.US,5,20251023,212500,1.3995,1.42,1.3995,1.405,10650,0
BFRG.US,5,20251023,213500,1.4024,1.405,1.3909,1.405,1600,0
BFRG.US,5,20251023,214000,1.405,1.4074,1.405,1.4074,680,0
BFRG.US,5,20251023,214500,1.405,1.405,1.405,1.405,140,0
BFRG.US,5,20251023,215000,1.395,1.395,1.395,1.395,100,0
BFRG.US,5,20251023,215500,1.39,1.41,1.39,1.41,3211,0
BFRG.US,5,20251024,153000,1.44,1.44,1.42,1.425,3880,0
BFRG.US,5,20251024,153500,1.4344,1.435,1.4344,1.435,1470,0
BFRG.US,5,20251024,154000,1.4399,1.4399,1.4399,1.4399,140,0
BFRG.US,5,20251024,154500,1.435,1.435,1.43,1.43,5317,0
BFRG.US,5,20251024,155000,1.43,1.43,1.43,1.43,100,0
BFRG.US,5,20251024,155500,1.43,1.43,1.43,1.43,1154,0
BFRG.US,5,20251024,160000,1.4399,1.4399,1.4399,1.4399,100,0
BFRG.US,5,20251024,160500,1.43,1.4399,1.42,1.42,2700,0
BFRG.US,5,20251024,161000,1.4394,1.4394,1.42,1.42,2600,0
BFRG.US,5,20251024,161500,1.43,1.43,1.43,1.43,1946,0
BFRG.US,5,20251024,162000,1.42,1.42,1.42,1.42,100,0
BFRG.US,5,20251024,162500,1.4243,1.4345,1.4243,1.4345,1000,0
BFRG.US,5,20251024,163000,1.44,1.44,1.42,1.4245,8100,0
BFRG.US,5,20251024,163500,1.43,1.43,1.42,1.424,950,0
BFRG.US,5,20251024,164500,1.439,1.439,1.439,1.439,500,0
BFRG.US,5,20251024,165000,1.43,1.44,1.42,1.4201,15229,0
BFRG.US,5,20251024,165500,1.4288,1.43,1.4288,1.43,1100,0
BFRG.US,5,20251024,171000,1.43,1.43,1.43,1.43,2400,0
BFRG.US,5,20251024,171500,1.42,1.43,1.42,1.43,320,0
BFRG.US,5,20251024,172000,1.43,1.4377,1.43,1.4377,430,0
BFRG.US,5,20251024,173000,1.4389,1.4389,1.4312,1.4312,1747,0
BFRG.US,5,20251024,174500,1.4231,1.43,1.4231,1.43,1232,0
BFRG.US,5,20251024,175000,1.43,1.43,1.425,1.43,6163,0
BFRG.US,5,20251024,175500,1.42,1.42,1.42,1.42,316,0
BFRG.US,5,20251024,180500,1.43,1.43,1.43,1.43,610,0
BFRG.US,5,20251024,182000,1.43,1.43,1.425,1.425,2297,0
BFRG.US,5,20251024,182500,1.4211,1.4211,1.4211,1.4211,1000,0
BFRG.US,5,20251024,183000,1.4282,1.4282,1.425,1.425,1286,0
BFRG.US,5,20251024,183500,1.4273,1.4273,1.41,1.42,5599,0
BFRG.US,5,20251024,184000,1.4201,1.4201,1.41,1.41,2100,0
BFRG.US,5,20251024,190000,1.42,1.4299,1.415,1.42,13150,0
BFRG.US,5,20251024,191500,1.41,1.41,1.4,1.4,3200,0
BFRG.US,5,20251024,192500,1.42,1.425,1.41,1.41,33642,0
BFRG.US,5,20251024,193000,1.4167,1.425,1.41,1.415,18000,0
BFRG.US,5,20251024,193500,1.42,1.42,1.42,1.42,10138,0
BFRG.US,5,20251024,194000,1.42,1.42,1.41,1.41,530,0
BFRG.US,5,20251024,195000,1.4154,1.42,1.4154,1.42,1292,0
BFRG.US,5,20251024,200000,1.41,1.42,1.41,1.42,1000,0
BFRG.US,5,20251024,200500,1.41,1.42,1.41,1.42,3100,0
BFRG.US,5,20251024,201000,1.4101,1.4101,1.4101,1.4101,225,0
BFRG.US,5,20251024,203000,1.42,1.42,1.42,1.42,354,0
BFRG.US,5,20251024,204000,1.42,1.42,1.42,1.42,500,0
BFRG.US,5,20251024,205000,1.42,1.42,1.42,1.42,100,0
BFRG.US,5,20251024,210000,1.42,1.42,1.42,1.42,200,0
BFRG.US,5,20251024,210500,1.419,1.419,1.41,1.41,330,0
BFRG.US,5,20251024,211000,1.4153,1.4153,1.4153,1.4153,105,0
BFRG.US,5,20251024,211500,1.41,1.41,1.41,1.41,600,0
BFRG.US,5,20251024,213500,1.4152,1.4152,1.4152,1.4152,500,0
BFRG.US,5,20251024,214000,1.4169,1.417,1.4169,1.417,350,0
BFRG.US,5,20251024,214500,1.415,1.415,1.41,1.41,1570,0
BFRG.US,5,20251024,215000,1.41,1.425,1.41,1.4201,15570,0
BFRG.US,5,20251024,215500,1.4299,1.4299,1.41,1.42,7020,0
BFRG.US,5,20251027,143000,1.45,1.46,1.44,1.44,8034,0
BFRG.US,5,20251027,143500,1.4405,1.4589,1.42,1.4201,5103,0
BFRG.US,5,20251027,144000,1.4305,1.4305,1.41,1.41,3402,0
BFRG.US,5,20251027,144500,1.3999,1.43,1.3999,1.41,1930,0
BFRG.US,5,20251027,145000,1.4295,1.4295,1.4,1.4,1300,0
BFRG.US,5,20251027,145500,1.41,1.41,1.4,1.4,1000,0
BFRG.US,5,20251027,150000,1.41,1.41,1.41,1.41,1000,0
BFRG.US,5,20251027,150500,1.41,1.41,1.4001,1.4084,950,0
BFRG.US,5,20251027,151000,1.41,1.4135,1.41,1.41,1100,0
BFRG.US,5,20251027,151500,1.4101,1.4101,1.4101,1.4101,100,0
BFRG.US,5,20251027,152500,1.4158,1.4158,1.41,1.41,1300,0
BFRG.US,5,20251027,153500,1.415,1.42,1.41,1.41,10657,0
BFRG.US,5,20251027,154000,1.41,1.4101,1.41,1.4101,2247,0
BFRG.US,5,20251027,154500,1.399,1.4017,1.3952,1.4017,1560,0
BFRG.US,5,20251027,155000,1.4,1.4,1.3952,1.4,965,0
BFRG.US,5,20251027,155500,1.3982,1.3982,1.3982,1.3982,970,0
BFRG.US,5,20251027,160500,1.4,1.4,1.4,1.4,500,0
BFRG.US,5,20251027,161000,1.41,1.413,1.4001,1.413,3556,0
BFRG.US,5,20251027,161500,1.4,1.405,1.4,1.405,519,0
BFRG.US,5,20251027,162000,1.3901,1.3948,1.39,1.3948,5880,0
BFRG.US,5,20251027,162500,1.3958,1.4,1.3958,1.4,900,0
BFRG.US,5,20251027,164000,1.416,1.4199,1.41,1.4101,2400,0
BFRG.US,5,20251027,164500,1.4101,1.4101,1.3901,1.3901,2967,0
BFRG.US,5,20251027,165000,1.4,1.4074,1.4,1.4074,200,0
BFRG.US,5,20251027,171500,1.4,1.4,1.4,1.4,200,0
BFRG.US,5,20251027,172500,1.41,1.41,1.41,1.41,100,0
BFRG.US,5,20251027,173000,1.4,1.4,1.4,1.4,1300,0
BFRG.US,5,20251027,173500,1.4,1.4,1.4,1.4,100,0
BFRG.US,5,20251027,174000,1.3901,1.3901,1.3901,1.3901,100,0
BFRG.US,5,20251027,174500,1.39,1.39,1.39,1.39,200,0
BFRG.US,5,20251027,175000,1.4001,1.4001,1.3995,1.3995,3500,0
BFRG.US,5,20251027,180000,1.395,1.41,1.395,1.41,1300,0
BFRG.US,5,20251027,181000,1.4,1.4,1.4,1.4,1500,0
BFRG.US,5,20251027,181500,1.4001,1.4001,1.4,1.4,200,0
BFRG.US,5,20251027,182500,1.4,1.4,1.4,1.4,200,0
BFRG.US,5,20251027,183500,1.4056,1.4056,1.4056,1.4056,1223,0
BFRG.US,5,20251027,184000,1.4,1.4,1.4,1.4,750,0
BFRG.US,5,20251027,185500,1.4,1.405,1.4,1.405,200,0
BFRG.US,5,20251027,190000,1.4,1.4,1.4,1.4,100,0
BFRG.US,5,20251027,190500,1.4005,1.4005,1.4005,1.4005,400,0
BFRG.US,5,20251027,191000,1.41,1.42,1.41,1.42,2542,0
BFRG.US,5,20251027,191500,1.41,1.41,1.41,1.41,100,0
BFRG.US,5,20251027,193500,1.41,1.41,1.41,1.41,1900,0
BFRG.US,5,20251027,195000,1.42,1.42,1.42,1.42,100,0
BFRG.US,5,20251027,201000,1.4001,1.4001,1.4001,1.4001,400,0
BFRG.US,5,20251027,201500,1.4,1.4,1.4,1.4,100,0
BFRG.US,5,20251027,202000,1.41,1.4129,1.4,1.4001,3008,0
BFRG.US,5,20251027,202500,1.4126,1.4126,1.4,1.4,2300,0
BFRG.US,5,20251027,203000,1.4,1.4,1.4,1.4,500,0
BFRG.US,5,20251027,203500,1.4,1.41,1.395,1.395,600,0
BFRG.US,5,20251027,204000,1.39,1.39,1.39,1.39,900,0
BFRG.US,5,20251027,204500,1.39,1.4,1.39,1.3903,1300,0
BFRG.US,5,20251027,205000,1.395,1.4,1.395,1.4,4500,0
BFRG.US,5,20251027,205500,1.39,1.4,1.39,1.39,3956,0
BFRG.US,5,20251028,143000,1.38,1.4241,1.37,1.37,3302,0
BFRG.US,5,20251028,143500,1.36,1.39,1.36,1.39,2333,0
BFRG.US,5,20251028,144000,1.38,1.38,1.3699,1.3699,1208,0
BFRG.US,5,20251028,144500,1.38,1.38,1.38,1.38,2153,0
BFRG.US,5,20251028,150500,1.3802,1.3802,1.37,1.375,3270,0
BFRG.US,5,20251028,151000,1.38,1.38,1.38,1.38,450,0
BFRG.US,5,20251028,151500,1.3667,1.375,1.3667,1.375,1295,0
BFRG.US,5,20251028,152500,1.3701,1.3701,1.3701,1.3701,5000,0
BFRG.US,5,20251028,153000,1.39,1.39,1.39,1.39,250,0
BFRG.US,5,20251028,153500,1.37,1.3813,1.37,1.3813,600,0
BFRG.US,5,20251028,154000,1.38,1.38,1.3782,1.38,5400,0
BFRG.US,5,20251028,155000,1.3895,1.3895,1.3895,1.3895,719,0
BFRG.US,5,20251028,155500,1.3873,1.3873,1.3839,1.385,800,0
BFRG.US,5,20251028,160500,1.38,1.38,1.38,1.38,700,0
BFRG.US,5,20251028,162000,1.3899,1.3899,1.3803,1.385,2800,0
BFRG.US,5,20251028,163000,1.385,1.385,1.385,1.385,209,0
BFRG.US,5,20251028,164000,1.39,1.39,1.39,1.39,3114,0
BFRG.US,5,20251028,164500,1.3973,1.3973,1.3973,1.3973,100,0
BFRG.US,5,20251028,170000,1.4,1.4,1.4,1.4,750,0
BFRG.US,5,20251028,171500,1.4,1.4,1.4,1.4,200,0
BFRG.US,5,20251028,172000,1.4,1.4,1.4,1.4,200,0
BFRG.US,5,20251028,172500,1.3909,1.3909,1.3909,1.3909,2300,0
BFRG.US,5,20251028,173000,1.4035,1.4035,1.4035,1.4035,255,0
BFRG.US,5,20251028,173500,1.4,1.4,1.4,1.4,100,0
BFRG.US,5,20251028,174500,1.395,1.395,1.395,1.395,100,0
BFRG.US,5,20251028,180000,1.4,1.4,1.4,1.4,426,0
BFRG.US,5,20251028,180500,1.4,1.4,1.4,1.4,232,0
BFRG.US,5,20251028,181500,1.394,1.394,1.394,1.394,1950,0
BFRG.US,5,20251028,184500,1.3901,1.3901,1.3901,1.3901,3823,0
BFRG.US,5,20251028,185000,1.395,1.4,1.3811,1.3811,2184,0
BFRG.US,5,20251028,185500,1.3823,1.3823,1.3823,1.3823,187,0
BFRG.US,5,20251028,190000,1.3827,1.3827,1.3827,1.3827,185,0
BFRG.US,5,20251028,192000,1.385,1.385,1.385,1.385,1260,0
BFRG.US,5,20251028,194000,1.39,1.39,1.3602,1.37,750,0
BFRG.US,5,20251028,194500,1.3688,1.3688,1.34,1.35,4786,0
BFRG.US,5,20251028,195000,1.3441,1.3584,1.3441,1.355,2291,0
BFRG.US,5,20251028,195500,1.38,1.38,1.358,1.358,1017,0
BFRG.US,5,20251028,200000,1.38,1.38,1.3401,1.3401,426,0
BFRG.US,5,20251028,200500,1.3799,1.3799,1.36,1.37,7720,0
BFRG.US,5,20251028,201000,1.37,1.4797,1.36,1.4501,138881,0
BFRG.US,5,20251028,201500,1.4779,1.48,1.3901,1.42,69056,0
BFRG.US,5,20251028,202000,1.43,1.44,1.42,1.42,32572,0
BFRG.US,5,20251028,202500,1.42,1.42,1.4,1.4,10679,0
BFRG.US,5,20251028,203000,1.41,1.4101,1.4,1.405,13612,0
BFRG.US,5,20251028,203500,1.4001,1.41,1.4,1.4,600,0
BFRG.US,5,20251028,204000,1.4,1.42,1.3803,1.3956,23870,0
BFRG.US,5,20251028,204500,1.3973,1.4093,1.38,1.38,1100,0
BFRG.US,5,20251028,205000,1.4,1.4198,1.4,1.4,9897,0
BFRG.US,5,20251028,205500,1.41,1.41,1.4,1.41,3509,0
BFRG.US,5,20251029,143000,1.45,1.45,1.4,1.4,22101,0
BFRG.US,5,20251029,143500,1.387,1.393,1.34,1.3747,46879,0
BFRG.US,5,20251029,144000,1.3596,1.36,1.3503,1.3503,596,0
BFRG.US,5,20251029,144500,1.38,1.4,1.35,1.399,57776,0
BFRG.US,5,20251029,145000,1.38,1.3824,1.38,1.3824,3195,0
BFRG.US,5,20251029,145500,1.4,1.4,1.36,1.375,4111,0
BFRG.US,5,20251029,150000,1.375,1.375,1.3499,1.35,3515,0
BFRG.US,5,20251029,150500,1.36,1.36,1.3305,1.345,6428,0
BFRG.US,5,20251029,151500,1.3483,1.37,1.3483,1.36,6251,0
BFRG.US,5,20251029,152000,1.37,1.3765,1.37,1.37,1660,0
BFRG.US,5,20251029,152500,1.36,1.37,1.36,1.37,200,0
BFRG.US,5,20251029,153500,1.3611,1.3666,1.3611,1.3666,1250,0
BFRG.US,5,20251029,154000,1.36,1.36,1.36,1.36,100,0
BFRG.US,5,20251029,154500,1.36,1.36,1.36,1.36,100,0
BFRG.US,5,20251029,155000,1.38,1.38,1.36,1.36,1278,0
BFRG.US,5,20251029,155500,1.3655,1.3655,1.3655,1.3655,240,0
BFRG.US,5,20251029,161000,1.375,1.3799,1.36,1.36,6213,0
BFRG.US,5,20251029,161500,1.36,1.363,1.36,1.363,1400,0
BFRG.US,5,20251029,162000,1.37,1.37,1.37,1.37,146,0
BFRG.US,5,20251029,162500,1.3699,1.37,1.3699,1.37,2400,0
BFRG.US,5,20251029,163000,1.37,1.38,1.37,1.38,240,0
BFRG.US,5,20251029,164000,1.37,1.37,1.34,1.3486,10765,0
BFRG.US,5,20251029,164500,1.35,1.3501,1.3498,1.35,1728,0
BFRG.US,5,20251029,165000,1.345,1.3462,1.345,1.3462,900,0
BFRG.US,5,20251029,165500,1.35,1.35,1.35,1.35,1800,0
BFRG.US,5,20251029,170000,1.36,1.375,1.36,1.37,3494,0
BFRG.US,5,20251029,170500,1.37,1.38,1.37,1.38,3462,0
BFRG.US,5,20251029,171000,1.38,1.38,1.38,1.38,300,0
BFRG.US,5,20251029,172000,1.39,1.39,1.39,1.39,700,0
BFRG.US,5,20251029,172500,1.38,1.38,1.38,1.38,200,0
BFRG.US,5,20251029,173500,1.38,1.38,1.38,1.38,100,0
BFRG.US,5,20251029,174500,1.38,1.3859,1.38,1.38,1550,0
BFRG.US,5,20251029,175000,1.36,1.36,1.36,1.36,200,0
BFRG.US,5,20251029,175500,1.35,1.35,1.35,1.35,100,0
BFRG.US,5,20251029,180000,1.36,1.361,1.3574,1.3574,700,0
BFRG.US,5,20251029,180500,1.35,1.36,1.35,1.3501,21675,0
BFRG.US,5,20251029,181000,1.35,1.35,1.3449,1.3499,1759,0
BFRG.US,5,20251029,181500,1.3598,1.3598,1.3598,1.3598,125,0
BFRG.US,5,20251029,182000,1.35,1.35,1.35,1.35,100,0
BFRG.US,5,20251029,182500,1.3501,1.3501,1.3501,1.3501,300,0
BFRG.US,5,20251029,183500,1.35,1.35,1.35,1.35,100,0
BFRG.US,5,20251029,184000,1.3574,1.3574,1.3574,1.3574,625,0
BFRG.US,5,20251029,184500,1.3557,1.3557,1.35,1.35,1100,0
BFRG.US,5,20251029,185000,1.35,1.3556,1.35,1.3556,200,0
BFRG.US,5,20251029,185500,1.3544,1.3544,1.35,1.3501,1276,0
BFRG.US,5,20251029,190000,1.35,1.35,1.35,1.35,701,0
BFRG.US,5,20251029,190500,1.35,1.35,1.35,1.35,500,0
BFRG.US,5,20251029,191000,1.34,1.3477,1.34,1.3477,200,0
BFRG.US,5,20251029,191500,1.34,1.34,1.34,1.34,100,0
BFRG.US,5,20251029,192000,1.3454,1.3454,1.34,1.34,403,0
BFRG.US,5,20251029,192500,1.345,1.345,1.34,1.34,5196,0
BFRG.US,5,20251029,193500,1.34,1.34,1.32,1.32,2400,0
BFRG.US,5,20251029,194000,1.31,1.31,1.31,1.31,100,0
BFRG.US,5,20251029,194500,1.31,1.34,1.3,1.32,3199,0
BFRG.US,5,20251029,195000,1.32,1.3205,1.3018,1.3205,1850,0
BFRG.US,5,20251029,195500,1.31,1.3288,1.31,1.3288,200,0
BFRG.US,5,20251029,200000,1.34,1.34,1.32,1.34,7716,0
BFRG.US,5,20251029,201000,1.34,1.34,1.34,1.34,100,0
BFRG.US,5,20251029,201500,1.34,1.34,1.335,1.34,815,0
BFRG.US,5,20251029,202000,1.34,1.36,1.34,1.34,3629,0
BFRG.US,5,20251029,202500,1.33,1.33,1.33,1.33,100,0
BFRG.US,5,20251029,203500,1.32,1.3256,1.32,1.32,550,0
BFRG.US,5,20251029,204000,1.31,1.31,1.31,1.31,700,0
BFRG.US,5,20251029,204500,1.315,1.315,1.315,1.315,100,0
BFRG.US,5,20251029,205000,1.32,1.32,1.31,1.31,1461,0
BFRG.US,5,20251029,205500,1.3247,1.33,1.32,1.32,9795,0
BFRG.US,5,20251030,143000,1.3,1.3,1.3,1.3,940,0
BFRG.US,5,20251030,143500,1.3199,1.3199,1.3,1.31,1297,0
BFRG.US,5,20251030,144000,1.3002,1.3002,1.3,1.3,1623,0
BFRG.US,5,20251030,144500,1.295,1.301,1.2605,1.275,21273,0
BFRG.US,5,20251030,145000,1.3,1.3035,1.3,1.3035,626,0
BFRG.US,5,20251030,145500,1.3099,1.3099,1.28,1.28,1340,0
BFRG.US,5,20251030,150500,1.28,1.28,1.28,1.28,230,0
BFRG.US,5,20251030,151000,1.2798,1.2899,1.2798,1.2899,1600,0
BFRG.US,5,20251030,153000,1.2835,1.2835,1.2835,1.2835,134,0
BFRG.US,5,20251030,154000,1.2802,1.2802,1.2802,1.2802,1500,0
BFRG.US,5,20251030,154500,1.29,1.29,1.29,1.29,1357,0
BFRG.US,5,20251030,155500,1.29,1.29,1.29,1.29,321,0
BFRG.US,5,20251030,160000,1.28,1.28,1.28,1.28,5000,0
BFRG.US,5,20251030,160500,1.2954,1.2954,1.2954,1.2954,100,0
BFRG.US,5,20251030,161000,1.287,1.287,1.287,1.287,100,0
BFRG.US,5,20251030,161500,1.2959,1.2959,1.2959,1.2959,100,0
BFRG.US,5,20251030,163500,1.2999,1.3,1.29,1.29,5575,0
BFRG.US,5,20251030,164500,1.2952,1.2952,1.2952,1.2952,855,0
BFRG.US,5,20251030,165500,1.29,1.29,1.29,1.29,850,0
BFRG.US,5,20251030,170500,1.3,1.3,1.2999,1.3,592,0
BFRG.US,5,20251030,171000,1.3,1.3,1.3,1.3,200,0
BFRG.US,5,20251030,172500,1.3,1.3,1.29,1.295,1000,0
BFRG.US,5,20251030,173000,1.295,1.295,1.295,1.295,200,0
BFRG.US,5,20251030,173500,1.2931,1.295,1.2931,1.295,1467,0
BFRG.US,5,20251030,180000,1.295,1.295,1.295,1.295,500,0
BFRG.US,5,20251030,180500,1.29,1.295,1.29,1.295,3142,0
BFRG.US,5,20251030,181000,1.2901,1.295,1.29,1.295,5808,0
BFRG.US,5,20251030,184000,1.29,1.2931,1.29,1.2931,370,0
BFRG.US,5,20251030,184500,1.29,1.295,1.29,1.295,1133,0
BFRG.US,5,20251030,185500,1.295,1.295,1.295,1.295,102,0
BFRG.US,5,20251030,190000,1.295,1.295,1.295,1.295,1000,0
BFRG.US,5,20251030,191000,1.2956,1.2956,1.29,1.29,1550,0
BFRG.US,5,20251030,192500,1.29,1.29,1.29,1.29,100,0
BFRG.US,5,20251030,193500,1.29,1.29,1.29,1.29,122,0
BFRG.US,5,20251030,194500,1.29,1.3,1.29,1.3,3711,0
BFRG.US,5,20251030,200500,1.3,1.3,1.3,1.3,206,0
BFRG.US,5,20251030,202000,1.3,1.3,1.3,1.3,6325,0
BFRG.US,5,20251030,204000,1.29,1.29,1.29,1.29,100,0
BFRG.US,5,20251030,204500,1.2814,1.29,1.28,1.28,2417,0
BFRG.US,5,20251030,205500,1.28,1.285,1.28,1.28,4259,0
BFRG.US,5,20251031,143000,1.29,1.3,1.29,1.3,6730,0
BFRG.US,5,20251031,144000,1.27,1.27,1.27,1.27,590,0
BFRG.US,5,20251031,144500,1.284,1.284,1.284,1.284,1000,0
BFRG.US,5,20251031,145500,1.292,1.309,1.292,1.309,1800,0
BFRG.US,5,20251031,150000,1.3,1.31,1.3,1.305,20500,0
BFRG.US,5,20251031,150500,1.31,1.32,1.305,1.315,3286,0
BFRG.US,5,20251031,151000,1.32,1.32,1.31,1.315,500,0
BFRG.US,5,20251031,151500,1.31,1.3102,1.3,1.3,6500,0
BFRG.US,5,20251031,152500,1.3055,1.313,1.3055,1.313,1300,0
BFRG.US,5,20251031,153000,1.3,1.32,1.3,1.32,2400,0
BFRG.US,5,20251031,154000,1.3178,1.3178,1.3178,1.3178,100,0
BFRG.US,5,20251031,154500,1.3148,1.315,1.3148,1.315,400,0
BFRG.US,5,20251031,155000,1.31,1.32,1.31,1.3147,1456,0
BFRG.US,5,20251031,155500,1.315,1.3199,1.31,1.3199,2100,0
BFRG.US,5,20251031,160000,1.315,1.32,1.29,1.2901,18430,0
BFRG.US,5,20251031,160500,1.29,1.3051,1.29,1.3051,530,0
BFRG.US,5,20251031,161500,1.31,1.31,1.31,1.31,100,0
BFRG.US,5,20251031,162000,1.3,1.3,1.3,1.3,100,0
BFRG.US,5,20251031,163500,1.31,1.31,1.31,1.31,200,0
BFRG.US,5,20251031,164000,1.3,1.3,1.295,1.295,2160,0
BFRG.US,5,20251031,164500,1.3,1.3044,1.2981,1.3044,2928,0
BFRG.US,5,20251031,165000,1.3,1.3,1.3,1.3,100,0
BFRG.US,5,20251031,170500,1.305,1.305,1.3,1.3,3829,0
BFRG.US,5,20251031,171000,1.2901,1.2999,1.2901,1.2999,500,0
BFRG.US,5,20251031,172000,1.295,1.295,1.295,1.295,100,0
BFRG.US,5,20251031,172500,1.3,1.3,1.3,1.3,100,0
BFRG.US,5,20251031,175000,1.3,1.3,1.3,1.3,2000,0
BFRG.US,5,20251031,175500,1.2901,1.2901,1.29,1.29,200,0
BFRG.US,5,20251031,180000,1.31,1.31,1.29,1.29,558,0
BFRG.US,5,20251031,181500,1.3,1.3,1.3,1.3,1000,0
BFRG.US,5,20251031,182000,1.29,1.29,1.285,1.285,2602,0
BFRG.US,5,20251031,182500,1.28,1.28,1.28,1.28,200,0
BFRG.US,5,20251031,184500,1.2878,1.2878,1.2878,1.2878,100,0
BFRG.US,5,20251031,190500,1.2845,1.2845,1.2845,1.2845,1303,0
BFRG.US,5,20251031,191000,1.2801,1.285,1.2801,1.2801,1350,0
BFRG.US,5,20251031,191500,1.28,1.28,1.28,1.28,100,0
BFRG.US,5,20251031,192000,1.2899,1.2899,1.2899,1.2899,1300,0
BFRG.US,5,20251031,192500,1.28,1.28,1.2788,1.2788,612,0
BFRG.US,5,20251031,193000,1.27,1.27,1.27,1.27,100,0
BFRG.US,5,20251031,193500,1.27,1.27,1.27,1.27,101,0
BFRG.US,5,20251031,194000,1.29,1.29,1.29,1.29,100,0
BFRG.US,5,20251031,195000,1.2782,1.2782,1.2782,1.2782,1000,0
BFRG.US,5,20251031,201500,1.275,1.275,1.275,1.275,100,0
BFRG.US,5,20251031,202000,1.28,1.28,1.28,1.28,100,0
BFRG.US,5,20251031,202500,1.275,1.275,1.275,1.275,100,0
BFRG.US,5,20251031,203000,1.2719,1.2722,1.2719,1.2722,800,0
BFRG.US,5,20251031,203500,1.27,1.27,1.27,1.27,100,0
BFRG.US,5,20251031,204500,1.27,1.2765,1.27,1.27,7969,0
BFRG.US,5,20251031,205000,1.275,1.275,1.275,1.275,300,0
BFRG.US,5,20251031,205500,1.275,1.275,1.27,1.27,587,0
BFRG.US,5,20251103,153000,1.28,1.29,1.265,1.265,5210,0
BFRG.US,5,20251103,153500,1.26,1.26,1.25,1.2514,10456,0
BFRG.US,5,20251103,154000,1.25,1.255,1.24,1.24,31995,0
BFRG.US,5,20251103,154500,1.24,1.24,1.24,1.24,100,0
BFRG.US,5,20251103,160000,1.2461,1.2461,1.24,1.245,14200,0
BFRG.US,5,20251103,160500,1.23,1.23,1.21,1.22,14181,0
BFRG.US,5,20251103,161000,1.21,1.2198,1.2,1.2001,14974,0
BFRG.US,5,20251103,161500,1.2001,1.205,1.2,1.205,1125,0
BFRG.US,5,20251103,162000,1.2099,1.21,1.2,1.2,17859,0
BFRG.US,5,20251103,162500,1.2,1.2,1.18,1.1887,15918,0
BFRG.US,5,20251103,163000,1.19,1.19,1.18,1.1801,3717,0
BFRG.US,5,20251103,163500,1.1831,1.19,1.1831,1.19,882,0
BFRG.US,5,20251103,164000,1.2018,1.2018,1.2,1.2,1200,0
BFRG.US,5,20251103,164500,1.2018,1.2044,1.19,1.19,855,0
BFRG.US,5,20251103,170000,1.21,1.21,1.21,1.21,100,0
BFRG.US,5,20251103,170500,1.2,1.2,1.2,1.2,100,0
BFRG.US,5,20251103,171000,1.205,1.205,1.2,1.2,2351,0
BFRG.US,5,20251103,171500,1.1999,1.22,1.19,1.1906,6630,0
BFRG.US,5,20251103,172000,1.2,1.2,1.2,1.2,100,0
BFRG.US,5,20251103,172500,1.2009,1.21,1.2009,1.21,230,0
BFRG.US,5,20251103,173500,1.2,1.2001,1.2,1.2,6231,0
BFRG.US,5,20251103,174000,1.2,1.2,1.2,1.2,800,0
BFRG.US,5,20251103,174500,1.2,1.205,1.1901,1.1901,6137,0
BFRG.US,5,20251103,175000,1.1945,1.1945,1.1945,1.1945,500,0
BFRG.US,5,20251103,175500,1.1933,1.1933,1.1933,1.1933,100,0
BFRG.US,5,20251103,180000,1.195,1.195,1.19,1.19,1741,0
BFRG.US,5,20251103,180500,1.195,1.2,1.195,1.2,550,0
BFRG.US,5,20251103,181000,1.199,1.199,1.192701,1.192701,800,0
BFRG.US,5,20251103,181500,1.1931,1.1931,1.1931,1.1931,100,0
BFRG.US,5,20251103,182000,1.2,1.2,1.1962,1.1962,1201,0
BFRG.US,5,20251103,183500,1.1902,1.1902,1.19,1.19,1100,0
BFRG.US,5,20251103,184000,1.1913,1.1913,1.1913,1.1913,100,0
BFRG.US,5,20251103,184500,1.1928,1.1947,1.1928,1.1947,454,0
BFRG.US,5,20251103,185000,1.2,1.2,1.2,1.2,110,0
BFRG.US,5,20251103,185500,1.2,1.2,1.2,1.2,179,0
BFRG.US,5,20251103,191500,1.2,1.2001,1.195,1.195,3063,0
BFRG.US,5,20251103,192000,1.1945,1.1945,1.1945,1.1945,982,0
BFRG.US,5,20251103,193000,1.1999,1.1999,1.1999,1.1999,3000,0
BFRG.US,5,20251103,195000,1.195,1.195,1.195,1.195,100,0
BFRG.US,5,20251103,200500,1.195,1.2,1.195,1.2,1033,0
BFRG.US,5,20251103,202000,1.19,1.195,1.19,1.19,2149,0
BFRG.US,5,20251103,202500,1.19,1.1945,1.19,1.1945,380,0
BFRG.US,5,20251103,203000,1.192,1.192,1.192,1.192,650,0
BFRG.US,5,20251103,203500,1.195,1.195,1.195,1.195,500,0
BFRG.US,5,20251103,204500,1.1979,1.1979,1.1979,1.1979,1250,0
BFRG.US,5,20251103,210000,1.19,1.19,1.16,1.17,46961,0
BFRG.US,5,20251103,210500,1.17,1.17,1.14,1.15,33289,0
BFRG.US,5,20251103,211000,1.145,1.155,1.145,1.155,7010,0
BFRG.US,5,20251103,211500,1.1598,1.1598,1.1598,1.1598,200,0
BFRG.US,5,20251103,212000,1.155,1.155,1.1505,1.1505,4500,0
BFRG.US,5,20251103,212500,1.155,1.17,1.145,1.17,38212,0
BFRG.US,5,20251103,213000,1.1798,1.1798,1.155,1.155,2004,0
BFRG.US,5,20251103,213500,1.16,1.16,1.16,1.16,120,0
BFRG.US,5,20251103,214000,1.155,1.16,1.14,1.155,1433,0
BFRG.US,5,20251103,214500,1.16,1.163,1.155,1.155,563,0
BFRG.US,5,20251103,215000,1.14,1.155,1.14,1.15,1313,0
BFRG.US,5,20251103,215500,1.1598,1.16,1.14,1.15,2495,0
BFRG.US,5,20251104,153000,1.18,1.18,1.18,1.18,3415,0
BFRG.US,5,20251104,153500,1.15,1.15,1.15,1.15,1250,0
BFRG.US,5,20251104,154000,1.157,1.165,1.1501,1.16,4560,0
BFRG.US,5,20251104,154500,1.1619,1.1619,1.155,1.1595,2809,0
BFRG.US,5,20251104,155000,1.1598,1.16,1.1598,1.16,2300,0
BFRG.US,5,20251104,155500,1.16,1.16,1.15,1.1588,3097,0
BFRG.US,5,20251104,160000,1.15,1.1561,1.15,1.1501,3500,0
BFRG.US,5,20251104,160500,1.15,1.151,1.15,1.15,2722,0
BFRG.US,5,20251104,161000,1.15,1.1599,1.15,1.1599,390,0
BFRG.US,5,20251104,161500,1.155,1.155,1.14,1.15,6431,0
BFRG.US,5,20251104,162000,1.1449,1.1449,1.14,1.14,1588,0
BFRG.US,5,20251104,162500,1.14,1.1499,1.14,1.1499,724,0
BFRG.US,5,20251104,163500,1.145,1.145,1.14,1.14,3425,0
BFRG.US,5,20251104,170000,1.14,1.1401,1.14,1.14,3136,0
BFRG.US,5,20251104,170500,1.14,1.14,1.13,1.13,1152,0
BFRG.US,5,20251104,171000,1.1388,1.1388,1.1374,1.1374,457,0
BFRG.US,5,20251104,171500,1.1395,1.1395,1.1395,1.1395,500,0
BFRG.US,5,20251104,172000,1.135,1.135,1.135,1.135,200,0
BFRG.US,5,20251104,172500,1.13,1.1399,1.13,1.13,1200,0
BFRG.US,5,20251104,173500,1.1324,1.1324,1.13,1.13,2095,0
BFRG.US,5,20251104,174000,1.13,1.13,1.1288,1.1288,1380,0
BFRG.US,5,20251104,174500,1.12,1.1299,1.12,1.12,3300,0
BFRG.US,5,20251104,175000,1.125,1.125,1.12,1.12,1400,0
BFRG.US,5,20251104,180000,1.12,1.12,1.1101,1.1101,5540,0
BFRG.US,5,20251104,180500,1.1101,1.12,1.1,1.1,5509,0
BFRG.US,5,20251104,181000,1.11,1.11,1.1,1.1,400,0
BFRG.US,5,20251104,181500,1.1152,1.1152,1.11,1.11,569,0
BFRG.US,5,20251104,182500,1.1,1.1,1.1,1.1,100,0
BFRG.US,5,20251104,183500,1.1,1.105,1.1,1.1,3435,0
BFRG.US,5,20251104,184000,1.1,1.1059,1.1,1.1,2300,0
BFRG.US,5,20251104,184500,1.1,1.1045,1.1,1.1,483,0
BFRG.US,5,20251104,185000,1.1099,1.1099,1.1,1.1001,2878,0
BFRG.US,5,20251104,185500,1.1,1.1,1.1,1.1,1051,0
BFRG.US,5,20251104,190500,1.1055,1.1055,1.07,1.075,24858,0
BFRG.US,5,20251104,191000,1.08,1.09,1.08,1.09,5900,0
BFRG.US,5,20251104,191500,1.1,1.1,1.1,1.1,1325,0
BFRG.US,5,20251104,192000,1.1,1.1,1.1,1.1,1365,0
BFRG.US,5,20251104,192500,1.09,1.09,1.09,1.09,100,0
BFRG.US,5,20251104,193000,1.09,1.09,1.0801,1.0801,455,0
BFRG.US,5,20251104,193500,1.09,1.09,1.09,1.09,100,0
BFRG.US,5,20251104,194000,1.1,1.1,1.1,1.1,500,0
BFRG.US,5,20251104,195000,1.09,1.09,1.09,1.09,800,0
BFRG.US,5,20251104,195500,1.1,1.1,1.1,1.1,310,0
BFRG.US,5,20251104,200000,1.1,1.1,1.1,1.1,3814,0
BFRG.US,5,20251104,200500,1.09,1.09,1.09,1.09,100,0
BFRG.US,5,20251104,202500,1.09,1.0965,1.09,1.0965,300,0
BFRG.US,5,20251104,203000,1.09,1.09,1.09,1.09,100,0
BFRG.US,5,20251104,203500,1.09,1.09,1.09,1.09,1481,0
BFRG.US,5,20251104,204000,1.08,1.08,1.08,1.08,500,0
BFRG.US,5,20251104,204500,1.08,1.08,1.08,1.08,100,0
BFRG.US,5,20251104,205000,1.08,1.0979,1.08,1.0979,1064,0
BFRG.US,5,20251104,210000,1.08,1.08,1.08,1.08,100,0
BFRG.US,5,20251104,210500,1.0904,1.0904,1.0904,1.0904,244,0
BFRG.US,5,20251104,211000,1.08,1.08,1.08,1.08,100,0
BFRG.US,5,20251104,211500,1.08,1.0921,1.08,1.0921,300,0
BFRG.US,5,20251104,212500,1.09,1.09,1.085,1.0899,1000,0
BFRG.US,5,20251104,213000,1.09,1.09,1.09,1.09,697,0
BFRG.US,5,20251104,213500,1.09,1.09,1.09,1.09,688,0
BFRG.US,5,20251104,214000,1.085,1.085,1.08,1.085,4640,0
BFRG.US,5,20251104,214500,1.0883,1.0883,1.0883,1.0883,200,0
BFRG.US,5,20251104,215000,1.08,1.09,1.08,1.09,1320,0
BFRG.US,5,20251104,215500,1.08,1.09,1.08,1.09,1517,0
BFRG.US,5,20251105,153000,1.09,1.14,1.09,1.13,1571,0
BFRG.US,5,20251105,153500,1.125,1.14,1.125,1.1399,2731,0
BFRG.US,5,20251105,154000,1.13,1.13,1.1208,1.1208,750,0
BFRG.US,5,20251105,154500,1.12,1.12,1.1101,1.1101,992,0
BFRG.US,5,20251105,155000,1.12,1.1297,1.11,1.12,1630,0
BFRG.US,5,20251105,155500,1.13,1.13,1.13,1.13,350,0
BFRG.US,5,20251105,160000,1.11,1.11,1.11,1.11,100,0
BFRG.US,5,20251105,161000,1.11,1.113,1.1,1.1,850,0
BFRG.US,5,20251105,161500,1.1,1.1,1.1,1.1,100,0
BFRG.US,5,20251105,162000,1.095,1.0999,1.095,1.0999,1238,0
BFRG.US,5,20251105,162500,1.095,1.095,1.095,1.095,454,0
BFRG.US,5,20251105,163000,1.09,1.09,1.09,1.09,980,0
BFRG.US,5,20251105,163500,1.0818,1.11,1.0748,1.097,48821,0
BFRG.US,5,20251105,164000,1.0901,1.11,1.06,1.08,28836,0
BFRG.US,5,20251105,164500,1.07,1.08,1.06,1.08,6700,0
BFRG.US,5,20251105,165000,1.0701,1.08,1.06,1.06,9338,0
BFRG.US,5,20251105,165500,1.06,1.06,1.055,1.055,3000,0
BFRG.US,5,20251105,170000,1.059,1.0657,1.059,1.061,3300,0
BFRG.US,5,20251105,170500,1.0682,1.0682,1.0682,1.0682,150,0
BFRG.US,5,20251105,171000,1.0657,1.0699,1.061,1.061,3300,0
BFRG.US,5,20251105,171500,1.0699,1.0699,1.06,1.0635,7417,0
BFRG.US,5,20251105,172000,1.06,1.06,1.06,1.06,1200,0
BFRG.US,5,20251105,172500,1.06,1.06,1.0501,1.0599,11100,0
BFRG.US,5,20251105,173000,1.0591,1.0591,1.0524,1.055,2614,0
BFRG.US,5,20251105,173500,1.0575,1.0575,1.0575,1.0575,500,0
BFRG.US,5,20251105,174000,1.05,1.05,1.0401,1.05,12978,0
BFRG.US,5,20251105,174500,1.0401,1.045,1.04,1.04,8836,0
BFRG.US,5,20251105,175000,1.04,1.05,1.04,1.045,24703,0
BFRG.US,5,20251105,175500,1.04,1.04,1.04,1.04,150,0
BFRG.US,5,20251105,180000,1.03,1.04,1.03,1.04,956,0
BFRG.US,5,20251105,180500,1.04,1.04,1.04,1.04,1800,0
BFRG.US,5,20251105,181000,1.04,1.04,1.03,1.03,4941,0
BFRG.US,5,20251105,181500,1.04,1.04,1.039,1.039,310,0
BFRG.US,5,20251105,182000,1.0498,1.07,1.0498,1.07,8166,0
BFRG.US,5,20251105,182500,1.06,1.0699,1.06,1.0699,1426,0
BFRG.US,5,20251105,183000,1.069,1.069,1.06,1.06,3250,0
BFRG.US,5,20251105,183500,1.06,1.06,1.06,1.06,100,0
BFRG.US,5,20251105,184000,1.0652,1.0652,1.06,1.06,3203,0
BFRG.US,5,20251105,184500,1.0598,1.06,1.0598,1.06,1009,0
BFRG.US,5,20251105,185000,1.05,1.06,1.05,1.06,1635,0
BFRG.US,5,20251105,190000,1.07,1.07,1.05,1.05,1772,0
BFRG.US,5,20251105,191500,1.07,1.07,1.07,1.07,2000,0
BFRG.US,5,20251105,192500,1.05,1.0587,1.05,1.0587,323,0
BFRG.US,5,20251105,193000,1.05,1.06,1.05,1.06,800,0
BFRG.US,5,20251105,193500,1.05,1.0691,1.05,1.06,3785,0
BFRG.US,5,20251105,194000,1.06,1.0698,1.06,1.065,2910,0
BFRG.US,5,20251105,194500,1.0674,1.0674,1.0674,1.0674,100,0
BFRG.US,5,20251105,195500,1.065,1.065,1.065,1.065,100,0
BFRG.US,5,20251105,200000,1.065,1.065,1.065,1.065,100,0
BFRG.US,5,20251105,200500,1.06,1.06,1.06,1.06,100,0
BFRG.US,5,20251105,201500,1.06,1.06,1.055,1.06,1282,0
BFRG.US,5,20251105,202000,1.055,1.055,1.055,1.055,100,0
BFRG.US,5,20251105,202500,1.05,1.0548,1.05,1.0548,510,0
BFRG.US,5,20251105,203000,1.05,1.05,1.05,1.05,100,0
BFRG.US,5,20251105,203500,1.06,1.06,1.06,1.06,100,0
BFRG.US,5,20251105,204000,1.0538,1.0538,1.05,1.05,6715,0
BFRG.US,5,20251105,204500,1.045,1.0455,1.045,1.0455,1100,0
BFRG.US,5,20251105,205000,1.05,1.05,1.04,1.05,4595,0
BFRG.US,5,20251105,205500,1.05,1.05,1.05,1.05,100,0
BFRG.US,5,20251105,210500,1.05,1.0525,1.05,1.0525,281,0
BFRG.US,5,20251105,211000,1.0691,1.0691,1.05,1.05,1505,0
BFRG.US,5,20251105,211500,1.06,1.06,1.06,1.06,1250,0
BFRG.US,5,20251105,212000,1.06,1.06,1.05,1.05,1179,0
BFRG.US,5,20251105,213500,1.05,1.05,1.045,1.05,1168,0
BFRG.US,5,20251105,215000,1.04,1.05,1.04,1.05,1730,0
BFRG.US,5,20251105,215500,1.04,1.05,1.03,1.05,6946,0
BFRG.US,5,20251106,153000,1.04,1.04,1.02,1.03,9338,0
BFRG.US,5,20251106,153500,1.02,1.03,1.02,1.03,2700,0
BFRG.US,5,20251106,154000,1.02,1.02,1.003,1.02,14667,0
BFRG.US,5,20251106,154500,1.02,1.035,1.02,1.035,894,0
BFRG.US,5,20251106,155000,1.035,1.035,1.035,1.035,1000,0
BFRG.US,5,20251106,160000,1.03,1.03,1.03,1.03,1474,0
BFRG.US,5,20251106,160500,1.03,1.04,1.03,1.039,5233,0
BFRG.US,5,20251106,161000,1.04,1.05,1.03,1.0427,13673,0
BFRG.US,5,20251106,161500,1.02,1.02,1.01,1.02,6156,0
BFRG.US,5,20251106,162000,1.04,1.06,1.04,1.06,2832,0
BFRG.US,5,20251106,162500,1.04,1.04,1.04,1.04,500,0
BFRG.US,5,20251106,164000,1.04,1.04,1.04,1.04,100,0
BFRG.US,5,20251106,165000,1.02,1.0297,1.02,1.02,1000,0
BFRG.US,5,20251106,165500,1.02,1.02,1.02,1.02,2017,0
BFRG.US,5,20251106,170500,1.025,1.025,1.01,1.0152,1148,0
BFRG.US,5,20251106,171000,1.02,1.03,1.01,1.01,5313,0
BFRG.US,5,20251106,171500,1.03,1.03,1.03,1.03,100,0
BFRG.US,5,20251106,172000,1.015,1.015,1.01,1.01,2200,0
BFRG.US,5,20251106,173000,1.01,1.01,1.01,1.01,200,0
BFRG.US,5,20251106,173500,1.022,1.025,1.022,1.025,1200,0
BFRG.US,5,20251106,175000,1.0142,1.0142,1.0142,1.0142,2000,0
BFRG.US,5,20251106,175500,1.01,1.0113,1.01,1.01,8505,0
BFRG.US,5,20251106,180000,1,1,0.99,0.9999,10269,0
BFRG.US,5,20251106,181500,1.01,1.01,1,1,2800,0
BFRG.US,5,20251106,182000,1,1.0002,1,1,300,0
BFRG.US,5,20251106,182500,1,1.001,0.99,1,3423,0
BFRG.US,5,20251106,183500,0.99505,0.9999,0.9902,0.9902,575,0
BFRG.US,5,20251106,184000,0.998,0.998,0.998,0.998,110,0
BFRG.US,5,20251106,184500,0.998,0.998,0.998,0.998,196,0
BFRG.US,5,20251106,185500,1.01,1.01,1.01,1.01,100,0
BFRG.US,5,20251106,190000,0.99,0.99,0.99,0.99,110,0
BFRG.US,5,20251106,190500,1.0094,1.0094,1.0094,1.0094,1000,0
BFRG.US,5,20251106,191000,1,1,1,1,1800,0
BFRG.US,5,20251106,191500,0.99,0.99,0.99,0.99,1804,0
BFRG.US,5,20251106,192000,0.98,0.9979,0.98,0.9891,2500,0
BFRG.US,5,20251106,192500,0.99799,0.99799,0.99799,0.99799,1000,0
BFRG.US,5,20251106,194000,0.98,0.99,0.98,0.99,2698,0
BFRG.US,5,20251106,195000,0.989,0.989,0.989,0.989,564,0
BFRG.US,5,20251106,195500,0.98,0.98,0.98,0.98,200,0
BFRG.US,5,20251106,200500,1.0072,1.0072,0.98,0.995,2599,0
BFRG.US,5,20251106,201000,0.99,0.99,0.99,0.99,536,0
BFRG.US,5,20251106,201500,0.9802,0.9802,0.9802,0.9802,345,0
BFRG.US,5,20251106,202000,0.9801,0.9801,0.98,0.98,11000,0
BFRG.US,5,20251106,202500,0.9876,0.9876,0.9876,0.9876,1300,0
BFRG.US,5,20251106,203000,0.98,0.98,0.98,0.98,200,0
BFRG.US,5,20251106,204000,0.9871,0.9871,0.9871,0.9871,2101,0
BFRG.US,5,20251106,204500,0.98,0.98,0.98,0.98,100,0
BFRG.US,5,20251106,205500,1.01,1.01,1.01,1.01,500,0
BFRG.US,5,20251106,210000,0.98,0.98,0.98,0.98,100,0
BFRG.US,5,20251106,210500,0.98,0.98,0.98,0.98,200,0
BFRG.US,5,20251106,211000,0.98,0.995,0.98,0.995,600,0
BFRG.US,5,20251106,211500,0.98,0.98,0.98,0.98,100,0
BFRG.US,5,20251106,212500,0.99,0.99,0.984,0.984,1121,0
BFRG.US,5,20251106,213000,0.9875,0.9875,0.97,0.97,3558,0
BFRG.US,5,20251106,213500,0.975,0.9835,0.95,0.96,5387,0
BFRG.US,5,20251106,214500,0.96,0.96,0.96,0.96,564,0
BFRG.US,5,20251106,215000,0.96,0.9669,0.96,0.9669,500,0
BFRG.US,5,20251106,215500,0.9669,0.9669,0.96,0.96,1385,0
BFRG.US,5,20251107,153000,0.95,0.961,0.95,0.96,4430,0
BFRG.US,5,20251107,154000,0.9699,0.9699,0.959999,0.959999,800,0
BFRG.US,5,20251107,155000,0.96,0.96,0.9503,0.9503,1325,0
BFRG.US,5,20251107,155500,0.960051,0.99,0.960051,0.99,4941,0
BFRG.US,5,20251107,160000,0.98,1,0.98,1,907,0
BFRG.US,5,20251107,160500,0.99,1.0099,0.99,1.0099,200,0
BFRG.US,5,20251107,161000,0.9863,0.9863,0.9863,0.9863,250,0
BFRG.US,5,20251107,161500,1,1,0.9999,0.9999,2000,0
BFRG.US,5,20251107,162000,0.9863,0.9863,0.9863,0.9863,100,0
BFRG.US,5,20251107,162500,0.9863,0.9863,0.9726,0.9726,3100,0
BFRG.US,5,20251107,163500,0.99,1.01,0.99,1.01,19181,0
BFRG.US,5,20251107,164000,1.0001,1.01,1.0001,1.01,4100,0
BFRG.US,5,20251107,164500,1.0099,1.01,1.0045,1.005,4861,0
BFRG.US,5,20251107,165500,1.005,1.01,0.9998,1.01,2300,0
BFRG.US,5,20251107,171000,0.995,0.995,0.995,0.995,100,0
BFRG.US,5,20251107,171500,0.9814,0.9814,0.9814,0.9814,100,0
BFRG.US,5,20251107,172500,1.0023,1.03,0.993,1.03,27440,0
BFRG.US,5,20251107,173000,1.02,1.03,1.02,1.03,1802,0
BFRG.US,5,20251107,173500,1.03,1.03,1.015,1.03,1956,0
BFRG.US,5,20251107,174500,1.01,1.02,1,1.02,4576,0
BFRG.US,5,20251107,175500,1.02,1.02,1.01,1.01,5669,0
BFRG.US,5,20251107,180000,1.01,1.01,1.01,1.01,200,0
BFRG.US,5,20251107,180500,1.01,1.015,1.01,1.015,321,0
BFRG.US,5,20251107,181500,1.0187,1.0187,1.009,1.009,361,0
BFRG.US,5,20251107,182500,1.01,1.01,1.0001,1.0001,2100,0
BFRG.US,5,20251107,183000,1.01,1.01,1.01,1.01,100,0
BFRG.US,5,20251107,183500,1.0051,1.015,1.0051,1.01,1276,0
BFRG.US,5,20251107,184000,1,1,1,1,100,0
BFRG.US,5,20251107,184500,1.0162,1.0162,1.0162,1.0162,300,0
BFRG.US,5,20251107,185000,1,1,1,1,200,0
BFRG.US,5,20251107,190000,1,1,1,1,100,0
BFRG.US,5,20251107,190500,1,1.0099,1,1.005,700,0
BFRG.US,5,20251107,191000,1.0001,1.0001,1.0001,1.0001,156,0
BFRG.US,5,20251107,191500,1.005,1.005,1.005,1.005,100,0
BFRG.US,5,20251107,192000,1.01,1.01,1.01,1.01,500,0
BFRG.US,5,20251107,192500,1.01,1.01,1.01,1.01,134,0
BFRG.US,5,20251107,193000,1.01,1.0155,1.01,1.0155,2660,0
BFRG.US,5,20251107,193500,1.01,1.01,1.01,1.01,175,0
BFRG.US,5,20251107,194000,1.0023,1.0023,1.0023,1.0023,100,0
BFRG.US,5,20251107,195000,1,1,1,1,100,0
BFRG.US,5,20251107,200000,0.9932,1,0.9932,1,1992,0
BFRG.US,5,20251107,201000,1.01,1.04,1.01,1.04,11249,0
BFRG.US,5,20251107,201500,1.059,1.06,1.035,1.06,17500,0
BFRG.US,5,20251107,202000,1.06,1.08,1.06,1.06,10698,0
BFRG.US,5,20251107,202500,1.07,1.13,1.07,1.11,38506,0
BFRG.US,5,20251107,203000,1.11,1.11,1.11,1.11,3359,0
BFRG.US,5,20251107,203500,1.11,1.11,1.11,1.11,300,0
BFRG.US,5,20251107,204000,1.11,1.11,1.11,1.11,100,0
BFRG.US,5,20251107,204500,1.11,1.125,1.11,1.1216,5585,0
BFRG.US,5,20251107,205000,1.11,1.145,1.11,1.14,11814,0
BFRG.US,5,20251107,205500,1.14,1.1494,1.14,1.1491,3700,0
BFRG.US,5,20251107,210000,1.15,1.165,1.15,1.16,10219,0
BFRG.US,5,20251107,210500,1.165,1.17,1.16,1.16,14798,0
BFRG.US,5,20251107,211000,1.165,1.165,1.15,1.15,14249,0
BFRG.US,5,20251107,211500,1.135,1.135,1.13,1.135,3454,0
BFRG.US,5,20251107,212000,1.14,1.1416,1.125,1.125,5500,0
BFRG.US,5,20251107,212500,1.125,1.125,1.12,1.12,1082,0
BFRG.US,5,20251107,213000,1.12,1.1396,1.12,1.12,1330,0
BFRG.US,5,20251107,214000,1.12,1.12,1.12,1.12,918,0
BFRG.US,5,20251107,214500,1.13,1.135,1.1144,1.115,4608,0
BFRG.US,5,20251107,215000,1.11,1.12,1.11,1.12,497,0
BFRG.US,5,20251107,215500,1.115,1.12,1.1,1.1,10501,0
BFRG.US,5,20251110,153000,1.12,1.12,1.1,1.115,6210,0
BFRG.US,5,20251110,153500,1.12,1.13,1.1,1.1,800,0
BFRG.US,5,20251110,154500,1.0996,1.1,1.0996,1.1,1498,0
BFRG.US,5,20251110,155500,1.1,1.1,1.085,1.085,2477,0
BFRG.US,5,20251110,160500,1.09,1.09,1.09,1.09,106,0
BFRG.US,5,20251110,161000,1.095,1.095,1.09,1.09,3456,0
BFRG.US,5,20251110,161500,1.0899,1.09,1.085,1.09,30360,0
BFRG.US,5,20251110,162000,1.08,1.08,1.08,1.08,1308,0
BFRG.US,5,20251110,162500,1.095,1.095,1.095,1.095,1111,0
BFRG.US,5,20251110,163500,1.1097,1.1097,1.09,1.09,7205,0
BFRG.US,5,20251110,164000,1.1,1.1,1.099,1.099,2141,0
BFRG.US,5,20251110,165000,1.09,1.09,1.085,1.085,1500,0
BFRG.US,5,20251110,165500,1.085,1.09,1.085,1.09,634,0
BFRG.US,5,20251110,170000,1.088614,1.088614,1.088614,1.088614,200,0
BFRG.US,5,20251110,171000,1.08,1.08,1.08,1.08,100,0
BFRG.US,5,20251110,171500,1.0855,1.0855,1.08,1.08,1646,0
BFRG.US,5,20251110,172500,1.0708,1.0708,1.07,1.07,1119,0
BFRG.US,5,20251110,173000,1.065,1.065,1.065,1.065,100,0
BFRG.US,5,20251110,174000,1.065,1.065,1.065,1.065,2053,0
BFRG.US,5,20251110,174500,1.065,1.07,1.065,1.07,246,0
BFRG.US,5,20251110,175000,1.06,1.065,1.06,1.065,300,0
BFRG.US,5,20251110,180000,1.065,1.065,1.065,1.065,100,0
BFRG.US,5,20251110,180500,1.0685,1.0685,1.0685,1.0685,100,0
BFRG.US,5,20251110,181000,1.07,1.07,1.0673,1.0673,1590,0
BFRG.US,5,20251110,181500,1.065,1.065,1.065,1.065,400,0
BFRG.US,5,20251110,182000,1.0656,1.0656,1.0656,1.0656,100,0
BFRG.US,5,20251110,182500,1.065,1.07,1.065,1.07,6305,0
BFRG.US,5,20251110,183500,1.085,1.085,1.085,1.085,116,0
BFRG.US,5,20251110,184000,1.0946,1.0946,1.0946,1.0946,265,0
BFRG.US,5,20251110,184500,1.1,1.1,1.1,1.1,100,0
BFRG.US,5,20251110,185500,1.0956,1.0956,1.0956,1.0956,100,0
BFRG.US,5,20251110,190000,1.095,1.095,1.095,1.095,100,0
BFRG.US,5,20251110,190500,1.085,1.085,1.085,1.085,100,0
BFRG.US,5,20251110,191500,1.1,1.1,1.1,1.1,100,0
BFRG.US,5,20251110,192000,1.0896,1.1,1.0896,1.1,246,0
BFRG.US,5,20251110,192500,1.1,1.1,1.1,1.1,100,0
BFRG.US,5,20251110,193000,1.06,1.08,1.06,1.08,300,0
BFRG.US,5,20251110,193500,1.1,1.1,1.09,1.09,200,0
BFRG.US,5,20251110,194500,1.07,1.09,1.07,1.09,500,0
BFRG.US,5,20251110,195500,1.09,1.09,1.09,1.09,100,0
BFRG.US,5,20251110,200000,1.095,1.095,1.095,1.095,100,0
BFRG.US,5,20251110,201500,1.07,1.07,1.07,1.07,100,0
BFRG.US,5,20251110,202000,1.085,1.085,1.085,1.085,100,0
BFRG.US,5,20251110,203000,1.0701,1.0701,1.0701,1.0701,100,0
BFRG.US,5,20251110,203500,1.07,1.07,1.07,1.07,100,0
BFRG.US,5,20251110,204000,1.09,1.0923,1.09,1.0923,1686,0
BFRG.US,5,20251110,204500,1.0909,1.1,1.09,1.095,3090,0
BFRG.US,5,20251110,205000,1.0948,1.11,1.0948,1.11,1464,0
BFRG.US,5,20251110,205500,1.1,1.1,1.0945,1.0945,1779,0
BFRG.US,5,20251110,210000,1.1,1.11,1.1,1.11,821,0
BFRG.US,5,20251110,210500,1.11,1.11,1.09,1.09,1100,0
BFRG.US,5,20251110,211000,1.08,1.08,1.08,1.08,100,0
BFRG.US,5,20251110,211500,1.08,1.1,1.08,1.1,200,0
BFRG.US,5,20251110,212000,1.09,1.1,1.09,1.1,1265,0
BFRG.US,5,20251110,212500,1.09,1.09,1.08,1.09,5632,0
BFRG.US,5,20251110,213000,1.1,1.11,1.1,1.1,1651,0
BFRG.US,5,20251110,213500,1.0945,1.095,1.09,1.095,500,0
BFRG.US,5,20251110,214000,1.095,1.095,1.09,1.09,200,0
BFRG.US,5,20251110,214500,1.095,1.0999,1.095,1.0999,600,0
BFRG.US,5,20251110,215000,1.1,1.1,1.09,1.1,2790,0
BFRG.US,5,20251110,215500,1.095,1.1,1.09,1.1,2854,0
BFRG.US,5,20251111,153000,1.08,1.1,1.08,1.0901,1363,0
BFRG.US,5,20251111,154000,1.1,1.11,1.1,1.105,3554,0
BFRG.US,5,20251111,154500,1.1,1.1,1.09,1.09,600,0
BFRG.US,5,20251111,155000,1.081,1.081,1.081,1.081,259,0
BFRG.US,5,20251111,155500,1.0845,1.0845,1.0845,1.0845,955,0
BFRG.US,5,20251111,160000,1.08,1.08,1.08,1.08,300,0
BFRG.US,5,20251111,161000,1.08,1.08,1.08,1.08,2300,0
BFRG.US,5,20251111,161500,1.09,1.09,1.09,1.09,4000,0
BFRG.US,5,20251111,163500,1.09,1.09,1.09,1.09,320,0
BFRG.US,5,20251111,165500,1.09,1.09,1.09,1.09,300,0
BFRG.US,5,20251111,170000,1.08,1.08,1.08,1.08,100,0
BFRG.US,5,20251111,171000,1.09,1.09,1.09,1.09,500,0
BFRG.US,5,20251111,172000,1.1,1.1,1.1,1.1,100,0
BFRG.US,5,20251111,173000,1.09,1.09,1.09,1.09,100,0
BFRG.US,5,20251111,174000,1.09,1.09,1.08,1.09,760,0
BFRG.US,5,20251111,182000,1.09,1.09,1.09,1.09,200,0
BFRG.US,5,20251111,184000,1.095,1.1,1.095,1.1,720,0
BFRG.US,5,20251111,184500,1.105,1.105,1.105,1.105,994,0
BFRG.US,5,20251111,185000,1.105,1.105,1.105,1.105,880,0
BFRG.US,5,20251111,185500,1.1004,1.1004,1.1004,1.1004,120,0
BFRG.US,5,20251111,190000,1.1004,1.1004,1.1004,1.1004,100,0
BFRG.US,5,20251111,194500,1.105,1.105,1.105,1.105,760,0
BFRG.US,5,20251111,195000,1.105,1.105,1.105,1.105,230,0
BFRG.US,5,20251111,195500,1.1066,1.1066,1.1066,1.1066,175,0
BFRG.US,5,20251111,201000,1.1078,1.1078,1.1078,1.1078,900,0
BFRG.US,5,20251111,202000,1.105,1.105,1.105,1.105,460,0
BFRG.US,5,20251111,204000,1.1,1.1,1.1,1.1,171,0
BFRG.US,5,20251111,212500,1.1,1.1,1.1,1.1,2014,0
BFRG.US,5,20251111,213000,1.1,1.1,1.1,1.1,100,0
BFRG.US,5,20251111,214000,1.1,1.1,1.1,1.1,2369,0
BFRG.US,5,20251111,214500,1.1,1.105,1.1,1.105,300,0
BFRG.US,5,20251111,215000,1.1099,1.1099,1.105,1.105,2352,0
BFRG.US,5,20251111,215500,1.105,1.105,1.1,1.1,1780,0
BFRG.US,5,20251112,153000,1.08,1.08,1.06,1.06,1839,0
BFRG.US,5,20251112,153500,1.06,1.075,1.06,1.075,6000,0
BFRG.US,5,20251112,154000,1.08,1.08,1.08,1.08,100,0
BFRG.US,5,20251112,154500,1.0762,1.08,1.0762,1.08,1900,0
BFRG.US,5,20251112,160500,1.075,1.08,1.075,1.075,580,0
BFRG.US,5,20251112,161000,1.08,1.08,1.08,1.08,2580,0
BFRG.US,5,20251112,162000,1.08,1.08,1.08,1.08,100,0
BFRG.US,5,20251112,162500,1.08,1.08,1.0755,1.08,722,0
BFRG.US,5,20251112,164000,1.07,1.07,1.07,1.07,350,0
BFRG.US,5,20251112,164500,1.0786,1.0786,1.0786,1.0786,160,0
BFRG.US,5,20251112,165000,1.0763,1.0763,1.07,1.0763,5855,0
BFRG.US,5,20251112,171500,1.075,1.075,1.075,1.075,100,0
BFRG.US,5,20251112,172000,1.08,1.09,1.08,1.09,5157,0
BFRG.US,5,20251112,172500,1.0943,1.0943,1.0943,1.0943,7855,0
BFRG.US,5,20251112,173000,1.09,1.09,1.09,1.09,6399,0
BFRG.US,5,20251112,173500,1.095,1.095,1.09,1.09,400,0
BFRG.US,5,20251112,185000,1.0935,1.0935,1.0935,1.0935,2000,0
BFRG.US,5,20251112,190500,1.095,1.095,1.095,1.095,200,0
BFRG.US,5,20251112,192000,1.0988,1.0988,1.0988,1.0988,900,0
BFRG.US,5,20251112,194000,1.1,1.11,1.1,1.11,3300,0
BFRG.US,5,20251112,194500,1.1041,1.1041,1.1041,1.1041,6850,0
BFRG.US,5,20251112,195000,1.108,1.108,1.108,1.108,200,0
BFRG.US,5,20251112,195500,1.105,1.105,1.105,1.105,1000,0
BFRG.US,5,20251112,200000,1.1091,1.1091,1.1069,1.1069,1100,0
BFRG.US,5,20251112,200500,1.1099,1.1099,1.1,1.1,1667,0
BFRG.US,5,20251112,201500,1.1028,1.1028,1.1028,1.1028,100,0
BFRG.US,5,20251112,204000,1.109,1.11,1.109,1.11,1095,0
BFRG.US,5,20251112,204500,1.09,1.11,1.09,1.11,300,0
BFRG.US,5,20251112,205000,1.0993,1.0993,1.0993,1.0993,1539,0
BFRG.US,5,20251112,213500,1.1,1.11,1.1,1.1,2990,0
BFRG.US,5,20251112,215000,1.09,1.095,1.09,1.09,1103,0
BFRG.US,5,20251113,153000,1.09,1.09,1.09,1.09,1493,0
BFRG.US,5,20251113,153500,1.085,1.085,1.085,1.085,1000,0
BFRG.US,5,20251113,154500,1.08,1.08,1.08,1.08,348,0
BFRG.US,5,20251113,155500,1.07,1.07,1.0648,1.0648,1242,0
BFRG.US,5,20251113,160500,1.06,1.06,1.06,1.06,900,0
BFRG.US,5,20251113,161000,1.07,1.07,1.0601,1.064,6184,0
BFRG.US,5,20251113,162000,1.06,1.06,1.04,1.04,978,0
BFRG.US,5,20251113,162500,1.035,1.035,1.035,1.035,200,0
BFRG.US,5,20251113,163500,1.035,1.04,1.035,1.04,301,0
BFRG.US,5,20251113,164000,1.04,1.041,1.04,1.041,334,0
BFRG.US,5,20251113,164500,1.039,1.039,1.0335,1.0335,681,0
BFRG.US,5,20251113,165000,1.0301,1.0301,1.03,1.03,1154,0
BFRG.US,5,20251113,165500,1.02,1.02,1.02,1.02,4098,0
BFRG.US,5,20251113,170000,1.02,1.0244,1.02,1.0244,2254,0
BFRG.US,5,20251113,170500,1.02,1.02,1.02,1.02,200,0
BFRG.US,5,20251113,171000,1.01,1.01,1.01,1.01,200,0
BFRG.US,5,20251113,171500,1.02,1.02,1.02,1.02,350,0
BFRG.US,5,20251113,172000,1.01,1.012,1.01,1.012,300,0
BFRG.US,5,20251113,172500,1.015,1.015,1.015,1.015,100,0
BFRG.US,5,20251113,173500,1.02,1.02,1.01,1.01,3224,0
BFRG.US,5,20251113,174000,1.0185,1.0185,1.0185,1.0185,197,0
BFRG.US,5,20251113,174500,1.015,1.015,1.015,1.015,250,0
BFRG.US,5,20251113,175000,1.0145,1.0145,1.0145,1.0145,300,0
BFRG.US,5,20251113,175500,1.015,1.015,1.01,1.0148,1550,0
BFRG.US,5,20251113,181000,1.01,1.01,1.01,1.01,500,0
BFRG.US,5,20251113,182500,1.01,1.01,1.01,1.01,100,0
BFRG.US,5,20251113,183000,1.01,1.01,1.01,1.01,700,0
BFRG.US,5,20251113,184000,1.02,1.02,1.02,1.02,100,0
BFRG.US,5,20251113,185000,1.0295,1.0295,1.0295,1.0295,500,0
BFRG.US,5,20251113,185500,1.0101,1.0101,1.01,1.01,2293,0
BFRG.US,5,20251113,190000,1.01,1.0196,1.01,1.0196,9736,0
BFRG.US,5,20251113,190500,1,1.02,1,1.02,472,0
BFRG.US,5,20251113,191500,1.02,1.02,1.02,1.02,167,0
BFRG.US,5,20251113,192500,1,1.02,1,1,2666,0
BFRG.US,5,20251113,193000,1.01,1.01,1.01,1.01,100,0
BFRG.US,5,20251113,193500,1.0151,1.0151,1.0151,1.0151,7000,0
BFRG.US,5,20251113,194000,1.02,1.02,1.01,1.01,1577,0
BFRG.US,5,20251113,194500,1.01,1.01,1.0005,1.0005,1028,0
BFRG.US,5,20251113,195000,1,1,1,1,100,0
BFRG.US,5,20251113,200000,1.02,1.02,1.02,1.02,100,0
BFRG.US,5,20251113,200500,1.0042,1.0042,1.0042,1.0042,500,0
BFRG.US,5,20251113,201000,1,1,0.998,0.998,1606,0
BFRG.US,5,20251113,201500,0.9997,0.9997,0.9948,0.9948,2100,0
BFRG.US,5,20251113,202000,0.9931,0.99475,0.99,0.9911,6303,0
BFRG.US,5,20251113,202500,0.9995,0.9995,0.9995,0.9995,100,0
BFRG.US,5,20251113,205000,1,1,1,1,100,0
BFRG.US,5,20251113,205500,1.01,1.01,1.01,1.01,400,0
BFRG.US,5,20251113,210000,1,1,1,1,100,0
BFRG.US,5,20251113,212000,1,1,1,1,799,0
BFRG.US,5,20251113,212500,0.9983,0.9983,0.9903,0.9903,1100,0
BFRG.US,5,20251113,213500,1.01,1.01,0.9915,0.9915,200,0
BFRG.US,5,20251113,214500,0.9911,0.9911,0.9911,0.9911,100,0
BFRG.US,5,20251113,215000,0.99,0.99,0.99,0.99,420,0
BFRG.US,5,20251113,215500,1,1,1,1,422,0
BFRG.US,5,20251114,153000,0.95,0.9626,0.95,0.9626,3732,0
BFRG.US,5,20251114,153500,0.964874,0.964874,0.95,0.95,600,0
BFRG.US,5,20251114,154000,0.9595,0.9595,0.9595,0.9595,137,0
BFRG.US,5,20251114,155000,0.9718,0.9718,0.9629,0.9629,610,0
BFRG.US,5,20251114,160000,0.971799,0.971799,0.9659,0.97,600,0
BFRG.US,5,20251114,161000,0.97,0.97,0.96,0.96,468,0
BFRG.US,5,20251114,161500,0.97,0.97,0.96,0.96,900,0
BFRG.US,5,20251114,162500,0.9843,0.987,0.975,0.987,2472,0
BFRG.US,5,20251114,163000,0.9899,0.9899,0.9859,0.9899,2978,0
BFRG.US,5,20251114,163500,0.98,0.985,0.9745,0.985,800,0
BFRG.US,5,20251114,165000,0.9914,0.995,0.9914,0.995,300,0
BFRG.US,5,20251114,170500,0.9901,0.9901,0.9901,0.9901,100,0
BFRG.US,5,20251114,172000,0.9998,1,0.9998,0.9999,4900,0
BFRG.US,5,20251114,172500,1,1,1,1,1000,0
BFRG.US,5,20251114,173500,1.02,1.04,1.02,1.04,600,0
BFRG.US,5,20251114,174500,1.03,1.03,1.03,1.03,5067,0
BFRG.US,5,20251114,175000,1.03,1.03,1.03,1.03,500,0
BFRG.US,5,20251114,175500,1.012,1.012,1.012,1.012,100,0
BFRG.US,5,20251114,181500,1.02,1.02,1.01,1.01,200,0
BFRG.US,5,20251114,182000,1.03,1.03,1.03,1.03,200,0
BFRG.US,5,20251114,182500,1.01,1.0499,1.01,1.0499,1203,0
BFRG.US,5,20251114,183000,1.009,1.009,1.009,1.009,100,0
BFRG.US,5,20251114,184500,1.015,1.0236,1.0048,1.0048,3316,0
BFRG.US,5,20251114,190000,1,1,1,1,100,0
BFRG.US,5,20251114,190500,1,1,1,1,100,0
BFRG.US,5,20251114,191000,1.0083,1.02,1.0083,1.02,1300,0
BFRG.US,5,20251114,193500,1.01,1.01,1.01,1.01,100,0
BFRG.US,5,20251114,195000,1,1,1,1,100,0
BFRG.US,5,20251114,195500,1.002,1.002,1.002,1.002,100,0
BFRG.US,5,20251114,200000,1.0068,1.0068,1.0068,1.0068,1200,0
BFRG.US,5,20251114,201000,1,1,1,1,100,0
BFRG.US,5,20251114,201500,1,1,1,1,100,0
BFRG.US,5,20251114,202500,1.0065,1.01,1.002,1.002,2796,0
BFRG.US,5,20251114,203000,1.0047,1.0096,1.0047,1.009,5300,0
BFRG.US,5,20251114,204000,1,1,1,1,100,0
BFRG.US,5,20251114,204500,1.002,1.0055,1.002,1.0055,1100,0
BFRG.US,5,20251114,205500,1,1.01,1,1.005,500,0
BFRG.US,5,20251114,210000,1.01,1.01,1.01,1.01,600,0
BFRG.US,5,20251114,210500,1,1,0.9805,0.9805,7320,0
BFRG.US,5,20251114,211500,0.98,0.9875,0.98,0.9839,2628,0
BFRG.US,5,20251114,212500,0.987499,0.987499,0.987499,0.987499,100,0
BFRG.US,5,20251114,213000,0.9801,0.9801,0.9801,0.9801,100,0
BFRG.US,5,20251114,213500,0.9875,0.9913,0.9801,0.9801,2200,0
BFRG.US,5,20251114,214000,0.9875,0.9875,0.98,0.98,835,0
BFRG.US,5,20251114,214500,0.9875,0.9875,0.9875,0.9875,404,0
BFRG.US,5,20251114,215000,0.9875,0.9875,0.9838,0.9838,2693,0
BFRG.US,5,20251114,215500,0.995,0.9998,0.98,0.9998,1653,0
BFRG.US,5,20251117,153000,0.98,1,0.98,0.98,5491,0
BFRG.US,5,20251117,153500,1.0299,1.0299,0.991,0.991,4000,0
BFRG.US,5,20251117,154000,0.9809,0.991,0.9809,0.991,401,0
BFRG.US,5,20251117,154500,0.991,0.991,0.97,0.97,2565,0
BFRG.US,5,20251117,155000,0.9925,0.9925,0.9925,0.9925,111,0
BFRG.US,5,20251117,160500,0.975,0.975,0.975,0.975,300,0
BFRG.US,5,20251117,161000,0.9999,0.9999,0.9999,0.9999,500,0
BFRG.US,5,20251117,161500,1,1,1,1,1000,0
BFRG.US,5,20251117,162000,0.9721,0.9999,0.9721,0.9999,200,0
BFRG.US,5,20251117,162500,0.985,0.985,0.985,0.985,300,0
BFRG.US,5,20251117,163500,0.9701,0.9701,0.97,0.9701,300,0
BFRG.US,5,20251117,164000,0.984949,0.984949,0.9701,0.9701,300,0
BFRG.US,5,20251117,164500,0.9701,0.9701,0.9701,0.9701,200,0
BFRG.US,5,20251117,165000,0.9701,0.9701,0.9701,0.9701,100,0
BFRG.US,5,20251117,165500,0.9701,0.9749,0.97,0.9701,2300,0
BFRG.US,5,20251117,170000,0.9701,0.9701,0.9701,0.9701,515,0
BFRG.US,5,20251117,170500,0.9701,0.9701,0.9687,0.9687,1695,0
BFRG.US,5,20251117,171000,0.961139,0.961139,0.9502,0.9502,1711,0
BFRG.US,5,20251117,171500,0.96,0.96,0.9547,0.9547,1081,0
BFRG.US,5,20251117,172000,0.95,0.9501,0.95,0.9501,298,0
BFRG.US,5,20251117,172500,0.9672,0.97,0.9589,0.97,8266,0
BFRG.US,5,20251117,173000,0.95,0.9617,0.95,0.9503,400,0
BFRG.US,5,20251117,174000,0.9503,0.96,0.9503,0.96,1200,0
BFRG.US,5,20251117,174500,0.96,0.96,0.9515,0.9515,1200,0
BFRG.US,5,20251117,175000,0.9578,0.9578,0.9512,0.9512,300,0
BFRG.US,5,20251117,175500,0.9504,0.9504,0.9504,0.9504,100,0
BFRG.US,5,20251117,180000,0.9504,0.9504,0.9504,0.9504,200,0
BFRG.US,5,20251117,180500,0.9503,0.9503,0.9503,0.9503,200,0
BFRG.US,5,20251117,181000,0.954607,0.96,0.9504,0.9504,1050,0
BFRG.US,5,20251117,181500,0.9504,0.9504,0.9504,0.9504,100,0
BFRG.US,5,20251117,182000,0.953468,0.953468,0.953072,0.953072,200,0
BFRG.US,5,20251117,182500,0.953468,0.953468,0.95,0.95,5312,0
BFRG.US,5,20251117,183000,0.95,0.95,0.95,0.95,100,0
BFRG.US,5,20251117,183500,0.95,0.95,0.95,0.95,100,0
BFRG.US,5,20251117,184000,0.95,0.95,0.92,0.9201,5057,0
BFRG.US,5,20251117,185000,0.93,0.9361,0.9201,0.9201,4437,0
BFRG.US,5,20251117,185500,0.932999,0.932999,0.932999,0.932999,500,0
BFRG.US,5,20251117,190000,0.92,0.92,0.92,0.92,200,0
BFRG.US,5,20251117,190500,0.9201,0.9201,0.9201,0.9201,100,0
BFRG.US,5,20251117,191000,0.9201,0.922422,0.9201,0.922422,300,0
BFRG.US,5,20251117,192000,0.921906,0.92655,0.9201,0.9202,505,0
BFRG.US,5,20251117,192500,0.926551,0.926551,0.926551,0.926551,1000,0
BFRG.US,5,20251117,193000,0.9201,0.9275,0.9201,0.9275,300,0
BFRG.US,5,20251117,193500,0.9202,0.9202,0.9201,0.9201,210,0
BFRG.US,5,20251117,194000,0.92,0.92,0.92,0.92,200,0
BFRG.US,5,20251117,194500,0.927,0.9329,0.927,0.93175,1000,0
BFRG.US,5,20251117,195000,0.932,0.932,0.932,0.932,100,0
BFRG.US,5,20251117,195500,0.93,0.9392,0.9211,0.93175,2300,0
BFRG.US,5,20251117,200000,0.921,0.921,0.9201,0.9201,300,0
BFRG.US,5,20251117,201000,0.9201,0.9318,0.9201,0.922776,950,0
BFRG.US,5,20251117,201500,0.9201,0.933899,0.92,0.933899,6101,0
BFRG.US,5,20251117,202500,0.9255,0.9255,0.92,0.92,4086,0
BFRG.US,5,20251117,203000,0.9201,0.9201,0.9201,0.9201,200,0
BFRG.US,5,20251117,203500,0.92,0.92,0.9011,0.9011,3023,0
BFRG.US,5,20251117,204000,0.91115,0.91115,0.90555,0.91,2153,0
BFRG.US,5,20251117,204500,0.9077,0.9077,0.9077,0.9077,109,0
BFRG.US,5,20251117,205500,0.90765,0.90765,0.9027,0.9027,300,0
BFRG.US,5,20251117,210000,0.90765,0.90765,0.90765,0.90765,160,0
BFRG.US,5,20251117,210500,0.90765,0.915,0.9064,0.9064,11300,0
BFRG.US,5,20251117,211000,0.9118,0.9118,0.9073,0.9073,1000,0
BFRG.US,5,20251117,211500,0.90795,0.90795,0.90795,0.90795,100,0
BFRG.US,5,20251117,212000,0.90795,0.90795,0.90795,0.90795,100,0
BFRG.US,5,20251117,212500,0.90795,0.908,0.90795,0.908,200,0
BFRG.US,5,20251117,213000,0.90795,0.90795,0.90795,0.90795,200,0
BFRG.US,5,20251117,213500,0.908,0.9148,0.908,0.9148,299,0
BFRG.US,5,20251117,214000,0.9148,0.915,0.9012,0.915,5665,0
BFRG.US,5,20251117,214500,0.915,0.915,0.9113,0.91432,1120,0
BFRG.US,5,20251117,215000,0.925,0.925,0.9102,0.9102,3200,0
BFRG.US,5,20251117,215500,0.9135,0.9168,0.9135,0.91675,598,0
BFRG.US,5,20251118,153000,0.917,0.917,0.905,0.905,1014,0
BFRG.US,5,20251118,153500,0.901,0.9282,0.901,0.9282,4917,0
BFRG.US,5,20251118,155500,0.9072,0.92,0.9072,0.92,900,0
BFRG.US,5,20251118,160000,0.9011,0.9011,0.9011,0.9011,200,0
BFRG.US,5,20251118,160500,0.901,0.901,0.901,0.901,100,0
BFRG.US,5,20251118,161000,0.9065,0.9231,0.901,0.901,1310,0
BFRG.US,5,20251118,161500,0.901,0.901,0.901,0.901,100,0
BFRG.US,5,20251118,162000,0.923,0.923,0.9011,0.9011,1200,0
BFRG.US,5,20251118,162500,0.901,0.901,0.901,0.901,100,0
BFRG.US,5,20251118,163000,0.9011,0.9011,0.901,0.901,200,0
BFRG.US,5,20251118,164000,0.901,0.9451,0.901,0.9451,400,0
BFRG.US,5,20251118,164500,0.901,0.91,0.901,0.91,200,0
BFRG.US,5,20251118,165000,0.901,0.901,0.901,0.901,300,0
BFRG.US,5,20251118,165500,0.9451,0.9451,0.9011,0.9231,1200,0
BFRG.US,5,20251118,170000,0.9011,0.923051,0.9011,0.923051,1100,0
BFRG.US,5,20251118,170500,0.9011,0.91,0.9011,0.91,300,0
BFRG.US,5,20251118,171000,0.941414,0.941414,0.941414,0.941414,123,0
BFRG.US,5,20251118,171500,0.9101,0.9101,0.91,0.91,200,0
BFRG.US,5,20251118,172000,0.92,0.92,0.92,0.92,300,0
BFRG.US,5,20251118,172500,0.92,0.92,0.92,0.92,100,0
BFRG.US,5,20251118,173000,0.92,0.92,0.92,0.92,200,0
BFRG.US,5,20251118,173500,0.92489,0.92489,0.92,0.92,1108,0
BFRG.US,5,20251118,174000,0.92,0.92,0.92,0.92,200,0
BFRG.US,5,20251118,174500,0.92,0.92,0.92,0.92,200,0
BFRG.US,5,20251118,175500,0.9267,0.9267,0.91,0.91,200,0
BFRG.US,5,20251118,180000,0.9431,0.9431,0.91,0.91,200,0
BFRG.US,5,20251118,180500,0.91,0.91,0.901,0.901,3100,0
BFRG.US,5,20251118,181000,0.901,0.901,0.901,0.901,100,0
BFRG.US,5,20251118,181500,0.9,0.9,0.9,0.9,100,0
BFRG.US,5,20251118,182000,0.9,0.9,0.9,0.9,100,0
BFRG.US,5,20251118,182500,0.9033,0.9033,0.9001,0.9001,500,0
BFRG.US,5,20251118,183000,0.9,0.9028,0.9,0.9028,300,0
BFRG.US,5,20251118,183500,0.9028,0.907,0.9028,0.9059,1700,0
BFRG.US,5,20251118,184500,0.904036,0.904036,0.9022,0.9022,200,0
BFRG.US,5,20251118,185000,0.9021,0.9021,0.9021,0.9021,100,0
BFRG.US,5,20251118,185500,0.9124,0.9124,0.9124,0.9124,100,0
BFRG.US,5,20251118,190000,0.9022,0.9022,0.9022,0.9022,200,0
BFRG.US,5,20251118,190500,0.9003,0.9003,0.9003,0.9003,100,0
BFRG.US,5,20251118,191000,0.9002,0.9002,0.9002,0.9002,200,0
BFRG.US,5,20251118,191500,0.9002,0.9002,0.9002,0.9002,100,0
BFRG.US,5,20251118,192000,0.9002,0.9002,0.9002,0.9002,200,0
BFRG.US,5,20251118,192500,0.9002,0.9002,0.9002,0.9002,100,0
BFRG.US,5,20251118,193000,0.9002,0.9002,0.9002,0.9002,200,0
BFRG.US,5,20251118,193500,0.91,0.9173,0.91,0.91,3056,0
BFRG.US,5,20251118,194000,0.912336,0.92,0.912336,0.92,306,0
BFRG.US,5,20251118,194500,0.91,0.912628,0.91,0.912628,200,0
BFRG.US,5,20251118,195000,0.912628,0.9173,0.912628,0.9173,200,0
BFRG.US,5,20251118,195500,0.91,0.91,0.91,0.91,100,0
BFRG.US,5,20251118,200000,0.9173,0.9173,0.91,0.91,350,0
BFRG.US,5,20251118,200500,0.91,0.91,0.91,0.91,100,0
BFRG.US,5,20251118,201000,0.91,0.91,0.9022,0.9022,200,0
BFRG.US,5,20251118,202000,0.902912,0.90835,0.9,0.9,500,0
BFRG.US,5,20251118,202500,0.9,0.9,0.9,0.9,100,0
BFRG.US,5,20251118,203000,0.9093,0.9167,0.9019,0.9094,5289,0
BFRG.US,5,20251118,203500,0.9095,0.9166,0.9084,0.91,2280,0
BFRG.US,5,20251118,204000,0.9084,0.9084,0.9084,0.9084,547,0
BFRG.US,5,20251118,204500,0.9166,0.9264,0.9166,0.9264,3100,0
BFRG.US,5,20251118,205000,0.9133,0.9133,0.91325,0.91325,200,0
BFRG.US,5,20251118,205500,0.924,0.924,0.9133,0.9133,200,0
BFRG.US,5,20251118,210000,0.9261,0.9301,0.9133,0.9301,2700,0
BFRG.US,5,20251118,210500,0.9337,0.9338,0.9337,0.9338,551,0
BFRG.US,5,20251118,211500,0.9271,0.9271,0.9271,0.9271,100,0
BFRG.US,5,20251118,212000,0.9251,0.9251,0.9251,0.9251,100,0
BFRG.US,5,20251118,212500,0.9251,0.93745,0.9251,0.9251,800,0
BFRG.US,5,20251118,213500,0.9374,0.9374,0.9374,0.9374,200,0
BFRG.US,5,20251118,214000,0.9373,0.9373,0.9373,0.9373,100,0
BFRG.US,5,20251118,214500,0.9251,0.9493,0.9251,0.93715,11631,0
BFRG.US,5,20251118,215000,0.9372,0.9372,0.9281,0.9372,1800,0
BFRG.US,5,20251118,215500,0.92975,0.9335,0.92975,0.9316,510,0
BFRG.US,5,20251119,153000,0.96,0.96,0.96,0.96,3520,0
BFRG.US,5,20251119,161000,0.9398,0.9398,0.9398,0.9398,100,0
BFRG.US,5,20251119,161500,0.9301,0.9497,0.9301,0.9497,850,0
BFRG.US,5,20251119,162000,0.9497,0.9497,0.948,0.948,1965,0
BFRG.US,5,20251119,163000,0.93485,0.93485,0.93485,0.93485,414,0
BFRG.US,5,20251119,164000,0.9497,0.9497,0.93,0.93,15200,0
BFRG.US,5,20251119,164500,0.9497,0.9497,0.9497,0.9497,235,0
BFRG.US,5,20251119,165500,0.9387,0.9387,0.9387,0.9387,777,0
BFRG.US,5,20251119,172500,0.9223,0.9223,0.9223,0.9223,100,0
BFRG.US,5,20251119,173500,0.9219,0.9219,0.9219,0.9219,100,0
BFRG.US,5,20251119,174000,0.9212,0.9212,0.9212,0.9212,100,0
BFRG.US,5,20251119,174500,0.9217,0.9217,0.9217,0.9217,100,0
BFRG.US,5,20251119,175500,0.9223,0.9223,0.9223,0.9223,100,0
BFRG.US,5,20251119,180000,0.9206,0.9206,0.9206,0.9206,100,0
BFRG.US,5,20251119,181000,0.9217,0.9217,0.9217,0.9217,100,0
BFRG.US,5,20251119,182000,0.921,0.921,0.921,0.921,100,0
BFRG.US,5,20251119,182500,0.9203,0.922,0.92,0.9201,6200,0
BFRG.US,5,20251119,183000,0.92,0.92,0.92,0.92,100,0
BFRG.US,5,20251119,183500,0.92,0.92,0.92,0.92,100,0
BFRG.US,5,20251119,184000,0.92,0.92,0.92,0.92,100,0
BFRG.US,5,20251119,185000,0.9204,0.9204,0.9204,0.9204,100,0
BFRG.US,5,20251119,190000,0.9211,0.9211,0.9211,0.9211,100,0
BFRG.US,5,20251119,190500,0.9349,0.9349,0.9221,0.9221,200,0
BFRG.US,5,20251119,191500,0.9207,0.9207,0.9207,0.9207,100,0
BFRG.US,5,20251119,192000,0.941233,0.941233,0.9351,0.9351,370,0
BFRG.US,5,20251119,192500,0.9206,0.9206,0.9206,0.9206,100,0
BFRG.US,5,20251119,193000,0.9384,0.9391,0.9202,0.9391,5810,0
BFRG.US,5,20251119,193500,0.9202,0.9203,0.9202,0.9203,377,0
BFRG.US,5,20251119,194000,0.9207,0.9207,0.9207,0.9207,500,0
BFRG.US,5,20251119,194500,0.9202,0.9202,0.9202,0.9202,100,0
BFRG.US,5,20251119,195000,0.9202,0.9202,0.9202,0.9202,100,0
BFRG.US,5,20251119,200000,0.9202,0.9202,0.9202,0.9202,100,0
BFRG.US,5,20251119,200500,0.93,0.93,0.93,0.93,990,0
BFRG.US,5,20251119,201000,0.9201,0.9201,0.9201,0.9201,100,0
BFRG.US,5,20251119,201500,0.9201,0.9201,0.9201,0.9201,100,0
BFRG.US,5,20251119,202500,0.9201,0.9249,0.9091,0.9091,5869,0
BFRG.US,5,20251119,203500,0.93,0.93,0.9042,0.9042,3100,0
BFRG.US,5,20251119,204000,0.9065,0.9065,0.9065,0.9065,100,0
BFRG.US,5,20251119,204500,0.91,0.917501,0.91,0.917501,355,0
BFRG.US,5,20251119,205000,0.9115,0.9115,0.9115,0.9115,100,0
BFRG.US,5,20251119,205500,0.9116,0.9116,0.9116,0.9116,100,0
BFRG.US,5,20251119,210500,0.9115,0.9115,0.9115,0.9115,100,0
BFRG.US,5,20251119,211000,0.9114,0.9114,0.9101,0.9101,200,0
BFRG.US,5,20251119,211500,0.93,0.93,0.915,0.92,5318,0
BFRG.US,5,20251119,212000,0.9118,0.9118,0.9118,0.9118,100,0
BFRG.US,5,20251119,212500,0.9111,0.9111,0.9111,0.9111,100,0
BFRG.US,5,20251119,213000,0.9111,0.9111,0.9111,0.9111,100,0
BFRG.US,5,20251119,213500,0.911,0.911,0.911,0.911,100,0
BFRG.US,5,20251119,214000,0.9107,0.9107,0.9107,0.9107,100,0
BFRG.US,5,20251119,214500,0.9101,0.9102,0.9101,0.9102,200,0
BFRG.US,5,20251119,215000,0.9153,0.9153,0.9102,0.9102,3200,0
BFRG.US,5,20251119,215500,0.9102,0.93,0.9102,0.9102,600,0
BFRG.US,5,20251120,153000,0.95,0.95,0.95,0.95,1060,0
BFRG.US,5,20251120,153500,0.975,0.975,0.975,0.975,100,0
BFRG.US,5,20251120,154000,0.9587,0.96,0.9587,0.96,356,0
BFRG.US,5,20251120,155000,0.97,0.97,0.97,0.97,400,0
BFRG.US,5,20251120,155500,0.9799,0.9799,0.964999,0.964999,3862,0
BFRG.US,5,20251120,160000,0.965,0.965,0.965,0.965,400,0
BFRG.US,5,20251120,160500,0.9799,0.9799,0.9799,0.9799,346,0
BFRG.US,5,20251120,161000,0.97,0.975,0.97,0.975,983,0
BFRG.US,5,20251120,161500,0.975001,0.98505,0.975,0.975,700,0
BFRG.US,5,20251120,162000,0.98665,0.98665,0.98665,0.98665,200,0
BFRG.US,5,20251120,162500,0.98,0.9933,0.98,0.9933,6600,0
BFRG.US,5,20251120,163000,0.992,0.9933,0.9904,0.9933,2794,0
BFRG.US,5,20251120,163500,0.9886,0.9932,0.9813,0.99005,1199,0
BFRG.US,5,20251120,164000,0.99,0.99,0.9857,0.9857,3100,0
BFRG.US,5,20251120,165000,0.9899,0.9899,0.9899,0.9899,1001,0
BFRG.US,5,20251120,170000,0.9887,0.9887,0.9844,0.9844,3134,0
BFRG.US,5,20251120,170500,0.98,0.98,0.9702,0.9702,1505,0
BFRG.US,5,20251120,173500,0.974299,0.974299,0.97,0.97,1170,0
BFRG.US,5,20251120,174500,0.96,0.96,0.96,0.96,500,0
BFRG.US,5,20251120,175000,0.96,0.96,0.96,0.96,334,0
BFRG.US,5,20251120,175500,0.9643,0.9643,0.9585,0.9585,3225,0
BFRG.US,5,20251120,180000,0.9545,0.9545,0.9545,0.9545,275,0
BFRG.US,5,20251120,181500,0.95,0.95,0.95,0.95,5000,0
BFRG.US,5,20251120,182000,0.961,0.961,0.961,0.961,100,0
BFRG.US,5,20251120,182500,0.959,0.959,0.959,0.959,400,0
BFRG.US,5,20251120,183000,0.9501,0.9501,0.9501,0.9501,150,0
BFRG.US,5,20251120,183500,0.9443,0.9591,0.9333,0.9591,3100,0
BFRG.US,5,20251120,184500,0.9345,0.9345,0.9345,0.9345,950,0
BFRG.US,5,20251120,194000,0.9183,0.9183,0.9075,0.9118,1500,0
BFRG.US,5,20251120,195000,0.9014,0.9014,0.9014,0.9014,100,0
BFRG.US,5,20251120,200000,0.9011,0.9011,0.9011,0.9011,100,0
BFRG.US,5,20251120,202000,0.91085,0.9145,0.91085,0.9145,637,0
BFRG.US,5,20251120,202500,0.91,0.91,0.9012,0.9012,1100,0
BFRG.US,5,20251120,205500,0.9116,0.9117,0.9064,0.9117,1320,0
BFRG.US,5,20251120,212000,0.901,0.9011,0.8856,0.8856,14037,0
BFRG.US,5,20251120,212500,0.89,0.89005,0.880301,0.8899,4270,0
BFRG.US,5,20251120,213000,0.89,0.8902,0.89,0.8901,1780,0
BFRG.US,5,20251120,213500,0.8901,0.8901,0.8901,0.8901,100,0
BFRG.US,5,20251120,214000,0.8904,0.8904,0.8904,0.8904,100,0
BFRG.US,5,20251120,214500,0.8901,0.8901,0.8801,0.8801,3096,0
BFRG.US,5,20251120,215500,0.8801,0.8823,0.8702,0.8702,8069,0
BFRG.US,5,20251121,153000,0.88,0.88,0.88,0.88,1428,0
BFRG.US,5,20251121,153500,0.88,0.885,0.88,0.885,375,0
BFRG.US,5,20251121,154000,0.8801,0.8801,0.8801,0.8801,1346,0
BFRG.US,5,20251121,155500,0.8999,0.8999,0.8501,0.8883,13375,0
BFRG.US,5,20251121,161500,0.879899,0.879899,0.879899,0.879899,100,0
BFRG.US,5,20251121,162000,0.8799,0.879999,0.8563,0.879999,975,0
BFRG.US,5,20251121,163500,0.8521,0.8521,0.8521,0.8521,6640,0
BFRG.US,5,20251121,164000,0.850001,0.8897,0.850001,0.8897,1063,0
BFRG.US,5,20251121,164500,0.8698,0.8698,0.8698,0.8698,100,0
BFRG.US,5,20251121,165500,0.86,0.86,0.86,0.86,5400,0
BFRG.US,5,20251121,170500,0.86,0.86,0.86,0.86,900,0
BFRG.US,5,20251121,171000,0.86,0.86,0.86,0.86,200,0
BFRG.US,5,20251121,171500,0.8522,0.8522,0.8036,0.8352,20081,0
BFRG.US,5,20251121,172000,0.8214,0.8343,0.8214,0.8343,1100,0
BFRG.US,5,20251121,172500,0.8311,0.8344,0.8283,0.8283,350,0
BFRG.US,5,20251121,173000,0.8282,0.8282,0.8136,0.8255,24491,0
BFRG.US,5,20251121,173500,0.8121,0.8178,0.8121,0.8178,1199,0
BFRG.US,5,20251121,180000,0.858499,0.858499,0.83,0.83,8800,0
BFRG.US,5,20251121,180500,0.85859,0.85859,0.85859,0.85859,100,0
BFRG.US,5,20251121,181000,0.831,0.8443,0.831,0.8443,3600,0
BFRG.US,5,20251121,182500,0.844351,0.844351,0.8301,0.8301,425,0
BFRG.US,5,20251121,183500,0.83,0.83,0.83,0.83,100,0
BFRG.US,5,20251121,184000,0.85,0.85,0.8318,0.8318,784,0
BFRG.US,5,20251121,185000,0.8301,0.8301,0.8301,0.8301,500,0
BFRG.US,5,20251121,192000,0.8303,0.8303,0.8303,0.8303,100,0
BFRG.US,5,20251121,192500,0.8303,0.8303,0.8303,0.8303,100,0
BFRG.US,5,20251121,193500,0.8585,0.8585,0.8585,0.8585,192,0
BFRG.US,5,20251121,195000,0.8583,0.8583,0.832,0.832,1670,0
BFRG.US,5,20251121,200000,0.832,0.834,0.832,0.834,200,0
BFRG.US,5,20251121,201000,0.834,0.834,0.834,0.834,100,0
BFRG.US,5,20251121,202000,0.84,0.8423,0.84,0.8423,600,0
BFRG.US,5,20251121,202500,0.8523,0.8523,0.8523,0.8523,500,0
BFRG.US,5,20251121,203000,0.84,0.848,0.84,0.848,1400,0
BFRG.US,5,20251121,203500,0.836,0.836,0.836,0.836,100,0
BFRG.US,5,20251121,204000,0.84,0.84,0.832,0.832,2100,0
BFRG.US,5,20251121,204500,0.832,0.845,0.832,0.845,300,0
BFRG.US,5,20251121,205000,0.85,0.857,0.84,0.8496,8405,0
BFRG.US,5,20251121,205500,0.85,0.86,0.84,0.855,3121,0
BFRG.US,5,20251121,210000,0.8599,0.8599,0.8599,0.8599,1000,0
BFRG.US,5,20251121,210500,0.8551,0.86,0.855,0.855,4030,0
BFRG.US,5,20251121,211000,0.8551,0.86,0.8551,0.86,300,0
BFRG.US,5,20251121,212500,0.85505,0.85505,0.85505,0.85505,100,0
BFRG.US,5,20251121,213000,0.85505,0.85505,0.8501,0.8501,260,0
BFRG.US,5,20251121,213500,0.8515,0.8515,0.8508,0.8508,400,0
BFRG.US,5,20251121,214000,0.8504,0.8551,0.8504,0.8505,2540,0
BFRG.US,5,20251121,214500,0.8504,0.8504,0.8504,0.8504,100,0
BFRG.US,5,20251121,215000,0.8504,0.8534,0.8504,0.8504,1300,0
BFRG.US,5,20251121,215500,0.8504,0.8594,0.8504,0.8594,2270,0
BFRG.US,5,20251124,153000,0.8977,0.9054,0.8608,0.8608,4591,0
BFRG.US,5,20251124,154500,0.8909,0.8918,0.8909,0.8918,1200,0
BFRG.US,5,20251124,155000,0.880399,0.880399,0.880399,0.880399,3000,0
BFRG.US,5,20251124,155500,0.8738,0.8804,0.8738,0.8794,1850,0
BFRG.US,5,20251124,160000,0.8794,0.8916,0.8794,0.8916,200,0
BFRG.US,5,20251124,160500,0.8794,0.89,0.8784,0.8784,4070,0
BFRG.US,5,20251124,161500,0.8784,0.8784,0.8784,0.8784,100,0
BFRG.US,5,20251124,162000,0.8834,0.8834,0.8834,0.8834,180,0
BFRG.US,5,20251124,162500,0.8784,0.8959,0.8784,0.8959,1303,0
BFRG.US,5,20251124,163000,0.8784,0.8784,0.8784,0.8784,100,0
BFRG.US,5,20251124,163500,0.8611,0.8611,0.86081,0.86081,250,0
BFRG.US,5,20251124,164500,0.88,0.88,0.88,0.88,100,0
BFRG.US,5,20251124,171000,0.8774,0.893,0.8774,0.8774,2120,0
BFRG.US,5,20251124,171500,0.860801,0.860801,0.860801,0.860801,100,0
BFRG.US,5,20251124,172000,0.871497,0.871497,0.871497,0.871497,110,0
BFRG.US,5,20251124,172500,0.8738,0.8738,0.8738,0.8738,150,0
BFRG.US,5,20251124,173000,0.8624,0.8624,0.8624,0.8624,100,0
BFRG.US,5,20251124,174000,0.8808,0.8808,0.8808,0.8808,300,0
BFRG.US,5,20251124,175000,0.8608,0.8608,0.8608,0.8608,398,0
BFRG.US,5,20251124,175500,0.8774,0.8774,0.8774,0.8774,1000,0
BFRG.US,5,20251124,180500,0.8621,0.8621,0.8621,0.8621,100,0
BFRG.US,5,20251124,182000,0.862,0.8784,0.862,0.8784,3941,0
BFRG.US,5,20251124,182500,0.8774,0.8774,0.8774,0.8774,1000,0
BFRG.US,5,20251124,184500,0.8656,0.8744,0.8656,0.8744,200,0
BFRG.US,5,20251124,193000,0.862,0.862,0.862,0.862,755,0
BFRG.US,5,20251124,193500,0.8679,0.8679,0.8679,0.8679,100,0
BFRG.US,5,20251124,194500,0.8695,0.8749,0.8679,0.8749,1912,0
BFRG.US,5,20251124,200500,0.8632,0.8632,0.8632,0.8632,100,0
BFRG.US,5,20251124,202000,0.8781,0.8781,0.8781,0.8781,200,0
BFRG.US,5,20251124,203500,0.8724,0.8746,0.8724,0.8746,700,0
BFRG.US,5,20251124,204000,0.8677,0.8677,0.8609,0.8609,600,0
BFRG.US,5,20251124,204500,0.86775,0.86775,0.86775,0.86775,100,0
BFRG.US,5,20251124,205500,0.8678,0.8745,0.8678,0.8745,300,0
BFRG.US,5,20251124,210000,0.8746,0.8746,0.8677,0.8677,400,0
BFRG.US,5,20251124,210500,0.8746,0.8829,0.87,0.8829,1353,0
BFRG.US,5,20251124,211500,0.8941,0.8941,0.8941,0.8941,3000,0
BFRG.US,5,20251124,212000,0.8856,0.8856,0.8856,0.8856,5590,0
BFRG.US,5,20251124,212500,0.8755,0.8755,0.8755,0.8755,100,0
BFRG.US,5,20251124,213000,0.885599,0.885599,0.885599,0.885599,100,0
BFRG.US,5,20251124,213500,0.885599,0.885599,0.8755,0.8755,200,0
BFRG.US,5,20251124,214500,0.88,0.8957,0.88,0.8957,2100,0
BFRG.US,5,20251124,215000,0.8847,0.89,0.8801,0.8899,5954,0
BFRG.US,5,20251124,215500,0.8805,0.89,0.8801,0.89,6737,0
BFRG.US,5,20251125,153000,0.92,0.9378,0.9,0.93,7018,0
BFRG.US,5,20251125,153500,0.9399,0.9399,0.91,0.91,7100,0
BFRG.US,5,20251125,154000,0.9186,0.9186,0.9186,0.9186,1000,0
BFRG.US,5,20251125,154500,0.9186,0.9187,0.9144,0.9144,2491,0
BFRG.US,5,20251125,155500,0.9144,0.9144,0.9144,0.9144,200,0
BFRG.US,5,20251125,160000,0.924,0.924,0.924,0.924,2001,0
BFRG.US,5,20251125,160500,0.924,0.924,0.924,0.924,200,0
BFRG.US,5,20251125,161000,0.931,0.931,0.931,0.931,100,0
BFRG.US,5,20251125,161500,0.939999,0.939999,0.9302,0.9302,1100,0
BFRG.US,5,20251125,163500,0.94,0.94,0.94,0.94,784,0
BFRG.US,5,20251125,170500,0.9679,0.9679,0.9484,0.9598,1530,0
BFRG.US,5,20251125,171000,0.95,0.95,0.95,0.95,199,0
BFRG.US,5,20251125,173500,0.969,0.969,0.969,0.969,114,0
BFRG.US,5,20251125,174000,0.9572,0.97,0.9572,0.9679,6275,0
BFRG.US,5,20251125,174500,0.97,0.97,0.9625,0.97,1417,0
BFRG.US,5,20251125,175500,0.965,0.96505,0.965,0.96505,1250,0
BFRG.US,5,20251125,180000,0.97,0.97,0.97,0.97,192,0
BFRG.US,5,20251125,180500,0.97,0.97,0.97,0.97,738,0
BFRG.US,5,20251125,182500,0.978,0.978,0.978,0.978,100,0
BFRG.US,5,20251125,183000,0.9799,0.98,0.976,0.976,5346,0
BFRG.US,5,20251125,185000,0.985,1.0215,0.985,1.0215,9643,0
BFRG.US,5,20251125,185500,1.03,1.03,1.002,1.015,2382,0
BFRG.US,5,20251125,190000,1.029,1.03,1.0111,1.03,8310,0
BFRG.US,5,20251125,190500,1.015,1.015,1.0083,1.0083,300,0
BFRG.US,5,20251125,191000,1.0001,1.0148,1.0001,1.0148,1150,0
BFRG.US,5,20251125,191500,1.0081,1.0081,1.0081,1.0081,125,0
BFRG.US,5,20251125,192000,1.0174,1.0244,1.0174,1.0244,600,0
BFRG.US,5,20251125,192500,1.02,1.02,1.02,1.02,195,0
BFRG.US,5,20251125,193500,1.0231,1.0231,1.0231,1.0231,200,0
BFRG.US,5,20251125,194000,1.02,1.03,1.0118,1.0118,1497,0
BFRG.US,5,20251125,194500,1.0195,1.0195,1.0101,1.015,9560,0
BFRG.US,5,20251125,195500,1.0156,1.02,1.015,1.019,5473,0
BFRG.US,5,20251125,200000,1.0101,1.0101,1.0101,1.0101,488,0
BFRG.US,5,20251125,201000,1.01,1.01,1.01,1.01,387,0
BFRG.US,5,20251125,201500,1.01,1.02,1.01,1.02,3807,0
BFRG.US,5,20251125,203500,1,1,1,1,479,0
BFRG.US,5,20251125,204000,1.007,1.007,1.007,1.007,1000,0
BFRG.US,5,20251125,204500,1.01,1.01,1.0098,1.01,2868,0
BFRG.US,5,20251125,205000,1.004,1.004,1.004,1.004,3000,0
BFRG.US,5,20251125,210000,1.02,1.02,1.02,1.02,1300,0
BFRG.US,5,20251125,210500,1.0051,1.0051,1.0051,1.0051,300,0
BFRG.US,5,20251125,211000,1.0055,1.0055,1.0055,1.0055,200,0
BFRG.US,5,20251125,212500,1.02,1.02,1.02,1.02,100,0
BFRG.US,5,20251125,213000,1.0165,1.0165,1.0165,1.0165,217,0
BFRG.US,5,20251125,213500,1.03,1.03,1.02,1.02,479,0
BFRG.US,5,20251125,214000,1.0227,1.0227,1.01,1.01,694,0
BFRG.US,5,20251125,214500,1.0241,1.0274,1.0101,1.015,7097,0
BFRG.US,5,20251125,215000,1.0101,1.015,1.0101,1.015,1301,0
BFRG.US,5,20251125,215500,1.015,1.02,1.01,1.01,2638,0
BFRG.US,5,20251126,153000,1.04,1.04,1.03,1.03,3356,0
BFRG.US,5,20251126,154500,1.02,1.02,1.02,1.02,1633,0
BFRG.US,5,20251126,155000,1.03,1.03,1.03,1.03,499,0
BFRG.US,5,20251126,160000,1.02,1.02,1.01,1.01,300,0
BFRG.US,5,20251126,160500,1.01,1.01,1,1,6300,0
BFRG.US,5,20251126,162500,1,1,1,1,300,0
BFRG.US,5,20251126,163500,1.02,1.02,1.02,1.02,100,0
BFRG.US,5,20251126,164000,1.01,1.0128,1.01,1.0128,818,0
BFRG.US,5,20251126,170000,1.0146,1.0146,1.0146,1.0146,1000,0
BFRG.US,5,20251126,171500,1.0104,1.02,1.0104,1.02,1126,0
BFRG.US,5,20251126,172500,1.0139,1.0139,1.0139,1.0139,200,0
BFRG.US,5,20251126,173000,1.0094,1.0094,1,1,2000,0
BFRG.US,5,20251126,173500,1.01,1.01,1.01,1.01,1598,0
BFRG.US,5,20251126,174000,1.01,1.01,1.01,1.01,100,0
BFRG.US,5,20251126,175500,1.015,1.015,1.015,1.015,200,0
BFRG.US,5,20251126,180000,1.015,1.015,1.015,1.015,100,0
BFRG.US,5,20251126,182000,1.015,1.015,1.015,1.015,2400,0
BFRG.US,5,20251126,183000,1.015,1.015,1.015,1.015,100,0
BFRG.US,5,20251126,185500,1.02,1.02,1.02,1.02,150,0
BFRG.US,5,20251126,191500,1.01,1.01,1.01,1.01,100,0
BFRG.US,5,20251126,193000,1.01,1.01,1.01,1.01,100,0
BFRG.US,5,20251126,195000,1.01,1.01,1.01,1.01,100,0
BFRG.US,5,20251126,201000,1.01,1.01,1.01,1.01,100,0
BFRG.US,5,20251126,202500,1.01,1.01,1.01,1.01,200,0
BFRG.US,5,20251126,204000,1.01,1.01,1.01,1.01,354,0
BFRG.US,5,20251126,210000,1.02,1.02,1.02,1.02,100,0
BFRG.US,5,20251126,211500,1.0116,1.0116,1,1,950,0
BFRG.US,5,20251126,215000,1.0002,1.0002,0.9904,0.9905,300,0
BFRG.US,5,20251126,215500,0.9952,0.9952,0.9927,0.9927,3283,0
BFRG.US,5,20251128,153000,1.02,1.02,0.99,0.995,5890,0
BFRG.US,5,20251128,155500,1.0163,1.0163,1.0163,1.0163,1268,0
BFRG.US,5,20251128,160000,1.0153,1.0153,1.0153,1.0153,300,0
BFRG.US,5,20251128,161000,1.01,1.01,1.01,1.01,200,0
BFRG.US,5,20251128,161500,1.0101,1.0101,1.0101,1.0101,653,0
BFRG.US,5,20251128,162000,1.0199,1.0199,1.0199,1.0199,3000,0
BFRG.US,5,20251128,162500,1.0136,1.015,1.0136,1.015,486,0
BFRG.US,5,20251128,171000,0.9997,0.9998,0.994951,0.9997,2677,0
BFRG.US,5,20251128,171500,0.9998,1.01,0.9998,1.01,3299,0
BFRG.US,5,20251128,172500,1.01,1.0116,1.01,1.0116,310,0
BFRG.US,5,20251128,180000,1.01,1.01,1.01,1.01,446,0
BFRG.US,5,20251128,181000,1,1,1,1,400,0
BFRG.US,5,20251128,181500,1,1.018,1,1.018,1300,0
BFRG.US,5,20251128,182000,1.0107,1.0107,1.0062,1.0062,3860,0
BFRG.US,5,20251128,182500,1,1,0.9923,0.995,1662,0
BFRG.US,5,20251128,184000,0.9929,0.9929,0.9929,0.9929,999,0
BFRG.US,5,20251128,185000,0.9945,0.9945,0.99,0.991685,2910,0
BFRG.US,5,20251128,185500,0.9925,0.9956,0.99,0.99,2147,0
BFRG.US,5,20251128,190000,1,1,1,1,145,0
BFRG.US,5,20251201,153000,1,1,1,1,2662,0
BFRG.US,5,20251201,154000,1,1,1,1,100,0
BFRG.US,5,20251201,154500,1.0255,1.0255,1.0255,1.0255,1000,0
BFRG.US,5,20251201,155500,1.01,1.01,1.01,1.01,200,0
BFRG.US,5,20251201,160000,1.0199,1.02,1.01,1.01,10345,0
BFRG.US,5,20251201,160500,1.02,1.02,1.02,1.02,296,0
BFRG.US,5,20251201,161000,1.025,1.025,1.025,1.025,300,0
BFRG.US,5,20251201,161500,1.02,1.0258,1.02,1.0258,707,0
BFRG.US,5,20251201,162000,1.0284,1.0284,1.0284,1.0284,100,0
BFRG.US,5,20251201,162500,1.0299,1.0299,1.0282,1.0282,1280,0
BFRG.US,5,20251201,163500,1.03,1.03,1.03,1.03,398,0
BFRG.US,5,20251201,164000,1.03,1.0304,1.03,1.0304,400,0
BFRG.US,5,20251201,165500,1.0296,1.04,1.0296,1.0304,15500,0
BFRG.US,5,20251201,170000,1.04,1.04,1.03,1.03,201,0
BFRG.US,5,20251201,170500,1.03,1.03,1.03,1.03,100,0
BFRG.US,5,20251201,171000,1.0257,1.03,1.02,1.02,584,0
BFRG.US,5,20251201,173000,1.03,1.0308,1.03,1.0308,600,0
BFRG.US,5,20251201,173500,1.0312,1.0352,1.0312,1.0352,348,0
BFRG.US,5,20251201,174000,1.0355,1.0355,1.0355,1.0355,163,0
BFRG.US,5,20251201,174500,1.0318,1.0399,1.03,1.03,6067,0
BFRG.US,5,20251201,180000,1.0264,1.03,1.02,1.03,1200,0
BFRG.US,5,20251201,181500,1.015,1.015,1.015,1.015,3000,0
BFRG.US,5,20251201,182000,1,1.01,1,1.01,1263,0
BFRG.US,5,20251201,182500,1.0239,1.0239,1.0239,1.0239,100,0
BFRG.US,5,20251201,183500,1,1.02,1,1.02,4300,0
BFRG.US,5,20251201,184000,1.009,1.009,1.009,1.009,1000,0
BFRG.US,5,20251201,185000,1,1.0199,1,1.0199,1000,0
BFRG.US,5,20251201,185500,1,1,1,1,600,0
BFRG.US,5,20251201,191000,1,1,1,1,2800,0
BFRG.US,5,20251201,192500,1,1,1,1,100,0
BFRG.US,5,20251201,193000,0.99,0.9916,0.99,0.9916,200,0
BFRG.US,5,20251201,193500,1.005,1.005,1.005,1.005,100,0
BFRG.US,5,20251201,194000,1.0105,1.0105,1.0105,1.0105,1000,0
BFRG.US,5,20251201,195000,0.9909,0.9909,0.99,0.99,300,0
BFRG.US,5,20251201,195500,1.0108,1.0108,1.0108,1.0108,745,0
BFRG.US,5,20251201,200500,0.99,0.99,0.99,0.99,300,0
BFRG.US,5,20251201,202500,0.99,0.99,0.99,0.99,300,0
BFRG.US,5,20251201,203000,1.0065,1.0065,1.0065,1.0065,100,0
BFRG.US,5,20251201,203500,0.99,0.99,0.99,0.99,201,0
BFRG.US,5,20251201,204000,0.99,0.99,0.99,0.99,300,0
BFRG.US,5,20251201,205500,0.99,0.99,0.99,0.99,156,0
BFRG.US,5,20251201,210000,1.0147,1.0147,0.982,0.982,399,0
BFRG.US,5,20251201,210500,0.98,0.98,0.98,0.98,100,0
BFRG.US,5,20251201,211000,0.9911,0.992,0.9911,0.9919,2100,0
BFRG.US,5,20251201,213000,0.99,0.99,0.99,0.99,160,0
BFRG.US,5,20251201,214000,0.99,0.99,0.9842,0.9842,380,0
BFRG.US,5,20251201,214500,0.97,0.9841,0.97,0.9841,3400,0
BFRG.US,5,20251201,215000,0.9698,0.99,0.9684,0.9723,1800,0
BFRG.US,5,20251201,215500,0.981499,0.9876,0.965,0.965,557,0
BFRG.US,5,20251202,153000,0.99,0.99,0.99,0.99,546,0
BFRG.US,5,20251202,161000,1.0128,1.0128,1.0128,1.0128,500,0
BFRG.US,5,20251202,163000,1,1.01,1,1.01,1700,0
BFRG.US,5,20251202,163500,0.9703,0.9703,0.9703,0.9703,100,0
BFRG.US,5,20251202,164500,1.0049,1.0049,1.0049,1.0049,200,0
BFRG.US,5,20251202,165000,0.9999,1.01,0.9999,1.01,935,0
BFRG.US,5,20251202,165500,1.01,1.01,1.01,1.01,600,0
BFRG.US,5,20251202,170000,1.01,1.01,0.99,0.99,3984,0
BFRG.US,5,20251202,172000,1.01,1.01,1.01,1.01,485,0
BFRG.US,5,20251202,172500,1,1,1,1,200,0
BFRG.US,5,20251202,173000,0.9985,0.9985,0.9985,0.9985,2826,0
BFRG.US,5,20251202,173500,0.9928,0.9928,0.9928,0.9928,6760,0
BFRG.US,5,20251202,174000,1,1.01,1,1.01,1826,0
BFRG.US,5,20251202,175000,1.0022,1.0022,1.0022,1.0022,216,0
BFRG.US,5,20251202,181000,1.005,1.005,1.005,1.005,100,0
BFRG.US,5,20251202,182000,1.0082,1.0082,1.0082,1.0082,250,0
BFRG.US,5,20251202,182500,1.005,1.005,1.005,1.005,100,0
BFRG.US,5,20251202,183000,1.004,1.004,1.004,1.004,100,0
BFRG.US,5,20251202,183500,1.005,1.0299,1.005,1.005,700,0
BFRG.US,5,20251202,184000,1.01,1.01,1.01,1.01,100,0
BFRG.US,5,20251202,185000,1,1,1,1,2748,0
BFRG.US,5,20251202,192500,1,1,1,1,2374,0
BFRG.US,5,20251202,193000,0.9999,0.9999,0.9999,0.9999,100,0
BFRG.US,5,20251202,195000,0.9935,0.9935,0.9935,0.9935,150,0
BFRG.US,5,20251202,195500,0.9997,0.9997,0.9997,0.9997,1000,0
BFRG.US,5,20251202,202000,0.99,0.9996,0.99,0.9943,300,0
BFRG.US,5,20251202,203500,0.9943,0.9943,0.9943,0.9943,100,0
BFRG.US,5,20251202,205000,0.9925,0.9985,0.9925,0.9985,300,0
BFRG.US,5,20251202,210500,0.9902,0.9902,0.9902,0.9902,100,0
BFRG.US,5,20251202,211500,0.99,0.99,0.99,0.99,155,0
BFRG.US,5,20251202,212000,0.99,0.99,0.99,0.99,845,0
BFRG.US,5,20251202,213000,0.991,0.991,0.991,0.991,400,0
BFRG.US,5,20251202,213500,1.003,1.003,1.003,1.003,1000,0
BFRG.US,5,20251202,214000,0.99049,0.99049,0.99049,0.99049,498,0
BFRG.US,5,20251202,214500,0.99,0.995,0.98,0.98,9450,0
BFRG.US,5,20251202,215000,0.99,0.99,0.9837,0.9837,1850,0
BFRG.US,5,20251202,215500,0.9913,0.9913,0.9806,0.9806,1214,0
BFRG.US,5,20251203,153000,0.98,0.98,0.98,0.98,500,0
BFRG.US,5,20251203,153500,0.981,0.981,0.981,0.981,1400,0
BFRG.US,5,20251203,154000,0.98,0.98,0.98,0.98,200,0
BFRG.US,5,20251203,154500,0.99,0.9998,0.98,0.98,6479,0
BFRG.US,5,20251203,160000,1,1,1,1,295,0
BFRG.US,5,20251203,160500,1,1,1,1,1382,0
BFRG.US,5,20251203,161500,1,1,1,1,1000,0
BFRG.US,5,20251203,163500,1,1.005,1,1.005,3300,0
BFRG.US,5,20251203,164000,1.01,1.01,1.01,1.01,100,0
BFRG.US,5,20251203,164500,1.0058,1.0058,1.0058,1.0058,100,0
BFRG.US,5,20251203,165500,1,1,1,1,300,0
BFRG.US,5,20251203,171500,1.005,1.005,1.005,1.005,800,0
BFRG.US,5,20251203,180000,1.005,1.005,1.005,1.005,2500,0
BFRG.US,5,20251203,182000,1.01,1.01,1.01,1.01,310,0
BFRG.US,5,20251203,183000,1.01,1.01,1.01,1.01,100,0
BFRG.US,5,20251203,192000,1.01,1.01,1.01,1.01,2264,0
BFRG.US,5,20251203,192500,1.0299,1.0299,1.0299,1.0299,150,0
BFRG.US,5,20251203,194000,1.015,1.015,1.015,1.015,200,0
BFRG.US,5,20251203,200000,1.02,1.02,1.02,1.02,100,0
BFRG.US,5,20251203,201000,1.0183,1.0183,1.0183,1.0183,1000,0
BFRG.US,5,20251203,201500,1.02,1.02,1.02,1.02,1000,0
BFRG.US,5,20251203,202000,1.0239,1.0239,1.0239,1.0239,1000,0
BFRG.US,5,20251203,202500,1.0231,1.0231,1.0188,1.0188,1152,0
BFRG.US,5,20251203,204000,1.0195,1.0302,1.0195,1.0302,4210,0
BFRG.US,5,20251203,204500,1.0101,1.0101,1.0101,1.0101,207,0
BFRG.US,5,20251203,205500,1.0111,1.04,1.0111,1.04,8181,0
BFRG.US,5,20251203,210000,1.07,1.07,1.0501,1.0501,3430,0
BFRG.US,5,20251203,210500,1.07,1.07,1.07,1.07,121,0
BFRG.US,5,20251203,211500,1.06,1.06,1.06,1.06,176,0
BFRG.US,5,20251203,212500,1.0731,1.0731,1.05,1.05,1500,0
BFRG.US,5,20251203,213500,1.0587,1.065,1.0587,1.065,631,0
BFRG.US,5,20251203,214500,1.075,1.075,1.075,1.075,100,0
BFRG.US,5,20251203,215500,1.08,1.09,1.08,1.09,2292,0
BFRG.US,5,20251204,153000,1.09,1.09,1.04,1.0404,1873,0
BFRG.US,5,20251204,153500,1.0871,1.0871,1.0871,1.0871,1000,0
BFRG.US,5,20251204,154000,1.095,1.095,1.095,1.095,100,0
BFRG.US,5,20251204,154500,1.09,1.09,1.075,1.08,1051,0
BFRG.US,5,20251204,155000,1.0725,1.0725,1.0725,1.0725,650,0
BFRG.US,5,20251204,155500,1.0701,1.0701,1.0701,1.0701,300,0
BFRG.US,5,20251204,161000,1.0701,1.0701,1.0701,1.0701,812,0
BFRG.US,5,20251204,162500,1.08,1.08,1.08,1.08,100,0
BFRG.US,5,20251204,163500,1.0743,1.0743,1.0743,1.0743,4000,0
BFRG.US,5,20251204,164000,1.0701,1.075,1.0701,1.075,7600,0
BFRG.US,5,20251204,165000,1.075,1.075,1.075,1.075,100,0
BFRG.US,5,20251204,165500,1.0754,1.0754,1.0754,1.0754,500,0
BFRG.US,5,20251204,170500,1.07,1.08,1.07,1.07,1534,0
BFRG.US,5,20251204,171500,1.08,1.08,1.08,1.08,100,0
BFRG.US,5,20251204,172000,1.0745,1.08,1.0745,1.08,13185,0
BFRG.US,5,20251204,175000,1.09,1.12,1.09,1.1,4370,0
BFRG.US,5,20251204,175500,1.115,1.115,1.115,1.115,1000,0
BFRG.US,5,20251204,180000,1.12,1.12,1.12,1.12,100,0
BFRG.US,5,20251204,180500,1.1055,1.1055,1.1055,1.1055,1000,0
BFRG.US,5,20251204,181500,1.115,1.12,1.115,1.12,200,0
BFRG.US,5,20251204,182000,1.12,1.12,1.12,1.12,200,0
BFRG.US,5,20251204,182500,1.13,1.14,1.13,1.14,1200,0
BFRG.US,5,20251204,183000,1.135,1.14,1.135,1.135,2616,0
BFRG.US,5,20251204,183500,1.1345,1.1345,1.13,1.13,201,0
BFRG.US,5,20251204,184500,1.1301,1.1301,1.13,1.13,250,0
BFRG.US,5,20251204,190000,1.14,1.14,1.14,1.14,100,0
BFRG.US,5,20251204,192500,1.14,1.14,1.14,1.14,531,0
BFRG.US,5,20251204,195000,1.1418,1.15,1.1418,1.15,1706,0
BFRG.US,5,20251204,195500,1.13,1.1315,1.13,1.1315,1100,0
BFRG.US,5,20251204,201500,1.1399,1.1399,1.1399,1.1399,470,0
BFRG.US,5,20251204,202500,1.13,1.13,1.13,1.13,221,0
BFRG.US,5,20251204,203000,1.14,1.14,1.14,1.14,100,0
BFRG.US,5,20251204,203500,1.15,1.16,1.1499,1.15,1500,0
BFRG.US,5,20251204,205500,1.16,1.16,1.16,1.16,800,0
BFRG.US,5,20251204,212000,1.15,1.15,1.15,1.15,200,0
BFRG.US,5,20251204,212500,1.16,1.16,1.16,1.16,186,0
BFRG.US,5,20251204,213000,1.16,1.17,1.16,1.16,1599,0
BFRG.US,5,20251204,213500,1.16,1.17,1.16,1.17,1147,0
BFRG.US,5,20251204,214000,1.1542,1.1556,1.1542,1.1556,537,0
BFRG.US,5,20251204,214500,1.16,1.16,1.16,1.16,1150,0
BFRG.US,5,20251204,215000,1.17,1.17,1.1664,1.1664,562,0
BFRG.US,5,20251204,215500,1.17,1.17,1.15,1.15,2028,0
BFRG.US,5,20251205,153000,1.15,1.158,1.15,1.158,300,0
BFRG.US,5,20251205,153500,1.15,1.15,1.15,1.15,300,0
BFRG.US,5,20251205,154000,1.16,1.16,1.16,1.16,500,0
BFRG.US,5,20251205,160000,1.1608,1.1608,1.1608,1.1608,100,0
BFRG.US,5,20251205,160500,1.17,1.17,1.17,1.17,500,0
BFRG.US,5,20251205,161500,1.169,1.2,1.1635,1.1701,29588,0
BFRG.US,5,20251205,162000,1.17,1.1991,1.17,1.1991,400,0
BFRG.US,5,20251205,163500,1.1665,1.1696,1.1665,1.1696,300,0
BFRG.US,5,20251205,165500,1.18,1.18,1.18,1.18,100,0
BFRG.US,5,20251205,170000,1.1707,1.1707,1.1707,1.1707,2350,0
BFRG.US,5,20251205,170500,1.1791,1.19,1.1791,1.19,400,0
BFRG.US,5,20251205,171000,1.152,1.152,1.152,1.152,500,0
BFRG.US,5,20251205,172500,1.18,1.18,1.18,1.18,100,0
BFRG.US,5,20251205,173000,1.1716,1.1716,1.1716,1.1716,100,0
BFRG.US,5,20251205,174500,1.165,1.165,1.165,1.165,1000,0
BFRG.US,5,20251205,175000,1.18,1.18,1.18,1.18,100,0
BFRG.US,5,20251205,180000,1.1561,1.1561,1.15,1.15,1000,0
BFRG.US,5,20251205,182000,1.15,1.15,1.1401,1.1401,1435,0
BFRG.US,5,20251205,183500,1.1647,1.1647,1.155,1.155,670,0
BFRG.US,5,20251205,185000,1.155,1.155,1.155,1.155,200,0
BFRG.US,5,20251205,191000,1.151,1.151,1.151,1.151,163,0
BFRG.US,5,20251205,192000,1.15,1.15,1.15,1.15,100,0
BFRG.US,5,20251205,193000,1.1422,1.1422,1.1402,1.1402,1348,0
BFRG.US,5,20251205,194000,1.14,1.14,1.14,1.14,200,0
BFRG.US,5,20251205,194500,1.14,1.14,1.14,1.14,100,0
BFRG.US,5,20251205,195000,1.13,1.14,1.13,1.14,300,0
BFRG.US,5,20251205,201000,1.12,1.12,1.12,1.12,100,0
BFRG.US,5,20251205,202000,1.12,1.12,1.12,1.12,7608,0
BFRG.US,5,20251205,203000,1.115,1.115,1.115,1.115,1000,0
BFRG.US,5,20251205,203500,1.115,1.13,1.115,1.13,750,0
BFRG.US,5,20251205,204500,1.14,1.14,1.14,1.14,100,0
BFRG.US,5,20251205,210000,1.1285,1.1285,1.1285,1.1285,516,0
BFRG.US,5,20251205,211500,1.13,1.13,1.13,1.13,100,0
BFRG.US,5,20251205,212500,1.1197,1.1197,1.1197,1.1197,150,0
BFRG.US,5,20251205,213500,1.125,1.125,1.125,1.125,100,0
BFRG.US,5,20251205,214500,1.1101,1.125,1.1101,1.125,3090,0
BFRG.US,5,20251205,215500,1.125,1.13,1.125,1.13,1563,0
BFRG.US,5,20251208,153000,1.11,1.11,1.11,1.11,1344,0
BFRG.US,5,20251208,155000,1.1,1.1,1.1,1.1,393,0
BFRG.US,5,20251208,155500,1.1182,1.1182,1.1182,1.1182,300,0
BFRG.US,5,20251208,160500,1.12,1.13,1.12,1.13,1468,0
BFRG.US,5,20251208,163000,1.13,1.13,1.13,1.13,2000,0
BFRG.US,5,20251208,164500,1.12,1.12,1.12,1.12,377,0
BFRG.US,5,20251208,170000,1.13,1.13,1.13,1.13,100,0
BFRG.US,5,20251208,174000,1.13,1.13,1.13,1.13,1000,0
BFRG.US,5,20251208,180500,1.1201,1.1201,1.1201,1.1201,4136,0
BFRG.US,5,20251208,181500,1.1217,1.1217,1.1217,1.1217,100,0
BFRG.US,5,20251208,182500,1.1318,1.1318,1.1318,1.1318,100,0
BFRG.US,5,20251208,183000,1.13,1.13,1.13,1.13,150,0
BFRG.US,5,20251208,185500,1.14,1.14,1.14,1.14,100,0
BFRG.US,5,20251208,190000,1.14,1.14,1.14,1.14,400,0
BFRG.US,5,20251208,191000,1.14,1.14,1.14,1.14,100,0
BFRG.US,5,20251208,192500,1.145,1.145,1.145,1.145,190,0
BFRG.US,5,20251208,194000,1.1342,1.1342,1.1342,1.1342,450,0
BFRG.US,5,20251208,200000,1.13,1.13,1.13,1.13,100,0
BFRG.US,5,20251208,204500,1.125,1.125,1.125,1.125,465,0
BFRG.US,5,20251208,205000,1.13,1.13,1.13,1.13,200,0
BFRG.US,5,20251208,210500,1.1358,1.1358,1.1358,1.1358,500,0
BFRG.US,5,20251208,211500,1.1358,1.1361,1.1358,1.1361,500,0
BFRG.US,5,20251208,212000,1.1271,1.1271,1.1271,1.1271,500,0
BFRG.US,5,20251208,212500,1.1305,1.1305,1.1305,1.1305,3400,0
BFRG.US,5,20251208,215000,1.135,1.135,1.135,1.135,127,0
BFRG.US,5,20251208,215500,1.15,1.15,1.15,1.15,436,0
BFRG.US,5,20251209,153000,1.12,1.12,1.12,1.12,146,0
BFRG.US,5,20251209,155000,1.12,1.13,1.12,1.13,200,0
BFRG.US,5,20251209,155500,1.1237,1.1237,1.1237,1.1237,499,0
BFRG.US,5,20251209,160000,1.12,1.12,1.12,1.12,722,0
BFRG.US,5,20251209,160500,1.1251,1.1251,1.1251,1.1251,337,0
BFRG.US,5,20251209,161500,1.12,1.1213,1.12,1.12,300,0
BFRG.US,5,20251209,164000,1.1287,1.1287,1.1287,1.1287,100,0
BFRG.US,5,20251209,165000,1.13,1.13,1.13,1.13,100,0
BFRG.US,5,20251209,165500,1.13,1.13,1.13,1.13,1205,0
BFRG.US,5,20251209,170000,1.13,1.1336,1.13,1.1336,1325,0
BFRG.US,5,20251209,171000,1.15,1.15,1.15,1.15,1811,0
BFRG.US,5,20251209,171500,1.1401,1.1401,1.1401,1.1401,500,0
BFRG.US,5,20251209,172500,1.15,1.1553,1.15,1.1553,5100,0
BFRG.US,5,20251209,173500,1.15,1.15,1.14,1.15,12850,0
BFRG.US,5,20251209,174500,1.14,1.14,1.14,1.14,2300,0
BFRG.US,5,20251209,175000,1.135,1.135,1.135,1.135,1000,0
BFRG.US,5,20251209,180000,1.15,1.15,1.15,1.15,100,0
BFRG.US,5,20251209,180500,1.135,1.135,1.135,1.135,100,0
BFRG.US,5,20251209,182500,1.12,1.12,1.12,1.12,1750,0
BFRG.US,5,20251209,184000,1.13,1.13,1.13,1.13,100,0
BFRG.US,5,20251209,184500,1.13,1.13,1.13,1.13,600,0
BFRG.US,5,20251209,185000,1.15,1.15,1.15,1.15,200,0
BFRG.US,5,20251209,185500,1.14,1.14,1.14,1.14,333,0
BFRG.US,5,20251209,193000,1.16,1.16,1.16,1.16,100,0
BFRG.US,5,20251209,194500,1.13,1.13,1.13,1.13,100,0
BFRG.US,5,20251209,195500,1.1612,1.1612,1.1612,1.1612,200,0
BFRG.US,5,20251209,200000,1.16,1.16,1.16,1.16,100,0
BFRG.US,5,20251209,202000,1.145,1.145,1.145,1.145,1000,0
BFRG.US,5,20251209,202500,1.145,1.145,1.145,1.145,100,0
BFRG.US,5,20251209,204000,1.1358,1.1358,1.1358,1.1358,100,0
BFRG.US,5,20251209,204500,1.145,1.145,1.145,1.145,100,0
BFRG.US,5,20251209,205500,1.17,1.17,1.155,1.155,1862,0
BFRG.US,5,20251209,210500,1.16,1.16,1.16,1.16,1000,0
BFRG.US,5,20251209,212000,1.17,1.17,1.17,1.17,100,0
BFRG.US,5,20251209,212500,1.156,1.156,1.154,1.154,6500,0
BFRG.US,5,20251209,214500,1.17,1.17,1.165,1.165,919,0
BFRG.US,5,20251209,215500,1.16,1.18,1.14,1.14,3324,0
BFRG.US,5,20251210,153000,1.15,1.15,1.13,1.13,502,0
BFRG.US,5,20251210,155000,1.1339,1.1339,1.1339,1.1339,1000,0
BFRG.US,5,20251210,155500,1.15,1.15,1.14,1.14,1586,0
BFRG.US,5,20251210,160000,1.125,1.1429,1.125,1.1429,300,0
BFRG.US,5,20251210,160500,1.1393,1.14,1.1393,1.14,270,0
BFRG.US,5,20251210,162000,1.1362,1.1362,1.1362,1.1362,1500,0
BFRG.US,5,20251210,163000,1.1402,1.1402,1.1402,1.1402,100,0
BFRG.US,5,20251210,163500,1.1455,1.1455,1.145,1.145,3400,0
BFRG.US,5,20251210,165500,1.145,1.1771,1.145,1.1771,7897,0
BFRG.US,5,20251210,170000,1.17,1.17,1.17,1.17,1000,0
BFRG.US,5,20251210,171000,1.18,1.18,1.1601,1.1601,930,0
BFRG.US,5,20251210,172000,1.1574,1.1574,1.1574,1.1574,1200,0
BFRG.US,5,20251210,173500,1.1712,1.18,1.17,1.1799,3700,0
BFRG.US,5,20251210,174500,1.16,1.16,1.16,1.16,120,0
BFRG.US,5,20251210,175500,1.1743,1.1743,1.1743,1.1743,200,0
BFRG.US,5,20251210,181500,1.16,1.16,1.15,1.15,4999,0
BFRG.US,5,20251210,182000,1.147,1.147,1.147,1.147,962,0
BFRG.US,5,20251210,185000,1.15,1.15,1.15,1.15,100,0
BFRG.US,5,20251210,194000,1.16,1.1699,1.16,1.1699,4725,0
BFRG.US,5,20251210,200500,1.15,1.15,1.15,1.15,2100,0
BFRG.US,5,20251210,202000,1.15,1.16,1.15,1.16,400,0
BFRG.US,5,20251210,202500,1.16,1.16,1.16,1.16,100,0
BFRG.US,5,20251210,203000,1.16,1.16,1.16,1.16,100,0
BFRG.US,5,20251210,203500,1.16,1.16,1.16,1.16,100,0
BFRG.US,5,20251210,205000,1.1455,1.1455,1.1455,1.1455,762,0
BFRG.US,5,20251210,205500,1.16,1.16,1.16,1.16,100,0
BFRG.US,5,20251210,210000,1.1556,1.1556,1.1556,1.1556,1000,0
BFRG.US,5,20251210,211000,1.16,1.16,1.16,1.16,100,0
BFRG.US,5,20251210,211500,1.17,1.17,1.17,1.17,500,0
BFRG.US,5,20251210,212500,1.17,1.17,1.17,1.17,1561,0
BFRG.US,5,20251210,213500,1.165,1.165,1.165,1.165,100,0
BFRG.US,5,20251210,214000,1.17,1.17,1.16,1.16,300,0
BFRG.US,5,20251210,215500,1.16,1.16,1.15,1.15,2724,0
BFRG.US,5,20251211,153000,1.14,1.14,1.14,1.14,1116,0
BFRG.US,5,20251211,154000,1.1508,1.1508,1.1508,1.1508,167,0
BFRG.US,5,20251211,154500,1.14,1.145,1.14,1.145,4523,0
BFRG.US,5,20251211,160000,1.14,1.17,1.14,1.17,9500,0
BFRG.US,5,20251211,160500,1.17,1.17,1.17,1.17,6000,0
BFRG.US,5,20251211,161000,1.15,1.15,1.15,1.15,1000,0
BFRG.US,5,20251211,165000,1.1465,1.1465,1.1465,1.1465,150,0
BFRG.US,5,20251211,171000,1.1302,1.18,1.1302,1.18,5467,0
BFRG.US,5,20251211,171500,1.156,1.156,1.1534,1.1534,1100,0
BFRG.US,5,20251211,173000,1.15,1.15,1.15,1.15,250,0
BFRG.US,5,20251211,173500,1.17,1.17,1.17,1.17,100,0
BFRG.US,5,20251211,175000,1.18,1.19,1.1735,1.1735,3200,0
BFRG.US,5,20251211,180000,1.17,1.17,1.165,1.165,5170,0
BFRG.US,5,20251211,182000,1.18,1.2,1.18,1.2,1137,0
BFRG.US,5,20251211,182500,1.185,1.185,1.185,1.185,10250,0
BFRG.US,5,20251211,183000,1.1965,1.1965,1.1965,1.1965,500,0
BFRG.US,5,20251211,184000,1.21,1.21,1.183,1.21,3860,0
BFRG.US,5,20251211,185500,1.21,1.21,1.21,1.21,100,0
BFRG.US,5,20251211,190000,1.1935,1.2063,1.1935,1.2,2554,0
BFRG.US,5,20251211,192500,1.1809,1.1809,1.1809,1.1809,100,0
BFRG.US,5,20251211,193000,1.19,1.19,1.19,1.19,100,0
BFRG.US,5,20251211,193500,1.1997,1.1997,1.19,1.19,801,0
BFRG.US,5,20251211,194500,1.189,1.189,1.189,1.189,135,0
BFRG.US,5,20251211,195000,1.18,1.18,1.18,1.18,2146,0
BFRG.US,5,20251211,195500,1.165,1.165,1.1644,1.1644,3672,0
BFRG.US,5,20251211,200500,1.1695,1.18,1.165,1.18,3990,0
BFRG.US,5,20251211,201000,1.16,1.17,1.16,1.17,300,0
BFRG.US,5,20251211,201500,1.17,1.17,1.17,1.17,595,0
BFRG.US,5,20251211,202500,1.17,1.1915,1.17,1.1915,9001,0
BFRG.US,5,20251211,203000,1.18,1.18,1.18,1.18,200,0
BFRG.US,5,20251211,203500,1.18,1.18,1.18,1.18,300,0
BFRG.US,5,20251211,204500,1.182,1.182,1.175,1.175,690,0
BFRG.US,5,20251211,214000,1.16,1.16,1.16,1.16,121,0
BFRG.US,5,20251211,215000,1.16,1.16,1.16,1.16,100,0
BFRG.US,5,20251211,215500,1.135,1.14,1.123,1.14,3254,0
BFRG.US,5,20251212,153000,1.13,1.13,1.13,1.13,1239,0
BFRG.US,5,20251212,153500,1.1265,1.1265,1.1265,1.1265,132,0
BFRG.US,5,20251212,154000,1.12,1.12,1.12,1.12,100,0
BFRG.US,5,20251212,154500,1.13,1.13,1.13,1.13,470,0
BFRG.US,5,20251212,155000,1.1516,1.1516,1.1516,1.1516,170,0
BFRG.US,5,20251212,155500,1.12,1.12,1.12,1.12,200,0
BFRG.US,5,20251212,160000,1.1485,1.1485,1.1354,1.1354,5878,0
BFRG.US,5,20251212,161500,1.15,1.17,1.1424,1.1424,1350,0
BFRG.US,5,20251212,163000,1.1565,1.1565,1.1565,1.1565,4000,0
BFRG.US,5,20251212,164500,1.14,1.14,1.14,1.14,2590,0
BFRG.US,5,20251212,165000,1.13,1.1385,1.13,1.1385,3100,0
BFRG.US,5,20251212,170000,1.1345,1.1345,1.13,1.13,550,0
BFRG.US,5,20251212,170500,1.122,1.122,1.12,1.12,3147,0
BFRG.US,5,20251212,171500,1.12,1.125,1.12,1.125,200,0
BFRG.US,5,20251212,172500,1.121,1.121,1.121,1.121,1000,0
BFRG.US,5,20251212,173000,1.12,1.12,1.12,1.12,2568,0
BFRG.US,5,20251212,175500,1.1002,1.1002,1.08,1.08,2740,0
BFRG.US,5,20251212,180500,1.1,1.1,1.1,1.1,500,0
BFRG.US,5,20251212,182000,1.11,1.1299,1.11,1.1299,500,0
BFRG.US,5,20251212,183000,1.1,1.1,1.1,1.1,500,0
BFRG.US,5,20251212,184000,1.1,1.1,1.1,1.1,600,0
BFRG.US,5,20251212,185000,1.0932,1.0932,1.085,1.085,833,0
BFRG.US,5,20251212,191500,1.115,1.115,1.115,1.115,100,0
BFRG.US,5,20251212,192000,1.13,1.13,1.1217,1.1217,600,0
BFRG.US,5,20251212,193000,1.115,1.1165,1.115,1.115,565,0
BFRG.US,5,20251212,194000,1.115,1.115,1.115,1.115,100,0
BFRG.US,5,20251212,200500,1.13,1.13,1.13,1.13,100,0
BFRG.US,5,20251212,201000,1.1,1.1,1.1,1.1,100,0
BFRG.US,5,20251212,201500,1.11,1.12,1.11,1.12,1244,0
BFRG.US,5,20251212,202000,1.13,1.13,1.13,1.13,3000,0
BFRG.US,5,20251212,203500,1.11,1.11,1.11,1.11,100,0
BFRG.US,5,20251212,205000,1.1206,1.1206,1.115,1.115,1100,0
BFRG.US,5,20251212,205500,1.115,1.115,1.1093,1.1093,200,0
BFRG.US,5,20251212,210000,1.11,1.11,1.11,1.11,100,0
BFRG.US,5,20251212,211000,1.115,1.115,1.115,1.115,100,0
BFRG.US,5,20251212,212000,1.1,1.1,1.1,1.1,100,0
BFRG.US,5,20251212,213500,1.115,1.115,1.1,1.1,200,0
BFRG.US,5,20251212,214500,1.11,1.1196,1.11,1.11,5250,0
BFRG.US,5,20251212,215000,1.1,1.1,1.1,1.1,1594,0
BFRG.US,5,20251212,215500,1.1,1.12,1.1,1.1,1281,0
BFRG.US,5,20251215,153000,1.07,1.0725,1.059,1.059,3537,0
BFRG.US,5,20251215,153500,1.0723,1.0723,1.0723,1.0723,181,0
BFRG.US,5,20251215,154500,1.08,1.08,1.08,1.08,120,0
BFRG.US,5,20251215,155000,1.074,1.074,1.074,1.074,100,0
BFRG.US,5,20251215,160000,1.0816,1.0816,1.0816,1.0816,100,0
BFRG.US,5,20251215,161000,1.08,1.09,1.08,1.0898,9100,0
BFRG.US,5,20251215,162500,1.0639,1.0639,1.0639,1.0639,100,0
BFRG.US,5,20251215,163500,1.063,1.063,1.06,1.06,700,0
BFRG.US,5,20251215,165500,1.07,1.0771,1.07,1.0771,200,0
BFRG.US,5,20251215,170500,1.05,1.05,1.05,1.05,100,0
BFRG.US,5,20251215,171000,1.07,1.07,1.07,1.07,100,0
BFRG.US,5,20251215,171500,1.05,1.05,1.05,1.05,100,0
BFRG.US,5,20251215,173000,1.06,1.06,1.06,1.06,100,0
BFRG.US,5,20251215,174500,1.055,1.055,1.055,1.055,100,0
BFRG.US,5,20251215,175000,1.06,1.06,1.06,1.06,200,0
BFRG.US,5,20251215,175500,1.06,1.06,1.06,1.06,829,0
BFRG.US,5,20251215,180500,1.0761,1.0761,1.0761,1.0761,100,0
BFRG.US,5,20251215,181500,1.065,1.065,1.065,1.065,4200,0
BFRG.US,5,20251215,183500,1.05,1.05,1.05,1.05,100,0
BFRG.US,5,20251215,185000,1.06,1.06,1.06,1.06,100,0
BFRG.US,5,20251215,190000,1.065,1.0785,1.065,1.0785,1700,0
BFRG.US,5,20251215,191000,1.06,1.06,1.06,1.06,100,0
BFRG.US,5,20251215,192500,1.05,1.05,1.05,1.05,100,0
BFRG.US,5,20251215,193500,1.0716,1.0716,1.065,1.065,450,0
BFRG.US,5,20251215,194500,1.05,1.05,1.05,1.05,100,0
BFRG.US,5,20251215,200500,1.05,1.05,1.05,1.05,100,0
BFRG.US,5,20251215,201000,1.08,1.08,1.08,1.08,1236,0
BFRG.US,5,20251215,205500,1.05,1.07,1.05,1.065,500,0
BFRG.US,5,20251215,210000,1.0624,1.0624,1.0624,1.0624,500,0
BFRG.US,5,20251215,210500,1.065,1.065,1.065,1.065,100,0
BFRG.US,5,20251215,211000,1.05,1.05,1.05,1.05,100,0
BFRG.US,5,20251215,211500,1.065,1.065,1.065,1.065,400,0
BFRG.US,5,20251215,212000,1.05,1.06,1.05,1.05,2150,0
BFRG.US,5,20251215,213000,1.05,1.05,1.05,1.05,100,0
BFRG.US,5,20251215,213500,1.05,1.05,1.05,1.05,100,0
BFRG.US,5,20251215,214000,1.05,1.05,1.05,1.05,200,0
BFRG.US,5,20251215,214500,1.05,1.05,1.05,1.05,200,0
BFRG.US,5,20251215,215000,1.06,1.06,1.05,1.05,200,0
BFRG.US,5,20251215,215500,1.0544,1.0544,1.05,1.05,6279,0
BFRG.US,5,20251216,153000,1.042,1.042,1.042,1.042,233,0
BFRG.US,5,20251216,153500,1.02,1.04,1,1.04,2967,0
BFRG.US,5,20251216,154000,1.0098,1.0098,1.0098,1.0098,120,0
BFRG.US,5,20251216,160000,1.0204,1.0204,1.0204,1.0204,748,0
BFRG.US,5,20251216,160500,1.06,1.06,1.02,1.02,400,0
BFRG.US,5,20251216,161000,1.025489,1.025489,1.025489,1.025489,100,0
BFRG.US,5,20251216,161500,1.02,1.02,1,1.001,1291,0
BFRG.US,5,20251216,162000,1.0022,1.0195,1,1.0195,1600,0
BFRG.US,5,20251216,162500,1,1.02,1,1.01,6952,0
BFRG.US,5,20251216,163000,1.01,1.01,1,1,4982,0
BFRG.US,5,20251216,163500,1,1,1,1,943,0
BFRG.US,5,20251216,164000,1.02,1.02,1.02,1.02,1250,0
BFRG.US,5,20251216,173000,1.02,1.02,1.02,1.02,1429,0
BFRG.US,5,20251216,173500,1.02,1.02,1.02,1.02,100,0
BFRG.US,5,20251216,180500,1.04,1.04,1.02,1.02,1210,0
BFRG.US,5,20251216,185500,1.02,1.02,1.02,1.02,390,0
BFRG.US,5,20251216,193000,1.0423,1.0423,1.0423,1.0423,1000,0
BFRG.US,5,20251216,194500,1.03,1.03,1.02,1.02,300,0
BFRG.US,5,20251216,202500,1.05,1.05,1.05,1.05,201,0
BFRG.US,5,20251216,203000,1.02,1.02,1.02,1.02,1092,0
BFRG.US,5,20251216,211500,1.0499,1.0499,1.0499,1.0499,999,0
BFRG.US,5,20251216,212000,1.0396,1.0396,1.0273,1.0273,3118,0
BFRG.US,5,20251216,212500,1.0363,1.0363,1.0363,1.0363,1500,0
BFRG.US,5,20251216,213000,1.0334,1.0334,1.0334,1.0334,294,0
BFRG.US,5,20251216,213500,1.0396,1.0396,1.02,1.02,290,0
BFRG.US,5,20251216,214000,1.02,1.035,1.02,1.035,547,0
BFRG.US,5,20251216,214500,1.035,1.035,1.035,1.035,115,0
BFRG.US,5,20251216,215000,1.03,1.04,1.03,1.04,752,0
BFRG.US,5,20251216,215500,1.03,1.03,1.02,1.02,1933,0
BFRG.US,5,20251217,153000,1.07,1.07,1.07,1.07,2449,0
BFRG.US,5,20251217,154000,1.0367,1.043,1.0367,1.043,1237,0
BFRG.US,5,20251217,155000,1.0301,1.0301,1.0301,1.0301,200,0
BFRG.US,5,20251217,162500,1.03,1.03,1.03,1.03,124,0
BFRG.US,5,20251217,163000,1.03,1.05,1.02,1.02,10250,0
BFRG.US,5,20251217,163500,1.02,1.02,1.02,1.02,300,0
BFRG.US,5,20251217,164500,1.02,1.02,1.02,1.02,100,0
BFRG.US,5,20251217,170500,1.05,1.05,1.05,1.05,600,0
BFRG.US,5,20251217,173000,1.04,1.04,1.04,1.04,266,0
BFRG.US,5,20251217,173500,1.04,1.04,1.04,1.04,225,0
BFRG.US,5,20251217,174000,1.045,1.05,1.03,1.03,4294,0
BFRG.US,5,20251217,175500,1.03,1.03,1.03,1.03,600,0
BFRG.US,5,20251217,190000,1.03,1.03,1.03,1.03,200,0
BFRG.US,5,20251217,194500,1.01,1.01,1.01,1.01,300,0
BFRG.US,5,20251217,195000,1.01,1.01,1.01,1.01,259,0
BFRG.US,5,20251217,195500,1.01,1.01,1.01,1.01,144,0
BFRG.US,5,20251217,200000,1.01,1.01,1.01,1.01,137,0
BFRG.US,5,20251217,201500,1.01,1.01,1.01,1.01,148,0
BFRG.US,5,20251217,202500,1.0102,1.0102,1.01,1.01,2379,0
BFRG.US,5,20251217,204500,1.0155,1.0155,1.0155,1.0155,2300,0
BFRG.US,5,20251217,205000,1.01,1.01,1.01,1.01,120,0
BFRG.US,5,20251217,210000,1.01,1.01,1.01,1.01,139,0
BFRG.US,5,20251217,211000,1.015,1.015,1.015,1.015,100,0
BFRG.US,5,20251217,211500,1.01,1.01,1.01,1.01,122,0
BFRG.US,5,20251217,212000,1.01,1.0101,1.01,1.0101,2442,0
BFRG.US,5,20251217,212500,1.01,1.015,1.01,1.015,458,0
BFRG.US,5,20251217,213500,1.0145,1.0145,1.0145,1.0145,141,0
BFRG.US,5,20251217,214000,1.0101,1.0101,1.0101,1.0101,221,0
BFRG.US,5,20251217,214500,1.01,1.01,1.01,1.01,134,0
BFRG.US,5,20251217,215000,1.0001,1.0001,1,1,2202,0
BFRG.US,5,20251217,215500,0.981,1.01,0.98,0.9911,6804,0
BFRG.US,5,20251218,153000,0.989,1.02,0.989,1.02,3085,0
BFRG.US,5,20251218,154500,1.0186,1.0186,1.0186,1.0186,250,0
BFRG.US,5,20251218,155000,1.015,1.015,1.01,1.01,1712,0
BFRG.US,5,20251218,160000,1.03,1.03,1.03,1.03,200,0
BFRG.US,5,20251218,160500,1.03,1.03,1.02,1.02,901,0
BFRG.US,5,20251218,162500,1.0101,1.025,1.01,1.01,3175,0
BFRG.US,5,20251218,163500,1.03,1.03,1.03,1.03,500,0
BFRG.US,5,20251218,164500,1.0456,1.05,1.04,1.05,3005,0
BFRG.US,5,20251218,165500,1.06,1.06,1.06,1.06,1000,0
BFRG.US,5,20251218,170500,1.0501,1.0501,1.0501,1.0501,100,0
BFRG.US,5,20251218,171000,1.05,1.065,1.05,1.06,1012,0
BFRG.US,5,20251218,171500,1.06,1.06,1.06,1.06,211,0
BFRG.US,5,20251218,175500,1.05,1.05,1.05,1.05,602,0
BFRG.US,5,20251218,182500,1.055,1.055,1.055,1.055,100,0
BFRG.US,5,20251218,183000,1.06,1.06,1.06,1.06,200,0
BFRG.US,5,20251218,183500,1.05,1.055,1.05,1.055,900,0
BFRG.US,5,20251218,184500,1.0515,1.0515,1.0515,1.0515,1000,0
BFRG.US,5,20251218,190000,1.055,1.055,1.055,1.055,400,0
BFRG.US,5,20251218,190500,1.0501,1.055,1.05,1.05,6858,0
BFRG.US,5,20251218,193000,1.045,1.045,1.045,1.045,1000,0
BFRG.US,5,20251218,194500,1.045,1.045,1.045,1.045,300,0
BFRG.US,5,20251218,195000,1.0439,1.0439,1.0439,1.0439,120,0
BFRG.US,5,20251218,195500,1.05,1.05,1.05,1.05,102,0
BFRG.US,5,20251218,203500,1.0401,1.0401,1.0401,1.0401,100,0
BFRG.US,5,20251218,204000,1.0499,1.06,1.0475,1.06,9827,0
BFRG.US,5,20251218,204500,1.0561,1.07,1.0561,1.0604,6524,0
BFRG.US,5,20251218,205000,1.07,1.07,1.07,1.07,419,0
BFRG.US,5,20251218,210000,1.07,1.1,1.069,1.085,13991,0
BFRG.US,5,20251218,210500,1.0875,1.0875,1.0875,1.0875,100,0
BFRG.US,5,20251218,211000,1.0856,1.0856,1.0856,1.0856,1000,0
BFRG.US,5,20251218,212000,1.09,1.095,1.09,1.09,1200,0
BFRG.US,5,20251218,212500,1.065,1.065,1.065,1.065,555,0
BFRG.US,5,20251218,213500,1.0752,1.0752,1.0752,1.0752,100,0
BFRG.US,5,20251218,214500,1.06,1.06,1.06,1.06,123,0
BFRG.US,5,20251218,215000,1.06,1.07,1.06,1.07,455,0
BFRG.US,5,20251218,215500,1.055,1.0728,1.04,1.05,9862,0
BFRG.US,5,20251219,153000,1.09,1.09,1.09,1.09,11537,0
BFRG.US,5,20251219,154000,1.067,1.067,1.067,1.067,200,0
BFRG.US,5,20251219,155000,1.06,1.06,1.06,1.06,965,0
BFRG.US,5,20251219,155500,1.065,1.08,1.055,1.08,4263,0
BFRG.US,5,20251219,161000,1.045,1.045,1.045,1.045,200,0
BFRG.US,5,20251219,161500,1.0599,1.0599,1.0599,1.0599,150,0
BFRG.US,5,20251219,162500,1.06,1.06,1.06,1.06,1470,0
BFRG.US,5,20251219,163000,1.06,1.06,1.06,1.06,1200,0
BFRG.US,5,20251219,163500,1.07,1.08,1.06,1.07,2300,0
BFRG.US,5,20251219,170500,1.0799,1.09,1.07,1.09,9680,0
BFRG.US,5,20251219,171000,1.0844,1.0844,1.0844,1.0844,363,0
BFRG.US,5,20251219,172000,1.083,1.083,1.08,1.08,2100,0
BFRG.US,5,20251219,173500,1.0778,1.085,1.0778,1.085,1426,0
BFRG.US,5,20251219,180000,1.09,1.1,1.09,1.1,7500,0
BFRG.US,5,20251219,180500,1.1293,1.1293,1.1293,1.1293,2900,0
BFRG.US,5,20251219,181500,1.1205,1.1205,1.1205,1.1205,2000,0
BFRG.US,5,20251219,182000,1.1102,1.1399,1.1102,1.1399,2119,0
BFRG.US,5,20251219,182500,1.1299,1.1299,1.1299,1.1299,5500,0
BFRG.US,5,20251219,183500,1.1213,1.1213,1.117,1.117,3310,0
BFRG.US,5,20251219,184000,1.1172,1.1172,1.1172,1.1172,100,0
BFRG.US,5,20251219,184500,1.115,1.13,1.115,1.12,3218,0
BFRG.US,5,20251219,185500,1.12,1.12,1.1175,1.1175,478,0
BFRG.US,5,20251219,190000,1.11,1.11,1.11,1.11,100,0
BFRG.US,5,20251219,190500,1.1168,1.1168,1.1168,1.1168,1976,0
BFRG.US,5,20251219,191000,1.11,1.12,1.11,1.115,5100,0
BFRG.US,5,20251219,191500,1.115,1.13,1.115,1.13,700,0
BFRG.US,5,20251219,194000,1.11,1.11,1.1,1.1,6022,0
BFRG.US,5,20251219,195000,1.08,1.08,1.08,1.08,100,0
BFRG.US,5,20251219,201000,1.095,1.095,1.095,1.095,200,0
BFRG.US,5,20251219,201500,1.09,1.09,1.09,1.09,3509,0
BFRG.US,5,20251219,204000,1.1,1.1,1.1,1.1,3386,0
BFRG.US,5,20251219,205500,1.1,1.1,1.1,1.1,550,0
BFRG.US,5,20251219,215000,1.12,1.175,1.11,1.16,18524,0
BFRG.US,5,20251219,215500,1.12,1.14,1.12,1.14,200,0
BFRG.US,5,20251222,153000,1.19,1.19,1.19,1.19,2603,0
BFRG.US,5,20251222,154000,1.17,1.17,1.17,1.17,500,0
BFRG.US,5,20251222,155500,1.163,1.1785,1.163,1.1785,645,0
BFRG.US,5,20251222,160000,1.1763,1.18,1.1732,1.1799,11888,0
BFRG.US,5,20251222,160500,1.1608,1.1608,1.1608,1.1608,1000,0
BFRG.US,5,20251222,161000,1.16,1.16,1.13,1.13,10273,0
BFRG.US,5,20251222,162500,1.13,1.13,1.09,1.0902,5586,0
BFRG.US,5,20251222,163000,1.11,1.125,1.11,1.125,400,0
BFRG.US,5,20251222,163500,1.0966,1.11,1.0966,1.11,3150,0
BFRG.US,5,20251222,170000,1.1003,1.1003,1.1003,1.1003,1000,0
BFRG.US,5,20251222,171500,1.11,1.11,1.105,1.105,200,0
BFRG.US,5,20251222,172500,1.1199,1.1199,1.1051,1.1089,8600,0
BFRG.US,5,20251222,173500,1.1037,1.12,1.1037,1.12,1472,0
BFRG.US,5,20251222,174500,1.12,1.12,1.12,1.12,100,0
BFRG.US,5,20251222,181500,1.1398,1.1399,1.1398,1.1398,1785,0
BFRG.US,5,20251222,182000,1.1265,1.1265,1.12,1.12,2800,0
BFRG.US,5,20251222,183000,1.1312,1.1312,1.1312,1.1312,100,0
BFRG.US,5,20251222,184500,1.12,1.12,1.12,1.12,400,0
BFRG.US,5,20251222,194000,1.1368,1.1368,1.1201,1.1201,600,0
BFRG.US,5,20251222,194500,1.13,1.1397,1.12,1.12,1940,0
BFRG.US,5,20251222,195000,1.105,1.105,1.105,1.105,220,0
BFRG.US,5,20251222,201500,1.11,1.11,1.11,1.11,1240,0
BFRG.US,5,20251222,202500,1.0968,1.0968,1.0968,1.0968,100,0
BFRG.US,5,20251222,203500,1.0901,1.105,1.0901,1.105,2100,0
BFRG.US,5,20251222,205000,1.1002,1.1002,1.1002,1.1002,100,0
BFRG.US,5,20251222,210000,1.1,1.1,1.09,1.09,249,0
BFRG.US,5,20251222,211000,1.09,1.09,1.09,1.09,100,0
BFRG.US,5,20251222,214500,1.09,1.09,1.09,1.09,200,0
BFRG.US,5,20251222,215000,1.09,1.09,1.09,1.09,551,0
BFRG.US,5,20251222,215500,1.08,1.09,1.07,1.08,10975,0
BFRG.US,5,20251223,153000,1.07,1.105,1.07,1.105,2534,0
BFRG.US,5,20251223,153500,1.16,1.16,1.16,1.16,199,0
BFRG.US,5,20251223,154000,1.085,1.085,1.05,1.05,2366,0
BFRG.US,5,20251223,155000,1.1,1.1,1.1,1.1,1500,0
BFRG.US,5,20251223,155500,1.08,1.08,1.08,1.08,326,0
BFRG.US,5,20251223,160500,1.05,1.05,1.05,1.05,1672,0
BFRG.US,5,20251223,162000,1.03,1.03,1.03,1.03,136,0
BFRG.US,5,20251223,163000,1.03,1.03,1.03,1.03,1000,0
BFRG.US,5,20251223,164000,1.0699,1.0699,1.0699,1.0699,300,0
BFRG.US,5,20251223,171000,1.04,1.04,1.03,1.0305,1400,0
BFRG.US,5,20251223,172000,1.03,1.03,1.015,1.02,15342,0
BFRG.US,5,20251223,173500,1.02,1.0252,1.02,1.0252,500,0
BFRG.US,5,20251223,174500,1.04,1.04,1.03,1.03,1100,0
BFRG.US,5,20251223,175500,1.04,1.04,1.04,1.04,100,0
BFRG.US,5,20251223,181500,1.045,1.0508,1.045,1.0508,800,0
BFRG.US,5,20251223,182000,1.05,1.05,1.05,1.05,100,0
BFRG.US,5,20251223,183000,1.036,1.036,1.036,1.036,100,0
BFRG.US,5,20251223,184500,1.0301,1.04,1.0301,1.0398,5100,0
BFRG.US,5,20251223,185000,1.0371,1.0371,1.0371,1.0371,300,0
BFRG.US,5,20251223,185500,1.02,1.03,1.0001,1.015,10550,0
BFRG.US,5,20251223,190000,1,1,1,1,100,0
BFRG.US,5,20251223,190500,1.0001,1.0001,1.0001,1.0001,1000,0
BFRG.US,5,20251223,191000,1.0099,1.0099,1.0069,1.0069,2000,0
BFRG.US,5,20251223,194000,1.01,1.01,1.01,1.01,200,0
BFRG.US,5,20251223,194500,1.01,1.01,0.99,0.9994,4703,0
BFRG.US,5,20251223,201000,1,1.0227,1,1,2044,0
BFRG.US,5,20251223,201500,1.04,1.04,1.0198,1.0198,818,0
BFRG.US,5,20251223,202000,1,1,1,1,496,0
BFRG.US,5,20251223,203000,1.0216,1.0216,1.015,1.015,350,0
BFRG.US,5,20251223,204000,1.0145,1.0145,1.0145,1.0145,250,0
BFRG.US,5,20251223,205000,1,1.0299,1,1.0299,1100,0
BFRG.US,5,20251223,205500,1.015,1.015,1.015,1.015,100,0
BFRG.US,5,20251223,211500,1.015,1.015,1.015,1.015,100,0
BFRG.US,5,20251223,212000,1,1,1,1,185,0
BFRG.US,5,20251223,213500,1.02,1.02,1.01,1.01,200,0
BFRG.US,5,20251223,214500,1.03,1.03,1.03,1.03,100,0
BFRG.US,5,20251223,215500,1.04,1.04,1.01,1.02,2011,0
BFRG.US,5,20251224,153000,1.07,1.07,1.02,1.02,5282,0
BFRG.US,5,20251224,154500,1.0388,1.0388,1.0388,1.0388,100,0
BFRG.US,5,20251224,155500,1.0406,1.0406,1.0406,1.0406,2500,0
BFRG.US,5,20251224,160500,1.021,1.0211,1.02,1.02,3272,0
BFRG.US,5,20251224,161000,1.038,1.038,1.038,1.038,275,0
BFRG.US,5,20251224,161500,1.035,1.035,1.035,1.035,138,0
BFRG.US,5,20251224,162500,1.0201,1.0275,1.02,1.0201,3240,0
BFRG.US,5,20251224,164500,1.01,1.01,1.01,1.01,100,0
BFRG.US,5,20251224,170500,1.01,1.01,1.01,1.01,100,0
BFRG.US,5,20251224,171000,1.01,1.01,1.01,1.01,2600,0
BFRG.US,5,20251224,172000,1.02,1.02,1.02,1.02,100,0
BFRG.US,5,20251224,174000,1.0187,1.0187,1.0187,1.0187,100,0
BFRG.US,5,20251224,174500,1.01,1.02,1.01,1.02,1335,0
BFRG.US,5,20251224,180000,1.037,1.037,1.037,1.037,320,0
BFRG.US,5,20251224,180500,1.0271,1.035,1.0201,1.035,3320,0
BFRG.US,5,20251224,182500,1.0317,1.0317,1.0317,1.0317,200,0
BFRG.US,5,20251224,184000,1.035,1.035,1.02,1.02,13960,0
BFRG.US,5,20251224,184500,1.01,1.01,1,1,200,0
BFRG.US,5,20251224,185000,1.012,1.012,1.012,1.012,200,0
BFRG.US,5,20251224,185500,1.02,1.02,1.01,1.01,431,0
BFRG.US,5,20251224,190000,1.01,1.01,1.01,1.01,486,0
BFRG.US,5,20251226,153000,1.04,1.04,1.04,1.04,1391,0
BFRG.US,5,20251226,153500,1.03,1.04,1.02,1.02,3800,0
BFRG.US,5,20251226,154000,1.02,1.0201,1.02,1.0201,500,0
BFRG.US,5,20251226,154500,1.01,1.02,1.01,1.01,4400,0
BFRG.US,5,20251226,160000,0.9901,0.9912,0.99,0.99,3900,0
BFRG.US,5,20251226,160500,0.98505,0.98505,0.9802,0.9802,400,0
BFRG.US,5,20251226,161000,0.98505,0.9851,0.9801,0.9802,1860,0
BFRG.US,5,20251226,161500,0.98,0.9818,0.9738,0.9738,7147,0
BFRG.US,5,20251226,164500,0.9755,0.9755,0.9755,0.9755,5880,0
BFRG.US,5,20251226,165000,0.9739,0.9739,0.9739,0.9739,249,0
BFRG.US,5,20251226,170000,0.979899,0.979899,0.979899,0.979899,1482,0
BFRG.US,5,20251226,170500,0.9794,0.98,0.9794,0.98,8338,0
BFRG.US,5,20251226,174000,0.98,0.98,0.98,0.98,100,0
BFRG.US,5,20251226,174500,0.989,0.989,0.989,0.989,198,0
BFRG.US,5,20251226,182000,0.9869,0.9869,0.9869,0.9869,132,0
BFRG.US,5,20251226,183000,0.989,0.989,0.989,0.989,500,0
BFRG.US,5,20251226,183500,0.9861,0.9861,0.9861,0.9861,110,0
BFRG.US,5,20251226,184000,0.98,0.98,0.98,0.98,100,0
BFRG.US,5,20251226,184500,0.989001,0.989001,0.989001,0.989001,200,0
BFRG.US,5,20251226,193000,0.98,0.98,0.9735,0.9768,3064,0
BFRG.US,5,20251226,193500,0.9736,0.9736,0.95,0.96,10535,0
BFRG.US,5,20251226,194000,0.96,0.9708,0.96,0.96,8801,0
BFRG.US,5,20251226,195000,0.978799,0.978799,0.978799,0.978799,101,0
BFRG.US,5,20251226,195500,0.95,0.95,0.95,0.95,390,0
BFRG.US,5,20251226,201000,0.9724,0.98,0.9724,0.98,3056,0
BFRG.US,5,20251226,202000,0.951,0.989899,0.95,0.989899,597,0
BFRG.US,5,20251226,203000,0.970001,0.970001,0.970001,0.970001,1000,0
BFRG.US,5,20251226,203500,0.9501,0.951,0.95,0.951,300,0
BFRG.US,5,20251226,210000,0.9501,0.9724,0.9501,0.9724,225,0
BFRG.US,5,20251226,210500,0.9631,0.9631,0.9631,0.9631,500,0
BFRG.US,5,20251226,211500,0.971,0.971,0.971,0.971,200,0
BFRG.US,5,20251226,212000,0.9521,0.9521,0.9521,0.9521,100,0
BFRG.US,5,20251226,213000,0.9736,0.9736,0.9736,0.9736,101,0
BFRG.US,5,20251226,214500,0.9809,0.9809,0.9574,0.9574,200,0
BFRG.US,5,20251226,215000,0.9615,0.965,0.95,0.965,494,0
BFRG.US,5,20251226,215500,0.9529,0.9529,0.952,0.952,1580,0
BFRG.US,5,20251229,153000,0.98,0.98999,0.95,0.97,2340,0
BFRG.US,5,20251229,153500,0.976,0.976,0.95,0.95,3375,0
BFRG.US,5,20251229,154000,0.968999,0.968999,0.968999,0.968999,100,0
BFRG.US,5,20251229,154500,0.9501,0.968999,0.95,0.968999,5923,0
BFRG.US,5,20251229,155500,0.95,0.95,0.95,0.95,500,0
BFRG.US,5,20251229,161000,0.95,0.95,0.95,0.95,513,0
BFRG.US,5,20251229,161500,0.977007,0.977007,0.977007,0.977007,100,0
BFRG.US,5,20251229,163000,0.969,0.969,0.969,0.969,150,0
BFRG.US,5,20251229,164000,0.9502,0.9502,0.9502,0.9502,401,0
BFRG.US,5,20251229,165500,0.960532,0.960532,0.960532,0.960532,501,0
BFRG.US,5,20251229,171000,0.9525,0.9525,0.9525,0.9525,100,0
BFRG.US,5,20251229,172000,0.9532,0.9532,0.9532,0.9532,100,0
BFRG.US,5,20251229,173000,0.9532,0.9678,0.95,0.9678,7065,0
BFRG.US,5,20251229,173500,0.9595,0.9595,0.9595,0.9595,1156,0
BFRG.US,5,20251229,174000,0.963,0.963,0.9513,0.9554,3197,0
BFRG.US,5,20251229,174500,0.9513,0.9663,0.9512,0.9661,5267,0
BFRG.US,5,20251229,175000,0.9592,0.9592,0.9592,0.9592,500,0
BFRG.US,5,20251229,175500,0.9512,0.9743,0.94,0.94,17035,0
BFRG.US,5,20251229,180500,0.94,0.94,0.92,0.9341,3212,0
BFRG.US,5,20251229,181000,0.9215,0.9215,0.9215,0.9215,100,0
BFRG.US,5,20251229,181500,0.9334,0.9334,0.9334,0.9334,1000,0
BFRG.US,5,20251229,183000,0.9509,0.9509,0.9509,0.9509,1175,0
BFRG.US,5,20251229,183500,0.9509,0.9509,0.9509,0.9509,250,0
BFRG.US,5,20251229,184500,0.9238,0.9238,0.9238,0.9238,100,0
BFRG.US,5,20251229,185000,0.9398,0.9398,0.9374,0.9374,550,0
BFRG.US,5,20251229,185500,0.9374,0.9374,0.9374,0.9374,394,0
BFRG.US,5,20251229,190500,0.9239,0.9239,0.9239,0.9239,100,0
BFRG.US,5,20251229,191000,0.9238,0.9278,0.9238,0.9278,886,0
BFRG.US,5,20251229,191500,0.9277,0.9277,0.920101,0.925,7185,0
BFRG.US,5,20251229,192000,0.9277,0.9277,0.9277,0.9277,200,0
BFRG.US,5,20251229,192500,0.9239,0.9277,0.9235,0.9277,673,0
BFRG.US,5,20251229,194000,0.9301,0.9301,0.9301,0.9301,100,0
BFRG.US,5,20251229,200000,0.9301,0.9512,0.9301,0.95,1168,0
BFRG.US,5,20251229,200500,0.9512,0.9515,0.9512,0.9515,600,0
BFRG.US,5,20251229,201000,0.9501,0.9501,0.9,0.921,32507,0
BFRG.US,5,20251229,202000,0.9091,0.9091,0.9091,0.9091,100,0
BFRG.US,5,20251229,203000,0.9194,0.921,0.9194,0.921,400,0
BFRG.US,5,20251229,204500,0.92,0.92,0.92,0.92,100,0
BFRG.US,5,20251229,210000,0.936,0.936,0.936,0.936,200,0
BFRG.US,5,20251229,211500,0.925,0.925,0.925,0.925,390,0
BFRG.US,5,20251229,212500,0.91,0.91,0.91,0.91,400,0
BFRG.US,5,20251229,213000,0.91,0.91,0.91,0.91,1400,0
BFRG.US,5,20251229,213500,0.9244,0.9244,0.9244,0.9244,1828,0
BFRG.US,5,20251229,214000,0.92,0.92,0.92,0.92,100,0
BFRG.US,5,20251229,214500,0.92,0.92,0.9003,0.9005,1396,0
BFRG.US,5,20251229,215000,0.914823,0.914823,0.914823,0.914823,216,0
BFRG.US,5,20251229,215500,0.9147,0.9147,0.9005,0.9005,1112,0
BFRG.US,5,20251230,153000,0.89,0.8997,0.88001,0.8997,9999,0
BFRG.US,5,20251230,153500,0.8992,0.9142,0.8992,0.9086,38656,0
BFRG.US,5,20251230,154000,0.9071,0.91,0.9071,0.91,2450,0
BFRG.US,5,20251230,154500,0.9177,0.9193,0.9176,0.9177,1312,0
BFRG.US,5,20251230,155000,0.91,0.92,0.91,0.92,1481,0
BFRG.US,5,20251230,155500,0.922,1.05,0.922,0.9856,67961,0
BFRG.US,5,20251230,160000,0.9937,0.9937,0.9801,0.9801,3783,0
BFRG.US,5,20251230,160500,0.982699,0.9974,0.982699,0.99,6962,0
BFRG.US,5,20251230,161000,0.99,0.9941,0.9887,0.9941,5364,0
BFRG.US,5,20251230,161500,0.9941,0.9941,0.9851,0.9851,3027,0
BFRG.US,5,20251230,162500,0.985,1,0.9801,1,8129,0
BFRG.US,5,20251230,163000,0.995,1.03,0.995,1.02,4808,0
BFRG.US,5,20251230,163500,1.03,1.03,1.01,1.0101,10659,0
BFRG.US,5,20251230,164000,1.0297,1.03,1.0184,1.03,2107,0
BFRG.US,5,20251230,164500,1.018,1.018,1.01,1.01,826,0
BFRG.US,5,20251230,165000,1.02,1.03,1.0143,1.0143,4666,0
BFRG.US,5,20251230,165500,1.03,1.03,1.0103,1.02,2412,0
BFRG.US,5,20251230,170500,1.0101,1.0219,1.0101,1.0219,10392,0
BFRG.US,5,20251230,171000,1.01,1.011,1,1,18919,0
BFRG.US,5,20251230,173000,0.99,0.99,0.99,0.99,100,0
BFRG.US,5,20251230,174000,1,1,1,1,1400,0
BFRG.US,5,20251230,175000,0.99,0.9982,0.99,0.9982,561,0
BFRG.US,5,20251230,180000,0.98,0.98,0.91,0.9186,11672,0
BFRG.US,5,20251230,180500,0.9132,0.9132,0.9132,0.9132,1000,0
BFRG.US,5,20251230,181000,0.9496,0.9496,0.9496,0.9496,437,0
BFRG.US,5,20251230,182000,0.9292,0.9292,0.9132,0.9132,1245,0
BFRG.US,5,20251230,182500,0.9462,0.9462,0.9462,0.9462,242,0
BFRG.US,5,20251230,183000,0.9383,0.9383,0.9383,0.9383,100,0
BFRG.US,5,20251230,183500,0.9821,1,0.9821,1,10000,0
BFRG.US,5,20251230,184000,0.94,0.94,0.94,0.94,2000,0
BFRG.US,5,20251230,184500,0.97,0.97,0.97,0.97,500,0
BFRG.US,5,20251230,190000,0.9569,0.9569,0.9569,0.9569,650,0
BFRG.US,5,20251230,190500,0.98,0.98,0.98,0.98,223,0
BFRG.US,5,20251230,191500,0.94,0.94,0.94,0.94,854,0
BFRG.US,5,20251230,192500,0.97,0.97,0.97,0.97,101,0
BFRG.US,5,20251230,193500,0.9502,0.9502,0.9502,0.9502,100,0
BFRG.US,5,20251230,194000,0.97,0.9799,0.97,0.9799,220,0
BFRG.US,5,20251230,195500,0.94685,0.9757,0.94685,0.9757,500,0
BFRG.US,5,20251230,200000,0.95,0.974,0.95,0.974,1121,0
BFRG.US,5,20251230,201500,0.9739,0.9739,0.9739,0.9739,1000,0
BFRG.US,5,20251230,202500,0.95,0.95,0.95,0.95,1000,0
BFRG.US,5,20251230,203000,0.9329,0.9439,0.9329,0.9439,350,0
BFRG.US,5,20251230,203500,0.93,0.9439,0.93,0.9439,700,0
BFRG.US,5,20251230,204000,0.9453,0.9453,0.9453,0.9453,224,0
BFRG.US,5,20251230,205000,0.9739,0.9739,0.9474,0.9474,1125,0
BFRG.US,5,20251230,210000,0.94,0.94,0.94,0.94,250,0
BFRG.US,5,20251230,210500,0.9425,0.943,0.9425,0.943,3699,0
BFRG.US,5,20251230,211500,0.97,0.97,0.96,0.96,700,0
BFRG.US,5,20251230,215000,0.96,0.97,0.95,0.95,2241,0
BFRG.US,5,20251230,215500,0.9249,0.9467,0.9249,0.9255,2805,0
BFRG.US,5,20251231,153000,0.9255,0.9255,0.9255,0.9255,1300,0
BFRG.US,5,20251231,153500,0.935,0.935,0.9,0.93,10452,0
BFRG.US,5,20251231,154000,0.945,0.95,0.920101,0.920101,4923,0
BFRG.US,5,20251231,154500,0.9399,0.9399,0.9399,0.9399,230,0
BFRG.US,5,20251231,155000,0.9214,0.94,0.9214,0.94,2600,0
BFRG.US,5,20251231,155500,0.9499,0.9499,0.9499,0.9499,400,0
BFRG.US,5,20251231,160000,0.9498,0.9498,0.9498,0.9498,200,0
BFRG.US,5,20251231,160500,0.9215,0.9215,0.9215,0.9215,100,0
BFRG.US,5,20251231,161000,0.9498,0.9498,0.9498,0.9498,200,0
BFRG.US,5,20251231,161500,0.9401,0.9401,0.9401,0.9401,250,0
BFRG.US,5,20251231,162000,0.9215,0.9499,0.9108,0.9474,2600,0
BFRG.US,5,20251231,162500,0.9464,0.9464,0.9464,0.9464,200,0
BFRG.US,5,20251231,163000,0.94,0.9457,0.94,0.9457,7216,0
BFRG.US,5,20251231,163500,0.9133,0.9133,0.9133,0.9133,3000,0
BFRG.US,5,20251231,164000,0.93165,0.93165,0.93165,0.93165,493,0
BFRG.US,5,20251231,165000,0.92,0.92,0.92,0.92,200,0
BFRG.US,5,20251231,165500,0.9317,0.9318,0.9168,0.9318,4254,0
BFRG.US,5,20251231,170000,0.92,0.92,0.92,0.92,200,0
BFRG.US,5,20251231,170500,0.92,0.9258,0.92,0.9258,1065,0
BFRG.US,5,20251231,171500,0.9125,0.9125,0.9125,0.9125,7452,0
BFRG.US,5,20251231,172000,0.9063,0.9063,0.9063,0.9063,100,0
BFRG.US,5,20251231,173000,0.9063,0.9063,0.9063,0.9063,250,0
BFRG.US,5,20251231,173500,0.91,0.92,0.91,0.92,1000,0
BFRG.US,5,20251231,174000,0.9201,0.9202,0.92,0.9202,450,0
BFRG.US,5,20251231,174500,0.9099,0.9099,0.9099,0.9099,500,0
BFRG.US,5,20251231,175000,0.913273,0.913273,0.913273,0.913273,300,0
BFRG.US,5,20251231,175500,0.900101,0.900101,0.900101,0.900101,500,0
BFRG.US,5,20251231,181000,0.90995,0.90995,0.90995,0.90995,2000,0
BFRG.US,5,20251231,183500,0.9093,0.9093,0.9093,0.9093,910,0
BFRG.US,5,20251231,184000,0.9051,0.9098,0.9051,0.9098,2689,0
BFRG.US,5,20251231,184500,0.9005,0.9005,0.9005,0.9005,100,0
BFRG.US,5,20251231,185000,0.900301,0.900301,0.900301,0.900301,200,0
BFRG.US,5,20251231,190000,0.905,0.905,0.9005,0.9005,200,0
BFRG.US,5,20251231,191000,0.9099,0.9099,0.9099,0.9099,110,0
BFRG.US,5,20251231,191500,0.905,0.905,0.9,0.9,3581,0
BFRG.US,5,20251231,192000,0.9004,0.906733,0.9,0.9,1049,0
BFRG.US,5,20251231,193000,0.9067,0.9067,0.9067,0.9067,100,0
BFRG.US,5,20251231,193500,0.9097,0.9101,0.9002,0.9101,1519,0
BFRG.US,5,20251231,194000,0.915,0.915,0.9101,0.9101,5100,0
BFRG.US,5,20251231,194500,0.9067,0.9067,0.9067,0.9067,1003,0
BFRG.US,5,20251231,200000,0.91,0.91,0.91,0.91,100,0
BFRG.US,5,20251231,201500,0.9,0.9101,0.8717,0.884,17465,0
BFRG.US,5,20251231,203000,0.884,0.884,0.884,0.884,364,0
BFRG.US,5,20251231,205000,0.8869,0.8875,0.87,0.8875,19790,0
BFRG.US,5,20251231,205500,0.8875,0.8875,0.8875,0.8875,2500,0
BFRG.US,5,20251231,210000,0.87,0.8701,0.87,0.8701,348,0
BFRG.US,5,20251231,210500,0.8708,0.8708,0.8708,0.8708,100,0
BFRG.US,5,20251231,211500,0.8822,0.8822,0.8708,0.8731,3300,0
BFRG.US,5,20251231,212000,0.875051,0.875051,0.8701,0.8701,400,0
BFRG.US,5,20251231,212500,0.87011,0.87011,0.8701,0.8701,1496,0
BFRG.US,5,20251231,213000,0.8702,0.8748,0.87,0.87,2312,0
BFRG.US,5,20251231,213500,0.8702,0.8702,0.87,0.87,1238,0
BFRG.US,5,20251231,214000,0.8702,0.8702,0.8701,0.8701,500,0
BFRG.US,5,20251231,214500,0.872,0.88,0.8685,0.87105,7270,0
BFRG.US,5,20251231,215000,0.8759,0.8759,0.865,0.87,31945,0
BFRG.US,5,20251231,215500,0.87,0.8828,0.85615,0.8828,20613,0
BFRG.US,5,20260102,153000,0.9044,0.9044,0.9044,0.9044,4333,0
BFRG.US,5,20260102,153500,0.9199,0.92115,0.9199,0.9199,5818,0
BFRG.US,5,20260102,154500,0.9,0.9,0.9,0.9,501,0
BFRG.US,5,20260102,155000,0.915,0.9198,0.91,0.912637,5515,0
BFRG.US,5,20260102,155500,0.9,0.9,0.9,0.9,100,0
BFRG.US,5,20260102,160000,0.898651,0.898651,0.8912,0.898651,350,0
BFRG.US,5,20260102,161000,0.881,0.881,0.881,0.881,100,0
BFRG.US,5,20260102,161500,0.89815,0.915,0.8981,0.9119,5655,0
BFRG.US,5,20260102,162000,0.883,0.883,0.883,0.883,100,0
BFRG.US,5,20260102,162500,0.891378,0.891378,0.8822,0.8822,203,0
BFRG.US,5,20260102,163000,0.91,0.91,0.8813,0.8813,473,0
BFRG.US,5,20260102,164000,0.8874,0.8874,0.8827,0.8827,1300,0
BFRG.US,5,20260102,164500,0.8885,0.8894,0.871,0.8894,5439,0
BFRG.US,5,20260102,165000,0.8809,0.8809,0.8809,0.8809,1000,0
BFRG.US,5,20260102,171500,0.8713,0.8713,0.871,0.871,533,0
BFRG.US,5,20260102,173000,0.88,0.88,0.88,0.88,100,0
BFRG.US,5,20260102,174000,0.887499,0.887499,0.887499,0.887499,100,0
BFRG.US,5,20260102,175000,0.884,0.884,0.871,0.871,4100,0
BFRG.US,5,20260102,180500,0.884,0.904999,0.87,0.8872,5257,0
BFRG.US,5,20260102,181000,0.8872,0.8872,0.8872,0.8872,3000,0
BFRG.US,5,20260102,182500,0.8801,0.8801,0.8801,0.8801,100,0
BFRG.US,5,20260102,185000,0.8802,0.8802,0.8802,0.8802,1500,0
BFRG.US,5,20260102,190000,0.88,0.88,0.8716,0.8716,200,0
BFRG.US,5,20260102,190500,0.8848,0.8848,0.8848,0.8848,3000,0
BFRG.US,5,20260102,191500,0.878,0.878,0.878,0.878,1500,0
BFRG.US,5,20260102,192000,0.885,0.885,0.885,0.885,200,0
BFRG.US,5,20260102,192500,0.8849,0.885,0.871,0.871,3330,0
BFRG.US,5,20260102,193000,0.871,0.8711,0.871,0.871,349,0
BFRG.US,5,20260102,195000,0.905,0.905,0.885,0.885,2240,0
BFRG.US,5,20260102,195500,0.872,0.8772,0.87,0.871,6903,0
BFRG.US,5,20260102,201500,0.879,0.9,0.879,0.885,509,0
BFRG.US,5,20260102,204000,0.8798,0.88,0.87,0.87,3500,0
BFRG.US,5,20260102,204500,0.87,0.87,0.86,0.87,901,0
BFRG.US,5,20260102,205000,0.880001,0.880001,0.8604,0.8604,300,0
BFRG.US,5,20260102,210000,0.8619,0.8619,0.8619,0.8619,100,0
BFRG.US,5,20260102,212000,0.879999,0.879999,0.879999,0.879999,110,0
BFRG.US,5,20260102,212500,0.87,0.87,0.87,0.87,500,0
BFRG.US,5,20260102,213000,0.87,0.87,0.8655,0.8655,300,0
BFRG.US,5,20260102,213500,0.87,0.87,0.87,0.87,100,0
BFRG.US,5,20260102,215500,0.8993,0.8993,0.8802,0.8802,3272,0
BFRG.US,5,20260105,153000,0.8978,0.91,0.8978,0.9035,6048,0
BFRG.US,5,20260105,153500,0.9034,0.9117,0.89,0.904553,5791,0
BFRG.US,5,20260105,154000,0.9,0.9,0.87,0.899999,2168,0
BFRG.US,5,20260105,154500,0.8601,0.87,0.8601,0.87,2075,0
BFRG.US,5,20260105,155000,0.882,0.882,0.882,0.882,2527,0
BFRG.US,5,20260105,160000,0.8911,0.8911,0.8911,0.8911,1000,0
BFRG.US,5,20260105,160500,0.911,0.911,0.911,0.911,100,0
BFRG.US,5,20260105,161000,0.8883,0.8883,0.8883,0.8883,106,0
BFRG.US,5,20260105,162000,0.8877,0.8877,0.8877,0.8877,200,0
BFRG.US,5,20260105,162500,0.8878,0.8878,0.8877,0.8877,460,0
BFRG.US,5,20260105,163000,0.9097,0.9097,0.9097,0.9097,2000,0
BFRG.US,5,20260105,163500,0.8737,0.907,0.8737,0.907,300,0
BFRG.US,5,20260105,171000,0.8775,0.8828,0.8775,0.8828,5200,0
BFRG.US,5,20260105,171500,0.8656,0.8656,0.8656,0.8656,800,0
BFRG.US,5,20260105,172000,0.8662,0.88275,0.8662,0.88275,295,0
BFRG.US,5,20260105,172500,0.8827,0.8827,0.8665,0.874266,1900,0
BFRG.US,5,20260105,173000,0.8668,0.8668,0.864,0.864,1950,0
BFRG.US,5,20260105,173500,0.8806,0.8806,0.862,0.862,8958,0
BFRG.US,5,20260105,174000,0.882424,0.882424,0.86,0.864,8690,0
BFRG.US,5,20260105,174500,0.86,0.8601,0.86,0.8601,469,0
BFRG.US,5,20260105,175500,0.865,0.87,0.865,0.8655,2200,0
BFRG.US,5,20260105,180000,0.8716,0.8716,0.8716,0.8716,100,0
BFRG.US,5,20260105,180500,0.8701,0.8701,0.8701,0.8701,500,0
BFRG.US,5,20260105,181000,0.865,0.8696,0.865,0.8696,1600,0
BFRG.US,5,20260105,181500,0.8748,0.88,0.8748,0.8792,880,0
BFRG.US,5,20260105,182000,0.8717,0.8759,0.8717,0.8759,246,0
BFRG.US,5,20260105,182500,0.872499,0.872499,0.872499,0.872499,150,0
BFRG.US,5,20260105,183000,0.8725,0.8725,0.8725,0.8725,492,0
BFRG.US,5,20260105,183500,0.8737,0.879899,0.8737,0.8763,530,0
BFRG.US,5,20260105,184000,0.8745,0.88,0.8726,0.8726,4773,0
BFRG.US,5,20260105,184500,0.876,0.876,0.876,0.876,280,0
BFRG.US,5,20260105,190000,0.8726,0.876,0.8726,0.876,601,0
BFRG.US,5,20260105,191000,0.8727,0.88,0.8727,0.88,200,0
BFRG.US,5,20260105,191500,0.8727,0.8727,0.8727,0.8727,450,0
BFRG.US,5,20260105,193000,0.876,0.876,0.876,0.876,300,0
BFRG.US,5,20260105,193500,0.8727,0.876,0.872,0.876,6095,0
BFRG.US,5,20260105,195000,0.876,0.8799,0.876,0.8799,3000,0
BFRG.US,5,20260105,195500,0.876,0.876,0.876,0.876,100,0
BFRG.US,5,20260105,200000,0.878,0.878,0.878,0.878,300,0
BFRG.US,5,20260105,200500,0.878,0.88,0.878,0.8796,9325,0
BFRG.US,5,20260105,201000,0.87915,0.8792,0.8783,0.8783,11869,0
BFRG.US,5,20260105,202000,0.8798,0.88,0.8793,0.879301,3150,0
BFRG.US,5,20260105,203000,0.87861,0.87861,0.87861,0.87861,500,0
BFRG.US,5,20260105,204000,0.8786,0.8916,0.872,0.873001,8624,0
BFRG.US,5,20260105,211500,0.8735,0.89015,0.8735,0.89015,250,0
BFRG.US,5,20260105,212500,0.8746,0.8746,0.8746,0.8746,100,0
BFRG.US,5,20260105,214000,0.89015,0.89015,0.8888,0.8888,1200,0
BFRG.US,5,20260105,214500,0.88,0.893499,0.873,0.8867,13700,0
BFRG.US,5,20260105,215000,0.8733,0.8733,0.872,0.8731,3782,0
BFRG.US,5,20260106,153000,0.9,0.9,0.851,0.867401,457775,0
BFRG.US,5,20260106,153500,0.87,0.89,0.87,0.8789,134454,0
BFRG.US,5,20260106,154000,0.8816,0.8844,0.821,0.8467,410868,0
BFRG.US,5,20260106,154500,0.8467,0.85,0.8266,0.8299,258190,0
BFRG.US,5,20260106,155000,0.83,0.85,0.8204,0.84495,352754,0
BFRG.US,5,20260106,155500,0.8464,0.85,0.8401,0.841,120623,0
BFRG.US,5,20260106,160000,0.8401,0.87999,0.8401,0.85,208210,0
BFRG.US,5,20260106,160500,0.8499,0.86,0.844,0.8595,102198,0
BFRG.US,5,20260106,161000,0.8599,0.86,0.844,0.8471,41633,0
BFRG.US,5,20260106,161500,0.849999,0.8567,0.8301,0.8351,54953,0
BFRG.US,5,20260106,162000,0.8358,0.849,0.811,0.8438,117965,0
BFRG.US,5,20260106,162500,0.84,0.8481,0.83061,0.8402,34267,0
BFRG.US,5,20260106,163000,0.8402,0.85,0.8216,0.82639,61163,0
BFRG.US,5,20260106,163500,0.8264,0.83,0.8185,0.82415,97013,0
BFRG.US,5,20260106,164000,0.8235,0.83,0.8166,0.8227,61387,0
BFRG.US,5,20260106,164500,0.8227,0.83,0.8164,0.8164,33907,0
BFRG.US,5,20260106,165000,0.8163,0.83,0.8053,0.8208,94202,0
BFRG.US,5,20260106,165500,0.8201,0.8215,0.8075,0.8156,109607,0
BFRG.US,5,20260106,170000,0.812,0.825,0.81,0.8212,47876,0
BFRG.US,5,20260106,170500,0.8212,0.825,0.8154,0.82,23806,0
BFRG.US,5,20260106,171000,0.82,0.825,0.8151,0.825,16962,0
BFRG.US,5,20260106,171500,0.825,0.8475,0.8168,0.8445,86595,0
BFRG.US,5,20260106,172000,0.8475,0.8576,0.8416,0.85,49644,0
BFRG.US,5,20260106,172500,0.8499,0.85,0.825,0.84,41591,0
BFRG.US,5,20260106,173000,0.84,0.84,0.8307,0.84,24126,0
BFRG.US,5,20260106,173500,0.84,0.85739,0.8341,0.8462,16324,0
BFRG.US,5,20260106,174000,0.85,0.85,0.8255,0.85,13500,0
BFRG.US,5,20260106,174500,0.85,0.855,0.8261,0.853,19485,0
BFRG.US,5,20260106,175000,0.853,0.86,0.827,0.8587,32528,0
BFRG.US,5,20260106,175500,0.850259,0.8587,0.844,0.856,30665,0
BFRG.US,5,20260106,180000,0.856,0.8562,0.8416,0.8449,33665,0
BFRG.US,5,20260106,180500,0.8424,0.85,0.826,0.8493,7598,0
BFRG.US,5,20260106,181000,0.8493,0.855,0.840101,0.8497,21104,0
BFRG.US,5,20260106,181500,0.8449,0.85,0.8401,0.85,12134,0
BFRG.US,5,20260106,182000,0.8491,0.85,0.84,0.8443,18114,0
BFRG.US,5,20260106,182500,0.8443,0.8466,0.83,0.8348,51315,0
BFRG.US,5,20260106,183000,0.8344,0.8399,0.8337,0.8393,4484,0
BFRG.US,5,20260106,183500,0.8393,0.8398,0.8301,0.8385,11283,0
BFRG.US,5,20260106,184000,0.8398,0.8398,0.83,0.8389,14346,0
BFRG.US,5,20260106,184500,0.8389,0.85,0.8374,0.8446,9511,0
BFRG.US,5,20260106,185000,0.849,0.849,0.841,0.8489,17741,0
BFRG.US,5,20260106,185500,0.8489,0.855,0.8448,0.8549,10996,0
BFRG.US,5,20260106,190000,0.8549,0.8549,0.845,0.8469,26052,0
BFRG.US,5,20260106,190500,0.8508,0.8589,0.8455,0.8589,15817,0
BFRG.US,5,20260106,191000,0.8589,0.86,0.8498,0.86,34589,0
BFRG.US,5,20260106,191500,0.8599,0.86,0.8574,0.86,45646,0
BFRG.US,5,20260106,192000,0.8597,0.86,0.8526,0.86,48861,0
BFRG.US,5,20260106,192500,0.8527,0.86,0.8455,0.86,31709,0
BFRG.US,5,20260106,193000,0.85,0.86,0.8467,0.859,31679,0
BFRG.US,5,20260106,193500,0.859,0.859,0.845001,0.85,15464,0
BFRG.US,5,20260106,194000,0.85,0.859,0.8475,0.8511,18152,0
BFRG.US,5,20260106,194500,0.8588,0.859,0.846,0.859,7728,0
BFRG.US,5,20260106,195000,0.859,0.859,0.8496,0.859,19999,0
BFRG.US,5,20260106,195500,0.859,0.859,0.8514,0.859,7252,0
BFRG.US,5,20260106,200000,0.859,0.86,0.852,0.86,17344,0
BFRG.US,5,20260106,200500,0.86,0.86,0.856999,0.86,11027,0
BFRG.US,5,20260106,201000,0.8599,0.8604,0.855,0.86,17337,0
BFRG.US,5,20260106,201500,0.86,0.8604,0.855,0.86,40474,0
BFRG.US,5,20260106,202000,0.86,0.87,0.8526,0.8662,41516,0
BFRG.US,5,20260106,202500,0.8662,0.89619,0.851401,0.869,36879,0
BFRG.US,5,20260106,203000,0.869,0.87,0.866,0.87,10434,0
BFRG.US,5,20260106,203500,0.87,0.87,0.863201,0.87,4870,0
BFRG.US,5,20260106,204000,0.87,0.87,0.8665,0.87,5750,0
BFRG.US,5,20260106,204500,0.87,0.87,0.8468,0.8599,30068,0
BFRG.US,5,20260106,205000,0.855,0.8697,0.8463,0.8697,24137,0
BFRG.US,5,20260106,205500,0.8697,0.8697,0.85975,0.8624,6300,0
BFRG.US,5,20260106,210000,0.8646,0.8694,0.85,0.865,41737,0
BFRG.US,5,20260106,210500,0.865,0.865,0.8502,0.8648,19811,0
BFRG.US,5,20260106,211000,0.865,0.869,0.85,0.8681,25634,0
BFRG.US,5,20260106,211500,0.8681,0.8696,0.8579,0.865,35524,0
BFRG.US,5,20260106,212000,0.865,0.8696,0.8597,0.8696,23570,0
BFRG.US,5,20260106,212500,0.8696,0.8696,0.85,0.85,50081,0
BFRG.US,5,20260106,213000,0.8463,0.8696,0.840101,0.8696,52929,0
BFRG.US,5,20260106,213500,0.8527,0.865,0.8416,0.857,17406,0
BFRG.US,5,20260106,214000,0.857,0.86,0.8505,0.86,26483,0
BFRG.US,5,20260106,214500,0.86,0.87,0.8483,0.8498,102756,0
BFRG.US,5,20260106,215000,0.8525,0.8525,0.8401,0.8456,27032,0
BFRG.US,5,20260106,215500,0.8408,0.8596,0.8402,0.8406,42498,0
BFRG.US,5,20260107,153000,0.826,0.8275,0.8001,0.805,38744,0
BFRG.US,5,20260107,153500,0.806,0.8172,0.806,0.8083,102944,0
BFRG.US,5,20260107,154000,0.8083,0.813,0.8083,0.811,5645,0
BFRG.US,5,20260107,154500,0.809,0.82,0.8083,0.8144,2710,0
BFRG.US,5,20260107,155000,0.818,0.82,0.8144,0.8144,6677,0
BFRG.US,5,20260107,155500,0.8144,0.8218,0.8144,0.8218,4997,0
BFRG.US,5,20260107,160000,0.82,0.82,0.81,0.8114,10372,0
BFRG.US,5,20260107,160500,0.812,0.812,0.8108,0.8109,15905,0
BFRG.US,5,20260107,161000,0.810999,0.814,0.81,0.814,3833,0
BFRG.US,5,20260107,161500,0.817,0.817,0.81,0.8101,7650,0
BFRG.US,5,20260107,162000,0.8102,0.8164,0.8101,0.8149,5228,0
BFRG.US,5,20260107,162500,0.8153,0.8153,0.8101,0.815,21920,0
BFRG.US,5,20260107,163000,0.8124,0.82,0.8124,0.8189,5253,0
BFRG.US,5,20260107,163500,0.8187,0.8188,0.8123,0.8149,4432,0
BFRG.US,5,20260107,164000,0.8136,0.8148,0.813,0.8148,2532,0
BFRG.US,5,20260107,164500,0.8149,0.8149,0.8123,0.8126,12126,0
BFRG.US,5,20260107,165000,0.8125,0.8156,0.808,0.8099,48465,0
BFRG.US,5,20260107,165500,0.8113,0.8175,0.8113,0.8175,1700,0
BFRG.US,5,20260107,170000,0.812,0.8145,0.81,0.811568,23617,0
BFRG.US,5,20260107,170500,0.8117,0.8117,0.8117,0.8117,190,0
BFRG.US,5,20260107,171000,0.818,0.8228,0.8118,0.8228,42728,0
BFRG.US,5,20260107,171500,0.826,0.839,0.822499,0.835,13064,0
BFRG.US,5,20260107,172000,0.839,0.839,0.83,0.83,6682,0
BFRG.US,5,20260107,172500,0.83,0.835,0.8182,0.8322,14550,0
BFRG.US,5,20260107,173000,0.8276,0.8299,0.82255,0.8271,2624,0
BFRG.US,5,20260107,173500,0.8278,0.8278,0.8164,0.8164,20100,0
BFRG.US,5,20260107,174000,0.82265,0.8305,0.82265,0.83,4070,0
BFRG.US,5,20260107,174500,0.825001,0.83,0.825001,0.83,939,0
BFRG.US,5,20260107,175000,0.82505,0.835,0.82505,0.835,9275,0
BFRG.US,5,20260107,175500,0.8355,0.8401,0.82,0.84,21492,0
BFRG.US,5,20260107,180000,0.8375,0.839001,0.82,0.82,10471,0
BFRG.US,5,20260107,180500,0.8212,0.83385,0.82,0.8301,7850,0
BFRG.US,5,20260107,181000,0.8301,0.8338,0.8301,0.8338,410,0
BFRG.US,5,20260107,181500,0.8301,0.8381,0.8301,0.834999,18900,0
BFRG.US,5,20260107,182000,0.8381,0.838357,0.8381,0.838357,1139,0
BFRG.US,5,20260107,182500,0.8448,0.8448,0.8448,0.8448,100,0
BFRG.US,5,20260107,183000,0.8404,0.8404,0.8404,0.8404,2008,0
BFRG.US,5,20260107,183500,0.8395,0.8448,0.8358,0.8358,12170,0
BFRG.US,5,20260107,184000,0.8358,0.8358,0.8358,0.8358,100,0
BFRG.US,5,20260107,184500,0.8358,0.855,0.8358,0.8441,2564,0
BFRG.US,5,20260107,185000,0.8441,0.8441,0.8441,0.8441,114,0
BFRG.US,5,20260107,185500,0.8485,0.8505,0.847051,0.8505,446,0
BFRG.US,5,20260107,190000,0.8487,0.8591,0.8463,0.85065,7719,0
BFRG.US,5,20260107,190500,0.8519,0.86,0.8519,0.86,22597,0
BFRG.US,5,20260107,191000,0.8596,0.8604,0.8595,0.8604,5200,0
BFRG.US,5,20260107,191500,0.8595,0.86,0.8501,0.854549,5809,0
BFRG.US,5,20260107,192000,0.854551,0.8573,0.854551,0.8568,1600,0
BFRG.US,5,20260107,192500,0.853051,0.8535,0.8501,0.8535,8143,0
BFRG.US,5,20260107,193000,0.8502,0.851849,0.8501,0.8501,1774,0
BFRG.US,5,20260107,193500,0.8502,0.855,0.8502,0.8504,700,0
BFRG.US,5,20260107,194000,0.857,0.8582,0.855,0.8582,5043,0
BFRG.US,5,20260107,194500,0.8595,0.87,0.8595,0.8679,8218,0
BFRG.US,5,20260107,195000,0.8626,0.87,0.8503,0.8651,37062,0
BFRG.US,5,20260107,195500,0.8655,0.8655,0.8508,0.86,11029,0
BFRG.US,5,20260107,200000,0.862,0.865049,0.8601,0.8633,14000,0
BFRG.US,5,20260107,200500,0.862601,0.865,0.8601,0.864,3952,0
BFRG.US,5,20260107,201000,0.8641,0.867,0.864,0.867,2968,0
BFRG.US,5,20260107,201500,0.867051,0.867051,0.867051,0.867051,1000,0
BFRG.US,5,20260107,202000,0.87,0.875,0.8671,0.875,16841,0
BFRG.US,5,20260107,202500,0.8728,0.875,0.8706,0.8706,12629,0
BFRG.US,5,20260107,203000,0.875,0.8755,0.872168,0.8755,3900,0
BFRG.US,5,20260107,203500,0.8706,0.87549,0.8706,0.87549,200,0
BFRG.US,5,20260107,204000,0.8719,0.8754,0.8613,0.8742,11282,0
BFRG.US,5,20260107,204500,0.8748,0.8748,0.8609,0.8679,2780,0
BFRG.US,5,20260107,205000,0.867951,0.871,0.8609,0.8609,3634,0
BFRG.US,5,20260107,205500,0.8635,0.875,0.851,0.8749,14375,0
BFRG.US,5,20260107,210000,0.86265,0.8772,0.86265,0.875,7759,0
BFRG.US,5,20260107,210500,0.8636,0.88,0.850301,0.88,10400,0
BFRG.US,5,20260107,211000,0.8749,0.88,0.8749,0.8799,9405,0
BFRG.US,5,20260107,211500,0.8775,0.88,0.875,0.8775,13551,0
BFRG.US,5,20260107,212000,0.877,0.877,0.8751,0.877,5500,0
BFRG.US,5,20260107,212500,0.8793,0.8793,0.8793,0.8793,120,0
BFRG.US,5,20260107,213000,0.88,0.88,0.8749,0.8751,1110,0
BFRG.US,5,20260107,213500,0.8775,0.8825,0.8503,0.8701,5682,0
BFRG.US,5,20260107,214000,0.875,0.879899,0.86,0.8621,22577,0
BFRG.US,5,20260107,214500,0.86505,0.8797,0.86505,0.8797,3972,0
BFRG.US,5,20260107,215000,0.872899,0.879699,0.8671,0.8744,8625,0
BFRG.US,5,20260107,215500,0.8676,0.8791,0.867101,0.87,13928,0
BFRG.US,5,20260108,153000,0.8338,0.8538,0.8338,0.8507,42199,0
BFRG.US,5,20260108,153500,0.8506,0.855,0.8455,0.8455,2392,0
BFRG.US,5,20260108,154000,0.836,0.8506,0.836,0.8371,27544,0
BFRG.US,5,20260108,154500,0.8371,0.8693,0.8371,0.8502,7308,0
BFRG.US,5,20260108,155000,0.855,0.855,0.841,0.841,2751,0
BFRG.US,5,20260108,155500,0.8401,0.8503,0.8401,0.8503,2400,0
BFRG.US,5,20260108,160000,0.8503,0.854135,0.8401,0.85,9769,0
BFRG.US,5,20260108,160500,0.855,0.855,0.85,0.85,15155,0
BFRG.US,5,20260108,161000,0.857401,0.857401,0.85,0.85,900,0
BFRG.US,5,20260108,161500,0.85,0.85255,0.8401,0.852501,5750,0
BFRG.US,5,20260108,162000,0.8525,0.864999,0.84,0.841,3567,0
BFRG.US,5,20260108,162500,0.8431,0.8431,0.8417,0.8417,6130,0
BFRG.US,5,20260108,163000,0.8417,0.8421,0.84,0.8421,2623,0
BFRG.US,5,20260108,163500,0.8401,0.842,0.8,0.826,69050,0
BFRG.US,5,20260108,164000,0.826,0.826,0.8231,0.8245,688,0
BFRG.US,5,20260108,165000,0.8204,0.8252,0.8201,0.8201,7227,0
BFRG.US,5,20260108,165500,0.82,0.82,0.805,0.8051,20980,0
BFRG.US,5,20260108,170000,0.8051,0.8115,0.8051,0.811,5514,0
BFRG.US,5,20260108,170500,0.8109,0.8124,0.8109,0.8124,6043,0
BFRG.US,5,20260108,171000,0.8126,0.8146,0.8102,0.8102,2460,0
BFRG.US,5,20260108,171500,0.8103,0.819,0.805,0.805,10040,0
BFRG.US,5,20260108,172000,0.8205,0.8206,0.805,0.805,10600,0
BFRG.US,5,20260108,172500,0.81,0.824999,0.8,0.824999,30459,0
BFRG.US,5,20260108,173000,0.8125,0.8125,0.805,0.805,15144,0
BFRG.US,5,20260108,173500,0.8107,0.8137,0.805,0.81,10038,0
BFRG.US,5,20260108,174000,0.81,0.8102,0.81,0.8102,1900,0
BFRG.US,5,20260108,174500,0.8102,0.8102,0.8102,0.8102,600,0
BFRG.US,5,20260108,175000,0.8126,0.8156,0.81,0.81,5000,0
BFRG.US,5,20260108,175500,0.81,0.8154,0.81,0.81,4854,0
BFRG.US,5,20260108,180000,0.8106,0.8138,0.805,0.8138,17833,0
BFRG.US,5,20260108,180500,0.82,0.82,0.811,0.811,400,0
BFRG.US,5,20260108,181000,0.82,0.82,0.8111,0.8111,400,0
BFRG.US,5,20260108,181500,0.81605,0.82,0.8121,0.8121,1174,0
BFRG.US,5,20260108,182000,0.8179,0.82,0.8121,0.81605,1031,0
BFRG.US,5,20260108,182500,0.8121,0.817802,0.812,0.812,7950,0
BFRG.US,5,20260108,183000,0.816,0.8217,0.81255,0.82,12946,0
BFRG.US,5,20260108,183500,0.82,0.82,0.816,0.816,4167,0
BFRG.US,5,20260108,184000,0.816,0.82,0.812,0.8129,15770,0
BFRG.US,5,20260108,184500,0.8125,0.8125,0.8125,0.8125,100,0
BFRG.US,5,20260108,185000,0.82,0.82,0.8126,0.8126,644,0
BFRG.US,5,20260108,185500,0.8132,0.8132,0.8131,0.8131,300,0
BFRG.US,5,20260108,190000,0.8131,0.8216,0.8131,0.8216,6955,0
BFRG.US,5,20260108,190500,0.822,0.824,0.822,0.8227,22083,0
BFRG.US,5,20260108,191000,0.8228,0.83,0.82,0.8208,7838,0
BFRG.US,5,20260108,191500,0.825,0.829999,0.813,0.813,19656,0
BFRG.US,5,20260108,192000,0.813,0.813,0.8126,0.8126,600,0
BFRG.US,5,20260108,192500,0.821,0.8213,0.8121,0.8127,824,0
BFRG.US,5,20260108,193000,0.8127,0.8213,0.8126,0.8126,900,0
BFRG.US,5,20260108,193500,0.8126,0.8126,0.8126,0.8126,700,0
BFRG.US,5,20260108,194000,0.8126,0.8213,0.8126,0.8126,1000,0
BFRG.US,5,20260108,194500,0.8126,0.826,0.8126,0.8126,1023,0
BFRG.US,5,20260108,195000,0.8126,0.8213,0.8126,0.813,1100,0
BFRG.US,5,20260108,195500,0.8213,0.8213,0.8126,0.8126,1200,0
BFRG.US,5,20260108,200000,0.8126,0.8127,0.8126,0.8126,4800,0
BFRG.US,5,20260108,200500,0.8248,0.8248,0.8126,0.8197,6108,0
BFRG.US,5,20260108,201000,0.8126,0.8197,0.81,0.81,7620,0
BFRG.US,5,20260108,201500,0.81485,0.81485,0.81,0.8124,5247,0
BFRG.US,5,20260108,202000,0.8123,0.8146,0.8123,0.8123,11180,0
BFRG.US,5,20260108,202500,0.8124,0.8149,0.8124,0.8148,7050,0
BFRG.US,5,20260108,203000,0.8174,0.8198,0.8173,0.8196,3808,0
BFRG.US,5,20260108,203500,0.81491,0.81491,0.81491,0.81491,100,0
BFRG.US,5,20260108,204000,0.82,0.8224,0.815,0.8224,845,0
BFRG.US,5,20260108,204500,0.8149,0.8197,0.8149,0.8149,10600,0
BFRG.US,5,20260108,205000,0.8149,0.8448,0.8149,0.8448,8000,0
BFRG.US,5,20260108,205500,0.83975,0.85,0.82,0.8401,19457,0
BFRG.US,5,20260108,210000,0.845,0.853327,0.845,0.853327,4002,0
BFRG.US,5,20260108,210500,0.8475,0.854999,0.845,0.85,2605,0
BFRG.US,5,20260108,211000,0.8475,0.855,0.8405,0.855,3180,0
BFRG.US,5,20260108,211500,0.8493,0.8598,0.845,0.8598,2306,0
BFRG.US,5,20260108,212000,0.8448,0.8499,0.8401,0.8499,2892,0
BFRG.US,5,20260108,212500,0.8529,0.8599,0.8301,0.83327,20897,0
BFRG.US,5,20260108,213000,0.833,0.8333,0.82,0.82317,10631,0
BFRG.US,5,20260108,213500,0.828,0.828,0.828,0.828,200,0
BFRG.US,5,20260108,214000,0.8301,0.8349,0.8125,0.81525,9879,0
BFRG.US,5,20260108,214500,0.82,0.8287,0.8125,0.8125,5299,0
BFRG.US,5,20260108,215000,0.8129,0.8298,0.8125,0.825,1055,0
BFRG.US,5,20260108,215500,0.84,0.846,0.8269,0.8308,8486,0
