<TICKER>,<PER>,<DATE>,<TIME>,<OPEN>,<HIGH>,<LOW>,<CLOSE>,<VOL>,<OPENINT>
CRIS.US,5,20250813,153000,1.68,1.68,1.68,1.68,188,0
CRIS.US,5,20250813,153500,1.71,1.71,1.71,1.71,112,0
CRIS.US,5,20250813,154000,1.71,1.71,1.71,1.71,300,0
CRIS.US,5,20250813,154500,1.7,1.7,1.7,1.7,212,0
CRIS.US,5,20250813,155000,1.725,1.725,1.725,1.725,600,0
CRIS.US,5,20250813,155500,1.7,1.75,1.7,1.75,827,0
CRIS.US,5,20250813,160000,1.71,1.71,1.71,1.71,192,0
CRIS.US,5,20250813,160500,1.71,1.71,1.71,1.71,192,0
CRIS.US,5,20250813,161000,1.73,1.73,1.71,1.71,500,0
CRIS.US,5,20250813,161500,1.7228,1.7228,1.7228,1.7228,200,0
CRIS.US,5,20250813,162000,1.73,1.73,1.71,1.71,574,0
CRIS.US,5,20250813,163000,1.71,1.71,1.71,1.71,348,0
CRIS.US,5,20250813,164000,1.7298,1.7298,1.71,1.71,3932,0
CRIS.US,5,20250813,165000,1.7143,1.7143,1.7143,1.7143,100,0
CRIS.US,5,20250813,165500,1.71,1.73,1.71,1.73,1284,0
CRIS.US,5,20250813,170500,1.71,1.71,1.71,1.71,384,0
CRIS.US,5,20250813,171500,1.71,1.71,1.71,1.71,332,0
CRIS.US,5,20250813,172500,1.7127,1.7127,1.71,1.71,784,0
CRIS.US,5,20250813,173000,1.76,1.76,1.75,1.75,380,0
CRIS.US,5,20250813,173500,1.74,1.74,1.74,1.74,448,0
CRIS.US,5,20250813,174500,1.7562,1.7562,1.7562,1.7562,200,0
CRIS.US,5,20250813,175000,1.75,1.75,1.75,1.75,200,0
CRIS.US,5,20250813,175500,1.75,1.75,1.74,1.74,690,0
CRIS.US,5,20250813,180500,1.75,1.75,1.75,1.75,677,0
CRIS.US,5,20250813,181500,1.74,1.7839,1.74,1.765,2286,0
CRIS.US,5,20250813,182000,1.7899,1.7899,1.77,1.77,400,0
CRIS.US,5,20250813,182500,1.77,1.7851,1.77,1.77,816,0
CRIS.US,5,20250813,184000,1.78,1.78,1.76,1.76,548,0
CRIS.US,5,20250813,185000,1.75,1.75,1.75,1.75,400,0
CRIS.US,5,20250813,190500,1.75,1.75,1.75,1.75,384,0
CRIS.US,5,20250813,191000,1.75,1.75,1.75,1.75,384,0
CRIS.US,5,20250813,192000,1.76,1.76,1.76,1.76,100,0
CRIS.US,5,20250813,192500,1.75,1.77,1.75,1.7504,5429,0
CRIS.US,5,20250813,193500,1.75,1.77,1.75,1.77,484,0
CRIS.US,5,20250813,194000,1.7668,1.7668,1.7668,1.7668,100,0
CRIS.US,5,20250813,194500,1.76,1.76,1.71,1.72,8916,0
CRIS.US,5,20250813,195500,1.72,1.72,1.71,1.71,300,0
CRIS.US,5,20250813,200000,1.7,1.7,1.7,1.7,384,0
CRIS.US,5,20250813,201000,1.7,1.71,1.7,1.71,809,0
CRIS.US,5,20250813,202000,1.7,1.7,1.7,1.7,448,0
CRIS.US,5,20250813,203000,1.71,1.71,1.71,1.71,548,0
CRIS.US,5,20250813,204000,1.7106,1.7106,1.71,1.71,948,0
CRIS.US,5,20250813,204500,1.715,1.72,1.7103,1.7103,2568,0
CRIS.US,5,20250813,205000,1.71,1.71,1.71,1.71,510,0
CRIS.US,5,20250813,205500,1.7,1.7,1.7,1.7,432,0
CRIS.US,5,20250813,210500,1.7,1.7,1.7,1.7,950,0
CRIS.US,5,20250813,211500,1.69,1.69,1.69,1.69,384,0
CRIS.US,5,20250813,212000,1.69,1.7,1.69,1.7,339,0
CRIS.US,5,20250813,212500,1.69,1.69,1.69,1.69,448,0
CRIS.US,5,20250813,213000,1.6998,1.6998,1.6998,1.6998,238,0
CRIS.US,5,20250813,213500,1.69,1.69,1.68,1.69,600,0
CRIS.US,5,20250813,214000,1.67,1.67,1.67,1.67,448,0
CRIS.US,5,20250813,215000,1.67,1.67,1.67,1.67,432,0
CRIS.US,5,20250813,215500,1.7,1.72,1.7,1.72,1186,0
CRIS.US,5,20250814,153000,1.69,1.69,1.69,1.69,668,0
CRIS.US,5,20250814,153500,1.69,1.69,1.69,1.69,540,0
CRIS.US,5,20250814,160000,1.74,1.74,1.74,1.74,100,0
CRIS.US,5,20250814,160500,1.74,1.74,1.74,1.74,250,0
CRIS.US,5,20250814,161500,1.7699,1.7699,1.735,1.735,1982,0
CRIS.US,5,20250814,164500,1.7,1.7,1.7,1.7,100,0
CRIS.US,5,20250814,165000,1.71,1.71,1.7,1.7,534,0
CRIS.US,5,20250814,170000,1.7,1.7,1.7,1.7,184,0
CRIS.US,5,20250814,171000,1.7138,1.7138,1.7138,1.7138,5000,0
CRIS.US,5,20250814,180000,1.69,1.695,1.69,1.695,200,0
CRIS.US,5,20250814,181500,1.69,1.69,1.69,1.69,100,0
CRIS.US,5,20250814,183500,1.68,1.68,1.68,1.68,100,0
CRIS.US,5,20250814,184500,1.67,1.67,1.65,1.65,985,0
CRIS.US,5,20250814,190500,1.685,1.685,1.685,1.685,250,0
CRIS.US,5,20250814,194500,1.69,1.69,1.69,1.69,100,0
CRIS.US,5,20250814,200000,1.69,1.69,1.69,1.69,112,0
CRIS.US,5,20250814,203000,1.7057,1.7057,1.7057,1.7057,410,0
CRIS.US,5,20250814,203500,1.69,1.696,1.69,1.696,1100,0
CRIS.US,5,20250814,204000,1.69,1.69,1.69,1.69,100,0
CRIS.US,5,20250814,204500,1.69,1.69,1.6704,1.6704,220,0
CRIS.US,5,20250814,205000,1.68,1.68,1.68,1.68,100,0
CRIS.US,5,20250814,205500,1.685,1.685,1.685,1.685,340,0
CRIS.US,5,20250814,210000,1.67,1.69,1.67,1.69,500,0
CRIS.US,5,20250814,210500,1.6844,1.6844,1.6844,1.6844,200,0
CRIS.US,5,20250814,211000,1.67,1.67,1.67,1.67,200,0
CRIS.US,5,20250814,211500,1.68,1.69,1.68,1.69,438,0
CRIS.US,5,20250814,212000,1.69,1.69,1.65,1.65,4916,0
CRIS.US,5,20250814,212500,1.6814,1.6814,1.6814,1.6814,100,0
CRIS.US,5,20250814,213000,1.675,1.675,1.675,1.675,200,0
CRIS.US,5,20250814,213500,1.67,1.69,1.67,1.69,400,0
CRIS.US,5,20250814,214000,1.68,1.68,1.68,1.68,100,0
CRIS.US,5,20250814,214500,1.69,1.69,1.69,1.69,220,0
CRIS.US,5,20250814,215000,1.69,1.69,1.69,1.69,100,0
CRIS.US,5,20250814,215500,1.69,1.69,1.67,1.68,1012,0
CRIS.US,5,20250815,154500,1.69,1.69,1.68,1.68,889,0
CRIS.US,5,20250815,155000,1.69,1.69,1.69,1.69,2000,0
CRIS.US,5,20250815,161000,1.7328,1.7328,1.7328,1.7328,1000,0
CRIS.US,5,20250815,161500,1.71,1.71,1.71,1.71,100,0
CRIS.US,5,20250815,162500,1.72,1.75,1.72,1.74,1500,0
CRIS.US,5,20250815,164000,1.75,1.7552,1.75,1.7552,4248,0
CRIS.US,5,20250815,164500,1.751,1.751,1.75,1.75,300,0
CRIS.US,5,20250815,165000,1.75,1.75,1.75,1.75,100,0
CRIS.US,5,20250815,171500,1.76,1.76,1.751,1.751,350,0
CRIS.US,5,20250815,172000,1.75,1.75,1.75,1.75,900,0
CRIS.US,5,20250815,173000,1.755,1.76,1.75,1.76,500,0
CRIS.US,5,20250815,173500,1.775,1.8,1.775,1.795,17449,0
CRIS.US,5,20250815,174000,1.82,1.82,1.8,1.8,2436,0
CRIS.US,5,20250815,174500,1.7939,1.7939,1.7939,1.7939,149,0
CRIS.US,5,20250815,175500,1.77,1.77,1.77,1.77,100,0
CRIS.US,5,20250815,181000,1.8,1.8,1.77,1.77,800,0
CRIS.US,5,20250815,181500,1.78,1.78,1.78,1.78,100,0
CRIS.US,5,20250815,182500,1.78,1.78,1.78,1.78,200,0
CRIS.US,5,20250815,183000,1.76,1.76,1.76,1.76,100,0
CRIS.US,5,20250815,185000,1.77,1.77,1.77,1.77,100,0
CRIS.US,5,20250815,190500,1.7926,1.7926,1.78,1.78,1100,0
CRIS.US,5,20250815,191500,1.7703,1.7704,1.7703,1.7704,9864,0
CRIS.US,5,20250815,192000,1.77,1.77,1.77,1.77,100,0
CRIS.US,5,20250815,192500,1.77,1.77,1.77,1.77,100,0
CRIS.US,5,20250815,193500,1.77,1.77,1.77,1.77,100,0
CRIS.US,5,20250815,194000,1.79,1.79,1.79,1.79,200,0
CRIS.US,5,20250815,194500,1.78,1.8,1.78,1.8,1500,0
CRIS.US,5,20250815,195000,1.79,1.79,1.78,1.78,600,0
CRIS.US,5,20250815,200000,1.7996,1.7996,1.7996,1.7996,1991,0
CRIS.US,5,20250815,201500,1.78,1.78,1.78,1.78,986,0
CRIS.US,5,20250815,202000,1.7766,1.7766,1.7766,1.7766,599,0
CRIS.US,5,20250815,203000,1.78,1.78,1.78,1.78,100,0
CRIS.US,5,20250815,203500,1.791,1.81,1.791,1.8,2737,0
CRIS.US,5,20250815,204000,1.81,1.825,1.81,1.82,855,0
CRIS.US,5,20250815,204500,1.8388,1.865,1.83,1.865,2011,0
CRIS.US,5,20250815,205000,1.87,1.87,1.86,1.87,748,0
CRIS.US,5,20250815,205500,1.86,1.8705,1.85,1.8705,8378,0
CRIS.US,5,20250815,210000,1.87,1.8733,1.84,1.84,19458,0
CRIS.US,5,20250815,210500,1.876,1.876,1.876,1.876,570,0
CRIS.US,5,20250815,211500,1.86,1.86,1.83,1.85,2575,0
CRIS.US,5,20250815,212500,1.84,1.845,1.8,1.83,4539,0
CRIS.US,5,20250815,213000,1.83,1.83,1.83,1.83,100,0
CRIS.US,5,20250815,213500,1.83,1.83,1.83,1.83,300,0
CRIS.US,5,20250815,214500,1.83,1.845,1.83,1.845,5835,0
CRIS.US,5,20250815,215000,1.83,1.84,1.83,1.83,690,0
CRIS.US,5,20250815,215500,1.83,1.8386,1.83,1.83,4169,0
CRIS.US,5,20250818,153000,1.83,1.8793,1.8,1.8793,2313,0
CRIS.US,5,20250818,153500,1.83,1.83,1.79,1.79,2073,0
CRIS.US,5,20250818,154000,1.8256,1.8256,1.76,1.76,1680,0
CRIS.US,5,20250818,155000,1.79,1.79,1.76,1.76,300,0
CRIS.US,5,20250818,155500,1.76,1.76,1.76,1.76,540,0
CRIS.US,5,20250818,160000,1.8,1.8,1.8,1.8,3657,0
CRIS.US,5,20250818,160500,1.76,1.76,1.76,1.76,600,0
CRIS.US,5,20250818,161000,1.8294,1.8294,1.8294,1.8294,400,0
CRIS.US,5,20250818,161500,1.77,1.8018,1.77,1.8018,880,0
CRIS.US,5,20250818,162500,1.77,1.77,1.77,1.77,660,0
CRIS.US,5,20250818,163000,1.76,1.77,1.76,1.77,328,0
CRIS.US,5,20250818,163500,1.78,1.78,1.75,1.75,311,0
CRIS.US,5,20250818,164000,1.76,1.76,1.76,1.76,100,0
CRIS.US,5,20250818,164500,1.76,1.78,1.76,1.76,2730,0
CRIS.US,5,20250818,165000,1.785,1.8,1.77,1.77,400,0
CRIS.US,5,20250818,165500,1.77,1.77,1.77,1.77,1110,0
CRIS.US,5,20250818,170000,1.76,1.76,1.76,1.76,700,0
CRIS.US,5,20250818,170500,1.76,1.76,1.76,1.76,500,0
CRIS.US,5,20250818,171000,1.75,1.75,1.73,1.73,1583,0
CRIS.US,5,20250818,171500,1.73,1.73,1.73,1.73,100,0
CRIS.US,5,20250818,174000,1.74,1.76,1.74,1.76,1600,0
CRIS.US,5,20250818,175000,1.7585,1.76,1.7585,1.7599,2650,0
CRIS.US,5,20250818,180000,1.75,1.77,1.73,1.74,2675,0
CRIS.US,5,20250818,182000,1.73,1.73,1.71,1.71,338,0
CRIS.US,5,20250818,183000,1.75,1.75,1.75,1.75,112,0
CRIS.US,5,20250818,183500,1.7699,1.7699,1.7699,1.7699,188,0
CRIS.US,5,20250818,184000,1.72,1.73,1.72,1.73,200,0
CRIS.US,5,20250818,185000,1.72,1.72,1.72,1.72,100,0
CRIS.US,5,20250818,190000,1.72,1.72,1.72,1.72,100,0
CRIS.US,5,20250818,191000,1.7315,1.7315,1.7315,1.7315,100,0
CRIS.US,5,20250818,194500,1.72,1.72,1.72,1.72,100,0
CRIS.US,5,20250818,200000,1.71,1.73,1.71,1.73,963,0
CRIS.US,5,20250818,200500,1.71,1.71,1.71,1.71,100,0
CRIS.US,5,20250818,201500,1.71,1.71,1.71,1.71,120,0
CRIS.US,5,20250818,202000,1.7202,1.7447,1.7202,1.7447,2675,0
CRIS.US,5,20250818,203500,1.7278,1.7278,1.7278,1.7278,150,0
CRIS.US,5,20250818,204000,1.725,1.73,1.71,1.73,400,0
CRIS.US,5,20250818,205500,1.7335,1.7492,1.7335,1.7492,1932,0
CRIS.US,5,20250818,210000,1.7406,1.7406,1.7406,1.7406,100,0
CRIS.US,5,20250818,210500,1.72,1.73,1.72,1.72,451,0
CRIS.US,5,20250818,211500,1.72,1.72,1.72,1.72,100,0
CRIS.US,5,20250818,212000,1.7343,1.7386,1.72,1.7386,1430,0
CRIS.US,5,20250818,212500,1.72,1.75,1.72,1.75,3880,0
CRIS.US,5,20250818,213000,1.75,1.75,1.75,1.75,800,0
CRIS.US,5,20250818,213500,1.75,1.75,1.71,1.72,3442,0
CRIS.US,5,20250818,215000,1.73,1.73,1.73,1.73,154,0
CRIS.US,5,20250818,215500,1.7474,1.7474,1.73,1.73,2622,0
CRIS.US,5,20250819,153000,1.74,1.74,1.71,1.71,764,0
CRIS.US,5,20250819,153500,1.71,1.71,1.71,1.71,300,0
CRIS.US,5,20250819,154000,1.71,1.71,1.71,1.71,360,0
CRIS.US,5,20250819,154500,1.7,1.7,1.7,1.7,270,0
CRIS.US,5,20250819,155000,1.7399,1.7399,1.7,1.7,2697,0
CRIS.US,5,20250819,155500,1.71,1.71,1.7,1.7,4243,0
CRIS.US,5,20250819,160500,1.66,1.7,1.66,1.7,650,0
CRIS.US,5,20250819,161000,1.7,1.7,1.7,1.7,120,0
CRIS.US,5,20250819,161500,1.7,1.7,1.7,1.7,270,0
CRIS.US,5,20250819,162000,1.699,1.72,1.685,1.7001,12275,0
CRIS.US,5,20250819,163000,1.69,1.69,1.68,1.68,700,0
CRIS.US,5,20250819,163500,1.675,1.6832,1.6702,1.6832,720,0
CRIS.US,5,20250819,164000,1.6928,1.6928,1.6928,1.6928,126,0
CRIS.US,5,20250819,164500,1.66,1.66,1.66,1.66,820,0
CRIS.US,5,20250819,165000,1.65,1.652,1.65,1.652,940,0
CRIS.US,5,20250819,165500,1.65,1.66,1.65,1.66,2020,0
CRIS.US,5,20250819,170000,1.66,1.6895,1.6592,1.6895,9320,0
CRIS.US,5,20250819,171000,1.66,1.66,1.66,1.66,720,0
CRIS.US,5,20250819,172000,1.685,1.6988,1.66,1.67,6973,0
CRIS.US,5,20250819,172500,1.66,1.66,1.66,1.66,720,0
CRIS.US,5,20250819,173500,1.67,1.67,1.67,1.67,200,0
CRIS.US,5,20250819,174000,1.66,1.66,1.66,1.66,720,0
CRIS.US,5,20250819,174500,1.66,1.68,1.65,1.6501,11220,0
CRIS.US,5,20250819,175000,1.65,1.65,1.65,1.65,720,0
CRIS.US,5,20250819,175500,1.6799,1.6799,1.671,1.671,4000,0
CRIS.US,5,20250819,180500,1.66,1.66,1.65,1.65,3882,0
CRIS.US,5,20250819,183500,1.6548,1.6548,1.6548,1.6548,120,0
CRIS.US,5,20250819,184000,1.64,1.64,1.64,1.64,100,0
CRIS.US,5,20250819,185500,1.6465,1.6465,1.6465,1.6465,351,0
CRIS.US,5,20250819,190500,1.63,1.63,1.62,1.62,1911,0
CRIS.US,5,20250819,193000,1.6399,1.6399,1.6399,1.6399,550,0
CRIS.US,5,20250819,193500,1.63,1.63,1.63,1.63,100,0
CRIS.US,5,20250819,194500,1.6316,1.6316,1.6316,1.6316,100,0
CRIS.US,5,20250819,195000,1.63,1.64,1.63,1.64,200,0
CRIS.US,5,20250819,195500,1.62,1.62,1.62,1.62,100,0
CRIS.US,5,20250819,202000,1.62,1.62,1.62,1.62,100,0
CRIS.US,5,20250819,204500,1.62,1.62,1.61,1.61,1082,0
CRIS.US,5,20250819,210500,1.63,1.63,1.61,1.61,600,0
CRIS.US,5,20250819,211000,1.64,1.64,1.64,1.64,123,0
CRIS.US,5,20250819,211500,1.61,1.61,1.6,1.6,400,0
CRIS.US,5,20250819,213500,1.624,1.624,1.624,1.624,200,0
CRIS.US,5,20250819,214500,1.63,1.63,1.615,1.615,1733,0
CRIS.US,5,20250819,215000,1.63,1.63,1.63,1.63,100,0
CRIS.US,5,20250819,215500,1.6338,1.6338,1.6,1.6,906,0
CRIS.US,5,20250820,153000,1.63,1.68,1.63,1.68,3646,0
CRIS.US,5,20250820,154500,1.63,1.63,1.63,1.63,220,0
CRIS.US,5,20250820,155000,1.62,1.62,1.6,1.6,5928,0
CRIS.US,5,20250820,155500,1.57,1.57,1.57,1.57,240,0
CRIS.US,5,20250820,160000,1.57,1.58,1.57,1.58,340,0
CRIS.US,5,20250820,160500,1.58,1.5857,1.58,1.5857,3560,0
CRIS.US,5,20250820,161000,1.58,1.58,1.56,1.56,880,0
CRIS.US,5,20250820,161500,1.6391,1.6391,1.599,1.599,654,0
CRIS.US,5,20250820,162000,1.56,1.56,1.56,1.56,520,0
CRIS.US,5,20250820,162500,1.56,1.56,1.56,1.56,150,0
CRIS.US,5,20250820,163000,1.55,1.55,1.55,1.55,4849,0
CRIS.US,5,20250820,164000,1.55,1.55,1.55,1.55,2776,0
CRIS.US,5,20250820,165000,1.55,1.5794,1.54,1.5594,15483,0
CRIS.US,5,20250820,165500,1.55,1.55,1.535,1.535,583,0
CRIS.US,5,20250820,171000,1.555,1.555,1.555,1.555,2900,0
CRIS.US,5,20250820,171500,1.54,1.54,1.54,1.54,1500,0
CRIS.US,5,20250820,172000,1.55,1.55,1.55,1.55,840,0
CRIS.US,5,20250820,173000,1.55,1.58,1.55,1.58,4021,0
CRIS.US,5,20250820,173500,1.58,1.58,1.58,1.58,900,0
CRIS.US,5,20250820,174500,1.58,1.58,1.58,1.58,840,0
CRIS.US,5,20250820,175500,1.58,1.58,1.58,1.58,900,0
CRIS.US,5,20250820,181000,1.58,1.6236,1.58,1.6236,1300,0
CRIS.US,5,20250820,181500,1.6196,1.6196,1.6196,1.6196,617,0
CRIS.US,5,20250820,182000,1.58,1.58,1.58,1.58,840,0
CRIS.US,5,20250820,183000,1.58,1.6095,1.58,1.6095,7775,0
CRIS.US,5,20250820,184000,1.57,1.57,1.56,1.56,1040,0
CRIS.US,5,20250820,184500,1.5603,1.575,1.5603,1.575,400,0
CRIS.US,5,20250820,185000,1.56,1.56,1.56,1.56,880,0
CRIS.US,5,20250820,190000,1.575,1.575,1.575,1.575,508,0
CRIS.US,5,20250820,190500,1.57,1.57,1.57,1.57,574,0
CRIS.US,5,20250820,191000,1.56,1.56,1.56,1.56,840,0
CRIS.US,5,20250820,192000,1.56,1.56,1.56,1.56,200,0
CRIS.US,5,20250820,192500,1.56,1.56,1.56,1.56,778,0
CRIS.US,5,20250820,193000,1.575,1.575,1.575,1.575,1326,0
CRIS.US,5,20250820,193500,1.56,1.56,1.56,1.56,748,0
CRIS.US,5,20250820,194500,1.55,1.55,1.55,1.55,880,0
CRIS.US,5,20250820,201000,1.5545,1.559,1.5545,1.559,250,0
CRIS.US,5,20250820,201500,1.55,1.55,1.55,1.55,100,0
CRIS.US,5,20250820,205000,1.55,1.55,1.55,1.55,1500,0
CRIS.US,5,20250820,205500,1.55,1.55,1.55,1.55,200,0
CRIS.US,5,20250820,210000,1.55,1.5608,1.55,1.5608,4060,0
CRIS.US,5,20250820,210500,1.55,1.56,1.55,1.56,500,0
CRIS.US,5,20250820,211000,1.56,1.56,1.56,1.56,300,0
CRIS.US,5,20250820,211500,1.5699,1.5699,1.56,1.565,1985,0
CRIS.US,5,20250820,212000,1.565,1.58,1.565,1.58,1120,0
CRIS.US,5,20250820,212500,1.57,1.57,1.57,1.57,880,0
CRIS.US,5,20250820,213000,1.585,1.585,1.585,1.585,100,0
CRIS.US,5,20250820,213500,1.585,1.585,1.55,1.565,2826,0
CRIS.US,5,20250820,214000,1.565,1.565,1.565,1.565,360,0
CRIS.US,5,20250820,214500,1.57,1.57,1.56,1.56,1230,0
CRIS.US,5,20250820,215500,1.57,1.57,1.55,1.55,2682,0
CRIS.US,5,20250821,153000,1.55,1.55,1.52,1.52,897,0
CRIS.US,5,20250821,153500,1.53,1.57,1.52,1.52,450,0
CRIS.US,5,20250821,154000,1.53,1.55,1.52,1.53,1002,0
CRIS.US,5,20250821,154500,1.53,1.53,1.53,1.53,400,0
CRIS.US,5,20250821,155000,1.53,1.555,1.53,1.555,2600,0
CRIS.US,5,20250821,155500,1.53,1.53,1.53,1.53,500,0
CRIS.US,5,20250821,160000,1.56,1.56,1.54,1.54,800,0
CRIS.US,5,20250821,160500,1.57,1.57,1.54,1.54,1931,0
CRIS.US,5,20250821,161000,1.565,1.565,1.565,1.565,2000,0
CRIS.US,5,20250821,161500,1.55,1.55,1.54,1.54,400,0
CRIS.US,5,20250821,162000,1.53,1.53,1.53,1.53,1700,0
CRIS.US,5,20250821,163000,1.53,1.53,1.52,1.52,800,0
CRIS.US,5,20250821,163500,1.53,1.53,1.53,1.53,1368,0
CRIS.US,5,20250821,164500,1.5383,1.5383,1.5383,1.5383,670,0
CRIS.US,5,20250821,165000,1.52,1.52,1.52,1.52,1414,0
CRIS.US,5,20250821,165500,1.51,1.51,1.51,1.51,1300,0
CRIS.US,5,20250821,171000,1.555,1.56,1.54,1.55,2056,0
CRIS.US,5,20250821,172000,1.54,1.54,1.54,1.54,2144,0
CRIS.US,5,20250821,172500,1.5385,1.5385,1.51,1.51,2535,0
CRIS.US,5,20250821,173000,1.51,1.55,1.51,1.55,7097,0
CRIS.US,5,20250821,174000,1.51,1.51,1.51,1.51,1200,0
CRIS.US,5,20250821,175000,1.5235,1.5235,1.51,1.52,1847,0
CRIS.US,5,20250821,180000,1.5,1.5,1.5,1.5,1300,0
CRIS.US,5,20250821,181000,1.5,1.5,1.5,1.5,1300,0
CRIS.US,5,20250821,182000,1.51,1.51,1.51,1.51,1300,0
CRIS.US,5,20250821,183000,1.52,1.52,1.51,1.51,900,0
CRIS.US,5,20250821,184000,1.51,1.52,1.51,1.52,3301,0
CRIS.US,5,20250821,185000,1.51,1.51,1.51,1.51,1300,0
CRIS.US,5,20250821,190000,1.51,1.51,1.51,1.51,1105,0
CRIS.US,5,20250821,191000,1.51,1.51,1.51,1.51,1300,0
CRIS.US,5,20250821,191500,1.53,1.53,1.53,1.53,115,0
CRIS.US,5,20250821,192000,1.51,1.51,1.51,1.51,400,0
CRIS.US,5,20250821,192500,1.51,1.51,1.51,1.51,1400,0
CRIS.US,5,20250821,193500,1.51,1.51,1.51,1.51,533,0
CRIS.US,5,20250821,194000,1.5,1.5,1.5,1.5,1278,0
CRIS.US,5,20250821,195000,1.5349,1.5349,1.51,1.51,1500,0
CRIS.US,5,20250821,195500,1.53,1.53,1.53,1.53,160,0
CRIS.US,5,20250821,200000,1.51,1.51,1.51,1.51,1300,0
CRIS.US,5,20250821,200500,1.51,1.51,1.51,1.51,200,0
CRIS.US,5,20250821,201500,1.5,1.5,1.5,1.5,1300,0
CRIS.US,5,20250821,202000,1.51,1.51,1.51,1.51,500,0
CRIS.US,5,20250821,203000,1.51,1.51,1.5,1.5,1500,0
CRIS.US,5,20250821,203500,1.52,1.5285,1.52,1.5285,450,0
CRIS.US,5,20250821,204500,1.5,1.5,1.5,1.5,1300,0
CRIS.US,5,20250821,205500,1.5,1.515,1.5,1.515,2500,0
CRIS.US,5,20250821,210000,1.5,1.51,1.5,1.51,384,0
CRIS.US,5,20250821,210500,1.5,1.52,1.5,1.52,9000,0
CRIS.US,5,20250821,211000,1.5103,1.5103,1.5103,1.5103,100,0
CRIS.US,5,20250821,211500,1.5,1.5,1.5,1.5,1300,0
CRIS.US,5,20250821,212000,1.5,1.52,1.471,1.52,8139,0
CRIS.US,5,20250821,213000,1.5399,1.5399,1.5399,1.5399,100,0
CRIS.US,5,20250821,213500,1.5399,1.5399,1.5399,1.5399,2000,0
CRIS.US,5,20250821,214500,1.53,1.54,1.53,1.54,1206,0
CRIS.US,5,20250821,215000,1.535,1.56,1.535,1.55,3642,0
CRIS.US,5,20250821,215500,1.55,1.57,1.54,1.56,3341,0
CRIS.US,5,20250822,153000,1.59,1.6195,1.59,1.6195,1183,0
CRIS.US,5,20250822,153500,1.62,1.62,1.61,1.61,3305,0
CRIS.US,5,20250822,154000,1.61,1.6251,1.61,1.6251,800,0
CRIS.US,5,20250822,154500,1.6291,1.6291,1.5986,1.5986,6500,0
CRIS.US,5,20250822,155000,1.6199,1.64,1.619,1.64,10700,0
CRIS.US,5,20250822,161000,1.68,1.68,1.68,1.68,5000,0
CRIS.US,5,20250822,161500,1.67,1.71,1.67,1.7032,7916,0
CRIS.US,5,20250822,162000,1.68,1.73,1.68,1.73,7168,0
CRIS.US,5,20250822,162500,1.7499,1.7499,1.6702,1.6802,10828,0
CRIS.US,5,20250822,163500,1.74,1.74,1.74,1.74,2320,0
CRIS.US,5,20250822,164500,1.7333,1.7333,1.7196,1.7196,1086,0
CRIS.US,5,20250822,165000,1.7243,1.7799,1.7243,1.755,10187,0
CRIS.US,5,20250822,165500,1.7723,1.7723,1.7723,1.7723,172,0
CRIS.US,5,20250822,170500,1.755,1.775,1.74,1.775,4905,0
CRIS.US,5,20250822,171000,1.7569,1.7569,1.7569,1.7569,200,0
CRIS.US,5,20250822,172500,1.72,1.72,1.72,1.72,3000,0
CRIS.US,5,20250822,173000,1.7263,1.7263,1.7263,1.7263,200,0
CRIS.US,5,20250822,174000,1.73,1.7406,1.73,1.7406,450,0
CRIS.US,5,20250822,174500,1.75,1.7752,1.735,1.755,10457,0
CRIS.US,5,20250822,175000,1.7504,1.7504,1.7374,1.7374,836,0
CRIS.US,5,20250822,180000,1.76,1.76,1.75,1.76,786,0
CRIS.US,5,20250822,180500,1.76,1.76,1.76,1.76,452,0
CRIS.US,5,20250822,181000,1.7425,1.7425,1.7425,1.7425,2000,0
CRIS.US,5,20250822,182000,1.765,1.77,1.75,1.77,5013,0
CRIS.US,5,20250822,182500,1.78,1.78,1.7693,1.7693,5833,0
CRIS.US,5,20250822,185500,1.765,1.765,1.765,1.765,281,0
CRIS.US,5,20250822,190000,1.77,1.78,1.73,1.74,15828,0
CRIS.US,5,20250822,190500,1.73,1.7446,1.73,1.7446,920,0
CRIS.US,5,20250822,191000,1.72,1.72,1.68,1.684,11632,0
CRIS.US,5,20250822,192500,1.7,1.705,1.66,1.705,2275,0
CRIS.US,5,20250822,194500,1.7109,1.7109,1.7109,1.7109,1000,0
CRIS.US,5,20250822,201000,1.72,1.73,1.72,1.73,823,0
CRIS.US,5,20250822,201500,1.73,1.74,1.73,1.73,2840,0
CRIS.US,5,20250822,203500,1.73,1.73,1.7,1.7211,1884,0
CRIS.US,5,20250822,204500,1.725,1.725,1.725,1.725,1000,0
CRIS.US,5,20250822,205000,1.72,1.72,1.72,1.72,100,0
CRIS.US,5,20250822,210000,1.7344,1.7344,1.7344,1.7344,1404,0
CRIS.US,5,20250822,210500,1.73,1.73,1.72,1.73,1160,0
CRIS.US,5,20250822,211000,1.74,1.77,1.73,1.765,16912,0
CRIS.US,5,20250822,211500,1.765,1.78,1.75,1.75,10152,0
CRIS.US,5,20250822,212500,1.73,1.73,1.73,1.73,100,0
CRIS.US,5,20250822,213000,1.74,1.74,1.74,1.74,313,0
CRIS.US,5,20250822,214000,1.75,1.75,1.73,1.7474,1109,0
CRIS.US,5,20250822,214500,1.7639,1.7639,1.7238,1.7539,663,0
CRIS.US,5,20250822,215000,1.73,1.7533,1.72,1.72,1153,0
CRIS.US,5,20250822,215500,1.72,1.73,1.68,1.705,11244,0
CRIS.US,5,20250825,153000,1.69,1.69,1.69,1.69,351,0
CRIS.US,5,20250825,154000,1.7591,1.7591,1.72,1.72,260,0
CRIS.US,5,20250825,154500,1.7,1.7,1.7,1.7,375,0
CRIS.US,5,20250825,155000,1.7,1.7,1.7,1.7,260,0
CRIS.US,5,20250825,155500,1.73,1.73,1.715,1.73,3000,0
CRIS.US,5,20250825,160500,1.72,1.72,1.72,1.72,1064,0
CRIS.US,5,20250825,161000,1.72,1.72,1.7188,1.7188,4000,0
CRIS.US,5,20250825,162000,1.755,1.755,1.755,1.755,100,0
CRIS.US,5,20250825,162500,1.75,1.75,1.75,1.75,400,0
CRIS.US,5,20250825,163000,1.73,1.73,1.73,1.73,300,0
CRIS.US,5,20250825,163500,1.7477,1.7477,1.7477,1.7477,1000,0
CRIS.US,5,20250825,164000,1.735,1.735,1.7,1.715,3503,0
CRIS.US,5,20250825,164500,1.725,1.725,1.725,1.725,158,0
CRIS.US,5,20250825,171000,1.72,1.72,1.72,1.72,250,0
CRIS.US,5,20250825,171500,1.71,1.72,1.71,1.72,2100,0
CRIS.US,5,20250825,172000,1.7024,1.72,1.7024,1.72,1225,0
CRIS.US,5,20250825,173000,1.72,1.72,1.72,1.72,125,0
CRIS.US,5,20250825,174000,1.7,1.7,1.7,1.7,198,0
CRIS.US,5,20250825,175500,1.71,1.71,1.71,1.71,100,0
CRIS.US,5,20250825,184500,1.73,1.73,1.715,1.7297,8000,0
CRIS.US,5,20250825,185500,1.715,1.715,1.7039,1.7039,3206,0
CRIS.US,5,20250825,190000,1.7003,1.7003,1.7003,1.7003,295,0
CRIS.US,5,20250825,190500,1.7,1.7,1.7,1.7,100,0
CRIS.US,5,20250825,191000,1.71,1.71,1.71,1.71,1531,0
CRIS.US,5,20250825,195000,1.7303,1.7303,1.7303,1.7303,350,0
CRIS.US,5,20250825,200000,1.7101,1.73,1.7101,1.7262,324,0
CRIS.US,5,20250825,200500,1.725,1.725,1.71,1.715,454,0
CRIS.US,5,20250825,201500,1.7,1.7096,1.675,1.7096,3430,0
CRIS.US,5,20250825,202000,1.7066,1.7066,1.7066,1.7066,243,0
CRIS.US,5,20250825,203500,1.7042,1.7042,1.6801,1.7,1001,0
CRIS.US,5,20250825,210500,1.695,1.695,1.695,1.695,100,0
CRIS.US,5,20250825,212000,1.68,1.68,1.68,1.68,200,0
CRIS.US,5,20250825,213000,1.69,1.71,1.69,1.71,363,0
CRIS.US,5,20250825,213500,1.67,1.67,1.67,1.67,200,0
CRIS.US,5,20250825,214500,1.6724,1.6724,1.6724,1.6724,1000,0
CRIS.US,5,20250825,215500,1.67,1.67,1.65,1.65,1483,0
CRIS.US,5,20250826,153000,1.68,1.68,1.68,1.68,308,0
CRIS.US,5,20250826,160000,1.74,1.74,1.74,1.74,144,0
CRIS.US,5,20250826,160500,1.695,1.73,1.6602,1.6602,1791,0
CRIS.US,5,20250826,161000,1.7032,1.705,1.7032,1.705,400,0
CRIS.US,5,20250826,162500,1.69,1.69,1.65,1.65,5183,0
CRIS.US,5,20250826,164000,1.66,1.66,1.66,1.66,200,0
CRIS.US,5,20250826,171500,1.66,1.66,1.65,1.65,200,0
CRIS.US,5,20250826,173500,1.6594,1.6594,1.6594,1.6594,220,0
CRIS.US,5,20250826,174000,1.7,1.7,1.7,1.7,108,0
CRIS.US,5,20250826,174500,1.65,1.65,1.65,1.65,100,0
CRIS.US,5,20250826,175000,1.6749,1.6749,1.65,1.65,2097,0
CRIS.US,5,20250826,180500,1.66,1.66,1.66,1.66,118,0
CRIS.US,5,20250826,182500,1.672,1.672,1.672,1.672,250,0
CRIS.US,5,20250826,184500,1.66,1.6888,1.66,1.6888,698,0
CRIS.US,5,20250826,185000,1.675,1.675,1.675,1.675,300,0
CRIS.US,5,20250826,191000,1.67,1.67,1.67,1.67,100,0
CRIS.US,5,20250826,191500,1.66,1.6799,1.64,1.64,3100,0
CRIS.US,5,20250826,192000,1.68,1.68,1.68,1.68,2000,0
CRIS.US,5,20250826,193000,1.68,1.68,1.68,1.68,956,0
CRIS.US,5,20250826,195000,1.685,1.685,1.685,1.685,100,0
CRIS.US,5,20250826,200500,1.6701,1.6701,1.6701,1.6701,150,0
CRIS.US,5,20250826,202000,1.6712,1.6712,1.6712,1.6712,100,0
CRIS.US,5,20250826,210000,1.67,1.67,1.67,1.67,100,0
CRIS.US,5,20250826,211000,1.6816,1.6816,1.6816,1.6816,300,0
CRIS.US,5,20250826,211500,1.685,1.685,1.67,1.67,428,0
CRIS.US,5,20250826,213000,1.68,1.68,1.67,1.67,4399,0
CRIS.US,5,20250826,214000,1.67,1.67,1.67,1.67,206,0
CRIS.US,5,20250826,214500,1.68,1.68,1.68,1.68,100,0
CRIS.US,5,20250826,215500,1.68,1.68,1.67,1.67,666,0
CRIS.US,5,20250827,153000,1.67,1.7399,1.67,1.7399,2181,0
CRIS.US,5,20250827,155500,1.67,1.67,1.63,1.6689,6930,0
CRIS.US,5,20250827,161000,1.7346,1.7346,1.7346,1.7346,500,0
CRIS.US,5,20250827,161500,1.66,1.67,1.64,1.64,5562,0
CRIS.US,5,20250827,163000,1.66,1.66,1.66,1.66,1372,0
CRIS.US,5,20250827,163500,1.66,1.66,1.66,1.66,2040,0
CRIS.US,5,20250827,165000,1.67,1.67,1.65,1.65,600,0
CRIS.US,5,20250827,170500,1.695,1.695,1.695,1.695,100,0
CRIS.US,5,20250827,171000,1.7009,1.7227,1.7,1.7227,500,0
CRIS.US,5,20250827,172500,1.68,1.68,1.66,1.66,4050,0
CRIS.US,5,20250827,175000,1.68,1.68,1.68,1.68,1590,0
CRIS.US,5,20250827,175500,1.675,1.675,1.675,1.675,200,0
CRIS.US,5,20250827,180000,1.6958,1.6958,1.6958,1.6958,100,0
CRIS.US,5,20250827,180500,1.6958,1.6958,1.66,1.67,3937,0
CRIS.US,5,20250827,182000,1.6741,1.6741,1.6741,1.6741,442,0
CRIS.US,5,20250827,184000,1.67,1.6722,1.66,1.6619,8999,0
CRIS.US,5,20250827,185000,1.6701,1.6701,1.6701,1.6701,405,0
CRIS.US,5,20250827,190000,1.68,1.68,1.67,1.67,450,0
CRIS.US,5,20250827,193000,1.7075,1.7075,1.7075,1.7075,300,0
CRIS.US,5,20250827,194000,1.69,1.69,1.68,1.68,650,0
CRIS.US,5,20250827,195000,1.6946,1.6946,1.6946,1.6946,200,0
CRIS.US,5,20250827,201000,1.68,1.68,1.67,1.67,2400,0
CRIS.US,5,20250827,202500,1.685,1.685,1.685,1.685,200,0
CRIS.US,5,20250827,204500,1.67,1.67,1.67,1.67,2500,0
CRIS.US,5,20250827,205500,1.6868,1.6868,1.6868,1.6868,200,0
CRIS.US,5,20250827,211000,1.67,1.6712,1.66,1.66,7747,0
CRIS.US,5,20250827,211500,1.64,1.675,1.64,1.675,38300,0
CRIS.US,5,20250827,212500,1.65,1.65,1.65,1.65,234,0
CRIS.US,5,20250827,213500,1.7,1.7,1.64,1.64,2901,0
CRIS.US,5,20250827,214000,1.67,1.67,1.65,1.65,1886,0
CRIS.US,5,20250827,215000,1.66,1.68,1.63,1.68,4254,0
CRIS.US,5,20250827,215500,1.66,1.66,1.63,1.63,2331,0
CRIS.US,5,20250828,153000,1.67,1.67,1.62,1.62,7574,0
CRIS.US,5,20250828,155000,1.6217,1.6217,1.6217,1.6217,150,0
CRIS.US,5,20250828,155500,1.62,1.6315,1.62,1.62,1888,0
CRIS.US,5,20250828,161000,1.61,1.61,1.61,1.61,100,0
CRIS.US,5,20250828,163000,1.62,1.62,1.62,1.62,1400,0
CRIS.US,5,20250828,163500,1.6314,1.6314,1.6314,1.6314,200,0
CRIS.US,5,20250828,164500,1.6399,1.6399,1.6399,1.6399,500,0
CRIS.US,5,20250828,172000,1.6101,1.6101,1.6101,1.6101,500,0
CRIS.US,5,20250828,173000,1.62,1.62,1.62,1.62,500,0
CRIS.US,5,20250828,174500,1.6486,1.6486,1.6486,1.6486,604,0
CRIS.US,5,20250828,181500,1.6486,1.6486,1.6486,1.6486,200,0
CRIS.US,5,20250828,191000,1.63,1.63,1.63,1.63,100,0
CRIS.US,5,20250828,191500,1.64,1.64,1.64,1.64,121,0
CRIS.US,5,20250828,192000,1.6392,1.6392,1.6392,1.6392,500,0
CRIS.US,5,20250828,195000,1.6347,1.6347,1.6347,1.6347,3000,0
CRIS.US,5,20250828,195500,1.635,1.635,1.6306,1.6306,900,0
CRIS.US,5,20250828,200500,1.635,1.635,1.635,1.635,412,0
CRIS.US,5,20250828,201000,1.635,1.639,1.635,1.639,400,0
CRIS.US,5,20250828,202000,1.635,1.635,1.635,1.635,200,0
CRIS.US,5,20250828,204000,1.635,1.64,1.635,1.635,1200,0
CRIS.US,5,20250828,205000,1.64,1.64,1.64,1.64,1804,0
CRIS.US,5,20250828,210000,1.6403,1.6403,1.6403,1.6403,1000,0
CRIS.US,5,20250828,210500,1.65,1.66,1.65,1.66,1100,0
CRIS.US,5,20250828,212000,1.66,1.66,1.65,1.65,800,0
CRIS.US,5,20250828,212500,1.6994,1.6994,1.6994,1.6994,250,0
CRIS.US,5,20250828,213000,1.67,1.67,1.67,1.67,170,0
CRIS.US,5,20250828,214000,1.7,1.7,1.6856,1.6856,6140,0
CRIS.US,5,20250828,214500,1.67,1.67,1.65,1.66,3444,0
CRIS.US,5,20250828,215000,1.665,1.665,1.665,1.665,100,0
CRIS.US,5,20250828,215500,1.66,1.67,1.66,1.67,986,0
CRIS.US,5,20250829,153000,1.66,1.66,1.66,1.66,375,0
CRIS.US,5,20250829,154000,1.6737,1.6737,1.6737,1.6737,100,0
CRIS.US,5,20250829,154500,1.6783,1.6783,1.6783,1.6783,179,0
CRIS.US,5,20250829,155000,1.6625,1.6625,1.6625,1.6625,100,0
CRIS.US,5,20250829,155500,1.673,1.673,1.673,1.673,100,0
CRIS.US,5,20250829,163000,1.6787,1.6787,1.667,1.667,1543,0
CRIS.US,5,20250829,164000,1.65,1.66,1.65,1.66,200,0
CRIS.US,5,20250829,165000,1.65,1.65,1.65,1.65,250,0
CRIS.US,5,20250829,174000,1.658,1.6593,1.658,1.6593,1089,0
CRIS.US,5,20250829,174500,1.66,1.66,1.66,1.66,1000,0
CRIS.US,5,20250829,181000,1.66,1.66,1.66,1.66,450,0
CRIS.US,5,20250829,181500,1.68,1.6996,1.68,1.6996,1000,0
CRIS.US,5,20250829,184000,1.69,1.69,1.69,1.69,2500,0
CRIS.US,5,20250829,185500,1.69,1.6922,1.667,1.667,1542,0
CRIS.US,5,20250829,190000,1.695,1.695,1.695,1.695,100,0
CRIS.US,5,20250829,192500,1.6968,1.6968,1.6968,1.6968,1000,0
CRIS.US,5,20250829,193000,1.695,1.695,1.695,1.695,300,0
CRIS.US,5,20250829,195000,1.7071,1.7071,1.7071,1.7071,300,0
CRIS.US,5,20250829,195500,1.695,1.695,1.695,1.695,171,0
CRIS.US,5,20250829,202500,1.66,1.66,1.66,1.66,100,0
CRIS.US,5,20250829,203000,1.66,1.66,1.66,1.66,390,0
CRIS.US,5,20250829,205500,1.665,1.665,1.665,1.665,989,0
CRIS.US,5,20250829,212500,1.68,1.68,1.66,1.66,508,0
CRIS.US,5,20250829,214000,1.68,1.68,1.68,1.68,100,0
CRIS.US,5,20250829,215500,1.67,1.67,1.67,1.67,121,0
CRIS.US,5,20250902,153000,1.69,1.69,1.69,1.69,820,0
CRIS.US,5,20250902,153500,1.74,1.74,1.69,1.69,430,0
CRIS.US,5,20250902,155000,1.6891,1.6891,1.6891,1.6891,400,0
CRIS.US,5,20250902,155500,1.7387,1.7387,1.7387,1.7387,200,0
CRIS.US,5,20250902,160000,1.67,1.67,1.67,1.67,1533,0
CRIS.US,5,20250902,160500,1.7492,1.7492,1.7492,1.7492,114,0
CRIS.US,5,20250902,161000,1.732009,1.732009,1.732009,1.732009,500,0
CRIS.US,5,20250902,161500,1.6807,1.6807,1.6807,1.6807,114,0
CRIS.US,5,20250902,164500,1.69,1.69,1.69,1.69,100,0
CRIS.US,5,20250902,165500,1.69,1.69,1.69,1.69,227,0
CRIS.US,5,20250902,171500,1.683,1.683,1.683,1.683,227,0
CRIS.US,5,20250902,172000,1.695,1.695,1.695,1.695,2500,0
CRIS.US,5,20250902,174000,1.67,1.67,1.67,1.67,142,0
CRIS.US,5,20250902,175000,1.69,1.7041,1.69,1.7041,200,0
CRIS.US,5,20250902,175500,1.68,1.68,1.68,1.68,120,0
CRIS.US,5,20250902,180500,1.69,1.69,1.69,1.69,200,0
CRIS.US,5,20250902,182500,1.67,1.67,1.67,1.67,200,0
CRIS.US,5,20250902,183000,1.6899,1.6899,1.6899,1.6899,100,0
CRIS.US,5,20250902,185000,1.6754,1.6754,1.6754,1.6754,100,0
CRIS.US,5,20250902,185500,1.6814,1.69,1.6814,1.69,3058,0
CRIS.US,5,20250902,190500,1.6897,1.6897,1.6897,1.6897,3500,0
CRIS.US,5,20250902,193000,1.68,1.68,1.68,1.68,500,0
CRIS.US,5,20250902,194500,1.675,1.675,1.675,1.675,300,0
CRIS.US,5,20250902,202500,1.67,1.67,1.67,1.67,100,0
CRIS.US,5,20250902,212000,1.67,1.67,1.6289,1.6289,13517,0
CRIS.US,5,20250902,213000,1.652,1.652,1.652,1.652,274,0
CRIS.US,5,20250902,213500,1.63,1.63,1.63,1.63,100,0
CRIS.US,5,20250902,214500,1.65,1.65,1.65,1.65,200,0
CRIS.US,5,20250902,215000,1.64,1.64,1.64,1.64,175,0
CRIS.US,5,20250902,215500,1.6404,1.643,1.64,1.64,1695,0
CRIS.US,5,20250903,153000,1.65,1.65,1.65,1.65,270,0
CRIS.US,5,20250903,154000,1.6567,1.6567,1.6567,1.6567,124,0
CRIS.US,5,20250903,154500,1.75,1.75,1.75,1.75,280,0
CRIS.US,5,20250903,155000,1.695,1.695,1.695,1.695,500,0
CRIS.US,5,20250903,155500,1.7178,1.7178,1.7178,1.7178,125,0
CRIS.US,5,20250903,161500,1.7346,1.7346,1.7346,1.7346,165,0
CRIS.US,5,20250903,162500,1.7109,1.7109,1.7109,1.7109,250,0
CRIS.US,5,20250903,163500,1.674,1.674,1.674,1.674,649,0
CRIS.US,5,20250903,164000,1.7195,1.7195,1.7195,1.7195,990,0
CRIS.US,5,20250903,164500,1.7154,1.7154,1.7154,1.7154,225,0
CRIS.US,5,20250903,171000,1.7199,1.7199,1.69,1.69,1211,0
CRIS.US,5,20250903,174000,1.68,1.7018,1.68,1.7018,2314,0
CRIS.US,5,20250903,175000,1.6984,1.6984,1.6984,1.6984,1400,0
CRIS.US,5,20250903,175500,1.69,1.69,1.69,1.69,413,0
CRIS.US,5,20250903,180000,1.6937,1.6937,1.6937,1.6937,100,0
CRIS.US,5,20250903,180500,1.695,1.71,1.695,1.7,1500,0
CRIS.US,5,20250903,182000,1.7099,1.7099,1.7099,1.7099,3100,0
CRIS.US,5,20250903,182500,1.695,1.73,1.695,1.72,6531,0
CRIS.US,5,20250903,183000,1.72,1.72,1.72,1.72,500,0
CRIS.US,5,20250903,184000,1.71,1.71,1.67,1.67,9901,0
CRIS.US,5,20250903,185000,1.7,1.7,1.7,1.7,1724,0
CRIS.US,5,20250903,190000,1.71,1.71,1.699,1.71,2780,0
CRIS.US,5,20250903,191000,1.72,1.72,1.72,1.72,3400,0
CRIS.US,5,20250903,192000,1.7061,1.72,1.7061,1.72,2500,0
CRIS.US,5,20250903,192500,1.72,1.72,1.72,1.72,1940,0
CRIS.US,5,20250903,195000,1.7025,1.72,1.7025,1.72,8864,0
CRIS.US,5,20250903,200000,1.71,1.71,1.71,1.71,200,0
CRIS.US,5,20250903,203500,1.72,1.72,1.72,1.72,263,0
CRIS.US,5,20250903,205000,1.72,1.72,1.72,1.72,600,0
CRIS.US,5,20250903,210500,1.7132,1.7132,1.7132,1.7132,590,0
CRIS.US,5,20250903,214000,1.728,1.728,1.728,1.728,300,0
CRIS.US,5,20250903,214500,1.7243,1.7278,1.7,1.7278,2200,0
CRIS.US,5,20250903,215000,1.72,1.7278,1.72,1.72,560,0
CRIS.US,5,20250903,215500,1.73,1.73,1.73,1.73,200,0
CRIS.US,5,20250904,153000,1.73,1.7596,1.73,1.7596,1226,0
CRIS.US,5,20250904,153500,1.74,1.77,1.74,1.77,1312,0
CRIS.US,5,20250904,154000,1.7798,1.83,1.7798,1.83,16119,0
CRIS.US,5,20250904,154500,1.82,1.95,1.7906,1.905,26224,0
CRIS.US,5,20250904,155000,1.9,1.9263,1.88,1.9263,2485,0
CRIS.US,5,20250904,155500,1.88,1.88,1.88,1.88,281,0
CRIS.US,5,20250904,160000,1.9262,1.93,1.9022,1.915,2028,0
CRIS.US,5,20250904,160500,1.91,1.94,1.905,1.91,10685,0
CRIS.US,5,20250904,161000,1.9042,1.9295,1.89,1.903,4210,0
CRIS.US,5,20250904,161500,1.905,1.91,1.8805,1.8805,460,0
CRIS.US,5,20250904,163000,1.8905,1.8905,1.8901,1.8901,1234,0
CRIS.US,5,20250904,163500,1.9124,1.9124,1.9124,1.9124,157,0
CRIS.US,5,20250904,164000,1.91,1.91,1.9,1.91,1601,0
CRIS.US,5,20250904,164500,1.9,1.9,1.9,1.9,620,0
CRIS.US,5,20250904,165000,1.91,1.9399,1.91,1.91,5862,0
CRIS.US,5,20250904,165500,1.935,1.9397,1.9103,1.925,1870,0
CRIS.US,5,20250904,170000,1.93,1.939,1.9,1.9,5946,0
CRIS.US,5,20250904,171000,1.89,1.8913,1.85,1.8913,5111,0
CRIS.US,5,20250904,171500,1.86,1.875,1.86,1.86,1100,0
CRIS.US,5,20250904,172500,1.85,1.8732,1.85,1.87,2896,0
CRIS.US,5,20250904,173500,1.85,1.8501,1.825,1.825,3806,0
CRIS.US,5,20250904,174000,1.8049,1.81,1.8049,1.81,778,0
CRIS.US,5,20250904,174500,1.81,1.81,1.73,1.745,10864,0
CRIS.US,5,20250904,175000,1.75,1.75,1.75,1.75,200,0
CRIS.US,5,20250904,175500,1.755,1.765,1.755,1.765,343,0
CRIS.US,5,20250904,180000,1.765,1.765,1.765,1.765,111,0
CRIS.US,5,20250904,182000,1.77,1.79,1.77,1.79,1150,0
CRIS.US,5,20250904,183000,1.76,1.775,1.76,1.775,900,0
CRIS.US,5,20250904,183500,1.8,1.8,1.8,1.8,556,0
CRIS.US,5,20250904,185000,1.7701,1.7701,1.7701,1.7701,1970,0
CRIS.US,5,20250904,190000,1.7703,1.7703,1.77,1.7703,2100,0
CRIS.US,5,20250904,190500,1.7301,1.7301,1.7301,1.7301,100,0
CRIS.US,5,20250904,191500,1.7823,1.7898,1.76,1.7676,1100,0
CRIS.US,5,20250904,192000,1.7732,1.7732,1.7732,1.7732,100,0
CRIS.US,5,20250904,192500,1.72,1.74,1.7009,1.7009,1097,0
CRIS.US,5,20250904,193000,1.7495,1.7495,1.725,1.7495,700,0
CRIS.US,5,20250904,194000,1.7001,1.7001,1.7001,1.7001,1000,0
CRIS.US,5,20250904,194500,1.7033,1.7033,1.7033,1.7033,200,0
CRIS.US,5,20250904,195000,1.7,1.7051,1.7,1.705,5800,0
CRIS.US,5,20250904,200000,1.7005,1.7042,1.7005,1.7042,300,0
CRIS.US,5,20250904,200500,1.705,1.705,1.705,1.705,100,0
CRIS.US,5,20250904,201500,1.7061,1.7061,1.7061,1.7061,350,0
CRIS.US,5,20250904,202000,1.7042,1.7042,1.7042,1.7042,2200,0
CRIS.US,5,20250904,202500,1.7,1.7001,1.7,1.7001,1962,0
CRIS.US,5,20250904,203000,1.7,1.7,1.7,1.7,200,0
CRIS.US,5,20250904,204000,1.7,1.7,1.7,1.7,400,0
CRIS.US,5,20250904,205500,1.705,1.705,1.705,1.705,100,0
CRIS.US,5,20250904,210000,1.7,1.7,1.7,1.7,800,0
CRIS.US,5,20250904,210500,1.705,1.74,1.705,1.74,4182,0
CRIS.US,5,20250904,211000,1.71,1.71,1.67,1.68,6669,0
CRIS.US,5,20250904,211500,1.6777,1.6777,1.6777,1.6777,500,0
CRIS.US,5,20250904,212000,1.69,1.69,1.63,1.664,8510,0
CRIS.US,5,20250904,212500,1.7068,1.7068,1.7068,1.7068,2200,0
CRIS.US,5,20250904,213500,1.69,1.69,1.69,1.69,5055,0
CRIS.US,5,20250904,214000,1.7098,1.7098,1.7098,1.7098,400,0
CRIS.US,5,20250904,214500,1.69,1.705,1.68,1.695,3025,0
CRIS.US,5,20250904,215000,1.67,1.67,1.67,1.67,100,0
CRIS.US,5,20250904,215500,1.68,1.71,1.68,1.71,4618,0
CRIS.US,5,20250905,153000,1.71,1.713,1.71,1.713,687,0
CRIS.US,5,20250905,153500,1.72,1.8609,1.72,1.8609,5100,0
CRIS.US,5,20250905,154000,1.6999,1.8,1.6999,1.8,1999,0
CRIS.US,5,20250905,154500,1.7783,1.7783,1.7783,1.7783,161,0
CRIS.US,5,20250905,155500,1.73,1.74,1.73,1.73,1050,0
CRIS.US,5,20250905,160500,1.765,1.765,1.75,1.75,1005,0
CRIS.US,5,20250905,161500,1.74,1.74,1.74,1.74,127,0
CRIS.US,5,20250905,162000,1.72,1.72,1.72,1.72,200,0
CRIS.US,5,20250905,164500,1.7404,1.7404,1.72,1.72,515,0
CRIS.US,5,20250905,165500,1.725,1.725,1.725,1.725,100,0
CRIS.US,5,20250905,170000,1.732,1.732,1.732,1.732,100,0
CRIS.US,5,20250905,170500,1.74,1.74,1.74,1.74,900,0
CRIS.US,5,20250905,171000,1.71,1.72,1.69,1.69,2678,0
CRIS.US,5,20250905,172000,1.7239,1.7239,1.7239,1.7239,400,0
CRIS.US,5,20250905,174000,1.7,1.7,1.7,1.7,300,0
CRIS.US,5,20250905,174500,1.69,1.7,1.69,1.69,300,0
CRIS.US,5,20250905,180500,1.69,1.69,1.66,1.66,1895,0
CRIS.US,5,20250905,181500,1.68,1.68,1.68,1.68,100,0
CRIS.US,5,20250905,182500,1.6915,1.6915,1.6915,1.6915,180,0
CRIS.US,5,20250905,183000,1.67,1.69,1.67,1.69,200,0
CRIS.US,5,20250905,183500,1.6625,1.6625,1.66,1.66,2400,0
CRIS.US,5,20250905,184000,1.66,1.66,1.65,1.65,2578,0
CRIS.US,5,20250905,184500,1.6897,1.6897,1.6897,1.6897,1000,0
CRIS.US,5,20250905,185500,1.6762,1.6762,1.6762,1.6762,138,0
CRIS.US,5,20250905,190500,1.69,1.69,1.65,1.65,9620,0
CRIS.US,5,20250905,191000,1.66,1.66,1.65,1.65,400,0
CRIS.US,5,20250905,192000,1.6564,1.6595,1.64,1.6595,2597,0
CRIS.US,5,20250905,192500,1.65,1.66,1.65,1.66,1185,0
CRIS.US,5,20250905,193500,1.67,1.67,1.66,1.6608,3000,0
CRIS.US,5,20250905,194000,1.6608,1.67,1.6608,1.67,600,0
CRIS.US,5,20250905,195000,1.675,1.675,1.675,1.675,118,0
CRIS.US,5,20250905,200500,1.68,1.68,1.675,1.68,2100,0
CRIS.US,5,20250905,201000,1.6874,1.6891,1.6874,1.6891,418,0
CRIS.US,5,20250905,201500,1.6887,1.6887,1.6883,1.6883,400,0
CRIS.US,5,20250905,204500,1.675,1.675,1.675,1.675,275,0
CRIS.US,5,20250905,211500,1.66,1.66,1.66,1.66,1400,0
CRIS.US,5,20250905,214000,1.65,1.6847,1.64,1.6847,4770,0
CRIS.US,5,20250905,214500,1.652,1.67,1.652,1.67,500,0
CRIS.US,5,20250905,215000,1.67,1.69,1.65,1.68,4221,0
CRIS.US,5,20250905,215500,1.69,1.7,1.68,1.68,2979,0
CRIS.US,5,20250908,153000,1.71,1.71,1.71,1.71,1893,0
CRIS.US,5,20250908,153500,1.8381,1.8381,1.8381,1.8381,3000,0
CRIS.US,5,20250908,154500,1.75,1.75,1.75,1.75,321,0
CRIS.US,5,20250908,155000,1.655,1.655,1.655,1.655,100,0
CRIS.US,5,20250908,155500,1.655,1.655,1.655,1.655,100,0
CRIS.US,5,20250908,160000,1.77,1.77,1.77,1.77,282,0
CRIS.US,5,20250908,163000,1.7399,1.7399,1.7135,1.7135,210,0
CRIS.US,5,20250908,165500,1.7136,1.7136,1.7136,1.7136,1000,0
CRIS.US,5,20250908,170500,1.71,1.71,1.71,1.71,5000,0
CRIS.US,5,20250908,171000,1.73,1.7449,1.73,1.7449,200,0
CRIS.US,5,20250908,173000,1.7286,1.7286,1.7286,1.7286,150,0
CRIS.US,5,20250908,173500,1.7458,1.7557,1.735,1.7557,650,0
CRIS.US,5,20250908,174000,1.745,1.745,1.7301,1.7301,227,0
CRIS.US,5,20250908,175000,1.7303,1.7303,1.7303,1.7303,305,0
CRIS.US,5,20250908,175500,1.75,1.75,1.75,1.75,300,0
CRIS.US,5,20250908,180500,1.748,1.75,1.748,1.75,600,0
CRIS.US,5,20250908,181000,1.7697,1.7697,1.7697,1.7697,200,0
CRIS.US,5,20250908,181500,1.74,1.74,1.72,1.73,1228,0
CRIS.US,5,20250908,183000,1.73,1.73,1.73,1.73,1093,0
CRIS.US,5,20250908,191000,1.7314,1.7314,1.7314,1.7314,132,0
CRIS.US,5,20250908,192500,1.75,1.75,1.75,1.75,200,0
CRIS.US,5,20250908,193000,1.76,1.76,1.76,1.76,100,0
CRIS.US,5,20250908,194000,1.7598,1.7598,1.7598,1.7598,100,0
CRIS.US,5,20250908,194500,1.76,1.76,1.76,1.76,200,0
CRIS.US,5,20250908,195000,1.75,1.75,1.75,1.75,834,0
CRIS.US,5,20250908,195500,1.7593,1.7593,1.7593,1.7593,3495,0
CRIS.US,5,20250908,200000,1.73,1.73,1.72,1.72,1204,0
CRIS.US,5,20250908,200500,1.725,1.7299,1.725,1.7299,905,0
CRIS.US,5,20250908,201000,1.725,1.725,1.725,1.725,400,0
CRIS.US,5,20250908,201500,1.73,1.73,1.725,1.73,2937,0
CRIS.US,5,20250908,202000,1.7272,1.7272,1.7272,1.7272,200,0
CRIS.US,5,20250908,203000,1.725,1.725,1.725,1.725,100,0
CRIS.US,5,20250908,203500,1.7299,1.7299,1.7299,1.7299,200,0
CRIS.US,5,20250908,204000,1.7272,1.7272,1.7272,1.7272,180,0
CRIS.US,5,20250908,204500,1.7261,1.73,1.7261,1.73,2277,0
CRIS.US,5,20250908,205500,1.73,1.73,1.73,1.73,100,0
CRIS.US,5,20250908,211500,1.72,1.725,1.7,1.7,2009,0
CRIS.US,5,20250908,213500,1.7086,1.7086,1.7086,1.7086,180,0
CRIS.US,5,20250908,214500,1.72,1.72,1.72,1.72,100,0
CRIS.US,5,20250908,215000,1.71,1.72,1.7058,1.7058,1400,0
CRIS.US,5,20250908,215500,1.72,1.72,1.72,1.72,200,0
CRIS.US,5,20250909,153000,1.75,1.75,1.75,1.75,933,0
CRIS.US,5,20250909,153500,1.804,1.804,1.7729,1.7729,1100,0
CRIS.US,5,20250909,154000,1.8397,1.8397,1.8397,1.8397,300,0
CRIS.US,5,20250909,154500,1.8119,1.8119,1.77,1.77,400,0
CRIS.US,5,20250909,155000,1.7997,1.7997,1.71,1.73,2862,0
CRIS.US,5,20250909,155500,1.7899,1.7899,1.7899,1.7899,450,0
CRIS.US,5,20250909,163500,1.74,1.75,1.74,1.75,200,0
CRIS.US,5,20250909,165500,1.7487,1.7487,1.7487,1.7487,100,0
CRIS.US,5,20250909,170500,1.7201,1.7201,1.7201,1.7201,100,0
CRIS.US,5,20250909,172000,1.75,1.77,1.75,1.77,2019,0
CRIS.US,5,20250909,172500,1.755,1.77,1.755,1.77,2299,0
CRIS.US,5,20250909,174000,1.7305,1.7305,1.7305,1.7305,413,0
CRIS.US,5,20250909,174500,1.737,1.737,1.737,1.737,473,0
CRIS.US,5,20250909,180500,1.7646,1.7646,1.7646,1.7646,200,0
CRIS.US,5,20250909,183000,1.75,1.75,1.75,1.75,1200,0
CRIS.US,5,20250909,185500,1.74,1.75,1.73,1.75,300,0
CRIS.US,5,20250909,190000,1.7362,1.7362,1.7362,1.7362,116,0
CRIS.US,5,20250909,192000,1.7445,1.75,1.73,1.75,4150,0
CRIS.US,5,20250909,193000,1.7452,1.7452,1.7452,1.7452,225,0
CRIS.US,5,20250909,193500,1.77,1.77,1.76,1.77,300,0
CRIS.US,5,20250909,195000,1.76,1.76,1.75,1.75,300,0
CRIS.US,5,20250909,200000,1.76,1.77,1.76,1.77,2388,0
CRIS.US,5,20250909,201500,1.78,1.785,1.78,1.785,1300,0
CRIS.US,5,20250909,203000,1.79,1.79,1.79,1.79,1000,0
CRIS.US,5,20250909,203500,1.795,1.795,1.795,1.795,110,0
CRIS.US,5,20250909,204500,1.79,1.79,1.78,1.78,900,0
CRIS.US,5,20250909,205500,1.7955,1.7955,1.7955,1.7955,1000,0
CRIS.US,5,20250909,210000,1.8057,1.8057,1.8057,1.8057,100,0
CRIS.US,5,20250909,212000,1.82,1.82,1.8144,1.8144,200,0
CRIS.US,5,20250909,213000,1.81,1.81,1.81,1.81,100,0
CRIS.US,5,20250909,214000,1.79,1.79,1.785,1.785,1160,0
CRIS.US,5,20250909,214500,1.79,1.805,1.79,1.805,4224,0
CRIS.US,5,20250909,215500,1.7923,1.81,1.79,1.81,2582,0
CRIS.US,5,20250910,153000,1.84,1.84,1.84,1.84,3032,0
CRIS.US,5,20250910,153500,1.84,1.84,1.84,1.84,882,0
CRIS.US,5,20250910,154000,1.8101,1.83,1.81,1.81,6800,0
CRIS.US,5,20250910,155500,1.841,1.841,1.841,1.841,100,0
CRIS.US,5,20250910,160000,1.81,1.849,1.7951,1.7951,885,0
CRIS.US,5,20250910,160500,1.81,1.81,1.81,1.81,100,0
CRIS.US,5,20250910,163000,1.8,1.8,1.8,1.8,547,0
CRIS.US,5,20250910,170500,1.805,1.82,1.79,1.79,3072,0
CRIS.US,5,20250910,171500,1.81,1.81,1.8,1.81,500,0
CRIS.US,5,20250910,172000,1.82,1.82,1.82,1.82,500,0
CRIS.US,5,20250910,173500,1.82,1.82,1.82,1.82,2000,0
CRIS.US,5,20250910,174000,1.82,1.82,1.82,1.82,400,0
CRIS.US,5,20250910,174500,1.825,1.825,1.825,1.825,396,0
CRIS.US,5,20250910,181000,1.8371,1.8371,1.8371,1.8371,200,0
CRIS.US,5,20250910,182500,1.8,1.8,1.8,1.8,100,0
CRIS.US,5,20250910,183500,1.8006,1.8006,1.8006,1.8006,108,0
CRIS.US,5,20250910,185000,1.81,1.83,1.81,1.83,1600,0
CRIS.US,5,20250910,185500,1.8129,1.8344,1.8129,1.8344,1209,0
CRIS.US,5,20250910,191000,1.81,1.81,1.81,1.81,100,0
CRIS.US,5,20250910,192500,1.81,1.81,1.81,1.81,470,0
CRIS.US,5,20250910,193500,1.8026,1.8026,1.8026,1.8026,107,0
CRIS.US,5,20250910,194500,1.8,1.8,1.8,1.8,2397,0
CRIS.US,5,20250910,195500,1.8,1.8,1.8,1.8,300,0
CRIS.US,5,20250910,200000,1.79,1.79,1.79,1.79,100,0
CRIS.US,5,20250910,200500,1.7964,1.7964,1.78,1.78,1680,0
CRIS.US,5,20250910,203000,1.79,1.79,1.79,1.79,166,0
CRIS.US,5,20250910,204500,1.77,1.77,1.77,1.77,500,0
CRIS.US,5,20250910,210500,1.7784,1.7784,1.7784,1.7784,100,0
CRIS.US,5,20250910,211000,1.79,1.79,1.785,1.785,800,0
CRIS.US,5,20250910,212500,1.78,1.78,1.78,1.78,1000,0
CRIS.US,5,20250910,213000,1.76,1.77,1.75,1.77,3109,0
CRIS.US,5,20250910,213500,1.78,1.81,1.78,1.81,1100,0
CRIS.US,5,20250910,214000,1.81,1.81,1.8,1.8,2070,0
CRIS.US,5,20250910,215500,1.8,1.81,1.79,1.79,557,0
CRIS.US,5,20250911,153000,1.82,1.82,1.805,1.805,5408,0
CRIS.US,5,20250911,153500,1.81,1.81,1.81,1.81,200,0
CRIS.US,5,20250911,154500,1.8003,1.8013,1.8003,1.8013,255,0
CRIS.US,5,20250911,155500,1.8424,1.85,1.81,1.81,3617,0
CRIS.US,5,20250911,160000,1.8467,1.8467,1.84,1.84,1100,0
CRIS.US,5,20250911,160500,1.8436,1.904,1.8436,1.904,6865,0
CRIS.US,5,20250911,161000,1.89,1.9199,1.88,1.88,713,0
CRIS.US,5,20250911,161500,1.9076,1.9196,1.89,1.89,477,0
CRIS.US,5,20250911,164000,1.91,1.93,1.9079,1.93,3291,0
CRIS.US,5,20250911,164500,1.91,1.95,1.91,1.93,8074,0
CRIS.US,5,20250911,165000,1.93,1.93,1.89,1.89,3476,0
CRIS.US,5,20250911,165500,1.8923,1.8925,1.89,1.89,1200,0
CRIS.US,5,20250911,170500,1.89,1.9,1.85,1.852,2946,0
CRIS.US,5,20250911,172000,1.88,1.9051,1.88,1.9051,1020,0
CRIS.US,5,20250911,174500,1.89,1.89,1.89,1.89,200,0
CRIS.US,5,20250911,175000,1.86,1.86,1.79,1.82,3295,0
CRIS.US,5,20250911,180000,1.8442,1.8442,1.8442,1.8442,2200,0
CRIS.US,5,20250911,180500,1.86,1.86,1.86,1.86,1000,0
CRIS.US,5,20250911,182500,1.8447,1.8447,1.8447,1.8447,200,0
CRIS.US,5,20250911,184000,1.81,1.81,1.81,1.81,171,0
CRIS.US,5,20250911,193000,1.8672,1.8672,1.8672,1.8672,500,0
CRIS.US,5,20250911,194000,1.8672,1.8672,1.8,1.8,4627,0
CRIS.US,5,20250911,194500,1.8495,1.8495,1.8495,1.8495,195,0
CRIS.US,5,20250911,200000,1.84,1.84,1.84,1.84,100,0
CRIS.US,5,20250911,205500,1.87,1.87,1.87,1.87,267,0
CRIS.US,5,20250911,212000,1.85,1.85,1.85,1.85,254,0
CRIS.US,5,20250911,212500,1.84,1.84,1.83,1.83,300,0
CRIS.US,5,20250911,213500,1.8321,1.8321,1.8321,1.8321,100,0
CRIS.US,5,20250911,214000,1.81,1.815,1.79,1.8,1700,0
CRIS.US,5,20250911,214500,1.8297,1.83,1.815,1.83,510,0
CRIS.US,5,20250911,215000,1.82,1.8595,1.81,1.81,2337,0
CRIS.US,5,20250911,215500,1.82,1.82,1.82,1.82,525,0
CRIS.US,5,20250912,153000,1.83,1.87,1.83,1.8343,535,0
CRIS.US,5,20250912,153500,1.85,1.85,1.85,1.85,207,0
CRIS.US,5,20250912,155500,1.8302,1.8302,1.8302,1.8302,130,0
CRIS.US,5,20250912,160000,1.83,1.83,1.83,1.83,100,0
CRIS.US,5,20250912,160500,1.8485,1.8557,1.8485,1.8504,700,0
CRIS.US,5,20250912,161500,1.86,1.8652,1.86,1.8652,370,0
CRIS.US,5,20250912,164000,1.86,1.86,1.86,1.86,1318,0
CRIS.US,5,20250912,164500,1.87,1.87,1.8635,1.8635,1100,0
CRIS.US,5,20250912,170000,1.8645,1.87,1.8645,1.87,3181,0
CRIS.US,5,20250912,170500,1.87,1.89,1.87,1.89,6926,0
CRIS.US,5,20250912,171000,1.8882,1.8899,1.8799,1.8799,800,0
CRIS.US,5,20250912,171500,1.88,1.88,1.88,1.88,100,0
CRIS.US,5,20250912,172000,1.88,1.93,1.875,1.92,9634,0
CRIS.US,5,20250912,173500,1.915,1.915,1.9,1.9,832,0
CRIS.US,5,20250912,174500,1.8942,1.8942,1.85,1.875,2827,0
CRIS.US,5,20250912,180000,1.85,1.85,1.85,1.85,100,0
CRIS.US,5,20250912,181000,1.8766,1.8766,1.8766,1.8766,500,0
CRIS.US,5,20250912,181500,1.88,1.88,1.85,1.85,3100,0
CRIS.US,5,20250912,182000,1.848,1.85,1.848,1.8499,2691,0
CRIS.US,5,20250912,182500,1.8498,1.8498,1.8498,1.8498,180,0
CRIS.US,5,20250912,185000,1.85,1.85,1.85,1.85,200,0
CRIS.US,5,20250912,185500,1.8498,1.8498,1.82,1.835,8066,0
CRIS.US,5,20250912,192500,1.8312,1.8312,1.8312,1.8312,203,0
CRIS.US,5,20250912,194500,1.83,1.83,1.82,1.82,16600,0
CRIS.US,5,20250912,195000,1.81,1.81,1.81,1.81,760,0
CRIS.US,5,20250912,200000,1.83,1.83,1.83,1.83,1000,0
CRIS.US,5,20250912,200500,1.81,1.82,1.81,1.82,1500,0
CRIS.US,5,20250912,201000,1.83,1.8313,1.83,1.8313,248,0
CRIS.US,5,20250912,203000,1.84,1.84,1.84,1.84,300,0
CRIS.US,5,20250912,205500,1.83,1.83,1.83,1.83,207,0
CRIS.US,5,20250912,210500,1.81,1.81,1.81,1.81,282,0
CRIS.US,5,20250912,211000,1.83,1.83,1.83,1.83,200,0
CRIS.US,5,20250912,211500,1.81,1.81,1.81,1.81,300,0
CRIS.US,5,20250912,212000,1.8,1.8,1.8,1.8,2465,0
CRIS.US,5,20250912,214000,1.79,1.795,1.79,1.79,1377,0
CRIS.US,5,20250912,215000,1.81,1.81,1.81,1.81,1200,0
CRIS.US,5,20250912,215500,1.81,1.82,1.8,1.82,4721,0
CRIS.US,5,20250915,153000,1.86,1.8656,1.86,1.86,1455,0
CRIS.US,5,20250915,153500,1.8813,1.8813,1.8813,1.8813,105,0
CRIS.US,5,20250915,155000,1.8425,1.8425,1.8425,1.8425,100,0
CRIS.US,5,20250915,160000,1.8327,1.8327,1.8327,1.8327,150,0
CRIS.US,5,20250915,160500,1.84,1.84,1.84,1.84,983,0
CRIS.US,5,20250915,161000,1.8215,1.8215,1.8215,1.8215,143,0
CRIS.US,5,20250915,161500,1.86,1.86,1.86,1.86,2500,0
CRIS.US,5,20250915,162000,1.85,1.85,1.84,1.85,470,0
CRIS.US,5,20250915,162500,1.859,1.86,1.859,1.86,300,0
CRIS.US,5,20250915,163000,1.86,1.86,1.85,1.85,3081,0
CRIS.US,5,20250915,163500,1.83,1.83,1.8,1.81,3791,0
CRIS.US,5,20250915,164000,1.8,1.8,1.79,1.7943,10132,0
CRIS.US,5,20250915,164500,1.81,1.82,1.79,1.79,4216,0
CRIS.US,5,20250915,165500,1.79,1.79,1.78,1.78,3221,0
CRIS.US,5,20250915,170000,1.768,1.768,1.7415,1.7415,2068,0
CRIS.US,5,20250915,170500,1.77,1.77,1.74,1.76,7100,0
CRIS.US,5,20250915,171000,1.765,1.7775,1.765,1.7775,300,0
CRIS.US,5,20250915,171500,1.765,1.765,1.765,1.765,140,0
CRIS.US,5,20250915,172000,1.77,1.8,1.74,1.8,756,0
CRIS.US,5,20250915,172500,1.799,1.799,1.74,1.77,864,0
CRIS.US,5,20250915,173000,1.74,1.77,1.74,1.76,600,0
CRIS.US,5,20250915,173500,1.77,1.77,1.77,1.77,342,0
CRIS.US,5,20250915,175500,1.775,1.775,1.775,1.775,1092,0
CRIS.US,5,20250915,180500,1.76,1.76,1.76,1.76,1024,0
CRIS.US,5,20250915,181000,1.75,1.75,1.73,1.7397,1405,0
CRIS.US,5,20250915,181500,1.7101,1.76,1.7,1.75,11004,0
CRIS.US,5,20250915,182000,1.75,1.79,1.75,1.79,212,0
CRIS.US,5,20250915,183000,1.75,1.76,1.7204,1.7204,9642,0
CRIS.US,5,20250915,183500,1.72,1.72,1.7,1.7,1462,0
CRIS.US,5,20250915,184000,1.72,1.75,1.72,1.75,800,0
CRIS.US,5,20250915,190000,1.7375,1.75,1.72,1.729,1300,0
CRIS.US,5,20250915,190500,1.7288,1.7288,1.7288,1.7288,2500,0
CRIS.US,5,20250915,191000,1.75,1.75,1.75,1.75,700,0
CRIS.US,5,20250915,191500,1.75,1.75,1.75,1.75,525,0
CRIS.US,5,20250915,195500,1.72,1.72,1.72,1.72,954,0
CRIS.US,5,20250915,201000,1.71,1.71,1.71,1.71,100,0
CRIS.US,5,20250915,201500,1.7,1.7,1.7,1.7,200,0
CRIS.US,5,20250915,202000,1.7,1.7,1.7,1.7,354,0
CRIS.US,5,20250915,202500,1.7,1.7,1.7,1.7,100,0
CRIS.US,5,20250915,203000,1.7215,1.725,1.7215,1.725,800,0
CRIS.US,5,20250915,203500,1.72,1.72,1.71,1.71,200,0
CRIS.US,5,20250915,204000,1.7384,1.7384,1.7384,1.7384,116,0
CRIS.US,5,20250915,204500,1.71,1.71,1.69,1.7,970,0
CRIS.US,5,20250915,205500,1.72,1.72,1.72,1.72,100,0
CRIS.US,5,20250915,210500,1.7308,1.7308,1.7308,1.7308,100,0
CRIS.US,5,20250915,211500,1.7258,1.735,1.7258,1.735,280,0
CRIS.US,5,20250915,212000,1.75,1.78,1.75,1.78,3498,0
CRIS.US,5,20250915,212500,1.77,1.77,1.77,1.77,100,0
CRIS.US,5,20250915,213500,1.752,1.76,1.73,1.75,3711,0
CRIS.US,5,20250915,214000,1.74,1.74,1.73,1.73,200,0
CRIS.US,5,20250915,214500,1.73,1.73,1.71,1.71,8295,0
CRIS.US,5,20250915,215000,1.72,1.72,1.71,1.71,800,0
CRIS.US,5,20250915,215500,1.71,1.7107,1.7,1.7,1618,0
CRIS.US,5,20250916,153000,1.66,1.7,1.66,1.6797,6808,0
CRIS.US,5,20250916,153500,1.69,1.7,1.69,1.69,1874,0
CRIS.US,5,20250916,154500,1.6999,1.7371,1.6999,1.715,2628,0
CRIS.US,5,20250916,155500,1.75,1.7918,1.75,1.7918,4043,0
CRIS.US,5,20250916,160000,1.7473,1.7751,1.7473,1.7751,308,0
CRIS.US,5,20250916,160500,1.7751,1.7751,1.7642,1.7642,304,0
CRIS.US,5,20250916,161500,1.71,1.71,1.71,1.71,1300,0
CRIS.US,5,20250916,162000,1.7297,1.73,1.72,1.7299,2009,0
CRIS.US,5,20250916,162500,1.73,1.73,1.73,1.73,924,0
CRIS.US,5,20250916,163000,1.73,1.73,1.71,1.71,1100,0
CRIS.US,5,20250916,165000,1.7066,1.7066,1.7066,1.7066,200,0
CRIS.US,5,20250916,165500,1.7,1.7213,1.7,1.7213,1215,0
CRIS.US,5,20250916,170500,1.7,1.7,1.7,1.7,750,0
CRIS.US,5,20250916,171500,1.705,1.72,1.705,1.7162,2660,0
CRIS.US,5,20250916,172500,1.72,1.73,1.72,1.73,2404,0
CRIS.US,5,20250916,173000,1.722,1.722,1.722,1.722,600,0
CRIS.US,5,20250916,173500,1.7262,1.73,1.7262,1.73,1000,0
CRIS.US,5,20250916,174000,1.725,1.725,1.725,1.725,100,0
CRIS.US,5,20250916,180500,1.73,1.73,1.73,1.73,1580,0
CRIS.US,5,20250916,182000,1.73,1.73,1.73,1.73,164,0
CRIS.US,5,20250916,184500,1.743,1.743,1.72,1.72,6754,0
CRIS.US,5,20250916,185000,1.7364,1.7364,1.7313,1.7313,557,0
CRIS.US,5,20250916,191000,1.73,1.73,1.73,1.73,400,0
CRIS.US,5,20250916,192500,1.72,1.72,1.7,1.71,1814,0
CRIS.US,5,20250916,193500,1.7261,1.7261,1.7261,1.7261,289,0
CRIS.US,5,20250916,200000,1.715,1.715,1.7,1.7,309,0
CRIS.US,5,20250916,200500,1.69,1.69,1.69,1.69,100,0
CRIS.US,5,20250916,204500,1.71,1.71,1.7057,1.7057,1523,0
CRIS.US,5,20250916,205000,1.71,1.7495,1.71,1.7495,312,0
CRIS.US,5,20250916,210000,1.72,1.72,1.72,1.72,2725,0
CRIS.US,5,20250916,211000,1.7,1.7,1.65,1.699,9052,0
CRIS.US,5,20250916,211500,1.67,1.67,1.67,1.67,100,0
CRIS.US,5,20250916,212500,1.68,1.68,1.68,1.68,118,0
CRIS.US,5,20250916,213000,1.67,1.69,1.67,1.68,831,0
CRIS.US,5,20250916,213500,1.69,1.7,1.66,1.69,2300,0
CRIS.US,5,20250916,214500,1.71,1.72,1.71,1.7199,4788,0
CRIS.US,5,20250916,215500,1.72,1.72,1.71,1.71,283,0
CRIS.US,5,20250917,153000,1.74,1.76,1.74,1.76,1245,0
CRIS.US,5,20250917,153500,1.715,1.715,1.715,1.715,100,0
CRIS.US,5,20250917,155500,1.7381,1.7381,1.7381,1.7381,101,0
CRIS.US,5,20250917,160000,1.72,1.72,1.6995,1.6995,278,0
CRIS.US,5,20250917,160500,1.6901,1.72,1.6901,1.72,5500,0
CRIS.US,5,20250917,161000,1.73,1.73,1.73,1.73,100,0
CRIS.US,5,20250917,162000,1.729,1.729,1.729,1.729,118,0
CRIS.US,5,20250917,163000,1.73,1.73,1.71,1.72,1200,0
CRIS.US,5,20250917,170500,1.74,1.74,1.74,1.74,100,0
CRIS.US,5,20250917,171000,1.73,1.73,1.73,1.73,100,0
CRIS.US,5,20250917,171500,1.73,1.73,1.73,1.73,100,0
CRIS.US,5,20250917,172000,1.75,1.75,1.75,1.75,200,0
CRIS.US,5,20250917,174500,1.73,1.73,1.72,1.72,200,0
CRIS.US,5,20250917,175000,1.7298,1.7298,1.72,1.72,600,0
CRIS.US,5,20250917,180000,1.73,1.73,1.725,1.73,741,0
CRIS.US,5,20250917,181000,1.7367,1.7367,1.7367,1.7367,500,0
CRIS.US,5,20250917,181500,1.7338,1.7386,1.7338,1.7386,530,0
CRIS.US,5,20250917,183000,1.74,1.74,1.725,1.725,361,0
CRIS.US,5,20250917,185500,1.75,1.75,1.74,1.74,1600,0
CRIS.US,5,20250917,191000,1.74,1.74,1.72,1.72,600,0
CRIS.US,5,20250917,194500,1.735,1.735,1.735,1.735,559,0
CRIS.US,5,20250917,195500,1.74,1.74,1.74,1.74,200,0
CRIS.US,5,20250917,200000,1.735,1.75,1.735,1.75,500,0
CRIS.US,5,20250917,201000,1.75,1.75,1.75,1.75,3363,0
CRIS.US,5,20250917,201500,1.7495,1.7495,1.7495,1.7495,430,0
CRIS.US,5,20250917,203000,1.737,1.737,1.72,1.72,395,0
CRIS.US,5,20250917,204000,1.72,1.72,1.72,1.72,100,0
CRIS.US,5,20250917,204500,1.71,1.71,1.71,1.71,407,0
CRIS.US,5,20250917,210000,1.715,1.715,1.715,1.715,120,0
CRIS.US,5,20250917,210500,1.7194,1.7194,1.7,1.7,3069,0
CRIS.US,5,20250917,211500,1.7,1.7,1.68,1.7,1046,0
CRIS.US,5,20250917,212000,1.68,1.69,1.65,1.68,3350,0
CRIS.US,5,20250917,212500,1.67,1.67,1.67,1.67,100,0
CRIS.US,5,20250917,213000,1.66,1.68,1.65,1.65,700,0
CRIS.US,5,20250917,213500,1.66,1.66,1.66,1.66,100,0
CRIS.US,5,20250917,214000,1.67,1.68,1.67,1.68,480,0
CRIS.US,5,20250917,214500,1.67,1.69,1.67,1.69,400,0
CRIS.US,5,20250917,215500,1.66,1.69,1.66,1.69,3958,0
CRIS.US,5,20250918,153000,1.73,1.749,1.73,1.749,2000,0
CRIS.US,5,20250918,153500,1.725,1.725,1.725,1.725,200,0
CRIS.US,5,20250918,154000,1.725,1.725,1.725,1.725,138,0
CRIS.US,5,20250918,154500,1.7488,1.75,1.7488,1.75,1105,0
CRIS.US,5,20250918,155000,1.7592,1.7592,1.7371,1.7371,214,0
CRIS.US,5,20250918,160000,1.76,1.76,1.7599,1.7599,1534,0
CRIS.US,5,20250918,161000,1.7501,1.7799,1.7501,1.7799,2779,0
CRIS.US,5,20250918,161500,1.75,1.75,1.75,1.75,211,0
CRIS.US,5,20250918,162500,1.71,1.71,1.71,1.71,430,0
CRIS.US,5,20250918,163500,1.7233,1.735,1.7233,1.735,552,0
CRIS.US,5,20250918,164000,1.7497,1.75,1.7497,1.75,1787,0
CRIS.US,5,20250918,164500,1.75,1.75,1.75,1.75,1187,0
CRIS.US,5,20250918,165000,1.75,1.75,1.75,1.75,100,0
CRIS.US,5,20250918,165500,1.75,1.75,1.7302,1.7302,613,0
CRIS.US,5,20250918,170000,1.75,1.75,1.732,1.732,962,0
CRIS.US,5,20250918,171000,1.75,1.75,1.7401,1.7401,1189,0
CRIS.US,5,20250918,171500,1.75,1.75,1.7446,1.75,3766,0
CRIS.US,5,20250918,174000,1.75,1.75,1.75,1.75,378,0
CRIS.US,5,20250918,174500,1.7444,1.75,1.74,1.75,1280,0
CRIS.US,5,20250918,175000,1.72,1.72,1.72,1.72,5021,0
CRIS.US,5,20250918,175500,1.735,1.735,1.735,1.735,100,0
CRIS.US,5,20250918,180000,1.7404,1.7404,1.7404,1.7404,2000,0
CRIS.US,5,20250918,182000,1.73,1.73,1.73,1.73,100,0
CRIS.US,5,20250918,183500,1.75,1.75,1.75,1.75,571,0
CRIS.US,5,20250918,184500,1.75,1.75,1.7499,1.75,1569,0
CRIS.US,5,20250918,185000,1.76,1.7819,1.76,1.7819,1612,0
CRIS.US,5,20250918,191500,1.78,1.78,1.76,1.76,900,0
CRIS.US,5,20250918,193000,1.7539,1.765,1.75,1.75,566,0
CRIS.US,5,20250918,194500,1.775,1.775,1.77,1.77,3000,0
CRIS.US,5,20250918,195500,1.76,1.77,1.759,1.77,2001,0
CRIS.US,5,20250918,200500,1.76,1.768,1.76,1.76,530,0
CRIS.US,5,20250918,201000,1.77,1.77,1.77,1.77,100,0
CRIS.US,5,20250918,201500,1.77,1.77,1.77,1.77,1958,0
CRIS.US,5,20250918,202000,1.77,1.77,1.77,1.77,1200,0
CRIS.US,5,20250918,202500,1.77,1.77,1.76,1.76,4385,0
CRIS.US,5,20250918,203000,1.76,1.76,1.76,1.76,1757,0
CRIS.US,5,20250918,204000,1.76,1.76,1.76,1.76,1080,0
CRIS.US,5,20250918,204500,1.76,1.76,1.76,1.76,700,0
CRIS.US,5,20250918,205500,1.76,1.76,1.76,1.76,709,0
CRIS.US,5,20250918,210000,1.757,1.76,1.757,1.76,511,0
CRIS.US,5,20250918,211500,1.755,1.755,1.755,1.755,950,0
CRIS.US,5,20250918,213000,1.76,1.76,1.76,1.76,100,0
CRIS.US,5,20250918,213500,1.75,1.75,1.75,1.75,253,0
CRIS.US,5,20250918,214000,1.75,1.75,1.75,1.75,500,0
CRIS.US,5,20250918,215000,1.75,1.75,1.725,1.725,2742,0
CRIS.US,5,20250918,215500,1.74,1.75,1.72,1.72,12097,0
CRIS.US,5,20250919,153500,1.7537,1.7537,1.7537,1.7537,113,0
CRIS.US,5,20250919,155500,1.75,1.75,1.75,1.75,128,0
CRIS.US,5,20250919,160000,1.75,1.75,1.75,1.75,120,0
CRIS.US,5,20250919,162000,1.752,1.7573,1.73,1.73,897,0
CRIS.US,5,20250919,163500,1.74,1.74,1.72,1.72,2600,0
CRIS.US,5,20250919,164000,1.7213,1.7213,1.72,1.72,269,0
CRIS.US,5,20250919,172500,1.7543,1.7543,1.7543,1.7543,200,0
CRIS.US,5,20250919,174000,1.72,1.72,1.72,1.72,100,0
CRIS.US,5,20250919,180500,1.71,1.73,1.69,1.7,3000,0
CRIS.US,5,20250919,182000,1.71,1.71,1.71,1.71,100,0
CRIS.US,5,20250919,183000,1.725,1.725,1.725,1.725,300,0
CRIS.US,5,20250919,185500,1.7452,1.7452,1.7452,1.7452,236,0
CRIS.US,5,20250919,191500,1.73,1.73,1.73,1.73,100,0
CRIS.US,5,20250919,193000,1.734,1.74,1.73,1.73,400,0
CRIS.US,5,20250919,194000,1.7454,1.7454,1.7454,1.7454,100,0
CRIS.US,5,20250919,204000,1.725,1.725,1.725,1.725,400,0
CRIS.US,5,20250919,205000,1.69,1.69,1.69,1.69,5929,0
CRIS.US,5,20250919,212000,1.7,1.7,1.66,1.68,4983,0
CRIS.US,5,20250919,214000,1.7,1.7,1.7,1.7,232,0
CRIS.US,5,20250919,215000,1.69,1.69,1.69,1.69,332,0
CRIS.US,5,20250919,215500,1.68,1.7,1.68,1.7,33419,0
CRIS.US,5,20250922,153000,1.71,1.7295,1.7003,1.725,1796,0
CRIS.US,5,20250922,153500,1.705,1.705,1.7,1.705,600,0
CRIS.US,5,20250922,155500,1.7179,1.7179,1.7179,1.7179,353,0
CRIS.US,5,20250922,161000,1.6861,1.7195,1.6861,1.7195,2300,0
CRIS.US,5,20250922,164000,1.6856,1.6856,1.6856,1.6856,200,0
CRIS.US,5,20250922,165500,1.7102,1.7102,1.7102,1.7102,478,0
CRIS.US,5,20250922,170000,1.72,1.72,1.72,1.72,200,0
CRIS.US,5,20250922,171500,1.7199,1.7199,1.7199,1.7199,1744,0
CRIS.US,5,20250922,172500,1.71,1.71,1.71,1.71,500,0
CRIS.US,5,20250922,174500,1.7,1.7,1.7,1.7,3000,0
CRIS.US,5,20250922,181500,1.7012,1.7012,1.7012,1.7012,159,0
CRIS.US,5,20250922,182000,1.7,1.7,1.7,1.7,100,0
CRIS.US,5,20250922,183500,1.71,1.71,1.7,1.7,300,0
CRIS.US,5,20250922,185000,1.7,1.7,1.7,1.7,100,0
CRIS.US,5,20250922,190000,1.72,1.72,1.7,1.7,693,0
CRIS.US,5,20250922,193000,1.6997,1.6997,1.6997,1.6997,300,0
CRIS.US,5,20250922,194500,1.705,1.705,1.705,1.705,333,0
CRIS.US,5,20250922,200000,1.69,1.69,1.69,1.69,100,0
CRIS.US,5,20250922,202500,1.7178,1.7178,1.7178,1.7178,864,0
CRIS.US,5,20250922,203000,1.69,1.69,1.69,1.69,100,0
CRIS.US,5,20250922,204500,1.7074,1.7074,1.69,1.69,5715,0
CRIS.US,5,20250922,205000,1.71,1.71,1.71,1.71,200,0
CRIS.US,5,20250922,210000,1.69,1.69,1.67,1.6865,7560,0
CRIS.US,5,20250922,211000,1.69,1.69,1.69,1.69,100,0
CRIS.US,5,20250922,211500,1.68,1.68,1.66,1.66,1920,0
CRIS.US,5,20250922,214000,1.7161,1.7161,1.7161,1.7161,300,0
CRIS.US,5,20250922,214500,1.68,1.72,1.68,1.695,1100,0
CRIS.US,5,20250922,215000,1.7048,1.7048,1.7048,1.7048,100,0
CRIS.US,5,20250922,215500,1.71,1.74,1.68,1.68,18344,0
CRIS.US,5,20250923,153000,1.71,1.71,1.71,1.71,196,0
CRIS.US,5,20250923,153500,1.74,1.74,1.74,1.74,300,0
CRIS.US,5,20250923,154000,1.715,1.715,1.715,1.715,106,0
CRIS.US,5,20250923,155000,1.7456,1.7456,1.7456,1.7456,571,0
CRIS.US,5,20250923,160000,1.73,1.73,1.73,1.73,100,0
CRIS.US,5,20250923,160500,1.72,1.72,1.72,1.72,750,0
CRIS.US,5,20250923,163000,1.71,1.71,1.69,1.695,8962,0
CRIS.US,5,20250923,170500,1.7,1.7195,1.7,1.7195,2850,0
CRIS.US,5,20250923,172000,1.7,1.73,1.7,1.73,600,0
CRIS.US,5,20250923,172500,1.7079,1.7151,1.7079,1.7151,3860,0
CRIS.US,5,20250923,173500,1.7,1.7,1.69,1.69,4384,0
CRIS.US,5,20250923,174500,1.69,1.7203,1.69,1.7203,450,0
CRIS.US,5,20250923,181000,1.7091,1.7091,1.7091,1.7091,2550,0
CRIS.US,5,20250923,183000,1.72,1.72,1.7,1.7,200,0
CRIS.US,5,20250923,184000,1.7048,1.7048,1.7048,1.7048,100,0
CRIS.US,5,20250923,185500,1.71,1.71,1.71,1.71,100,0
CRIS.US,5,20250923,190500,1.7,1.7,1.7,1.7,236,0
CRIS.US,5,20250923,191000,1.69,1.69,1.69,1.69,100,0
CRIS.US,5,20250923,192500,1.7,1.7,1.69,1.69,623,0
CRIS.US,5,20250923,193000,1.6801,1.6942,1.68,1.6942,1986,0
CRIS.US,5,20250923,193500,1.69,1.71,1.69,1.71,6935,0
CRIS.US,5,20250923,194000,1.71,1.71,1.71,1.71,100,0
CRIS.US,5,20250923,194500,1.7117,1.7117,1.7117,1.7117,1805,0
CRIS.US,5,20250923,195000,1.7,1.7,1.7,1.7,1700,0
CRIS.US,5,20250923,200000,1.69,1.69,1.69,1.69,1700,0
CRIS.US,5,20250923,202000,1.7,1.7,1.7,1.7,300,0
CRIS.US,5,20250923,204000,1.693,1.693,1.693,1.693,200,0
CRIS.US,5,20250923,205000,1.6999,1.6999,1.65,1.65,4317,0
CRIS.US,5,20250923,210000,1.6715,1.6715,1.6715,1.6715,250,0
CRIS.US,5,20250923,210500,1.67,1.674,1.665,1.665,734,0
CRIS.US,5,20250923,211000,1.67,1.67,1.67,1.67,100,0
CRIS.US,5,20250923,212500,1.6823,1.6823,1.6823,1.6823,300,0
CRIS.US,5,20250923,213000,1.6694,1.6694,1.6694,1.6694,235,0
CRIS.US,5,20250923,214000,1.67,1.67,1.66,1.66,400,0
CRIS.US,5,20250923,214500,1.66,1.66,1.66,1.66,1100,0
CRIS.US,5,20250923,215000,1.66,1.66,1.65,1.65,400,0
CRIS.US,5,20250923,215500,1.66,1.66,1.64,1.64,5122,0
CRIS.US,5,20250924,153000,1.7196,1.7196,1.67,1.67,7673,0
CRIS.US,5,20250924,154000,1.6854,1.6854,1.6854,1.6854,102,0
CRIS.US,5,20250924,162000,1.6774,1.6888,1.6774,1.6888,805,0
CRIS.US,5,20250924,163500,1.6804,1.6804,1.6804,1.6804,200,0
CRIS.US,5,20250924,164000,1.67,1.7015,1.67,1.7015,1007,0
CRIS.US,5,20250924,164500,1.695,1.695,1.695,1.695,100,0
CRIS.US,5,20250924,170000,1.68,1.69,1.65,1.68,2511,0
CRIS.US,5,20250924,170500,1.6797,1.6797,1.6797,1.6797,400,0
CRIS.US,5,20250924,173500,1.6794,1.6794,1.6794,1.6794,232,0
CRIS.US,5,20250924,174500,1.68,1.68,1.68,1.68,100,0
CRIS.US,5,20250924,181000,1.68,1.68,1.68,1.68,100,0
CRIS.US,5,20250924,183500,1.68,1.68,1.68,1.68,100,0
CRIS.US,5,20250924,184500,1.68,1.68,1.68,1.68,200,0
CRIS.US,5,20250924,185000,1.674,1.674,1.674,1.674,200,0
CRIS.US,5,20250924,191000,1.67,1.679,1.67,1.679,2619,0
CRIS.US,5,20250924,191500,1.68,1.68,1.68,1.68,3349,0
CRIS.US,5,20250924,192500,1.6958,1.6958,1.6958,1.6958,100,0
CRIS.US,5,20250924,194000,1.6994,1.6994,1.6994,1.6994,100,0
CRIS.US,5,20250924,194500,1.69,1.69,1.69,1.69,281,0
CRIS.US,5,20250924,201500,1.7122,1.7199,1.7122,1.7199,300,0
CRIS.US,5,20250924,202000,1.7133,1.7133,1.6945,1.6945,400,0
CRIS.US,5,20250924,203000,1.69,1.7,1.69,1.7,256,0
CRIS.US,5,20250924,203500,1.6929,1.6929,1.6929,1.6929,100,0
CRIS.US,5,20250924,210000,1.705,1.705,1.705,1.705,1000,0
CRIS.US,5,20250924,213000,1.69,1.69,1.66,1.66,1650,0
CRIS.US,5,20250924,213500,1.66,1.66,1.65,1.66,2363,0
CRIS.US,5,20250924,214000,1.6726,1.6726,1.6726,1.6726,921,0
CRIS.US,5,20250924,215000,1.675,1.675,1.66,1.67,636,0
CRIS.US,5,20250924,215500,1.673,1.69,1.673,1.69,366,0
CRIS.US,5,20250925,153000,1.6974,1.6974,1.6974,1.6974,200,0
CRIS.US,5,20250925,154000,1.67,1.67,1.67,1.67,100,0
CRIS.US,5,20250925,155000,1.69,1.69,1.6505,1.6505,2250,0
CRIS.US,5,20250925,160500,1.68,1.68,1.68,1.68,100,0
CRIS.US,5,20250925,162000,1.66,1.66,1.6401,1.6401,800,0
CRIS.US,5,20250925,162500,1.65,1.65,1.65,1.65,100,0
CRIS.US,5,20250925,163000,1.66,1.66,1.66,1.66,100,0
CRIS.US,5,20250925,163500,1.66,1.6799,1.66,1.6799,2276,0
CRIS.US,5,20250925,165000,1.68,1.7,1.68,1.69,7915,0
CRIS.US,5,20250925,170000,1.68,1.68,1.68,1.68,200,0
CRIS.US,5,20250925,170500,1.69,1.69,1.69,1.69,100,0
CRIS.US,5,20250925,171500,1.6604,1.7,1.6604,1.7,8100,0
CRIS.US,5,20250925,173500,1.684,1.684,1.684,1.684,100,0
CRIS.US,5,20250925,174000,1.66,1.66,1.66,1.66,100,0
CRIS.US,5,20250925,175000,1.66,1.66,1.66,1.66,100,0
CRIS.US,5,20250925,180000,1.6694,1.6694,1.6694,1.6694,100,0
CRIS.US,5,20250925,180500,1.68,1.68,1.68,1.68,200,0
CRIS.US,5,20250925,182000,1.66,1.66,1.66,1.66,100,0
CRIS.US,5,20250925,183500,1.68,1.68,1.67,1.6708,2100,0
CRIS.US,5,20250925,184000,1.6752,1.68,1.6752,1.68,1500,0
CRIS.US,5,20250925,184500,1.68,1.68,1.68,1.68,1000,0
CRIS.US,5,20250925,185500,1.6752,1.68,1.66,1.66,4576,0
CRIS.US,5,20250925,190000,1.66,1.68,1.66,1.68,1144,0
CRIS.US,5,20250925,190500,1.662,1.68,1.662,1.68,3000,0
CRIS.US,5,20250925,191000,1.6759,1.6759,1.66,1.66,2828,0
CRIS.US,5,20250925,191500,1.66,1.66,1.66,1.66,100,0
CRIS.US,5,20250925,192500,1.6714,1.6714,1.6714,1.6714,1000,0
CRIS.US,5,20250925,193000,1.66,1.66,1.64,1.64,4543,0
CRIS.US,5,20250925,195000,1.6402,1.6402,1.6402,1.6402,140,0
CRIS.US,5,20250925,200500,1.64,1.64,1.64,1.64,100,0
CRIS.US,5,20250925,202000,1.66,1.66,1.66,1.66,3012,0
CRIS.US,5,20250925,203000,1.6598,1.6598,1.64,1.64,3482,0
CRIS.US,5,20250925,205000,1.64,1.64,1.64,1.64,2206,0
CRIS.US,5,20250925,211000,1.6599,1.6599,1.6598,1.6598,583,0
CRIS.US,5,20250925,212000,1.6539,1.6539,1.6539,1.6539,1206,0
CRIS.US,5,20250925,212500,1.65,1.65,1.64,1.65,11616,0
CRIS.US,5,20250925,213500,1.64,1.65,1.64,1.65,8520,0
CRIS.US,5,20250925,214000,1.64,1.64,1.64,1.64,563,0
CRIS.US,5,20250925,215000,1.65,1.65,1.65,1.65,800,0
CRIS.US,5,20250925,215500,1.64,1.6439,1.64,1.64,1930,0
CRIS.US,5,20250926,153000,1.6972,1.6972,1.6972,1.6972,1000,0
CRIS.US,5,20250926,160000,1.6605,1.6605,1.6605,1.6605,100,0
CRIS.US,5,20250926,161000,1.6518,1.6518,1.6518,1.6518,113,0
CRIS.US,5,20250926,163000,1.6828,1.6828,1.6828,1.6828,500,0
CRIS.US,5,20250926,163500,1.6601,1.6601,1.65,1.65,6400,0
CRIS.US,5,20250926,164000,1.66,1.66,1.66,1.66,100,0
CRIS.US,5,20250926,164500,1.654,1.694,1.654,1.69,3959,0
CRIS.US,5,20250926,170500,1.6669,1.6669,1.6669,1.6669,3470,0
CRIS.US,5,20250926,172000,1.65,1.65,1.64,1.64,29955,0
CRIS.US,5,20250926,172500,1.64,1.64,1.64,1.64,333,0
CRIS.US,5,20250926,173500,1.65,1.65,1.65,1.65,283,0
CRIS.US,5,20250926,174000,1.6599,1.6599,1.6599,1.6599,2000,0
CRIS.US,5,20250926,180500,1.6681,1.6681,1.6681,1.6681,200,0
CRIS.US,5,20250926,191500,1.65,1.65,1.65,1.65,200,0
CRIS.US,5,20250926,193000,1.6501,1.6501,1.6501,1.6501,100,0
CRIS.US,5,20250926,195500,1.67,1.67,1.66,1.66,900,0
CRIS.US,5,20250926,201000,1.6567,1.6567,1.6567,1.6567,2500,0
CRIS.US,5,20250926,202000,1.66,1.66,1.66,1.66,5989,0
CRIS.US,5,20250926,203000,1.66,1.72,1.66,1.72,3022,0
CRIS.US,5,20250926,203500,1.7,1.7,1.7,1.7,200,0
CRIS.US,5,20250926,204500,1.683,1.683,1.683,1.683,1000,0
CRIS.US,5,20250926,205000,1.7299,1.7299,1.7299,1.7299,220,0
CRIS.US,5,20250926,210500,1.715,1.73,1.715,1.73,460,0
CRIS.US,5,20250926,211000,1.71,1.71,1.66,1.66,2709,0
CRIS.US,5,20250926,211500,1.7188,1.7188,1.7188,1.7188,109,0
CRIS.US,5,20250926,212000,1.6974,1.71,1.69,1.6901,2333,0
CRIS.US,5,20250926,212500,1.705,1.705,1.7042,1.7042,2000,0
CRIS.US,5,20250926,213000,1.681,1.681,1.68,1.6801,1011,0
CRIS.US,5,20250926,214000,1.68,1.68,1.68,1.68,100,0
CRIS.US,5,20250926,214500,1.68,1.68,1.68,1.68,100,0
CRIS.US,5,20250926,215500,1.67,1.69,1.65,1.69,6048,0
CRIS.US,5,20250929,153000,1.71,1.74,1.71,1.74,716,0
CRIS.US,5,20250929,153500,1.7142,1.7142,1.69,1.69,1600,0
CRIS.US,5,20250929,155000,1.7109,1.7109,1.67,1.6828,3380,0
CRIS.US,5,20250929,155500,1.6651,1.6891,1.6651,1.6792,4000,0
CRIS.US,5,20250929,160000,1.67,1.6819,1.64,1.6472,6825,0
CRIS.US,5,20250929,160500,1.6403,1.68,1.6201,1.6201,7038,0
CRIS.US,5,20250929,161000,1.6651,1.6651,1.58,1.63,10127,0
CRIS.US,5,20250929,161500,1.65,1.65,1.65,1.65,121,0
CRIS.US,5,20250929,162000,1.65,1.65,1.65,1.65,120,0
CRIS.US,5,20250929,164000,1.62,1.62,1.6006,1.6069,1445,0
CRIS.US,5,20250929,164500,1.6243,1.6243,1.61,1.62,906,0
CRIS.US,5,20250929,165000,1.63,1.64,1.63,1.64,2100,0
CRIS.US,5,20250929,171000,1.6455,1.6455,1.6455,1.6455,119,0
CRIS.US,5,20250929,173000,1.64,1.64,1.64,1.64,100,0
CRIS.US,5,20250929,174000,1.67,1.67,1.67,1.67,100,0
CRIS.US,5,20250929,174500,1.66,1.66,1.64,1.64,11445,0
CRIS.US,5,20250929,175500,1.66,1.66,1.65,1.65,638,0
CRIS.US,5,20250929,180500,1.6744,1.6744,1.6744,1.6744,6000,0
CRIS.US,5,20250929,181000,1.665,1.665,1.6644,1.6644,2148,0
CRIS.US,5,20250929,181500,1.6571,1.6609,1.64,1.6438,7445,0
CRIS.US,5,20250929,185000,1.6899,1.6899,1.6899,1.6899,2960,0
CRIS.US,5,20250929,190000,1.65,1.65,1.64,1.64,3597,0
CRIS.US,5,20250929,190500,1.6242,1.65,1.62,1.65,420,0
CRIS.US,5,20250929,193500,1.6562,1.6562,1.6562,1.6562,360,0
CRIS.US,5,20250929,194000,1.63,1.63,1.63,1.63,100,0
CRIS.US,5,20250929,194500,1.63,1.63,1.59,1.61,34159,0
CRIS.US,5,20250929,195500,1.6122,1.6122,1.6122,1.6122,2000,0
CRIS.US,5,20250929,201000,1.64,1.64,1.64,1.64,1000,0
CRIS.US,5,20250929,201500,1.6398,1.6398,1.6398,1.6398,120,0
CRIS.US,5,20250929,202000,1.63,1.63,1.62,1.62,810,0
CRIS.US,5,20250929,203500,1.63,1.63,1.63,1.63,100,0
CRIS.US,5,20250929,205500,1.64,1.64,1.64,1.64,100,0
CRIS.US,5,20250929,211000,1.65,1.65,1.65,1.65,500,0
CRIS.US,5,20250929,211500,1.6791,1.6791,1.6791,1.6791,135,0
CRIS.US,5,20250929,214500,1.65,1.65,1.65,1.65,1000,0
CRIS.US,5,20250929,215000,1.64,1.6699,1.62,1.64,1952,0
CRIS.US,5,20250929,215500,1.63,1.66,1.62,1.66,1968,0
CRIS.US,5,20250930,153000,1.66,1.66,1.66,1.66,1362,0
CRIS.US,5,20250930,160500,1.5933,1.5933,1.5933,1.5933,500,0
CRIS.US,5,20250930,161500,1.66,1.71,1.64,1.6501,14549,0
CRIS.US,5,20250930,162500,1.62,1.63,1.6,1.6,2715,0
CRIS.US,5,20250930,163000,1.6101,1.6101,1.6101,1.6101,1125,0
CRIS.US,5,20250930,164000,1.64,1.64,1.64,1.64,1000,0
CRIS.US,5,20250930,170000,1.63,1.63,1.63,1.63,200,0
CRIS.US,5,20250930,172000,1.63,1.6498,1.63,1.6498,1242,0
CRIS.US,5,20250930,175000,1.6499,1.6499,1.6499,1.6499,200,0
CRIS.US,5,20250930,180500,1.65,1.65,1.63,1.64,3695,0
CRIS.US,5,20250930,184000,1.65,1.65,1.65,1.65,640,0
CRIS.US,5,20250930,194000,1.65,1.65,1.65,1.65,100,0
CRIS.US,5,20250930,203500,1.6494,1.6494,1.6494,1.6494,100,0
CRIS.US,5,20250930,205500,1.64,1.64,1.64,1.64,114,0
CRIS.US,5,20250930,211000,1.64,1.64,1.64,1.64,114,0
CRIS.US,5,20250930,211500,1.645,1.65,1.645,1.6499,6110,0
CRIS.US,5,20250930,212000,1.65,1.65,1.65,1.65,1500,0
CRIS.US,5,20250930,215500,1.63,1.66,1.63,1.66,338,0
CRIS.US,5,20251001,153000,1.64,1.64,1.64,1.64,2839,0
CRIS.US,5,20251001,154500,1.64,1.65,1.64,1.65,1500,0
CRIS.US,5,20251001,155000,1.651,1.659,1.65,1.659,801,0
CRIS.US,5,20251001,155500,1.65,1.6501,1.64,1.6501,2626,0
CRIS.US,5,20251001,161500,1.67,1.69,1.67,1.678,2808,0
CRIS.US,5,20251001,164000,1.69,1.69,1.69,1.69,100,0
CRIS.US,5,20251001,164500,1.6501,1.6501,1.6501,1.6501,1300,0
CRIS.US,5,20251001,170500,1.6683,1.6683,1.6683,1.6683,148,0
CRIS.US,5,20251001,171000,1.68,1.68,1.68,1.68,172,0
CRIS.US,5,20251001,172000,1.68,1.68,1.68,1.68,134,0
CRIS.US,5,20251001,172500,1.6849,1.6849,1.6849,1.6849,385,0
CRIS.US,5,20251001,175000,1.6787,1.6787,1.6787,1.6787,300,0
CRIS.US,5,20251001,180000,1.675,1.675,1.675,1.675,100,0
CRIS.US,5,20251001,180500,1.661,1.661,1.65,1.655,4002,0
CRIS.US,5,20251001,191500,1.68,1.68,1.68,1.68,448,0
CRIS.US,5,20251001,200500,1.68,1.68,1.68,1.68,100,0
CRIS.US,5,20251001,203000,1.67,1.67,1.67,1.67,100,0
CRIS.US,5,20251001,203500,1.6702,1.68,1.6702,1.6765,800,0
CRIS.US,5,20251001,204000,1.6824,1.6824,1.6824,1.6824,200,0
CRIS.US,5,20251001,205000,1.6837,1.6837,1.6837,1.6837,100,0
CRIS.US,5,20251001,211500,1.68,1.68,1.67,1.67,1177,0
CRIS.US,5,20251001,212000,1.69,1.69,1.69,1.69,100,0
CRIS.US,5,20251001,212500,1.6709,1.6709,1.6701,1.6701,1800,0
CRIS.US,5,20251001,215000,1.68,1.68,1.68,1.68,1109,0
CRIS.US,5,20251001,215500,1.68,1.68,1.67,1.67,1125,0
CRIS.US,5,20251002,153000,1.67,1.67,1.64,1.64,5462,0
CRIS.US,5,20251002,154500,1.67,1.67,1.67,1.67,100,0
CRIS.US,5,20251002,155000,1.6503,1.6503,1.65,1.65,1770,0
CRIS.US,5,20251002,155500,1.6605,1.6605,1.65,1.65,1335,0
CRIS.US,5,20251002,160000,1.68,1.68,1.68,1.68,118,0
CRIS.US,5,20251002,162000,1.6507,1.6507,1.65,1.65,266,0
CRIS.US,5,20251002,162500,1.6695,1.6695,1.6695,1.6695,1500,0
CRIS.US,5,20251002,165000,1.665,1.665,1.665,1.665,498,0
CRIS.US,5,20251002,170500,1.665,1.665,1.665,1.665,450,0
CRIS.US,5,20251002,171000,1.68,1.68,1.68,1.68,100,0
CRIS.US,5,20251002,172000,1.6756,1.6756,1.6756,1.6756,1000,0
CRIS.US,5,20251002,175000,1.66,1.66,1.66,1.66,515,0
CRIS.US,5,20251002,182000,1.67,1.679,1.67,1.679,269,0
CRIS.US,5,20251002,184000,1.66,1.6673,1.64,1.64,5057,0
CRIS.US,5,20251002,185500,1.665,1.665,1.665,1.665,1550,0
CRIS.US,5,20251002,195000,1.65,1.65,1.65,1.65,250,0
CRIS.US,5,20251002,202500,1.65,1.65,1.65,1.65,600,0
CRIS.US,5,20251002,203000,1.67,1.67,1.67,1.67,185,0
CRIS.US,5,20251002,205000,1.65,1.65,1.65,1.65,200,0
CRIS.US,5,20251002,211000,1.65,1.65,1.62,1.62,6068,0
CRIS.US,5,20251002,212000,1.6397,1.6397,1.6397,1.6397,120,0
CRIS.US,5,20251002,213000,1.6399,1.6399,1.6399,1.6399,100,0
CRIS.US,5,20251002,214000,1.63,1.63,1.63,1.63,177,0
CRIS.US,5,20251002,214500,1.625,1.63,1.625,1.63,474,0
CRIS.US,5,20251002,215000,1.62,1.63,1.62,1.63,326,0
CRIS.US,5,20251002,215500,1.62,1.63,1.61,1.61,2632,0
CRIS.US,5,20251003,153000,1.63,1.64,1.6212,1.6212,1138,0
CRIS.US,5,20251003,154500,1.64,1.64,1.64,1.64,400,0
CRIS.US,5,20251003,155000,1.6398,1.6398,1.6203,1.6203,2015,0
CRIS.US,5,20251003,155500,1.64,1.64,1.64,1.64,118,0
CRIS.US,5,20251003,160000,1.64,1.64,1.64,1.64,383,0
CRIS.US,5,20251003,161500,1.6649,1.68,1.6649,1.68,293,0
CRIS.US,5,20251003,162000,1.6907,1.6907,1.6907,1.6907,200,0
CRIS.US,5,20251003,163500,1.69,1.69,1.69,1.69,1000,0
CRIS.US,5,20251003,164000,1.6574,1.6574,1.6574,1.6574,310,0
CRIS.US,5,20251003,165000,1.67,1.67,1.67,1.67,5454,0
CRIS.US,5,20251003,170500,1.6995,1.6995,1.6995,1.6995,294,0
CRIS.US,5,20251003,171500,1.675,1.675,1.675,1.675,300,0
CRIS.US,5,20251003,172000,1.68,1.68,1.68,1.68,500,0
CRIS.US,5,20251003,175000,1.68,1.74,1.67,1.705,20672,0
CRIS.US,5,20251003,175500,1.69,1.7,1.61,1.655,28822,0
CRIS.US,5,20251003,180000,1.647,1.647,1.647,1.647,300,0
CRIS.US,5,20251003,182000,1.66,1.67,1.66,1.66,1426,0
CRIS.US,5,20251003,182500,1.6675,1.6675,1.6675,1.6675,466,0
CRIS.US,5,20251003,183000,1.6587,1.6587,1.65,1.65,3400,0
CRIS.US,5,20251003,185500,1.645,1.65,1.645,1.65,400,0
CRIS.US,5,20251003,190000,1.64,1.6499,1.63,1.635,4525,0
CRIS.US,5,20251003,190500,1.64,1.65,1.64,1.64,4086,0
CRIS.US,5,20251003,193500,1.64,1.65,1.64,1.65,2404,0
CRIS.US,5,20251003,194000,1.65,1.65,1.65,1.65,8000,0
CRIS.US,5,20251003,194500,1.65,1.66,1.6499,1.66,5107,0
CRIS.US,5,20251003,195500,1.67,1.67,1.67,1.67,100,0
CRIS.US,5,20251003,200000,1.68,1.68,1.68,1.68,400,0
CRIS.US,5,20251003,200500,1.67,1.67,1.67,1.67,100,0
CRIS.US,5,20251003,201500,1.6763,1.6763,1.6763,1.6763,100,0
CRIS.US,5,20251003,202000,1.66,1.675,1.66,1.675,502,0
CRIS.US,5,20251003,203000,1.6798,1.6799,1.6798,1.6799,2626,0
CRIS.US,5,20251003,204000,1.66,1.66,1.66,1.66,100,0
CRIS.US,5,20251003,205000,1.66,1.66,1.66,1.66,300,0
CRIS.US,5,20251003,211000,1.66,1.66,1.66,1.66,100,0
CRIS.US,5,20251003,212500,1.66,1.67,1.65,1.67,928,0
CRIS.US,5,20251003,213500,1.67,1.67,1.64,1.64,2154,0
CRIS.US,5,20251003,214500,1.66,1.66,1.66,1.66,700,0
CRIS.US,5,20251003,215000,1.65,1.66,1.65,1.66,700,0
CRIS.US,5,20251003,215500,1.6595,1.66,1.65,1.65,1081,0
CRIS.US,5,20251006,153000,1.7,1.7,1.61,1.61,13388,0
CRIS.US,5,20251006,153500,1.7199,1.7199,1.7199,1.7199,775,0
CRIS.US,5,20251006,154500,1.71,1.715,1.675,1.675,301,0
CRIS.US,5,20251006,155000,1.637,1.64,1.63,1.63,750,0
CRIS.US,5,20251006,160000,1.655,1.655,1.655,1.655,555,0
CRIS.US,5,20251006,161000,1.655,1.655,1.655,1.655,270,0
CRIS.US,5,20251006,161500,1.67,1.67,1.63,1.63,3080,0
CRIS.US,5,20251006,162000,1.63,1.63,1.63,1.63,1200,0
CRIS.US,5,20251006,162500,1.645,1.645,1.645,1.645,1140,0
CRIS.US,5,20251006,164500,1.6501,1.6501,1.6501,1.6501,200,0
CRIS.US,5,20251006,165000,1.65,1.65,1.64,1.64,1080,0
CRIS.US,5,20251006,170000,1.64,1.6408,1.64,1.6408,1780,0
CRIS.US,5,20251006,171000,1.64,1.64,1.64,1.64,100,0
CRIS.US,5,20251006,174000,1.64,1.64,1.64,1.64,433,0
CRIS.US,5,20251006,175500,1.64,1.64,1.64,1.64,450,0
CRIS.US,5,20251006,181500,1.63,1.63,1.63,1.63,100,0
CRIS.US,5,20251006,182000,1.6399,1.6399,1.6399,1.6399,100,0
CRIS.US,5,20251006,184000,1.6456,1.6456,1.6456,1.6456,150,0
CRIS.US,5,20251006,185000,1.64,1.64,1.62,1.62,1028,0
CRIS.US,5,20251006,185500,1.6497,1.6497,1.6399,1.6399,1821,0
CRIS.US,5,20251006,190000,1.6399,1.6399,1.63,1.63,6039,0
CRIS.US,5,20251006,190500,1.64,1.64,1.6325,1.635,550,0
CRIS.US,5,20251006,192000,1.65,1.65,1.65,1.65,1424,0
CRIS.US,5,20251006,192500,1.65,1.65,1.645,1.65,800,0
CRIS.US,5,20251006,193500,1.65,1.65,1.65,1.65,650,0
CRIS.US,5,20251006,195000,1.6796,1.6796,1.6796,1.6796,2000,0
CRIS.US,5,20251006,202000,1.66,1.66,1.65,1.65,1050,0
CRIS.US,5,20251006,204500,1.665,1.665,1.66,1.66,1400,0
CRIS.US,5,20251006,205500,1.655,1.6899,1.655,1.6899,6740,0
CRIS.US,5,20251006,210000,1.69,1.7,1.67,1.69,3456,0
CRIS.US,5,20251006,212000,1.6887,1.6887,1.6817,1.6817,700,0
CRIS.US,5,20251006,213500,1.6813,1.69,1.68,1.69,985,0
CRIS.US,5,20251006,214000,1.68,1.69,1.62,1.66,12680,0
CRIS.US,5,20251006,214500,1.655,1.655,1.655,1.655,500,0
CRIS.US,5,20251006,215000,1.66,1.675,1.66,1.675,1200,0
CRIS.US,5,20251006,215500,1.68,1.68,1.66,1.66,697,0
CRIS.US,5,20251007,153000,1.647,1.7,1.647,1.7,444,0
CRIS.US,5,20251007,153500,1.6979,1.6979,1.6979,1.6979,2500,0
CRIS.US,5,20251007,154000,1.685,1.6967,1.685,1.6967,1250,0
CRIS.US,5,20251007,154500,1.7,1.7,1.67,1.67,2000,0
CRIS.US,5,20251007,160000,1.66,1.66,1.66,1.66,100,0
CRIS.US,5,20251007,161500,1.6917,1.6917,1.66,1.66,400,0
CRIS.US,5,20251007,162000,1.6875,1.6875,1.6875,1.6875,300,0
CRIS.US,5,20251007,163000,1.6772,1.6772,1.6772,1.6772,1000,0
CRIS.US,5,20251007,163500,1.66,1.66,1.66,1.66,1000,0
CRIS.US,5,20251007,164000,1.68,1.68,1.68,1.68,419,0
CRIS.US,5,20251007,165000,1.68,1.68,1.68,1.68,470,0
CRIS.US,5,20251007,171000,1.66,1.68,1.66,1.68,1337,0
CRIS.US,5,20251007,172500,1.69,1.69,1.69,1.69,800,0
CRIS.US,5,20251007,174500,1.68,1.68,1.68,1.68,789,0
CRIS.US,5,20251007,175000,1.66,1.66,1.66,1.66,100,0
CRIS.US,5,20251007,175500,1.69,1.69,1.675,1.6897,3482,0
CRIS.US,5,20251007,180000,1.68,1.7,1.68,1.7,247,0
CRIS.US,5,20251007,182000,1.67,1.6996,1.67,1.68,2660,0
CRIS.US,5,20251007,183500,1.675,1.68,1.6601,1.68,1470,0
CRIS.US,5,20251007,184500,1.6631,1.6631,1.6601,1.6601,1193,0
CRIS.US,5,20251007,185000,1.68,1.68,1.68,1.68,220,0
CRIS.US,5,20251007,190000,1.68,1.68,1.68,1.68,120,0
CRIS.US,5,20251007,191000,1.68,1.6973,1.68,1.6973,715,0
CRIS.US,5,20251007,192000,1.68,1.68,1.67,1.67,1351,0
CRIS.US,5,20251007,192500,1.66,1.66,1.66,1.66,100,0
CRIS.US,5,20251007,201500,1.66,1.66,1.66,1.66,400,0
CRIS.US,5,20251007,202500,1.65,1.65,1.65,1.65,300,0
CRIS.US,5,20251007,203000,1.65,1.65,1.65,1.65,268,0
CRIS.US,5,20251007,205500,1.645,1.645,1.645,1.645,300,0
CRIS.US,5,20251007,210000,1.64,1.65,1.64,1.65,479,0
CRIS.US,5,20251007,211000,1.63,1.6397,1.6,1.6397,5138,0
CRIS.US,5,20251007,212000,1.63,1.63,1.61,1.62,600,0
CRIS.US,5,20251007,212500,1.6496,1.6496,1.6496,1.6496,5000,0
CRIS.US,5,20251007,213500,1.61,1.61,1.61,1.61,100,0
CRIS.US,5,20251007,215000,1.63,1.635,1.63,1.635,800,0
CRIS.US,5,20251007,215500,1.6475,1.6475,1.62,1.62,1895,0
CRIS.US,5,20251008,153000,1.63,1.63,1.63,1.63,190,0
CRIS.US,5,20251008,153500,1.64,1.64,1.64,1.64,150,0
CRIS.US,5,20251008,154500,1.6375,1.6375,1.6375,1.6375,500,0
CRIS.US,5,20251008,161000,1.6452,1.6452,1.6452,1.6452,100,0
CRIS.US,5,20251008,162000,1.6635,1.6635,1.65,1.65,400,0
CRIS.US,5,20251008,162500,1.66,1.68,1.66,1.66,1585,0
CRIS.US,5,20251008,163500,1.65,1.65,1.65,1.65,100,0
CRIS.US,5,20251008,164000,1.6698,1.6698,1.6698,1.6698,200,0
CRIS.US,5,20251008,164500,1.6602,1.6602,1.6602,1.6602,100,0
CRIS.US,5,20251008,165000,1.67,1.67,1.66,1.66,36042,0
CRIS.US,5,20251008,170500,1.66,1.6614,1.61,1.624,10381,0
CRIS.US,5,20251008,171000,1.6532,1.6532,1.6532,1.6532,219,0
CRIS.US,5,20251008,172500,1.63,1.64,1.61,1.64,500,0
CRIS.US,5,20251008,173000,1.635,1.65,1.635,1.635,1100,0
CRIS.US,5,20251008,174000,1.62,1.6324,1.62,1.6324,2955,0
CRIS.US,5,20251008,174500,1.645,1.645,1.645,1.645,100,0
CRIS.US,5,20251008,180000,1.645,1.645,1.63,1.63,4100,0
CRIS.US,5,20251008,182500,1.65,1.65,1.65,1.65,2500,0
CRIS.US,5,20251008,183000,1.63,1.63,1.63,1.63,100,0
CRIS.US,5,20251008,183500,1.63,1.63,1.63,1.63,100,0
CRIS.US,5,20251008,184500,1.66,1.66,1.65,1.655,3590,0
CRIS.US,5,20251008,185000,1.6496,1.6496,1.6496,1.6496,2060,0
CRIS.US,5,20251008,190500,1.6536,1.66,1.64,1.66,1079,0
CRIS.US,5,20251008,191000,1.66,1.66,1.65,1.65,1013,0
CRIS.US,5,20251008,192500,1.6409,1.6409,1.6409,1.6409,117,0
CRIS.US,5,20251008,193000,1.632,1.632,1.632,1.632,500,0
CRIS.US,5,20251008,193500,1.63,1.63,1.63,1.63,100,0
CRIS.US,5,20251008,194000,1.632,1.632,1.62,1.63,1487,0
CRIS.US,5,20251008,194500,1.62,1.63,1.62,1.63,365,0
CRIS.US,5,20251008,195500,1.635,1.635,1.635,1.635,500,0
CRIS.US,5,20251008,200000,1.6369,1.6369,1.6369,1.6369,100,0
CRIS.US,5,20251008,200500,1.6306,1.6306,1.6306,1.6306,250,0
CRIS.US,5,20251008,201500,1.635,1.635,1.62,1.62,600,0
CRIS.US,5,20251008,202000,1.63,1.63,1.63,1.63,987,0
CRIS.US,5,20251008,203500,1.65,1.65,1.62,1.625,1233,0
CRIS.US,5,20251008,204500,1.63,1.63,1.63,1.63,200,0
CRIS.US,5,20251008,205000,1.62,1.63,1.62,1.63,200,0
CRIS.US,5,20251008,210500,1.6599,1.6599,1.6408,1.6408,1950,0
CRIS.US,5,20251008,211000,1.645,1.645,1.63,1.63,2715,0
CRIS.US,5,20251008,211500,1.63,1.63,1.63,1.63,100,0
CRIS.US,5,20251008,212000,1.6498,1.6498,1.63,1.63,500,0
CRIS.US,5,20251008,213000,1.63,1.64,1.63,1.64,300,0
CRIS.US,5,20251008,213500,1.6403,1.6403,1.62,1.62,2746,0
CRIS.US,5,20251008,214000,1.62,1.62,1.62,1.62,100,0
CRIS.US,5,20251008,214500,1.62,1.62,1.62,1.62,500,0
CRIS.US,5,20251008,215000,1.6304,1.6304,1.63,1.63,2100,0
CRIS.US,5,20251008,215500,1.62,1.65,1.62,1.62,5748,0
CRIS.US,5,20251009,153000,1.67,1.67,1.67,1.67,2002,0
CRIS.US,5,20251009,153500,1.67,1.67,1.6459,1.6459,2770,0
CRIS.US,5,20251009,154500,1.68,1.68,1.68,1.68,535,0
CRIS.US,5,20251009,155000,1.68,1.68,1.68,1.68,100,0
CRIS.US,5,20251009,160500,1.65,1.68,1.65,1.66,503,0
CRIS.US,5,20251009,161000,1.67,1.68,1.67,1.68,563,0
CRIS.US,5,20251009,161500,1.665,1.665,1.665,1.665,100,0
CRIS.US,5,20251009,162500,1.67,1.67,1.67,1.67,1119,0
CRIS.US,5,20251009,163000,1.66,1.66,1.64,1.65,1070,0
CRIS.US,5,20251009,170000,1.66,1.66,1.66,1.66,200,0
CRIS.US,5,20251009,172000,1.6799,1.6799,1.6799,1.6799,200,0
CRIS.US,5,20251009,173500,1.6631,1.6631,1.6631,1.6631,500,0
CRIS.US,5,20251009,174000,1.65,1.65,1.6,1.625,5909,0
CRIS.US,5,20251009,174500,1.65,1.6514,1.64,1.65,2890,0
CRIS.US,5,20251009,175500,1.65,1.65,1.65,1.65,2400,0
CRIS.US,5,20251009,181000,1.65,1.65,1.65,1.65,300,0
CRIS.US,5,20251009,182000,1.64,1.64,1.64,1.64,300,0
CRIS.US,5,20251009,183000,1.6613,1.6613,1.65,1.65,1010,0
CRIS.US,5,20251009,184500,1.64,1.64,1.635,1.635,372,0
CRIS.US,5,20251009,190000,1.62,1.63,1.62,1.63,2100,0
CRIS.US,5,20251009,190500,1.6224,1.6366,1.6224,1.631,864,0
CRIS.US,5,20251009,193000,1.63,1.63,1.63,1.63,800,0
CRIS.US,5,20251009,195000,1.63,1.63,1.63,1.63,540,0
CRIS.US,5,20251009,201500,1.63,1.63,1.63,1.63,300,0
CRIS.US,5,20251009,202000,1.62,1.62,1.62,1.62,3517,0
CRIS.US,5,20251009,202500,1.62,1.62,1.62,1.62,850,0
CRIS.US,5,20251009,204500,1.615,1.615,1.615,1.615,378,0
CRIS.US,5,20251009,205500,1.6199,1.6199,1.6199,1.6199,123,0
CRIS.US,5,20251009,210000,1.62,1.62,1.62,1.62,6292,0
CRIS.US,5,20251009,210500,1.62,1.63,1.615,1.62,10593,0
CRIS.US,5,20251009,211000,1.62,1.625,1.62,1.62,800,0
CRIS.US,5,20251009,211500,1.61,1.61,1.61,1.61,200,0
CRIS.US,5,20251009,212000,1.61,1.61,1.61,1.61,210,0
CRIS.US,5,20251009,212500,1.61,1.62,1.61,1.62,300,0
CRIS.US,5,20251009,213000,1.61,1.62,1.61,1.61,520,0
CRIS.US,5,20251009,213500,1.61,1.61,1.61,1.61,200,0
CRIS.US,5,20251009,214000,1.61,1.62,1.61,1.62,480,0
CRIS.US,5,20251009,214500,1.61,1.6179,1.61,1.6179,574,0
CRIS.US,5,20251009,215000,1.62,1.625,1.61,1.61,700,0
CRIS.US,5,20251009,215500,1.613,1.613,1.61,1.61,1257,0
CRIS.US,5,20251010,153000,1.62,1.62,1.612,1.612,908,0
CRIS.US,5,20251010,153500,1.6694,1.6694,1.6694,1.6694,2000,0
CRIS.US,5,20251010,154000,1.649,1.649,1.649,1.649,302,0
CRIS.US,5,20251010,154500,1.61,1.61,1.61,1.61,200,0
CRIS.US,5,20251010,155000,1.65,1.65,1.61,1.61,1230,0
CRIS.US,5,20251010,160500,1.61,1.64,1.59,1.6285,3040,0
CRIS.US,5,20251010,161500,1.6,1.6,1.6,1.6,200,0
CRIS.US,5,20251010,162000,1.61,1.6195,1.61,1.6195,609,0
CRIS.US,5,20251010,162500,1.62,1.62,1.6198,1.6198,2971,0
CRIS.US,5,20251010,163500,1.6187,1.62,1.6187,1.62,3900,0
CRIS.US,5,20251010,164000,1.6001,1.618,1.59,1.59,3905,0
CRIS.US,5,20251010,164500,1.5957,1.5957,1.5957,1.5957,1000,0
CRIS.US,5,20251010,165000,1.5987,1.5987,1.5987,1.5987,100,0
CRIS.US,5,20251010,170000,1.5998,1.5998,1.58,1.58,472,0
CRIS.US,5,20251010,171500,1.57,1.58,1.57,1.58,9200,0
CRIS.US,5,20251010,172000,1.57,1.57,1.57,1.57,2553,0
CRIS.US,5,20251010,172500,1.57,1.57,1.57,1.57,1926,0
CRIS.US,5,20251010,173000,1.57,1.57,1.57,1.57,700,0
CRIS.US,5,20251010,173500,1.58,1.58,1.58,1.58,200,0
CRIS.US,5,20251010,175000,1.5835,1.5887,1.57,1.5887,491,0
CRIS.US,5,20251010,180000,1.58,1.58,1.58,1.58,2778,0
CRIS.US,5,20251010,181000,1.57,1.5894,1.57,1.5894,1363,0
CRIS.US,5,20251010,182000,1.58,1.58,1.58,1.58,125,0
CRIS.US,5,20251010,183000,1.57,1.57,1.57,1.57,100,0
CRIS.US,5,20251010,183500,1.57,1.57,1.57,1.57,2198,0
CRIS.US,5,20251010,184000,1.578561,1.578561,1.57,1.57,1300,0
CRIS.US,5,20251010,184500,1.57,1.57,1.57,1.57,1000,0
CRIS.US,5,20251010,185000,1.57,1.57,1.57,1.57,1000,0
CRIS.US,5,20251010,185500,1.57,1.57,1.57,1.57,900,0
CRIS.US,5,20251010,190000,1.57,1.5765,1.57,1.57,1300,0
CRIS.US,5,20251010,190500,1.57,1.57,1.57,1.57,1100,0
CRIS.US,5,20251010,191000,1.57,1.57,1.57,1.57,600,0
CRIS.US,5,20251010,191500,1.57,1.57,1.53,1.5693,10970,0
CRIS.US,5,20251010,193000,1.5667,1.5667,1.5667,1.5667,382,0
CRIS.US,5,20251010,193500,1.55,1.57,1.55,1.57,3439,0
CRIS.US,5,20251010,194500,1.57,1.57,1.55,1.55,3900,0
CRIS.US,5,20251010,201500,1.5565,1.5565,1.5565,1.5565,128,0
CRIS.US,5,20251010,202000,1.5599,1.5599,1.5599,1.5599,100,0
CRIS.US,5,20251010,202500,1.54,1.54,1.54,1.54,3000,0
CRIS.US,5,20251010,203500,1.56,1.56,1.56,1.56,100,0
CRIS.US,5,20251010,204000,1.54,1.54,1.5294,1.5294,1725,0
CRIS.US,5,20251010,204500,1.53,1.5492,1.52,1.5492,1633,0
CRIS.US,5,20251010,210500,1.54,1.56,1.54,1.56,2000,0
CRIS.US,5,20251010,211500,1.5477,1.5477,1.5477,1.5477,296,0
CRIS.US,5,20251010,212000,1.55,1.55,1.535,1.535,1200,0
CRIS.US,5,20251010,212500,1.54,1.56,1.53,1.54,10973,0
CRIS.US,5,20251010,213000,1.53,1.53,1.53,1.53,320,0
CRIS.US,5,20251010,213500,1.5573,1.5573,1.53,1.53,970,0
CRIS.US,5,20251010,214000,1.52,1.52,1.52,1.52,9455,0
CRIS.US,5,20251010,214500,1.53,1.53,1.5299,1.53,1991,0
CRIS.US,5,20251010,215000,1.5404,1.5404,1.5404,1.5404,250,0
CRIS.US,5,20251010,215500,1.5354,1.5354,1.52,1.52,940,0
CRIS.US,5,20251013,153000,1.59,1.6196,1.59,1.6196,1005,0
CRIS.US,5,20251013,153500,1.5823,1.5823,1.56,1.56,10736,0
CRIS.US,5,20251013,154000,1.53,1.53,1.53,1.53,129,0
CRIS.US,5,20251013,154500,1.5287,1.555,1.5287,1.555,2500,0
CRIS.US,5,20251013,155500,1.555,1.555,1.555,1.555,566,0
CRIS.US,5,20251013,160000,1.555,1.555,1.52,1.5345,1041,0
CRIS.US,5,20251013,160500,1.55,1.55,1.55,1.55,200,0
CRIS.US,5,20251013,161000,1.51,1.515,1.51,1.515,254,0
CRIS.US,5,20251013,161500,1.51,1.51,1.51,1.51,100,0
CRIS.US,5,20251013,162000,1.52,1.52,1.52,1.52,100,0
CRIS.US,5,20251013,162500,1.5258,1.5258,1.52,1.52,229,0
CRIS.US,5,20251013,163500,1.5101,1.535,1.5101,1.535,5079,0
CRIS.US,5,20251013,164000,1.535,1.535,1.535,1.535,100,0
CRIS.US,5,20251013,164500,1.51,1.51,1.51,1.51,100,0
CRIS.US,5,20251013,171000,1.525,1.525,1.525,1.525,1000,0
CRIS.US,5,20251013,171500,1.52,1.52,1.52,1.52,342,0
CRIS.US,5,20251013,172000,1.502,1.502,1.49,1.5,6680,0
CRIS.US,5,20251013,172500,1.48,1.5,1.45,1.48,3705,0
CRIS.US,5,20251013,173000,1.46,1.46,1.45,1.455,1534,0
CRIS.US,5,20251013,173500,1.466,1.47,1.455,1.47,740,0
CRIS.US,5,20251013,174000,1.49,1.49,1.43,1.45,6107,0
CRIS.US,5,20251013,174500,1.45,1.46,1.44,1.46,1093,0
CRIS.US,5,20251013,175000,1.46,1.46,1.45,1.45,5484,0
CRIS.US,5,20251013,175500,1.45,1.45,1.45,1.45,100,0
CRIS.US,5,20251013,180000,1.4574,1.48,1.45,1.45,1071,0
CRIS.US,5,20251013,180500,1.46,1.46,1.45,1.45,300,0
CRIS.US,5,20251013,181000,1.45,1.45,1.45,1.45,210,0
CRIS.US,5,20251013,181500,1.45,1.475,1.45,1.475,850,0
CRIS.US,5,20251013,182000,1.45,1.45,1.45,1.45,320,0
CRIS.US,5,20251013,182500,1.45,1.46,1.45,1.45,900,0
CRIS.US,5,20251013,184500,1.5,1.5,1.4903,1.4903,350,0
CRIS.US,5,20251013,185000,1.45,1.45,1.45,1.45,440,0
CRIS.US,5,20251013,190000,1.4779,1.4781,1.45,1.4746,900,0
CRIS.US,5,20251013,190500,1.45,1.45,1.4499,1.4499,3264,0
CRIS.US,5,20251013,191000,1.45,1.45,1.45,1.45,300,0
CRIS.US,5,20251013,191500,1.443,1.443,1.443,1.443,100,0
CRIS.US,5,20251013,193500,1.45,1.46,1.45,1.46,404,0
CRIS.US,5,20251013,194000,1.47,1.47,1.46,1.46,800,0
CRIS.US,5,20251013,194500,1.47,1.48,1.47,1.47,2000,0
CRIS.US,5,20251013,200000,1.47,1.47,1.46,1.46,740,0
CRIS.US,5,20251013,200500,1.46,1.46,1.46,1.46,100,0
CRIS.US,5,20251013,201000,1.4696,1.4696,1.4696,1.4696,582,0
CRIS.US,5,20251013,203500,1.47,1.47,1.46,1.46,1128,0
CRIS.US,5,20251013,204500,1.47,1.4899,1.47,1.4899,200,0
CRIS.US,5,20251013,205000,1.49,1.49,1.49,1.49,134,0
CRIS.US,5,20251013,210000,1.4786,1.4786,1.4786,1.4786,2000,0
CRIS.US,5,20251013,210500,1.4719,1.4719,1.4719,1.4719,144,0
CRIS.US,5,20251013,211500,1.485,1.485,1.485,1.485,190,0
CRIS.US,5,20251013,212000,1.4992,1.4992,1.4992,1.4992,117,0
CRIS.US,5,20251013,214500,1.47,1.475,1.45,1.475,1123,0
CRIS.US,5,20251013,215000,1.475,1.475,1.475,1.475,500,0
CRIS.US,5,20251013,215500,1.475,1.475,1.45,1.45,1099,0
CRIS.US,5,20251014,153000,1.48,1.5,1.475,1.5,4469,0
CRIS.US,5,20251014,153500,1.4827,1.4827,1.4827,1.4827,150,0
CRIS.US,5,20251014,154500,1.5,1.55,1.5,1.55,4779,0
CRIS.US,5,20251014,155000,1.5495,1.5495,1.52,1.52,400,0
CRIS.US,5,20251014,155500,1.54,1.54,1.54,1.54,649,0
CRIS.US,5,20251014,160000,1.5227,1.5336,1.5227,1.5336,282,0
CRIS.US,5,20251014,161000,1.5304,1.5355,1.5304,1.5355,500,0
CRIS.US,5,20251014,161500,1.5342,1.5342,1.525,1.525,250,0
CRIS.US,5,20251014,162000,1.535,1.54,1.53,1.5301,970,0
CRIS.US,5,20251014,162500,1.5375,1.5375,1.52,1.52,2330,0
CRIS.US,5,20251014,163000,1.52,1.52,1.52,1.52,3000,0
CRIS.US,5,20251014,163500,1.52,1.53,1.52,1.525,3534,0
CRIS.US,5,20251014,164000,1.5101,1.525,1.5101,1.525,2300,0
CRIS.US,5,20251014,165000,1.5101,1.5101,1.5,1.5,842,0
CRIS.US,5,20251014,165500,1.5,1.5,1.4997,1.4997,5164,0
CRIS.US,5,20251014,170500,1.5118,1.5118,1.5118,1.5118,100,0
CRIS.US,5,20251014,171000,1.51,1.51,1.48,1.49,912,0
CRIS.US,5,20251014,171500,1.495,1.495,1.495,1.495,700,0
CRIS.US,5,20251014,172000,1.49,1.49,1.49,1.49,200,0
CRIS.US,5,20251014,173000,1.49,1.5005,1.48,1.5005,490,0
CRIS.US,5,20251014,173500,1.4868,1.4868,1.4868,1.4868,2000,0
CRIS.US,5,20251014,174000,1.4605,1.4605,1.4605,1.4605,3049,0
CRIS.US,5,20251014,175500,1.49,1.49,1.49,1.49,100,0
CRIS.US,5,20251014,180000,1.48,1.48,1.48,1.48,200,0
CRIS.US,5,20251014,180500,1.48,1.4824,1.48,1.48,782,0
CRIS.US,5,20251014,181000,1.475,1.49,1.475,1.49,837,0
CRIS.US,5,20251014,182000,1.49,1.49,1.49,1.49,10076,0
CRIS.US,5,20251014,182500,1.4878,1.4878,1.4878,1.4878,223,0
CRIS.US,5,20251014,183500,1.48,1.48,1.48,1.48,1900,0
CRIS.US,5,20251014,184000,1.47,1.47,1.47,1.47,1833,0
CRIS.US,5,20251014,184500,1.47,1.47,1.47,1.47,500,0
CRIS.US,5,20251014,190000,1.48,1.48,1.48,1.48,100,0
CRIS.US,5,20251014,190500,1.47,1.4951,1.47,1.485,1474,0
CRIS.US,5,20251014,191500,1.485,1.485,1.485,1.485,200,0
CRIS.US,5,20251014,192000,1.47,1.47,1.47,1.47,300,0
CRIS.US,5,20251014,192500,1.4912,1.4912,1.47,1.485,7125,0
CRIS.US,5,20251014,195000,1.51,1.51,1.49,1.49,700,0
CRIS.US,5,20251014,195500,1.48,1.48,1.48,1.48,300,0
CRIS.US,5,20251014,200000,1.48,1.48,1.47,1.47,600,0
CRIS.US,5,20251014,200500,1.48,1.48,1.48,1.48,400,0
CRIS.US,5,20251014,202500,1.49,1.49,1.47,1.47,1300,0
CRIS.US,5,20251014,203000,1.48,1.48,1.48,1.48,1088,0
CRIS.US,5,20251014,203500,1.48,1.48,1.48,1.48,500,0
CRIS.US,5,20251014,204000,1.485,1.49,1.48,1.48,1400,0
CRIS.US,5,20251014,205000,1.495,1.53,1.495,1.53,2590,0
CRIS.US,5,20251014,211000,1.52,1.52,1.52,1.52,3582,0
CRIS.US,5,20251014,212000,1.54,1.54,1.54,1.54,450,0
CRIS.US,5,20251014,212500,1.52,1.52,1.52,1.52,1100,0
CRIS.US,5,20251014,213000,1.53,1.53,1.53,1.53,1800,0
CRIS.US,5,20251014,213500,1.53,1.55,1.52,1.52,1904,0
CRIS.US,5,20251014,215500,1.545,1.545,1.53,1.54,566,0
CRIS.US,5,20251015,153000,1.56,1.57,1.47,1.57,8045,0
CRIS.US,5,20251015,153500,1.57,1.57,1.54,1.54,2134,0
CRIS.US,5,20251015,154000,1.56,1.56,1.56,1.56,655,0
CRIS.US,5,20251015,154500,1.55,1.55,1.55,1.55,100,0
CRIS.US,5,20251015,155000,1.555,1.555,1.555,1.555,410,0
CRIS.US,5,20251015,155500,1.56,1.57,1.56,1.57,654,0
CRIS.US,5,20251015,160000,1.5602,1.6288,1.5602,1.6,1758,0
CRIS.US,5,20251015,161000,1.59,1.59,1.59,1.59,400,0
CRIS.US,5,20251015,161500,1.58,1.58,1.58,1.58,500,0
CRIS.US,5,20251015,162500,1.58,1.58,1.58,1.58,500,0
CRIS.US,5,20251015,163000,1.59,1.59,1.575,1.575,1000,0
CRIS.US,5,20251015,163500,1.575,1.575,1.575,1.575,892,0
CRIS.US,5,20251015,164000,1.575,1.575,1.575,1.575,100,0
CRIS.US,5,20251015,164500,1.575,1.575,1.575,1.575,1000,0
CRIS.US,5,20251015,165000,1.575,1.575,1.575,1.575,100,0
CRIS.US,5,20251015,170500,1.5799,1.5799,1.5799,1.5799,130,0
CRIS.US,5,20251015,171000,1.5602,1.5602,1.5602,1.5602,2000,0
CRIS.US,5,20251015,171500,1.56,1.56,1.56,1.56,1000,0
CRIS.US,5,20251015,172000,1.56,1.57,1.555,1.555,1696,0
CRIS.US,5,20251015,172500,1.57,1.57,1.57,1.57,950,0
CRIS.US,5,20251015,173500,1.555,1.555,1.555,1.555,100,0
CRIS.US,5,20251015,174000,1.55,1.55,1.55,1.55,309,0
CRIS.US,5,20251015,174500,1.56,1.56,1.54,1.54,600,0
CRIS.US,5,20251015,175000,1.5799,1.5799,1.52,1.54,2974,0
CRIS.US,5,20251015,175500,1.545,1.545,1.52,1.52,2268,0
CRIS.US,5,20251015,180000,1.53,1.55,1.52,1.55,4053,0
CRIS.US,5,20251015,180500,1.535,1.535,1.535,1.535,330,0
CRIS.US,5,20251015,181500,1.5558,1.5558,1.5558,1.5558,641,0
CRIS.US,5,20251015,182000,1.54,1.54,1.54,1.54,100,0
CRIS.US,5,20251015,182500,1.54,1.54,1.54,1.54,100,0
CRIS.US,5,20251015,184000,1.5301,1.545,1.5301,1.545,800,0
CRIS.US,5,20251015,184500,1.545,1.545,1.545,1.545,3000,0
CRIS.US,5,20251015,185000,1.5512,1.5512,1.5512,1.5512,100,0
CRIS.US,5,20251015,185500,1.545,1.545,1.545,1.545,100,0
CRIS.US,5,20251015,190500,1.545,1.56,1.53,1.53,7714,0
CRIS.US,5,20251015,191000,1.545,1.5597,1.545,1.5597,9000,0
CRIS.US,5,20251015,191500,1.56,1.56,1.55,1.55,200,0
CRIS.US,5,20251015,193000,1.56,1.56,1.55,1.55,200,0
CRIS.US,5,20251015,193500,1.55,1.55,1.55,1.55,300,0
CRIS.US,5,20251015,194500,1.55,1.56,1.55,1.555,2106,0
CRIS.US,5,20251015,195000,1.555,1.555,1.555,1.555,200,0
CRIS.US,5,20251015,195500,1.555,1.555,1.555,1.555,100,0
CRIS.US,5,20251015,200000,1.55,1.55,1.55,1.55,500,0
CRIS.US,5,20251015,201000,1.56,1.56,1.54,1.54,1300,0
CRIS.US,5,20251015,201500,1.55,1.55,1.55,1.55,300,0
CRIS.US,5,20251015,203000,1.55,1.55,1.55,1.55,200,0
CRIS.US,5,20251015,204500,1.55,1.55,1.55,1.55,400,0
CRIS.US,5,20251015,205000,1.55,1.55,1.55,1.55,100,0
CRIS.US,5,20251015,211000,1.55,1.55,1.54,1.55,2051,0
CRIS.US,5,20251015,211500,1.53,1.54,1.51,1.535,2395,0
CRIS.US,5,20251015,212000,1.535,1.535,1.535,1.535,419,0
CRIS.US,5,20251015,213000,1.53,1.535,1.53,1.535,300,0
CRIS.US,5,20251015,213500,1.535,1.535,1.53,1.53,200,0
CRIS.US,5,20251015,214500,1.53,1.555,1.53,1.555,6612,0
CRIS.US,5,20251015,215000,1.555,1.555,1.555,1.555,200,0
CRIS.US,5,20251015,215500,1.54,1.5574,1.54,1.54,625,0
CRIS.US,5,20251016,153000,1.54,1.54,1.54,1.54,470,0
CRIS.US,5,20251016,154000,1.5537,1.5537,1.5537,1.5537,900,0
CRIS.US,5,20251016,155000,1.5596,1.5596,1.5596,1.5596,1000,0
CRIS.US,5,20251016,155500,1.5734,1.5734,1.5734,1.5734,175,0
CRIS.US,5,20251016,161500,1.5576,1.5799,1.5576,1.5799,2917,0
CRIS.US,5,20251016,162000,1.56,1.56,1.56,1.56,100,0
CRIS.US,5,20251016,162500,1.5721,1.5721,1.5721,1.5721,100,0
CRIS.US,5,20251016,164000,1.5567,1.5567,1.5567,1.5567,232,0
CRIS.US,5,20251016,164500,1.5501,1.57,1.5501,1.57,8307,0
CRIS.US,5,20251016,165000,1.5763,1.5763,1.5763,1.5763,100,0
CRIS.US,5,20251016,170000,1.55,1.575,1.55,1.5675,1400,0
CRIS.US,5,20251016,170500,1.5665,1.5665,1.5665,1.5665,300,0
CRIS.US,5,20251016,171000,1.55,1.55,1.52,1.55,2838,0
CRIS.US,5,20251016,172000,1.54,1.54,1.54,1.54,177,0
CRIS.US,5,20251016,175500,1.56,1.57,1.55,1.57,1120,0
CRIS.US,5,20251016,180500,1.5698,1.5698,1.559,1.559,1400,0
CRIS.US,5,20251016,181000,1.57,1.57,1.56,1.565,1823,0
CRIS.US,5,20251016,184000,1.57,1.58,1.56,1.57,2197,0
CRIS.US,5,20251016,185000,1.56,1.56,1.56,1.56,1106,0
CRIS.US,5,20251016,185500,1.57,1.57,1.57,1.57,168,0
CRIS.US,5,20251016,193000,1.58,1.58,1.58,1.58,1494,0
CRIS.US,5,20251016,194000,1.58,1.58,1.58,1.58,300,0
CRIS.US,5,20251016,195000,1.577,1.577,1.577,1.577,750,0
CRIS.US,5,20251016,195500,1.58,1.58,1.58,1.58,1500,0
CRIS.US,5,20251016,202000,1.58,1.58,1.58,1.58,250,0
CRIS.US,5,20251016,203500,1.588,1.6,1.588,1.6,363,0
CRIS.US,5,20251016,204500,1.5961,1.5961,1.5961,1.5961,118,0
CRIS.US,5,20251016,205500,1.5918,1.5918,1.5918,1.5918,914,0
CRIS.US,5,20251016,210000,1.59,1.59,1.56,1.56,413,0
CRIS.US,5,20251016,210500,1.587,1.587,1.587,1.587,120,0
CRIS.US,5,20251016,211500,1.58,1.58,1.55,1.57,3970,0
CRIS.US,5,20251016,212000,1.5999,1.5999,1.5999,1.5999,100,0
CRIS.US,5,20251016,212500,1.56,1.56,1.56,1.56,4000,0
CRIS.US,5,20251016,213000,1.57,1.57,1.57,1.57,1000,0
CRIS.US,5,20251016,213500,1.575,1.5765,1.575,1.5765,850,0
CRIS.US,5,20251016,214000,1.58,1.585,1.58,1.585,250,0
CRIS.US,5,20251016,214500,1.585,1.585,1.585,1.585,100,0
CRIS.US,5,20251016,215500,1.59,1.59,1.56,1.56,1221,0
CRIS.US,5,20251017,153000,1.55,1.55,1.55,1.55,1924,0
CRIS.US,5,20251017,153500,1.55,1.55,1.55,1.55,2000,0
CRIS.US,5,20251017,155000,1.56,1.56,1.56,1.56,100,0
CRIS.US,5,20251017,160000,1.5501,1.56,1.5501,1.56,601,0
CRIS.US,5,20251017,160500,1.56,1.56,1.56,1.56,200,0
CRIS.US,5,20251017,161000,1.56,1.56,1.56,1.56,100,0
CRIS.US,5,20251017,163500,1.55,1.55,1.55,1.55,400,0
CRIS.US,5,20251017,164500,1.5697,1.5697,1.5697,1.5697,1000,0
CRIS.US,5,20251017,165000,1.56,1.565,1.56,1.565,400,0
CRIS.US,5,20251017,165500,1.56,1.57,1.56,1.57,411,0
CRIS.US,5,20251017,171000,1.5696,1.5696,1.5696,1.5696,200,0
CRIS.US,5,20251017,171500,1.56,1.56,1.56,1.56,100,0
CRIS.US,5,20251017,173000,1.56,1.56,1.56,1.56,300,0
CRIS.US,5,20251017,173500,1.55,1.55,1.54,1.55,2647,0
CRIS.US,5,20251017,174000,1.56,1.56,1.54,1.54,3174,0
CRIS.US,5,20251017,174500,1.555,1.555,1.54,1.54,700,0
CRIS.US,5,20251017,175500,1.54,1.555,1.54,1.555,300,0
CRIS.US,5,20251017,180000,1.54,1.54,1.54,1.54,700,0
CRIS.US,5,20251017,181500,1.55,1.5699,1.55,1.5699,291,0
CRIS.US,5,20251017,182000,1.53,1.53,1.53,1.53,940,0
CRIS.US,5,20251017,184500,1.54,1.54,1.54,1.54,100,0
CRIS.US,5,20251017,185000,1.53,1.5499,1.53,1.5499,1538,0
CRIS.US,5,20251017,185500,1.54,1.54,1.54,1.54,100,0
CRIS.US,5,20251017,190000,1.53,1.53,1.53,1.53,100,0
CRIS.US,5,20251017,190500,1.53,1.5465,1.53,1.5465,450,0
CRIS.US,5,20251017,191000,1.53,1.53,1.53,1.53,200,0
CRIS.US,5,20251017,191500,1.5356,1.54,1.53,1.53,550,0
CRIS.US,5,20251017,192000,1.53,1.53,1.53,1.53,494,0
CRIS.US,5,20251017,192500,1.53,1.531,1.53,1.53,1300,0
CRIS.US,5,20251017,193000,1.53,1.53,1.53,1.53,300,0
CRIS.US,5,20251017,193500,1.53,1.54,1.53,1.54,890,0
CRIS.US,5,20251017,194000,1.53,1.53,1.53,1.53,100,0
CRIS.US,5,20251017,194500,1.53,1.53,1.53,1.53,200,0
CRIS.US,5,20251017,195000,1.53,1.53,1.53,1.53,400,0
CRIS.US,5,20251017,195500,1.54,1.54,1.53,1.53,620,0
CRIS.US,5,20251017,200000,1.545,1.545,1.545,1.545,100,0
CRIS.US,5,20251017,201500,1.55,1.55,1.55,1.55,100,0
CRIS.US,5,20251017,203500,1.54,1.54,1.54,1.54,273,0
CRIS.US,5,20251017,205500,1.55,1.5598,1.55,1.55,1443,0
CRIS.US,5,20251017,210000,1.55,1.55,1.55,1.55,538,0
CRIS.US,5,20251017,211000,1.5609,1.5609,1.5609,1.5609,130,0
CRIS.US,5,20251017,211500,1.55,1.55,1.55,1.55,400,0
CRIS.US,5,20251017,212500,1.54,1.54,1.52,1.53,9040,0
CRIS.US,5,20251017,214500,1.53,1.54,1.53,1.54,300,0
CRIS.US,5,20251017,215000,1.53,1.53,1.53,1.53,649,0
CRIS.US,5,20251017,215500,1.54,1.54,1.54,1.54,257,0
CRIS.US,5,20251020,153000,1.56,1.58,1.55,1.58,2205,0
CRIS.US,5,20251020,153500,1.56,1.58,1.56,1.58,6000,0
CRIS.US,5,20251020,154000,1.61,1.61,1.61,1.61,500,0
CRIS.US,5,20251020,154500,1.6,1.6,1.6,1.6,100,0
CRIS.US,5,20251020,155000,1.58,1.5946,1.58,1.5946,700,0
CRIS.US,5,20251020,155500,1.58,1.58,1.58,1.58,200,0
CRIS.US,5,20251020,160500,1.57,1.57,1.57,1.57,200,0
CRIS.US,5,20251020,161500,1.5799,1.5799,1.55,1.55,634,0
CRIS.US,5,20251020,163000,1.58,1.58,1.58,1.58,367,0
CRIS.US,5,20251020,163500,1.565,1.565,1.565,1.565,100,0
CRIS.US,5,20251020,165000,1.5746,1.5746,1.5746,1.5746,5000,0
CRIS.US,5,20251020,165500,1.5831,1.5831,1.57,1.57,1750,0
CRIS.US,5,20251020,170500,1.59,1.59,1.59,1.59,100,0
CRIS.US,5,20251020,171500,1.575,1.575,1.575,1.575,100,0
CRIS.US,5,20251020,172000,1.59,1.59,1.59,1.59,100,0
CRIS.US,5,20251020,173000,1.59,1.59,1.59,1.59,100,0
CRIS.US,5,20251020,174000,1.59,1.59,1.59,1.59,100,0
CRIS.US,5,20251020,174500,1.59,1.59,1.58,1.58,1870,0
CRIS.US,5,20251020,175500,1.59,1.59,1.59,1.59,100,0
CRIS.US,5,20251020,180000,1.59,1.59,1.59,1.59,100,0
CRIS.US,5,20251020,181500,1.58,1.58,1.58,1.58,213,0
CRIS.US,5,20251020,182000,1.59,1.59,1.58,1.58,1100,0
CRIS.US,5,20251020,183000,1.6,1.6,1.6,1.6,100,0
CRIS.US,5,20251020,183500,1.6003,1.6003,1.6003,1.6003,150,0
CRIS.US,5,20251020,184000,1.604,1.604,1.604,1.604,1300,0
CRIS.US,5,20251020,185000,1.61,1.61,1.61,1.61,100,0
CRIS.US,5,20251020,190500,1.61,1.61,1.61,1.61,100,0
CRIS.US,5,20251020,191000,1.6,1.6,1.56,1.565,8210,0
CRIS.US,5,20251020,192000,1.59,1.59,1.59,1.59,100,0
CRIS.US,5,20251020,194000,1.6,1.6,1.6,1.6,2613,0
CRIS.US,5,20251020,194500,1.6,1.6,1.6,1.6,944,0
CRIS.US,5,20251020,195000,1.6,1.6,1.6,1.6,100,0
CRIS.US,5,20251020,200000,1.6,1.6,1.6,1.6,100,0
CRIS.US,5,20251020,200500,1.5931,1.5931,1.5931,1.5931,500,0
CRIS.US,5,20251020,201000,1.5914,1.6,1.5914,1.6,1061,0
CRIS.US,5,20251020,202500,1.61,1.61,1.61,1.61,100,0
CRIS.US,5,20251020,204000,1.605,1.605,1.6,1.6,4608,0
CRIS.US,5,20251020,204500,1.605,1.605,1.605,1.605,100,0
CRIS.US,5,20251020,205000,1.605,1.605,1.605,1.605,100,0
CRIS.US,5,20251020,210000,1.605,1.605,1.605,1.605,100,0
CRIS.US,5,20251020,211000,1.6001,1.6001,1.56,1.6,4363,0
CRIS.US,5,20251020,211500,1.6,1.6,1.5901,1.6,300,0
CRIS.US,5,20251020,212500,1.6,1.6,1.6,1.6,100,0
CRIS.US,5,20251020,213000,1.605,1.605,1.6,1.605,4581,0
CRIS.US,5,20251020,213500,1.6,1.6,1.6,1.6,1269,0
CRIS.US,5,20251020,214500,1.6,1.6,1.6,1.6,100,0
CRIS.US,5,20251020,215000,1.6,1.6,1.6,1.6,1214,0
CRIS.US,5,20251020,215500,1.6,1.6,1.58,1.58,1809,0
CRIS.US,5,20251021,153000,1.61,1.61,1.58,1.58,3201,0
CRIS.US,5,20251021,153500,1.58,1.58,1.58,1.58,200,0
CRIS.US,5,20251021,155500,1.6,1.6,1.6,1.6,150,0
CRIS.US,5,20251021,161000,1.6,1.6,1.6,1.6,500,0
CRIS.US,5,20251021,161500,1.55,1.55,1.55,1.55,443,0
CRIS.US,5,20251021,162500,1.5375,1.5375,1.5375,1.5375,200,0
CRIS.US,5,20251021,164000,1.565,1.565,1.565,1.565,500,0
CRIS.US,5,20251021,165500,1.5999,1.5999,1.5999,1.5999,200,0
CRIS.US,5,20251021,170500,1.5999,1.5999,1.58,1.58,341,0
CRIS.US,5,20251021,171500,1.585,1.585,1.585,1.585,100,0
CRIS.US,5,20251021,172000,1.58,1.58,1.58,1.58,200,0
CRIS.US,5,20251021,173500,1.5826,1.5826,1.58,1.58,2350,0
CRIS.US,5,20251021,174000,1.57,1.5705,1.57,1.5705,1150,0
CRIS.US,5,20251021,175000,1.57,1.58,1.57,1.575,500,0
CRIS.US,5,20251021,175500,1.5769,1.5769,1.5769,1.5769,150,0
CRIS.US,5,20251021,180000,1.57,1.57,1.565,1.57,2077,0
CRIS.US,5,20251021,181000,1.57,1.57,1.57,1.57,622,0
CRIS.US,5,20251021,182000,1.57,1.57,1.55,1.55,6263,0
CRIS.US,5,20251021,184000,1.5501,1.5501,1.5501,1.5501,100,0
CRIS.US,5,20251021,185000,1.55,1.56,1.55,1.56,1270,0
CRIS.US,5,20251021,185500,1.55,1.55,1.55,1.55,100,0
CRIS.US,5,20251021,190000,1.55,1.59,1.55,1.59,459,0
CRIS.US,5,20251021,190500,1.565,1.5673,1.565,1.5673,330,0
CRIS.US,5,20251021,191000,1.5707,1.58,1.5707,1.58,2100,0
CRIS.US,5,20251021,191500,1.58,1.58,1.58,1.58,800,0
CRIS.US,5,20251021,192000,1.565,1.565,1.565,1.565,100,0
CRIS.US,5,20251021,192500,1.56,1.56,1.56,1.56,400,0
CRIS.US,5,20251021,193000,1.55,1.55,1.55,1.55,200,0
CRIS.US,5,20251021,194000,1.555,1.555,1.555,1.555,344,0
CRIS.US,5,20251021,194500,1.5643,1.5699,1.56,1.56,1330,0
CRIS.US,5,20251021,200500,1.56,1.56,1.55,1.56,1391,0
CRIS.US,5,20251021,201000,1.56,1.56,1.56,1.56,1500,0
CRIS.US,5,20251021,202500,1.57,1.57,1.57,1.57,100,0
CRIS.US,5,20251021,205000,1.585,1.599,1.585,1.599,2200,0
CRIS.US,5,20251021,212000,1.5844,1.5844,1.5844,1.5844,100,0
CRIS.US,5,20251021,212500,1.58,1.58,1.57,1.58,1162,0
CRIS.US,5,20251021,213000,1.58,1.58,1.58,1.58,250,0
CRIS.US,5,20251021,214500,1.58,1.5802,1.58,1.5802,1300,0
CRIS.US,5,20251021,215000,1.58,1.59,1.58,1.59,353,0
CRIS.US,5,20251021,215500,1.5916,1.5916,1.57,1.58,2767,0
CRIS.US,5,20251022,153000,1.63,1.6301,1.62,1.6301,1275,0
CRIS.US,5,20251022,154000,1.55,1.55,1.55,1.55,100,0
CRIS.US,5,20251022,161000,1.5867,1.5867,1.57,1.57,999,0
CRIS.US,5,20251022,161500,1.56,1.56,1.56,1.56,100,0
CRIS.US,5,20251022,162500,1.575,1.575,1.575,1.575,400,0
CRIS.US,5,20251022,163500,1.58,1.58,1.58,1.58,100,0
CRIS.US,5,20251022,165000,1.581,1.581,1.581,1.581,125,0
CRIS.US,5,20251022,165500,1.58,1.58,1.58,1.58,1126,0
CRIS.US,5,20251022,170000,1.5826,1.5826,1.56,1.56,1050,0
CRIS.US,5,20251022,170500,1.55,1.55,1.55,1.55,1000,0
CRIS.US,5,20251022,173000,1.55,1.55,1.52,1.53,3415,0
CRIS.US,5,20251022,173500,1.5594,1.5594,1.5594,1.5594,100,0
CRIS.US,5,20251022,174000,1.55,1.55,1.55,1.55,100,0
CRIS.US,5,20251022,175000,1.557,1.557,1.557,1.557,200,0
CRIS.US,5,20251022,183500,1.54,1.54,1.54,1.54,323,0
CRIS.US,5,20251022,184000,1.54,1.54,1.54,1.54,100,0
CRIS.US,5,20251022,184500,1.5493,1.5493,1.5493,1.5493,129,0
CRIS.US,5,20251022,191000,1.5353,1.5353,1.5353,1.5353,150,0
CRIS.US,5,20251022,193000,1.54,1.54,1.5315,1.5315,200,0
CRIS.US,5,20251022,193500,1.5458,1.5458,1.5458,1.5458,127,0
CRIS.US,5,20251022,194000,1.5499,1.5499,1.54,1.54,225,0
CRIS.US,5,20251022,194500,1.55,1.55,1.55,1.55,1200,0
CRIS.US,5,20251022,195500,1.55,1.55,1.55,1.55,508,0
CRIS.US,5,20251022,204000,1.54,1.54,1.54,1.54,500,0
CRIS.US,5,20251022,211500,1.53,1.53,1.53,1.53,250,0
CRIS.US,5,20251022,213500,1.52,1.54,1.49,1.54,26869,0
CRIS.US,5,20251022,214500,1.54,1.545,1.535,1.54,1447,0
CRIS.US,5,20251022,215500,1.54,1.55,1.53,1.53,4076,0
CRIS.US,5,20251023,153000,1.53,1.56,1.48,1.56,4987,0
CRIS.US,5,20251023,154000,1.54,1.54,1.54,1.54,2000,0
CRIS.US,5,20251023,155500,1.5294,1.5294,1.5294,1.5294,1612,0
CRIS.US,5,20251023,161000,1.52,1.52,1.52,1.52,303,0
CRIS.US,5,20251023,162000,1.505,1.505,1.505,1.505,100,0
CRIS.US,5,20251023,162500,1.5196,1.5196,1.5196,1.5196,300,0
CRIS.US,5,20251023,163500,1.54,1.54,1.54,1.54,100,0
CRIS.US,5,20251023,165000,1.525,1.55,1.52,1.55,2300,0
CRIS.US,5,20251023,175000,1.53,1.53,1.51,1.51,1850,0
CRIS.US,5,20251023,175500,1.5251,1.5251,1.5251,1.5251,2000,0
CRIS.US,5,20251023,180000,1.5251,1.54,1.5251,1.54,2600,0
CRIS.US,5,20251023,180500,1.51,1.51,1.51,1.51,167,0
CRIS.US,5,20251023,181500,1.5235,1.5235,1.5235,1.5235,100,0
CRIS.US,5,20251023,182500,1.53,1.53,1.53,1.53,210,0
CRIS.US,5,20251023,183000,1.525,1.525,1.525,1.525,100,0
CRIS.US,5,20251023,184000,1.5312,1.5312,1.5312,1.5312,458,0
CRIS.US,5,20251023,190000,1.52,1.52,1.52,1.52,501,0
CRIS.US,5,20251023,192000,1.51,1.51,1.51,1.51,200,0
CRIS.US,5,20251023,194500,1.52,1.52,1.52,1.52,200,0
CRIS.US,5,20251023,195500,1.5274,1.5274,1.525,1.525,766,0
CRIS.US,5,20251023,200000,1.525,1.525,1.525,1.525,100,0
CRIS.US,5,20251023,201000,1.525,1.525,1.525,1.525,100,0
CRIS.US,5,20251023,202000,1.54,1.54,1.525,1.53,2900,0
CRIS.US,5,20251023,203000,1.5391,1.54,1.53,1.54,8744,0
CRIS.US,5,20251023,205000,1.54,1.54,1.54,1.54,125,0
CRIS.US,5,20251023,205500,1.54,1.54,1.54,1.54,141,0
CRIS.US,5,20251023,210500,1.54,1.54,1.54,1.54,400,0
CRIS.US,5,20251023,212000,1.54,1.54,1.54,1.54,2100,0
CRIS.US,5,20251023,212500,1.565,1.565,1.565,1.565,100,0
CRIS.US,5,20251023,213000,1.57,1.58,1.5631,1.58,3242,0
CRIS.US,5,20251023,214000,1.59,1.59,1.59,1.59,300,0
CRIS.US,5,20251023,214500,1.59,1.6107,1.5844,1.6107,3574,0
CRIS.US,5,20251023,215000,1.62,1.62,1.6,1.6,4827,0
CRIS.US,5,20251023,215500,1.6,1.63,1.58,1.63,12702,0
CRIS.US,5,20251024,153000,1.66,1.68,1.65,1.65,21072,0
CRIS.US,5,20251024,153500,1.645,1.645,1.61,1.6101,1924,0
CRIS.US,5,20251024,154000,1.6236,1.6236,1.6236,1.6236,303,0
CRIS.US,5,20251024,154500,1.61,1.61,1.61,1.61,400,0
CRIS.US,5,20251024,155500,1.64,1.64,1.64,1.64,100,0
CRIS.US,5,20251024,160500,1.625,1.625,1.625,1.625,100,0
CRIS.US,5,20251024,162500,1.6299,1.66,1.6299,1.64,8889,0
CRIS.US,5,20251024,163000,1.64,1.65,1.64,1.65,5209,0
CRIS.US,5,20251024,164000,1.6303,1.645,1.6303,1.645,400,0
CRIS.US,5,20251024,164500,1.63,1.63,1.63,1.63,722,0
CRIS.US,5,20251024,170000,1.61,1.61,1.58,1.605,1980,0
CRIS.US,5,20251024,171000,1.605595,1.605595,1.605595,1.605595,200,0
CRIS.US,5,20251024,172000,1.62,1.62,1.62,1.62,1446,0
CRIS.US,5,20251024,172500,1.62,1.62,1.62,1.62,100,0
CRIS.US,5,20251024,173000,1.6101,1.62,1.6,1.62,860,0
CRIS.US,5,20251024,174000,1.6001,1.6001,1.6001,1.6001,100,0
CRIS.US,5,20251024,175000,1.6366,1.6366,1.6366,1.6366,800,0
CRIS.US,5,20251024,180500,1.625,1.64,1.625,1.63,4034,0
CRIS.US,5,20251024,182000,1.6439,1.6469,1.6439,1.6469,10000,0
CRIS.US,5,20251024,182500,1.64,1.64,1.64,1.64,219,0
CRIS.US,5,20251024,183500,1.64,1.6489,1.64,1.6489,1949,0
CRIS.US,5,20251024,185000,1.64,1.64,1.61,1.6101,8000,0
CRIS.US,5,20251024,185500,1.6387,1.65,1.635,1.65,9200,0
CRIS.US,5,20251024,190000,1.665,1.665,1.665,1.665,4000,0
CRIS.US,5,20251024,190500,1.6501,1.6502,1.63,1.63,15537,0
CRIS.US,5,20251024,191000,1.6194,1.6194,1.6194,1.6194,200,0
CRIS.US,5,20251024,195500,1.6101,1.6101,1.6101,1.6101,100,0
CRIS.US,5,20251024,200000,1.63,1.63,1.63,1.63,100,0
CRIS.US,5,20251024,200500,1.63,1.63,1.63,1.63,100,0
CRIS.US,5,20251024,201500,1.63,1.63,1.63,1.63,100,0
CRIS.US,5,20251024,203500,1.61,1.62,1.61,1.62,500,0
CRIS.US,5,20251024,205000,1.6372,1.6372,1.6372,1.6372,300,0
CRIS.US,5,20251024,205500,1.61,1.61,1.61,1.61,100,0
CRIS.US,5,20251024,210000,1.6275,1.6275,1.6275,1.6275,100,0
CRIS.US,5,20251024,210500,1.61,1.62,1.61,1.62,400,0
CRIS.US,5,20251024,211500,1.62,1.63,1.61,1.63,3883,0
CRIS.US,5,20251024,212000,1.63,1.64,1.63,1.64,5100,0
CRIS.US,5,20251024,212500,1.64,1.64,1.62,1.63,2627,0
CRIS.US,5,20251024,214000,1.62,1.62,1.62,1.62,100,0
CRIS.US,5,20251024,215500,1.61,1.63,1.61,1.61,3168,0
CRIS.US,5,20251027,143000,1.61,1.63,1.61,1.63,2001,0
CRIS.US,5,20251027,143500,1.6211,1.6211,1.59,1.605,9622,0
CRIS.US,5,20251027,144000,1.6068,1.6068,1.56,1.56,3828,0
CRIS.US,5,20251027,144500,1.586,1.61,1.586,1.5999,34773,0
CRIS.US,5,20251027,150000,1.6301,1.6301,1.6301,1.6301,200,0
CRIS.US,5,20251027,151000,1.62,1.62,1.6,1.6,7600,0
CRIS.US,5,20251027,152500,1.61,1.61,1.61,1.61,100,0
CRIS.US,5,20251027,153000,1.61,1.6177,1.6095,1.6177,662,0
CRIS.US,5,20251027,153500,1.6,1.6,1.56,1.6,6996,0
CRIS.US,5,20251027,154500,1.6,1.62,1.6,1.61,5874,0
CRIS.US,5,20251027,155000,1.6,1.6,1.6,1.6,500,0
CRIS.US,5,20251027,155500,1.585,1.585,1.585,1.585,649,0
CRIS.US,5,20251027,160000,1.583,1.6,1.58,1.6,1425,0
CRIS.US,5,20251027,160500,1.5701,1.585,1.5701,1.585,300,0
CRIS.US,5,20251027,161500,1.5994,1.6,1.57,1.59,1921,0
CRIS.US,5,20251027,164500,1.6,1.6,1.6,1.6,100,0
CRIS.US,5,20251027,170000,1.5805,1.59,1.5805,1.5805,600,0
CRIS.US,5,20251027,170500,1.59,1.59,1.59,1.59,100,0
CRIS.US,5,20251027,173500,1.6,1.6,1.6,1.6,1080,0
CRIS.US,5,20251027,180000,1.6,1.65,1.6,1.63,40099,0
CRIS.US,5,20251027,180500,1.63,1.63,1.6,1.6001,33627,0
CRIS.US,5,20251027,181000,1.63,1.63,1.63,1.63,100,0
CRIS.US,5,20251027,181500,1.6,1.6,1.595,1.595,1300,0
CRIS.US,5,20251027,182000,1.595,1.595,1.595,1.595,200,0
CRIS.US,5,20251027,182500,1.59,1.595,1.58,1.59,4027,0
CRIS.US,5,20251027,183000,1.59,1.6,1.59,1.59,1300,0
CRIS.US,5,20251027,183500,1.59,1.59,1.59,1.59,400,0
CRIS.US,5,20251027,184500,1.58,1.59,1.58,1.59,200,0
CRIS.US,5,20251027,185000,1.58,1.58,1.58,1.58,100,0
CRIS.US,5,20251027,185500,1.59,1.59,1.58,1.58,1100,0
CRIS.US,5,20251027,190000,1.59,1.59,1.58,1.58,2600,0
CRIS.US,5,20251027,190500,1.58,1.58,1.58,1.58,100,0
CRIS.US,5,20251027,191000,1.58,1.58,1.58,1.58,100,0
CRIS.US,5,20251027,191500,1.5871,1.5959,1.58,1.5959,1878,0
CRIS.US,5,20251027,192000,1.58,1.585,1.58,1.585,1400,0
CRIS.US,5,20251027,193000,1.58,1.58,1.57,1.58,2400,0
CRIS.US,5,20251027,194000,1.58,1.585,1.58,1.58,820,0
CRIS.US,5,20251027,194500,1.57,1.57,1.55,1.56,2040,0
CRIS.US,5,20251027,195000,1.55,1.59,1.55,1.59,319,0
CRIS.US,5,20251027,195500,1.55,1.55,1.55,1.55,700,0
CRIS.US,5,20251027,200000,1.55,1.56,1.55,1.56,300,0
CRIS.US,5,20251027,200500,1.56,1.56,1.56,1.56,200,0
CRIS.US,5,20251027,201000,1.56,1.56,1.56,1.56,800,0
CRIS.US,5,20251027,201500,1.575,1.575,1.55,1.55,1205,0
CRIS.US,5,20251027,202000,1.55,1.5501,1.55,1.55,705,0
CRIS.US,5,20251027,202500,1.58,1.59,1.55,1.56,4712,0
CRIS.US,5,20251027,203000,1.55,1.57,1.55,1.55,700,0
CRIS.US,5,20251027,203500,1.55,1.57,1.55,1.55,1200,0
CRIS.US,5,20251027,204000,1.55,1.57,1.55,1.55,3021,0
CRIS.US,5,20251027,204500,1.55,1.57,1.55,1.55,2600,0
CRIS.US,5,20251027,205000,1.55,1.57,1.55,1.56,2300,0
CRIS.US,5,20251027,205500,1.55,1.56,1.54,1.56,3503,0
CRIS.US,5,20251028,143000,1.54,1.55,1.52,1.52,3642,0
CRIS.US,5,20251028,143500,1.55,1.55,1.5395,1.5395,1100,0
CRIS.US,5,20251028,144000,1.55,1.55,1.53,1.5412,2700,0
CRIS.US,5,20251028,144500,1.54,1.54,1.54,1.54,500,0
CRIS.US,5,20251028,145000,1.543,1.543,1.53,1.543,2449,0
CRIS.US,5,20251028,145500,1.5399,1.5399,1.5399,1.5399,3000,0
CRIS.US,5,20251028,150000,1.54,1.54,1.53,1.5373,1473,0
CRIS.US,5,20251028,150500,1.55,1.55,1.53,1.53,5588,0
CRIS.US,5,20251028,151000,1.5302,1.5302,1.5302,1.5302,500,0
CRIS.US,5,20251028,151500,1.53,1.535,1.53,1.535,2600,0
CRIS.US,5,20251028,152000,1.5497,1.5497,1.5368,1.5368,900,0
CRIS.US,5,20251028,152500,1.5278,1.5278,1.5278,1.5278,179,0
CRIS.US,5,20251028,153000,1.5302,1.543,1.5302,1.543,992,0
CRIS.US,5,20251028,153500,1.535,1.5387,1.5301,1.5387,1990,0
CRIS.US,5,20251028,154000,1.52,1.52,1.52,1.52,400,0
CRIS.US,5,20251028,154500,1.5399,1.5399,1.5399,1.5399,1000,0
CRIS.US,5,20251028,155000,1.543,1.543,1.54,1.54,1532,0
CRIS.US,5,20251028,155500,1.53,1.54,1.53,1.535,1720,0
CRIS.US,5,20251028,160000,1.53,1.5395,1.53,1.5395,1429,0
CRIS.US,5,20251028,160500,1.5301,1.5301,1.5301,1.5301,930,0
CRIS.US,5,20251028,162000,1.535,1.535,1.535,1.535,850,0
CRIS.US,5,20251028,163000,1.535,1.535,1.53,1.53,344,0
CRIS.US,5,20251028,163500,1.53,1.53,1.53,1.53,200,0
CRIS.US,5,20251028,164500,1.5336,1.5336,1.5336,1.5336,200,0
CRIS.US,5,20251028,165000,1.5346,1.5346,1.5346,1.5346,132,0
CRIS.US,5,20251028,171500,1.53,1.53,1.52,1.5201,1250,0
CRIS.US,5,20251028,173000,1.52,1.52,1.52,1.52,2000,0
CRIS.US,5,20251028,174000,1.5377,1.5377,1.5377,1.5377,3000,0
CRIS.US,5,20251028,175000,1.53,1.53,1.53,1.53,104,0
CRIS.US,5,20251028,180500,1.53,1.53,1.53,1.53,250,0
CRIS.US,5,20251028,181000,1.524,1.524,1.524,1.524,243,0
CRIS.US,5,20251028,181500,1.53,1.53,1.53,1.53,100,0
CRIS.US,5,20251028,182000,1.53,1.53,1.53,1.53,100,0
CRIS.US,5,20251028,183500,1.54,1.54,1.535,1.535,1800,0
CRIS.US,5,20251028,184500,1.535,1.535,1.535,1.535,1200,0
CRIS.US,5,20251028,191000,1.5353,1.5353,1.5353,1.5353,130,0
CRIS.US,5,20251028,191500,1.5201,1.53,1.5201,1.53,1430,0
CRIS.US,5,20251028,193000,1.53,1.53,1.53,1.53,100,0
CRIS.US,5,20251028,194500,1.5394,1.5394,1.5394,1.5394,164,0
CRIS.US,5,20251028,195500,1.52,1.52,1.52,1.52,100,0
CRIS.US,5,20251028,201500,1.52,1.53,1.48,1.49,14141,0
CRIS.US,5,20251028,203000,1.52,1.52,1.52,1.52,5000,0
CRIS.US,5,20251028,203500,1.5154,1.5154,1.5154,1.5154,987,0
CRIS.US,5,20251028,205000,1.52,1.52,1.5087,1.5087,832,0
CRIS.US,5,20251028,205500,1.5,1.5,1.49,1.5,1502,0
CRIS.US,5,20251029,143000,1.49,1.49,1.49,1.49,753,0
CRIS.US,5,20251029,143500,1.4947,1.4947,1.4947,1.4947,105,0
CRIS.US,5,20251029,144000,1.4966,1.5,1.4966,1.5,700,0
CRIS.US,5,20251029,144500,1.4996,1.4996,1.4912,1.4912,2360,0
CRIS.US,5,20251029,145000,1.4816,1.4816,1.4816,1.4816,200,0
CRIS.US,5,20251029,150500,1.49,1.52,1.49,1.52,8097,0
CRIS.US,5,20251029,153500,1.52,1.52,1.52,1.52,300,0
CRIS.US,5,20251029,160000,1.52,1.52,1.5198,1.5198,264,0
CRIS.US,5,20251029,160500,1.51,1.51,1.51,1.51,300,0
CRIS.US,5,20251029,161000,1.51,1.51,1.51,1.51,245,0
CRIS.US,5,20251029,162500,1.5067,1.52,1.5067,1.52,600,0
CRIS.US,5,20251029,163500,1.5194,1.5194,1.5194,1.5194,243,0
CRIS.US,5,20251029,165000,1.51,1.51,1.51,1.51,100,0
CRIS.US,5,20251029,170500,1.51,1.51,1.51,1.51,100,0
CRIS.US,5,20251029,172000,1.52,1.52,1.51,1.52,4058,0
CRIS.US,5,20251029,174000,1.506,1.506,1.506,1.506,559,0
CRIS.US,5,20251029,175500,1.51,1.51,1.51,1.51,1400,0
CRIS.US,5,20251029,180500,1.52,1.52,1.52,1.52,100,0
CRIS.US,5,20251029,185500,1.5195,1.52,1.5195,1.52,861,0
CRIS.US,5,20251029,193000,1.5154,1.52,1.51,1.518,3889,0
CRIS.US,5,20251029,194000,1.49,1.5,1.49,1.5,5277,0
CRIS.US,5,20251029,194500,1.48,1.485,1.48,1.485,407,0
CRIS.US,5,20251029,195000,1.4994,1.4994,1.48,1.48,943,0
CRIS.US,5,20251029,200500,1.48,1.485,1.48,1.485,1003,0
CRIS.US,5,20251029,201500,1.485,1.485,1.485,1.485,200,0
CRIS.US,5,20251029,202000,1.4703,1.485,1.47,1.472,3356,0
CRIS.US,5,20251029,202500,1.475,1.475,1.475,1.475,100,0
CRIS.US,5,20251029,203000,1.47,1.47,1.47,1.47,104,0
CRIS.US,5,20251029,205500,1.47,1.48,1.47,1.48,572,0
CRIS.US,5,20251030,143000,1.48,1.48,1.46,1.4652,720,0
CRIS.US,5,20251030,143500,1.46,1.46,1.46,1.46,200,0
CRIS.US,5,20251030,145000,1.48,1.48,1.48,1.48,100,0
CRIS.US,5,20251030,150000,1.48,1.48,1.48,1.48,100,0
CRIS.US,5,20251030,151000,1.4725,1.4725,1.47,1.47,346,0
CRIS.US,5,20251030,154000,1.48,1.48,1.48,1.48,400,0
CRIS.US,5,20251030,160500,1.4856,1.4856,1.4856,1.4856,202,0
CRIS.US,5,20251030,161000,1.49,1.49,1.485,1.485,1937,0
CRIS.US,5,20251030,162500,1.48,1.485,1.48,1.485,2144,0
CRIS.US,5,20251030,163500,1.48,1.48,1.48,1.48,2200,0
CRIS.US,5,20251030,164000,1.485,1.49,1.485,1.49,800,0
CRIS.US,5,20251030,165000,1.485,1.49,1.475,1.48,7562,0
CRIS.US,5,20251030,165500,1.4899,1.4899,1.4899,1.4899,1000,0
CRIS.US,5,20251030,170000,1.4801,1.4899,1.4801,1.4886,1384,0
CRIS.US,5,20251030,171000,1.485,1.485,1.485,1.485,200,0
CRIS.US,5,20251030,171500,1.485,1.49,1.485,1.49,1049,0
CRIS.US,5,20251030,172000,1.47,1.47,1.47,1.47,470,0
CRIS.US,5,20251030,172500,1.49,1.49,1.49,1.49,3623,0
CRIS.US,5,20251030,174000,1.5,1.5,1.49,1.49,650,0
CRIS.US,5,20251030,175500,1.49,1.5,1.48,1.49,3564,0
CRIS.US,5,20251030,180500,1.495,1.495,1.495,1.495,1000,0
CRIS.US,5,20251030,181000,1.49,1.49,1.49,1.49,417,0
CRIS.US,5,20251030,182500,1.51,1.51,1.51,1.51,667,0
CRIS.US,5,20251030,183000,1.49,1.49,1.49,1.49,234,0
CRIS.US,5,20251030,190000,1.49,1.49,1.49,1.49,1000,0
CRIS.US,5,20251030,190500,1.49,1.49,1.49,1.49,700,0
CRIS.US,5,20251030,192500,1.48,1.48,1.48,1.48,346,0
CRIS.US,5,20251030,193000,1.48,1.48,1.48,1.48,1644,0
CRIS.US,5,20251030,194500,1.48,1.48,1.48,1.48,100,0
CRIS.US,5,20251030,195000,1.48,1.49,1.48,1.49,3155,0
CRIS.US,5,20251030,195500,1.5,1.5,1.5,1.5,220,0
CRIS.US,5,20251030,200500,1.49,1.49,1.49,1.49,200,0
CRIS.US,5,20251030,202500,1.48,1.48,1.48,1.48,180,0
CRIS.US,5,20251030,204000,1.4894,1.4894,1.4894,1.4894,1954,0
CRIS.US,5,20251030,205500,1.48,1.48,1.48,1.48,114,0
CRIS.US,5,20251031,143000,1.49,1.49,1.4857,1.4857,305,0
CRIS.US,5,20251031,143500,1.49,1.524,1.49,1.515,801,0
CRIS.US,5,20251031,150000,1.4928,1.4928,1.4928,1.4928,100,0
CRIS.US,5,20251031,150500,1.5,1.5,1.5,1.5,1090,0
CRIS.US,5,20251031,152500,1.4916,1.4916,1.4916,1.4916,1250,0
CRIS.US,5,20251031,154000,1.49,1.49,1.49,1.49,100,0
CRIS.US,5,20251031,155500,1.5098,1.51,1.5,1.51,5400,0
CRIS.US,5,20251031,160000,1.51,1.51,1.51,1.51,100,0
CRIS.US,5,20251031,160500,1.5,1.5,1.5,1.5,300,0
CRIS.US,5,20251031,161000,1.495,1.51,1.495,1.51,1042,0
CRIS.US,5,20251031,162000,1.4987,1.5,1.4987,1.5,220,0
CRIS.US,5,20251031,162500,1.5099,1.5099,1.5099,1.5099,1000,0
CRIS.US,5,20251031,163000,1.5016,1.5016,1.49,1.49,4427,0
CRIS.US,5,20251031,164000,1.495,1.495,1.495,1.495,100,0
CRIS.US,5,20251031,165500,1.505,1.505,1.5,1.505,300,0
CRIS.US,5,20251031,170000,1.495,1.51,1.495,1.51,437,0
CRIS.US,5,20251031,171000,1.5,1.5,1.5,1.5,100,0
CRIS.US,5,20251031,171500,1.5,1.5,1.5,1.5,100,0
CRIS.US,5,20251031,173000,1.51,1.51,1.51,1.51,100,0
CRIS.US,5,20251031,174000,1.5,1.5,1.5,1.5,100,0
CRIS.US,5,20251031,175000,1.5,1.5,1.5,1.5,300,0
CRIS.US,5,20251031,181000,1.49,1.49,1.49,1.49,300,0
CRIS.US,5,20251031,181500,1.49,1.49,1.49,1.49,200,0
CRIS.US,5,20251031,182000,1.49,1.49,1.49,1.49,100,0
CRIS.US,5,20251031,183500,1.49,1.49,1.49,1.49,200,0
CRIS.US,5,20251031,184500,1.4877,1.49,1.4877,1.49,4454,0
CRIS.US,5,20251031,185000,1.49,1.5,1.49,1.49,782,0
CRIS.US,5,20251031,191500,1.49,1.49,1.49,1.49,100,0
CRIS.US,5,20251031,194000,1.49,1.49,1.49,1.49,200,0
CRIS.US,5,20251031,200000,1.49,1.49,1.49,1.49,100,0
CRIS.US,5,20251031,201000,1.49,1.5,1.48,1.48,5532,0
CRIS.US,5,20251031,201500,1.49,1.49,1.4899,1.4899,3718,0
CRIS.US,5,20251031,202000,1.485,1.485,1.485,1.485,180,0
CRIS.US,5,20251031,203000,1.485,1.485,1.48,1.485,1891,0
CRIS.US,5,20251031,203500,1.48,1.485,1.48,1.485,869,0
CRIS.US,5,20251031,204000,1.485,1.495,1.485,1.495,360,0
CRIS.US,5,20251031,204500,1.495,1.495,1.495,1.495,100,0
CRIS.US,5,20251031,205500,1.49,1.5,1.48,1.49,1987,0
CRIS.US,5,20251103,153000,1.58,1.59,1.5336,1.5423,20592,0
CRIS.US,5,20251103,154000,1.5188,1.54,1.5075,1.5075,894,0
CRIS.US,5,20251103,154500,1.5075,1.52,1.5,1.5,1092,0
CRIS.US,5,20251103,155000,1.5155,1.5155,1.5155,1.5155,221,0
CRIS.US,5,20251103,160500,1.503,1.503,1.5,1.5,450,0
CRIS.US,5,20251103,161000,1.5,1.5,1.49,1.49,450,0
CRIS.US,5,20251103,161500,1.49,1.49,1.49,1.49,100,0
CRIS.US,5,20251103,163000,1.481,1.49,1.481,1.49,254,0
CRIS.US,5,20251103,165000,1.47,1.47,1.46,1.46,2124,0
CRIS.US,5,20251103,165500,1.4627,1.4627,1.4627,1.4627,572,0
CRIS.US,5,20251103,171000,1.475,1.475,1.475,1.475,600,0
CRIS.US,5,20251103,171500,1.48,1.48,1.48,1.48,427,0
CRIS.US,5,20251103,172000,1.4852,1.4852,1.4852,1.4852,100,0
CRIS.US,5,20251103,172500,1.48,1.48,1.48,1.48,874,0
CRIS.US,5,20251103,173000,1.482,1.482,1.48,1.48,426,0
CRIS.US,5,20251103,174000,1.48,1.48,1.46,1.46,500,0
CRIS.US,5,20251103,175000,1.47,1.47,1.46,1.47,2090,0
CRIS.US,5,20251103,180000,1.48,1.48,1.48,1.48,100,0
CRIS.US,5,20251103,182000,1.48,1.48,1.48,1.48,200,0
CRIS.US,5,20251103,185000,1.485,1.485,1.485,1.485,100,0
CRIS.US,5,20251103,185500,1.482,1.482,1.48,1.48,2400,0
CRIS.US,5,20251103,191500,1.4835,1.51,1.4835,1.5,3324,0
CRIS.US,5,20251103,192500,1.5,1.5,1.5,1.5,100,0
CRIS.US,5,20251103,194000,1.49,1.49,1.49,1.49,1000,0
CRIS.US,5,20251103,195500,1.4805,1.49,1.47,1.49,1804,0
CRIS.US,5,20251103,200000,1.48,1.48,1.46,1.48,3690,0
CRIS.US,5,20251103,200500,1.48,1.48,1.48,1.48,1000,0
CRIS.US,5,20251103,201000,1.4768,1.49,1.4768,1.48,2400,0
CRIS.US,5,20251103,202000,1.4718,1.4718,1.4718,1.4718,223,0
CRIS.US,5,20251103,202500,1.49,1.5,1.49,1.49,500,0
CRIS.US,5,20251103,210500,1.49,1.49,1.49,1.49,502,0
CRIS.US,5,20251103,211000,1.49,1.49,1.49,1.49,100,0
CRIS.US,5,20251103,212500,1.47,1.48,1.46,1.48,2871,0
CRIS.US,5,20251103,213500,1.49,1.49,1.49,1.49,100,0
CRIS.US,5,20251103,214000,1.47,1.47,1.47,1.47,200,0
CRIS.US,5,20251103,215000,1.48,1.48,1.47,1.47,627,0
CRIS.US,5,20251103,215500,1.48,1.48,1.46,1.46,7279,0
CRIS.US,5,20251104,153000,1.46,1.46,1.46,1.46,100,0
CRIS.US,5,20251104,153500,1.45,1.45,1.445,1.445,3113,0
CRIS.US,5,20251104,154000,1.431,1.431,1.431,1.431,400,0
CRIS.US,5,20251104,160000,1.4484,1.4484,1.4484,1.4484,1000,0
CRIS.US,5,20251104,160500,1.46,1.48,1.46,1.48,4506,0
CRIS.US,5,20251104,162000,1.455,1.455,1.455,1.455,299,0
CRIS.US,5,20251104,163500,1.47,1.47,1.46,1.46,502,0
CRIS.US,5,20251104,164500,1.465,1.465,1.465,1.465,200,0
CRIS.US,5,20251104,165000,1.47,1.47,1.465,1.47,2659,0
CRIS.US,5,20251104,170500,1.47,1.47,1.47,1.47,200,0
CRIS.US,5,20251104,173500,1.47,1.47,1.47,1.47,300,0
CRIS.US,5,20251104,174000,1.475,1.475,1.475,1.475,100,0
CRIS.US,5,20251104,174500,1.48,1.48,1.475,1.48,1657,0
CRIS.US,5,20251104,175000,1.48,1.48,1.475,1.475,2123,0
CRIS.US,5,20251104,180000,1.475,1.475,1.475,1.475,100,0
CRIS.US,5,20251104,180500,1.4756,1.4756,1.4756,1.4756,620,0
CRIS.US,5,20251104,181500,1.47,1.47,1.47,1.47,700,0
CRIS.US,5,20251104,182500,1.47,1.47,1.47,1.47,291,0
CRIS.US,5,20251104,183000,1.465,1.475,1.465,1.475,3822,0
CRIS.US,5,20251104,184000,1.4765,1.4765,1.47,1.47,615,0
CRIS.US,5,20251104,185000,1.47,1.47,1.47,1.47,100,0
CRIS.US,5,20251104,194500,1.47,1.47,1.4601,1.4601,973,0
CRIS.US,5,20251104,195000,1.46,1.47,1.46,1.47,950,0
CRIS.US,5,20251104,200000,1.4799,1.4799,1.467,1.467,2197,0
CRIS.US,5,20251104,200500,1.47,1.47,1.47,1.47,100,0
CRIS.US,5,20251104,201000,1.4781,1.4781,1.4781,1.4781,180,0
CRIS.US,5,20251104,204000,1.4618,1.47,1.4618,1.47,3595,0
CRIS.US,5,20251104,205000,1.47,1.47,1.47,1.47,158,0
CRIS.US,5,20251104,205500,1.464,1.4709,1.46,1.4709,4000,0
CRIS.US,5,20251104,211500,1.47,1.47,1.47,1.47,100,0
CRIS.US,5,20251104,212000,1.475,1.475,1.475,1.475,100,0
CRIS.US,5,20251104,213000,1.47,1.47,1.47,1.47,1914,0
CRIS.US,5,20251104,213500,1.47,1.47,1.46,1.46,828,0
CRIS.US,5,20251104,215500,1.465,1.465,1.46,1.46,1003,0
CRIS.US,5,20251105,153500,1.4905,1.4905,1.4905,1.4905,120,0
CRIS.US,5,20251105,154000,1.49,1.49,1.466,1.47,440,0
CRIS.US,5,20251105,161000,1.49,1.49,1.49,1.49,100,0
CRIS.US,5,20251105,162000,1.4899,1.4899,1.4899,1.4899,250,0
CRIS.US,5,20251105,163500,1.475,1.475,1.4608,1.4608,1169,0
CRIS.US,5,20251105,171500,1.465,1.465,1.465,1.465,100,0
CRIS.US,5,20251105,172000,1.46,1.46,1.46,1.46,300,0
CRIS.US,5,20251105,172500,1.4501,1.4501,1.4501,1.4501,100,0
CRIS.US,5,20251105,173000,1.46,1.46,1.46,1.46,300,0
CRIS.US,5,20251105,174000,1.45,1.45,1.45,1.45,300,0
CRIS.US,5,20251105,175500,1.4466,1.4466,1.4466,1.4466,1000,0
CRIS.US,5,20251105,181000,1.45,1.45,1.45,1.45,700,0
CRIS.US,5,20251105,181500,1.455,1.455,1.455,1.455,184,0
CRIS.US,5,20251105,182000,1.46,1.46,1.46,1.46,100,0
CRIS.US,5,20251105,182500,1.46,1.46,1.4599,1.4599,5200,0
CRIS.US,5,20251105,183500,1.45,1.45,1.45,1.45,23200,0
CRIS.US,5,20251105,184000,1.4401,1.4401,1.4401,1.4401,300,0
CRIS.US,5,20251105,185000,1.4495,1.4495,1.445,1.445,3207,0
CRIS.US,5,20251105,191000,1.44,1.44,1.43,1.43,600,0
CRIS.US,5,20251105,194000,1.44,1.44,1.44,1.44,100,0
CRIS.US,5,20251105,195000,1.46,1.46,1.46,1.46,13032,0
CRIS.US,5,20251105,201500,1.46,1.46,1.46,1.46,100,0
CRIS.US,5,20251105,202500,1.4423,1.4423,1.4423,1.4423,100,0
CRIS.US,5,20251105,203500,1.44,1.44,1.44,1.44,200,0
CRIS.US,5,20251105,204500,1.45,1.45,1.45,1.45,100,0
CRIS.US,5,20251105,210000,1.4353,1.4353,1.4353,1.4353,100,0
CRIS.US,5,20251105,211500,1.46,1.46,1.43,1.43,2368,0
CRIS.US,5,20251105,213500,1.44,1.44,1.44,1.44,140,0
CRIS.US,5,20251105,214500,1.42,1.42,1.42,1.42,572,0
CRIS.US,5,20251105,215000,1.445,1.445,1.43,1.445,682,0
CRIS.US,5,20251105,215500,1.43,1.43,1.42,1.42,1679,0
CRIS.US,5,20251106,153000,1.43,1.4852,1.42,1.4852,5509,0
CRIS.US,5,20251106,155000,1.4885,1.49,1.4885,1.49,674,0
CRIS.US,5,20251106,155500,1.4892,1.4892,1.4892,1.4892,111,0
CRIS.US,5,20251106,160000,1.4268,1.4268,1.4268,1.4268,100,0
CRIS.US,5,20251106,162000,1.459,1.459,1.455,1.455,2483,0
CRIS.US,5,20251106,162500,1.445,1.445,1.4375,1.4375,1116,0
CRIS.US,5,20251106,165000,1.453,1.4698,1.453,1.4698,350,0
CRIS.US,5,20251106,165500,1.4682,1.4682,1.4682,1.4682,1000,0
CRIS.US,5,20251106,170500,1.44,1.44,1.44,1.44,500,0
CRIS.US,5,20251106,171000,1.45,1.45,1.45,1.45,100,0
CRIS.US,5,20251106,172000,1.435,1.435,1.435,1.435,2739,0
CRIS.US,5,20251106,172500,1.44,1.44,1.43,1.43,515,0
CRIS.US,5,20251106,173500,1.435,1.435,1.435,1.435,100,0
CRIS.US,5,20251106,174000,1.4325,1.4325,1.43,1.43,5081,0
CRIS.US,5,20251106,180500,1.4399,1.4399,1.4399,1.4399,400,0
CRIS.US,5,20251106,184000,1.4301,1.4301,1.4301,1.4301,200,0
CRIS.US,5,20251106,185500,1.43,1.43,1.43,1.43,100,0
CRIS.US,5,20251106,190000,1.43,1.43,1.43,1.43,3098,0
CRIS.US,5,20251106,190500,1.43,1.43,1.43,1.43,1783,0
CRIS.US,5,20251106,191500,1.435,1.435,1.43,1.43,300,0
CRIS.US,5,20251106,192000,1.43,1.43,1.43,1.43,1073,0
CRIS.US,5,20251106,192500,1.435,1.435,1.435,1.435,300,0
CRIS.US,5,20251106,194500,1.4398,1.4398,1.4398,1.4398,160,0
CRIS.US,5,20251106,195500,1.44,1.44,1.44,1.44,500,0
CRIS.US,5,20251106,200000,1.435,1.4399,1.435,1.4399,474,0
CRIS.US,5,20251106,203000,1.435,1.435,1.4306,1.4306,200,0
CRIS.US,5,20251106,203500,1.4384,1.4384,1.435,1.435,300,0
CRIS.US,5,20251106,204000,1.44,1.44,1.4399,1.4399,200,0
CRIS.US,5,20251106,204500,1.44,1.45,1.44,1.44,857,0
CRIS.US,5,20251106,210500,1.44,1.45,1.44,1.45,3071,0
CRIS.US,5,20251106,211000,1.46,1.46,1.46,1.46,751,0
CRIS.US,5,20251106,211500,1.4604,1.4604,1.4604,1.4604,200,0
CRIS.US,5,20251106,212000,1.43,1.43,1.4,1.41,10692,0
CRIS.US,5,20251106,213000,1.43,1.43,1.43,1.43,7000,0
CRIS.US,5,20251106,214000,1.4216,1.4216,1.4216,1.4216,501,0
CRIS.US,5,20251106,215000,1.4225,1.43,1.4225,1.43,256,0
CRIS.US,5,20251106,215500,1.415,1.46,1.4,1.46,5502,0
CRIS.US,5,20251107,153000,1.35,1.39,1.35,1.35,5344,0
CRIS.US,5,20251107,153500,1.35,1.3594,1.25,1.3,39815,0
CRIS.US,5,20251107,154000,1.31,1.3199,1.28,1.298,5548,0
CRIS.US,5,20251107,154500,1.3199,1.3199,1.3199,1.3199,150,0
CRIS.US,5,20251107,155000,1.3001,1.32,1.3,1.31,7224,0
CRIS.US,5,20251107,155500,1.3001,1.3199,1.29,1.31,23202,0
CRIS.US,5,20251107,160000,1.32,1.34,1.3,1.31,6711,0
CRIS.US,5,20251107,160500,1.31,1.31,1.31,1.31,1700,0
CRIS.US,5,20251107,161000,1.31,1.32,1.31,1.32,1300,0
CRIS.US,5,20251107,161500,1.3173,1.3173,1.3173,1.3173,100,0
CRIS.US,5,20251107,162000,1.31,1.31,1.31,1.31,1600,0
CRIS.US,5,20251107,162500,1.315,1.315,1.2855,1.2855,11747,0
CRIS.US,5,20251107,163000,1.29,1.3082,1.29,1.3082,1662,0
CRIS.US,5,20251107,163500,1.3,1.3,1.295,1.295,1722,0
CRIS.US,5,20251107,164500,1.3046,1.3047,1.3046,1.3047,858,0
CRIS.US,5,20251107,165000,1.3,1.31,1.3,1.31,1205,0
CRIS.US,5,20251107,171500,1.29,1.29,1.29,1.29,3614,0
CRIS.US,5,20251107,172000,1.2999,1.2999,1.2999,1.2999,176,0
CRIS.US,5,20251107,173000,1.29,1.29,1.29,1.29,600,0
CRIS.US,5,20251107,173500,1.29,1.29,1.29,1.29,400,0
CRIS.US,5,20251107,174000,1.2999,1.2999,1.29,1.29,1499,0
CRIS.US,5,20251107,174500,1.29,1.29,1.29,1.29,1000,0
CRIS.US,5,20251107,175000,1.285,1.29,1.28,1.28,1562,0
CRIS.US,5,20251107,180000,1.28,1.2801,1.27,1.28,3482,0
CRIS.US,5,20251107,180500,1.27,1.27,1.25,1.25,2953,0
CRIS.US,5,20251107,181000,1.2561,1.2561,1.2501,1.255,3744,0
CRIS.US,5,20251107,181500,1.25,1.2556,1.25,1.2556,4944,0
CRIS.US,5,20251107,182000,1.25,1.25,1.25,1.25,529,0
CRIS.US,5,20251107,182500,1.25,1.25,1.25,1.25,100,0
CRIS.US,5,20251107,183000,1.259,1.26,1.25,1.26,773,0
CRIS.US,5,20251107,183500,1.2503,1.2503,1.25,1.25,2308,0
CRIS.US,5,20251107,184000,1.2547,1.2586,1.25,1.25,1601,0
CRIS.US,5,20251107,185000,1.2533,1.2533,1.25,1.25,749,0
CRIS.US,5,20251107,185500,1.25,1.26,1.25,1.25,8168,0
CRIS.US,5,20251107,190000,1.25,1.255,1.25,1.2501,3962,0
CRIS.US,5,20251107,190500,1.2533,1.2533,1.23,1.23,3500,0
CRIS.US,5,20251107,191000,1.23,1.23,1.23,1.23,1106,0
CRIS.US,5,20251107,191500,1.22,1.225,1.21,1.2115,23200,0
CRIS.US,5,20251107,192000,1.22,1.23,1.22,1.23,2518,0
CRIS.US,5,20251107,192500,1.2475,1.25,1.2475,1.25,467,0
CRIS.US,5,20251107,193000,1.26,1.26,1.26,1.26,500,0
CRIS.US,5,20251107,194500,1.25,1.255,1.25,1.25,350,0
CRIS.US,5,20251107,195000,1.25,1.25,1.25,1.25,200,0
CRIS.US,5,20251107,195500,1.26,1.26,1.255,1.26,520,0
CRIS.US,5,20251107,200000,1.2699,1.3,1.2699,1.29,20557,0
CRIS.US,5,20251107,200500,1.29,1.29,1.29,1.29,105,0
CRIS.US,5,20251107,203000,1.28,1.28,1.28,1.28,100,0
CRIS.US,5,20251107,204000,1.28,1.28,1.28,1.28,100,0
CRIS.US,5,20251107,204500,1.2901,1.295,1.29,1.2901,1600,0
CRIS.US,5,20251107,205500,1.29,1.29,1.29,1.29,100,0
CRIS.US,5,20251107,210000,1.3,1.3,1.295,1.295,2500,0
CRIS.US,5,20251107,210500,1.3,1.3,1.29,1.29,1644,0
CRIS.US,5,20251107,211000,1.29,1.29,1.29,1.29,200,0
CRIS.US,5,20251107,212000,1.2997,1.2997,1.29,1.29,1100,0
CRIS.US,5,20251107,213000,1.29,1.2905,1.29,1.2905,219,0
CRIS.US,5,20251107,213500,1.29,1.3,1.29,1.3,1898,0
CRIS.US,5,20251107,214500,1.32,1.32,1.32,1.32,800,0
CRIS.US,5,20251107,215500,1.3,1.31,1.3,1.305,3130,0
CRIS.US,5,20251110,153000,1.31,1.32,1.31,1.32,2735,0
CRIS.US,5,20251110,153500,1.3297,1.34,1.3297,1.34,2120,0
CRIS.US,5,20251110,154500,1.3307,1.34,1.33,1.33,1938,0
CRIS.US,5,20251110,155000,1.35,1.35,1.35,1.35,270,0
CRIS.US,5,20251110,160000,1.34,1.3432,1.34,1.3432,1117,0
CRIS.US,5,20251110,160500,1.35,1.355,1.35,1.355,470,0
CRIS.US,5,20251110,161000,1.3536,1.3536,1.3536,1.3536,200,0
CRIS.US,5,20251110,170500,1.3327,1.3327,1.3327,1.3327,100,0
CRIS.US,5,20251110,173500,1.335,1.335,1.335,1.335,1500,0
CRIS.US,5,20251110,174500,1.35,1.35,1.35,1.35,101,0
CRIS.US,5,20251110,175500,1.34,1.34,1.34,1.34,300,0
CRIS.US,5,20251110,180000,1.33,1.33,1.3,1.3102,2912,0
CRIS.US,5,20251110,180500,1.3285,1.3285,1.32,1.32,2100,0
CRIS.US,5,20251110,181500,1.3,1.3,1.3,1.3,292,0
CRIS.US,5,20251110,182500,1.3184,1.3184,1.3184,1.3184,110,0
CRIS.US,5,20251110,183000,1.325,1.33,1.325,1.33,1409,0
CRIS.US,5,20251110,190500,1.34,1.34,1.34,1.34,100,0
CRIS.US,5,20251110,191500,1.32,1.32,1.32,1.32,100,0
CRIS.US,5,20251110,201500,1.3427,1.3427,1.34,1.34,419,0
CRIS.US,5,20251110,203000,1.33,1.33,1.33,1.33,1001,0
CRIS.US,5,20251110,203500,1.325,1.335,1.325,1.33,6665,0
CRIS.US,5,20251110,204500,1.32,1.32,1.32,1.32,100,0
CRIS.US,5,20251110,205500,1.32,1.32,1.32,1.32,100,0
CRIS.US,5,20251110,212000,1.32,1.32,1.32,1.32,5000,0
CRIS.US,5,20251110,212500,1.32,1.32,1.32,1.32,200,0
CRIS.US,5,20251110,213000,1.31,1.31,1.31,1.31,100,0
CRIS.US,5,20251110,213500,1.31,1.31,1.31,1.31,1200,0
CRIS.US,5,20251110,214000,1.31,1.31,1.31,1.31,800,0
CRIS.US,5,20251110,214500,1.315,1.315,1.31,1.31,1300,0
CRIS.US,5,20251110,215500,1.31,1.31,1.31,1.31,746,0
CRIS.US,5,20251111,153000,1.3,1.31,1.3,1.31,1736,0
CRIS.US,5,20251111,153500,1.3035,1.3035,1.3,1.3,3352,0
CRIS.US,5,20251111,155000,1.275,1.275,1.275,1.275,150,0
CRIS.US,5,20251111,155500,1.28,1.28,1.27,1.27,250,0
CRIS.US,5,20251111,160000,1.27,1.27,1.27,1.27,250,0
CRIS.US,5,20251111,161000,1.27,1.27,1.26,1.26,300,0
CRIS.US,5,20251111,161500,1.26,1.26,1.26,1.26,1000,0
CRIS.US,5,20251111,162500,1.28,1.28,1.26,1.26,2100,0
CRIS.US,5,20251111,165000,1.27,1.3,1.27,1.3,7295,0
CRIS.US,5,20251111,171500,1.2799,1.2799,1.26,1.26,1199,0
CRIS.US,5,20251111,173500,1.27,1.27,1.27,1.27,100,0
CRIS.US,5,20251111,175500,1.2782,1.2782,1.2782,1.2782,100,0
CRIS.US,5,20251111,181500,1.27,1.27,1.2699,1.2699,300,0
CRIS.US,5,20251111,182500,1.26,1.26,1.26,1.26,100,0
CRIS.US,5,20251111,183000,1.27,1.27,1.27,1.27,100,0
CRIS.US,5,20251111,184500,1.26,1.26,1.26,1.26,100,0
CRIS.US,5,20251111,185500,1.265,1.265,1.265,1.265,400,0
CRIS.US,5,20251111,190000,1.27,1.27,1.27,1.27,100,0
CRIS.US,5,20251111,191000,1.25,1.25,1.25,1.25,100,0
CRIS.US,5,20251111,192500,1.267,1.267,1.267,1.267,844,0
CRIS.US,5,20251111,193000,1.277,1.277,1.277,1.277,500,0
CRIS.US,5,20251111,193500,1.25,1.26,1.25,1.26,200,0
CRIS.US,5,20251111,200000,1.25,1.25,1.25,1.25,300,0
CRIS.US,5,20251111,201000,1.252,1.2655,1.25,1.2655,8463,0
CRIS.US,5,20251111,202000,1.25,1.25,1.25,1.25,390,0
CRIS.US,5,20251111,202500,1.26,1.26,1.25,1.25,300,0
CRIS.US,5,20251111,204000,1.25,1.25,1.25,1.25,100,0
CRIS.US,5,20251111,210000,1.261,1.2698,1.256,1.2698,3400,0
CRIS.US,5,20251111,212000,1.26,1.26,1.26,1.26,393,0
CRIS.US,5,20251111,212500,1.24,1.24,1.24,1.24,100,0
CRIS.US,5,20251111,214000,1.24,1.24,1.24,1.24,100,0
CRIS.US,5,20251111,215500,1.25,1.26,1.24,1.25,1922,0
CRIS.US,5,20251112,153000,1.28,1.3488,1.27,1.3488,2000,0
CRIS.US,5,20251112,154000,1.2701,1.2701,1.2701,1.2701,6000,0
CRIS.US,5,20251112,154500,1.27,1.27,1.27,1.27,500,0
CRIS.US,5,20251112,155500,1.2765,1.2765,1.2765,1.2765,200,0
CRIS.US,5,20251112,160000,1.28,1.28,1.28,1.28,100,0
CRIS.US,5,20251112,160500,1.2772,1.2772,1.2772,1.2772,100,0
CRIS.US,5,20251112,161000,1.2799,1.28,1.2799,1.28,845,0
CRIS.US,5,20251112,161500,1.27,1.27,1.27,1.27,815,0
CRIS.US,5,20251112,162000,1.2755,1.2755,1.2755,1.2755,100,0
CRIS.US,5,20251112,162500,1.27,1.28,1.27,1.2704,500,0
CRIS.US,5,20251112,163000,1.265733,1.27,1.265733,1.27,1310,0
CRIS.US,5,20251112,164000,1.27,1.27,1.27,1.27,3837,0
CRIS.US,5,20251112,170000,1.2601,1.2601,1.26,1.26,1661,0
CRIS.US,5,20251112,170500,1.26,1.26,1.26,1.26,989,0
CRIS.US,5,20251112,171000,1.26,1.26,1.26,1.26,100,0
CRIS.US,5,20251112,171500,1.2682,1.2682,1.2682,1.2682,100,0
CRIS.US,5,20251112,173500,1.27,1.27,1.27,1.27,200,0
CRIS.US,5,20251112,174000,1.26,1.26,1.25,1.25,5300,0
CRIS.US,5,20251112,175000,1.255,1.255,1.255,1.255,630,0
CRIS.US,5,20251112,181500,1.25,1.25,1.25,1.25,392,0
CRIS.US,5,20251112,184500,1.2599,1.2599,1.2402,1.2402,11400,0
CRIS.US,5,20251112,185000,1.24,1.24,1.24,1.24,169,0
CRIS.US,5,20251112,190000,1.24,1.2419,1.24,1.2419,1211,0
CRIS.US,5,20251112,191500,1.25,1.25,1.25,1.25,160,0
CRIS.US,5,20251112,194000,1.24,1.24,1.24,1.24,100,0
CRIS.US,5,20251112,195000,1.2493,1.2493,1.2493,1.2493,150,0
CRIS.US,5,20251112,195500,1.24,1.24,1.24,1.24,100,0
CRIS.US,5,20251112,200000,1.2455,1.2455,1.2455,1.2455,100,0
CRIS.US,5,20251112,200500,1.2484,1.2484,1.2,1.2,9587,0
CRIS.US,5,20251112,201000,1.2,1.2,1.2,1.2,100,0
CRIS.US,5,20251112,202000,1.21,1.21,1.21,1.21,100,0
CRIS.US,5,20251112,203500,1.2,1.2,1.2,1.2,100,0
CRIS.US,5,20251112,204000,1.2,1.2,1.2,1.2,1264,0
CRIS.US,5,20251112,204500,1.19,1.19,1.19,1.19,100,0
CRIS.US,5,20251112,210000,1.18,1.21,1.18,1.21,10481,0
CRIS.US,5,20251112,211000,1.22,1.22,1.22,1.22,200,0
CRIS.US,5,20251112,211500,1.215,1.215,1.215,1.215,150,0
CRIS.US,5,20251112,212000,1.21,1.21,1.21,1.21,100,0
CRIS.US,5,20251112,212500,1.2113,1.2113,1.2113,1.2113,466,0
CRIS.US,5,20251112,213000,1.21,1.21,1.21,1.21,100,0
CRIS.US,5,20251112,214000,1.215,1.215,1.215,1.215,3100,0
CRIS.US,5,20251112,214500,1.22,1.22,1.22,1.22,100,0
CRIS.US,5,20251113,153000,1.245,1.245,1.245,1.245,457,0
CRIS.US,5,20251113,154000,1.26,1.26,1.245,1.245,800,0
CRIS.US,5,20251113,155500,1.24,1.24,1.24,1.24,2500,0
CRIS.US,5,20251113,160500,1.24,1.24,1.2245,1.23,2544,0
CRIS.US,5,20251113,161000,1.2368,1.2368,1.2368,1.2368,1000,0
CRIS.US,5,20251113,162500,1.23,1.23,1.23,1.23,300,0
CRIS.US,5,20251113,163000,1.22,1.23,1.2103,1.2103,5889,0
CRIS.US,5,20251113,163500,1.22,1.22,1.22,1.22,200,0
CRIS.US,5,20251113,164500,1.22,1.22,1.21,1.21,4808,0
CRIS.US,5,20251113,165000,1.2055,1.2055,1.18,1.1804,7369,0
CRIS.US,5,20251113,165500,1.18,1.1803,1.1692,1.1692,3034,0
CRIS.US,5,20251113,170000,1.1601,1.1601,1.1601,1.1601,5802,0
CRIS.US,5,20251113,170500,1.1776,1.1776,1.1776,1.1776,3386,0
CRIS.US,5,20251113,171000,1.1789,1.1789,1.1789,1.1789,170,0
CRIS.US,5,20251113,172500,1.17,1.17,1.17,1.17,4237,0
CRIS.US,5,20251113,175000,1.1784,1.1784,1.1784,1.1784,100,0
CRIS.US,5,20251113,183500,1.1701,1.1701,1.1701,1.1701,113,0
CRIS.US,5,20251113,184500,1.1778,1.1778,1.1778,1.1778,100,0
CRIS.US,5,20251113,185500,1.1682,1.1752,1.165,1.1752,423,0
CRIS.US,5,20251113,190000,1.16,1.16,1.16,1.16,100,0
CRIS.US,5,20251113,191500,1.1645,1.1645,1.1645,1.1645,300,0
CRIS.US,5,20251113,192000,1.16,1.16,1.16,1.16,500,0
CRIS.US,5,20251113,192500,1.15,1.15,1.15,1.15,4560,0
CRIS.US,5,20251113,193500,1.14,1.1403,1.14,1.1402,1052,0
CRIS.US,5,20251113,194000,1.1598,1.1598,1.1598,1.1598,172,0
CRIS.US,5,20251113,195000,1.14,1.14,1.14,1.14,100,0
CRIS.US,5,20251113,195500,1.13,1.145,1.13,1.14,1358,0
CRIS.US,5,20251113,201000,1.13,1.15,1.13,1.15,1100,0
CRIS.US,5,20251113,201500,1.14,1.148,1.14,1.14,700,0
CRIS.US,5,20251113,202000,1.148,1.148,1.14,1.144,600,0
CRIS.US,5,20251113,202500,1.13,1.13,1.13,1.13,100,0
CRIS.US,5,20251113,203500,1.14,1.14,1.14,1.14,330,0
CRIS.US,5,20251113,204000,1.14,1.14,1.14,1.14,100,0
CRIS.US,5,20251113,205000,1.14,1.14,1.14,1.14,100,0
CRIS.US,5,20251113,205500,1.13,1.13,1.13,1.13,100,0
CRIS.US,5,20251113,210000,1.14,1.14,1.14,1.14,100,0
CRIS.US,5,20251113,211500,1.14,1.14,1.14,1.14,100,0
CRIS.US,5,20251113,212000,1.14,1.14,1.14,1.14,100,0
CRIS.US,5,20251113,212500,1.13,1.13,1.13,1.13,145,0
CRIS.US,5,20251113,213000,1.1314,1.135,1.1314,1.135,200,0
CRIS.US,5,20251113,214000,1.14,1.14,1.14,1.14,232,0
CRIS.US,5,20251113,214500,1.13,1.14,1.13,1.14,18255,0
CRIS.US,5,20251113,215000,1.1497,1.1497,1.1497,1.1497,300,0
CRIS.US,5,20251113,215500,1.1499,1.1499,1.13,1.13,1380,0
CRIS.US,5,20251114,153000,1.14,1.15,1.14,1.15,4129,0
CRIS.US,5,20251114,153500,1.15,1.1799,1.15,1.1799,5546,0
CRIS.US,5,20251114,154000,1.1799,1.1799,1.15,1.15,2600,0
CRIS.US,5,20251114,154500,1.16,1.16,1.16,1.16,490,0
CRIS.US,5,20251114,155000,1.18,1.1849,1.18,1.1849,200,0
CRIS.US,5,20251114,160000,1.1799,1.1799,1.1799,1.1799,179,0
CRIS.US,5,20251114,161500,1.18,1.18,1.18,1.18,200,0
CRIS.US,5,20251114,162000,1.19,1.19,1.19,1.19,186,0
CRIS.US,5,20251114,162500,1.1897,1.1897,1.1897,1.1897,4000,0
CRIS.US,5,20251114,163000,1.1899,1.1899,1.1899,1.1899,3500,0
CRIS.US,5,20251114,164000,1.19,1.2,1.19,1.2,3870,0
CRIS.US,5,20251114,165000,1.2155,1.2155,1.2155,1.2155,489,0
CRIS.US,5,20251114,170000,1.2257,1.2257,1.2257,1.2257,1475,0
CRIS.US,5,20251114,170500,1.23,1.2795,1.23,1.2611,5012,0
CRIS.US,5,20251114,171000,1.25,1.27,1.24,1.25,2400,0
CRIS.US,5,20251114,171500,1.25,1.2735,1.25,1.2735,1200,0
CRIS.US,5,20251114,172000,1.265,1.28,1.265,1.28,1410,0
CRIS.US,5,20251114,172500,1.285,1.29,1.285,1.285,1367,0
CRIS.US,5,20251114,173000,1.26,1.26,1.26,1.26,1000,0
CRIS.US,5,20251114,173500,1.27,1.27,1.27,1.27,250,0
CRIS.US,5,20251114,174000,1.2637,1.2637,1.2637,1.2637,915,0
CRIS.US,5,20251114,174500,1.27,1.27,1.27,1.27,1932,0
CRIS.US,5,20251114,175500,1.2518,1.2568,1.2518,1.2568,391,0
CRIS.US,5,20251114,180000,1.2797,1.2797,1.2797,1.2797,100,0
CRIS.US,5,20251114,180500,1.279,1.279,1.279,1.279,150,0
CRIS.US,5,20251114,181000,1.265,1.265,1.25,1.25,4872,0
CRIS.US,5,20251114,184000,1.2471,1.2471,1.2471,1.2471,960,0
CRIS.US,5,20251114,185000,1.2201,1.24,1.2201,1.24,1560,0
CRIS.US,5,20251114,190000,1.25,1.2686,1.25,1.2686,4502,0
CRIS.US,5,20251114,191000,1.2535,1.2535,1.2535,1.2535,1000,0
CRIS.US,5,20251114,191500,1.25,1.25,1.25,1.25,100,0
CRIS.US,5,20251114,200000,1.2698,1.27,1.2698,1.27,889,0
CRIS.US,5,20251114,200500,1.29,1.29,1.285,1.29,1147,0
CRIS.US,5,20251114,201000,1.29,1.29,1.29,1.29,180,0
CRIS.US,5,20251114,201500,1.2899,1.2899,1.275,1.275,3000,0
CRIS.US,5,20251114,204000,1.2864,1.29,1.2864,1.29,4296,0
CRIS.US,5,20251114,205000,1.29,1.31,1.29,1.31,5960,0
CRIS.US,5,20251114,210000,1.323,1.323,1.3167,1.3167,7577,0
CRIS.US,5,20251114,210500,1.31,1.31,1.305,1.305,4742,0
CRIS.US,5,20251114,211500,1.32,1.34,1.2979,1.3349,10809,0
CRIS.US,5,20251114,212000,1.345,1.35,1.32,1.32,11900,0
CRIS.US,5,20251114,212500,1.3325,1.3325,1.29,1.29,2000,0
CRIS.US,5,20251114,213000,1.33,1.34,1.33,1.3399,3900,0
CRIS.US,5,20251114,213500,1.3267,1.3267,1.315,1.315,2350,0
CRIS.US,5,20251114,215000,1.32,1.33,1.32,1.33,500,0
CRIS.US,5,20251114,215500,1.33,1.3352,1.3248,1.33,1756,0
CRIS.US,5,20251117,153000,1.3,1.3409,1.3,1.3409,8326,0
CRIS.US,5,20251117,153500,1.3038,1.35,1.3038,1.35,33262,0
CRIS.US,5,20251117,154000,1.345,1.3475,1.3387,1.3387,1200,0
CRIS.US,5,20251117,154500,1.32,1.32,1.32,1.32,7717,0
CRIS.US,5,20251117,155000,1.3198,1.3198,1.3,1.3,62419,0
CRIS.US,5,20251117,155500,1.3,1.3,1.3,1.3,9030,0
CRIS.US,5,20251117,160000,1.32,1.32,1.3,1.31,3000,0
CRIS.US,5,20251117,160500,1.3,1.3,1.29,1.29,4832,0
CRIS.US,5,20251117,161500,1.26,1.26,1.26,1.26,6957,0
CRIS.US,5,20251117,162000,1.28,1.29,1.28,1.29,600,0
CRIS.US,5,20251117,164500,1.29,1.29,1.29,1.29,100,0
CRIS.US,5,20251117,171000,1.29,1.29,1.29,1.29,504,0
CRIS.US,5,20251117,172000,1.27,1.275,1.27,1.275,200,0
CRIS.US,5,20251117,173500,1.28,1.28,1.28,1.28,100,0
CRIS.US,5,20251117,174500,1.28,1.28,1.23,1.23,32284,0
CRIS.US,5,20251117,175000,1.26,1.2769,1.26,1.2769,1400,0
CRIS.US,5,20251117,180500,1.27,1.27,1.26,1.26,2800,0
CRIS.US,5,20251117,185000,1.26,1.26,1.26,1.26,100,0
CRIS.US,5,20251117,185500,1.2786,1.2786,1.2786,1.2786,100,0
CRIS.US,5,20251117,193000,1.2698,1.2698,1.2698,1.2698,116,0
CRIS.US,5,20251117,193500,1.26,1.26,1.25,1.26,779,0
CRIS.US,5,20251117,194000,1.26,1.26,1.26,1.26,1000,0
CRIS.US,5,20251117,194500,1.2615,1.2615,1.2615,1.2615,4710,0
CRIS.US,5,20251117,195500,1.25,1.2591,1.23,1.245,24612,0
CRIS.US,5,20251117,200000,1.24,1.24,1.2387,1.2387,200,0
CRIS.US,5,20251117,200500,1.24,1.24,1.24,1.24,170,0
CRIS.US,5,20251117,203000,1.25,1.25,1.2498,1.2498,887,0
CRIS.US,5,20251117,204500,1.2494,1.2494,1.2494,1.2494,154,0
CRIS.US,5,20251117,205500,1.25,1.25,1.25,1.25,206,0
CRIS.US,5,20251117,210500,1.25,1.25,1.245,1.25,3300,0
CRIS.US,5,20251117,212000,1.24,1.24,1.24,1.24,250,0
CRIS.US,5,20251117,213000,1.22,1.22,1.22,1.22,132,0
CRIS.US,5,20251117,213500,1.23,1.23,1.23,1.23,100,0
CRIS.US,5,20251117,214500,1.25,1.25,1.23,1.235,17439,0
CRIS.US,5,20251117,215000,1.24,1.24,1.24,1.24,900,0
CRIS.US,5,20251117,215500,1.245,1.245,1.23,1.23,525,0
CRIS.US,5,20251118,153000,1.26,1.305,1.26,1.305,1767,0
CRIS.US,5,20251118,154500,1.26,1.26,1.26,1.26,100,0
CRIS.US,5,20251118,155000,1.26,1.2607,1.26,1.2607,275,0
CRIS.US,5,20251118,155500,1.2688,1.2688,1.2688,1.2688,550,0
CRIS.US,5,20251118,160000,1.2688,1.27,1.2442,1.2442,2868,0
CRIS.US,5,20251118,160500,1.246,1.246,1.246,1.246,400,0
CRIS.US,5,20251118,161000,1.26,1.26,1.26,1.26,100,0
CRIS.US,5,20251118,161500,1.2523,1.2523,1.24,1.24,5100,0
CRIS.US,5,20251118,162000,1.245,1.245,1.245,1.245,709,0
CRIS.US,5,20251118,162500,1.25,1.25,1.2427,1.2427,700,0
CRIS.US,5,20251118,163000,1.245,1.245,1.245,1.245,300,0
CRIS.US,5,20251118,164000,1.24,1.24,1.24,1.24,100,0
CRIS.US,5,20251118,165000,1.25,1.25,1.25,1.25,226,0
CRIS.US,5,20251118,165500,1.27,1.32,1.27,1.31,15281,0
CRIS.US,5,20251118,170500,1.27,1.27,1.27,1.27,150,0
CRIS.US,5,20251118,171000,1.2989,1.2989,1.2989,1.2989,330,0
CRIS.US,5,20251118,172000,1.24,1.25,1.24,1.24,2025,0
CRIS.US,5,20251118,173500,1.26,1.28,1.26,1.28,1548,0
CRIS.US,5,20251118,174500,1.2707,1.2707,1.2707,1.2707,100,0
CRIS.US,5,20251118,175500,1.26,1.26,1.26,1.26,100,0
CRIS.US,5,20251118,181500,1.26,1.26,1.25,1.255,600,0
CRIS.US,5,20251118,182000,1.255,1.255,1.255,1.255,100,0
CRIS.US,5,20251118,190500,1.2519,1.2519,1.2519,1.2519,3000,0
CRIS.US,5,20251118,191000,1.2524,1.26,1.24,1.24,19000,0
CRIS.US,5,20251118,192000,1.24,1.24,1.23,1.23,2334,0
CRIS.US,5,20251118,192500,1.245,1.245,1.245,1.245,336,0
CRIS.US,5,20251118,193500,1.24,1.24,1.24,1.24,250,0
CRIS.US,5,20251118,194000,1.2562,1.2562,1.23,1.23,700,0
CRIS.US,5,20251118,194500,1.24,1.24,1.24,1.24,167,0
CRIS.US,5,20251118,195500,1.24,1.245,1.23,1.23,2700,0
CRIS.US,5,20251118,200000,1.23,1.23,1.215,1.22,6444,0
CRIS.US,5,20251118,200500,1.22,1.23,1.22,1.23,7018,0
CRIS.US,5,20251118,201000,1.22,1.22,1.21,1.21,3590,0
CRIS.US,5,20251118,201500,1.23,1.23,1.23,1.23,200,0
CRIS.US,5,20251118,202500,1.21,1.21,1.21,1.21,100,0
CRIS.US,5,20251118,203500,1.21,1.21,1.21,1.21,100,0
CRIS.US,5,20251118,204500,1.205,1.21,1.2,1.21,400,0
CRIS.US,5,20251118,210500,1.21,1.21,1.21,1.21,100,0
CRIS.US,5,20251118,211500,1.21,1.21,1.21,1.21,200,0
CRIS.US,5,20251118,212000,1.21,1.21,1.21,1.21,100,0
CRIS.US,5,20251118,212500,1.215,1.22,1.195,1.22,4643,0
CRIS.US,5,20251118,214000,1.21,1.21,1.21,1.21,100,0
CRIS.US,5,20251118,214500,1.2265,1.2265,1.2265,1.2265,400,0
CRIS.US,5,20251118,215000,1.22,1.22,1.22,1.22,200,0
CRIS.US,5,20251118,215500,1.22,1.23,1.22,1.23,425,0
CRIS.US,5,20251119,153000,1.25,1.25,1.24,1.24,6412,0
CRIS.US,5,20251119,154000,1.2301,1.2301,1.2301,1.2301,100,0
CRIS.US,5,20251119,154500,1.23,1.23,1.23,1.23,100,0
CRIS.US,5,20251119,155000,1.23,1.23,1.21,1.21,17304,0
CRIS.US,5,20251119,160000,1.215,1.215,1.215,1.215,100,0
CRIS.US,5,20251119,161000,1.22,1.22,1.22,1.22,100,0
CRIS.US,5,20251119,162500,1.22,1.22,1.22,1.22,351,0
CRIS.US,5,20251119,163000,1.21,1.2192,1.21,1.2192,999,0
CRIS.US,5,20251119,164000,1.2167,1.2167,1.21,1.21,200,0
CRIS.US,5,20251119,165000,1.22,1.22,1.22,1.22,820,0
CRIS.US,5,20251119,165500,1.21,1.2144,1.21,1.2144,371,0
CRIS.US,5,20251119,173500,1.2,1.2,1.16,1.17,14983,0
CRIS.US,5,20251119,174500,1.1771,1.1771,1.1771,1.1771,543,0
CRIS.US,5,20251119,175500,1.1757,1.1757,1.1757,1.1757,131,0
CRIS.US,5,20251119,180000,1.17,1.17,1.1602,1.1602,1550,0
CRIS.US,5,20251119,180500,1.165,1.165,1.165,1.165,129,0
CRIS.US,5,20251119,181500,1.1527,1.165,1.15,1.165,2897,0
CRIS.US,5,20251119,183000,1.165,1.17,1.165,1.17,364,0
CRIS.US,5,20251119,183500,1.1632,1.1632,1.1632,1.1632,300,0
CRIS.US,5,20251119,184000,1.17,1.17,1.17,1.17,130,0
CRIS.US,5,20251119,185000,1.16,1.16,1.12,1.13,31571,0
CRIS.US,5,20251119,190500,1.135,1.135,1.135,1.135,1000,0
CRIS.US,5,20251119,191500,1.135,1.135,1.1305,1.1305,554,0
CRIS.US,5,20251119,192000,1.13,1.13,1.11,1.1163,1627,0
CRIS.US,5,20251119,192500,1.12,1.12,1.11,1.11,2376,0
CRIS.US,5,20251119,193500,1.13,1.13,1.13,1.13,990,0
CRIS.US,5,20251119,194000,1.12,1.12,1.12,1.12,100,0
CRIS.US,5,20251119,194500,1.11,1.13,1.11,1.1101,3600,0
CRIS.US,5,20251119,195000,1.12,1.12,1.12,1.12,100,0
CRIS.US,5,20251119,201500,1.13,1.13,1.13,1.13,442,0
CRIS.US,5,20251119,202500,1.1275,1.1275,1.1275,1.1275,300,0
CRIS.US,5,20251119,204000,1.1235,1.1235,1.12,1.12,1483,0
CRIS.US,5,20251119,205000,1.12,1.12,1.09,1.09,7989,0
CRIS.US,5,20251119,210000,1.0999,1.0999,1.06,1.08,11133,0
CRIS.US,5,20251119,210500,1.08,1.1,1.08,1.1,1700,0
CRIS.US,5,20251119,211000,1.0843,1.093,1.08,1.08,950,0
CRIS.US,5,20251119,211500,1.0946,1.125,1.0946,1.125,2095,0
CRIS.US,5,20251119,212000,1.13,1.145,1.13,1.14,2831,0
CRIS.US,5,20251119,213000,1.14,1.14,1.14,1.14,1850,0
CRIS.US,5,20251119,213500,1.1272,1.1466,1.1252,1.1466,3786,0
CRIS.US,5,20251119,214000,1.1498,1.1498,1.1498,1.1498,130,0
CRIS.US,5,20251119,214500,1.1302,1.14,1.13,1.14,760,0
CRIS.US,5,20251119,215000,1.13,1.14,1.13,1.14,491,0
CRIS.US,5,20251119,215500,1.13,1.13,1.1211,1.13,1013,0
CRIS.US,5,20251120,153000,1.14,1.14,1.14,1.14,348,0
CRIS.US,5,20251120,153500,1.17,1.205,1.17,1.205,1180,0
CRIS.US,5,20251120,154000,1.21,1.21,1.18,1.18,7538,0
CRIS.US,5,20251120,154500,1.18,1.195,1.18,1.195,400,0
CRIS.US,5,20251120,155000,1.18,1.18,1.18,1.18,900,0
CRIS.US,5,20251120,160500,1.17,1.17,1.14,1.15,29753,0
CRIS.US,5,20251120,161000,1.16,1.16,1.16,1.16,822,0
CRIS.US,5,20251120,161500,1.14,1.165,1.14,1.15,14462,0
CRIS.US,5,20251120,162000,1.15,1.1577,1.15,1.1577,1487,0
CRIS.US,5,20251120,162500,1.1591,1.16,1.15,1.16,2100,0
CRIS.US,5,20251120,165000,1.16,1.16,1.14,1.15,6793,0
CRIS.US,5,20251120,165500,1.16,1.1651,1.125,1.14,3432,0
CRIS.US,5,20251120,170500,1.14,1.14,1.14,1.14,300,0
CRIS.US,5,20251120,171000,1.14,1.14,1.14,1.14,200,0
CRIS.US,5,20251120,172000,1.1492,1.1492,1.1492,1.1492,275,0
CRIS.US,5,20251120,173000,1.1401,1.15,1.1401,1.1469,5000,0
CRIS.US,5,20251120,173500,1.15,1.15,1.15,1.15,150,0
CRIS.US,5,20251120,174000,1.14,1.1483,1.13,1.1483,6290,0
CRIS.US,5,20251120,175500,1.1496,1.1496,1.1496,1.1496,1000,0
CRIS.US,5,20251120,180500,1.145,1.145,1.14,1.14,995,0
CRIS.US,5,20251120,181000,1.14,1.14,1.125,1.125,6989,0
CRIS.US,5,20251120,182000,1.1399,1.1399,1.1399,1.1399,281,0
CRIS.US,5,20251120,183000,1.12,1.12,1.1161,1.1161,362,0
CRIS.US,5,20251120,184000,1.1155,1.1155,1.1155,1.1155,392,0
CRIS.US,5,20251120,184500,1.11,1.11,1.11,1.11,1700,0
CRIS.US,5,20251120,191500,1.1161,1.1161,1.1161,1.1161,1000,0
CRIS.US,5,20251120,192000,1.1153,1.1153,1.1153,1.1153,1000,0
CRIS.US,5,20251120,192500,1.115,1.115,1.115,1.115,345,0
CRIS.US,5,20251120,193000,1.11,1.11,1.11,1.11,100,0
CRIS.US,5,20251120,193500,1.11,1.11,1.11,1.11,5000,0
CRIS.US,5,20251120,194000,1.11,1.11,1.109,1.11,6220,0
CRIS.US,5,20251120,195000,1.11,1.11,1.11,1.11,720,0
CRIS.US,5,20251120,195500,1.11,1.11,1.11,1.11,100,0
CRIS.US,5,20251120,202500,1.1185,1.12,1.11,1.12,4802,0
CRIS.US,5,20251120,203000,1.1264,1.1264,1.1264,1.1264,2000,0
CRIS.US,5,20251120,203500,1.1153,1.12,1.1,1.1,10497,0
CRIS.US,5,20251120,204000,1.1165,1.1165,1.1165,1.1165,161,0
CRIS.US,5,20251120,210500,1.12,1.12,1.1,1.1,1041,0
CRIS.US,5,20251120,211500,1.1,1.1,1.1,1.1,2901,0
CRIS.US,5,20251120,212000,1.1,1.1,1.1,1.1,830,0
CRIS.US,5,20251120,213000,1.1,1.1,1.0925,1.0925,1380,0
CRIS.US,5,20251120,213500,1.09,1.09,1.09,1.09,100,0
CRIS.US,5,20251120,214000,1.0992,1.0992,1.0992,1.0992,100,0
CRIS.US,5,20251120,214500,1.0968,1.0968,1.0968,1.0968,1000,0
CRIS.US,5,20251121,153000,1.13,1.13,1.13,1.13,641,0
CRIS.US,5,20251121,154000,1.1,1.1,1.1,1.1,1525,0
CRIS.US,5,20251121,154500,1.0888,1.1,1.0888,1.1,1002,0
CRIS.US,5,20251121,162000,1.097,1.0999,1.097,1.0999,1500,0
CRIS.US,5,20251121,162500,1.095,1.1,1.095,1.0966,2024,0
CRIS.US,5,20251121,165500,1.0999,1.1,1.0999,1.1,600,0
CRIS.US,5,20251121,170000,1.1,1.1,1.095,1.1,13633,0
CRIS.US,5,20251121,172500,1.12,1.12,1.1175,1.1175,3018,0
CRIS.US,5,20251121,173000,1.105,1.12,1.105,1.12,2877,0
CRIS.US,5,20251121,174000,1.15,1.15,1.15,1.15,200,0
CRIS.US,5,20251121,174500,1.15,1.18,1.15,1.175,4339,0
CRIS.US,5,20251121,175000,1.1799,1.1799,1.1799,1.1799,3847,0
CRIS.US,5,20251121,175500,1.17,1.18,1.1502,1.1502,1964,0
CRIS.US,5,20251121,180000,1.1638,1.1684,1.1502,1.1684,2999,0
CRIS.US,5,20251121,180500,1.166,1.166,1.166,1.166,1000,0
CRIS.US,5,20251121,181500,1.16,1.16,1.125,1.125,5761,0
CRIS.US,5,20251121,183500,1.12,1.12,1.1,1.11,3999,0
CRIS.US,5,20251121,185000,1.12,1.12,1.12,1.12,100,0
CRIS.US,5,20251121,191500,1.1481,1.1481,1.1481,1.1481,532,0
CRIS.US,5,20251121,192000,1.135,1.135,1.1203,1.135,584,0
CRIS.US,5,20251121,193000,1.135,1.135,1.135,1.135,100,0
CRIS.US,5,20251121,193500,1.12,1.12,1.12,1.12,200,0
CRIS.US,5,20251121,194000,1.135,1.135,1.12,1.135,2000,0
CRIS.US,5,20251121,201500,1.1519,1.1519,1.1519,1.1519,350,0
CRIS.US,5,20251121,202000,1.17,1.17,1.17,1.17,350,0
CRIS.US,5,20251121,205500,1.16,1.16,1.16,1.16,500,0
CRIS.US,5,20251121,210000,1.16,1.16,1.16,1.16,800,0
CRIS.US,5,20251121,212000,1.15,1.15,1.13,1.13,1952,0
CRIS.US,5,20251121,212500,1.145,1.15,1.145,1.15,700,0
CRIS.US,5,20251121,213000,1.15,1.15,1.15,1.15,1000,0
CRIS.US,5,20251121,213500,1.15,1.16,1.15,1.16,884,0
CRIS.US,5,20251121,214500,1.18,1.18,1.18,1.18,396,0
CRIS.US,5,20251121,215000,1.18,1.19,1.18,1.18,2846,0
CRIS.US,5,20251121,215500,1.1974,1.1974,1.16,1.17,4615,0
CRIS.US,5,20251124,153000,1.18,1.21,1.18,1.1956,2750,0
CRIS.US,5,20251124,153500,1.2,1.2,1.195,1.195,1579,0
CRIS.US,5,20251124,154500,1.18,1.18,1.18,1.18,2000,0
CRIS.US,5,20251124,155000,1.1856,1.19,1.1856,1.19,1200,0
CRIS.US,5,20251124,155500,1.19,1.19,1.19,1.19,300,0
CRIS.US,5,20251124,160500,1.195,1.195,1.195,1.195,100,0
CRIS.US,5,20251124,161000,1.192,1.195,1.19,1.195,3390,0
CRIS.US,5,20251124,162000,1.19,1.191,1.19,1.191,1100,0
CRIS.US,5,20251124,163000,1.19,1.195,1.19,1.19,5514,0
CRIS.US,5,20251124,163500,1.1975,1.1975,1.1975,1.1975,450,0
CRIS.US,5,20251124,170500,1.1985,1.1985,1.19,1.19,250,0
CRIS.US,5,20251124,172500,1.19,1.19,1.19,1.19,100,0
CRIS.US,5,20251124,173500,1.195,1.195,1.195,1.195,1000,0
CRIS.US,5,20251124,174000,1.19,1.19,1.19,1.19,100,0
CRIS.US,5,20251124,174500,1.19,1.19,1.18,1.18,4299,0
CRIS.US,5,20251124,175000,1.19,1.19,1.19,1.19,180,0
CRIS.US,5,20251124,180000,1.1892,1.1892,1.18,1.18,287,0
CRIS.US,5,20251124,180500,1.18,1.18,1.18,1.18,100,0
CRIS.US,5,20251124,182500,1.181352,1.181352,1.181352,1.181352,355,0
CRIS.US,5,20251124,183000,1.18,1.18,1.18,1.18,100,0
CRIS.US,5,20251124,185500,1.18,1.18,1.18,1.18,100,0
CRIS.US,5,20251124,190000,1.18,1.18,1.1501,1.16,5048,0
CRIS.US,5,20251124,200500,1.17,1.17,1.17,1.17,100,0
CRIS.US,5,20251124,201000,1.16,1.16,1.14,1.15,9849,0
CRIS.US,5,20251124,201500,1.1599,1.1599,1.1599,1.1599,100,0
CRIS.US,5,20251124,202500,1.16,1.16,1.16,1.16,100,0
CRIS.US,5,20251124,203000,1.16,1.16,1.14,1.14,3657,0
CRIS.US,5,20251124,204000,1.157,1.157,1.157,1.157,140,0
CRIS.US,5,20251124,211000,1.12,1.14,1.12,1.14,5084,0
CRIS.US,5,20251124,212000,1.1317,1.1317,1.1317,1.1317,450,0
CRIS.US,5,20251124,212500,1.14,1.14,1.14,1.14,152,0
CRIS.US,5,20251124,213000,1.14,1.14,1.14,1.14,100,0
CRIS.US,5,20251124,214000,1.13,1.14,1.13,1.13,1580,0
CRIS.US,5,20251124,215000,1.13,1.13,1.13,1.13,100,0
CRIS.US,5,20251124,215500,1.14,1.14,1.12,1.14,1953,0
CRIS.US,5,20251125,153000,1.145,1.145,1.145,1.145,240,0
CRIS.US,5,20251125,154500,1.15,1.15,1.08,1.08,5497,0
CRIS.US,5,20251125,160000,1.1999,1.1999,1.1999,1.1999,3104,0
CRIS.US,5,20251125,160500,1.15,1.15,1.15,1.15,100,0
CRIS.US,5,20251125,161500,1.16,1.16,1.16,1.16,1473,0
CRIS.US,5,20251125,162000,1.16,1.16,1.14,1.16,5890,0
CRIS.US,5,20251125,162500,1.1066,1.1066,1.1066,1.1066,377,0
CRIS.US,5,20251125,165500,1.135,1.135,1.135,1.135,1000,0
CRIS.US,5,20251125,174500,1.13,1.13,1.13,1.13,2000,0
CRIS.US,5,20251125,175000,1.14,1.14,1.14,1.14,1000,0
CRIS.US,5,20251125,181500,1.1334,1.1334,1.1334,1.1334,150,0
CRIS.US,5,20251125,185000,1.1444,1.1444,1.1444,1.1444,240,0
CRIS.US,5,20251125,185500,1.1444,1.1444,1.1444,1.1444,370,0
CRIS.US,5,20251125,195000,1.15,1.15,1.15,1.15,400,0
CRIS.US,5,20251125,201500,1.145,1.15,1.14,1.14,11659,0
CRIS.US,5,20251125,202000,1.14,1.14,1.125,1.125,6772,0
CRIS.US,5,20251125,211500,1.12,1.12,1.1,1.1,4404,0
CRIS.US,5,20251125,212500,1.11,1.11,1.11,1.11,100,0
CRIS.US,5,20251125,213000,1.11,1.11,1.11,1.11,400,0
CRIS.US,5,20251125,214500,1.13,1.13,1.13,1.13,100,0
CRIS.US,5,20251125,215000,1.12,1.1202,1.12,1.1202,250,0
CRIS.US,5,20251125,215500,1.125,1.15,1.125,1.13,12914,0
CRIS.US,5,20251126,153000,1.1112,1.1112,1.1112,1.1112,946,0
CRIS.US,5,20251126,153500,1.1148,1.15,1.1148,1.15,1150,0
CRIS.US,5,20251126,154000,1.1327,1.1327,1.1327,1.1327,100,0
CRIS.US,5,20251126,154500,1.15,1.15,1.15,1.15,196,0
CRIS.US,5,20251126,155000,1.12,1.12,1.1,1.1,3974,0
CRIS.US,5,20251126,160000,1.13,1.13,1.1124,1.1124,1733,0
CRIS.US,5,20251126,160500,1.13,1.13,1.1205,1.1205,450,0
CRIS.US,5,20251126,161500,1.13,1.13,1.13,1.13,100,0
CRIS.US,5,20251126,162500,1.1255,1.1255,1.1255,1.1255,500,0
CRIS.US,5,20251126,165000,1.13,1.13,1.13,1.13,862,0
CRIS.US,5,20251126,170000,1.14,1.14,1.14,1.14,136,0
CRIS.US,5,20251126,170500,1.1371,1.1371,1.1371,1.1371,400,0
CRIS.US,5,20251126,172000,1.14,1.14,1.14,1.14,1100,0
CRIS.US,5,20251126,173000,1.14,1.14,1.14,1.14,170,0
CRIS.US,5,20251126,174000,1.1478,1.15,1.1478,1.15,13018,0
CRIS.US,5,20251126,175500,1.16,1.16,1.15,1.15,15961,0
CRIS.US,5,20251126,180000,1.1599,1.17,1.1599,1.17,3922,0
CRIS.US,5,20251126,180500,1.155,1.17,1.155,1.17,2736,0
CRIS.US,5,20251126,181000,1.1795,1.1795,1.175,1.175,8000,0
CRIS.US,5,20251126,182000,1.18,1.18,1.18,1.18,5100,0
CRIS.US,5,20251126,182500,1.18,1.18,1.1733,1.1774,8433,0
CRIS.US,5,20251126,183000,1.178,1.178,1.178,1.178,1000,0
CRIS.US,5,20251126,183500,1.17,1.18,1.17,1.1799,10594,0
CRIS.US,5,20251126,184000,1.19,1.2,1.1799,1.2,8638,0
CRIS.US,5,20251126,184500,1.2,1.21,1.2,1.2001,6734,0
CRIS.US,5,20251126,185000,1.21,1.21,1.21,1.21,255,0
CRIS.US,5,20251126,190000,1.21,1.21,1.21,1.21,390,0
CRIS.US,5,20251126,191000,1.205,1.205,1.205,1.205,790,0
CRIS.US,5,20251126,192000,1.21,1.22,1.2,1.2,2967,0
CRIS.US,5,20251126,192500,1.2,1.2,1.2,1.2,271,0
CRIS.US,5,20251126,193000,1.21,1.21,1.21,1.21,117,0
CRIS.US,5,20251126,193500,1.2,1.2,1.1901,1.1901,1415,0
CRIS.US,5,20251126,200500,1.2,1.2,1.2,1.2,100,0
CRIS.US,5,20251126,202500,1.2198,1.2198,1.2198,1.2198,6000,0
CRIS.US,5,20251126,204000,1.2171,1.2171,1.2171,1.2171,800,0
CRIS.US,5,20251126,204500,1.21,1.23,1.21,1.23,21618,0
CRIS.US,5,20251126,205000,1.239,1.25,1.239,1.25,1100,0
CRIS.US,5,20251126,205500,1.2356,1.24,1.2356,1.24,208,0
CRIS.US,5,20251126,210000,1.24,1.24,1.23,1.24,8977,0
CRIS.US,5,20251126,211500,1.24,1.24,1.24,1.24,3014,0
CRIS.US,5,20251126,212000,1.245,1.26,1.245,1.25,945,0
CRIS.US,5,20251126,213000,1.2672,1.2672,1.2672,1.2672,650,0
CRIS.US,5,20251126,213500,1.26,1.27,1.26,1.27,500,0
CRIS.US,5,20251126,214000,1.27,1.28,1.27,1.28,2115,0
CRIS.US,5,20251126,214500,1.2898,1.29,1.2898,1.29,2014,0
CRIS.US,5,20251126,215000,1.2917,1.2917,1.29,1.29,1532,0
CRIS.US,5,20251126,215500,1.29,1.29,1.28,1.28,800,0
CRIS.US,5,20251128,153000,1.28,1.28,1.28,1.28,3366,0
CRIS.US,5,20251128,153500,1.27,1.27,1.27,1.27,500,0
CRIS.US,5,20251128,154500,1.26,1.26,1.26,1.26,1000,0
CRIS.US,5,20251128,155500,1.26,1.26,1.26,1.26,961,0
CRIS.US,5,20251128,160000,1.27,1.27,1.27,1.27,100,0
CRIS.US,5,20251128,160500,1.289,1.29,1.289,1.29,10000,0
CRIS.US,5,20251128,161500,1.275,1.3,1.275,1.29,5901,0
CRIS.US,5,20251128,162000,1.2675,1.3,1.2675,1.3,200,0
CRIS.US,5,20251128,163000,1.295,1.295,1.295,1.295,100,0
CRIS.US,5,20251128,163500,1.295,1.295,1.295,1.295,100,0
CRIS.US,5,20251128,164000,1.295,1.295,1.275,1.28,10748,0
CRIS.US,5,20251128,164500,1.32,1.32,1.303,1.32,6552,0
CRIS.US,5,20251128,165000,1.32,1.328,1.32,1.328,1194,0
CRIS.US,5,20251128,170000,1.32,1.32,1.3135,1.3135,13726,0
CRIS.US,5,20251128,170500,1.33,1.3481,1.33,1.3481,2200,0
CRIS.US,5,20251128,171500,1.34,1.34,1.31,1.31,1060,0
CRIS.US,5,20251128,172000,1.33,1.33,1.33,1.33,172,0
CRIS.US,5,20251128,172500,1.33,1.33,1.33,1.33,1941,0
CRIS.US,5,20251128,173000,1.33,1.33,1.31,1.31,1860,0
CRIS.US,5,20251128,173500,1.3247,1.33,1.3247,1.3293,2725,0
CRIS.US,5,20251128,174000,1.33,1.33,1.32,1.32,354,0
CRIS.US,5,20251128,174500,1.33,1.33,1.33,1.33,177,0
CRIS.US,5,20251128,175000,1.33,1.33,1.33,1.33,234,0
CRIS.US,5,20251128,175500,1.33,1.33,1.328,1.328,620,0
CRIS.US,5,20251128,180500,1.33,1.34,1.33,1.335,17163,0
CRIS.US,5,20251128,181000,1.35,1.35,1.3497,1.3497,5345,0
CRIS.US,5,20251128,181500,1.345,1.345,1.34,1.34,1262,0
CRIS.US,5,20251128,182000,1.345,1.35,1.345,1.35,200,0
CRIS.US,5,20251128,182500,1.352,1.352,1.352,1.352,1000,0
CRIS.US,5,20251128,183000,1.355,1.36,1.355,1.36,1100,0
CRIS.US,5,20251128,184000,1.36,1.36,1.36,1.36,115,0
CRIS.US,5,20251128,184500,1.3671,1.38,1.3671,1.38,3580,0
CRIS.US,5,20251128,185500,1.375,1.3776,1.36,1.37,3052,0
CRIS.US,5,20251128,190000,1.37,1.37,1.37,1.37,196,0
CRIS.US,5,20251201,153000,1.36,1.36,1.355,1.36,8414,0
CRIS.US,5,20251201,153500,1.38,1.38,1.37,1.37,1464,0
CRIS.US,5,20251201,154000,1.37,1.37,1.37,1.37,250,0
CRIS.US,5,20251201,154500,1.3684,1.3684,1.36,1.36,1168,0
CRIS.US,5,20251201,155000,1.35,1.3602,1.35,1.35,4400,0
CRIS.US,5,20251201,160500,1.35,1.35,1.335,1.335,1449,0
CRIS.US,5,20251201,161500,1.34,1.3562,1.34,1.3562,700,0
CRIS.US,5,20251201,162000,1.36,1.36,1.35,1.35,8347,0
CRIS.US,5,20251201,162500,1.35,1.35,1.35,1.35,700,0
CRIS.US,5,20251201,163000,1.33,1.33,1.32,1.32,2000,0
CRIS.US,5,20251201,163500,1.3125,1.3125,1.3125,1.3125,500,0
CRIS.US,5,20251201,164000,1.3102,1.3102,1.3102,1.3102,1000,0
CRIS.US,5,20251201,164500,1.32,1.32,1.32,1.32,100,0
CRIS.US,5,20251201,170000,1.31,1.31,1.29,1.31,1051,0
CRIS.US,5,20251201,171000,1.295,1.295,1.295,1.295,120,0
CRIS.US,5,20251201,173500,1.305,1.305,1.305,1.305,150,0
CRIS.US,5,20251201,174500,1.3,1.31,1.3,1.31,1792,0
CRIS.US,5,20251201,175000,1.29,1.29,1.29,1.29,182,0
CRIS.US,5,20251201,175500,1.307,1.307,1.307,1.307,1500,0
CRIS.US,5,20251201,180000,1.31,1.31,1.31,1.31,750,0
CRIS.US,5,20251201,181000,1.31,1.31,1.31,1.31,100,0
CRIS.US,5,20251201,182000,1.2901,1.3,1.29,1.3,1334,0
CRIS.US,5,20251201,185000,1.29,1.29,1.29,1.29,1201,0
CRIS.US,5,20251201,185500,1.2774,1.2774,1.2702,1.2714,485,0
CRIS.US,5,20251201,190000,1.29,1.29,1.29,1.29,100,0
CRIS.US,5,20251201,191500,1.29,1.29,1.279,1.2895,11100,0
CRIS.US,5,20251201,192000,1.27,1.28,1.27,1.275,800,0
CRIS.US,5,20251201,192500,1.28,1.28,1.28,1.28,200,0
CRIS.US,5,20251201,194000,1.28,1.28,1.28,1.28,100,0
CRIS.US,5,20251201,195000,1.27,1.27,1.27,1.27,100,0
CRIS.US,5,20251201,195500,1.29,1.29,1.29,1.29,100,0
CRIS.US,5,20251201,200500,1.28,1.28,1.2625,1.2625,887,0
CRIS.US,5,20251201,201000,1.27,1.27,1.27,1.27,135,0
CRIS.US,5,20251201,201500,1.28,1.28,1.28,1.28,100,0
CRIS.US,5,20251201,204000,1.26,1.27,1.26,1.26,1100,0
CRIS.US,5,20251201,204500,1.2799,1.28,1.2799,1.28,4266,0
CRIS.US,5,20251201,205000,1.265,1.28,1.2635,1.2656,9650,0
CRIS.US,5,20251201,212000,1.265,1.265,1.265,1.265,100,0
CRIS.US,5,20251201,213000,1.24,1.24,1.24,1.24,100,0
CRIS.US,5,20251201,213500,1.245,1.245,1.23,1.24,600,0
CRIS.US,5,20251201,214000,1.245,1.32,1.245,1.29,7668,0
CRIS.US,5,20251201,214500,1.2801,1.2801,1.2801,1.2801,2650,0
CRIS.US,5,20251201,215500,1.28,1.29,1.26,1.26,1246,0
CRIS.US,5,20251202,161000,1.3101,1.3101,1.3101,1.3101,3507,0
CRIS.US,5,20251202,161500,1.31,1.31,1.2501,1.2579,9252,0
CRIS.US,5,20251202,163000,1.2601,1.2601,1.2601,1.2601,360,0
CRIS.US,5,20251202,163500,1.2601,1.303,1.26,1.26,3894,0
CRIS.US,5,20251202,164000,1.255,1.285,1.25,1.25,10300,0
CRIS.US,5,20251202,164500,1.301,1.301,1.25,1.25,482,0
CRIS.US,5,20251202,165000,1.25,1.25,1.25,1.25,200,0
CRIS.US,5,20251202,165500,1.2873,1.2873,1.25,1.25,368,0
CRIS.US,5,20251202,170000,1.24,1.2871,1.23,1.23,12074,0
CRIS.US,5,20251202,170500,1.2301,1.2301,1.2301,1.2301,350,0
CRIS.US,5,20251202,171000,1.2301,1.2301,1.23,1.23,742,0
CRIS.US,5,20251202,171500,1.23,1.23,1.23,1.23,365,0
CRIS.US,5,20251202,172000,1.22,1.2397,1.21,1.2101,1321,0
CRIS.US,5,20251202,172500,1.2201,1.2201,1.2201,1.2201,140,0
CRIS.US,5,20251202,173000,1.2201,1.2201,1.2201,1.2201,444,0
CRIS.US,5,20251202,174000,1.235,1.235,1.22,1.22,950,0
CRIS.US,5,20251202,175000,1.22,1.22,1.2,1.2,1100,0
CRIS.US,5,20251202,175500,1.2,1.2,1.2,1.2,526,0
CRIS.US,5,20251202,180500,1.19,1.2,1.19,1.2,812,0
CRIS.US,5,20251202,182000,1.2,1.2,1.2,1.2,1266,0
CRIS.US,5,20251202,182500,1.2,1.2,1.1999,1.1999,700,0
CRIS.US,5,20251202,183500,1.2,1.2001,1.2,1.2001,352,0
CRIS.US,5,20251202,184000,1.2001,1.205,1.2,1.2,1648,0
CRIS.US,5,20251202,184500,1.2,1.2001,1.2,1.2,1201,0
CRIS.US,5,20251202,185000,1.2001,1.2001,1.2001,1.2001,100,0
CRIS.US,5,20251202,185500,1.2001,1.2001,1.2,1.2,229,0
CRIS.US,5,20251202,190000,1.2001,1.2001,1.2001,1.2001,361,0
CRIS.US,5,20251202,190500,1.2045,1.2045,1.2001,1.2001,465,0
CRIS.US,5,20251202,191000,1.2067,1.2082,1.2001,1.205,917,0
CRIS.US,5,20251202,191500,1.2001,1.215,1.2,1.2001,696,0
CRIS.US,5,20251202,192000,1.2,1.2001,1.2,1.2,827,0
CRIS.US,5,20251202,192500,1.2001,1.2001,1.2,1.2,233,0
CRIS.US,5,20251202,193000,1.2001,1.2001,1.2001,1.2001,256,0
CRIS.US,5,20251202,193500,1.2,1.2,1.19,1.2,6836,0
CRIS.US,5,20251202,195000,1.19,1.19,1.19,1.19,100,0
CRIS.US,5,20251202,195500,1.1981,1.1981,1.1981,1.1981,212,0
CRIS.US,5,20251202,200000,1.2,1.2,1.2,1.2,1195,0
CRIS.US,5,20251202,201000,1.19,1.19,1.19,1.19,200,0
CRIS.US,5,20251202,202000,1.2,1.2,1.2,1.2,100,0
CRIS.US,5,20251202,204500,1.2,1.2,1.2,1.2,690,0
CRIS.US,5,20251202,212000,1.1955,1.2,1.1955,1.2,1100,0
CRIS.US,5,20251202,213000,1.1959,1.2,1.1959,1.2,5104,0
CRIS.US,5,20251202,213500,1.2,1.2,1.2,1.2,100,0
CRIS.US,5,20251202,214000,1.2,1.2,1.2,1.2,550,0
CRIS.US,5,20251202,215000,1.195,1.21,1.195,1.2,3948,0
CRIS.US,5,20251202,215500,1.21,1.21,1.19,1.2,3388,0
CRIS.US,5,20251203,153000,1.22,1.22,1.22,1.22,590,0
CRIS.US,5,20251203,154500,1.21,1.22,1.21,1.215,691,0
CRIS.US,5,20251203,155000,1.22,1.2599,1.2198,1.2599,14504,0
CRIS.US,5,20251203,160500,1.2074,1.2074,1.2074,1.2074,114,0
CRIS.US,5,20251203,161000,1.224,1.23,1.224,1.23,250,0
CRIS.US,5,20251203,163500,1.23,1.23,1.22,1.2201,1800,0
CRIS.US,5,20251203,165000,1.22,1.24,1.22,1.233,10962,0
CRIS.US,5,20251203,170000,1.23,1.23,1.23,1.23,6224,0
CRIS.US,5,20251203,171000,1.23,1.23,1.23,1.23,100,0
CRIS.US,5,20251203,171500,1.2198,1.2299,1.2198,1.2299,407,0
CRIS.US,5,20251203,172000,1.23,1.23,1.23,1.23,5000,0
CRIS.US,5,20251203,172500,1.2285,1.2285,1.2285,1.2285,175,0
CRIS.US,5,20251203,173500,1.23,1.23,1.23,1.23,5322,0
CRIS.US,5,20251203,174000,1.23,1.23,1.23,1.23,100,0
CRIS.US,5,20251203,174500,1.2252,1.2252,1.2252,1.2252,335,0
CRIS.US,5,20251203,175000,1.23,1.23,1.23,1.23,100,0
CRIS.US,5,20251203,180500,1.225,1.225,1.22,1.22,9000,0
CRIS.US,5,20251203,181000,1.225,1.225,1.225,1.225,100,0
CRIS.US,5,20251203,182500,1.22,1.225,1.22,1.22,1200,0
CRIS.US,5,20251203,192000,1.215,1.215,1.215,1.215,828,0
CRIS.US,5,20251203,193000,1.22,1.22,1.22,1.22,100,0
CRIS.US,5,20251203,195000,1.2199,1.22,1.215,1.2166,8649,0
CRIS.US,5,20251203,195500,1.23,1.23,1.23,1.23,683,0
CRIS.US,5,20251203,200000,1.235,1.235,1.235,1.235,200,0
CRIS.US,5,20251203,202000,1.245,1.245,1.245,1.245,800,0
CRIS.US,5,20251203,203000,1.26,1.26,1.25,1.26,1910,0
CRIS.US,5,20251203,205500,1.2545,1.2545,1.234,1.234,2746,0
CRIS.US,5,20251203,210500,1.25,1.25,1.24,1.24,500,0
CRIS.US,5,20251203,211000,1.24,1.24,1.24,1.24,478,0
CRIS.US,5,20251203,213000,1.25,1.26,1.24,1.24,2900,0
CRIS.US,5,20251203,213500,1.24,1.24,1.24,1.24,187,0
CRIS.US,5,20251203,214500,1.24,1.26,1.2,1.235,13153,0
CRIS.US,5,20251203,215000,1.2114,1.2116,1.2114,1.2116,435,0
CRIS.US,5,20251203,215500,1.22,1.25,1.22,1.25,5801,0
CRIS.US,5,20251204,153000,1.27,1.2992,1.27,1.2992,5386,0
CRIS.US,5,20251204,153500,1.286,1.286,1.27,1.27,1100,0
CRIS.US,5,20251204,154000,1.27,1.27,1.27,1.27,451,0
CRIS.US,5,20251204,155000,1.29,1.29,1.29,1.29,250,0
CRIS.US,5,20251204,160000,1.27,1.27,1.27,1.27,1235,0
CRIS.US,5,20251204,160500,1.2684,1.2684,1.2684,1.2684,100,0
CRIS.US,5,20251204,161000,1.28,1.28,1.28,1.28,1000,0
CRIS.US,5,20251204,161500,1.2881,1.2881,1.2881,1.2881,313,0
CRIS.US,5,20251204,162000,1.28,1.28,1.2701,1.2701,5611,0
CRIS.US,5,20251204,162500,1.2899,1.3,1.2899,1.29,8930,0
CRIS.US,5,20251204,163000,1.3,1.34,1.3,1.33,6980,0
CRIS.US,5,20251204,164000,1.32,1.32,1.32,1.32,100,0
CRIS.US,5,20251204,165500,1.33,1.335,1.32,1.335,8976,0
CRIS.US,5,20251204,170500,1.32,1.32,1.32,1.32,119,0
CRIS.US,5,20251204,171000,1.33,1.33,1.33,1.33,3869,0
CRIS.US,5,20251204,171500,1.33,1.34,1.33,1.33,6100,0
CRIS.US,5,20251204,172500,1.34,1.34,1.34,1.34,317,0
CRIS.US,5,20251204,173000,1.35,1.35,1.34,1.3401,3010,0
CRIS.US,5,20251204,175500,1.3305,1.3305,1.33,1.33,1100,0
CRIS.US,5,20251204,180000,1.34,1.34,1.34,1.34,200,0
CRIS.US,5,20251204,181000,1.3246,1.33,1.3246,1.33,2482,0
CRIS.US,5,20251204,181500,1.33,1.3301,1.33,1.3301,1279,0
CRIS.US,5,20251204,182000,1.3299,1.33,1.329,1.3299,20347,0
CRIS.US,5,20251204,183000,1.3264,1.3264,1.3264,1.3264,250,0
CRIS.US,5,20251204,184000,1.33,1.33,1.33,1.33,2392,0
CRIS.US,5,20251204,184500,1.34,1.35,1.34,1.35,2753,0
CRIS.US,5,20251204,185000,1.35,1.35,1.34,1.34,2400,0
CRIS.US,5,20251204,191500,1.335,1.335,1.32,1.3204,1610,0
CRIS.US,5,20251204,192000,1.3201,1.3201,1.3201,1.3201,1100,0
CRIS.US,5,20251204,194500,1.34,1.34,1.34,1.34,100,0
CRIS.US,5,20251204,195000,1.34,1.35,1.3399,1.3399,6489,0
CRIS.US,5,20251204,195500,1.345,1.3597,1.345,1.345,15370,0
CRIS.US,5,20251204,200500,1.3438,1.345,1.3438,1.345,2406,0
CRIS.US,5,20251204,201000,1.345,1.35,1.33,1.3368,16171,0
CRIS.US,5,20251204,202000,1.35,1.35,1.33,1.33,7339,0
CRIS.US,5,20251204,203500,1.34,1.355,1.34,1.35,11282,0
CRIS.US,5,20251204,205500,1.35,1.35,1.35,1.35,500,0
CRIS.US,5,20251204,210000,1.34,1.345,1.34,1.345,666,0
CRIS.US,5,20251204,212000,1.33,1.33,1.33,1.33,100,0
CRIS.US,5,20251204,213000,1.33,1.33,1.31,1.32,1956,0
CRIS.US,5,20251204,213500,1.33,1.33,1.33,1.33,975,0
CRIS.US,5,20251204,214500,1.34,1.3403,1.34,1.3403,1010,0
CRIS.US,5,20251204,215000,1.3444,1.3444,1.34,1.34,7951,0
CRIS.US,5,20251204,215500,1.34,1.35,1.32,1.35,5047,0
CRIS.US,5,20251205,153000,1.35,1.4199,1.35,1.4199,5620,0
CRIS.US,5,20251205,154000,1.37,1.37,1.37,1.37,100,0
CRIS.US,5,20251205,155000,1.37,1.37,1.37,1.37,120,0
CRIS.US,5,20251205,155500,1.37,1.3846,1.368,1.37,1270,0
CRIS.US,5,20251205,160000,1.3596,1.3686,1.3596,1.3686,3689,0
CRIS.US,5,20251205,161000,1.39,1.39,1.3899,1.3899,4938,0
CRIS.US,5,20251205,161500,1.39,1.39,1.39,1.39,220,0
CRIS.US,5,20251205,162000,1.39,1.39,1.39,1.39,331,0
CRIS.US,5,20251205,162500,1.3733,1.3962,1.3733,1.3962,2929,0
CRIS.US,5,20251205,163000,1.3935,1.3935,1.3935,1.3935,120,0
CRIS.US,5,20251205,163500,1.3881,1.4,1.38,1.4,13889,0
CRIS.US,5,20251205,165500,1.39,1.39,1.35,1.35,18786,0
CRIS.US,5,20251205,170000,1.35,1.35,1.35,1.35,3000,0
CRIS.US,5,20251205,170500,1.37,1.3772,1.37,1.3772,2885,0
CRIS.US,5,20251205,171000,1.375,1.3995,1.375,1.3995,4058,0
CRIS.US,5,20251205,171500,1.39,1.39,1.38,1.38,2250,0
CRIS.US,5,20251205,172000,1.365,1.365,1.365,1.365,250,0
CRIS.US,5,20251205,173000,1.375,1.375,1.375,1.375,100,0
CRIS.US,5,20251205,174500,1.36,1.375,1.36,1.3601,6170,0
CRIS.US,5,20251205,175000,1.3677,1.3677,1.3677,1.3677,5500,0
CRIS.US,5,20251205,175500,1.3771,1.3771,1.3771,1.3771,200,0
CRIS.US,5,20251205,180500,1.375,1.375,1.375,1.375,100,0
CRIS.US,5,20251205,181000,1.3774,1.3774,1.3774,1.3774,100,0
CRIS.US,5,20251205,183500,1.39,1.39,1.39,1.39,100,0
CRIS.US,5,20251205,185000,1.36,1.36,1.36,1.36,100,0
CRIS.US,5,20251205,190500,1.3587,1.3587,1.3587,1.3587,200,0
CRIS.US,5,20251205,193000,1.36,1.36,1.36,1.36,147,0
CRIS.US,5,20251205,195500,1.3663,1.3663,1.3663,1.3663,106,0
CRIS.US,5,20251205,200500,1.37,1.37,1.37,1.37,3388,0
CRIS.US,5,20251205,202000,1.3566,1.3566,1.3566,1.3566,105,0
CRIS.US,5,20251205,210000,1.36,1.36,1.36,1.36,150,0
CRIS.US,5,20251205,210500,1.36,1.36,1.36,1.36,260,0
CRIS.US,5,20251205,212500,1.37,1.37,1.37,1.37,1000,0
CRIS.US,5,20251205,213000,1.365,1.365,1.365,1.365,500,0
CRIS.US,5,20251205,213500,1.365,1.365,1.33,1.355,9642,0
CRIS.US,5,20251205,214500,1.37,1.37,1.37,1.37,1000,0
CRIS.US,5,20251205,215000,1.355,1.355,1.35,1.35,1375,0
CRIS.US,5,20251205,215500,1.34,1.35,1.33,1.35,1361,0
CRIS.US,5,20251208,153000,1.33,1.33,1.29,1.33,3850,0
CRIS.US,5,20251208,153500,1.2901,1.2901,1.2901,1.2901,5000,0
CRIS.US,5,20251208,154500,1.2901,1.2901,1.2901,1.2901,617,0
CRIS.US,5,20251208,155500,1.3062,1.3062,1.3062,1.3062,330,0
CRIS.US,5,20251208,160000,1.32,1.3438,1.32,1.34,2146,0
CRIS.US,5,20251208,161000,1.34,1.34,1.34,1.34,6886,0
CRIS.US,5,20251208,162000,1.32,1.3335,1.32,1.3335,11223,0
CRIS.US,5,20251208,162500,1.335,1.335,1.335,1.335,107,0
CRIS.US,5,20251208,163500,1.3499,1.3499,1.3499,1.3499,200,0
CRIS.US,5,20251208,164000,1.335,1.335,1.335,1.335,100,0
CRIS.US,5,20251208,164500,1.3372,1.3372,1.2917,1.2917,3303,0
CRIS.US,5,20251208,165000,1.3298,1.33,1.3298,1.33,10713,0
CRIS.US,5,20251208,170000,1.3285,1.3285,1.3216,1.3216,590,0
CRIS.US,5,20251208,170500,1.325,1.325,1.325,1.325,500,0
CRIS.US,5,20251208,173000,1.3276,1.3276,1.315,1.324487,1116,0
CRIS.US,5,20251208,174000,1.3195,1.3195,1.3195,1.3195,100,0
CRIS.US,5,20251208,182000,1.32,1.33,1.32,1.33,200,0
CRIS.US,5,20251208,183500,1.33,1.33,1.33,1.33,2224,0
CRIS.US,5,20251208,185500,1.34,1.34,1.34,1.34,1000,0
CRIS.US,5,20251208,191500,1.33,1.33,1.33,1.33,100,0
CRIS.US,5,20251208,192000,1.33,1.33,1.3284,1.3284,250,0
CRIS.US,5,20251208,203000,1.325,1.325,1.325,1.325,100,0
CRIS.US,5,20251208,204500,1.325,1.33,1.325,1.33,719,0
CRIS.US,5,20251208,205500,1.3254,1.3254,1.3254,1.3254,200,0
CRIS.US,5,20251208,210000,1.325,1.325,1.325,1.325,100,0
CRIS.US,5,20251208,211500,1.3299,1.35,1.325,1.35,17147,0
CRIS.US,5,20251208,214000,1.35,1.375,1.35,1.375,3500,0
CRIS.US,5,20251208,214500,1.36,1.36,1.35,1.35,600,0
CRIS.US,5,20251208,215500,1.36,1.36,1.33,1.35,4309,0
CRIS.US,5,20251209,153000,1.409,1.409,1.409,1.409,400,0
CRIS.US,5,20251209,154500,1.3677,1.38,1.3677,1.38,1550,0
CRIS.US,5,20251209,155500,1.37,1.37,1.35,1.355,5058,0
CRIS.US,5,20251209,160500,1.36,1.37,1.36,1.37,6700,0
CRIS.US,5,20251209,161000,1.37,1.37,1.37,1.37,100,0
CRIS.US,5,20251209,161500,1.352,1.352,1.334,1.34,8679,0
CRIS.US,5,20251209,164500,1.356,1.365,1.35,1.35,4250,0
CRIS.US,5,20251209,165000,1.365,1.365,1.365,1.365,5100,0
CRIS.US,5,20251209,170000,1.3799,1.3799,1.3799,1.3799,8500,0
CRIS.US,5,20251209,170500,1.34,1.3752,1.34,1.3752,1150,0
CRIS.US,5,20251209,171000,1.38,1.39,1.38,1.3812,2857,0
CRIS.US,5,20251209,172000,1.39,1.39,1.39,1.39,200,0
CRIS.US,5,20251209,172500,1.39,1.39,1.39,1.39,1000,0
CRIS.US,5,20251209,173000,1.39,1.405,1.38,1.3832,11307,0
CRIS.US,5,20251209,173500,1.38,1.38,1.37,1.38,1104,0
CRIS.US,5,20251209,174000,1.36,1.36,1.34,1.34,1957,0
CRIS.US,5,20251209,174500,1.34,1.34,1.34,1.34,120,0
CRIS.US,5,20251209,175500,1.34,1.34,1.34,1.34,132,0
CRIS.US,5,20251209,180000,1.34,1.34,1.34,1.34,100,0
CRIS.US,5,20251209,180500,1.35,1.35,1.35,1.35,100,0
CRIS.US,5,20251209,181500,1.36,1.36,1.34,1.34,200,0
CRIS.US,5,20251209,182500,1.351,1.351,1.34,1.34,600,0
CRIS.US,5,20251209,183000,1.35,1.36,1.34,1.34,1301,0
CRIS.US,5,20251209,184000,1.35,1.35,1.35,1.35,100,0
CRIS.US,5,20251209,184500,1.34,1.34,1.34,1.34,100,0
CRIS.US,5,20251209,185500,1.3534,1.36,1.35,1.35,3956,0
CRIS.US,5,20251209,190000,1.355,1.355,1.355,1.355,100,0
CRIS.US,5,20251209,190500,1.34,1.3591,1.34,1.342,2389,0
CRIS.US,5,20251209,191500,1.34,1.342,1.32,1.34,3241,0
CRIS.US,5,20251209,192000,1.33,1.33,1.33,1.33,100,0
CRIS.US,5,20251209,193500,1.32,1.32,1.32,1.32,100,0
CRIS.US,5,20251209,194500,1.3288,1.3307,1.3288,1.3307,1960,0
CRIS.US,5,20251209,195000,1.3275,1.3275,1.3275,1.3275,601,0
CRIS.US,5,20251209,195500,1.32,1.32,1.32,1.32,200,0
CRIS.US,5,20251209,201500,1.325,1.33,1.325,1.325,5876,0
CRIS.US,5,20251209,202000,1.3278,1.33,1.3278,1.33,5100,0
CRIS.US,5,20251209,204000,1.34,1.34,1.335,1.335,324,0
CRIS.US,5,20251209,210000,1.3301,1.3301,1.3301,1.3301,146,0
CRIS.US,5,20251209,210500,1.3301,1.3367,1.3301,1.335,366,0
CRIS.US,5,20251209,211000,1.335,1.335,1.335,1.335,200,0
CRIS.US,5,20251209,211500,1.3352,1.35,1.3352,1.35,2400,0
CRIS.US,5,20251209,212500,1.34,1.34,1.31,1.31,2978,0
CRIS.US,5,20251209,213500,1.32,1.32,1.32,1.32,100,0
CRIS.US,5,20251209,215000,1.35,1.35,1.35,1.35,100,0
CRIS.US,5,20251209,215500,1.33,1.33,1.31,1.33,1494,0
CRIS.US,5,20251210,153000,1.36,1.4,1.36,1.4,5780,0
CRIS.US,5,20251210,155000,1.3588,1.38,1.3,1.31,6589,0
CRIS.US,5,20251210,160000,1.35,1.35,1.33,1.33,1600,0
CRIS.US,5,20251210,161000,1.325,1.325,1.3,1.32,9059,0
CRIS.US,5,20251210,163500,1.31,1.31,1.31,1.31,300,0
CRIS.US,5,20251210,165500,1.3,1.3,1.2967,1.2967,202,0
CRIS.US,5,20251210,170000,1.3,1.3,1.27,1.3,9399,0
CRIS.US,5,20251210,170500,1.2901,1.2901,1.2901,1.2901,700,0
CRIS.US,5,20251210,174500,1.31,1.31,1.31,1.31,200,0
CRIS.US,5,20251210,175000,1.31,1.31,1.31,1.31,1800,0
CRIS.US,5,20251210,175500,1.31,1.31,1.31,1.31,100,0
CRIS.US,5,20251210,180000,1.3,1.3,1.3,1.3,500,0
CRIS.US,5,20251210,180500,1.3015,1.3015,1.29,1.2967,1238,0
CRIS.US,5,20251210,181000,1.28,1.2801,1.28,1.2801,400,0
CRIS.US,5,20251210,182500,1.28,1.2949,1.2701,1.2949,1100,0
CRIS.US,5,20251210,184500,1.28,1.28,1.28,1.28,200,0
CRIS.US,5,20251210,190500,1.28,1.28,1.28,1.28,100,0
CRIS.US,5,20251210,193000,1.27,1.27,1.27,1.27,100,0
CRIS.US,5,20251210,194500,1.283,1.283,1.283,1.283,207,0
CRIS.US,5,20251210,195000,1.28,1.28,1.28,1.28,100,0
CRIS.US,5,20251210,195500,1.285,1.2873,1.285,1.2873,1380,0
CRIS.US,5,20251210,200000,1.295,1.295,1.295,1.295,100,0
CRIS.US,5,20251210,201500,1.3,1.3,1.3,1.3,100,0
CRIS.US,5,20251210,202500,1.3251,1.3251,1.3251,1.3251,461,0
CRIS.US,5,20251210,203500,1.3,1.3,1.3,1.3,560,0
CRIS.US,5,20251210,204000,1.291,1.291,1.27,1.27,6282,0
CRIS.US,5,20251210,205500,1.29,1.3,1.29,1.3,512,0
CRIS.US,5,20251210,210000,1.31,1.31,1.31,1.31,200,0
CRIS.US,5,20251210,210500,1.32,1.33,1.32,1.33,3373,0
CRIS.US,5,20251210,211000,1.34,1.35,1.34,1.35,400,0
CRIS.US,5,20251210,211500,1.35,1.3523,1.35,1.3523,811,0
CRIS.US,5,20251210,212000,1.35,1.35,1.35,1.35,300,0
CRIS.US,5,20251210,212500,1.34,1.34,1.32,1.32,2528,0
CRIS.US,5,20251210,213500,1.32,1.35,1.31,1.34,11400,0
CRIS.US,5,20251210,214000,1.355,1.355,1.355,1.355,300,0
CRIS.US,5,20251210,214500,1.3711,1.3711,1.355,1.355,900,0
CRIS.US,5,20251210,215000,1.33,1.33,1.33,1.33,2000,0
CRIS.US,5,20251210,215500,1.34,1.34,1.3,1.3,5832,0
CRIS.US,5,20251211,153000,1.32,1.325,1.28,1.325,3919,0
CRIS.US,5,20251211,153500,1.3148,1.3148,1.3148,1.3148,100,0
CRIS.US,5,20251211,155000,1.29,1.29,1.28,1.29,4287,0
CRIS.US,5,20251211,155500,1.295,1.3099,1.295,1.3099,2874,0
CRIS.US,5,20251211,161500,1.31,1.3148,1.31,1.3148,3000,0
CRIS.US,5,20251211,162500,1.315,1.315,1.315,1.315,150,0
CRIS.US,5,20251211,163500,1.31,1.31,1.31,1.31,1060,0
CRIS.US,5,20251211,164000,1.29,1.29,1.29,1.29,500,0
CRIS.US,5,20251211,170500,1.31,1.31,1.31,1.31,165,0
CRIS.US,5,20251211,171000,1.3197,1.3197,1.3197,1.3197,700,0
CRIS.US,5,20251211,171500,1.3,1.3,1.3,1.3,400,0
CRIS.US,5,20251211,172000,1.29,1.29,1.29,1.29,100,0
CRIS.US,5,20251211,172500,1.29,1.29,1.29,1.29,508,0
CRIS.US,5,20251211,174500,1.29,1.29,1.29,1.29,100,0
CRIS.US,5,20251211,175000,1.28,1.28,1.28,1.28,400,0
CRIS.US,5,20251211,180500,1.2889,1.2889,1.2889,1.2889,1000,0
CRIS.US,5,20251211,182500,1.29,1.29,1.2853,1.29,1400,0
CRIS.US,5,20251211,183000,1.29,1.29,1.29,1.29,788,0
CRIS.US,5,20251211,184500,1.28,1.28,1.25,1.28,13504,0
CRIS.US,5,20251211,185500,1.285,1.29,1.285,1.29,200,0
CRIS.US,5,20251211,190500,1.285,1.285,1.285,1.285,200,0
CRIS.US,5,20251211,192000,1.285,1.285,1.285,1.285,400,0
CRIS.US,5,20251211,192500,1.285,1.285,1.285,1.285,300,0
CRIS.US,5,20251211,193000,1.285,1.285,1.285,1.285,100,0
CRIS.US,5,20251211,194000,1.2887,1.2887,1.2887,1.2887,778,0
CRIS.US,5,20251211,195000,1.285,1.2874,1.285,1.285,1200,0
CRIS.US,5,20251211,195500,1.285,1.3,1.285,1.3,800,0
CRIS.US,5,20251211,200000,1.29,1.295,1.29,1.295,1675,0
CRIS.US,5,20251211,201000,1.295,1.295,1.295,1.295,100,0
CRIS.US,5,20251211,201500,1.3,1.3,1.3,1.3,200,0
CRIS.US,5,20251211,202000,1.29,1.29,1.29,1.29,400,0
CRIS.US,5,20251211,202500,1.29,1.295,1.29,1.295,300,0
CRIS.US,5,20251211,204500,1.29,1.29,1.29,1.29,400,0
CRIS.US,5,20251211,205000,1.282,1.282,1.28,1.28,1300,0
CRIS.US,5,20251211,211500,1.2798,1.28,1.2798,1.28,6299,0
CRIS.US,5,20251211,212000,1.285,1.285,1.27,1.27,2515,0
CRIS.US,5,20251211,212500,1.275,1.275,1.274,1.274,1000,0
CRIS.US,5,20251211,213000,1.275,1.275,1.275,1.275,100,0
CRIS.US,5,20251211,213500,1.29,1.29,1.29,1.29,100,0
CRIS.US,5,20251211,214000,1.28,1.28,1.28,1.28,200,0
CRIS.US,5,20251211,214500,1.29,1.29,1.29,1.29,400,0
CRIS.US,5,20251211,215000,1.2767,1.28,1.2767,1.28,2612,0
CRIS.US,5,20251211,215500,1.29,1.29,1.27,1.29,2246,0
CRIS.US,5,20251212,153000,1.27,1.27,1.27,1.27,2206,0
CRIS.US,5,20251212,154000,1.27,1.27,1.27,1.27,269,0
CRIS.US,5,20251212,155000,1.2899,1.2899,1.2899,1.2899,1000,0
CRIS.US,5,20251212,155500,1.25,1.32,1.21,1.32,4643,0
CRIS.US,5,20251212,160000,1.2301,1.2301,1.2301,1.2301,2500,0
CRIS.US,5,20251212,161000,1.24,1.27,1.21,1.27,4450,0
CRIS.US,5,20251212,161500,1.2575,1.2575,1.2575,1.2575,160,0
CRIS.US,5,20251212,162500,1.25,1.25,1.25,1.25,600,0
CRIS.US,5,20251212,163000,1.25,1.2507,1.25,1.2507,500,0
CRIS.US,5,20251212,163500,1.25,1.25,1.25,1.25,1018,0
CRIS.US,5,20251212,164000,1.25,1.25,1.25,1.25,376,0
CRIS.US,5,20251212,165000,1.25,1.25,1.25,1.25,600,0
CRIS.US,5,20251212,170500,1.24,1.24,1.23,1.23,3881,0
CRIS.US,5,20251212,171000,1.24,1.24,1.24,1.24,988,0
CRIS.US,5,20251212,171500,1.2599,1.2599,1.2599,1.2599,300,0
CRIS.US,5,20251212,172500,1.24,1.24,1.225,1.229,1607,0
CRIS.US,5,20251212,174000,1.22,1.22,1.22,1.22,251,0
CRIS.US,5,20251212,174500,1.22,1.2247,1.2001,1.2001,5911,0
CRIS.US,5,20251212,175000,1.2,1.205,1.2,1.205,538,0
CRIS.US,5,20251212,175500,1.2045,1.21,1.2001,1.21,2210,0
CRIS.US,5,20251212,180000,1.2,1.2001,1.2,1.2001,338,0
CRIS.US,5,20251212,180500,1.2001,1.2001,1.2001,1.2001,351,0
CRIS.US,5,20251212,181000,1.2001,1.22,1.2001,1.22,4550,0
CRIS.US,5,20251212,181500,1.21,1.21,1.2001,1.2045,1994,0
CRIS.US,5,20251212,182000,1.2018,1.2078,1.2001,1.2001,844,0
CRIS.US,5,20251212,182500,1.2001,1.205,1.2001,1.2001,1192,0
CRIS.US,5,20251212,183000,1.2001,1.21,1.2001,1.2001,1282,0
CRIS.US,5,20251212,183500,1.21,1.21,1.2001,1.2001,600,0
CRIS.US,5,20251212,184000,1.2001,1.2001,1.19,1.2,5649,0
CRIS.US,5,20251212,184500,1.2001,1.2001,1.2001,1.2001,451,0
CRIS.US,5,20251212,185000,1.2,1.2,1.2,1.2,1500,0
CRIS.US,5,20251212,185500,1.196,1.196,1.1945,1.1945,1700,0
CRIS.US,5,20251212,190000,1.2,1.2,1.2,1.2,643,0
CRIS.US,5,20251212,191000,1.1985,1.1985,1.1985,1.1985,100,0
CRIS.US,5,20251212,191500,1.1945,1.1945,1.1945,1.1945,200,0
CRIS.US,5,20251212,192000,1.195,1.2,1.195,1.2,200,0
CRIS.US,5,20251212,192500,1.1999,1.1999,1.197,1.197,417,0
CRIS.US,5,20251212,193500,1.19,1.19,1.19,1.19,220,0
CRIS.US,5,20251212,194000,1.185,1.185,1.185,1.185,100,0
CRIS.US,5,20251212,194500,1.19,1.19,1.19,1.19,200,0
CRIS.US,5,20251212,195500,1.191,1.191,1.19,1.19,280,0
CRIS.US,5,20251212,201000,1.19,1.19,1.175,1.18,6412,0
CRIS.US,5,20251212,201500,1.177,1.177,1.177,1.177,117,0
CRIS.US,5,20251212,202500,1.1756,1.18,1.1756,1.18,1700,0
CRIS.US,5,20251212,203500,1.1845,1.189,1.1845,1.1845,2000,0
CRIS.US,5,20251212,204500,1.19,1.19,1.18,1.18,2000,0
CRIS.US,5,20251212,205000,1.1801,1.185,1.1801,1.185,266,0
CRIS.US,5,20251212,210000,1.185,1.19,1.185,1.1899,3954,0
CRIS.US,5,20251212,210500,1.2,1.21,1.2,1.2,3469,0
CRIS.US,5,20251212,211000,1.195,1.195,1.195,1.195,100,0
CRIS.US,5,20251212,211500,1.1999,1.21,1.1999,1.2,7751,0
CRIS.US,5,20251212,212000,1.195,1.2,1.195,1.2,275,0
CRIS.US,5,20251212,212500,1.2,1.2,1.2,1.2,300,0
CRIS.US,5,20251212,213500,1.195,1.195,1.195,1.195,300,0
CRIS.US,5,20251212,214000,1.195,1.195,1.195,1.195,374,0
CRIS.US,5,20251212,214500,1.2,1.2,1.18,1.18,35372,0
CRIS.US,5,20251212,215500,1.185,1.185,1.15,1.16,5192,0
CRIS.US,5,20251215,153000,1.18,1.23,1.15,1.15,38666,0
CRIS.US,5,20251215,154000,1.1874,1.1899,1.1874,1.1899,2500,0
CRIS.US,5,20251215,154500,1.152,1.17,1.15,1.15,2816,0
CRIS.US,5,20251215,155000,1.18,1.209,1.17,1.185,2800,0
CRIS.US,5,20251215,160000,1.175,1.175,1.175,1.175,200,0
CRIS.US,5,20251215,160500,1.15,1.15,1.15,1.15,1911,0
CRIS.US,5,20251215,161000,1.1574,1.1574,1.1574,1.1574,103,0
CRIS.US,5,20251215,162000,1.1693,1.1693,1.1693,1.1693,100,0
CRIS.US,5,20251215,163000,1.1524,1.16,1.1524,1.16,353,0
CRIS.US,5,20251215,164000,1.16,1.16,1.16,1.16,100,0
CRIS.US,5,20251215,164500,1.15,1.15,1.15,1.15,200,0
CRIS.US,5,20251215,170000,1.16,1.16,1.16,1.16,100,0
CRIS.US,5,20251215,171000,1.1597,1.16,1.1597,1.16,1600,0
CRIS.US,5,20251215,171500,1.1695,1.17,1.1695,1.17,200,0
CRIS.US,5,20251215,172500,1.17,1.17,1.17,1.17,100,0
CRIS.US,5,20251215,173000,1.165,1.1797,1.165,1.1797,725,0
CRIS.US,5,20251215,173500,1.18,1.18,1.18,1.18,100,0
CRIS.US,5,20251215,174000,1.18,1.18,1.18,1.18,100,0
CRIS.US,5,20251215,174500,1.1662,1.1662,1.1662,1.1662,500,0
CRIS.US,5,20251215,175000,1.18,1.18,1.18,1.18,100,0
CRIS.US,5,20251215,180000,1.18,1.2,1.1794,1.18,7115,0
CRIS.US,5,20251215,181000,1.1999,1.2,1.1999,1.2,5100,0
CRIS.US,5,20251215,181500,1.2,1.2,1.2,1.2,7303,0
CRIS.US,5,20251215,182000,1.21,1.21,1.21,1.21,100,0
CRIS.US,5,20251215,183000,1.2078,1.21,1.2078,1.21,4533,0
CRIS.US,5,20251215,183500,1.2102,1.2102,1.2102,1.2102,8800,0
CRIS.US,5,20251215,184000,1.22,1.22,1.2,1.2,17624,0
CRIS.US,5,20251215,184500,1.18,1.18,1.18,1.18,4992,0
CRIS.US,5,20251215,185000,1.18,1.1891,1.18,1.1891,2524,0
CRIS.US,5,20251215,185500,1.2,1.21,1.19,1.19,8114,0
CRIS.US,5,20251215,190000,1.18,1.18,1.18,1.18,9999,0
CRIS.US,5,20251215,191500,1.19,1.191,1.19,1.19,1186,0
CRIS.US,5,20251215,192500,1.1896,1.1896,1.17,1.17,12309,0
CRIS.US,5,20251215,194000,1.185,1.185,1.15,1.15,8142,0
CRIS.US,5,20251215,194500,1.1401,1.1401,1.14,1.14,1900,0
CRIS.US,5,20251215,195000,1.1354,1.1354,1.135,1.135,8446,0
CRIS.US,5,20251215,201500,1.195,1.195,1.1939,1.1939,1100,0
CRIS.US,5,20251215,202500,1.21,1.21,1.195,1.195,200,0
CRIS.US,5,20251215,203500,1.22,1.22,1.2,1.2,16287,0
CRIS.US,5,20251215,205500,1.21,1.235,1.2,1.2,7608,0
CRIS.US,5,20251215,210000,1.22,1.24,1.215,1.24,53089,0
CRIS.US,5,20251215,211000,1.23,1.24,1.22,1.23,20174,0
CRIS.US,5,20251215,213000,1.22,1.23,1.18,1.18,500,0
CRIS.US,5,20251215,214000,1.17,1.18,1.14,1.153,20169,0
CRIS.US,5,20251215,214500,1.1726,1.175,1.1726,1.175,600,0
CRIS.US,5,20251215,215000,1.1798,1.21,1.1798,1.21,5829,0
CRIS.US,5,20251215,215500,1.21,1.21,1.19,1.19,1002,0
CRIS.US,5,20251216,153000,1.17,1.17,1.17,1.17,1590,0
CRIS.US,5,20251216,155000,1.2,1.2,1.2,1.2,1000,0
CRIS.US,5,20251216,160500,1.18,1.18,1.18,1.18,356,0
CRIS.US,5,20251216,161000,1.18,1.18,1.18,1.18,139,0
CRIS.US,5,20251216,162000,1.18,1.18,1.18,1.18,840,0
CRIS.US,5,20251216,162500,1.18,1.18,1.18,1.18,200,0
CRIS.US,5,20251216,163000,1.19,1.19,1.185,1.19,3289,0
CRIS.US,5,20251216,163500,1.195,1.195,1.195,1.195,1000,0
CRIS.US,5,20251216,164500,1.1917,1.1917,1.1917,1.1917,1000,0
CRIS.US,5,20251216,165000,1.19,1.19,1.19,1.19,5190,0
CRIS.US,5,20251216,170000,1.19,1.19,1.19,1.19,699,0
CRIS.US,5,20251216,171500,1.1931,1.1931,1.1931,1.1931,3000,0
CRIS.US,5,20251216,172000,1.18,1.18,1.18,1.18,100,0
CRIS.US,5,20251216,173000,1.19,1.19,1.18,1.19,9382,0
CRIS.US,5,20251216,174000,1.1867,1.19,1.1867,1.19,300,0
CRIS.US,5,20251216,174500,1.2,1.2,1.19,1.19,400,0
CRIS.US,5,20251216,182000,1.19,1.19,1.19,1.19,200,0
CRIS.US,5,20251216,182500,1.1923,1.1932,1.1923,1.1932,300,0
CRIS.US,5,20251216,184500,1.19,1.19,1.19,1.19,100,0
CRIS.US,5,20251216,190000,1.19,1.19,1.19,1.19,100,0
CRIS.US,5,20251216,191000,1.1875,1.1875,1.18,1.18,6652,0
CRIS.US,5,20251216,193500,1.19,1.19,1.185,1.185,200,0
CRIS.US,5,20251216,194500,1.19,1.19,1.19,1.19,910,0
CRIS.US,5,20251216,201500,1.2,1.2,1.19,1.19,879,0
CRIS.US,5,20251216,202500,1.19,1.2,1.19,1.195,5153,0
CRIS.US,5,20251216,203000,1.195,1.195,1.195,1.195,3680,0
CRIS.US,5,20251216,203500,1.195,1.2,1.195,1.2,1832,0
CRIS.US,5,20251216,210000,1.2001,1.2001,1.2,1.2,20161,0
CRIS.US,5,20251216,211000,1.201,1.21,1.201,1.21,4701,0
CRIS.US,5,20251216,211500,1.215,1.2162,1.21,1.2162,5510,0
CRIS.US,5,20251216,212000,1.22,1.23,1.22,1.22,8500,0
CRIS.US,5,20251216,212500,1.21,1.21,1.21,1.21,100,0
CRIS.US,5,20251216,213000,1.19,1.19,1.19,1.19,200,0
CRIS.US,5,20251216,214000,1.195,1.195,1.195,1.195,1000,0
CRIS.US,5,20251216,215500,1.195,1.195,1.19,1.19,1486,0
CRIS.US,5,20251217,153000,1.17,1.17,1.17,1.17,768,0
CRIS.US,5,20251217,153500,1.18,1.18,1.18,1.18,3524,0
CRIS.US,5,20251217,160500,1.195,1.195,1.195,1.195,220,0
CRIS.US,5,20251217,161000,1.2006,1.2006,1.2,1.2,700,0
CRIS.US,5,20251217,162000,1.1806,1.195,1.1806,1.195,1900,0
CRIS.US,5,20251217,162500,1.2,1.2,1.1844,1.1844,235,0
CRIS.US,5,20251217,163500,1.195,1.21,1.195,1.2,400,0
CRIS.US,5,20251217,164000,1.2,1.2,1.2,1.2,100,0
CRIS.US,5,20251217,164500,1.2,1.2,1.185,1.2,5700,0
CRIS.US,5,20251217,165000,1.1945,1.1945,1.1945,1.1945,1000,0
CRIS.US,5,20251217,170500,1.1944,1.195,1.1944,1.195,379,0
CRIS.US,5,20251217,171000,1.1925,1.1925,1.1925,1.1925,100,0
CRIS.US,5,20251217,171500,1.195,1.195,1.195,1.195,250,0
CRIS.US,5,20251217,172000,1.19,1.19,1.19,1.19,1989,0
CRIS.US,5,20251217,172500,1.195,1.195,1.195,1.195,125,0
CRIS.US,5,20251217,173000,1.19,1.19,1.19,1.19,3346,0
CRIS.US,5,20251217,173500,1.1838,1.1885,1.1838,1.1885,520,0
CRIS.US,5,20251217,174500,1.19,1.1936,1.19,1.1936,258,0
CRIS.US,5,20251217,175000,1.1896,1.1896,1.1896,1.1896,100,0
CRIS.US,5,20251217,180500,1.19,1.19,1.19,1.19,178,0
CRIS.US,5,20251217,181000,1.2,1.2,1.19,1.19,635,0
CRIS.US,5,20251217,182500,1.1914,1.1914,1.1914,1.1914,1000,0
CRIS.US,5,20251217,183500,1.18,1.18,1.18,1.18,500,0
CRIS.US,5,20251217,184000,1.2,1.2,1.19,1.1915,1653,0
CRIS.US,5,20251217,184500,1.195,1.195,1.195,1.195,200,0
CRIS.US,5,20251217,185000,1.2,1.2,1.195,1.195,4320,0
CRIS.US,5,20251217,190500,1.1966,1.1966,1.1966,1.1966,1000,0
CRIS.US,5,20251217,191000,1.195,1.195,1.195,1.195,100,0
CRIS.US,5,20251217,192500,1.1913,1.1913,1.1913,1.1913,145,0
CRIS.US,5,20251217,193500,1.1903,1.1903,1.1903,1.1903,200,0
CRIS.US,5,20251217,194000,1.195,1.1989,1.19,1.1989,15884,0
CRIS.US,5,20251217,200000,1.18,1.18,1.18,1.18,1000,0
CRIS.US,5,20251217,201000,1.19,1.19,1.19,1.19,5115,0
CRIS.US,5,20251217,201500,1.19,1.19,1.19,1.19,100,0
CRIS.US,5,20251217,202000,1.19,1.19,1.18,1.18,1936,0
CRIS.US,5,20251217,204500,1.1751,1.1751,1.17,1.17,4981,0
CRIS.US,5,20251217,205000,1.1613,1.1671,1.1613,1.1671,400,0
CRIS.US,5,20251217,205500,1.16,1.16,1.16,1.16,1036,0
CRIS.US,5,20251217,212500,1.16,1.16,1.16,1.16,1790,0
CRIS.US,5,20251217,213500,1.15,1.15,1.145,1.145,4034,0
CRIS.US,5,20251217,214000,1.15,1.15,1.15,1.15,200,0
CRIS.US,5,20251217,215000,1.15,1.15,1.15,1.15,570,0
CRIS.US,5,20251217,215500,1.155,1.17,1.155,1.17,3112,0
CRIS.US,5,20251218,153000,1.17,1.18,1.17,1.18,1747,0
CRIS.US,5,20251218,153500,1.18,1.18,1.18,1.18,100,0
CRIS.US,5,20251218,154000,1.2,1.2,1.2,1.2,100,0
CRIS.US,5,20251218,161000,1.1791,1.1791,1.1727,1.1727,1300,0
CRIS.US,5,20251218,162500,1.18,1.18,1.18,1.18,100,0
CRIS.US,5,20251218,163000,1.18,1.18,1.18,1.18,100,0
CRIS.US,5,20251218,171500,1.17,1.17,1.17,1.17,100,0
CRIS.US,5,20251218,173500,1.1798,1.1798,1.1798,1.1798,497,0
CRIS.US,5,20251218,174000,1.18,1.18,1.18,1.18,100,0
CRIS.US,5,20251218,180000,1.18,1.19,1.18,1.19,836,0
CRIS.US,5,20251218,181000,1.1773,1.1773,1.1773,1.1773,1000,0
CRIS.US,5,20251218,182500,1.17,1.17,1.16,1.165,1720,0
CRIS.US,5,20251218,183000,1.165,1.165,1.165,1.165,310,0
CRIS.US,5,20251218,183500,1.165,1.165,1.165,1.165,510,0
CRIS.US,5,20251218,184000,1.16,1.16,1.16,1.16,800,0
CRIS.US,5,20251218,184500,1.165,1.165,1.165,1.165,230,0
CRIS.US,5,20251218,185000,1.165,1.1664,1.165,1.1664,1540,0
CRIS.US,5,20251218,185500,1.165,1.17,1.16,1.16,695,0
CRIS.US,5,20251218,190000,1.16,1.16,1.16,1.16,110,0
CRIS.US,5,20251218,190500,1.16,1.17,1.16,1.17,310,0
CRIS.US,5,20251218,191000,1.17,1.17,1.1664,1.1664,1110,0
CRIS.US,5,20251218,191500,1.17,1.17,1.17,1.17,140,0
CRIS.US,5,20251218,192000,1.17,1.17,1.17,1.17,110,0
CRIS.US,5,20251218,192500,1.17,1.17,1.17,1.17,200,0
CRIS.US,5,20251218,193000,1.17,1.17,1.17,1.17,100,0
CRIS.US,5,20251218,193500,1.17,1.17,1.17,1.17,140,0
CRIS.US,5,20251218,194000,1.17,1.17,1.17,1.17,100,0
CRIS.US,5,20251218,194500,1.18,1.18,1.17,1.17,1003,0
CRIS.US,5,20251218,195000,1.17,1.17,1.17,1.17,119,0
CRIS.US,5,20251218,195500,1.17,1.17,1.17,1.17,300,0
CRIS.US,5,20251218,200500,1.1673,1.1673,1.1673,1.1673,600,0
CRIS.US,5,20251218,201500,1.17,1.17,1.17,1.17,500,0
CRIS.US,5,20251218,202500,1.17,1.17,1.17,1.17,100,0
CRIS.US,5,20251218,204000,1.16,1.16,1.16,1.16,100,0
CRIS.US,5,20251218,204500,1.16,1.17,1.16,1.17,320,0
CRIS.US,5,20251218,205000,1.17,1.17,1.17,1.17,100,0
CRIS.US,5,20251218,205500,1.16,1.17,1.1502,1.17,350,0
CRIS.US,5,20251218,210000,1.17,1.17,1.17,1.17,100,0
CRIS.US,5,20251218,211000,1.17,1.17,1.14,1.15,4591,0
CRIS.US,5,20251218,211500,1.16,1.16,1.1556,1.1556,3570,0
CRIS.US,5,20251218,212000,1.16,1.16,1.16,1.16,300,0
CRIS.US,5,20251218,212500,1.16,1.165,1.1589,1.16,5482,0
CRIS.US,5,20251218,213500,1.16,1.16,1.16,1.16,100,0
CRIS.US,5,20251218,215000,1.155,1.16,1.155,1.16,300,0
CRIS.US,5,20251218,215500,1.16,1.168,1.15,1.15,4220,0
CRIS.US,5,20251219,153000,1.15,1.15,1.15,1.15,1245,0
CRIS.US,5,20251219,153500,1.16,1.16,1.16,1.16,270,0
CRIS.US,5,20251219,154000,1.16,1.16,1.16,1.16,100,0
CRIS.US,5,20251219,154500,1.165,1.165,1.165,1.165,100,0
CRIS.US,5,20251219,155000,1.16,1.16,1.16,1.16,100,0
CRIS.US,5,20251219,155500,1.16,1.16,1.16,1.16,400,0
CRIS.US,5,20251219,160000,1.16,1.16,1.16,1.16,410,0
CRIS.US,5,20251219,160500,1.1502,1.1678,1.1501,1.16,5358,0
CRIS.US,5,20251219,161000,1.1501,1.1502,1.15,1.15,15621,0
CRIS.US,5,20251219,162000,1.15,1.15,1.15,1.15,1000,0
CRIS.US,5,20251219,162500,1.1458,1.1458,1.1458,1.1458,275,0
CRIS.US,5,20251219,163000,1.15,1.15,1.15,1.15,8986,0
CRIS.US,5,20251219,164500,1.1401,1.1401,1.1401,1.1401,100,0
CRIS.US,5,20251219,165000,1.14,1.14,1.14,1.14,10000,0
CRIS.US,5,20251219,165500,1.14,1.14,1.139,1.139,2306,0
CRIS.US,5,20251219,170000,1.1332,1.14,1.1332,1.14,6500,0
CRIS.US,5,20251219,170500,1.1302,1.1302,1.1302,1.1302,2000,0
CRIS.US,5,20251219,172000,1.135,1.135,1.135,1.135,600,0
CRIS.US,5,20251219,172500,1.135,1.135,1.135,1.135,100,0
CRIS.US,5,20251219,173000,1.135,1.135,1.13,1.13,530,0
CRIS.US,5,20251219,174000,1.12,1.125,1.12,1.125,850,0
CRIS.US,5,20251219,174500,1.12,1.12,1.11,1.11,12508,0
CRIS.US,5,20251219,175000,1.1129,1.135,1.1129,1.135,11095,0
CRIS.US,5,20251219,175500,1.1274,1.1274,1.1274,1.1274,2000,0
CRIS.US,5,20251219,180000,1.1201,1.1202,1.12,1.12,4000,0
CRIS.US,5,20251219,180500,1.11,1.11,1.11,1.11,330,0
CRIS.US,5,20251219,182500,1.11,1.11,1.11,1.11,700,0
CRIS.US,5,20251219,183000,1.105,1.11,1.105,1.11,500,0
CRIS.US,5,20251219,184500,1.1,1.1,1.09,1.09,1427,0
CRIS.US,5,20251219,185000,1.1076,1.1076,1.1076,1.1076,302,0
CRIS.US,5,20251219,190500,1.0986,1.0986,1.0986,1.0986,9883,0
CRIS.US,5,20251219,191000,1.1,1.1,1.1,1.1,345,0
CRIS.US,5,20251219,191500,1.09,1.1,1.09,1.1,1804,0
CRIS.US,5,20251219,192000,1.1099,1.11,1.09,1.1,56500,0
CRIS.US,5,20251219,192500,1.1,1.1,1.095,1.095,632,0
CRIS.US,5,20251219,193000,1.09,1.1,1.09,1.09,31856,0
CRIS.US,5,20251219,193500,1.1,1.1,1.09,1.09,6273,0
CRIS.US,5,20251219,194000,1.0898,1.0898,1.0898,1.0898,827,0
CRIS.US,5,20251219,194500,1.0855,1.0855,1.0855,1.0855,7000,0
CRIS.US,5,20251219,195000,1.09,1.0997,1.09,1.0997,1100,0
CRIS.US,5,20251219,201500,1.1,1.1,1.1,1.1,100,0
CRIS.US,5,20251219,202000,1.09,1.1,1.09,1.1,1600,0
CRIS.US,5,20251219,202500,1.09,1.09,1.09,1.09,1400,0
CRIS.US,5,20251219,203000,1.09,1.09,1.09,1.09,100,0
CRIS.US,5,20251219,203500,1.08,1.08,1.08,1.08,3700,0
CRIS.US,5,20251219,204000,1.09,1.09,1.09,1.09,200,0
CRIS.US,5,20251219,204500,1.09,1.09,1.09,1.09,100,0
CRIS.US,5,20251219,205000,1.09,1.09,1.088,1.088,1261,0
CRIS.US,5,20251219,210000,1.09,1.09,1.09,1.09,300,0
CRIS.US,5,20251219,210500,1.085,1.085,1.085,1.085,500,0
CRIS.US,5,20251219,211500,1.09,1.09,1.085,1.085,3800,0
CRIS.US,5,20251219,212000,1.09,1.09,1.085,1.085,300,0
CRIS.US,5,20251219,212500,1.085,1.085,1.085,1.085,100,0
CRIS.US,5,20251219,213000,1.085,1.085,1.085,1.085,1158,0
CRIS.US,5,20251219,214000,1.09,1.1,1.09,1.09,700,0
CRIS.US,5,20251219,214500,1.09,1.09,1.08,1.0801,1792,0
CRIS.US,5,20251219,215500,1.09,1.09,1.075,1.075,1626,0
CRIS.US,5,20251222,153000,1.07,1.1,1.07,1.1,3450,0
CRIS.US,5,20251222,153500,1.0801,1.0801,1.0801,1.0801,500,0
CRIS.US,5,20251222,154500,1.0967,1.0967,1.08,1.09,3817,0
CRIS.US,5,20251222,155000,1.09,1.09,1.09,1.09,590,0
CRIS.US,5,20251222,155500,1.09,1.09,1.09,1.09,800,0
CRIS.US,5,20251222,161000,1.1099,1.1099,1.1099,1.1099,225,0
CRIS.US,5,20251222,161500,1.0838,1.09,1.0838,1.09,1952,0
CRIS.US,5,20251222,162000,1.095,1.095,1.095,1.095,320,0
CRIS.US,5,20251222,163000,1.09,1.1,1.09,1.0913,658,0
CRIS.US,5,20251222,163500,1.09,1.0969,1.09,1.0969,795,0
CRIS.US,5,20251222,164000,1.1,1.1058,1.1,1.1058,340,0
CRIS.US,5,20251222,164500,1.09,1.09,1.09,1.09,972,0
CRIS.US,5,20251222,170000,1.09,1.095,1.0896,1.0896,1201,0
CRIS.US,5,20251222,170500,1.0836,1.085,1.08,1.08,10074,0
CRIS.US,5,20251222,171000,1.08,1.1,1.05,1.1,5336,0
CRIS.US,5,20251222,171500,1.1,1.1,1.1,1.1,400,0
CRIS.US,5,20251222,172000,1.09,1.09,1.09,1.09,100,0
CRIS.US,5,20251222,172500,1.09,1.09,1.09,1.09,400,0
CRIS.US,5,20251222,173000,1.095,1.095,1.095,1.095,400,0
CRIS.US,5,20251222,173500,1.09,1.09,1.08,1.0889,2000,0
CRIS.US,5,20251222,174000,1.08,1.08,1.06,1.0725,2260,0
CRIS.US,5,20251222,174500,1.08,1.08,1.08,1.08,100,0
CRIS.US,5,20251222,175500,1.08,1.08,1.08,1.08,100,0
CRIS.US,5,20251222,181500,1.085,1.085,1.0842,1.0842,400,0
CRIS.US,5,20251222,182000,1.0866,1.0866,1.082,1.082,300,0
CRIS.US,5,20251222,182500,1.09,1.09,1.09,1.09,200,0
CRIS.US,5,20251222,184000,1.09,1.09,1.09,1.09,100,0
CRIS.US,5,20251222,185500,1.09,1.09,1.09,1.09,700,0
CRIS.US,5,20251222,191000,1.085,1.085,1.085,1.085,100,0
CRIS.US,5,20251222,194000,1.09,1.09,1.09,1.09,200,0
CRIS.US,5,20251222,194500,1.08,1.09,1.08,1.09,200,0
CRIS.US,5,20251222,200000,1.09,1.09,1.08,1.08,1300,0
CRIS.US,5,20251222,200500,1.08,1.08,1.05,1.0584,15691,0
CRIS.US,5,20251222,201000,1.05,1.06,1.05,1.06,310,0
CRIS.US,5,20251222,201500,1.05,1.0501,1.04,1.04,6144,0
CRIS.US,5,20251222,202500,1.05,1.05,1.05,1.05,100,0
CRIS.US,5,20251222,203000,1.05,1.05,1.045,1.045,600,0
CRIS.US,5,20251222,204000,1.04,1.06,1.04,1.06,706,0
CRIS.US,5,20251222,204500,1.08,1.08,1.08,1.08,1500,0
CRIS.US,5,20251222,205000,1.05,1.05,1.05,1.05,550,0
CRIS.US,5,20251222,210000,1.0562,1.0562,1.0562,1.0562,200,0
CRIS.US,5,20251222,210500,1.05,1.05,1.05,1.05,650,0
CRIS.US,5,20251222,211000,1.0503,1.0503,1.0503,1.0503,1000,0
CRIS.US,5,20251222,211500,1.065,1.065,1.05,1.065,1550,0
CRIS.US,5,20251222,212000,1.065,1.0799,1.063,1.063,1785,0
CRIS.US,5,20251222,212500,1.06,1.07,1.0597,1.0597,1369,0
CRIS.US,5,20251222,213000,1.06,1.06,1.05,1.05,1547,0
CRIS.US,5,20251222,213500,1.0402,1.05,1.0402,1.05,1831,0
CRIS.US,5,20251222,214000,1.04,1.04,1.04,1.04,750,0
CRIS.US,5,20251222,214500,1.0433,1.05,1.04,1.05,2050,0
CRIS.US,5,20251222,215000,1.05,1.05,1.04,1.05,2450,0
CRIS.US,5,20251222,215500,1.05,1.05,1.03,1.03,9672,0
CRIS.US,5,20251223,153000,1.05,1.05,1.05,1.05,2600,0
CRIS.US,5,20251223,153500,1.05,1.05,1.05,1.05,2004,0
CRIS.US,5,20251223,154500,1.058,1.058,1.05,1.05,820,0
CRIS.US,5,20251223,155000,1.05,1.05,1.05,1.05,305,0
CRIS.US,5,20251223,155500,1.04,1.04,1.04,1.04,100,0
CRIS.US,5,20251223,160000,1.04,1.04,1.04,1.04,1400,0
CRIS.US,5,20251223,160500,1.03,1.04,1.03,1.04,11864,0
CRIS.US,5,20251223,161000,1.037,1.037,1.0303,1.0303,5000,0
CRIS.US,5,20251223,162000,1.05,1.05,1.05,1.05,100,0
CRIS.US,5,20251223,163500,1.035,1.035,1.035,1.035,300,0
CRIS.US,5,20251223,164000,1.0386,1.0386,1.0347,1.035,900,0
CRIS.US,5,20251223,164500,1.0399,1.04,1.0399,1.04,1482,0
CRIS.US,5,20251223,165000,1.0336,1.04,1.0336,1.04,850,0
CRIS.US,5,20251223,165500,1.05,1.05,1.05,1.05,100,0
CRIS.US,5,20251223,170000,1.0499,1.05,1.0499,1.05,850,0
CRIS.US,5,20251223,170500,1.04,1.04,1.04,1.04,243,0
CRIS.US,5,20251223,171000,1.0401,1.05,1.0401,1.0499,1200,0
CRIS.US,5,20251223,171500,1.05,1.05,1.05,1.05,3300,0
CRIS.US,5,20251223,172000,1.05,1.05,1.05,1.05,100,0
CRIS.US,5,20251223,172500,1.05,1.05,1.05,1.05,100,0
CRIS.US,5,20251223,173000,1.05,1.06,1.05,1.06,200,0
CRIS.US,5,20251223,174000,1.05,1.05,1.04,1.04,3904,0
CRIS.US,5,20251223,174500,1.05,1.05,1.05,1.05,850,0
CRIS.US,5,20251223,180000,1.05,1.06,1.05,1.06,381,0
CRIS.US,5,20251223,181000,1.06,1.06,1.06,1.06,100,0
CRIS.US,5,20251223,182000,1.06,1.06,1.0472,1.0472,200,0
CRIS.US,5,20251223,182500,1.05,1.05,1.05,1.05,500,0
CRIS.US,5,20251223,183000,1.045,1.05,1.0436,1.0436,300,0
CRIS.US,5,20251223,184000,1.05,1.05,1.05,1.05,100,0
CRIS.US,5,20251223,184500,1.05,1.05,1.05,1.05,100,0
CRIS.US,5,20251223,185500,1.04,1.04,1.04,1.04,2396,0
CRIS.US,5,20251223,190000,1.0398,1.0398,1.03,1.03,1000,0
CRIS.US,5,20251223,190500,1.04,1.04,1.04,1.04,300,0
CRIS.US,5,20251223,191500,1.03,1.05,1.03,1.04,1084,0
CRIS.US,5,20251223,192000,1.04,1.04,1.035,1.035,11430,0
CRIS.US,5,20251223,192500,1.04,1.04,1.04,1.04,100,0
CRIS.US,5,20251223,193000,1.0399,1.0399,1.0399,1.0399,1000,0
CRIS.US,5,20251223,193500,1.05,1.05,1.05,1.05,100,0
CRIS.US,5,20251223,194500,1.045,1.05,1.045,1.05,260,0
CRIS.US,5,20251223,195000,1.0448,1.0448,1.0448,1.0448,4200,0
CRIS.US,5,20251223,195500,1.05,1.05,1.05,1.05,100,0
CRIS.US,5,20251223,200500,1.05,1.06,1.0499,1.06,17104,0
CRIS.US,5,20251223,201000,1.05,1.056187,1.05,1.056187,860,0
CRIS.US,5,20251223,201500,1.06,1.06,1.06,1.06,100,0
CRIS.US,5,20251223,202000,1.0499,1.0499,1.0499,1.0499,1150,0
CRIS.US,5,20251223,202500,1.06,1.06,1.06,1.06,100,0
CRIS.US,5,20251223,203500,1.06,1.06,1.05,1.05,1089,0
CRIS.US,5,20251223,204000,1.05,1.05,1.05,1.05,100,0
CRIS.US,5,20251223,204500,1.06,1.06,1.06,1.06,100,0
CRIS.US,5,20251223,205000,1.05,1.05,1.05,1.05,680,0
CRIS.US,5,20251223,210000,1.05,1.06,1.05,1.06,200,0
CRIS.US,5,20251223,210500,1.06,1.06,1.06,1.06,100,0
CRIS.US,5,20251223,211500,1.06,1.06,1.0499,1.0499,200,0
CRIS.US,5,20251223,212000,1.06,1.06,1.06,1.06,100,0
CRIS.US,5,20251223,212500,1.04,1.04,1.04,1.04,100,0
CRIS.US,5,20251223,213000,1.06,1.06,1.0513,1.0513,233,0
CRIS.US,5,20251223,213500,1.06,1.06,1.06,1.06,100,0
CRIS.US,5,20251223,214000,1.06,1.06,1.06,1.06,100,0
CRIS.US,5,20251223,214500,1.04,1.04,1.04,1.04,3499,0
CRIS.US,5,20251223,215000,1.04,1.04,1.04,1.04,3400,0
CRIS.US,5,20251223,215500,1.04,1.045,1.03,1.04,14014,0
CRIS.US,5,20251224,153000,1.03,1.04,1.03,1.04,1305,0
CRIS.US,5,20251224,153500,1.03,1.03,1.03,1.03,500,0
CRIS.US,5,20251224,155000,1.03,1.03,1.03,1.03,157,0
CRIS.US,5,20251224,155500,1.0387,1.0387,1.0387,1.0387,100,0
CRIS.US,5,20251224,160000,1.03,1.04,1.03,1.04,3258,0
CRIS.US,5,20251224,160500,1.04,1.04,1.03,1.03,685,0
CRIS.US,5,20251224,163000,1.03,1.03,1.03,1.03,2280,0
CRIS.US,5,20251224,163500,1.04,1.04,1.04,1.04,100,0
CRIS.US,5,20251224,165500,1.03,1.03,1.02,1.02,1636,0
CRIS.US,5,20251224,170000,1.0299,1.0299,1.0299,1.0299,1500,0
CRIS.US,5,20251224,170500,1.0257,1.04,1.0257,1.04,3553,0
CRIS.US,5,20251224,171000,1.04,1.04,1.04,1.04,865,0
CRIS.US,5,20251224,172000,1.0399,1.0399,1.0399,1.0399,288,0
CRIS.US,5,20251224,172500,1.04,1.04,1.04,1.04,200,0
CRIS.US,5,20251224,173000,1.04,1.04,1.03,1.04,500,0
CRIS.US,5,20251224,173500,1.03,1.04,1.03,1.04,8100,0
CRIS.US,5,20251224,174000,1.04,1.04,1.04,1.04,100,0
CRIS.US,5,20251224,174500,1.04,1.04,1.04,1.04,200,0
CRIS.US,5,20251224,175000,1.02,1.04,1.02,1.04,300,0
CRIS.US,5,20251224,175500,1.04,1.04,1.04,1.04,100,0
CRIS.US,5,20251224,180000,1.04,1.04,1.04,1.04,200,0
CRIS.US,5,20251224,180500,1.03,1.03,1.025,1.025,2700,0
CRIS.US,5,20251224,181000,1.03,1.05,1.03,1.05,700,0
CRIS.US,5,20251224,181500,1.05,1.05,1.05,1.05,100,0
CRIS.US,5,20251224,182000,1.05,1.05,1.03,1.04,1300,0
CRIS.US,5,20251224,182500,1.04,1.04,1.0398,1.04,492,0
CRIS.US,5,20251224,183000,1.04,1.05,1.04,1.05,383,0
CRIS.US,5,20251224,183500,1.05,1.05,1.05,1.05,200,0
CRIS.US,5,20251224,184000,1.05,1.05,1.04,1.04,1200,0
CRIS.US,5,20251224,185000,1.04,1.04,1.04,1.04,5102,0
CRIS.US,5,20251224,185500,1.04,1.05,1.04,1.05,1400,0
CRIS.US,5,20251224,190000,1.05,1.05,1.05,1.05,580,0
CRIS.US,5,20251226,153000,1.07,1.0875,1.07,1.0875,7102,0
CRIS.US,5,20251226,154000,1.1399,1.1399,1.05,1.05,300,0
CRIS.US,5,20251226,155000,1.0988,1.0988,1.0601,1.0601,225,0
CRIS.US,5,20251226,155500,1.1415,1.1415,1.1415,1.1415,675,0
CRIS.US,5,20251226,160500,1.08,1.08,1.08,1.08,1100,0
CRIS.US,5,20251226,161500,1.1,1.1088,1.1,1.105,660,0
CRIS.US,5,20251226,162500,1.1,1.1,1.1,1.1,600,0
CRIS.US,5,20251226,163000,1.103,1.103,1.1,1.1,5730,0
CRIS.US,5,20251226,164000,1.09,1.09,1.09,1.09,181,0
CRIS.US,5,20251226,164500,1.0837,1.0837,1.0837,1.0837,274,0
CRIS.US,5,20251226,165500,1.09,1.09,1.09,1.09,7500,0
CRIS.US,5,20251226,170500,1.085,1.1,1.08,1.08,7688,0
CRIS.US,5,20251226,171000,1.0812,1.0812,1.0812,1.0812,342,0
CRIS.US,5,20251226,172000,1.08,1.08,1.08,1.08,100,0
CRIS.US,5,20251226,173000,1.08,1.08,1.08,1.08,1117,0
CRIS.US,5,20251226,173500,1.08,1.08,1.08,1.08,100,0
CRIS.US,5,20251226,174000,1.08,1.08,1.08,1.08,100,0
CRIS.US,5,20251226,175000,1.0875,1.09,1.08,1.08,480,0
CRIS.US,5,20251226,175500,1.08,1.08,1.08,1.08,100,0
CRIS.US,5,20251226,180500,1.08,1.08,1.08,1.08,100,0
CRIS.US,5,20251226,181000,1.075,1.09,1.075,1.08,4825,0
CRIS.US,5,20251226,181500,1.09,1.09,1.09,1.09,234,0
CRIS.US,5,20251226,182000,1.0812,1.0812,1.075,1.075,660,0
CRIS.US,5,20251226,182500,1.08,1.08,1.075,1.075,467,0
CRIS.US,5,20251226,183500,1.075,1.075,1.075,1.075,100,0
CRIS.US,5,20251226,184500,1.075,1.075,1.075,1.075,100,0
CRIS.US,5,20251226,185500,1.07,1.07,1.0635,1.0635,934,0
CRIS.US,5,20251226,190500,1.068,1.07,1.068,1.07,1677,0
CRIS.US,5,20251226,191000,1.07,1.07,1.0601,1.07,900,0
CRIS.US,5,20251226,192000,1.07,1.07,1.07,1.07,200,0
CRIS.US,5,20251226,192500,1.07,1.075,1.07,1.075,800,0
CRIS.US,5,20251226,194000,1.075,1.075,1.075,1.075,200,0
CRIS.US,5,20251226,195000,1.07,1.07,1.07,1.07,200,0
CRIS.US,5,20251226,200000,1.07,1.07,1.07,1.07,100,0
CRIS.US,5,20251226,201000,1.07,1.07,1.07,1.07,100,0
CRIS.US,5,20251226,201500,1.06,1.06,1.06,1.06,400,0
CRIS.US,5,20251226,202500,1.07,1.07,1.07,1.07,100,0
CRIS.US,5,20251226,203000,1.07,1.07,1.07,1.07,100,0
CRIS.US,5,20251226,203500,1.06,1.06,1.06,1.06,734,0
CRIS.US,5,20251226,204500,1.07,1.07,1.07,1.07,100,0
CRIS.US,5,20251226,205000,1.06,1.06,1.06,1.06,1369,0
CRIS.US,5,20251226,205500,1.06,1.06,1.06,1.06,300,0
CRIS.US,5,20251226,210000,1.06,1.06,1.06,1.06,200,0
CRIS.US,5,20251226,210500,1.0672,1.0672,1.06,1.06,200,0
CRIS.US,5,20251226,211000,1.0672,1.0672,1.06,1.06,240,0
CRIS.US,5,20251226,211500,1.06,1.07,1.06,1.06,500,0
CRIS.US,5,20251226,212500,1.06,1.06,1.06,1.06,100,0
CRIS.US,5,20251226,213000,1.06,1.06,1.06,1.06,200,0
CRIS.US,5,20251226,214000,1.06,1.0772,1.055,1.0772,3100,0
CRIS.US,5,20251226,214500,1.07,1.07,1.06,1.06,700,0
CRIS.US,5,20251226,215000,1.06,1.06,1.06,1.06,6842,0
CRIS.US,5,20251226,215500,1.06,1.07,1.06,1.06,6092,0
CRIS.US,5,20251229,153000,1.06,1.1193,1.06,1.1193,4605,0
CRIS.US,5,20251229,153500,1.0673,1.0673,1.0673,1.0673,100,0
CRIS.US,5,20251229,154000,1.0882,1.0882,1.0882,1.0882,495,0
CRIS.US,5,20251229,154500,1.064,1.07,1.064,1.07,200,0
CRIS.US,5,20251229,155000,1.07,1.07,1.07,1.07,241,0
CRIS.US,5,20251229,155500,1.08,1.08,1.08,1.08,256,0
CRIS.US,5,20251229,160500,1.07,1.07,1.07,1.07,105,0
CRIS.US,5,20251229,162500,1.07,1.0759,1.07,1.0759,300,0
CRIS.US,5,20251229,163000,1.07,1.08,1.07,1.08,200,0
CRIS.US,5,20251229,163500,1.0777,1.08,1.0701,1.08,1200,0
CRIS.US,5,20251229,164000,1.07,1.077,1.07,1.0726,400,0
CRIS.US,5,20251229,170500,1.0756,1.0756,1.0756,1.0756,500,0
CRIS.US,5,20251229,171000,1.075,1.075,1.075,1.075,108,0
CRIS.US,5,20251229,172000,1.0747,1.0747,1.0747,1.0747,100,0
CRIS.US,5,20251229,173000,1.08,1.08,1.08,1.08,1000,0
CRIS.US,5,20251229,173500,1.08,1.08,1.075,1.075,1300,0
CRIS.US,5,20251229,174000,1.0719,1.08,1.0719,1.08,200,0
CRIS.US,5,20251229,174500,1.08,1.08,1.075,1.075,300,0
CRIS.US,5,20251229,175000,1.075,1.0798,1.075,1.0798,284,0
CRIS.US,5,20251229,175500,1.075,1.075,1.0639,1.0639,8799,0
CRIS.US,5,20251229,180500,1.065,1.065,1.065,1.065,200,0
CRIS.US,5,20251229,182000,1.0639,1.0655,1.0639,1.0655,1100,0
CRIS.US,5,20251229,182500,1.0656,1.0656,1.0644,1.0644,360,0
CRIS.US,5,20251229,183000,1.06,1.06,1.06,1.06,300,0
CRIS.US,5,20251229,183500,1.06,1.0634,1.06,1.0634,13885,0
CRIS.US,5,20251229,184000,1.05,1.053,1.05,1.053,2624,0
CRIS.US,5,20251229,184500,1.051,1.06,1.051,1.06,7275,0
CRIS.US,5,20251229,185500,1.0501,1.055,1.0501,1.055,2200,0
CRIS.US,5,20251229,190000,1.06,1.06,1.06,1.06,3000,0
CRIS.US,5,20251229,191500,1.06,1.06,1.06,1.06,779,0
CRIS.US,5,20251229,192500,1.0515,1.0515,1.05,1.05,3629,0
CRIS.US,5,20251229,195000,1.05,1.05,1.05,1.05,100,0
CRIS.US,5,20251229,195500,1.05,1.05,1.05,1.05,100,0
CRIS.US,5,20251229,200000,1.0501,1.055,1.0501,1.055,440,0
CRIS.US,5,20251229,200500,1.05,1.05,1.05,1.05,100,0
CRIS.US,5,20251229,201500,1.055,1.06,1.055,1.06,1428,0
CRIS.US,5,20251229,202000,1.05,1.05,1.05,1.05,100,0
CRIS.US,5,20251229,203000,1.05,1.05,1.05,1.05,3300,0
CRIS.US,5,20251229,204000,1.045,1.045,1.045,1.045,100,0
CRIS.US,5,20251229,205500,1.0462,1.05,1.0462,1.05,606,0
CRIS.US,5,20251229,210000,1.0498,1.05,1.04,1.0413,5050,0
CRIS.US,5,20251229,210500,1.045,1.05,1.045,1.05,2226,0
CRIS.US,5,20251229,211000,1.05,1.05,1.05,1.05,200,0
CRIS.US,5,20251229,211500,1.0459,1.0459,1.04,1.04,2526,0
CRIS.US,5,20251229,212500,1.04,1.04,1.03,1.035,7612,0
CRIS.US,5,20251229,213000,1.04,1.04,1.0393,1.04,1500,0
CRIS.US,5,20251229,214000,1.04,1.0415,1.04,1.0415,3611,0
CRIS.US,5,20251229,214500,1.04,1.04,1.04,1.04,1700,0
CRIS.US,5,20251229,215000,1.0354,1.04,1.035,1.035,2900,0
CRIS.US,5,20251229,215500,1.0372,1.05,1.0301,1.04,2457,0
CRIS.US,5,20251230,153000,1.05,1.075,1.05,1.075,7626,0
CRIS.US,5,20251230,154500,1.0501,1.0501,1.02,1.0376,16623,0
CRIS.US,5,20251230,155000,1.02,1.04,1.02,1.04,6700,0
CRIS.US,5,20251230,160000,1.0368,1.0368,1.02,1.02,2435,0
CRIS.US,5,20251230,160500,1.012,1.0166,1.012,1.0166,494,0
CRIS.US,5,20251230,161000,1.0175,1.0175,1.0175,1.0175,100,0
CRIS.US,5,20251230,161500,1.01,1.01,1.01,1.01,2188,0
CRIS.US,5,20251230,162000,1.01,1.015,1.01,1.015,2252,0
CRIS.US,5,20251230,162500,1.015,1.02,1.015,1.02,13045,0
CRIS.US,5,20251230,163500,1.0188,1.02,1.01,1.0116,5000,0
CRIS.US,5,20251230,164000,1.015,1.0199,1.01,1.0199,2548,0
CRIS.US,5,20251230,164500,1.01,1.012,1,1.005,1700,0
CRIS.US,5,20251230,165000,1.0069,1.01,1.005,1.0077,1468,0
CRIS.US,5,20251230,165500,1,1,0.994,0.994,20977,0
CRIS.US,5,20251230,170500,0.9912,0.9912,0.976,0.976,5124,0
CRIS.US,5,20251230,171000,0.9759,0.9759,0.9759,0.9759,250,0
CRIS.US,5,20251230,171500,0.9722,0.9758,0.9722,0.9722,886,0
CRIS.US,5,20251230,172000,0.9885,0.99,0.9885,0.99,4538,0
CRIS.US,5,20251230,172500,0.963481,0.963481,0.963481,0.963481,1000,0
CRIS.US,5,20251230,173000,0.9641,0.996899,0.96,0.996899,24174,0
CRIS.US,5,20251230,173500,0.960001,0.9941,0.960001,0.9941,281,0
CRIS.US,5,20251230,174000,0.99,0.99,0.97,0.9806,5106,0
CRIS.US,5,20251230,174500,0.9899,0.9899,0.98,0.98,4806,0
CRIS.US,5,20251230,175000,0.986,0.986,0.9739,0.9739,1284,0
CRIS.US,5,20251230,175500,0.979,0.979,0.979,0.979,100,0
CRIS.US,5,20251230,180000,0.98,0.9874,0.979,0.98,2047,0
CRIS.US,5,20251230,180500,0.979,0.9873,0.975,0.9873,2200,0
CRIS.US,5,20251230,181500,0.9825,0.99,0.975,0.975,7000,0
CRIS.US,5,20251230,182000,0.975,0.982499,0.975,0.982499,1203,0
CRIS.US,5,20251230,182500,0.9889,0.9907,0.988,0.99,2858,0
CRIS.US,5,20251230,183000,0.9993,0.9993,0.9993,0.9993,100,0
CRIS.US,5,20251230,184000,0.9994,1,0.9994,1,1600,0
CRIS.US,5,20251230,184500,0.9901,0.9901,0.9901,0.9901,100,0
CRIS.US,5,20251230,185000,0.9997,1,0.9975,1,12876,0
CRIS.US,5,20251230,190000,1.01,1.01,1.005,1.005,1007,0
CRIS.US,5,20251230,190500,1.005,1.01,1.005,1.01,7080,0
CRIS.US,5,20251230,191000,1.02,1.02,1.02,1.02,200,0
CRIS.US,5,20251230,191500,1.01,1.03,1.01,1.03,600,0
CRIS.US,5,20251230,193000,1.01,1.0117,1.01,1.0117,1700,0
CRIS.US,5,20251230,193500,1.015,1.02,1.015,1.02,200,0
CRIS.US,5,20251230,194000,1.01,1.01,1.01,1.01,1350,0
CRIS.US,5,20251230,195000,1.01,1.01,1.01,1.01,2150,0
CRIS.US,5,20251230,200000,1.01,1.01,1.01,1.01,1000,0
CRIS.US,5,20251230,200500,1.0039,1.0039,1.0039,1.0039,500,0
CRIS.US,5,20251230,201000,1.0088,1.0088,1.0088,1.0088,200,0
CRIS.US,5,20251230,201500,1.02,1.02,1,1,5352,0
CRIS.US,5,20251230,203000,1.01,1.01,1,1,500,0
CRIS.US,5,20251230,204000,1.015,1.02,1.015,1.02,15100,0
CRIS.US,5,20251230,205000,1.04,1.04,1.04,1.04,100,0
CRIS.US,5,20251230,205500,0.996,1.015,0.99,1.015,19347,0
CRIS.US,5,20251230,210000,0.9954,0.9954,0.9954,0.9954,100,0
CRIS.US,5,20251230,210500,1.015,1.0399,0.9921,0.9921,8440,0
CRIS.US,5,20251230,211000,1.011,1.011,1.011,1.011,1071,0
CRIS.US,5,20251230,211500,1.0168,1.0168,1,1,5642,0
CRIS.US,5,20251230,213000,0.9901,1.02,0.9901,1.015,3350,0
CRIS.US,5,20251230,213500,1.01,1.01,1.01,1.01,100,0
CRIS.US,5,20251230,214000,1.01,1.01,1.01,1.01,100,0
CRIS.US,5,20251230,214500,1.0125,1.0125,0.99,1.01,300,0
CRIS.US,5,20251230,215000,1.01,1.01,0.9921,0.9921,400,0
CRIS.US,5,20251230,215500,0.995,1.02,0.99,1.01,3404,0
CRIS.US,5,20251231,153000,1.01,1.056,1.01,1.056,6529,0
CRIS.US,5,20251231,154000,1.0447,1.0447,1.0447,1.0447,100,0
CRIS.US,5,20251231,154500,1.012,1.04,1.012,1.04,400,0
CRIS.US,5,20251231,155000,1.0158,1.0158,1.0158,1.0158,410,0
CRIS.US,5,20251231,155500,1.012,1.012,1.012,1.012,4000,0
CRIS.US,5,20251231,160000,1.01,1.01,1.01,1.01,600,0
CRIS.US,5,20251231,161000,1.0375,1.0375,1.0375,1.0375,100,0
CRIS.US,5,20251231,162500,1.02,1.02,1.015,1.015,5017,0
CRIS.US,5,20251231,163000,1.01,1.015,1.01,1.01,34710,0
CRIS.US,5,20251231,164000,1.01,1.01,1.01,1.01,1000,0
CRIS.US,5,20251231,164500,1,1,1,1,2126,0
CRIS.US,5,20251231,165000,1.01,1.0199,1.01,1.0199,4000,0
CRIS.US,5,20251231,165500,1.0007,1.02,1.0007,1.02,700,0
CRIS.US,5,20251231,170500,1.02,1.02,1.02,1.02,100,0
CRIS.US,5,20251231,171000,1.0001,1.02,1.0001,1.02,1071,0
CRIS.US,5,20251231,171500,1,1.005,1,1.005,11797,0
CRIS.US,5,20251231,172500,1.003,1.003,1.003,1.003,400,0
CRIS.US,5,20251231,173000,1.02,1.02,1.02,1.02,100,0
CRIS.US,5,20251231,173500,1.02,1.02,1.02,1.02,100,0
CRIS.US,5,20251231,174000,0.9889,0.9889,0.9889,0.9889,559,0
CRIS.US,5,20251231,174500,1.01,1.01,1.01,1.01,100,0
CRIS.US,5,20251231,175500,1.01,1.01,1.01,1.01,100,0
CRIS.US,5,20251231,180000,1.01,1.01,0.9963,0.9963,484,0
CRIS.US,5,20251231,180500,0.9862,0.9943,0.97,0.9943,9637,0
CRIS.US,5,20251231,181000,0.9869,0.9869,0.9701,0.9701,2787,0
CRIS.US,5,20251231,182000,1.01,1.01,0.995,0.995,14200,0
CRIS.US,5,20251231,184000,1.01,1.01,0.998,0.998,1300,0
CRIS.US,5,20251231,184500,0.9981,0.9981,0.998,0.998,600,0
CRIS.US,5,20251231,185500,0.998,0.998,0.998,0.998,100,0
CRIS.US,5,20251231,190000,0.99,0.99,0.99,0.99,587,0
CRIS.US,5,20251231,190500,0.99,1,0.99,1,7100,0
CRIS.US,5,20251231,191000,0.99,0.99,0.99,0.99,300,0
CRIS.US,5,20251231,191500,0.991,1,0.991,1,700,0
CRIS.US,5,20251231,192000,0.9801,0.9801,0.9801,0.9801,1000,0
CRIS.US,5,20251231,192500,0.9999,0.9999,0.9999,0.9999,100,0
CRIS.US,5,20251231,193500,0.9986,0.9986,0.9986,0.9986,100,0
CRIS.US,5,20251231,194500,0.9965,1,0.9965,1,2800,0
CRIS.US,5,20251231,195500,1.01,1.01,1.004,1.004,200,0
CRIS.US,5,20251231,201000,1.01,1.01,1.01,1.01,100,0
CRIS.US,5,20251231,201500,0.9801,0.9801,0.9801,0.9801,3500,0
CRIS.US,5,20251231,202000,1.01,1.01,0.9801,0.9801,225,0
CRIS.US,5,20251231,203000,1.01,1.01,1.01,1.01,100,0
CRIS.US,5,20251231,203500,1.01,1.01,1.01,1.01,200,0
CRIS.US,5,20251231,204500,1.01,1.01,1.01,1.01,100,0
CRIS.US,5,20251231,205500,1.02,1.02,1.02,1.02,100,0
CRIS.US,5,20251231,210000,1.01,1.01,1.01,1.01,100,0
CRIS.US,5,20251231,211000,1.01,1.01,1.01,1.01,200,0
CRIS.US,5,20251231,211500,1,1.01,1,1.01,605,0
CRIS.US,5,20251231,212000,0.998,0.998,0.998,0.998,285,0
CRIS.US,5,20251231,212500,1.01,1.01,0.995,0.995,300,0
CRIS.US,5,20251231,213000,1.01,1.01,1.01,1.01,100,0
CRIS.US,5,20251231,213500,1.01,1.01,0.99,0.99,400,0
CRIS.US,5,20251231,214000,0.9897,0.9985,0.9897,0.9985,5350,0
CRIS.US,5,20251231,214500,0.9897,1,0.9897,1,400,0
CRIS.US,5,20251231,215000,1,1.001,1,1.001,200,0
CRIS.US,5,20251231,215500,1.001,1.001,0.98,0.9871,20021,0
CRIS.US,5,20260102,153000,0.98,0.98,0.98,0.98,2000,0
CRIS.US,5,20260102,154000,0.9809,0.9809,0.98,0.98,376,0
CRIS.US,5,20260102,155000,0.9803,0.9953,0.9803,0.9953,3256,0
CRIS.US,5,20260102,160000,0.9823,0.9823,0.9805,0.9805,600,0
CRIS.US,5,20260102,161000,0.98,0.98,0.9764,0.9764,300,0
CRIS.US,5,20260102,162000,1,1,1,1,990,0
CRIS.US,5,20260102,163500,0.98,0.9803,0.98,0.9803,200,0
CRIS.US,5,20260102,164500,0.99,0.99,0.99,0.99,500,0
CRIS.US,5,20260102,165500,0.9802,0.9802,0.9749,0.9749,2058,0
CRIS.US,5,20260102,170000,1.006,1.006,1.006,1.006,400,0
CRIS.US,5,20260102,171000,1.01,1.01,0.98,0.98,1700,0
CRIS.US,5,20260102,172000,0.9912,0.9912,0.99,0.99,700,0
CRIS.US,5,20260102,172500,0.99,1,0.99,1,300,0
CRIS.US,5,20260102,174000,1,1,1,1,1000,0
CRIS.US,5,20260102,174500,0.9948,1,0.99,0.99,1176,0
CRIS.US,5,20260102,175500,0.995,0.995,0.995,0.995,100,0
CRIS.US,5,20260102,180000,0.9821,0.995,0.98,0.995,1976,0
CRIS.US,5,20260102,181500,1,1,0.995,1,2100,0
CRIS.US,5,20260102,182000,1.0001,1.005,1.0001,1.005,5852,0
CRIS.US,5,20260102,183500,1.005,1.005,1.005,1.005,240,0
CRIS.US,5,20260102,184000,1.005,1.005,1,1,350,0
CRIS.US,5,20260102,184500,1.005,1.005,1.005,1.005,330,0
CRIS.US,5,20260102,185000,1.005,1.0098,1.005,1.005,6773,0
CRIS.US,5,20260102,190000,1,1.01,1,1,800,0
CRIS.US,5,20260102,191500,1.01,1.01,1.01,1.01,278,0
CRIS.US,5,20260102,193000,1.01,1.01,1.01,1.01,200,0
CRIS.US,5,20260102,193500,1.01,1.01,1.01,1.01,352,0
CRIS.US,5,20260102,194000,1.0117,1.0117,1.0117,1.0117,1170,0
CRIS.US,5,20260102,194500,1,1,1,1,800,0
CRIS.US,5,20260102,200000,1.01,1.01,1,1.005,10833,0
CRIS.US,5,20260102,201500,1.01,1.01,1.01,1.01,150,0
CRIS.US,5,20260102,202000,1.01,1.01,1,1,3600,0
CRIS.US,5,20260102,203000,1.01,1.01,1.01,1.01,800,0
CRIS.US,5,20260102,203500,1,1,1,1,1200,0
CRIS.US,5,20260102,204000,1.01,1.01,1.01,1.01,377,0
CRIS.US,5,20260102,204500,1,1.01,1,1.01,2307,0
CRIS.US,5,20260102,210000,1.01,1.02,1.01,1.02,4140,0
CRIS.US,5,20260102,210500,1.0174,1.0174,1.01,1.01,8900,0
CRIS.US,5,20260102,211000,1.0174,1.0174,1.01,1.0174,500,0
CRIS.US,5,20260102,211500,1.01,1.01,1.01,1.01,1000,0
CRIS.US,5,20260102,212000,1.01,1.01,1.01,1.01,291,0
CRIS.US,5,20260102,213000,1,1.005,1,1.005,1840,0
CRIS.US,5,20260102,213500,1,1,1,1,100,0
CRIS.US,5,20260102,214000,1.005,1.005,1.005,1.005,805,0
CRIS.US,5,20260102,214500,1.0064,1.0064,1,1.005,2907,0
CRIS.US,5,20260102,215000,1,1,0.9859,0.997,6415,0
CRIS.US,5,20260102,215500,0.984,0.997,0.98,0.983,20690,0
CRIS.US,5,20260105,153000,1,1,0.9974,0.9999,3084,0
CRIS.US,5,20260105,154000,0.9991,1,0.9991,1,450,0
CRIS.US,5,20260105,155500,1.0095,1.02,1.0095,1.01,4031,0
CRIS.US,5,20260105,160500,1.02,1.02,1.02,1.02,1200,0
CRIS.US,5,20260105,161000,1.01,1.01,1.01,1.01,100,0
CRIS.US,5,20260105,161500,1.0191,1.0191,1.0191,1.0191,114,0
CRIS.US,5,20260105,163000,1.0101,1.02,1.0101,1.02,5104,0
CRIS.US,5,20260105,163500,1.02,1.02,1.02,1.02,650,0
CRIS.US,5,20260105,164000,1.0185,1.0185,1.0185,1.0185,218,0
CRIS.US,5,20260105,164500,1.02,1.03,1.015,1.02,14920,0
CRIS.US,5,20260105,165000,1.0101,1.0101,1.0101,1.0101,200,0
CRIS.US,5,20260105,170000,1.02,1.0275,1.02,1.0275,835,0
CRIS.US,5,20260105,170500,1.02,1.02,1.02,1.02,500,0
CRIS.US,5,20260105,171000,1.02,1.02,1.0101,1.012,4946,0
CRIS.US,5,20260105,172500,1.0101,1.0101,1.0101,1.0101,350,0
CRIS.US,5,20260105,173000,1.0281,1.0281,1.0281,1.0281,100,0
CRIS.US,5,20260105,173500,1.01,1.01,1.01,1.01,700,0
CRIS.US,5,20260105,174000,1.02,1.02,1.02,1.02,100,0
CRIS.US,5,20260105,174500,1.02,1.0282,1.02,1.0282,1100,0
CRIS.US,5,20260105,175000,1.01,1.01,1.01,1.01,300,0
CRIS.US,5,20260105,180000,1.02,1.02,1.01,1.01,700,0
CRIS.US,5,20260105,180500,1.01,1.01,1.01,1.01,100,0
CRIS.US,5,20260105,181000,1.0101,1.0164,1.0101,1.0164,565,0
CRIS.US,5,20260105,181500,1.0132,1.0132,1.0089,1.0089,738,0
CRIS.US,5,20260105,182000,1.0135,1.0135,1.0127,1.0127,200,0
CRIS.US,5,20260105,182500,1.015,1.015,1.015,1.015,100,0
CRIS.US,5,20260105,183000,1.02,1.02,1.02,1.02,250,0
CRIS.US,5,20260105,183500,1.01,1.01,1.01,1.01,1810,0
CRIS.US,5,20260105,185000,1.01,1.01,1.01,1.01,400,0
CRIS.US,5,20260105,185500,1.01,1.01,1.01,1.01,200,0
CRIS.US,5,20260105,190000,1.0149,1.0149,1.0149,1.0149,495,0
CRIS.US,5,20260105,191500,1.01,1.01,1.01,1.01,500,0
CRIS.US,5,20260105,192000,1.01,1.01,1.01,1.01,100,0
CRIS.US,5,20260105,194000,1.01,1.01,1.01,1.01,1138,0
CRIS.US,5,20260105,195000,1.02,1.02,1.02,1.02,500,0
CRIS.US,5,20260105,195500,1.0106,1.0106,1.0106,1.0106,100,0
CRIS.US,5,20260105,202500,1.02,1.02,1.01,1.01,1857,0
CRIS.US,5,20260105,203500,1.01,1.01,1.01,1.01,300,0
CRIS.US,5,20260105,210000,1.01,1.01,1.01,1.01,789,0
CRIS.US,5,20260105,210500,1.005,1.005,1,1,6050,0
CRIS.US,5,20260105,211000,1.0049,1.0049,1.0049,1.0049,250,0
CRIS.US,5,20260105,211500,1.0252,1.0252,1.0252,1.0252,146,0
CRIS.US,5,20260105,212000,1.015,1.015,1.015,1.015,250,0
CRIS.US,5,20260105,213000,1.002,1.002,1,1,8309,0
CRIS.US,5,20260105,214500,1,1,0.9999,1,2521,0
CRIS.US,5,20260105,215000,0.9999,1,0.9999,0.9999,3541,0
CRIS.US,5,20260105,215500,0.99,0.996525,0.9847,0.9847,10779,0
CRIS.US,5,20260106,153000,1,1,1,1,663,0
CRIS.US,5,20260106,153500,1.002,1.002,1.002,1.002,2200,0
CRIS.US,5,20260106,154000,1.0047,1.0047,1.0047,1.0047,104,0
CRIS.US,5,20260106,155500,1.01,1.01,1.01,1.01,100,0
CRIS.US,5,20260106,163000,1.02,1.02,1.01,1.01,1600,0
CRIS.US,5,20260106,164500,1.0002,1.0002,1.0002,1.0002,1050,0
CRIS.US,5,20260106,165000,1.01,1.01,1.01,1.01,100,0
CRIS.US,5,20260106,170000,1.0165,1.0165,1.0165,1.0165,165,0
CRIS.US,5,20260106,170500,1,1.01,1,1.01,5708,0
CRIS.US,5,20260106,171000,1.0051,1.009,1.0051,1.009,483,0
CRIS.US,5,20260106,171500,1.005,1.0156,1.005,1.0156,4829,0
CRIS.US,5,20260106,173000,1.02,1.02,1.02,1.02,1000,0
CRIS.US,5,20260106,174000,1.015,1.015,1.015,1.015,300,0
CRIS.US,5,20260106,180500,1.015,1.02,1.015,1.015,1692,0
CRIS.US,5,20260106,182500,1.015,1.02,1.015,1.02,214,0
CRIS.US,5,20260106,184000,1.01,1.01,1.01,1.01,1452,0
CRIS.US,5,20260106,184500,1.0112,1.0112,1.01,1.01,3632,0
CRIS.US,5,20260106,185000,1.0074,1.0074,1.0074,1.0074,1000,0
CRIS.US,5,20260106,193000,1.005,1.005,1.005,1.005,1128,0
CRIS.US,5,20260106,193500,1.01,1.01,1.005,1.005,760,0
CRIS.US,5,20260106,194500,1.005,1.005,1.0001,1.0001,11177,0
CRIS.US,5,20260106,195000,1.002,1.002,1.002,1.002,108,0
CRIS.US,5,20260106,200000,1,1,1,1,1900,0
CRIS.US,5,20260106,200500,1.005,1.01,1.005,1.005,470,0
CRIS.US,5,20260106,201500,1.0088,1.0088,1.005,1.005,200,0
CRIS.US,5,20260106,203000,1.01,1.01,1.01,1.01,297,0
CRIS.US,5,20260106,203500,1.01,1.0138,1.01,1.0138,460,0
CRIS.US,5,20260106,204000,1.0126,1.0126,1.0126,1.0126,1000,0
CRIS.US,5,20260106,204500,1.01,1.01,1.01,1.01,100,0
CRIS.US,5,20260106,205000,1.01,1.01,1,1.01,3189,0
CRIS.US,5,20260106,210000,1.0063,1.0063,1.0063,1.0063,1000,0
CRIS.US,5,20260106,210500,1.01,1.01,1.01,1.01,1150,0
CRIS.US,5,20260106,211500,1,1.0199,1,1.0199,1700,0
CRIS.US,5,20260106,212000,1.01,1.01,1,1.01,3100,0
CRIS.US,5,20260106,212500,1.0183,1.0183,1.0183,1.0183,100,0
CRIS.US,5,20260106,213000,1.02,1.02,1.02,1.02,500,0
CRIS.US,5,20260106,213500,1,1.005,1,1.005,2000,0
CRIS.US,5,20260106,214000,1,1,1,1,1700,0
CRIS.US,5,20260106,214500,1.01,1.01,1.005,1.005,1899,0
CRIS.US,5,20260106,215000,1.01,1.01,1.01,1.01,2460,0
CRIS.US,5,20260106,215500,1,1.01,1,1,3814,0
CRIS.US,5,20260107,153000,0.91285,0.9379,0.783,0.80545,696426,0
CRIS.US,5,20260107,153500,0.8043,0.8043,0.771,0.7864,455467,0
CRIS.US,5,20260107,154000,0.7864,0.8238,0.7777,0.8108,411913,0
CRIS.US,5,20260107,154500,0.81675,0.8226,0.78825,0.7987,92864,0
CRIS.US,5,20260107,155000,0.7989,0.85,0.79815,0.8486,156911,0
CRIS.US,5,20260107,155500,0.8444,0.8572,0.8076,0.82,169762,0
CRIS.US,5,20260107,160000,0.82,0.8449,0.8,0.8,104916,0
CRIS.US,5,20260107,160500,0.8,0.8421,0.8,0.8369,72304,0
CRIS.US,5,20260107,161000,0.8369,0.8952,0.8369,0.84,214548,0
CRIS.US,5,20260107,161500,0.8408,0.8496,0.8322,0.833,35172,0
CRIS.US,5,20260107,162000,0.83225,0.8499,0.8322,0.83222,121372,0
CRIS.US,5,20260107,162500,0.83225,0.8323,0.8255,0.8285,60755,0
CRIS.US,5,20260107,163000,0.8285,0.8371,0.82,0.82,152338,0
CRIS.US,5,20260107,163500,0.8201,0.827371,0.80115,0.81,130447,0
CRIS.US,5,20260107,164000,0.81,0.8449,0.81,0.8379,175173,0
CRIS.US,5,20260107,164500,0.839,0.87,0.822,0.8417,133870,0
CRIS.US,5,20260107,165000,0.834,0.87,0.8257,0.8494,59355,0
CRIS.US,5,20260107,165500,0.8497,0.8567,0.8301,0.8567,12957,0
CRIS.US,5,20260107,170000,0.8509,0.8509,0.815,0.8268,38248,0
CRIS.US,5,20260107,170500,0.8299,0.8567,0.8269,0.845999,50397,0
CRIS.US,5,20260107,171000,0.8439,0.8456,0.8206,0.8378,29429,0
CRIS.US,5,20260107,171500,0.8456,0.8567,0.8239,0.8494,77184,0
CRIS.US,5,20260107,172000,0.8434,0.85,0.8378,0.8437,13243,0
CRIS.US,5,20260107,172500,0.85,0.87,0.8468,0.8556,64230,0
CRIS.US,5,20260107,173000,0.855501,0.8645,0.85,0.860581,52531,0
CRIS.US,5,20260107,173500,0.8644,0.8698,0.8592,0.865,24329,0
CRIS.US,5,20260107,174000,0.8649,0.8649,0.8602,0.8602,15437,0
CRIS.US,5,20260107,174500,0.8611,0.8649,0.859,0.8649,35288,0
CRIS.US,5,20260107,175000,0.8649,0.8725,0.859,0.8724,52658,0
CRIS.US,5,20260107,175500,0.8708,0.88,0.8529,0.8617,68940,0
CRIS.US,5,20260107,180000,0.8644,0.8698,0.8643,0.8698,2181,0
CRIS.US,5,20260107,180500,0.8658,0.8658,0.859,0.86135,28737,0
CRIS.US,5,20260107,181000,0.8608,0.8627,0.859,0.8596,8765,0
CRIS.US,5,20260107,181500,0.8612,0.8612,0.859,0.8606,11731,0
CRIS.US,5,20260107,182000,0.8606,0.8698,0.8606,0.8689,11233,0
CRIS.US,5,20260107,182500,0.86089,0.8689,0.8602,0.8602,11492,0
CRIS.US,5,20260107,183000,0.8641,0.8686,0.8611,0.8648,9400,0
CRIS.US,5,20260107,183500,0.8635,0.8666,0.8609,0.8666,19169,0
CRIS.US,5,20260107,184000,0.8666,0.8666,0.8609,0.8666,7312,0
CRIS.US,5,20260107,184500,0.863701,0.863701,0.83,0.8596,130262,0
CRIS.US,5,20260107,185000,0.85,0.8531,0.8414,0.8428,10684,0
CRIS.US,5,20260107,185500,0.8428,0.8528,0.841401,0.8498,8915,0
CRIS.US,5,20260107,190000,0.8548,0.86,0.8451,0.86,8284,0
CRIS.US,5,20260107,190500,0.86,0.86,0.8499,0.8599,22191,0
CRIS.US,5,20260107,191000,0.86,0.8689,0.86,0.868599,5242,0
CRIS.US,5,20260107,191500,0.8688,0.8689,0.855,0.8596,12757,0
CRIS.US,5,20260107,192000,0.8591,0.8688,0.85,0.8586,22839,0
CRIS.US,5,20260107,192500,0.8639,0.8639,0.845,0.854049,1600,0
CRIS.US,5,20260107,193000,0.8563,0.87,0.8472,0.87,4284,0
CRIS.US,5,20260107,193500,0.8679,0.88,0.8679,0.88,10508,0
CRIS.US,5,20260107,194000,0.8799,0.8801,0.8414,0.8661,38487,0
CRIS.US,5,20260107,194500,0.8583,0.8583,0.8567,0.8583,898,0
CRIS.US,5,20260107,195000,0.8583,0.87,0.85,0.86,1848,0
CRIS.US,5,20260107,195500,0.865659,0.87,0.8501,0.86,9337,0
CRIS.US,5,20260107,200000,0.8502,0.8769,0.8251,0.8578,31745,0
CRIS.US,5,20260107,200500,0.8547,0.87,0.8545,0.8699,9205,0
CRIS.US,5,20260107,201000,0.859028,0.8699,0.84,0.86,26034,0
CRIS.US,5,20260107,201500,0.86,0.868439,0.86,0.865,7176,0
CRIS.US,5,20260107,202000,0.8601,0.8699,0.8601,0.8699,10619,0
CRIS.US,5,20260107,202500,0.862,0.8661,0.8602,0.86325,8117,0
CRIS.US,5,20260107,203000,0.8633,0.8633,0.8502,0.8557,7498,0
CRIS.US,5,20260107,203500,0.8557,0.8699,0.8557,0.8699,3584,0
CRIS.US,5,20260107,204000,0.855856,0.87,0.8504,0.8676,8137,0
CRIS.US,5,20260107,204500,0.8676,0.8676,0.8591,0.8674,5399,0
CRIS.US,5,20260107,205000,0.8623,0.869244,0.8623,0.8675,2571,0
CRIS.US,5,20260107,205500,0.8679,0.876,0.8662,0.876,5908,0
CRIS.US,5,20260107,210000,0.88,0.88,0.85,0.8718,34411,0
CRIS.US,5,20260107,210500,0.8513,0.8697,0.84,0.85,43360,0
CRIS.US,5,20260107,211000,0.855,0.865,0.824,0.8564,32475,0
CRIS.US,5,20260107,211500,0.8579,0.8649,0.835,0.835,38256,0
CRIS.US,5,20260107,212000,0.8408,0.8529,0.8362,0.85,2719,0
CRIS.US,5,20260107,212500,0.859899,0.859899,0.852,0.859,5186,0
CRIS.US,5,20260107,213000,0.8477,0.8649,0.83,0.8563,58790,0
CRIS.US,5,20260107,213500,0.86,0.8731,0.86,0.8731,17091,0
CRIS.US,5,20260107,214000,0.875,0.883,0.8647,0.87,54200,0
CRIS.US,5,20260107,214500,0.8688,0.8949,0.8484,0.8696,124099,0
CRIS.US,5,20260107,215000,0.8517,0.8551,0.8423,0.8482,94900,0
CRIS.US,5,20260107,215500,0.8482,0.85,0.8297,0.8403,39277,0
CRIS.US,5,20260108,153000,0.86,0.91,0.85625,0.8741,124610,0
CRIS.US,5,20260108,153500,0.8741,0.8789,0.8501,0.8733,24266,0
CRIS.US,5,20260108,154000,0.8798,0.88,0.8551,0.862,40608,0
CRIS.US,5,20260108,154500,0.865,0.8821,0.862,0.87095,36650,0
CRIS.US,5,20260108,155000,0.870949,0.8798,0.8621,0.871,10825,0
CRIS.US,5,20260108,155500,0.8621,0.8797,0.862,0.8709,6203,0
CRIS.US,5,20260108,160000,0.862,0.8688,0.862,0.8625,2266,0
CRIS.US,5,20260108,160500,0.8625,0.8642,0.862,0.8621,10114,0
CRIS.US,5,20260108,161000,0.86205,0.86205,0.8601,0.861,3594,0
CRIS.US,5,20260108,161500,0.8601,0.862,0.84,0.846736,65776,0
CRIS.US,5,20260108,162000,0.8467,0.8498,0.84,0.8422,5973,0
CRIS.US,5,20260108,162500,0.848,0.869999,0.848,0.855,11187,0
CRIS.US,5,20260108,163000,0.86,0.8697,0.85,0.86,11854,0
CRIS.US,5,20260108,163500,0.85495,0.87,0.85,0.87,72178,0
CRIS.US,5,20260108,164000,0.87,0.88,0.85,0.865,33978,0
CRIS.US,5,20260108,164500,0.8753,0.8753,0.843,0.843,2472,0
CRIS.US,5,20260108,165000,0.87,0.88,0.8424,0.8462,5398,0
CRIS.US,5,20260108,165500,0.8425,0.85,0.8425,0.8451,19786,0
CRIS.US,5,20260108,170000,0.8619,0.8619,0.845,0.8535,900,0
CRIS.US,5,20260108,170500,0.8598,0.8598,0.855,0.859,14100,0
CRIS.US,5,20260108,171000,0.85495,0.85495,0.85495,0.85495,170,0
CRIS.US,5,20260108,171500,0.854949,0.8588,0.850001,0.850001,4248,0
CRIS.US,5,20260108,172000,0.85445,0.88,0.85,0.85,38188,0
CRIS.US,5,20260108,172500,0.8601,0.8985,0.8601,0.8985,25124,0
CRIS.US,5,20260108,173000,0.885,0.9,0.8815,0.9,8299,0
CRIS.US,5,20260108,173500,0.9,0.9,0.8701,0.8701,700,0
CRIS.US,5,20260108,174000,0.89,0.91,0.88,0.8801,45211,0
CRIS.US,5,20260108,174500,0.9079,0.9079,0.88,0.8901,4877,0
CRIS.US,5,20260108,175000,0.8959,0.9,0.8959,0.8999,7842,0
CRIS.US,5,20260108,175500,0.8999,0.8999,0.8901,0.895,4242,0
CRIS.US,5,20260108,180000,0.8907,0.9,0.8901,0.8902,2715,0
CRIS.US,5,20260108,180500,0.8902,0.895099,0.8901,0.895099,2381,0
CRIS.US,5,20260108,181000,0.8926,0.8999,0.8902,0.8998,38193,0
CRIS.US,5,20260108,181500,0.8931,0.894,0.8881,0.8881,4510,0
CRIS.US,5,20260108,182000,0.8821,0.890407,0.8646,0.8765,15342,0
CRIS.US,5,20260108,182500,0.89919,0.89919,0.863,0.8799,5636,0
CRIS.US,5,20260108,183000,0.868,0.874,0.868,0.871,359,0
CRIS.US,5,20260108,183500,0.874,0.88,0.874,0.88,200,0
CRIS.US,5,20260108,184000,0.872,0.8833,0.872,0.8833,1188,0
CRIS.US,5,20260108,184500,0.872,0.8799,0.872,0.87595,8013,0
CRIS.US,5,20260108,185000,0.876,0.87795,0.868,0.87,21413,0
CRIS.US,5,20260108,185500,0.87,0.8799,0.87,0.8799,6126,0
CRIS.US,5,20260108,190000,0.87395,0.874,0.87395,0.874,402,0
CRIS.US,5,20260108,190500,0.8746,0.897,0.874,0.885,23204,0
CRIS.US,5,20260108,191000,0.8998,0.8998,0.8948,0.8991,3057,0
CRIS.US,5,20260108,191500,0.8948,0.8996,0.8872,0.8996,2822,0
CRIS.US,5,20260108,192000,0.8872,0.8992,0.8872,0.8972,2792,0
CRIS.US,5,20260108,192500,0.89465,0.8987,0.894649,0.8987,7313,0
CRIS.US,5,20260108,193000,0.899,0.899,0.85,0.8545,47386,0
CRIS.US,5,20260108,193500,0.8799,0.8998,0.86,0.8804,3025,0
CRIS.US,5,20260108,194000,0.87,0.8975,0.87,0.8975,3849,0
CRIS.US,5,20260108,194500,0.8705,0.8705,0.856,0.856,2526,0
CRIS.US,5,20260108,195000,0.86,0.893,0.86,0.862,5014,0
CRIS.US,5,20260108,195500,0.875,0.875,0.86,0.86,4834,0
CRIS.US,5,20260108,200000,0.8601,0.8705,0.8601,0.868,1395,0
CRIS.US,5,20260108,200500,0.867,0.8675,0.86,0.8664,22897,0
CRIS.US,5,20260108,201000,0.8686,0.8782,0.8686,0.8782,7802,0
CRIS.US,5,20260108,201500,0.879,0.879,0.87,0.871,7851,0
CRIS.US,5,20260108,202000,0.8804,0.882,0.872,0.88,8411,0
CRIS.US,5,20260108,202500,0.874,0.878499,0.874,0.878499,225,0
CRIS.US,5,20260108,203000,0.871,0.871,0.87,0.87,7036,0
CRIS.US,5,20260108,203500,0.8701,0.8785,0.87,0.8701,4195,0
CRIS.US,5,20260108,204000,0.87,0.8701,0.87,0.8701,222,0
CRIS.US,5,20260108,204500,0.8701,0.8701,0.8701,0.8701,2323,0
CRIS.US,5,20260108,205000,0.8701,0.879,0.8701,0.876,3020,0
CRIS.US,5,20260108,205500,0.876,0.876,0.873,0.873,730,0
CRIS.US,5,20260108,210000,0.873,0.887,0.8421,0.8425,87237,0
CRIS.US,5,20260108,210500,0.85,0.879,0.85,0.85,4910,0
CRIS.US,5,20260108,211000,0.86,0.86,0.85,0.856864,12112,0
CRIS.US,5,20260108,211500,0.8571,0.86,0.85,0.8502,8869,0
CRIS.US,5,20260108,212000,0.8799,0.8799,0.859,0.859,3900,0
CRIS.US,5,20260108,212500,0.8599,0.86995,0.85,0.85,18846,0
CRIS.US,5,20260108,213000,0.858,0.858,0.851,0.8578,2178,0
CRIS.US,5,20260108,213500,0.8544,0.8578,0.8354,0.84,40226,0
CRIS.US,5,20260108,214000,0.868,0.87,0.844,0.87,3910,0
CRIS.US,5,20260108,214500,0.8643,0.8699,0.8495,0.86,10939,0
CRIS.US,5,20260108,215000,0.85,0.85,0.8299,0.8299,21402,0
CRIS.US,5,20260108,215500,0.83,0.85,0.82,0.85,95549,0
