<TICKER>,<PER>,<DATE>,<TIME>,<OPEN>,<HIGH>,<LOW>,<CLOSE>,<VOL>,<OPENINT>
FTNT.US,5,20250813,153000,79.88,79.9848,78.58,78.7099,446028,0
FTNT.US,5,20250813,153500,78.68,78.97,78.44,78.65,577710,0
FTNT.US,5,20250813,154000,78.657,79.3586,78.54,79,444752,0
FTNT.US,5,20250813,154500,79.04,79.12,78.5583,78.645,156048,0
FTNT.US,5,20250813,155000,78.6695,78.91,78.528,78.77,81408,0
FTNT.US,5,20250813,155500,78.74,79.2,78.65,79.0714,135225,0
FTNT.US,5,20250813,160000,79.05,79.47,78.85,79.43,198223,0
FTNT.US,5,20250813,160500,79.41,79.62,79.2,79.24,108566,0
FTNT.US,5,20250813,161000,79.25,79.65,79.19,79.42,258453,0
FTNT.US,5,20250813,161500,79.4,79.64,79.29,79.64,59945,0
FTNT.US,5,20250813,162000,79.61,79.95,79.5,79.86,183167,0
FTNT.US,5,20250813,162500,79.865,79.93,79.4607,79.5,97641,0
FTNT.US,5,20250813,163000,79.53,79.55,79.11,79.11,84178,0
FTNT.US,5,20250813,163500,79.135,79.19,79.03,79.11,63026,0
FTNT.US,5,20250813,164000,79.09,79.375,79.08,79.31,72073,0
FTNT.US,5,20250813,164500,79.32,79.45,79.24,79.27,65805,0
FTNT.US,5,20250813,165000,79.275,79.68,79.275,79.64,110138,0
FTNT.US,5,20250813,165500,79.655,79.82,79.35,79.41,220730,0
FTNT.US,5,20250813,170000,79.43,79.5394,79.35,79.4,51824,0
FTNT.US,5,20250813,170500,79.4,79.74,79.385,79.715,39087,0
FTNT.US,5,20250813,171000,79.72,80.08,79.71,80.0414,112031,0
FTNT.US,5,20250813,171500,80.03,80.1,79.68,79.8,60916,0
FTNT.US,5,20250813,172000,79.76,79.77,79.32,79.322,88946,0
FTNT.US,5,20250813,172500,79.35,79.44,79.12,79.22,69048,0
FTNT.US,5,20250813,173000,79.23,79.235,79.1,79.19,50631,0
FTNT.US,5,20250813,173500,79.195,79.2,78.81,78.9,197286,0
FTNT.US,5,20250813,174000,78.89,79,78.74,78.78,67963,0
FTNT.US,5,20250813,174500,78.785,78.85,78.69,78.76,74601,0
FTNT.US,5,20250813,175000,78.755,78.78,78.3186,78.3238,118437,0
FTNT.US,5,20250813,175500,78.325,78.34,78.12,78.25,130162,0
FTNT.US,5,20250813,180000,78.22,78.3928,78.145,78.2,50979,0
FTNT.US,5,20250813,180500,78.18,78.47,78.12,78.47,44180,0
FTNT.US,5,20250813,181000,78.46,78.69,78.4,78.685,101992,0
FTNT.US,5,20250813,181500,78.6902,78.81,78.6,78.7068,86246,0
FTNT.US,5,20250813,182000,78.72,78.735,78.51,78.5443,27004,0
FTNT.US,5,20250813,182500,78.54,78.65,78.4083,78.6,40246,0
FTNT.US,5,20250813,183000,78.58,78.8,78.5,78.705,42153,0
FTNT.US,5,20250813,183500,78.71,78.73,78.59,78.595,26553,0
FTNT.US,5,20250813,184000,78.59,78.69,78.45,78.64,93991,0
FTNT.US,5,20250813,184500,78.655,78.99,78.64,78.83,195040,0
FTNT.US,5,20250813,185000,78.78,78.81,78.5769,78.5835,100769,0
FTNT.US,5,20250813,185500,78.595,79.06,78.465,78.8299,397014,0
FTNT.US,5,20250813,190000,78.81,78.84,78.395,78.395,60568,0
FTNT.US,5,20250813,190500,78.39,78.47,78.3278,78.425,46007,0
FTNT.US,5,20250813,191000,78.41,78.42,78.17,78.18,97058,0
FTNT.US,5,20250813,191500,78.175,78.28,78.13,78.19,39662,0
FTNT.US,5,20250813,192000,78.19,78.28,78.05,78.07,84994,0
FTNT.US,5,20250813,192500,78.07,78.33,78.07,78.2495,41416,0
FTNT.US,5,20250813,193000,78.26,78.27,78.1,78.2,41690,0
FTNT.US,5,20250813,193500,78.195,78.28542,78.08,78.255,120695,0
FTNT.US,5,20250813,194000,78.24,78.29,78.16,78.25,64568,0
FTNT.US,5,20250813,194500,78.25,78.49,78.19,78.28,60871,0
FTNT.US,5,20250813,195000,78.25,78.365,78.24,78.3,22700,0
FTNT.US,5,20250813,195500,78.3,78.41,78.26,78.395,33154,0
FTNT.US,5,20250813,200000,78.4,78.645,78.39,78.63,69900,0
FTNT.US,5,20250813,200500,78.64,78.81,78.64,78.78,38118,0
FTNT.US,5,20250813,201000,78.76,78.84,78.56,78.615,151974,0
FTNT.US,5,20250813,201500,78.63,78.74,78.54,78.5475,18844,0
FTNT.US,5,20250813,202000,78.54,78.58,78.44,78.515,29348,0
FTNT.US,5,20250813,202500,78.5059,78.671,78.46,78.655,42784,0
FTNT.US,5,20250813,203000,78.67,78.78,78.63,78.74,41402,0
FTNT.US,5,20250813,203500,78.74,78.96,78.7,78.94,56551,0
FTNT.US,5,20250813,204000,78.945,79,78.7,78.76,160915,0
FTNT.US,5,20250813,204500,78.76,78.835,78.72,78.75,43880,0
FTNT.US,5,20250813,205000,78.74,78.77,78.61,78.67,46050,0
FTNT.US,5,20250813,205500,78.67,78.7599,78.61,78.6499,39722,0
FTNT.US,5,20250813,210000,78.635,78.64,78.46,78.48,35525,0
FTNT.US,5,20250813,210500,78.47,78.47,78.35,78.37,39329,0
FTNT.US,5,20250813,211000,78.37,78.445,78.35,78.38,41353,0
FTNT.US,5,20250813,211500,78.4,78.64,78.395,78.64,43765,0
FTNT.US,5,20250813,212000,78.62,78.715,78.61,78.67,32593,0
FTNT.US,5,20250813,212500,78.66,78.85,78.63,78.74,107041,0
FTNT.US,5,20250813,213000,78.745,78.745,78.61,78.74,60286,0
FTNT.US,5,20250813,213500,78.74,79.06,78.73,78.76,366490,0
FTNT.US,5,20250813,214000,78.75,78.81,78.46,78.68,96838,0
FTNT.US,5,20250813,214500,78.69,79.21,78.68,79.17,561511,0
FTNT.US,5,20250813,215000,79.19,79.25,78.99,79.2,117437,0
FTNT.US,5,20250813,215500,79.18,79.42,79.15,79.33,1966919,0
FTNT.US,5,20250814,153000,78.05,78.4284,76.82,78.23,404230,0
FTNT.US,5,20250814,153500,78.23,78.33,78.01,78.17,81342,0
FTNT.US,5,20250814,154000,78.13,78.28,77.99,78.25,90060,0
FTNT.US,5,20250814,154500,78.22,78.3,77.8601,78.22,129977,0
FTNT.US,5,20250814,155000,78.16,78.45,78.13,78.24,279500,0
FTNT.US,5,20250814,155500,78.26,78.4,78.17,78.21,94428,0
FTNT.US,5,20250814,160000,78.24,78.37,78.0501,78.315,317044,0
FTNT.US,5,20250814,160500,78.315,78.51,78.275,78.4795,56272,0
FTNT.US,5,20250814,161000,78.47,78.5813,78.32,78.365,159938,0
FTNT.US,5,20250814,161500,78.39,78.55,78.2,78.52,86251,0
FTNT.US,5,20250814,162000,78.52,78.595,78.32,78.36,67887,0
FTNT.US,5,20250814,162500,78.3583,78.38,78.1701,78.23,78252,0
FTNT.US,5,20250814,163000,78.23,78.5,78.2,78.37,41611,0
FTNT.US,5,20250814,163500,78.37,78.46,78.3224,78.435,38400,0
FTNT.US,5,20250814,164000,78.46,78.48,78.32,78.332,29594,0
FTNT.US,5,20250814,164500,78.33,78.49,78.3,78.435,63475,0
FTNT.US,5,20250814,165000,78.45,78.53,78.2492,78.305,67100,0
FTNT.US,5,20250814,165500,78.305,78.36,78.01,78.0638,89928,0
FTNT.US,5,20250814,170000,78.0641,78.23,78,78.22,106784,0
FTNT.US,5,20250814,170500,78.2086,78.25,78.15,78.185,172522,0
FTNT.US,5,20250814,171000,78.185,78.29,78.1,78.15,62267,0
FTNT.US,5,20250814,171500,78.155,78.18,77.82,77.99,109938,0
FTNT.US,5,20250814,172000,77.975,77.98,77.615,77.9,285596,0
FTNT.US,5,20250814,172500,77.89,78.06,77.55,77.58,467801,0
FTNT.US,5,20250814,173000,77.58,77.78,77.54,77.67,62133,0
FTNT.US,5,20250814,173500,77.65,77.65,77.44,77.46,58205,0
FTNT.US,5,20250814,174000,77.46,77.53,77.365,77.44,149017,0
FTNT.US,5,20250814,174500,77.45,77.72,77.45,77.6,212974,0
FTNT.US,5,20250814,175000,77.61,77.76,77.57,77.7,26420,0
FTNT.US,5,20250814,175500,77.7,77.78,77.595,77.68,49176,0
FTNT.US,5,20250814,180000,77.69,77.9,77.63,77.69,68993,0
FTNT.US,5,20250814,180500,77.66,77.685,77.415,77.5,52688,0
FTNT.US,5,20250814,181000,77.49,77.75,77.35,77.42,357462,0
FTNT.US,5,20250814,181500,77.44,77.59,77.4231,77.54,34118,0
FTNT.US,5,20250814,182000,77.53,77.76,77.51,77.6814,35174,0
FTNT.US,5,20250814,182500,77.675,77.73,77.5981,77.68,23923,0
FTNT.US,5,20250814,183000,77.69,77.88,77.68,77.84,38067,0
FTNT.US,5,20250814,183500,77.835,77.905,77.815,77.865,35324,0
FTNT.US,5,20250814,184000,77.86,77.9,77.77,77.87,33790,0
FTNT.US,5,20250814,184500,77.8693,77.98,77.86,77.9635,29364,0
FTNT.US,5,20250814,185000,77.98,78.06,77.98,78.0409,23533,0
FTNT.US,5,20250814,185500,78.03,78.19,78.01,78.10611,30083,0
FTNT.US,5,20250814,190000,78.1,78.1,77.96,77.99,19672,0
FTNT.US,5,20250814,190500,77.98,77.9887,77.91,77.92,17222,0
FTNT.US,5,20250814,191000,77.92,78.0299,77.87,78.015,34719,0
FTNT.US,5,20250814,191500,78.0299,78.05,77.93,77.99,23146,0
FTNT.US,5,20250814,192000,77.97,78,77.83,77.92,38543,0
FTNT.US,5,20250814,192500,77.91,78.11,77.8999,78.048,32187,0
FTNT.US,5,20250814,193000,78.0499,78.14,77.995,78.12,24966,0
FTNT.US,5,20250814,193500,78.115,78.12,78.04,78.04,16424,0
FTNT.US,5,20250814,194000,78.04,78.26,78.005,78.22,30204,0
FTNT.US,5,20250814,194500,78.25,78.33,78.03,78.03,143731,0
FTNT.US,5,20250814,195000,78.01,78.06,77.98,77.99,40646,0
FTNT.US,5,20250814,195500,77.99,77.99,77.77,77.84,68295,0
FTNT.US,5,20250814,200000,77.82,77.82,77.645,77.66,36300,0
FTNT.US,5,20250814,200500,77.65,77.651,77.49,77.52,34689,0
FTNT.US,5,20250814,201000,77.52,77.52,77.42,77.45,48081,0
FTNT.US,5,20250814,201500,77.47,77.48,77.031,77.05,47335,0
FTNT.US,5,20250814,202000,77.05,77.17,76.9,77.13,118867,0
FTNT.US,5,20250814,202500,77.12,77.28,77.075,77.22,46804,0
FTNT.US,5,20250814,203000,77.23,77.335,77.19,77.26,32855,0
FTNT.US,5,20250814,203500,77.25,77.265,77.0482,77.14,46688,0
FTNT.US,5,20250814,204000,77.12,77.235,77.08,77.2061,28327,0
FTNT.US,5,20250814,204500,77.215,77.56,77.21,77.43,175774,0
FTNT.US,5,20250814,205000,77.43,77.51,77.42,77.4599,20686,0
FTNT.US,5,20250814,205500,77.47,77.4767,77.34,77.45,30100,0
FTNT.US,5,20250814,210000,77.435,77.49,77.38,77.4329,41372,0
FTNT.US,5,20250814,210500,77.44,77.475,77.42,77.4455,19642,0
FTNT.US,5,20250814,211000,77.445,77.55,77.43,77.48,62998,0
FTNT.US,5,20250814,211500,77.47,77.6,77.47,77.58,33853,0
FTNT.US,5,20250814,212000,77.57,77.679,77.54,77.6,54405,0
FTNT.US,5,20250814,212500,77.6,77.77,77.595,77.75,215318,0
FTNT.US,5,20250814,213000,77.76,77.76,77.55,77.63,105577,0
FTNT.US,5,20250814,213500,77.63,77.91,77.62,77.82,144195,0
FTNT.US,5,20250814,214000,77.82,78,77.68,77.7,286335,0
FTNT.US,5,20250814,214500,77.7,78.08,77.69,77.95,391770,0
FTNT.US,5,20250814,215000,77.98,78.04,77.325,77.37,190516,0
FTNT.US,5,20250814,215500,77.375,77.505,77.24,77.25,1314484,0
FTNT.US,5,20250815,153000,77.68,77.96,77.04,77.82,355544,0
FTNT.US,5,20250815,153500,77.805,78.1985,77.695,78.11,60641,0
FTNT.US,5,20250815,154000,78.12,78.31,78.04,78.245,33654,0
FTNT.US,5,20250815,154500,78.21,78.32,77.97,78.08,165418,0
FTNT.US,5,20250815,155000,78.0993,78.22,77.9,77.98,51281,0
FTNT.US,5,20250815,155500,77.98,78.1,77.74,77.775,37149,0
FTNT.US,5,20250815,160000,77.76,78.33,77.6,78.33,100639,0
FTNT.US,5,20250815,160500,78.3275,78.5918,78.32,78.5918,127920,0
FTNT.US,5,20250815,161000,78.575,78.6,78.27,78.36,63294,0
FTNT.US,5,20250815,161500,78.36,78.51,78.15,78.49,68028,0
FTNT.US,5,20250815,162000,78.49,78.65,78.15,78.2,155897,0
FTNT.US,5,20250815,162500,78.185,78.66,78.16,78.56,51171,0
FTNT.US,5,20250815,163000,78.565,78.58,78.4,78.53,34572,0
FTNT.US,5,20250815,163500,78.505,78.65,78.49,78.63,19400,0
FTNT.US,5,20250815,164000,78.69,78.78,78.53,78.5398,23239,0
FTNT.US,5,20250815,164500,78.56,78.65,78.47,78.65,19285,0
FTNT.US,5,20250815,165000,78.64,78.69,78.54,78.56,58324,0
FTNT.US,5,20250815,165500,78.51,78.635,78.395,78.58,34414,0
FTNT.US,5,20250815,170000,78.59,78.89,78.585,78.81,31091,0
FTNT.US,5,20250815,170500,78.82,79.03,78.7012,78.985,64072,0
FTNT.US,5,20250815,171000,78.98,79.12,78.82,78.89,240915,0
FTNT.US,5,20250815,171500,78.878,78.92,78.75,78.83,44874,0
FTNT.US,5,20250815,172000,78.83,78.88,78.78,78.88,24992,0
FTNT.US,5,20250815,172500,78.86,78.96,78.84,78.93,26997,0
FTNT.US,5,20250815,173000,78.93,79.04,78.65,78.65,46660,0
FTNT.US,5,20250815,173500,78.65,78.82,78.65,78.79,24093,0
FTNT.US,5,20250815,174000,78.78,78.825,78.53,78.54,20469,0
FTNT.US,5,20250815,174500,78.545,78.73,78.53,78.71,52297,0
FTNT.US,5,20250815,175000,78.72,78.98,78.705,78.92,20739,0
FTNT.US,5,20250815,175500,78.92,79.05,78.85,78.87,31701,0
FTNT.US,5,20250815,180000,78.84,78.86,78.69,78.77,31475,0
FTNT.US,5,20250815,180500,78.78,79.08,78.77,79.06,129242,0
FTNT.US,5,20250815,181000,79.05,79.28,79.025,79.28,62624,0
FTNT.US,5,20250815,181500,79.29,79.32,79.13,79.1741,29500,0
FTNT.US,5,20250815,182000,79.165,79.1799,79.06,79.155,42543,0
FTNT.US,5,20250815,182500,79.14,79.23,79.055,79.13,25678,0
FTNT.US,5,20250815,183000,79.0959,79.16,79.04,79.06,16745,0
FTNT.US,5,20250815,183500,79.06,79.1,78.97,79.04,20357,0
FTNT.US,5,20250815,184000,79.04,79.18,79.02,79.15,12515,0
FTNT.US,5,20250815,184500,79.15,79.23,79.07,79.23,24896,0
FTNT.US,5,20250815,185000,79.234,79.28,79.1843,79.225,29673,0
FTNT.US,5,20250815,185500,79.265,79.39,79.16,79.39,77666,0
FTNT.US,5,20250815,190000,79.41,79.48,79.21,79.25,181008,0
FTNT.US,5,20250815,190500,79.24,79.63,79.2,79.5129,56745,0
FTNT.US,5,20250815,191000,79.52,79.62,79.39,79.4688,33987,0
FTNT.US,5,20250815,191500,79.49,79.6209,79.46,79.575,38418,0
FTNT.US,5,20250815,192000,79.56,79.725,79.54,79.62,52886,0
FTNT.US,5,20250815,192500,79.61,79.7,79.56,79.665,69289,0
FTNT.US,5,20250815,193000,79.71,79.82,79.37,79.42,268268,0
FTNT.US,5,20250815,193500,79.405,79.43,79.18,79.36,68870,0
FTNT.US,5,20250815,194000,79.35,79.3699,79.14,79.17,64626,0
FTNT.US,5,20250815,194500,79.155,79.23,79.12,79.155,29316,0
FTNT.US,5,20250815,195000,79.155,79.17,78.99,79.04,42145,0
FTNT.US,5,20250815,195500,79.015,79.19,78.985,79.07,39401,0
FTNT.US,5,20250815,200000,79.065,79.34,79.06,79.19,43973,0
FTNT.US,5,20250815,200500,79.17,79.17,79.01,79.04,61664,0
FTNT.US,5,20250815,201000,79.0514,79.07,78.93,78.96,36393,0
FTNT.US,5,20250815,201500,78.9697,78.9697,78.88,78.9,36033,0
FTNT.US,5,20250815,202000,78.89,79.27,78.89,79.1,346939,0
FTNT.US,5,20250815,202500,79.11,79.17,79.07,79.165,11878,0
FTNT.US,5,20250815,203000,79.16,79.3,79.08,79.2,17727,0
FTNT.US,5,20250815,203500,79.2,79.3,79.14,79.23,25471,0
FTNT.US,5,20250815,204000,79.24,79.32,79.21,79.23,16064,0
FTNT.US,5,20250815,204500,79.2391,79.49,79.23,79.3101,42588,0
FTNT.US,5,20250815,205000,79.31,79.38,79.29,79.3609,12064,0
FTNT.US,5,20250815,205500,79.35,79.45,79.335,79.4,92996,0
FTNT.US,5,20250815,210000,79.39,79.39,79.19,79.21,30715,0
FTNT.US,5,20250815,210500,79.19,79.47,79.19,79.46,59261,0
FTNT.US,5,20250815,211000,79.47,79.64,79.29,79.38,392813,0
FTNT.US,5,20250815,211500,79.3795,79.39,79.23,79.3,37696,0
FTNT.US,5,20250815,212000,79.32,79.42,79.1,79.1,147953,0
FTNT.US,5,20250815,212500,79.1,79.13,79.01,79.05,38439,0
FTNT.US,5,20250815,213000,79.06,79.12,78.99,79.1,75278,0
FTNT.US,5,20250815,213500,79.11,79.42,79.07,79.34,379948,0
FTNT.US,5,20250815,214000,79.3,79.43,79.25,79.38,98280,0
FTNT.US,5,20250815,214500,79.38,79.42,79.04,79.09,269908,0
FTNT.US,5,20250815,215000,79.08,79.19,78.925,79.175,124604,0
FTNT.US,5,20250815,215500,79.16,79.21,79.09,79.11,1765172,0
FTNT.US,5,20250818,153000,79.57,80.32,79.01,79.205,349981,0
FTNT.US,5,20250818,153500,79.205,79.47,78.9439,79.425,160090,0
FTNT.US,5,20250818,154000,79.3875,79.61,79.13,79.305,327857,0
FTNT.US,5,20250818,154500,79.29,79.45,79.14,79.42,59533,0
FTNT.US,5,20250818,155000,79.45,79.67,79.17,79.18,52023,0
FTNT.US,5,20250818,155500,79.2,79.3499,79.02,79.335,78097,0
FTNT.US,5,20250818,160000,79.35,79.64,79.34,79.603,44016,0
FTNT.US,5,20250818,160500,79.605,80.09,79.605,80.015,50882,0
FTNT.US,5,20250818,161000,80,80.1079,79.89,79.975,42633,0
FTNT.US,5,20250818,161500,79.95,80.1,79.81,79.86,49525,0
FTNT.US,5,20250818,162000,79.86,80.17,79.78,80.1599,257982,0
FTNT.US,5,20250818,162500,80.15,80.18,79.565,79.565,47330,0
FTNT.US,5,20250818,163000,79.6,79.8964,79.555,79.76,102478,0
FTNT.US,5,20250818,163500,79.75,79.78,79.685,79.72,41921,0
FTNT.US,5,20250818,164000,79.7,79.92,79.7,79.77,53858,0
FTNT.US,5,20250818,164500,79.77,79.87,79.76,79.82,32155,0
FTNT.US,5,20250818,165000,79.83,80,79.81,79.9184,54387,0
FTNT.US,5,20250818,165500,79.92,79.9327,79.75,79.83,52785,0
FTNT.US,5,20250818,170000,79.83,79.92,79.66,79.68,62167,0
FTNT.US,5,20250818,170500,79.68,79.83,79.665,79.83,36500,0
FTNT.US,5,20250818,171000,79.8365,80.0999,79.8,80.0999,40831,0
FTNT.US,5,20250818,171500,80.07,80.11,80,80.085,145725,0
FTNT.US,5,20250818,172000,80.08,80.2,80.07,80.15,54567,0
FTNT.US,5,20250818,172500,80.15,80.15,79.92,79.97,36401,0
FTNT.US,5,20250818,173000,79.97,80.04,79.94,79.97,24180,0
FTNT.US,5,20250818,173500,79.98,80.02,79.872,79.88,23757,0
FTNT.US,5,20250818,174000,79.88,79.999,79.865,79.99,22113,0
FTNT.US,5,20250818,174500,80,80.04,79.97,80.02,21801,0
FTNT.US,5,20250818,175000,80.025,80.3,80,80.3,32968,0
FTNT.US,5,20250818,175500,80.305,80.43,80.22,80.36,54326,0
FTNT.US,5,20250818,180000,80.36,80.388,80.25,80.25,29909,0
FTNT.US,5,20250818,180500,80.26,80.35,80.245,80.335,33689,0
FTNT.US,5,20250818,181000,80.35,80.42,80.31,80.37,42091,0
FTNT.US,5,20250818,181500,80.36,80.48,80.33,80.44,41568,0
FTNT.US,5,20250818,182000,80.44,80.53,80.38,80.43,233362,0
FTNT.US,5,20250818,182500,80.43,80.47,80.32,80.4095,19428,0
FTNT.US,5,20250818,183000,80.39,80.448,80.335,80.4,33855,0
FTNT.US,5,20250818,183500,80.37,80.385,80.28,80.3,30580,0
FTNT.US,5,20250818,184000,80.3,80.3,80.23,80.25,31717,0
FTNT.US,5,20250818,184500,80.25,80.275,80.16,80.23,23553,0
FTNT.US,5,20250818,185000,80.22,80.22,80.06,80.09,32954,0
FTNT.US,5,20250818,185500,80.1,80.2,80.0801,80.19,24883,0
FTNT.US,5,20250818,190000,80.195,80.34,80.175,80.31,39488,0
FTNT.US,5,20250818,190500,80.31,80.5,80.29,80.48,38984,0
FTNT.US,5,20250818,191000,80.48,80.575,80.42,80.54,183612,0
FTNT.US,5,20250818,191500,80.53,80.57,80.337,80.43,18596,0
FTNT.US,5,20250818,192000,80.42,80.54,80.39,80.47,20030,0
FTNT.US,5,20250818,192500,80.46,80.61,80.42,80.45,34138,0
FTNT.US,5,20250818,193000,80.43,80.46,80.36,80.3818,16512,0
FTNT.US,5,20250818,193500,80.36,80.38,80.2,80.23,52736,0
FTNT.US,5,20250818,194000,80.215,80.29,80.09,80.16,36256,0
FTNT.US,5,20250818,194500,80.1498,80.27,80.1498,80.22,25344,0
FTNT.US,5,20250818,195000,80.2,80.44,80.17,80.44,43214,0
FTNT.US,5,20250818,195500,80.435,80.47,80.295,80.35,87772,0
FTNT.US,5,20250818,200000,80.38,80.51,80.2737,80.4838,38024,0
FTNT.US,5,20250818,200500,80.4,80.59,80.27,80.54,98619,0
FTNT.US,5,20250818,201000,80.5,80.6134,80.5,80.5799,19223,0
FTNT.US,5,20250818,201500,80.57,80.6,80.465,80.52,30756,0
FTNT.US,5,20250818,202000,80.51,80.75,80.47,80.68,89034,0
FTNT.US,5,20250818,202500,80.69,80.79,80.65,80.7,67996,0
FTNT.US,5,20250818,203000,80.71,80.9,80.71,80.835,201107,0
FTNT.US,5,20250818,203500,80.82,81.05,80.82,80.98,150785,0
FTNT.US,5,20250818,204000,80.9801,81.2,80.98,81.09,68659,0
FTNT.US,5,20250818,204500,81.09,81.1014,80.89,80.92,25235,0
FTNT.US,5,20250818,205000,80.915,80.92,80.73,80.775,78292,0
FTNT.US,5,20250818,205500,80.7864,80.92,80.72,80.72,64427,0
FTNT.US,5,20250818,210000,80.725,80.91,80.6612,80.9,216867,0
FTNT.US,5,20250818,210500,80.9,80.95,80.675,80.76,465600,0
FTNT.US,5,20250818,211000,80.768,80.82,80.69,80.76,78439,0
FTNT.US,5,20250818,211500,80.74,80.95,80.72,80.95,176522,0
FTNT.US,5,20250818,212000,80.95,81,80.75,80.77,71853,0
FTNT.US,5,20250818,212500,80.765,80.96,80.56,80.7013,394846,0
FTNT.US,5,20250818,213000,80.705,80.84,80.47,80.47,502336,0
FTNT.US,5,20250818,213500,80.47,80.645,80.36,80.54,71243,0
FTNT.US,5,20250818,214000,80.515,80.75,80.395,80.685,165324,0
FTNT.US,5,20250818,214500,80.72,80.85,80.53,80.75,718682,0
FTNT.US,5,20250818,215000,80.76,80.87,80.43,80.8,168745,0
FTNT.US,5,20250818,215500,80.79,81.01,80.68,80.76,2099532,0
FTNT.US,5,20250819,153000,81.28,81.28,80.03,80.345,573226,0
FTNT.US,5,20250819,153500,80.335,80.53,79.89,80.08,883940,0
FTNT.US,5,20250819,154000,80.02,80.37,79.98,80.12,114995,0
FTNT.US,5,20250819,154500,80.125,80.35,79.67,79.79,214914,0
FTNT.US,5,20250819,155000,79.78,80.2,79.56,80.115,189506,0
FTNT.US,5,20250819,155500,80.115,80.35,79.4282,79.4282,402451,0
FTNT.US,5,20250819,160000,79.44,79.66,79.1,79.625,149933,0
FTNT.US,5,20250819,160500,79.6,79.74,79.5107,79.58,73816,0
FTNT.US,5,20250819,161000,79.58,79.885,79.54,79.65,80532,0
FTNT.US,5,20250819,161500,79.64,79.645,79.12,79.47,119662,0
FTNT.US,5,20250819,162000,79.49,79.65,79.07,79.13,417225,0
FTNT.US,5,20250819,162500,79.13,79.535,79.05,79.24,87130,0
FTNT.US,5,20250819,163000,79.22,79.31,79.0849,79.1,78884,0
FTNT.US,5,20250819,163500,79.08,79.14,78.7601,78.93,88885,0
FTNT.US,5,20250819,164000,78.925,79.24,78.9,78.985,185917,0
FTNT.US,5,20250819,164500,79,79.36,78.9045,78.9516,552308,0
FTNT.US,5,20250819,165000,78.9453,79.07,78.8917,78.97,59344,0
FTNT.US,5,20250819,165500,78.965,78.99,78.6,78.6,57135,0
FTNT.US,5,20250819,170000,78.595,78.78,78.51,78.7225,97084,0
FTNT.US,5,20250819,170500,78.72,78.79,78.43,78.76,442522,0
FTNT.US,5,20250819,171000,78.7662,78.7662,78.34,78.5,64198,0
FTNT.US,5,20250819,171500,78.48,78.53,78.43,78.515,38176,0
FTNT.US,5,20250819,172000,78.525,78.6962,78.4978,78.54,52283,0
FTNT.US,5,20250819,172500,78.54,78.58,78.435,78.435,41835,0
FTNT.US,5,20250819,173000,78.445,78.54,78.275,78.32,42157,0
FTNT.US,5,20250819,173500,78.31,78.34,78.19,78.2251,44027,0
FTNT.US,5,20250819,174000,78.23,78.32,78.195,78.26,26063,0
FTNT.US,5,20250819,174500,78.28,78.35,78.24,78.27,27838,0
FTNT.US,5,20250819,175000,78.28,78.37,78.2,78.315,35678,0
FTNT.US,5,20250819,175500,78.315,78.33,78.11,78.2,43094,0
FTNT.US,5,20250819,180000,78.195,78.28,78.15,78.1992,45265,0
FTNT.US,5,20250819,180500,78.195,78.2,78.0301,78.12,37486,0
FTNT.US,5,20250819,181000,78.12,78.12,77.87,77.91,94637,0
FTNT.US,5,20250819,181500,77.9,77.9596,77.85,77.94,47227,0
FTNT.US,5,20250819,182000,77.93,78.01,77.85,77.855,42808,0
FTNT.US,5,20250819,182500,77.85,77.905,77.7,77.7,41532,0
FTNT.US,5,20250819,183000,77.71,77.77,77.615,77.62,51828,0
FTNT.US,5,20250819,183500,77.625,77.69,77.61,77.64,62586,0
FTNT.US,5,20250819,184000,77.635,77.695,77.53,77.6,46364,0
FTNT.US,5,20250819,184500,77.585,77.8399,77.55,77.67,116615,0
FTNT.US,5,20250819,185000,77.675,77.71,77.56,77.56,57754,0
FTNT.US,5,20250819,185500,77.565,77.63,77.5,77.53,51200,0
FTNT.US,5,20250819,190000,77.53,77.65,77.36,77.38,62172,0
FTNT.US,5,20250819,190500,77.39,77.52,77.35,77.49,111389,0
FTNT.US,5,20250819,191000,77.5,77.65,77.22,77.29,386728,0
FTNT.US,5,20250819,191500,77.275,77.47,77.1017,77.47,151516,0
FTNT.US,5,20250819,192000,77.493,77.51,77.38,77.42,72740,0
FTNT.US,5,20250819,192500,77.42,77.4599,77.32,77.385,74457,0
FTNT.US,5,20250819,193000,77.385,77.51,77.35,77.4585,77397,0
FTNT.US,5,20250819,193500,77.455,77.53,77.44,77.48,61357,0
FTNT.US,5,20250819,194000,77.48,77.64,77.46,77.485,103157,0
FTNT.US,5,20250819,194500,77.485,77.63,77.48,77.48,40170,0
FTNT.US,5,20250819,195000,77.4702,77.51,77.2812,77.385,55136,0
FTNT.US,5,20250819,195500,77.385,77.69,77.385,77.655,163251,0
FTNT.US,5,20250819,200000,77.67,77.84,77.22,77.34,390209,0
FTNT.US,5,20250819,200500,77.34,77.48,77.27,77.48,33412,0
FTNT.US,5,20250819,201000,77.48,77.705,77.385,77.43,390490,0
FTNT.US,5,20250819,201500,77.43,77.45,77.32,77.415,55697,0
FTNT.US,5,20250819,202000,77.42,77.43,77.27,77.305,26317,0
FTNT.US,5,20250819,202500,77.31,77.32,77.18,77.24,69753,0
FTNT.US,5,20250819,203000,77.23,77.32,77.195,77.29,88370,0
FTNT.US,5,20250819,203500,77.29,77.3,77.12,77.17,66771,0
FTNT.US,5,20250819,204000,77.165,77.48,77.11,77.36,438492,0
FTNT.US,5,20250819,204500,77.36,77.45,77.23,77.3,96588,0
FTNT.US,5,20250819,205000,77.3,77.41,77.3,77.4,45607,0
FTNT.US,5,20250819,205500,77.4,77.55,77.37,77.53,45699,0
FTNT.US,5,20250819,210000,77.53,77.55,77.315,77.36,46450,0
FTNT.US,5,20250819,210500,77.36,77.49,77.29,77.46,93201,0
FTNT.US,5,20250819,211000,77.46,77.565,77.435,77.5,50800,0
FTNT.US,5,20250819,211500,77.5,77.66,77.4737,77.649,70639,0
FTNT.US,5,20250819,212000,77.645,77.81,77.63,77.8,64481,0
FTNT.US,5,20250819,212500,77.81,77.95,77.8,77.88,119087,0
FTNT.US,5,20250819,213000,77.88,78.17,77.87,78.075,85435,0
FTNT.US,5,20250819,213500,78.075,78.16,77.94,78.025,205225,0
FTNT.US,5,20250819,214000,78.02,78.085,77.96,78.08,63511,0
FTNT.US,5,20250819,214500,78.08,78.09,77.82,77.82,54690,0
FTNT.US,5,20250819,215000,77.815,78.16,77.68,78.115,194330,0
FTNT.US,5,20250819,215500,78.13,78.15,78.02,78.09,1729333,0
FTNT.US,5,20250820,153000,78.09,78.52,77.3,78.335,251004,0
FTNT.US,5,20250820,153500,78.37,78.51,78.25,78.395,175461,0
FTNT.US,5,20250820,154000,78.3887,78.8,78.385,78.605,280252,0
FTNT.US,5,20250820,154500,78.64,78.71,78.315,78.39,247588,0
FTNT.US,5,20250820,155000,78.35,78.48,78,78,444047,0
FTNT.US,5,20250820,155500,77.99,78.255,77.86,78.18,55039,0
FTNT.US,5,20250820,160000,78.18,78.465,78.09,78.09,95537,0
FTNT.US,5,20250820,160500,78.11,78.29,78.065,78.1799,70931,0
FTNT.US,5,20250820,161000,78.18,78.33,77.94,78.13,91702,0
FTNT.US,5,20250820,161500,78.09,78.135,77.80445,77.95,49192,0
FTNT.US,5,20250820,162000,77.99,78.38,77.9,78.31,84745,0
FTNT.US,5,20250820,162500,78.31,78.33,78.04,78.085,88362,0
FTNT.US,5,20250820,163000,78.1,78.25,78,78.205,95511,0
FTNT.US,5,20250820,163500,78.205,78.38,78.16,78.2,84764,0
FTNT.US,5,20250820,164000,78.204,78.47,78.16,78.3655,145799,0
FTNT.US,5,20250820,164500,78.355,78.54,78.28,78.44,234790,0
FTNT.US,5,20250820,165000,78.44,78.485,78.25,78.33,48552,0
FTNT.US,5,20250820,165500,78.33,78.405,78.15,78.375,37706,0
FTNT.US,5,20250820,170000,78.36,78.65,78.34,78.615,44993,0
FTNT.US,5,20250820,170500,78.62,78.76,78.62,78.725,55509,0
FTNT.US,5,20250820,171000,78.7,78.81,78.64,78.75,71226,0
FTNT.US,5,20250820,171500,78.76,79.145,78.75,79.12,79870,0
FTNT.US,5,20250820,172000,79.12,79.465,79.11,79.465,111936,0
FTNT.US,5,20250820,172500,79.47,79.58,79.4101,79.55,95813,0
FTNT.US,5,20250820,173000,79.55,79.72,79.43,79.705,114846,0
FTNT.US,5,20250820,173500,79.695,79.81,79.5051,79.5051,63007,0
FTNT.US,5,20250820,174000,79.5,79.5,79.23,79.23,49857,0
FTNT.US,5,20250820,174500,79.23,79.52,79.23,79.43,88053,0
FTNT.US,5,20250820,175000,79.43,79.47,79.25,79.255,42477,0
FTNT.US,5,20250820,175500,79.255,79.302,79.08,79.22,74178,0
FTNT.US,5,20250820,180000,79.2211,79.55,79.15,79.4799,338450,0
FTNT.US,5,20250820,180500,79.49,79.5,79.319,79.4902,34448,0
FTNT.US,5,20250820,181000,79.49,79.58,79.4,79.475,33434,0
FTNT.US,5,20250820,181500,79.46,79.56,79.46,79.4899,16510,0
FTNT.US,5,20250820,182000,79.485,79.5977,79.3865,79.51,21904,0
FTNT.US,5,20250820,182500,79.51,79.75,79.51,79.73,25963,0
FTNT.US,5,20250820,183000,79.73,79.75,79.6897,79.71,23619,0
FTNT.US,5,20250820,183500,79.7,79.75,79.58,79.71744,37986,0
FTNT.US,5,20250820,184000,79.69,79.75,79.63,79.705,20674,0
FTNT.US,5,20250820,184500,79.7,79.83,79.7,79.78,50163,0
FTNT.US,5,20250820,185000,79.8,80.09,79.79,79.94,96465,0
FTNT.US,5,20250820,185500,79.94,79.94,79.57,79.61,43287,0
FTNT.US,5,20250820,190000,79.6,79.93,79.565,79.93,91302,0
FTNT.US,5,20250820,190500,79.92,80.06,79.7364,79.97,34299,0
FTNT.US,5,20250820,191000,79.9201,80,79.755,79.755,47562,0
FTNT.US,5,20250820,191500,79.725,79.94,79.72,79.935,33313,0
FTNT.US,5,20250820,192000,79.935,80.2,79.84,79.935,413158,0
FTNT.US,5,20250820,192500,79.915,79.99,79.8101,79.99,29927,0
FTNT.US,5,20250820,193000,79.97,80,79.85,79.865,59121,0
FTNT.US,5,20250820,193500,79.85,79.932,79.84,79.88,34168,0
FTNT.US,5,20250820,194000,79.8916,79.8916,79.62,79.62,16044,0
FTNT.US,5,20250820,194500,79.63,79.79,79.615,79.71,42925,0
FTNT.US,5,20250820,195000,79.69,79.7,79.55,79.56,42308,0
FTNT.US,5,20250820,195500,79.5412,79.64,79.42,79.6,41399,0
FTNT.US,5,20250820,200000,79.62,79.63,79.41,79.465,36634,0
FTNT.US,5,20250820,200500,79.47,79.49,79.31,79.405,44468,0
FTNT.US,5,20250820,201000,79.405,79.46,79.3202,79.4,22611,0
FTNT.US,5,20250820,201500,79.37,79.61,79.36,79.57,98124,0
FTNT.US,5,20250820,202000,79.57,79.76,79.33,79.44,286733,0
FTNT.US,5,20250820,202500,79.48,79.495,79.22,79.265,37494,0
FTNT.US,5,20250820,203000,79.2501,79.39,79.24,79.24,32807,0
FTNT.US,5,20250820,203500,79.23,79.392,79.17,79.35,28319,0
FTNT.US,5,20250820,204000,79.39,79.63,79.35,79.495,42055,0
FTNT.US,5,20250820,204500,79.51,79.57,79.48,79.5462,17335,0
FTNT.US,5,20250820,205000,79.55,79.82,79.49,79.74,138149,0
FTNT.US,5,20250820,205500,79.74,79.88,79.5975,79.7,274692,0
FTNT.US,5,20250820,210000,79.68,79.85,79.65,79.76,26952,0
FTNT.US,5,20250820,210500,79.74,79.77,79.7,79.76,19364,0
FTNT.US,5,20250820,211000,79.765,79.92,79.765,79.81,55216,0
FTNT.US,5,20250820,211500,79.8,79.941,79.78,79.9,38210,0
FTNT.US,5,20250820,212000,79.9,80.0734,79.825,80.0734,57463,0
FTNT.US,5,20250820,212500,80.05,80.13,79.9,80.025,218958,0
FTNT.US,5,20250820,213000,80.02,80.3,80.01,80.0998,339191,0
FTNT.US,5,20250820,213500,80.1,80.2,79.79,79.79,132979,0
FTNT.US,5,20250820,214000,79.8,80.01,79.67,79.76,824443,0
FTNT.US,5,20250820,214500,79.76,79.9,79.495,79.59,110071,0
FTNT.US,5,20250820,215000,79.6,79.65,79.49,79.63,104089,0
FTNT.US,5,20250820,215500,79.62,79.74,79.49,79.61,1041177,0
FTNT.US,5,20250821,153000,78.91,79.11,77.8,78.55,350803,0
FTNT.US,5,20250821,153500,78.47,79.04,78.35,78.64,193896,0
FTNT.US,5,20250821,154000,78.64,79.01,78.29,78.3469,331926,0
FTNT.US,5,20250821,154500,78.29,78.31,77.725,77.91,152127,0
FTNT.US,5,20250821,155000,77.93,77.99,77.38,77.405,467440,0
FTNT.US,5,20250821,155500,77.37,77.505,77.15,77.28,161169,0
FTNT.US,5,20250821,160000,77.28,77.49,77.1,77.18,146884,0
FTNT.US,5,20250821,160500,77.19,77.5,77.19,77.5,137345,0
FTNT.US,5,20250821,161000,77.52,77.97,77.47,77.635,320750,0
FTNT.US,5,20250821,161500,77.635,77.67,77.33,77.54,74610,0
FTNT.US,5,20250821,162000,77.55,77.785,77.49,77.785,78377,0
FTNT.US,5,20250821,162500,77.785,77.87,77.45,77.5,66605,0
FTNT.US,5,20250821,163000,77.5,77.57,77.25,77.39,116018,0
FTNT.US,5,20250821,163500,77.39,77.42,77.26,77.3,69818,0
FTNT.US,5,20250821,164000,77.29,77.3,76.96,77.09,134286,0
FTNT.US,5,20250821,164500,77.095,77.17,76.97,77.015,83653,0
FTNT.US,5,20250821,165000,77.015,77.44,77.015,77.42,111459,0
FTNT.US,5,20250821,165500,77.43,77.44,77.185,77.2,45419,0
FTNT.US,5,20250821,170000,77.19,77.245,77,77.18,95974,0
FTNT.US,5,20250821,170500,77.16,77.225,77.03,77.13,118264,0
FTNT.US,5,20250821,171000,77.125,77.14,76.86,76.98,253449,0
FTNT.US,5,20250821,171500,76.96,77.05,76.9025,77.045,47693,0
FTNT.US,5,20250821,172000,77.04,77.2499,76.92,77.19,78027,0
FTNT.US,5,20250821,172500,77.21,77.26,77.06,77.25,54382,0
FTNT.US,5,20250821,173000,77.24,77.47,77.15,77.46,198176,0
FTNT.US,5,20250821,173500,77.45,77.46,77.23,77.23,43280,0
FTNT.US,5,20250821,174000,77.2,77.385,77.16,77.35,49660,0
FTNT.US,5,20250821,174500,77.34,77.34,77.17,77.3,43122,0
FTNT.US,5,20250821,175000,77.29,77.31,77.07,77.1,28902,0
FTNT.US,5,20250821,175500,77.1,77.2,77.0604,77.15,37753,0
FTNT.US,5,20250821,180000,77.15,77.17,77.08,77.105,47997,0
FTNT.US,5,20250821,180500,77.1,77.31,77.02,77.24,44040,0
FTNT.US,5,20250821,181000,77.24,77.39,77.24,77.32,38486,0
FTNT.US,5,20250821,181500,77.325,77.33,77.22,77.26,25396,0
FTNT.US,5,20250821,182000,77.25,77.29,77.18,77.285,21839,0
FTNT.US,5,20250821,182500,77.265,77.29,77.11,77.165,44948,0
FTNT.US,5,20250821,183000,77.165,77.225,77.12,77.14,32729,0
FTNT.US,5,20250821,183500,77.14,77.19,77.07,77.18,37474,0
FTNT.US,5,20250821,184000,77.1709,77.23,77.08,77.18,27390,0
FTNT.US,5,20250821,184500,77.19,77.24,77.145,77.24,25287,0
FTNT.US,5,20250821,185000,77.23,77.44,77.23,77.365,29624,0
FTNT.US,5,20250821,185500,77.38,77.39,77.11,77.145,47243,0
FTNT.US,5,20250821,190000,77.145,77.33,77.14,77.33,34831,0
FTNT.US,5,20250821,190500,77.32,77.41,77.31,77.4,23307,0
FTNT.US,5,20250821,191000,77.4,77.4,77.325,77.36,28552,0
FTNT.US,5,20250821,191500,77.35,77.35,77.1784,77.1784,32553,0
FTNT.US,5,20250821,192000,77.19,77.33,77.1809,77.26,42429,0
FTNT.US,5,20250821,192500,77.25,77.35,77.215,77.28,195901,0
FTNT.US,5,20250821,193000,77.29,77.4,77.23,77.3909,28019,0
FTNT.US,5,20250821,193500,77.39,77.615,77.38,77.52,73166,0
FTNT.US,5,20250821,194000,77.51,77.615,77.48,77.58,79723,0
FTNT.US,5,20250821,194500,77.58,77.71,77.57,77.645,30129,0
FTNT.US,5,20250821,195000,77.645,77.66,77.545,77.5756,22249,0
FTNT.US,5,20250821,195500,77.585,77.71,77.585,77.685,31585,0
FTNT.US,5,20250821,200000,77.685,77.71,77.57,77.6114,28151,0
FTNT.US,5,20250821,200500,77.605,77.74,77.605,77.7228,67795,0
FTNT.US,5,20250821,201000,77.7435,77.83,77.72,77.7976,32034,0
FTNT.US,5,20250821,201500,77.79,77.8,77.68,77.7272,30381,0
FTNT.US,5,20250821,202000,77.73,77.775,77.67,77.77,26069,0
FTNT.US,5,20250821,202500,77.765,77.83,77.73,77.77,31595,0
FTNT.US,5,20250821,203000,77.77,77.8,77.715,77.76,24475,0
FTNT.US,5,20250821,203500,77.75,77.89,77.75,77.875,33755,0
FTNT.US,5,20250821,204000,77.875,77.875,77.77,77.78,32524,0
FTNT.US,5,20250821,204500,77.76,77.81,77.7,77.7837,29287,0
FTNT.US,5,20250821,205000,77.7842,77.84,77.73,77.82,39272,0
FTNT.US,5,20250821,205500,77.82,77.92,77.79,77.85,47019,0
FTNT.US,5,20250821,210000,77.85,77.88,77.73,77.74,30993,0
FTNT.US,5,20250821,210500,77.735,77.94,77.735,77.92,49793,0
FTNT.US,5,20250821,211000,77.93,77.97,77.84,77.86,43393,0
FTNT.US,5,20250821,211500,77.85,77.85,77.775,77.83,32103,0
FTNT.US,5,20250821,212000,77.835,77.875,77.71,77.825,72655,0
FTNT.US,5,20250821,212500,77.82,77.9,77.8012,77.82,40601,0
FTNT.US,5,20250821,213000,77.82,77.915,77.81,77.915,50168,0
FTNT.US,5,20250821,213500,77.915,77.97,77.865,77.89,76256,0
FTNT.US,5,20250821,214000,77.885,77.89,77.72,77.74,66558,0
FTNT.US,5,20250821,214500,77.73,77.755,77.58,77.58,85093,0
FTNT.US,5,20250821,215000,77.58,77.79,77.58,77.765,145265,0
FTNT.US,5,20250821,215500,77.76,77.88,77.72,77.75,1014097,0
FTNT.US,5,20250822,153000,78.31,78.9,78.21,78.84,121593,0
FTNT.US,5,20250822,153500,78.845,79.125,78.82,79.125,68502,0
FTNT.US,5,20250822,154000,79.13,79.35,78.9732,79.3184,42796,0
FTNT.US,5,20250822,154500,79.39,79.81,79.3014,79.78,88292,0
FTNT.US,5,20250822,155000,79.74,79.76,79.44,79.53,102106,0
FTNT.US,5,20250822,155500,79.53,79.54,79.26,79.4,65373,0
FTNT.US,5,20250822,160000,79.43,80.29,79.42,80.09,136565,0
FTNT.US,5,20250822,160500,80.06,80.405,80.0501,80.34,76180,0
FTNT.US,5,20250822,161000,80.33,80.34,80.13,80.32,62677,0
FTNT.US,5,20250822,161500,80.3129,80.4858,80.23,80.245,72955,0
FTNT.US,5,20250822,162000,80.24,80.28,79.795,80.0456,86373,0
FTNT.US,5,20250822,162500,80.03,80.26,80.03,80.22,44714,0
FTNT.US,5,20250822,163000,80.22,80.47,80.1806,80.45,39612,0
FTNT.US,5,20250822,163500,80.45,80.5,80.33,80.38,91568,0
FTNT.US,5,20250822,164000,80.36,80.52,80.35,80.52,54407,0
FTNT.US,5,20250822,164500,80.47,80.5699,80.4,80.415,30413,0
FTNT.US,5,20250822,165000,80.415,80.44,80.16,80.2837,44559,0
FTNT.US,5,20250822,165500,80.23,80.33,80.11,80.11,35000,0
FTNT.US,5,20250822,170000,80.13,80.52,80.1,80.5,39874,0
FTNT.US,5,20250822,170500,80.51,80.62,80.3652,80.395,52016,0
FTNT.US,5,20250822,171000,80.3916,80.46,80.28,80.4,56150,0
FTNT.US,5,20250822,171500,80.39,80.48,80.31,80.31,45278,0
FTNT.US,5,20250822,172000,80.31,80.49,80.225,80.39,38207,0
FTNT.US,5,20250822,172500,80.38,80.43,80.31,80.37,45571,0
FTNT.US,5,20250822,173000,80.3703,80.44,80.28,80.33,30394,0
FTNT.US,5,20250822,173500,80.34,80.355,80.0864,80.12,31238,0
FTNT.US,5,20250822,174000,80.1,80.28,80.09,80.265,32445,0
FTNT.US,5,20250822,174500,80.25,80.25,80.03,80.03,19694,0
FTNT.US,5,20250822,175000,80.06,80.16,80.01,80.04,25381,0
FTNT.US,5,20250822,175500,80.05,80.17,80,80.015,22981,0
FTNT.US,5,20250822,180000,80.015,80.17,80,80.12,33835,0
FTNT.US,5,20250822,180500,80.136,80.2,80.07,80.17,19147,0
FTNT.US,5,20250822,181000,80.17,80.19,80.12,80.19,12578,0
FTNT.US,5,20250822,181500,80.19,80.1958,80.03,80.07,18223,0
FTNT.US,5,20250822,182000,80.095,80.12,80.01,80.0103,17542,0
FTNT.US,5,20250822,182500,80.01,80.025,79.88,79.92,25168,0
FTNT.US,5,20250822,183000,79.92,79.97,79.84,79.905,16986,0
FTNT.US,5,20250822,183500,79.9095,79.93,79.87,79.88,20244,0
FTNT.US,5,20250822,184000,79.8833,79.92,79.84,79.86,18310,0
FTNT.US,5,20250822,184500,79.86,79.89,79.77,79.795,20489,0
FTNT.US,5,20250822,185000,79.79,79.82,79.7,79.73,18526,0
FTNT.US,5,20250822,185500,79.73,79.735,79.59,79.645,22824,0
FTNT.US,5,20250822,190000,79.65,79.81,79.64,79.77,22441,0
FTNT.US,5,20250822,190500,79.76,79.82,79.63,79.68,34455,0
FTNT.US,5,20250822,191000,79.67,79.74,79.6,79.71,22917,0
FTNT.US,5,20250822,191500,79.71,79.79,79.65,79.69,23081,0
FTNT.US,5,20250822,192000,79.68,79.76,79.65,79.76,19456,0
FTNT.US,5,20250822,192500,79.75,79.85,79.71,79.845,17003,0
FTNT.US,5,20250822,193000,79.85,79.92,79.83,79.855,27008,0
FTNT.US,5,20250822,193500,79.86,80.06,79.86,80.0403,29312,0
FTNT.US,5,20250822,194000,80.04,80.09,79.9726,79.985,24866,0
FTNT.US,5,20250822,194500,79.99,80.03,79.91,79.95,39064,0
FTNT.US,5,20250822,195000,79.91,79.91,79.87,79.875,21498,0
FTNT.US,5,20250822,195500,79.88,79.8899,79.73,79.8,37225,0
FTNT.US,5,20250822,200000,79.8,79.84,79.72,79.84,49811,0
FTNT.US,5,20250822,200500,79.84,79.845,79.71,79.72,25700,0
FTNT.US,5,20250822,201000,79.72,79.75,79.62,79.62,18356,0
FTNT.US,5,20250822,201500,79.61,79.64,79.56,79.56,17226,0
FTNT.US,5,20250822,202000,79.56,79.595,79.5,79.53,17569,0
FTNT.US,5,20250822,202500,79.52,79.59,79.49,79.5665,28199,0
FTNT.US,5,20250822,203000,79.57,79.65,79.57,79.575,23377,0
FTNT.US,5,20250822,203500,79.56,79.6808,79.52,79.68,28313,0
FTNT.US,5,20250822,204000,79.6757,79.72,79.65,79.71,23347,0
FTNT.US,5,20250822,204500,79.71,79.8,79.71,79.745,28153,0
FTNT.US,5,20250822,205000,79.745,79.76,79.705,79.72,19797,0
FTNT.US,5,20250822,205500,79.72,79.73,79.61,79.69,48573,0
FTNT.US,5,20250822,210000,79.69,79.8346,79.67,79.78,53055,0
FTNT.US,5,20250822,210500,79.78,79.82,79.725,79.815,26453,0
FTNT.US,5,20250822,211000,79.815,79.92,79.815,79.9,26410,0
FTNT.US,5,20250822,211500,79.9,79.91,79.84,79.9,23080,0
FTNT.US,5,20250822,212000,79.89,80,79.84,79.98,77553,0
FTNT.US,5,20250822,212500,79.98,80.07,79.98,80.05,35586,0
FTNT.US,5,20250822,213000,80.06,80.09,79.995,80.02,39155,0
FTNT.US,5,20250822,213500,80.02,80.04,79.88,79.9,37702,0
FTNT.US,5,20250822,214000,79.9,79.945,79.855,79.94,41749,0
FTNT.US,5,20250822,214500,79.94,80.07,79.91,80.0198,40749,0
FTNT.US,5,20250822,215000,80.02,80.07,79.965,80.02,110287,0
FTNT.US,5,20250822,215500,80.03,80.06,79.925,80.02,868186,0
FTNT.US,5,20250825,153000,79.9,79.99,79.02,79.071,188733,0
FTNT.US,5,20250825,153500,79.1,79.15,78.75,78.78,85291,0
FTNT.US,5,20250825,154000,78.775,78.79,78.44,78.56,72827,0
FTNT.US,5,20250825,154500,78.565,78.655,78.44,78.55,74334,0
FTNT.US,5,20250825,155000,78.55,78.59,78.27,78.505,90115,0
FTNT.US,5,20250825,155500,78.54,78.635,78.4,78.495,76018,0
FTNT.US,5,20250825,160000,78.51,78.67,78.44,78.5,89273,0
FTNT.US,5,20250825,160500,78.48,78.58,78.45,78.51,47961,0
FTNT.US,5,20250825,161000,78.5,78.54,78.44,78.51,30379,0
FTNT.US,5,20250825,161500,78.53,78.735,78.53,78.648,43695,0
FTNT.US,5,20250825,162000,78.64,78.7,78.45,78.7,50114,0
FTNT.US,5,20250825,162500,78.7,78.84,78.605,78.67,62640,0
FTNT.US,5,20250825,163000,78.635,78.705,78.53,78.635,58650,0
FTNT.US,5,20250825,163500,78.635,78.655,78.52,78.53,44999,0
FTNT.US,5,20250825,164000,78.53,78.54,77.91,77.925,120233,0
FTNT.US,5,20250825,164500,77.94,78.22,77.61,78.21,218626,0
FTNT.US,5,20250825,165000,78.215,78.315,78.09,78.13,86948,0
FTNT.US,5,20250825,165500,78.12,78.49,78.06,78.27,107766,0
FTNT.US,5,20250825,170000,78.27,78.275,77.96,78.12,49947,0
FTNT.US,5,20250825,170500,78.13,78.27,78.02,78.245,57480,0
FTNT.US,5,20250825,171000,78.24,78.24,77.945,77.945,74937,0
FTNT.US,5,20250825,171500,77.95,78.01,77.87,77.96,48229,0
FTNT.US,5,20250825,172000,77.97,78.05,77.86,77.93,90128,0
FTNT.US,5,20250825,172500,77.93,78.115,77.93,78.07,76697,0
FTNT.US,5,20250825,173000,78.08,78.22,77.93,77.99,66311,0
FTNT.US,5,20250825,173500,78,78.24,78,78.23,50463,0
FTNT.US,5,20250825,174000,78.23,78.25,78.06,78.14,47159,0
FTNT.US,5,20250825,174500,78.15,78.16,78.02,78.045,36699,0
FTNT.US,5,20250825,175000,78.045,78.113,77.98,77.99,38375,0
FTNT.US,5,20250825,175500,77.98,77.98,77.83,77.91,122154,0
FTNT.US,5,20250825,180000,77.9,78.15,77.9,78.07,103862,0
FTNT.US,5,20250825,180500,78.08,78.095,78.03,78.035,45258,0
FTNT.US,5,20250825,181000,78.035,78.1,78,78.085,42603,0
FTNT.US,5,20250825,181500,78.085,78.15,78.07,78.07,30932,0
FTNT.US,5,20250825,182000,78.075,78.15,78.03,78.09,35725,0
FTNT.US,5,20250825,182500,78.11,78.165,78.03,78.08,17174,0
FTNT.US,5,20250825,183000,78.08,78.13,78.05,78.12,28872,0
FTNT.US,5,20250825,183500,78.11,78.12,78.035,78.07,20357,0
FTNT.US,5,20250825,184000,78.07,78.11,77.97,78.02,47148,0
FTNT.US,5,20250825,184500,78.02,78.21,78,78.19,34218,0
FTNT.US,5,20250825,185000,78.17,78.28,78.07,78.08,23444,0
FTNT.US,5,20250825,185500,78.08,78.08,78.02,78.036,29133,0
FTNT.US,5,20250825,190000,78.03,78.1119,77.91,77.93,33067,0
FTNT.US,5,20250825,190500,77.95,78.04,77.91,77.97,36434,0
FTNT.US,5,20250825,191000,77.95,77.98,77.895,77.94,41738,0
FTNT.US,5,20250825,191500,77.93,77.95,77.84,77.935,32998,0
FTNT.US,5,20250825,192000,77.94,78.01,77.94,77.985,27380,0
FTNT.US,5,20250825,192500,77.985,77.99,77.93,77.97,32016,0
FTNT.US,5,20250825,193000,77.97,77.99,77.85,77.86,33166,0
FTNT.US,5,20250825,193500,77.86,77.8899,77.81,77.865,44514,0
FTNT.US,5,20250825,194000,77.86,77.91,77.77,77.9,34458,0
FTNT.US,5,20250825,194500,77.9,77.925,77.86,77.92,21281,0
FTNT.US,5,20250825,195000,77.92,77.93,77.86,77.93,30499,0
FTNT.US,5,20250825,195500,77.92,77.95,77.88,77.89,27211,0
FTNT.US,5,20250825,200000,77.89,77.95,77.85,77.95,32386,0
FTNT.US,5,20250825,200500,77.94,77.97,77.915,77.945,25080,0
FTNT.US,5,20250825,201000,77.945,77.975,77.92,77.935,33519,0
FTNT.US,5,20250825,201500,77.94,77.94,77.77,77.79,26858,0
FTNT.US,5,20250825,202000,77.79,77.84,77.73,77.8,45677,0
FTNT.US,5,20250825,202500,77.8,77.85,77.78,77.84,22613,0
FTNT.US,5,20250825,203000,77.835,77.835,77.76,77.82,21561,0
FTNT.US,5,20250825,203500,77.81,77.8599,77.8,77.84,17218,0
FTNT.US,5,20250825,204000,77.84,77.87,77.83,77.83,20891,0
FTNT.US,5,20250825,204500,77.83,77.95,77.814,77.94,23173,0
FTNT.US,5,20250825,205000,77.935,77.96,77.91,77.94,25846,0
FTNT.US,5,20250825,205500,77.95,78.0542,77.95,78.02,54212,0
FTNT.US,5,20250825,210000,78.02,78.055,77.92,77.94,50581,0
FTNT.US,5,20250825,210500,77.95,77.995,77.92,77.97,47944,0
FTNT.US,5,20250825,211000,77.975,78,77.901,77.901,29273,0
FTNT.US,5,20250825,211500,77.91,77.929,77.84,77.91,54039,0
FTNT.US,5,20250825,212000,77.92,77.94,77.83,77.83,42586,0
FTNT.US,5,20250825,212500,77.835,77.9117,77.795,77.9,76029,0
FTNT.US,5,20250825,213000,77.89,77.89,77.79,77.84,57191,0
FTNT.US,5,20250825,213500,77.845,77.865,77.76,77.77,59891,0
FTNT.US,5,20250825,214000,77.77,77.78,77.7,77.735,80697,0
FTNT.US,5,20250825,214500,77.735,77.81,77.7084,77.7107,98805,0
FTNT.US,5,20250825,215000,77.72,77.87,77.72,77.81,181489,0
FTNT.US,5,20250825,215500,77.81,77.82,77.61,77.64,1044353,0
FTNT.US,5,20250826,153000,77.95,78.02,77.51,77.81,171080,0
FTNT.US,5,20250826,153500,77.81,78.13,77.78,78.11,76049,0
FTNT.US,5,20250826,154000,78.11,78.2399,78.033,78.105,77207,0
FTNT.US,5,20250826,154500,78.105,78.11,77.7101,77.79,64577,0
FTNT.US,5,20250826,155000,77.79,78.1,77.79,78.085,57703,0
FTNT.US,5,20250826,155500,78.1,78.33,78.1,78.21,41136,0
FTNT.US,5,20250826,160000,78.19,78.2175,78.02,78.0622,53426,0
FTNT.US,5,20250826,160500,78.07,78.075,77.96,77.96,45619,0
FTNT.US,5,20250826,161000,77.97,78.05,77.83,78.02,34300,0
FTNT.US,5,20250826,161500,78.005,78.12,77.935,78,90672,0
FTNT.US,5,20250826,162000,77.995,78.04,77.9,78.005,18123,0
FTNT.US,5,20250826,162500,78,78.0207,77.93,78.01,17004,0
FTNT.US,5,20250826,163000,78.005,78.04,77.8,77.8,35763,0
FTNT.US,5,20250826,163500,77.79,77.86,77.72,77.725,68625,0
FTNT.US,5,20250826,164000,77.7,77.72,77.5801,77.68,46728,0
FTNT.US,5,20250826,164500,77.69,77.7,77.6,77.6767,27742,0
FTNT.US,5,20250826,165000,77.66,77.703,77.61,77.68,18794,0
FTNT.US,5,20250826,165500,77.72,77.72,77.58,77.58,13610,0
FTNT.US,5,20250826,170000,77.5715,77.6,77.4123,77.4927,37536,0
FTNT.US,5,20250826,170500,77.48,77.55,77.36,77.38,34755,0
FTNT.US,5,20250826,171000,77.39,77.43,77.3184,77.38,36753,0
FTNT.US,5,20250826,171500,77.39,77.43,77.32,77.41,22243,0
FTNT.US,5,20250826,172000,77.415,77.59,77.4,77.59,18455,0
FTNT.US,5,20250826,172500,77.585,77.64,77.5,77.57,32995,0
FTNT.US,5,20250826,173000,77.56,77.57,77.21,77.235,22910,0
FTNT.US,5,20250826,173500,77.25,77.38,77.245,77.36,20379,0
FTNT.US,5,20250826,174000,77.355,77.38,77.31,77.32,13388,0
FTNT.US,5,20250826,174500,77.33,77.34,77.29,77.295,20073,0
FTNT.US,5,20250826,175000,77.295,77.345,77.25,77.3324,16645,0
FTNT.US,5,20250826,175500,77.35,77.4665,77.341,77.4665,16128,0
FTNT.US,5,20250826,180000,77.46,77.55,77.43,77.5,32400,0
FTNT.US,5,20250826,180500,77.5,77.535,77.485,77.51,15820,0
FTNT.US,5,20250826,181000,77.52,77.56,77.43,77.515,26973,0
FTNT.US,5,20250826,181500,77.52,77.6244,77.46,77.49,28348,0
FTNT.US,5,20250826,182000,77.49,77.52,77.25,77.25,61328,0
FTNT.US,5,20250826,182500,77.25,77.43,77.25,77.425,42542,0
FTNT.US,5,20250826,183000,77.425,77.46,77.37,77.37,13358,0
FTNT.US,5,20250826,183500,77.36,77.42,77.35,77.385,18153,0
FTNT.US,5,20250826,184000,77.385,77.41,77.36,77.37,25515,0
FTNT.US,5,20250826,184500,77.378,77.4886,77.35,77.475,24686,0
FTNT.US,5,20250826,185000,77.49,77.49,77.44,77.475,11979,0
FTNT.US,5,20250826,185500,77.49,77.54,77.43,77.535,22350,0
FTNT.US,5,20250826,190000,77.535,77.58,77.46,77.48,15441,0
FTNT.US,5,20250826,190500,77.48,77.51,77.37,77.51,45000,0
FTNT.US,5,20250826,191000,77.515,77.515,77.41,77.45,16500,0
FTNT.US,5,20250826,191500,77.45,77.5,77.39,77.48,22784,0
FTNT.US,5,20250826,192000,77.49,77.52,77.435,77.47,11461,0
FTNT.US,5,20250826,192500,77.46,77.46,77.37,77.4209,15179,0
FTNT.US,5,20250826,193000,77.43,77.43,77.35,77.375,14244,0
FTNT.US,5,20250826,193500,77.37,77.43,77.34,77.36,19116,0
FTNT.US,5,20250826,194000,77.37,77.38,77.32,77.365,13936,0
FTNT.US,5,20250826,194500,77.35,77.38,77.3,77.35,9947,0
FTNT.US,5,20250826,195000,77.39,77.405,77.3,77.305,10748,0
FTNT.US,5,20250826,195500,77.295,77.4,77.28,77.38,17885,0
FTNT.US,5,20250826,200000,77.37,77.53,77.37,77.53,72871,0
FTNT.US,5,20250826,200500,77.515,77.6,77.49,77.6,14357,0
FTNT.US,5,20250826,201000,77.6,77.64,77.5558,77.61,18781,0
FTNT.US,5,20250826,201500,77.6108,77.63,77.54,77.58,12451,0
FTNT.US,5,20250826,202000,77.565,77.605,77.5177,77.6,18126,0
FTNT.US,5,20250826,202500,77.6,77.7,77.58,77.69,13680,0
FTNT.US,5,20250826,203000,77.69,77.72,77.6801,77.72,13399,0
FTNT.US,5,20250826,203500,77.72,77.77,77.695,77.75,27373,0
FTNT.US,5,20250826,204000,77.745,77.81,77.68,77.6818,32927,0
FTNT.US,5,20250826,204500,77.6797,77.77,77.67,77.75,15100,0
FTNT.US,5,20250826,205000,77.755,77.76,77.69,77.76,17483,0
FTNT.US,5,20250826,205500,77.75,77.82,77.75,77.77,22100,0
FTNT.US,5,20250826,210000,77.76,77.78,77.73,77.765,19755,0
FTNT.US,5,20250826,210500,77.76,77.79,77.75,77.76,31164,0
FTNT.US,5,20250826,211000,77.76,77.77,77.65,77.69,21342,0
FTNT.US,5,20250826,211500,77.69,77.7,77.65,77.67,26138,0
FTNT.US,5,20250826,212000,77.67,77.8,77.66,77.77,27994,0
FTNT.US,5,20250826,212500,77.77,77.77,77.69,77.725,24628,0
FTNT.US,5,20250826,213000,77.73,77.76,77.69,77.75,25801,0
FTNT.US,5,20250826,213500,77.75,77.77,77.55,77.55,42392,0
FTNT.US,5,20250826,214000,77.54,77.57,77.48,77.4806,49399,0
FTNT.US,5,20250826,214500,77.49,77.59,77.49,77.58,53556,0
FTNT.US,5,20250826,215000,77.59,77.95,77.59,77.76,140081,0
FTNT.US,5,20250826,215500,77.76,77.81,77.625,77.65,1805586,0
FTNT.US,5,20250827,153000,78.035,78.3,77.51,77.94,206917,0
FTNT.US,5,20250827,153500,77.91,78.02,77.77,77.9,70169,0
FTNT.US,5,20250827,154000,77.94,78.11,77.775,77.97,21255,0
FTNT.US,5,20250827,154500,77.98,77.99,77.67,77.835,47418,0
FTNT.US,5,20250827,155000,77.85,77.9476,77.75,77.83,35848,0
FTNT.US,5,20250827,155500,77.82,77.9495,77.73,77.94,35240,0
FTNT.US,5,20250827,160000,77.96,77.9807,77.79,77.91,47050,0
FTNT.US,5,20250827,160500,77.91,78.09,77.8,78.09,29075,0
FTNT.US,5,20250827,161000,78.14,78.27,78.115,78.25,32431,0
FTNT.US,5,20250827,161500,78.25,78.34,78.185,78.32,33781,0
FTNT.US,5,20250827,162000,78.325,78.34,78.2077,78.31,22323,0
FTNT.US,5,20250827,162500,78.34,78.34,78.12,78.27,23588,0
FTNT.US,5,20250827,163000,78.275,78.275,77.95,77.98,48246,0
FTNT.US,5,20250827,163500,77.94,77.985,77.855,77.93,30140,0
FTNT.US,5,20250827,164000,77.95,78.01,77.85,77.975,30442,0
FTNT.US,5,20250827,164500,77.97,77.97,77.7,77.77,24553,0
FTNT.US,5,20250827,165000,77.78,77.84,77.755,77.83,17358,0
FTNT.US,5,20250827,165500,77.81,77.84,77.74,77.78,35886,0
FTNT.US,5,20250827,170000,77.775,77.9,77.76,77.88,19267,0
FTNT.US,5,20250827,170500,77.8896,77.98,77.84,77.92,26970,0
FTNT.US,5,20250827,171000,77.93,78.08,77.93,78.0406,29215,0
FTNT.US,5,20250827,171500,78.04,78.11,78.01,78.02,19418,0
FTNT.US,5,20250827,172000,78.01,78.06,77.925,77.95,25499,0
FTNT.US,5,20250827,172500,77.94,77.965,77.8842,77.91,25941,0
FTNT.US,5,20250827,173000,77.92,77.97,77.885,77.95,17305,0
FTNT.US,5,20250827,173500,77.93,78.025,77.93,78,16550,0
FTNT.US,5,20250827,174000,77.99,78.02,77.9,77.925,19231,0
FTNT.US,5,20250827,174500,77.92,77.9703,77.84,77.96,14523,0
FTNT.US,5,20250827,175000,77.95,78.06,77.95,78,16567,0
FTNT.US,5,20250827,175500,78.005,78.09,78,78,10650,0
FTNT.US,5,20250827,180000,78,78.02,77.885,77.9,31255,0
FTNT.US,5,20250827,180500,77.88,78.0054,77.87,78,17034,0
FTNT.US,5,20250827,181000,78.0045,78.0045,77.93,77.95,11881,0
FTNT.US,5,20250827,181500,77.95,77.98,77.81,77.83,19823,0
FTNT.US,5,20250827,182000,77.82,77.85,77.76,77.77,18602,0
FTNT.US,5,20250827,182500,77.75,77.7926,77.695,77.76,21642,0
FTNT.US,5,20250827,183000,77.76,77.895,77.75,77.88,22974,0
FTNT.US,5,20250827,183500,77.8801,77.89,77.79,77.87,12921,0
FTNT.US,5,20250827,184000,77.86,77.91,77.85,77.88,14455,0
FTNT.US,5,20250827,184500,77.88,78.02,77.87,78.0084,20305,0
FTNT.US,5,20250827,185000,78.01,78.055,78,78.05,15428,0
FTNT.US,5,20250827,185500,78.04,78.06,78.01,78.015,10708,0
FTNT.US,5,20250827,190000,78.025,78.1,77.98,78.1,28330,0
FTNT.US,5,20250827,190500,78.08,78.1254,78.08,78.1,12629,0
FTNT.US,5,20250827,191000,78.1,78.13,78.06,78.1,16986,0
FTNT.US,5,20250827,191500,78.1,78.1025,78.02,78.04,14140,0
FTNT.US,5,20250827,192000,78.04,78.12,77.98,78.12,17368,0
FTNT.US,5,20250827,192500,78.15,78.16,78.08,78.11,26009,0
FTNT.US,5,20250827,193000,78.12,78.14,78.09,78.11,11635,0
FTNT.US,5,20250827,193500,78.11,78.13,78.07,78.12,12431,0
FTNT.US,5,20250827,194000,78.11,78.16,78.09,78.13,11698,0
FTNT.US,5,20250827,194500,78.13,78.17,78.1109,78.14,18302,0
FTNT.US,5,20250827,195000,78.15,78.19,78.14,78.16,20996,0
FTNT.US,5,20250827,195500,78.175,78.18,78.13,78.14,11729,0
FTNT.US,5,20250827,200000,78.15,78.161,78.04,78.075,16607,0
FTNT.US,5,20250827,200500,78.08,78.14,78.02,78.14,25136,0
FTNT.US,5,20250827,201000,78.15,78.27,78.15,78.26,26559,0
FTNT.US,5,20250827,201500,78.27,78.27,78.21,78.24,11129,0
FTNT.US,5,20250827,202000,78.24,78.27,78.19,78.25,18116,0
FTNT.US,5,20250827,202500,78.24,78.24,78.19,78.21,11247,0
FTNT.US,5,20250827,203000,78.23,78.32,78.18,78.31,43923,0
FTNT.US,5,20250827,203500,78.31,78.34,78.27,78.33,15143,0
FTNT.US,5,20250827,204000,78.3223,78.34,78.22,78.25,21562,0
FTNT.US,5,20250827,204500,78.26,78.2702,78.16,78.195,23483,0
FTNT.US,5,20250827,205000,78.195,78.23,78.1322,78.15,20125,0
FTNT.US,5,20250827,205500,78.15,78.17,78.09,78.1,15879,0
FTNT.US,5,20250827,210000,78.12,78.12,78.02,78.05,25847,0
FTNT.US,5,20250827,210500,78.05,78.08,78.02,78.0441,18795,0
FTNT.US,5,20250827,211000,78.05,78.08,77.84,77.86,41691,0
FTNT.US,5,20250827,211500,77.86,77.96,77.84,77.95,35923,0
FTNT.US,5,20250827,212000,77.97,78,77.92,77.95,28517,0
FTNT.US,5,20250827,212500,77.95,77.981,77.845,77.855,29327,0
FTNT.US,5,20250827,213000,77.86,77.8875,77.81,77.86,34392,0
FTNT.US,5,20250827,213500,77.85,77.8666,77.74,77.765,46421,0
FTNT.US,5,20250827,214000,77.77,77.945,77.77,77.921,39836,0
FTNT.US,5,20250827,214500,77.93,78.04,77.925,78,46924,0
FTNT.US,5,20250827,215000,78.02,78.12,78,78.12,127768,0
FTNT.US,5,20250827,215500,78.12,78.215,78.105,78.119,1059759,0
FTNT.US,5,20250828,153000,78.18,78.875,77.94,78.78,110426,0
FTNT.US,5,20250828,153500,78.78,78.89,78.625,78.6895,42151,0
FTNT.US,5,20250828,154000,78.71,79.04,78.71,78.79,56997,0
FTNT.US,5,20250828,154500,78.785,78.79,78.3504,78.6,40636,0
FTNT.US,5,20250828,155000,78.595,78.62,78.32,78.54,29939,0
FTNT.US,5,20250828,155500,78.54,78.68,78.4626,78.67,31555,0
FTNT.US,5,20250828,160000,78.7,79.065,78.62,79.01,72895,0
FTNT.US,5,20250828,160500,79.03,79.26,79.02,79.13,52305,0
FTNT.US,5,20250828,161000,79.14,79.14,78.885,78.89,39868,0
FTNT.US,5,20250828,161500,78.93,79.13,78.93,78.95,50223,0
FTNT.US,5,20250828,162000,78.94,79.0399,78.835,79.0399,36227,0
FTNT.US,5,20250828,162500,79.02,79.15,78.89,78.99,81977,0
FTNT.US,5,20250828,163000,78.97,79.09,78.9401,79.07,27496,0
FTNT.US,5,20250828,163500,79.05,79.24,79.03,79.23,51399,0
FTNT.US,5,20250828,164000,79.23,79.33,79.13,79.3,27454,0
FTNT.US,5,20250828,164500,79.31,79.31,79.1,79.12,28020,0
FTNT.US,5,20250828,165000,79.14,79.2,79.11,79.15,21999,0
FTNT.US,5,20250828,165500,79.1536,79.25,79.05,79.185,25000,0
FTNT.US,5,20250828,170000,79.17,79.28,79.1,79.275,27108,0
FTNT.US,5,20250828,170500,79.28,79.35,79.24,79.31,20224,0
FTNT.US,5,20250828,171000,79.315,79.3223,79.095,79.095,22810,0
FTNT.US,5,20250828,171500,79.105,79.19,79.08,79.17,41328,0
FTNT.US,5,20250828,172000,79.18,79.18,78.8,78.89,49807,0
FTNT.US,5,20250828,172500,78.89,78.93,78.785,78.8,28385,0
FTNT.US,5,20250828,173000,78.81,78.985,78.81,78.9525,35786,0
FTNT.US,5,20250828,173500,78.93,79.17,78.92,78.97,27298,0
FTNT.US,5,20250828,174000,78.98,79.03,78.84,78.875,11350,0
FTNT.US,5,20250828,174500,78.86,78.9,78.815,78.89,15833,0
FTNT.US,5,20250828,175000,78.9,78.93,78.8,78.805,27156,0
FTNT.US,5,20250828,175500,78.79,78.79,78.66,78.72,8898,0
FTNT.US,5,20250828,180000,78.71,78.785,78.62,78.725,27016,0
FTNT.US,5,20250828,180500,78.71,78.82,78.675,78.675,14958,0
FTNT.US,5,20250828,181000,78.68,78.82,78.68,78.795,16441,0
FTNT.US,5,20250828,181500,78.82,78.9797,78.795,78.965,20840,0
FTNT.US,5,20250828,182000,78.965,79,78.94,78.96,10463,0
FTNT.US,5,20250828,182500,78.965,79.03,78.93,78.97,24891,0
FTNT.US,5,20250828,183000,78.98,79.03,78.93,78.985,24854,0
FTNT.US,5,20250828,183500,78.99,79.1,78.975,79.085,17408,0
FTNT.US,5,20250828,184000,79.085,79.145,79.06,79.145,11697,0
FTNT.US,5,20250828,184500,79.145,79.16,79.09,79.16,15095,0
FTNT.US,5,20250828,185000,79.16,79.19,79.095,79.095,8800,0
FTNT.US,5,20250828,185500,79.11,79.16,79.02,79.07,20784,0
FTNT.US,5,20250828,190000,79.055,79.055,78.8375,78.999,25410,0
FTNT.US,5,20250828,190500,78.99,79.22,78.99,79.21,24317,0
FTNT.US,5,20250828,191000,79.21,79.21,79.11,79.14,10879,0
FTNT.US,5,20250828,191500,79.13,79.13,78.95,78.98,50589,0
FTNT.US,5,20250828,192000,78.9798,79.1,78.92,79.1,25861,0
FTNT.US,5,20250828,192500,79.08,79.22,79.075,79.22,30780,0
FTNT.US,5,20250828,193000,79.23,79.24,79.0377,79.12,36281,0
FTNT.US,5,20250828,193500,79.12,79.235,79.12,79.17,11613,0
FTNT.US,5,20250828,194000,79.18,79.22,79.15,79.2001,14587,0
FTNT.US,5,20250828,194500,79.2,79.2,79.08,79.13,17312,0
FTNT.US,5,20250828,195000,79.11,79.18,79.11,79.145,12582,0
FTNT.US,5,20250828,195500,79.15,79.16,79.08,79.128,10125,0
FTNT.US,5,20250828,200000,79.13,79.145,79.08,79.13,13544,0
FTNT.US,5,20250828,200500,79.14,79.27,79.14,79.27,22673,0
FTNT.US,5,20250828,201000,79.26,79.33,79.26,79.3036,21089,0
FTNT.US,5,20250828,201500,79.31,79.31,79.23,79.29,34273,0
FTNT.US,5,20250828,202000,79.3,79.325,79.26,79.32,13474,0
FTNT.US,5,20250828,202500,79.32,79.38,79.319,79.355,21318,0
FTNT.US,5,20250828,203000,79.355,79.4,79.34,79.35,17636,0
FTNT.US,5,20250828,203500,79.345,79.37,79.295,79.35,18141,0
FTNT.US,5,20250828,204000,79.34,79.39,79.31,79.32,14570,0
FTNT.US,5,20250828,204500,79.33,79.36,79.31,79.35,15259,0
FTNT.US,5,20250828,205000,79.33,79.36,79.3112,79.3328,23694,0
FTNT.US,5,20250828,205500,79.33,79.33,79.26,79.26,21680,0
FTNT.US,5,20250828,210000,79.25,79.28,79.235,79.24,22275,0
FTNT.US,5,20250828,210500,79.24,79.285,79.185,79.27,29604,0
FTNT.US,5,20250828,211000,79.27,79.32,79.25,79.281,17243,0
FTNT.US,5,20250828,211500,79.29,79.32,79.171,79.24,32998,0
FTNT.US,5,20250828,212000,79.24,79.26,79.195,79.21,20511,0
FTNT.US,5,20250828,212500,79.205,79.22,79.151,79.19,28766,0
FTNT.US,5,20250828,213000,79.182,79.2,79.11,79.155,27510,0
FTNT.US,5,20250828,213500,79.16,79.25,79.16,79.22,43126,0
FTNT.US,5,20250828,214000,79.215,79.265,79.1701,79.195,51325,0
FTNT.US,5,20250828,214500,79.191,79.28,79.18,79.241,54687,0
FTNT.US,5,20250828,215000,79.25,79.41,79.245,79.41,129426,0
FTNT.US,5,20250828,215500,79.4,79.4,79.27,79.29,927011,0
FTNT.US,5,20250829,153000,79.17,79.515,79,79.34,155729,0
FTNT.US,5,20250829,153500,79.3,79.4993,79.175,79.2,20639,0
FTNT.US,5,20250829,154000,79.21,79.47,79.21,79.24,39301,0
FTNT.US,5,20250829,154500,79.23,79.3,79,79.23,44774,0
FTNT.US,5,20250829,155000,79.2,79.24,78.99,79.22,33546,0
FTNT.US,5,20250829,155500,79.2025,79.28,78.9424,79.04,26115,0
FTNT.US,5,20250829,160000,79.06,79.11,78.97,79.04,35878,0
FTNT.US,5,20250829,160500,79,79.1604,79,79.02,30060,0
FTNT.US,5,20250829,161000,79.08,79.14,78.91,79.11,28317,0
FTNT.US,5,20250829,161500,79.09,79.16,79.015,79.09,19549,0
FTNT.US,5,20250829,162000,79.08,79.18,78.965,78.965,19534,0
FTNT.US,5,20250829,162500,78.96,79.08,78.9213,79.06,29175,0
FTNT.US,5,20250829,163000,79.04,79.08,78.92,78.95,35555,0
FTNT.US,5,20250829,163500,78.91,79.1,78.9045,79.09,25893,0
FTNT.US,5,20250829,164000,79.07,79.08,78.92,78.975,17029,0
FTNT.US,5,20250829,164500,78.96,78.98,78.83,78.8351,23990,0
FTNT.US,5,20250829,165000,78.85,78.935,78.82,78.92,17569,0
FTNT.US,5,20250829,165500,78.88,78.935,78.8,78.83,11308,0
FTNT.US,5,20250829,170000,78.81,78.91,78.78,78.855,28906,0
FTNT.US,5,20250829,170500,78.87,79,78.82,78.9938,21374,0
FTNT.US,5,20250829,171000,79.01,79.0232,78.86,78.87,20403,0
FTNT.US,5,20250829,171500,78.86,78.86,78.765,78.8,13593,0
FTNT.US,5,20250829,172000,78.81,78.82,78.74,78.77,23309,0
FTNT.US,5,20250829,172500,78.73,78.82,78.709,78.731,14427,0
FTNT.US,5,20250829,173000,78.735,78.74,78.6,78.66,21370,0
FTNT.US,5,20250829,173500,78.625,78.77,78.595,78.75,10178,0
FTNT.US,5,20250829,174000,78.76,78.76,78.7056,78.72,8796,0
FTNT.US,5,20250829,174500,78.7126,78.87,78.69,78.87,27040,0
FTNT.US,5,20250829,175000,78.85,78.89,78.8,78.8,16452,0
FTNT.US,5,20250829,175500,78.8,78.84,78.6,78.62,17205,0
FTNT.US,5,20250829,180000,78.6,78.6499,78.56,78.625,8873,0
FTNT.US,5,20250829,180500,78.6,78.64,78.525,78.62,9511,0
FTNT.US,5,20250829,181000,78.64,78.685,78.61,78.645,10973,0
FTNT.US,5,20250829,181500,78.6618,78.7101,78.58,78.63,10618,0
FTNT.US,5,20250829,182000,78.62,78.7,78.61,78.655,18632,0
FTNT.US,5,20250829,182500,78.65,78.69,78.57,78.57,12541,0
FTNT.US,5,20250829,183000,78.5738,78.7,78.57,78.685,11807,0
FTNT.US,5,20250829,183500,78.689,78.72,78.635,78.645,11918,0
FTNT.US,5,20250829,184000,78.6302,78.695,78.6,78.67,8186,0
FTNT.US,5,20250829,184500,78.67,78.73,78.67,78.721,7771,0
FTNT.US,5,20250829,185000,78.72,78.72,78.585,78.63,56167,0
FTNT.US,5,20250829,185500,78.6383,78.68,78.59,78.61,17565,0
FTNT.US,5,20250829,190000,78.605,78.605,78.3827,78.3977,34500,0
FTNT.US,5,20250829,190500,78.38,78.42,78.33,78.365,22219,0
FTNT.US,5,20250829,191000,78.3766,78.44,78.35,78.381,30922,0
FTNT.US,5,20250829,191500,78.39,78.41,78.33,78.385,22175,0
FTNT.US,5,20250829,192000,78.385,78.49,78.38,78.44,18608,0
FTNT.US,5,20250829,192500,78.45,78.46,78.425,78.4297,12466,0
FTNT.US,5,20250829,193000,78.45,78.48,78.4,78.42,9252,0
FTNT.US,5,20250829,193500,78.43,78.54,78.425,78.5,21216,0
FTNT.US,5,20250829,194000,78.49,78.49,78.4,78.44,10498,0
FTNT.US,5,20250829,194500,78.45,78.53,78.45,78.51,12637,0
FTNT.US,5,20250829,195000,78.51,78.61,78.5037,78.5425,24973,0
FTNT.US,5,20250829,195500,78.5257,78.54,78.46,78.4903,14926,0
FTNT.US,5,20250829,200000,78.4697,78.5,78.41,78.4499,8451,0
FTNT.US,5,20250829,200500,78.43,78.48,78.4201,78.47,8098,0
FTNT.US,5,20250829,201000,78.465,78.48,78.4076,78.45,7849,0
FTNT.US,5,20250829,201500,78.45,78.46,78.32,78.395,32153,0
FTNT.US,5,20250829,202000,78.39,78.41,78.36,78.37,6100,0
FTNT.US,5,20250829,202500,78.38,78.41,78.36,78.4,7407,0
FTNT.US,5,20250829,203000,78.36,78.44,78.36,78.41,7020,0
FTNT.US,5,20250829,203500,78.42,78.455,78.39,78.4,12865,0
FTNT.US,5,20250829,204000,78.4,78.435,78.375,78.435,5774,0
FTNT.US,5,20250829,204500,78.43,78.44,78.4,78.42,6971,0
FTNT.US,5,20250829,205000,78.42,78.47,78.39,78.46,12389,0
FTNT.US,5,20250829,205500,78.44,78.46,78.43,78.45,9911,0
FTNT.US,5,20250829,210000,78.45,78.479,78.42,78.44,9830,0
FTNT.US,5,20250829,210500,78.44,78.5,78.42,78.46,10019,0
FTNT.US,5,20250829,211000,78.47,78.525,78.46,78.525,11376,0
FTNT.US,5,20250829,211500,78.53,78.59,78.53,78.58,16431,0
FTNT.US,5,20250829,212000,78.59,78.59,78.44,78.475,22652,0
FTNT.US,5,20250829,212500,78.49,78.53,78.425,78.47,25769,0
FTNT.US,5,20250829,213000,78.46,78.56,78.46,78.54,27156,0
FTNT.US,5,20250829,213500,78.54,78.55,78.44,78.4808,28402,0
FTNT.US,5,20250829,214000,78.49,78.56,78.48,78.55,33316,0
FTNT.US,5,20250829,214500,78.55,78.63,78.535,78.57,94798,0
FTNT.US,5,20250829,215000,78.58,78.6,78.48,78.58,78423,0
FTNT.US,5,20250829,215500,78.59,78.81,78.54,78.77,1161763,0
FTNT.US,5,20250902,153000,75.235,77.07,75,76.99,514151,0
FTNT.US,5,20250902,153500,76.94,77.175,76.8,77.07,169511,0
FTNT.US,5,20250902,154000,77.097,77.26,76.815,76.85,104302,0
FTNT.US,5,20250902,154500,76.81,77.01,76.7,76.945,101294,0
FTNT.US,5,20250902,155000,76.945,77.22,76.895,77.11,62698,0
FTNT.US,5,20250902,155500,77.11,77.11,76.62,76.635,161783,0
FTNT.US,5,20250902,160000,76.635,76.7919,76.38,76.38,85802,0
FTNT.US,5,20250902,160500,76.41,76.41,76.115,76.12,69074,0
FTNT.US,5,20250902,161000,76.14,76.14,75.8,75.8,66922,0
FTNT.US,5,20250902,161500,75.8,75.88,75.72,75.84,53488,0
FTNT.US,5,20250902,162000,75.845,75.98,75.805,75.96,38899,0
FTNT.US,5,20250902,162500,75.93,75.9318,75.73,75.9,57718,0
FTNT.US,5,20250902,163000,75.89,75.92,75.73,75.87,57846,0
FTNT.US,5,20250902,163500,75.87,76.02,75.87,75.985,70376,0
FTNT.US,5,20250902,164000,75.99,76.23,75.94,76.095,79227,0
FTNT.US,5,20250902,164500,76.11,76.27,75.96,75.9627,55948,0
FTNT.US,5,20250902,165000,75.955,76.32,75.91,76.27,44407,0
FTNT.US,5,20250902,165500,76.27,76.2775,76.14,76.235,80283,0
FTNT.US,5,20250902,170000,76.235,76.27,76.05,76.1,88205,0
FTNT.US,5,20250902,170500,76.09,76.2,76.05,76.11,75283,0
FTNT.US,5,20250902,171000,76.115,76.14,75.84,75.94,54283,0
FTNT.US,5,20250902,171500,75.93,75.97,75.65,75.675,85108,0
FTNT.US,5,20250902,172000,75.66,75.81,75.64,75.81,67781,0
FTNT.US,5,20250902,172500,75.81,75.975,75.74,75.8295,91725,0
FTNT.US,5,20250902,173000,75.83,75.835,75.72,75.77,67441,0
FTNT.US,5,20250902,173500,75.77,75.79,75.575,75.58,45904,0
FTNT.US,5,20250902,174000,75.58,75.67,75.55,75.595,38101,0
FTNT.US,5,20250902,174500,75.6,75.83,75.5867,75.8,50334,0
FTNT.US,5,20250902,175000,75.8,75.9,75.74,75.9,28119,0
FTNT.US,5,20250902,175500,75.8603,76.04,75.8603,76.04,28947,0
FTNT.US,5,20250902,180000,76.03,76.13,75.96,75.97,20204,0
FTNT.US,5,20250902,180500,75.97,76.04,75.92,75.96,23665,0
FTNT.US,5,20250902,181000,75.98,76.03,75.915,75.98,22033,0
FTNT.US,5,20250902,181500,75.99,76.03,75.96,76.025,21383,0
FTNT.US,5,20250902,182000,76.04,76.05,75.89,75.92,19403,0
FTNT.US,5,20250902,182500,75.91,75.92,75.81,75.88,43036,0
FTNT.US,5,20250902,183000,75.885,75.93,75.855,75.90784,22993,0
FTNT.US,5,20250902,183500,75.91,75.91,75.79,75.83,28290,0
FTNT.US,5,20250902,184000,75.84,75.9,75.825,75.87,24117,0
FTNT.US,5,20250902,184500,75.87,75.96,75.8113,75.825,22654,0
FTNT.US,5,20250902,185000,75.8213,76.04,75.815,76.04,38276,0
FTNT.US,5,20250902,185500,76.035,76.12,76.025,76.095,18835,0
FTNT.US,5,20250902,190000,76.105,76.14,76.04,76.04,18404,0
FTNT.US,5,20250902,190500,76.06,76.08,76,76.0262,31301,0
FTNT.US,5,20250902,191000,76.01,76.0407,75.93,76.025,31796,0
FTNT.US,5,20250902,191500,76.03,76.13,76.015,76.09,23509,0
FTNT.US,5,20250902,192000,76.095,76.21,76.08,76.19,38878,0
FTNT.US,5,20250902,192500,76.19,76.37,76.165,76.35,43069,0
FTNT.US,5,20250902,193000,76.35,76.52,76.35,76.52,45722,0
FTNT.US,5,20250902,193500,76.52,76.5714,76.47,76.51,42440,0
FTNT.US,5,20250902,194000,76.525,76.665,76.525,76.64,17988,0
FTNT.US,5,20250902,194500,76.64,76.68,76.605,76.645,20527,0
FTNT.US,5,20250902,195000,76.645,76.925,76.645,76.875,58125,0
FTNT.US,5,20250902,195500,76.865,77.015,76.85,76.93,34112,0
FTNT.US,5,20250902,200000,76.92,77.035,76.875,76.8916,27617,0
FTNT.US,5,20250902,200500,76.89,76.89,76.61,76.62,29294,0
FTNT.US,5,20250902,201000,76.62,76.7,76.6101,76.6907,28794,0
FTNT.US,5,20250902,201500,76.7,76.78,76.6493,76.655,21450,0
FTNT.US,5,20250902,202000,76.655,76.69,76.61,76.65,20074,0
FTNT.US,5,20250902,202500,76.645,76.66,76.555,76.555,28770,0
FTNT.US,5,20250902,203000,76.555,76.57,76.45,76.51,40191,0
FTNT.US,5,20250902,203500,76.51,76.5558,76.43,76.5199,25942,0
FTNT.US,5,20250902,204000,76.51,76.53,76.41,76.4658,25128,0
FTNT.US,5,20250902,204500,76.4658,76.62,76.4202,76.62,22997,0
FTNT.US,5,20250902,205000,76.62,76.79,76.62,76.745,20370,0
FTNT.US,5,20250902,205500,76.74,76.74,76.605,76.65,19542,0
FTNT.US,5,20250902,210000,76.67,76.8,76.67,76.78,22475,0
FTNT.US,5,20250902,210500,76.77,76.77,76.725,76.74,18126,0
FTNT.US,5,20250902,211000,76.72,76.82,76.72,76.775,21951,0
FTNT.US,5,20250902,211500,76.77,76.86,76.75,76.85,22887,0
FTNT.US,5,20250902,212000,76.85,76.895,76.84,76.87,22603,0
FTNT.US,5,20250902,212500,76.8624,76.925,76.86,76.905,34395,0
FTNT.US,5,20250902,213000,76.905,76.97,76.8,76.82,54057,0
FTNT.US,5,20250902,213500,76.83,76.865,76.745,76.77,58190,0
FTNT.US,5,20250902,214000,76.775,76.8,76.66,76.675,58036,0
FTNT.US,5,20250902,214500,76.675,76.69,76.635,76.67,72667,0
FTNT.US,5,20250902,215000,76.66,76.93,76.61,76.88,114760,0
FTNT.US,5,20250902,215500,76.87,77.02,76.82,76.925,925875,0
FTNT.US,5,20250903,153000,76.73,76.935,76.54,76.8673,220678,0
FTNT.US,5,20250903,153500,76.85,77.13,76.8,76.9,36409,0
FTNT.US,5,20250903,154000,76.9137,77.0237,76.73,76.75,49095,0
FTNT.US,5,20250903,154500,76.79,76.945,76.66,76.71,36931,0
FTNT.US,5,20250903,155000,76.75,76.87,76.48,76.54,41147,0
FTNT.US,5,20250903,155500,76.53,76.54,76.1,76.27,76550,0
FTNT.US,5,20250903,160000,76.27,76.51,76.14,76.475,90695,0
FTNT.US,5,20250903,160500,76.46,76.64,76.41,76.58,48528,0
FTNT.US,5,20250903,161000,76.58,76.7,76.39,76.465,86237,0
FTNT.US,5,20250903,161500,76.475,76.68,76.44,76.62,27478,0
FTNT.US,5,20250903,162000,76.63,76.72,76.51,76.57,29024,0
FTNT.US,5,20250903,162500,76.585,76.66,76.51,76.565,33825,0
FTNT.US,5,20250903,163000,76.59,76.795,76.58,76.735,28338,0
FTNT.US,5,20250903,163500,76.76,76.8399,76.72,76.8399,24034,0
FTNT.US,5,20250903,164000,76.82,76.95,76.75,76.94,29428,0
FTNT.US,5,20250903,164500,76.94,77,76.8,76.975,33612,0
FTNT.US,5,20250903,165000,76.98,77.0106,76.96,76.97,15517,0
FTNT.US,5,20250903,165500,76.98,76.99,76.8,76.83,23252,0
FTNT.US,5,20250903,170000,76.84,76.96,76.81,76.93,45383,0
FTNT.US,5,20250903,170500,76.93,77.02,76.91,77.02,22353,0
FTNT.US,5,20250903,171000,77.02,77.0201,76.897,76.975,16654,0
FTNT.US,5,20250903,171500,76.96,77,76.87,76.92,17223,0
FTNT.US,5,20250903,172000,76.91,76.95,76.88,76.95,19061,0
FTNT.US,5,20250903,172500,76.95,76.97,76.7501,76.77,20669,0
FTNT.US,5,20250903,173000,76.78,76.89,76.78,76.8475,24042,0
FTNT.US,5,20250903,173500,76.845,76.86,76.7,76.76,17609,0
FTNT.US,5,20250903,174000,76.75,76.79,76.725,76.74,8428,0
FTNT.US,5,20250903,174500,76.73,76.8,76.69,76.8,19623,0
FTNT.US,5,20250903,175000,76.795,77.01,76.76,76.945,42987,0
FTNT.US,5,20250903,175500,76.945,76.985,76.91,76.975,14317,0
FTNT.US,5,20250903,180000,76.98,77.02,76.955,76.97,36822,0
FTNT.US,5,20250903,180500,76.97,77.0424,76.895,76.98,11183,0
FTNT.US,5,20250903,181000,76.99,76.99,76.805,76.83,17343,0
FTNT.US,5,20250903,181500,76.84,76.985,76.82,76.985,18814,0
FTNT.US,5,20250903,182000,77,77.07,76.98,76.98,14455,0
FTNT.US,5,20250903,182500,77,77,76.81,76.815,21537,0
FTNT.US,5,20250903,183000,76.815,76.875,76.8,76.86,14249,0
FTNT.US,5,20250903,183500,76.83,76.92,76.8,76.86,12919,0
FTNT.US,5,20250903,184000,76.85,76.89,76.74,76.82,44559,0
FTNT.US,5,20250903,184500,76.81,76.88,76.78,76.86,29278,0
FTNT.US,5,20250903,185000,76.86,76.885,76.695,76.74,26765,0
FTNT.US,5,20250903,185500,76.74,76.8,76.695,76.72531,10911,0
FTNT.US,5,20250903,190000,76.715,76.79,76.7,76.74,10184,0
FTNT.US,5,20250903,190500,76.75,76.83,76.73,76.815,10503,0
FTNT.US,5,20250903,191000,76.82,76.91,76.82,76.88,9160,0
FTNT.US,5,20250903,191500,76.87,76.88,76.8,76.8102,8083,0
FTNT.US,5,20250903,192000,76.84,76.8477,76.76,76.79,13857,0
FTNT.US,5,20250903,192500,76.795,76.83,76.755,76.83,10259,0
FTNT.US,5,20250903,193000,76.82,76.86,76.78,76.78,32643,0
FTNT.US,5,20250903,193500,76.8,76.8376,76.71,76.71,17469,0
FTNT.US,5,20250903,194000,76.725,76.725,76.57,76.57,20346,0
FTNT.US,5,20250903,194500,76.56,76.58,76.47,76.475,29192,0
FTNT.US,5,20250903,195000,76.47,76.55,76.42,76.42,47642,0
FTNT.US,5,20250903,195500,76.43,76.44,76.32,76.37,19936,0
FTNT.US,5,20250903,200000,76.36,76.36,76.27,76.295,23372,0
FTNT.US,5,20250903,200500,76.295,76.36,76.23,76.2949,41156,0
FTNT.US,5,20250903,201000,76.3,76.355,76.25,76.35,32844,0
FTNT.US,5,20250903,201500,76.34,76.3455,76.28,76.315,29128,0
FTNT.US,5,20250903,202000,76.31,76.37,76.305,76.3508,20761,0
FTNT.US,5,20250903,202500,76.35,76.51,76.35,76.47,17192,0
FTNT.US,5,20250903,203000,76.46,76.48,76.375,76.48,9705,0
FTNT.US,5,20250903,203500,76.47,76.49,76.4,76.4,13500,0
FTNT.US,5,20250903,204000,76.4,76.52,76.39,76.51,18427,0
FTNT.US,5,20250903,204500,76.5,76.5,76.33,76.33,29589,0
FTNT.US,5,20250903,205000,76.34,76.385,76.28,76.32,53441,0
FTNT.US,5,20250903,205500,76.3301,76.48,76.3301,76.48,34084,0
FTNT.US,5,20250903,210000,76.48,76.505,76.445,76.5,28663,0
FTNT.US,5,20250903,210500,76.505,76.61,76.505,76.545,21011,0
FTNT.US,5,20250903,211000,76.545,76.551,76.485,76.501,27613,0
FTNT.US,5,20250903,211500,76.5087,76.605,76.5087,76.6,24699,0
FTNT.US,5,20250903,212000,76.59,76.71,76.579,76.689,31062,0
FTNT.US,5,20250903,212500,76.685,76.73,76.675,76.715,23361,0
FTNT.US,5,20250903,213000,76.72,76.76,76.709,76.735,20429,0
FTNT.US,5,20250903,213500,76.74,76.809,76.725,76.77,32131,0
FTNT.US,5,20250903,214000,76.75,76.79,76.72,76.77,29414,0
FTNT.US,5,20250903,214500,76.77,76.81,76.75,76.81,44157,0
FTNT.US,5,20250903,215000,76.82,76.86,76.715,76.735,86815,0
FTNT.US,5,20250903,215500,76.73,76.73,76.55,76.57,337219,0
FTNT.US,5,20250904,153000,76.26,76.26,75.46,75.71,166399,0
FTNT.US,5,20250904,153500,75.705,75.86503,75.475,75.685,79839,0
FTNT.US,5,20250904,154000,75.685,75.71,75.3033,75.525,127328,0
FTNT.US,5,20250904,154500,75.54,75.66,75.221,75.315,92224,0
FTNT.US,5,20250904,155000,75.33,75.55,75.32,75.36,91404,0
FTNT.US,5,20250904,155500,75.37,75.47,75.2004,75.24,56343,0
FTNT.US,5,20250904,160000,75.24,75.38,75.12,75.23,63946,0
FTNT.US,5,20250904,160500,75.23,75.4428,75.1657,75.395,35079,0
FTNT.US,5,20250904,161000,75.42,75.635,75.37,75.545,87452,0
FTNT.US,5,20250904,161500,75.525,75.525,75.19,75.205,56115,0
FTNT.US,5,20250904,162000,75.1853,75.33,75.11,75.31,29791,0
FTNT.US,5,20250904,162500,75.32,75.57,75.3,75.55,102353,0
FTNT.US,5,20250904,163000,75.54,75.58,75.39,75.44,18463,0
FTNT.US,5,20250904,163500,75.445,75.54,75.32,75.345,106760,0
FTNT.US,5,20250904,164000,75.355,75.39,75.13,75.16,46641,0
FTNT.US,5,20250904,164500,75.16,75.41,75.13,75.36,38542,0
FTNT.US,5,20250904,165000,75.37,75.44,75.27,75.33,72549,0
FTNT.US,5,20250904,165500,75.31,75.5185,75.195,75.49,43991,0
FTNT.US,5,20250904,170000,75.49,75.51,75.4,75.46,50572,0
FTNT.US,5,20250904,170500,75.44,75.64,75.43,75.6134,64223,0
FTNT.US,5,20250904,171000,75.6061,75.71,75.3,75.69,172682,0
FTNT.US,5,20250904,171500,75.67,75.75,75.6,75.74,46259,0
FTNT.US,5,20250904,172000,75.73,75.87,75.69,75.8161,74179,0
FTNT.US,5,20250904,172500,75.815,75.815,75.56,75.62,55869,0
FTNT.US,5,20250904,173000,75.63,75.75,75.62,75.725,28610,0
FTNT.US,5,20250904,173500,75.725,75.74,75.64,75.7,52952,0
FTNT.US,5,20250904,174000,75.7,75.9,75.685,75.85,18681,0
FTNT.US,5,20250904,174500,75.88,75.9564,75.81,75.9564,64187,0
FTNT.US,5,20250904,175000,75.955,75.96,75.79,75.91,60888,0
FTNT.US,5,20250904,175500,75.9,75.985,75.88,75.9528,24289,0
FTNT.US,5,20250904,180000,75.94,75.955,75.89,75.9,22978,0
FTNT.US,5,20250904,180500,75.9,75.97,75.82,75.96,54751,0
FTNT.US,5,20250904,181000,75.965,75.9702,75.82,75.84,28480,0
FTNT.US,5,20250904,181500,75.84,75.885,75.75,75.88,38644,0
FTNT.US,5,20250904,182000,75.87,75.88,75.8,75.87,13916,0
FTNT.US,5,20250904,182500,75.85,76.07,75.84,76.07,23341,0
FTNT.US,5,20250904,183000,76.06,76.1,76,76.04,19109,0
FTNT.US,5,20250904,183500,76.045,76.18,76.03,76.14,17610,0
FTNT.US,5,20250904,184000,76.13,76.1693,76.04,76.04,13743,0
FTNT.US,5,20250904,184500,76.05,76.14,76,76.13,28891,0
FTNT.US,5,20250904,185000,76.155,76.165,76.09,76.13,15657,0
FTNT.US,5,20250904,185500,76.12,76.12,75.99,76.01,18074,0
FTNT.US,5,20250904,190000,76.02,76.18,76.02,76.145,16501,0
FTNT.US,5,20250904,190500,76.145,76.25,76.145,76.21,20187,0
FTNT.US,5,20250904,191000,76.205,76.23,76.13,76.18,19607,0
FTNT.US,5,20250904,191500,76.19,76.26,76.17,76.26,13392,0
FTNT.US,5,20250904,192000,76.25,76.3133,76.22,76.31,13592,0
FTNT.US,5,20250904,192500,76.315,76.36,76.3,76.31,15081,0
FTNT.US,5,20250904,193000,76.3201,76.36,76.28,76.29,24836,0
FTNT.US,5,20250904,193500,76.29,76.37,76.2886,76.3,25688,0
FTNT.US,5,20250904,194000,76.29,76.33,76.19,76.195,28792,0
FTNT.US,5,20250904,194500,76.2,76.34,76.2,76.32,17599,0
FTNT.US,5,20250904,195000,76.33,76.495,76.33,76.4808,22242,0
FTNT.US,5,20250904,195500,76.48,76.545,76.41,76.45,46808,0
FTNT.US,5,20250904,200000,76.44,76.61,76.4302,76.58,91503,0
FTNT.US,5,20250904,200500,76.57,76.61,76.5,76.57,29192,0
FTNT.US,5,20250904,201000,76.56,76.5654,76.35,76.45,38757,0
FTNT.US,5,20250904,201500,76.44,76.45,76.31,76.35,31917,0
FTNT.US,5,20250904,202000,76.35,76.4,76.305,76.4,27155,0
FTNT.US,5,20250904,202500,76.3999,76.485,76.34,76.485,16562,0
FTNT.US,5,20250904,203000,76.48,76.63,76.465,76.61,46067,0
FTNT.US,5,20250904,203500,76.62,76.625,76.525,76.615,17295,0
FTNT.US,5,20250904,204000,76.615,76.625,76.5,76.51,14809,0
FTNT.US,5,20250904,204500,76.515,76.515,76.43,76.46,47138,0
FTNT.US,5,20250904,205000,76.45,76.4516,76.38,76.395,23107,0
FTNT.US,5,20250904,205500,76.39,76.48,76.365,76.41,62341,0
FTNT.US,5,20250904,210000,76.42,76.48,76.415,76.445,15692,0
FTNT.US,5,20250904,210500,76.46,76.5,76.37,76.405,38103,0
FTNT.US,5,20250904,211000,76.402,76.51,76.34,76.5,22857,0
FTNT.US,5,20250904,211500,76.49,76.56,76.46,76.56,18563,0
FTNT.US,5,20250904,212000,76.545,76.58,76.5203,76.54,34292,0
FTNT.US,5,20250904,212500,76.54,76.57,76.455,76.51,27611,0
FTNT.US,5,20250904,213000,76.51,76.51,76.42,76.45,34693,0
FTNT.US,5,20250904,213500,76.45,76.57,76.4005,76.56,34393,0
FTNT.US,5,20250904,214000,76.57,76.58,76.5,76.54,65582,0
FTNT.US,5,20250904,214500,76.531,76.5311,76.33,76.37,52825,0
FTNT.US,5,20250904,215000,76.37,76.45,76.33,76.439,83861,0
FTNT.US,5,20250904,215500,76.44,76.57,76.41,76.44,872699,0
FTNT.US,5,20250905,153000,76.91,78.13,76.88,77.32,238391,0
FTNT.US,5,20250905,153500,77.32,77.73,77.32,77.68,139291,0
FTNT.US,5,20250905,154000,77.72,78.11,77.68,78.02,101258,0
FTNT.US,5,20250905,154500,78.04,78.1,77.665,77.91,159227,0
FTNT.US,5,20250905,155000,77.92,78.12,77.67,77.885,123366,0
FTNT.US,5,20250905,155500,77.89,77.9,77.67,77.775,53229,0
FTNT.US,5,20250905,160000,77.77,78.25,77.74,78.18,139344,0
FTNT.US,5,20250905,160500,78.185,78.185,77.8201,77.86,83108,0
FTNT.US,5,20250905,161000,77.85,78.03,77.61,77.87,108403,0
FTNT.US,5,20250905,161500,77.85,77.93,77.68,77.71,74528,0
FTNT.US,5,20250905,162000,77.7,77.81,77.57,77.645,57041,0
FTNT.US,5,20250905,162500,77.66,77.8,77.57,77.67,38459,0
FTNT.US,5,20250905,163000,77.66,77.735,77.49,77.66,56927,0
FTNT.US,5,20250905,163500,77.68,78.14,77.6514,78.04,103697,0
FTNT.US,5,20250905,164000,78.07,78.12,77.92,77.98,55884,0
FTNT.US,5,20250905,164500,77.98,78,77.7,77.735,54002,0
FTNT.US,5,20250905,165000,77.74,77.89,77.68,77.8,75643,0
FTNT.US,5,20250905,165500,77.81,77.85,77.58,77.5899,116410,0
FTNT.US,5,20250905,170000,77.57,77.74,77.47,77.52,109002,0
FTNT.US,5,20250905,170500,77.53,77.925,77.5216,77.85,65358,0
FTNT.US,5,20250905,171000,77.86,78.13,77.85,78.12,86463,0
FTNT.US,5,20250905,171500,78.11,78.32,78.075,78.24,114082,0
FTNT.US,5,20250905,172000,78.222,78.44,78.21,78.39,74129,0
FTNT.US,5,20250905,172500,78.4,78.44,78.21,78.26,85016,0
FTNT.US,5,20250905,173000,78.27,78.4,78.235,78.34,79075,0
FTNT.US,5,20250905,173500,78.34,78.5,78.28,78.4916,77940,0
FTNT.US,5,20250905,174000,78.5,78.6276,78.48,78.6,55648,0
FTNT.US,5,20250905,174500,78.61,78.63,78.505,78.57,118469,0
FTNT.US,5,20250905,175000,78.57,78.5976,78.435,78.54,47108,0
FTNT.US,5,20250905,175500,78.55,78.64,78.47,78.52,62400,0
FTNT.US,5,20250905,180000,78.52,78.54,78.33,78.48,44397,0
FTNT.US,5,20250905,180500,78.48,78.72,78.46,78.71,52860,0
FTNT.US,5,20250905,181000,78.71,78.895,78.67,78.87,65147,0
FTNT.US,5,20250905,181500,78.875,78.875,78.73,78.79,43061,0
FTNT.US,5,20250905,182000,78.7966,78.87,78.65,78.77,39485,0
FTNT.US,5,20250905,182500,78.77,78.815,78.71,78.725,37436,0
FTNT.US,5,20250905,183000,78.705,78.79,78.66,78.66,42543,0
FTNT.US,5,20250905,183500,78.66,78.7474,78.59,78.705,75722,0
FTNT.US,5,20250905,184000,78.695,78.9699,78.695,78.935,58322,0
FTNT.US,5,20250905,184500,78.93,78.93,78.72,78.72,50913,0
FTNT.US,5,20250905,185000,78.73,78.82,78.73,78.79,30830,0
FTNT.US,5,20250905,185500,78.78,78.95,78.77,78.95,29111,0
FTNT.US,5,20250905,190000,78.94,78.955,78.8075,78.83,39934,0
FTNT.US,5,20250905,190500,78.81,78.97,78.77,78.97,49617,0
FTNT.US,5,20250905,191000,78.97,79.05,78.97,79.03,67177,0
FTNT.US,5,20250905,191500,79.015,79.055,78.93,79.005,42316,0
FTNT.US,5,20250905,192000,79,79.055,78.95,79.04,44895,0
FTNT.US,5,20250905,192500,79.04,79.2,78.97,79.135,81896,0
FTNT.US,5,20250905,193000,79.12,79.2458,79.1,79.225,128270,0
FTNT.US,5,20250905,193500,79.225,79.27,79.18,79.185,107811,0
FTNT.US,5,20250905,194000,79.19,79.28,79.09,79.26,89051,0
FTNT.US,5,20250905,194500,79.27,79.29,79.22,79.26,68570,0
FTNT.US,5,20250905,195000,79.25,79.315,79.24,79.245,84274,0
FTNT.US,5,20250905,195500,79.235,79.305,79.215,79.2891,50877,0
FTNT.US,5,20250905,200000,79.285,79.44,79.28,79.42,119513,0
FTNT.US,5,20250905,200500,79.42,79.465,79.3599,79.375,83784,0
FTNT.US,5,20250905,201000,79.38,79.42,79.34,79.415,80326,0
FTNT.US,5,20250905,201500,79.42,79.465,79.3003,79.42,58035,0
FTNT.US,5,20250905,202000,79.42,79.485,79.335,79.42,63072,0
FTNT.US,5,20250905,202500,79.44,79.485,79.375,79.39,118890,0
FTNT.US,5,20250905,203000,79.39,79.405,79.2349,79.27,80069,0
FTNT.US,5,20250905,203500,79.27,79.29,79.12,79.145,68084,0
FTNT.US,5,20250905,204000,79.15,79.34,79.125,79.34,80707,0
FTNT.US,5,20250905,204500,79.355,79.3875,79.285,79.36,74140,0
FTNT.US,5,20250905,205000,79.36,79.39,79.265,79.27,96778,0
FTNT.US,5,20250905,205500,79.28,79.305,79.155,79.21,122916,0
FTNT.US,5,20250905,210000,79.205,79.24,79.08,79.1497,110168,0
FTNT.US,5,20250905,210500,79.14,79.185,79.115,79.125,95460,0
FTNT.US,5,20250905,211000,79.13,79.1561,79.04,79.135,117980,0
FTNT.US,5,20250905,211500,79.135,79.17,79.085,79.085,103292,0
FTNT.US,5,20250905,212000,79.09,79.1,78.965,79,116859,0
FTNT.US,5,20250905,212500,79.02,79.07,78.98,79.02,140387,0
FTNT.US,5,20250905,213000,79.025,79.09,79,79.03,208548,0
FTNT.US,5,20250905,213500,79.04,79.15,79,79.15,249506,0
FTNT.US,5,20250905,214000,79.14,79.14,78.84,78.86,203545,0
FTNT.US,5,20250905,214500,78.855,78.855,78.66,78.71,86323,0
FTNT.US,5,20250905,215000,78.69,78.81,78.51,78.78,167348,0
FTNT.US,5,20250905,215500,78.785,78.85,78.72,78.83,1157674,0
FTNT.US,5,20250908,153000,79.18,80.15,79.18,79.8892,388107,0
FTNT.US,5,20250908,153500,79.875,80.18,79.85,80.12,162226,0
FTNT.US,5,20250908,154000,80.1102,80.219,79.66,79.86,238372,0
FTNT.US,5,20250908,154500,79.88,80.03,79.71,80.01,178711,0
FTNT.US,5,20250908,155000,80.0084,80.21,79.96,80.12,132871,0
FTNT.US,5,20250908,155500,80.11,80.3,80.1,80.255,105674,0
FTNT.US,5,20250908,160000,80.25,80.38,80,80.37,103248,0
FTNT.US,5,20250908,160500,80.38,80.4,80,80.04,45735,0
FTNT.US,5,20250908,161000,80.05,80.14,79.965,79.98,104585,0
FTNT.US,5,20250908,161500,79.98,80.04,79.88,79.955,115422,0
FTNT.US,5,20250908,162000,79.955,80.05,79.955,80.01,66391,0
FTNT.US,5,20250908,162500,80.005,80.18,80.005,80.08,44995,0
FTNT.US,5,20250908,163000,80.07577,80.17,80.0081,80.08,30875,0
FTNT.US,5,20250908,163500,80.08,80.1,79.975,80.09,73500,0
FTNT.US,5,20250908,164000,80.09,80.285,80.09,80.115,35226,0
FTNT.US,5,20250908,164500,80.11,80.19,79.97,80.01,73877,0
FTNT.US,5,20250908,165000,80.01,80.08,79.96,80.02,87770,0
FTNT.US,5,20250908,165500,80.01,80.04,80,80.025,33460,0
FTNT.US,5,20250908,170000,80.02,80.02,79.97,80,91011,0
FTNT.US,5,20250908,170500,80.01,80.1093,79.98,80.105,58608,0
FTNT.US,5,20250908,171000,80.11,80.13,80.05,80.05,19438,0
FTNT.US,5,20250908,171500,80.06,80.18,80.04,80.04,33713,0
FTNT.US,5,20250908,172000,80.04,80.04,79.96,80.0118,37308,0
FTNT.US,5,20250908,172500,80.015,80.04,79.93,79.98,58340,0
FTNT.US,5,20250908,173000,80,80.02,79.96,80.01,52483,0
FTNT.US,5,20250908,173500,80.005,80.02,79.965,79.99,53606,0
FTNT.US,5,20250908,174000,79.99,80.0401,79.985,80.02,27733,0
FTNT.US,5,20250908,174500,80.015,80.03,79.88,80.01,98462,0
FTNT.US,5,20250908,175000,80.01,80.01,79.965,80,48977,0
FTNT.US,5,20250908,175500,80,80.0351,79.995,80.015,16442,0
FTNT.US,5,20250908,180000,80.005,80.01,79.985,79.995,28517,0
FTNT.US,5,20250908,180500,80,80.04,79.99,80.01,36699,0
FTNT.US,5,20250908,181000,80.01,80.045,79.995,80.0282,23857,0
FTNT.US,5,20250908,181500,80.025,80.095,80.015,80.04,29626,0
FTNT.US,5,20250908,182000,80.055,80.0682,80.025,80.055,14083,0
FTNT.US,5,20250908,182500,80.05,80.09,80.0284,80.03,10655,0
FTNT.US,5,20250908,183000,80.02,80.025,79.97,80.005,51291,0
FTNT.US,5,20250908,183500,80.0118,80.0399,79.99,80.015,16299,0
FTNT.US,5,20250908,184000,80.015,80.05,80,80,15709,0
FTNT.US,5,20250908,184500,79.99,79.99,79.705,79.705,23342,0
FTNT.US,5,20250908,185000,79.71,79.9616,79.71,79.96,39617,0
FTNT.US,5,20250908,185500,79.96,80.02,79.94,80.02,37842,0
FTNT.US,5,20250908,190000,80.015,80.04,79.9,79.905,92797,0
FTNT.US,5,20250908,190500,79.9,79.9,79.62,79.65,21780,0
FTNT.US,5,20250908,191000,79.63,79.93,79.6,79.905,40556,0
FTNT.US,5,20250908,191500,79.905,80,79.89,80,22966,0
FTNT.US,5,20250908,192000,79.98,80,79.9115,79.98,23033,0
FTNT.US,5,20250908,192500,79.98,80.0076,79.885,79.94,17436,0
FTNT.US,5,20250908,193000,79.95,79.9855,79.91,79.925,18716,0
FTNT.US,5,20250908,193500,79.92,79.94,79.865,79.87,15832,0
FTNT.US,5,20250908,194000,79.87,79.87,79.8,79.83,22866,0
FTNT.US,5,20250908,194500,79.835,79.885,79.82,79.825,20100,0
FTNT.US,5,20250908,195000,79.82,79.82577,79.74,79.81,16422,0
FTNT.US,5,20250908,195500,79.805,79.89,79.77,79.88,16868,0
FTNT.US,5,20250908,200000,79.88,79.89,79.78,79.79,23341,0
FTNT.US,5,20250908,200500,79.79,79.81,79.735,79.81,20965,0
FTNT.US,5,20250908,201000,79.8,79.875,79.8,79.87,9313,0
FTNT.US,5,20250908,201500,79.875,79.95,79.875,79.925,20144,0
FTNT.US,5,20250908,202000,79.925,79.9888,79.9201,79.9888,21031,0
FTNT.US,5,20250908,202500,79.985,80.055,79.97,80.045,30031,0
FTNT.US,5,20250908,203000,80.045,80.1,80.045,80.065,38517,0
FTNT.US,5,20250908,203500,80.06,80.07,80.035,80.055,14806,0
FTNT.US,5,20250908,204000,80.055,80.06,80.0113,80.045,16143,0
FTNT.US,5,20250908,204500,80.05,80.105,80.05,80.07,18893,0
FTNT.US,5,20250908,205000,80.06,80.09,80.01,80.03,20974,0
FTNT.US,5,20250908,205500,80.03,80.05,79.95,79.9917,23236,0
FTNT.US,5,20250908,210000,79.99,80.05,79.96,80.05,30157,0
FTNT.US,5,20250908,210500,80.05,80.055,80,80.0299,13691,0
FTNT.US,5,20250908,211000,80.025,80.03,79.9402,79.945,23537,0
FTNT.US,5,20250908,211500,79.94,79.94,79.872,79.88,16197,0
FTNT.US,5,20250908,212000,79.885,79.94,79.861,79.9,28782,0
FTNT.US,5,20250908,212500,79.9,79.945,79.891,79.945,31592,0
FTNT.US,5,20250908,213000,79.945,80.075,79.945,80.045,31060,0
FTNT.US,5,20250908,213500,80.05,80.16,80.03,80.135,40247,0
FTNT.US,5,20250908,214000,80.135,80.26,80.1312,80.26,35902,0
FTNT.US,5,20250908,214500,80.26,80.331,80.235,80.255,79163,0
FTNT.US,5,20250908,215000,80.25,80.33,80.095,80.325,140954,0
FTNT.US,5,20250908,215500,80.33,80.38,80.29,80.361,864683,0
FTNT.US,5,20250909,153000,80.4,80.4,79.8501,80.175,122921,0
FTNT.US,5,20250909,153500,80.175,80.18,79.76,79.77,39091,0
FTNT.US,5,20250909,154000,79.76,79.97,79.5,79.545,61148,0
FTNT.US,5,20250909,154500,79.54,79.655,79.251,79.6,102587,0
FTNT.US,5,20250909,155000,79.5907,79.71,79.37,79.59,49616,0
FTNT.US,5,20250909,155500,79.58,79.715,79.48,79.69,45809,0
FTNT.US,5,20250909,160000,79.69,79.8,79.55,79.765,109730,0
FTNT.US,5,20250909,160500,79.78,80.03,79.73,80.03,32623,0
FTNT.US,5,20250909,161000,80,80,79.89,79.9744,29075,0
FTNT.US,5,20250909,161500,79.96,80.04,79.91,79.95,26964,0
FTNT.US,5,20250909,162000,79.94,79.95,79.6201,79.66,23396,0
FTNT.US,5,20250909,162500,79.66,79.78,79.58,79.74,75035,0
FTNT.US,5,20250909,163000,79.74,79.89,79.73,79.81,34037,0
FTNT.US,5,20250909,163500,79.8,79.825,79.64,79.82,55632,0
FTNT.US,5,20250909,164000,79.81,79.83,79.665,79.665,15618,0
FTNT.US,5,20250909,164500,79.665,79.93,79.6,79.895,26392,0
FTNT.US,5,20250909,165000,79.91,79.99,79.85,79.98,27584,0
FTNT.US,5,20250909,165500,79.99,80.06,79.98,80.025,17219,0
FTNT.US,5,20250909,170000,80.025,80.09,79.98,80.01,24511,0
FTNT.US,5,20250909,170500,80,80.05,79.965,80.0005,15608,0
FTNT.US,5,20250909,171000,79.975,80.08,79.96,79.96,22305,0
FTNT.US,5,20250909,171500,79.97,80.11,79.96,80,33759,0
FTNT.US,5,20250909,172000,80.02,80.03,79.89,79.9,22524,0
FTNT.US,5,20250909,172500,79.91,80.0485,79.91,80.0253,21251,0
FTNT.US,5,20250909,173000,80,80.0103,79.93,79.98,21007,0
FTNT.US,5,20250909,173500,79.972,80.065,79.972,80.03,13701,0
FTNT.US,5,20250909,174000,80.03,80.04,79.95,79.98,14485,0
FTNT.US,5,20250909,174500,79.98,80,79.83,79.87,17245,0
FTNT.US,5,20250909,175000,79.875,79.95,79.825,79.9495,14862,0
FTNT.US,5,20250909,175500,79.93,79.95,79.83,79.83,15973,0
FTNT.US,5,20250909,180000,79.83,79.92,79.83,79.855,13408,0
FTNT.US,5,20250909,180500,79.85,79.88,79.76,79.76,23863,0
FTNT.US,5,20250909,181000,79.75,79.815,79.74,79.795,20425,0
FTNT.US,5,20250909,181500,79.8,80.13,79.8,80.06,52183,0
FTNT.US,5,20250909,182000,79.99,80.06,79.97,79.975,20862,0
FTNT.US,5,20250909,182500,79.98,79.99,79.92,79.92,8542,0
FTNT.US,5,20250909,183000,79.93,79.9464,79.85,79.86,23375,0
FTNT.US,5,20250909,183500,79.86,79.92,79.84,79.91,11808,0
FTNT.US,5,20250909,184000,79.92,79.94,79.9,79.94,8435,0
FTNT.US,5,20250909,184500,79.93,79.94,79.875,79.89,12416,0
FTNT.US,5,20250909,185000,79.89,79.89,79.8116,79.825,24837,0
FTNT.US,5,20250909,185500,79.82,79.8907,79.815,79.85,18110,0
FTNT.US,5,20250909,190000,79.85,79.87,79.83,79.865,12781,0
FTNT.US,5,20250909,190500,79.87,79.935,79.83,79.875,15329,0
FTNT.US,5,20250909,191000,79.87,79.895,79.8123,79.8416,15552,0
FTNT.US,5,20250909,191500,79.84,79.94,79.84,79.93,15201,0
FTNT.US,5,20250909,192000,79.941,79.9716,79.825,79.8443,12934,0
FTNT.US,5,20250909,192500,79.835,79.945,79.835,79.93,7710,0
FTNT.US,5,20250909,193000,79.92,79.94,79.88,79.89,11814,0
FTNT.US,5,20250909,193500,79.88,79.96,79.85,79.94,53942,0
FTNT.US,5,20250909,194000,79.93,79.96,79.895,79.95,8340,0
FTNT.US,5,20250909,194500,79.95,80.01,79.945,79.97,23857,0
FTNT.US,5,20250909,195000,79.98,80.0054,79.965,80.005,32677,0
FTNT.US,5,20250909,195500,80.005,80.03,79.94,79.95,19072,0
FTNT.US,5,20250909,200000,79.96,80.03,79.92,79.925,51537,0
FTNT.US,5,20250909,200500,79.92,79.99,79.895,79.99,18142,0
FTNT.US,5,20250909,201000,79.995,80.04,79.96,80.02,17242,0
FTNT.US,5,20250909,201500,80.01,80.08,80.005,80.06,11453,0
FTNT.US,5,20250909,202000,80.051,80.12,80.04,80.105,33379,0
FTNT.US,5,20250909,202500,80.11,80.13,80.065,80.065,11086,0
FTNT.US,5,20250909,203000,80.065,80.14,80,80,59970,0
FTNT.US,5,20250909,203500,80.01,80.04,79.965,79.97,29773,0
FTNT.US,5,20250909,204000,79.97,79.9982,79.88,79.88,18580,0
FTNT.US,5,20250909,204500,79.875,79.91,79.815,79.88,23959,0
FTNT.US,5,20250909,205000,79.87,79.99,79.87,79.97,24981,0
FTNT.US,5,20250909,205500,79.97,79.9799,79.92,79.925,18437,0
FTNT.US,5,20250909,210000,79.9272,79.94,79.87,79.94,32573,0
FTNT.US,5,20250909,210500,79.945,79.95,79.905,79.92,14156,0
FTNT.US,5,20250909,211000,79.915,79.95,79.905,79.905,20339,0
FTNT.US,5,20250909,211500,79.9101,80,79.8946,80,26527,0
FTNT.US,5,20250909,212000,80.01,80.04,79.9921,80.04,14903,0
FTNT.US,5,20250909,212500,80.04,80.0599,79.99,80.04,21119,0
FTNT.US,5,20250909,213000,80.04,80.05,79.995,80.025,20822,0
FTNT.US,5,20250909,213500,80.025,80.04,80,80.03,21770,0
FTNT.US,5,20250909,214000,80.025,80.075,80,80.075,31462,0
FTNT.US,5,20250909,214500,80.08,80.165,80.065,80.15,43122,0
FTNT.US,5,20250909,215000,80.15,80.155,80.04,80.095,65716,0
FTNT.US,5,20250909,215500,80.1,80.11,79.84,79.84,756392,0
FTNT.US,5,20250910,153000,79.93,80.4,79.93,80.255,189972,0
FTNT.US,5,20250910,153500,80.26,80.49,80.01,80.0769,42417,0
FTNT.US,5,20250910,154000,80.04,80.52,80.03,80.52,32374,0
FTNT.US,5,20250910,154500,80.51,80.6,80.36,80.5,41212,0
FTNT.US,5,20250910,155000,80.48,80.51,80.17,80.19,44550,0
FTNT.US,5,20250910,155500,80.19,80.24,80.05,80.19,42609,0
FTNT.US,5,20250910,160000,80.19,80.2299,79.88,79.92,56908,0
FTNT.US,5,20250910,160500,79.915,79.9301,79.64,79.705,47262,0
FTNT.US,5,20250910,161000,79.715,79.715,79.44,79.47,37912,0
FTNT.US,5,20250910,161500,79.45,79.51,79.285,79.44,55769,0
FTNT.US,5,20250910,162000,79.415,79.4899,79.345,79.405,33344,0
FTNT.US,5,20250910,162500,79.405,79.5885,79.29,79.5885,36838,0
FTNT.US,5,20250910,163000,79.57,79.57,79.355,79.38,33279,0
FTNT.US,5,20250910,163500,79.4,79.4401,79.01,79.085,74074,0
FTNT.US,5,20250910,164000,79.1,79.55,79.1,79.46,53850,0
FTNT.US,5,20250910,164500,79.43,79.49,79.37,79.43,38470,0
FTNT.US,5,20250910,165000,79.435,79.575,79.36,79.38,50211,0
FTNT.US,5,20250910,165500,79.36,79.54,79.335,79.45,39422,0
FTNT.US,5,20250910,170000,79.46,79.51,79.285,79.39,26397,0
FTNT.US,5,20250910,170500,79.4,79.455,79.3,79.39,28947,0
FTNT.US,5,20250910,171000,79.405,79.475,79.34,79.44,29291,0
FTNT.US,5,20250910,171500,79.42,79.53,79.3764,79.46,31498,0
FTNT.US,5,20250910,172000,79.45,79.45,79.35,79.45,26166,0
FTNT.US,5,20250910,172500,79.445,79.54,79.44,79.51,38615,0
FTNT.US,5,20250910,173000,79.52,79.67,79.47,79.62,46852,0
FTNT.US,5,20250910,173500,79.62,79.62,79.43,79.4601,31640,0
FTNT.US,5,20250910,174000,79.45,79.55,79.37,79.545,34073,0
FTNT.US,5,20250910,174500,79.52,79.66,79.5,79.66,27952,0
FTNT.US,5,20250910,175000,79.655,79.795,79.65,79.68,51340,0
FTNT.US,5,20250910,175500,79.675,79.77,79.62,79.62,23488,0
FTNT.US,5,20250910,180000,79.61,79.62,79.5,79.5,22350,0
FTNT.US,5,20250910,180500,79.5136,79.535,79.42,79.4601,23767,0
FTNT.US,5,20250910,181000,79.475,79.475,79.4,79.45,24315,0
FTNT.US,5,20250910,181500,79.44,79.48,79.415,79.48,33454,0
FTNT.US,5,20250910,182000,79.485,79.525,79.43,79.495,23175,0
FTNT.US,5,20250910,182500,79.5,79.56,79.475,79.475,22888,0
FTNT.US,5,20250910,183000,79.47,79.53,79.42,79.49,43717,0
FTNT.US,5,20250910,183500,79.5,79.55,79.48,79.53,21367,0
FTNT.US,5,20250910,184000,79.51,79.51,79.36,79.43,21699,0
FTNT.US,5,20250910,184500,79.43,79.455,79.385,79.39,21026,0
FTNT.US,5,20250910,185000,79.3901,79.52,79.37,79.46,56520,0
FTNT.US,5,20250910,185500,79.46,79.56,79.44,79.44,42649,0
FTNT.US,5,20250910,190000,79.42,79.42,79.265,79.34,30822,0
FTNT.US,5,20250910,190500,79.33,79.33,79.21,79.215,26205,0
FTNT.US,5,20250910,191000,79.21,79.2801,79.09,79.27,62157,0
FTNT.US,5,20250910,191500,79.265,79.27,79.11,79.1164,13012,0
FTNT.US,5,20250910,192000,79.11,79.13,78.925,78.96,39059,0
FTNT.US,5,20250910,192500,78.97,79,78.9,79,20744,0
FTNT.US,5,20250910,193000,79,79.02,78.94,79,33373,0
FTNT.US,5,20250910,193500,79.005,79.185,78.98,79.17,32120,0
FTNT.US,5,20250910,194000,79.16,79.265,79.155,79.24,19365,0
FTNT.US,5,20250910,194500,79.24,79.35,79.23,79.34,15712,0
FTNT.US,5,20250910,195000,79.34,79.36,79.2,79.2553,28461,0
FTNT.US,5,20250910,195500,79.25,79.355,79.215,79.355,23498,0
FTNT.US,5,20250910,200000,79.365,79.395,79.34,79.34,20605,0
FTNT.US,5,20250910,200500,79.335,79.405,79.3218,79.37,22187,0
FTNT.US,5,20250910,201000,79.36,79.3918,79.3443,79.39,17338,0
FTNT.US,5,20250910,201500,79.39,79.54,79.35,79.47,22474,0
FTNT.US,5,20250910,202000,79.48,79.51,79.44,79.5,23505,0
FTNT.US,5,20250910,202500,79.4904,79.52,79.475,79.495,27842,0
FTNT.US,5,20250910,203000,79.48,79.54,79.4543,79.515,23789,0
FTNT.US,5,20250910,203500,79.51,79.51,79.33,79.42,35165,0
FTNT.US,5,20250910,204000,79.42,79.47,79.4,79.4,17805,0
FTNT.US,5,20250910,204500,79.39,79.415,79.34,79.34,20907,0
FTNT.US,5,20250910,205000,79.34,79.38,79.305,79.3682,20732,0
FTNT.US,5,20250910,205500,79.37,79.51,79.325,79.47,57147,0
FTNT.US,5,20250910,210000,79.485,79.5,79.42,79.43,33086,0
FTNT.US,5,20250910,210500,79.43,79.45,79.365,79.3801,27547,0
FTNT.US,5,20250910,211000,79.385,79.415,79.31,79.34,36595,0
FTNT.US,5,20250910,211500,79.35,79.44,79.315,79.4,37868,0
FTNT.US,5,20250910,212000,79.4,79.405,79.2,79.36,46994,0
FTNT.US,5,20250910,212500,79.365,79.47,79.345,79.409,36993,0
FTNT.US,5,20250910,213000,79.4,79.44,79.28,79.29,63665,0
FTNT.US,5,20250910,213500,79.29,79.325,79.2445,79.265,51271,0
FTNT.US,5,20250910,214000,79.26,79.47,79.255,79.46,67908,0
FTNT.US,5,20250910,214500,79.445,79.49,79.38,79.44,87089,0
FTNT.US,5,20250910,215000,79.44,79.54,79.245,79.51,114523,0
FTNT.US,5,20250910,215500,79.52,79.54,79.4019,79.48,968130,0
FTNT.US,5,20250911,153000,80.04,80.65,80.04,80.34,184944,0
FTNT.US,5,20250911,153500,80.34,80.84,80.34,80.44,65221,0
FTNT.US,5,20250911,154000,80.4,80.43,80,80.03,65345,0
FTNT.US,5,20250911,154500,80.01,80.23,79.88,80.22,65033,0
FTNT.US,5,20250911,155000,80.22,80.43,80.22,80.37,33667,0
FTNT.US,5,20250911,155500,80.37,80.45,80.02,80.025,36480,0
FTNT.US,5,20250911,160000,80.01,80.04,79.88,79.94,88025,0
FTNT.US,5,20250911,160500,79.93,80.02,79.74,79.74,65093,0
FTNT.US,5,20250911,161000,79.74,79.95,79.7,79.87,39689,0
FTNT.US,5,20250911,161500,79.89,79.95,79.77,79.89,58918,0
FTNT.US,5,20250911,162000,79.89,80.085,79.86,80.085,45410,0
FTNT.US,5,20250911,162500,80.08,80.215,80.0715,80.15,27187,0
FTNT.US,5,20250911,163000,80.16,80.26,80.07,80.07,41352,0
FTNT.US,5,20250911,163500,80.055,80.27,80.055,80.26,27530,0
FTNT.US,5,20250911,164000,80.26,80.355,80.11,80.19,41916,0
FTNT.US,5,20250911,164500,80.1888,80.24,80.105,80.125,23719,0
FTNT.US,5,20250911,165000,80.12,80.14,79.93,79.93,36236,0
FTNT.US,5,20250911,165500,79.91,79.91,79.6812,79.72,42486,0
FTNT.US,5,20250911,170000,79.72,79.78,79.71,79.735,28116,0
FTNT.US,5,20250911,170500,79.72,79.86,79.72,79.8126,29388,0
FTNT.US,5,20250911,171000,79.815,79.85,79.75,79.78,46882,0
FTNT.US,5,20250911,171500,79.76,79.83,79.74,79.805,34427,0
FTNT.US,5,20250911,172000,79.8,79.83,79.71,79.825,42223,0
FTNT.US,5,20250911,172500,79.82,80.03,79.71,79.895,72199,0
FTNT.US,5,20250911,173000,79.9,79.99,79.73,79.79,43701,0
FTNT.US,5,20250911,173500,79.795,79.92,79.795,79.83,29804,0
FTNT.US,5,20250911,174000,79.83,79.865,79.7503,79.7503,24208,0
FTNT.US,5,20250911,174500,79.76,80.02,79.76,79.96,27925,0
FTNT.US,5,20250911,175000,79.96,80.31,79.955,80.27,280094,0
FTNT.US,5,20250911,175500,80.2674,80.34,80.26,80.29,13509,0
FTNT.US,5,20250911,180000,80.28,80.41,80.255,80.41,19450,0
FTNT.US,5,20250911,180500,80.44,80.4807,80.24,80.24,21043,0
FTNT.US,5,20250911,181000,80.24,80.39,80.24,80.31,20103,0
FTNT.US,5,20250911,181500,80.31,80.385,80.23,80.23,31701,0
FTNT.US,5,20250911,182000,80.24,80.27,80.1802,80.2,21898,0
FTNT.US,5,20250911,182500,80.22,80.38,80.21,80.31,33515,0
FTNT.US,5,20250911,183000,80.3,80.325,80.24,80.3,28807,0
FTNT.US,5,20250911,183500,80.305,80.305,80.175,80.275,24378,0
FTNT.US,5,20250911,184000,80.275,80.28,80.14,80.265,13705,0
FTNT.US,5,20250911,184500,80.275,80.42,80.275,80.35,24456,0
FTNT.US,5,20250911,185000,80.34,80.42,80.32,80.4,18494,0
FTNT.US,5,20250911,185500,80.39,81.1,80.38,80.76,179339,0
FTNT.US,5,20250911,190000,80.75,80.84,80.6,80.8,41970,0
FTNT.US,5,20250911,190500,80.805,80.845,80.69,80.7,36672,0
FTNT.US,5,20250911,191000,80.69,80.8,80.66,80.75,19600,0
FTNT.US,5,20250911,191500,80.75,80.77,80.6,80.77,30529,0
FTNT.US,5,20250911,192000,80.76,80.98,80.76,80.9,28777,0
FTNT.US,5,20250911,192500,80.9,80.95,80.814,80.83,21300,0
FTNT.US,5,20250911,193000,80.87,80.92,80.825,80.83,17279,0
FTNT.US,5,20250911,193500,80.83,81.04,80.81,80.97,32414,0
FTNT.US,5,20250911,194000,80.99,81.0929,80.93,81.0391,33110,0
FTNT.US,5,20250911,194500,81.05,81.08,80.99,81.065,43565,0
FTNT.US,5,20250911,195000,81.065,81.09,81.005,81.025,24698,0
FTNT.US,5,20250911,195500,81.015,81.07,80.91,81.07,28702,0
FTNT.US,5,20250911,200000,81.06,81.12,81.02,81.07,14028,0
FTNT.US,5,20250911,200500,81.05,81.055,80.935,80.96,32683,0
FTNT.US,5,20250911,201000,80.95,80.9855,80.89,80.94,25991,0
FTNT.US,5,20250911,201500,80.925,81.035,80.87,81.02,14940,0
FTNT.US,5,20250911,202000,81.025,81.1804,81.015,81.155,20430,0
FTNT.US,5,20250911,202500,81.15,81.19,81.12,81.17,18865,0
FTNT.US,5,20250911,203000,81.17,81.185,81.09,81.09,17696,0
FTNT.US,5,20250911,203500,81.07,81.218,81.07,81.18,26481,0
FTNT.US,5,20250911,204000,81.1891,81.2116,81.15,81.2116,22169,0
FTNT.US,5,20250911,204500,81.21,81.225,81.09,81.09,22649,0
FTNT.US,5,20250911,205000,81.0973,81.17,80.97,81.05,38356,0
FTNT.US,5,20250911,205500,81.05,81.075,80.98,81.01,23593,0
FTNT.US,5,20250911,210000,81.01,81.01,80.91,80.93,21413,0
FTNT.US,5,20250911,210500,80.93,81.03,80.87,80.87,31319,0
FTNT.US,5,20250911,211000,80.87,80.92,80.84,80.8813,40216,0
FTNT.US,5,20250911,211500,80.885,80.93,80.84,80.905,39448,0
FTNT.US,5,20250911,212000,80.905,81.04,80.865,80.98,47672,0
FTNT.US,5,20250911,212500,80.98,81.13,80.96,81.12,95579,0
FTNT.US,5,20250911,213000,81.125,81.16,81.01,81.04,61969,0
FTNT.US,5,20250911,213500,81.045,81.07,80.86,80.885,63311,0
FTNT.US,5,20250911,214000,80.885,81.035,80.885,81.01,50048,0
FTNT.US,5,20250911,214500,81.02,81.02,80.955,80.975,46730,0
FTNT.US,5,20250911,215000,80.98,80.99,80.745,80.87,131768,0
FTNT.US,5,20250911,215500,80.88,80.97,80.7575,80.89,944545,0
FTNT.US,5,20250912,153000,80.925,81.27,80.63,81.12,136939,0
FTNT.US,5,20250912,153500,81.115,81.115,80.61,80.64,28901,0
FTNT.US,5,20250912,154000,80.649,80.685,80.33,80.49,43718,0
FTNT.US,5,20250912,154500,80.47,80.47,80.05,80.13,44544,0
FTNT.US,5,20250912,155000,80.145,80.25,79.92,79.97,53220,0
FTNT.US,5,20250912,155500,79.95,80.1,79.86,80.05,71803,0
FTNT.US,5,20250912,160000,80.04,80.19,79.83,80.155,45278,0
FTNT.US,5,20250912,160500,80.14,80.32,80.04,80.3075,49238,0
FTNT.US,5,20250912,161000,80.305,80.32,80.01,80.0161,69287,0
FTNT.US,5,20250912,161500,80.08,80.4,80.08,80.25,31851,0
FTNT.US,5,20250912,162000,80.245,80.305,80.2001,80.25,19287,0
FTNT.US,5,20250912,162500,80.25,80.26,80.13,80.19,22497,0
FTNT.US,5,20250912,163000,80.19,80.1901,80.08,80.19,27147,0
FTNT.US,5,20250912,163500,80.19,80.21,80.11,80.12,13517,0
FTNT.US,5,20250912,164000,80.12,80.155,79.99,80.08,44058,0
FTNT.US,5,20250912,164500,80.09,80.1,79.985,80.05,35724,0
FTNT.US,5,20250912,165000,80.045,80.06,79.92,79.94,22089,0
FTNT.US,5,20250912,165500,79.94,80.01,79.935,79.995,24841,0
FTNT.US,5,20250912,170000,79.995,80.065,79.995,80.01,19802,0
FTNT.US,5,20250912,170500,80.01,80.09,79.99,80.0145,51356,0
FTNT.US,5,20250912,171000,80.02,80.0289,79.875,79.88,28415,0
FTNT.US,5,20250912,171500,79.875,79.925,79.87,79.9,26774,0
FTNT.US,5,20250912,172000,79.92,80.04,79.87,80.03,27012,0
FTNT.US,5,20250912,172500,80.02,80.18,80.0008,80.14,22368,0
FTNT.US,5,20250912,173000,80.13,80.19,80.08,80.09,26952,0
FTNT.US,5,20250912,173500,80.1,80.21,80.1,80.13,15894,0
FTNT.US,5,20250912,174000,80.135,80.18,80.04,80.08,15361,0
FTNT.US,5,20250912,174500,80.0703,80.09,79.91,79.95,17987,0
FTNT.US,5,20250912,175000,79.96,80.06,79.96,79.98,28511,0
FTNT.US,5,20250912,175500,79.975,80.0435,79.97,80.04,28128,0
FTNT.US,5,20250912,180000,80.045,80.07,79.985,79.985,16232,0
FTNT.US,5,20250912,180500,79.985,80,79.95,79.955,13618,0
FTNT.US,5,20250912,181000,79.955,79.99,79.9341,79.9545,21721,0
FTNT.US,5,20250912,181500,79.9545,80.03,79.9545,79.985,14494,0
FTNT.US,5,20250912,182000,79.985,80.07,79.98,80.05,13445,0
FTNT.US,5,20250912,182500,80.05,80.0608,80.0026,80.025,9778,0
FTNT.US,5,20250912,183000,80.04,80.135,80.04,80.13,15661,0
FTNT.US,5,20250912,183500,80.13,80.2,80.09,80.14,22271,0
FTNT.US,5,20250912,184000,80.15,80.18,80.09,80.145,12031,0
FTNT.US,5,20250912,184500,80.14,80.17,80.1,80.13,15061,0
FTNT.US,5,20250912,185000,80.12,80.1274,80.06,80.085,24691,0
FTNT.US,5,20250912,185500,80.07,80.07,79.975,80.02,16070,0
FTNT.US,5,20250912,190000,80.02,80.05,79.9294,79.93,16443,0
FTNT.US,5,20250912,190500,79.93,79.9709,79.91,79.92,23557,0
FTNT.US,5,20250912,191000,79.91,79.91,79.845,79.905,17360,0
FTNT.US,5,20250912,191500,79.9,80.02,79.87,80.01,24567,0
FTNT.US,5,20250912,192000,80,80.04,79.995,80.0307,8887,0
FTNT.US,5,20250912,192500,80.025,80.05,80.005,80.04,7858,0
FTNT.US,5,20250912,193000,80.05,80.05,79.9638,79.9638,20025,0
FTNT.US,5,20250912,193500,79.97,79.995,79.965,79.985,13983,0
FTNT.US,5,20250912,194000,79.98,80.005,79.95,79.995,22082,0
FTNT.US,5,20250912,194500,79.99,80.03,79.96,80.03,22525,0
FTNT.US,5,20250912,195000,80.03,80.105,80.01,80.105,17160,0
FTNT.US,5,20250912,195500,80.105,80.1399,80.09,80.135,8291,0
FTNT.US,5,20250912,200000,80.135,80.165,80.03,80.05,13939,0
FTNT.US,5,20250912,200500,80.045,80.055,79.97,80.01,19919,0
FTNT.US,5,20250912,201000,80.005,80.005,79.945,79.965,19744,0
FTNT.US,5,20250912,201500,79.965,79.995,79.9549,79.985,16334,0
FTNT.US,5,20250912,202000,79.985,80.125,79.97,80.125,16082,0
FTNT.US,5,20250912,202500,80.1237,80.13,80.02,80.05,9231,0
FTNT.US,5,20250912,203000,80.03,80.035,79.98,80.005,20529,0
FTNT.US,5,20250912,203500,80.01,80.03,79.975,79.985,14042,0
FTNT.US,5,20250912,204000,79.98,80.02,79.955,80.02,24773,0
FTNT.US,5,20250912,204500,80.025,80.09,80.02,80.09,10699,0
FTNT.US,5,20250912,205000,80.0865,80.16,80.08,80.135,16324,0
FTNT.US,5,20250912,205500,80.13,80.13,80.07,80.0886,14615,0
FTNT.US,5,20250912,210000,80.085,80.085,80,80.025,20911,0
FTNT.US,5,20250912,210500,80.025,80.0515,79.99,80.045,17086,0
FTNT.US,5,20250912,211000,80.045,80.05,79.97,80.005,20996,0
FTNT.US,5,20250912,211500,80.005,80.11,80.005,80.085,21072,0
FTNT.US,5,20250912,212000,80.09,80.15,80.075,80.08,24541,0
FTNT.US,5,20250912,212500,80.08,80.08,79.945,79.98,30613,0
FTNT.US,5,20250912,213000,79.98,79.985,79.92,79.925,30082,0
FTNT.US,5,20250912,213500,79.925,79.985,79.925,79.955,31622,0
FTNT.US,5,20250912,214000,79.955,79.965,79.915,79.96,35407,0
FTNT.US,5,20250912,214500,79.97,80.065,79.97,80.03,34245,0
FTNT.US,5,20250912,215000,80.04,80.04,79.78,79.81,119401,0
FTNT.US,5,20250912,215500,79.8,79.84,79.65,79.68,874822,0
FTNT.US,5,20250915,153000,80.25,80.47,79.845,80.04,148999,0
FTNT.US,5,20250915,153500,80.1,80.43,80,80.35,23494,0
FTNT.US,5,20250915,154000,80.355,80.83,80.355,80.645,37232,0
FTNT.US,5,20250915,154500,80.635,80.635,80.01,80.225,33991,0
FTNT.US,5,20250915,155000,80.2,80.235,80,80.235,28811,0
FTNT.US,5,20250915,155500,80.22,80.39,80.16,80.3,28878,0
FTNT.US,5,20250915,160000,80.32,80.5,80.185,80.48,32795,0
FTNT.US,5,20250915,160500,80.5,80.6,80.37,80.37,31985,0
FTNT.US,5,20250915,161000,80.37,80.5348,80.33,80.345,28149,0
FTNT.US,5,20250915,161500,80.345,80.36,80.18,80.25,21582,0
FTNT.US,5,20250915,162000,80.245,80.35,80.175,80.35,23804,0
FTNT.US,5,20250915,162500,80.35,80.52,80.34,80.43,45241,0
FTNT.US,5,20250915,163000,80.42,80.45,80.37,80.41,17332,0
FTNT.US,5,20250915,163500,80.405,80.43,80.15,80.19,51084,0
FTNT.US,5,20250915,164000,80.2,80.24,79.93,79.93,50494,0
FTNT.US,5,20250915,164500,79.92,80.085,79.88,80.08,57159,0
FTNT.US,5,20250915,165000,80.09,80.175,80.07,80.17,33791,0
FTNT.US,5,20250915,165500,80.159,80.16,80.01,80.06,33853,0
FTNT.US,5,20250915,170000,80.05,80.075,79.985,80.01,62384,0
FTNT.US,5,20250915,170500,80.01,80.045,79.75,79.765,47464,0
FTNT.US,5,20250915,171000,79.765,79.84,79.65,79.675,66019,0
FTNT.US,5,20250915,171500,79.67,79.86,79.605,79.83,66777,0
FTNT.US,5,20250915,172000,79.83,79.88,79.79,79.835,27860,0
FTNT.US,5,20250915,172500,79.86,79.92,79.835,79.87,22214,0
FTNT.US,5,20250915,173000,79.865,79.96,79.8,79.96,34096,0
FTNT.US,5,20250915,173500,79.96,80.02,79.93,79.97,32605,0
FTNT.US,5,20250915,174000,79.98,80.02,79.85,79.89,31082,0
FTNT.US,5,20250915,174500,79.89,79.8964,79.74,79.745,27151,0
FTNT.US,5,20250915,175000,79.745,79.885,79.74,79.885,41071,0
FTNT.US,5,20250915,175500,79.9129,79.955,79.805,79.8351,23299,0
FTNT.US,5,20250915,180000,79.83,79.9,79.81,79.88,30986,0
FTNT.US,5,20250915,180500,79.87,79.87,79.73,79.835,14093,0
FTNT.US,5,20250915,181000,79.835,79.93,79.835,79.86,18991,0
FTNT.US,5,20250915,181500,79.88,79.88,79.78,79.83,18326,0
FTNT.US,5,20250915,182000,79.84,80.035,79.84,80.01,34834,0
FTNT.US,5,20250915,182500,80.01,80.185,80.005,80.17,24113,0
FTNT.US,5,20250915,183000,80.17,80.31,80.16,80.28,35915,0
FTNT.US,5,20250915,183500,80.29,80.36,80.27,80.345,32319,0
FTNT.US,5,20250915,184000,80.345,80.37,80.195,80.2995,68016,0
FTNT.US,5,20250915,184500,80.29,80.485,80.275,80.46,26783,0
FTNT.US,5,20250915,185000,80.46,80.52,80.375,80.51,38376,0
FTNT.US,5,20250915,185500,80.52,80.55,80.45,80.52,23787,0
FTNT.US,5,20250915,190000,80.54,80.61,80.52,80.6,24861,0
FTNT.US,5,20250915,190500,80.61,80.7,80.575,80.68,30917,0
FTNT.US,5,20250915,191000,80.68,80.76,80.68,80.76,24593,0
FTNT.US,5,20250915,191500,80.7601,80.78,80.66,80.692,37273,0
FTNT.US,5,20250915,192000,80.69,80.69,80.56,80.69,40120,0
FTNT.US,5,20250915,192500,80.7,80.8,80.55,80.65,70787,0
FTNT.US,5,20250915,193000,80.645,80.7,80.47,80.51,54872,0
FTNT.US,5,20250915,193500,80.52,80.58,80.48,80.48,55686,0
FTNT.US,5,20250915,194000,80.49,80.665,80.49,80.6025,44457,0
FTNT.US,5,20250915,194500,80.6,80.77,80.6,80.765,28125,0
FTNT.US,5,20250915,195000,80.765,80.8301,80.76,80.81,30701,0
FTNT.US,5,20250915,195500,80.82,80.995,80.815,80.98,35682,0
FTNT.US,5,20250915,200000,80.975,81.031,80.935,81.02,46345,0
FTNT.US,5,20250915,200500,81.0309,81.0599,80.915,80.95,34000,0
FTNT.US,5,20250915,201000,80.95,80.95,80.77,80.8055,28976,0
FTNT.US,5,20250915,201500,80.8,80.82,80.62,80.715,38806,0
FTNT.US,5,20250915,202000,80.715,80.735,80.655,80.735,25592,0
FTNT.US,5,20250915,202500,80.74,80.745,80.66,80.66,29114,0
FTNT.US,5,20250915,203000,80.65,80.77,80.63,80.75,30811,0
FTNT.US,5,20250915,203500,80.745,80.745,80.65,80.71,21975,0
FTNT.US,5,20250915,204000,80.715,80.74,80.68,80.73,27225,0
FTNT.US,5,20250915,204500,80.72,80.76,80.55,80.76,64289,0
FTNT.US,5,20250915,205000,80.755,80.895,80.75,80.855,31797,0
FTNT.US,5,20250915,205500,80.8575,80.915,80.815,80.885,25388,0
FTNT.US,5,20250915,210000,80.89,80.925,80.78,80.78,35428,0
FTNT.US,5,20250915,210500,80.7817,80.895,80.775,80.895,27030,0
FTNT.US,5,20250915,211000,80.895,80.905,80.635,80.635,41894,0
FTNT.US,5,20250915,211500,80.63,80.66,80.54,80.55,33127,0
FTNT.US,5,20250915,212000,80.57,80.635,80.55,80.58,30447,0
FTNT.US,5,20250915,212500,80.57,80.6114,80.51,80.5975,32112,0
FTNT.US,5,20250915,213000,80.59,80.68,80.525,80.67,70282,0
FTNT.US,5,20250915,213500,80.69,80.745,80.61,80.74,48982,0
FTNT.US,5,20250915,214000,80.75,80.795,80.715,80.76,46193,0
FTNT.US,5,20250915,214500,80.76,80.885,80.75,80.885,44680,0
FTNT.US,5,20250915,215000,80.88,81.06,80.755,81,179638,0
FTNT.US,5,20250915,215500,81,81.02,80.91,81,945196,0
FTNT.US,5,20250916,153000,80.94,81,80.4,80.544,131599,0
FTNT.US,5,20250916,153500,80.51,80.535,80.18,80.245,32290,0
FTNT.US,5,20250916,154000,80.24,80.46,80.0695,80.345,50848,0
FTNT.US,5,20250916,154500,80.35,80.46,80.125,80.38,46277,0
FTNT.US,5,20250916,155000,80.38,80.38,80.05,80.08,34764,0
FTNT.US,5,20250916,155500,80.06,80.28,80.05,80.28,21839,0
FTNT.US,5,20250916,160000,80.26,80.325,80.03,80.11,40940,0
FTNT.US,5,20250916,160500,80.12,80.3,80.09,80.29,32439,0
FTNT.US,5,20250916,161000,80.285,80.43,80.22,80.26,31446,0
FTNT.US,5,20250916,161500,80.3,80.46,80.25,80.35,26322,0
FTNT.US,5,20250916,162000,80.35,80.475,80.35,80.44,20397,0
FTNT.US,5,20250916,162500,80.44,80.48,80.25,80.26,34731,0
FTNT.US,5,20250916,163000,80.25,80.26,80.14,80.2014,23183,0
FTNT.US,5,20250916,163500,80.205,80.24,80.14,80.24,20259,0
FTNT.US,5,20250916,164000,80.21,80.22,80.06,80.1541,21927,0
FTNT.US,5,20250916,164500,80.15,80.19,80.08,80.0886,22371,0
FTNT.US,5,20250916,165000,80.09,80.2225,80.07,80.18,39370,0
FTNT.US,5,20250916,165500,80.185,80.4,80.17,80.33,22595,0
FTNT.US,5,20250916,170000,80.35,80.37,80.195,80.22,27056,0
FTNT.US,5,20250916,170500,80.22,80.47,80.21,80.47,22014,0
FTNT.US,5,20250916,171000,80.46,80.66,80.46,80.66,23563,0
FTNT.US,5,20250916,171500,80.66,80.7,80.49,80.51,26998,0
FTNT.US,5,20250916,172000,80.51,80.515,80.26,80.26,31346,0
FTNT.US,5,20250916,172500,80.26,80.26,80.16,80.2,13843,0
FTNT.US,5,20250916,173000,80.21,80.43,80.195,80.405,18516,0
FTNT.US,5,20250916,173500,80.405,80.47,80.345,80.38,23102,0
FTNT.US,5,20250916,174000,80.38,80.47,80.35,80.435,21265,0
FTNT.US,5,20250916,174500,80.44,80.525,80.43,80.465,8552,0
FTNT.US,5,20250916,175000,80.465,80.51,80.39,80.435,10914,0
FTNT.US,5,20250916,175500,80.41,80.5,80.39,80.46,16695,0
FTNT.US,5,20250916,180000,80.44,80.4827,80.41,80.43,12608,0
FTNT.US,5,20250916,180500,80.45,80.52,80.38,80.52,13627,0
FTNT.US,5,20250916,181000,80.52,80.525,80.37,80.41,14001,0
FTNT.US,5,20250916,181500,80.41,80.4998,80.315,80.34,36075,0
FTNT.US,5,20250916,182000,80.345,80.4,80.31,80.34,13196,0
FTNT.US,5,20250916,182500,80.35,80.35,80.23,80.29,17647,0
FTNT.US,5,20250916,183000,80.26,80.27,80.2,80.26,37499,0
FTNT.US,5,20250916,183500,80.28,80.38,80.28,80.33,26341,0
FTNT.US,5,20250916,184000,80.35,80.38,80.3,80.3,11354,0
FTNT.US,5,20250916,184500,80.315,80.36,80.08,80.095,187940,0
FTNT.US,5,20250916,185000,80.09,80.11,79.98,80.02,30552,0
FTNT.US,5,20250916,185500,80,80.03,79.96,80.01,14092,0
FTNT.US,5,20250916,190000,80,80.0359,79.83,79.83,29016,0
FTNT.US,5,20250916,190500,79.81,79.85,79.69,79.7308,40001,0
FTNT.US,5,20250916,191000,79.695,79.9,79.695,79.82,28567,0
FTNT.US,5,20250916,191500,79.83,79.947,79.8276,79.84,24430,0
FTNT.US,5,20250916,192000,79.845,79.9691,79.83,79.93,27691,0
FTNT.US,5,20250916,192500,79.93,80.05,79.8601,79.98,26669,0
FTNT.US,5,20250916,193000,79.96,80.02,79.9,79.99,31264,0
FTNT.US,5,20250916,193500,79.98,80,79.9,79.98,35891,0
FTNT.US,5,20250916,194000,79.97,79.97,79.89,79.9,25591,0
FTNT.US,5,20250916,194500,79.91,79.95,79.88,79.94,32994,0
FTNT.US,5,20250916,195000,79.96,80.035,79.88,79.89,38674,0
FTNT.US,5,20250916,195500,79.89,79.93,79.8,79.82,32442,0
FTNT.US,5,20250916,200000,79.8101,79.86,79.55,79.63,57810,0
FTNT.US,5,20250916,200500,79.64,79.781,79.6,79.71,40722,0
FTNT.US,5,20250916,201000,79.71,79.845,79.71,79.75,22188,0
FTNT.US,5,20250916,201500,79.745,79.825,79.715,79.785,29128,0
FTNT.US,5,20250916,202000,79.77,79.83,79.74,79.77,24627,0
FTNT.US,5,20250916,202500,79.77,79.8,79.69,79.73,48460,0
FTNT.US,5,20250916,203000,79.7499,79.84,79.72,79.74,27267,0
FTNT.US,5,20250916,203500,79.715,79.7762,79.68,79.73,24953,0
FTNT.US,5,20250916,204000,79.74,79.8,79.74,79.765,22115,0
FTNT.US,5,20250916,204500,79.77,79.94,79.77,79.93,35085,0
FTNT.US,5,20250916,205000,79.94,79.95,79.83,79.835,23535,0
FTNT.US,5,20250916,205500,79.84,79.9,79.78,79.79,45844,0
FTNT.US,5,20250916,210000,79.785,79.81,79.72,79.73,37674,0
FTNT.US,5,20250916,210500,79.735,79.735,79.64,79.675,43341,0
FTNT.US,5,20250916,211000,79.68,79.765,79.68,79.765,38980,0
FTNT.US,5,20250916,211500,79.77,79.88,79.75,79.795,40365,0
FTNT.US,5,20250916,212000,79.8,79.85,79.605,79.622,48588,0
FTNT.US,5,20250916,212500,79.61,79.62,79.49,79.53,50656,0
FTNT.US,5,20250916,213000,79.52,79.58461,79.49,79.57,50472,0
FTNT.US,5,20250916,213500,79.57,79.75,79.57,79.705,55588,0
FTNT.US,5,20250916,214000,79.705,79.77,79.67,79.67,55262,0
FTNT.US,5,20250916,214500,79.68,79.895,79.68,79.855,62705,0
FTNT.US,5,20250916,215000,79.86,79.91,79.73,79.8,127707,0
FTNT.US,5,20250916,215500,79.79,79.85,79.74,79.781,1026210,0
FTNT.US,5,20250917,153000,79.85,80.58,79.85,80.575,148822,0
FTNT.US,5,20250917,153500,80.57,80.67,80.41,80.55,42308,0
FTNT.US,5,20250917,154000,80.56,80.8,80.4,80.45,51540,0
FTNT.US,5,20250917,154500,80.45,80.51,80.28,80.41,34599,0
FTNT.US,5,20250917,155000,80.41,80.47,80.26,80.2851,17295,0
FTNT.US,5,20250917,155500,80.29,80.37,80.05,80.11,51050,0
FTNT.US,5,20250917,160000,80.13,80.32,80,80.272,28403,0
FTNT.US,5,20250917,160500,80.2566,80.41,80.21,80.38,26441,0
FTNT.US,5,20250917,161000,80.37,80.37,80.09,80.16,26920,0
FTNT.US,5,20250917,161500,80.17,80.18,80,80.03,23135,0
FTNT.US,5,20250917,162000,80.03,80.16,80.01,80.15,29730,0
FTNT.US,5,20250917,162500,80.15,80.3,80.13,80.27,31299,0
FTNT.US,5,20250917,163000,80.27,80.34,80.17,80.185,20708,0
FTNT.US,5,20250917,163500,80.19,80.49,80.1452,80.49,25705,0
FTNT.US,5,20250917,164000,80.46,80.535,80.45,80.5099,31497,0
FTNT.US,5,20250917,164500,80.5,80.51,80.38,80.39,60560,0
FTNT.US,5,20250917,165000,80.38,80.42,80.245,80.31,26689,0
FTNT.US,5,20250917,165500,80.315,80.3206,80.06,80.09,19833,0
FTNT.US,5,20250917,170000,80.1,80.1,79.895,79.9442,29154,0
FTNT.US,5,20250917,170500,79.94,80.19,79.94,80.17,21660,0
FTNT.US,5,20250917,171000,80.15,80.34,80.09,80.33,14944,0
FTNT.US,5,20250917,171500,80.34,80.34,80.08,80.08,29581,0
FTNT.US,5,20250917,172000,80.13,80.1364,79.9974,80.02,13277,0
FTNT.US,5,20250917,172500,80.025,80.11,80,80.09,19754,0
FTNT.US,5,20250917,173000,80.08,80.085,79.95,79.9601,21751,0
FTNT.US,5,20250917,173500,79.95,79.97,79.855,79.92,25849,0
FTNT.US,5,20250917,174000,79.93,80.09,79.91,80.08,19790,0
FTNT.US,5,20250917,174500,80.08,80.15,80.02,80.145,39512,0
FTNT.US,5,20250917,175000,80.14,80.155,80.02,80.15,20433,0
FTNT.US,5,20250917,175500,80.145,80.26,80.095,80.145,42763,0
FTNT.US,5,20250917,180000,80.17,80.33,80.14,80.325,29220,0
FTNT.US,5,20250917,180500,80.335,80.4,80.32,80.4,24601,0
FTNT.US,5,20250917,181000,80.4,80.45,80.35,80.37,24987,0
FTNT.US,5,20250917,181500,80.35,80.41,80.25,80.41,20668,0
FTNT.US,5,20250917,182000,80.4105,80.465,80.36,80.38,22739,0
FTNT.US,5,20250917,182500,80.3898,80.4,80.34,80.4,16012,0
FTNT.US,5,20250917,183000,80.405,80.405,80.256,80.256,16693,0
FTNT.US,5,20250917,183500,80.27,80.33,80.26,80.28,14317,0
FTNT.US,5,20250917,184000,80.28,80.31,80.23,80.28,8485,0
FTNT.US,5,20250917,184500,80.265,80.27,80.175,80.23,11839,0
FTNT.US,5,20250917,185000,80.24,80.42,80.235,80.42,11934,0
FTNT.US,5,20250917,185500,80.43,80.5157,80.43,80.46,24984,0
FTNT.US,5,20250917,190000,80.46,80.53,80.38,80.53,15712,0
FTNT.US,5,20250917,190500,80.54,80.54,80.4301,80.48,18562,0
FTNT.US,5,20250917,191000,80.455,80.455,80.395,80.44,10493,0
FTNT.US,5,20250917,191500,80.47,80.4714,80.42,80.4714,6759,0
FTNT.US,5,20250917,192000,80.48,80.515,80.44,80.47,13438,0
FTNT.US,5,20250917,192500,80.48,80.48,80.395,80.43,5446,0
FTNT.US,5,20250917,193000,80.43,80.52,80.43,80.49,10607,0
FTNT.US,5,20250917,193500,80.49,80.55,80.45,80.54,6396,0
FTNT.US,5,20250917,194000,80.55,80.55,80.39,80.45,13478,0
FTNT.US,5,20250917,194500,80.4635,80.49,80.4205,80.48,8828,0
FTNT.US,5,20250917,195000,80.48,80.52,80.465,80.48,7113,0
FTNT.US,5,20250917,195500,80.48,80.52,80.47,80.5,12400,0
FTNT.US,5,20250917,200000,80.58,80.86,80.57,80.8226,27813,0
FTNT.US,5,20250917,200500,80.84,80.8742,80.71,80.71,16431,0
FTNT.US,5,20250917,201000,80.72,80.74,80.36,80.36,19413,0
FTNT.US,5,20250917,201500,80.34,80.5,80.24,80.395,13336,0
FTNT.US,5,20250917,202000,80.4,80.55,80.22,80.5,16581,0
FTNT.US,5,20250917,202500,80.47,80.605,80.42,80.59,8267,0
FTNT.US,5,20250917,203000,80.585,80.6099,80.27,80.3,20795,0
FTNT.US,5,20250917,203500,80.31,80.48,80.05,80.05,22036,0
FTNT.US,5,20250917,204000,80.04,80.24,79.91,80.02,21974,0
FTNT.US,5,20250917,204500,80.05,80.09,79.8,80.02,25373,0
FTNT.US,5,20250917,205000,80.02,80.07,79.72,79.845,21946,0
FTNT.US,5,20250917,205500,79.86,80.23,79.86,80.23,25300,0
FTNT.US,5,20250917,210000,80.225,80.295,80.08,80.17,23388,0
FTNT.US,5,20250917,210500,80.17,80.43,80.14,80.3,37298,0
FTNT.US,5,20250917,211000,80.33,80.45,80.07,80.11,21645,0
FTNT.US,5,20250917,211500,80.13,80.39,80.13,80.31,22530,0
FTNT.US,5,20250917,212000,80.3,80.465,80.27,80.44,37720,0
FTNT.US,5,20250917,212500,80.45,80.49,80.395,80.395,24684,0
FTNT.US,5,20250917,213000,80.4,80.425,80.2351,80.33,42039,0
FTNT.US,5,20250917,213500,80.34,80.41,80.27,80.27,34826,0
FTNT.US,5,20250917,214000,80.26,80.37,80.2035,80.325,37376,0
FTNT.US,5,20250917,214500,80.32,80.33,80.21,80.275,36010,0
FTNT.US,5,20250917,215000,80.28,80.41,80.2,80.41,86904,0
FTNT.US,5,20250917,215500,80.41,80.465,80.24,80.31,201545,0
FTNT.US,5,20250918,153000,81.33,81.69,81.1404,81.69,131695,0
FTNT.US,5,20250918,153500,81.61,81.7,81.39,81.475,53011,0
FTNT.US,5,20250918,154000,81.475,81.8374,81.23,81.65,80134,0
FTNT.US,5,20250918,154500,81.59,81.7,81.37,81.67,52877,0
FTNT.US,5,20250918,155000,81.65,81.85,81.5407,81.7,55880,0
FTNT.US,5,20250918,155500,81.705,81.81,81.22,81.25,50799,0
FTNT.US,5,20250918,160000,81.275,81.46,81.06,81.305,51012,0
FTNT.US,5,20250918,160500,81.31,81.38,81.19,81.26,31447,0
FTNT.US,5,20250918,161000,81.24,81.35,81.12,81.15,29425,0
FTNT.US,5,20250918,161500,81.15,81.15,80.92,81.04,48663,0
FTNT.US,5,20250918,162000,81.04,81.04,80.89,80.97,24379,0
FTNT.US,5,20250918,162500,81,81.0848,80.9,80.93,36582,0
FTNT.US,5,20250918,163000,80.93,81.11,80.88,81.06,28011,0
FTNT.US,5,20250918,163500,81.065,81.33,81.065,81.315,43770,0
FTNT.US,5,20250918,164000,81.33,81.68,81.31,81.67,43792,0
FTNT.US,5,20250918,164500,81.66,81.7,81.49,81.58,44853,0
FTNT.US,5,20250918,165000,81.6,81.66,81.51,81.52,22907,0
FTNT.US,5,20250918,165500,81.54,81.7,81.51,81.63,38368,0
FTNT.US,5,20250918,170000,81.624,81.87,81.565,81.785,51120,0
FTNT.US,5,20250918,170500,81.785,81.82,81.68,81.78,30460,0
FTNT.US,5,20250918,171000,81.79,81.79,81.44,81.48,34732,0
FTNT.US,5,20250918,171500,81.475,81.83,81.475,81.755,26339,0
FTNT.US,5,20250918,172000,81.74,81.84,81.7,81.75,23516,0
FTNT.US,5,20250918,172500,81.76,81.78,81.66,81.67,37252,0
FTNT.US,5,20250918,173000,81.665,81.68,81.545,81.56,27512,0
FTNT.US,5,20250918,173500,81.57,81.609,81.49,81.49,16077,0
FTNT.US,5,20250918,174000,81.5,81.505,81.31,81.34,20118,0
FTNT.US,5,20250918,174500,81.35,81.45,81.3,81.32,15391,0
FTNT.US,5,20250918,175000,81.31,81.345,81.2584,81.27,14463,0
FTNT.US,5,20250918,175500,81.2713,81.2713,81.16,81.18,26055,0
FTNT.US,5,20250918,180000,81.19,81.21,81.145,81.17,16203,0
FTNT.US,5,20250918,180500,81.16,81.19,81.135,81.17,15756,0
FTNT.US,5,20250918,181000,81.17,81.4,81.16,81.38,47407,0
FTNT.US,5,20250918,181500,81.3951,81.525,81.385,81.425,31221,0
FTNT.US,5,20250918,182000,81.42,81.44,81.38,81.415,12153,0
FTNT.US,5,20250918,182500,81.42,81.4421,81.24,81.3,19691,0
FTNT.US,5,20250918,183000,81.281,81.31,81.18,81.1951,22043,0
FTNT.US,5,20250918,183500,81.19,81.19,80.99,81.105,36689,0
FTNT.US,5,20250918,184000,81.09,81.11,81.03,81.11,12156,0
FTNT.US,5,20250918,184500,81.11,81.115,81.025,81.08,12632,0
FTNT.US,5,20250918,185000,81.075,81.15,81.01,81.01,21473,0
FTNT.US,5,20250918,185500,81,81.25,80.985,81.155,33051,0
FTNT.US,5,20250918,190000,81.14,81.2278,81.135,81.18,15928,0
FTNT.US,5,20250918,190500,81.16,81.18,81.06,81.07,14217,0
FTNT.US,5,20250918,191000,81.07,81.1099,80.995,81.05,14830,0
FTNT.US,5,20250918,191500,81.05,81.105,81.01,81.065,12679,0
FTNT.US,5,20250918,192000,81.07,81.16,81.07,81.15,12586,0
FTNT.US,5,20250918,192500,81.13,81.2,81.12,81.15,9370,0
FTNT.US,5,20250918,193000,81.14,81.165,81.095,81.13,16257,0
FTNT.US,5,20250918,193500,81.11,81.11,81.06,81.082,16409,0
FTNT.US,5,20250918,194000,81.07,81.18,81.06,81.115,20641,0
FTNT.US,5,20250918,194500,81.12,81.17,81.09,81.11,17233,0
FTNT.US,5,20250918,195000,81.115,81.19,81.11,81.15,14585,0
FTNT.US,5,20250918,195500,81.14,81.145,81.07,81.095,18268,0
FTNT.US,5,20250918,200000,81.08,81.11,80.959,81.04,19653,0
FTNT.US,5,20250918,200500,81.0201,81.155,80.99,81.09,12891,0
FTNT.US,5,20250918,201000,81.09,81.095,80.99,81.05,18778,0
FTNT.US,5,20250918,201500,81.06,81.19,81.055,81.11,10590,0
FTNT.US,5,20250918,202000,81.1,81.135,81.0724,81.12,14216,0
FTNT.US,5,20250918,202500,81.12,81.15,81.03,81.041,19920,0
FTNT.US,5,20250918,203000,81.045,81.05,80.99,81.05,16763,0
FTNT.US,5,20250918,203500,81.025,81.115,81,81.08,16846,0
FTNT.US,5,20250918,204000,81.07,81.09,81.01,81.035,20249,0
FTNT.US,5,20250918,204500,81.04,81.085,80.98,80.985,24441,0
FTNT.US,5,20250918,205000,80.98,81.09,80.969,81.09,15337,0
FTNT.US,5,20250918,205500,81.1,81.13,81.065,81.12,12439,0
FTNT.US,5,20250918,210000,81.1,81.1806,81.08,81.1806,18936,0
FTNT.US,5,20250918,210500,81.18,81.2035,81.145,81.165,21123,0
FTNT.US,5,20250918,211000,81.155,81.24,81.15,81.19,14472,0
FTNT.US,5,20250918,211500,81.19,81.225,81.08,81.115,35046,0
FTNT.US,5,20250918,212000,81.115,81.124,81.01,81.08,23502,0
FTNT.US,5,20250918,212500,81.085,81.14,81.07,81.12,26593,0
FTNT.US,5,20250918,213000,81.125,81.135,80.95,80.95,34554,0
FTNT.US,5,20250918,213500,80.95,80.95,80.76,80.855,75012,0
FTNT.US,5,20250918,214000,80.86,80.9799,80.855,80.9799,53019,0
FTNT.US,5,20250918,214500,80.97,81.025,80.945,80.955,35230,0
FTNT.US,5,20250918,215000,80.95,81.06,80.83,80.965,91340,0
FTNT.US,5,20250918,215500,80.97,81.055,80.8825,80.99,943480,0
FTNT.US,5,20250919,153000,82.46,83.64,82.17,83.145,1177980,0
FTNT.US,5,20250919,153500,83.145,83.32,82.5,83.255,109088,0
FTNT.US,5,20250919,154000,83.22,83.23,82.83,83.02,66197,0
FTNT.US,5,20250919,154500,83.065,83.1661,82.7,82.92,69019,0
FTNT.US,5,20250919,155000,82.885,83.425,82.87,83.425,66467,0
FTNT.US,5,20250919,155500,83.409,83.57,83.33,83.53,88203,0
FTNT.US,5,20250919,160000,83.56,83.99,83.56,83.985,103862,0
FTNT.US,5,20250919,160500,83.985,84.01,83.66,83.9355,83220,0
FTNT.US,5,20250919,161000,83.945,83.96,83.7111,83.8,50379,0
FTNT.US,5,20250919,161500,83.79,84.09,83.75,84.06,93061,0
FTNT.US,5,20250919,162000,84.055,84.22,83.9693,83.9693,159993,0
FTNT.US,5,20250919,162500,83.99,84.28,83.99,84.2708,70811,0
FTNT.US,5,20250919,163000,84.28,84.41,84.2284,84.315,68498,0
FTNT.US,5,20250919,163500,84.3,84.475,84.12,84.1594,112645,0
FTNT.US,5,20250919,164000,84.165,84.325,84.1,84.2061,53621,0
FTNT.US,5,20250919,164500,84.215,84.32,84.12,84.25,55387,0
FTNT.US,5,20250919,165000,84.25,84.26,83.81,83.8261,53812,0
FTNT.US,5,20250919,165500,83.8224,84.01,83.74,83.82,55522,0
FTNT.US,5,20250919,170000,83.82,83.96,83.54,83.54,35940,0
FTNT.US,5,20250919,170500,83.55,83.735,83.53,83.685,37116,0
FTNT.US,5,20250919,171000,83.7,83.94,83.7,83.81,43565,0
FTNT.US,5,20250919,171500,83.815,83.9,83.73,83.88,55483,0
FTNT.US,5,20250919,172000,83.875,83.96,83.63,83.92,39761,0
FTNT.US,5,20250919,172500,83.925,83.925,83.78,83.82,28316,0
FTNT.US,5,20250919,173000,83.81,83.83,83.63,83.8,33029,0
FTNT.US,5,20250919,173500,83.8,84.27,83.8,84.27,24522,0
FTNT.US,5,20250919,174000,84.27,84.32,84.105,84.15,53871,0
FTNT.US,5,20250919,174500,84.16,84.21,84.11,84.16,32445,0
FTNT.US,5,20250919,175000,84.165,84.245,84.16,84.2,32242,0
FTNT.US,5,20250919,175500,84.19,84.24,84.12,84.14,27751,0
FTNT.US,5,20250919,180000,84.15,84.32,84.145,84.305,41272,0
FTNT.US,5,20250919,180500,84.305,84.36,84.23,84.3399,54307,0
FTNT.US,5,20250919,181000,84.33,84.35,84.25,84.25,31473,0
FTNT.US,5,20250919,181500,84.25,84.25,84.1,84.1281,27841,0
FTNT.US,5,20250919,182000,84.13,84.19,84.05,84.16,32072,0
FTNT.US,5,20250919,182500,84.19,84.35,84.19,84.27,34414,0
FTNT.US,5,20250919,183000,84.26,84.3,84.15,84.21,45068,0
FTNT.US,5,20250919,183500,84.195,84.2779,84.18,84.23,35913,0
FTNT.US,5,20250919,184000,84.23,84.245,84.09,84.13,29074,0
FTNT.US,5,20250919,184500,84.12,84.15,84.06,84.13,46834,0
FTNT.US,5,20250919,185000,84.13,84.13,83.87,83.875,21511,0
FTNT.US,5,20250919,185500,83.875,83.88,83.7687,83.8,22594,0
FTNT.US,5,20250919,190000,83.8,83.8486,83.655,83.655,32186,0
FTNT.US,5,20250919,190500,83.6603,83.71,83.625,83.64,24252,0
FTNT.US,5,20250919,191000,83.64,83.75,83.59,83.6,24902,0
FTNT.US,5,20250919,191500,83.6,83.86,83.59,83.81,27415,0
FTNT.US,5,20250919,192000,83.81,83.86,83.725,83.82,30700,0
FTNT.US,5,20250919,192500,83.825,84.29,83.825,84.11,111551,0
FTNT.US,5,20250919,193000,84.12,84.22,84.06,84.08,41302,0
FTNT.US,5,20250919,193500,84.08,84.155,83.9,83.9,52565,0
FTNT.US,5,20250919,194000,83.92,83.92,83.77,83.905,26711,0
FTNT.US,5,20250919,194500,83.9,83.90972,83.8,83.86,24637,0
FTNT.US,5,20250919,195000,83.83,83.875,83.76,83.82,33407,0
FTNT.US,5,20250919,195500,83.82,83.82,83.72,83.771,28131,0
FTNT.US,5,20250919,200000,83.77,83.78,83.57,83.58,26357,0
FTNT.US,5,20250919,200500,83.58,83.62,83.53,83.565,35490,0
FTNT.US,5,20250919,201000,83.56,83.73,83.54,83.68,19875,0
FTNT.US,5,20250919,201500,83.67,83.7332,83.65,83.67,22401,0
FTNT.US,5,20250919,202000,83.69,83.75,83.66,83.73,20752,0
FTNT.US,5,20250919,202500,83.73,83.795,83.71,83.78,22526,0
FTNT.US,5,20250919,203000,83.77,83.99,83.74,83.97,31640,0
FTNT.US,5,20250919,203500,83.98,84.01,83.96,83.995,28181,0
FTNT.US,5,20250919,204000,83.995,83.995,83.87,83.94,37220,0
FTNT.US,5,20250919,204500,83.94,83.95,83.775,83.78,27169,0
FTNT.US,5,20250919,205000,83.78,83.96,83.76,83.96,65516,0
FTNT.US,5,20250919,205500,83.955,84.04,83.94,83.98,55555,0
FTNT.US,5,20250919,210000,83.98,84.07,83.98,84.03,51586,0
FTNT.US,5,20250919,210500,84.015,84.06,83.915,83.94,31043,0
FTNT.US,5,20250919,211000,83.93,84.06,83.925,84.025,38340,0
FTNT.US,5,20250919,211500,84.025,84.08,83.91,83.985,31356,0
FTNT.US,5,20250919,212000,83.98,83.98,83.78,83.825,44984,0
FTNT.US,5,20250919,212500,83.82,83.98,83.82,83.94,36525,0
FTNT.US,5,20250919,213000,83.94,83.955,83.8651,83.935,46038,0
FTNT.US,5,20250919,213500,83.935,84.2475,83.935,84.15,113633,0
FTNT.US,5,20250919,214000,84.155,84.34,84.13,84.21,74064,0
FTNT.US,5,20250919,214500,84.21,84.375,84.21,84.34,120063,0
FTNT.US,5,20250919,215000,84.35,84.7,84.35,84.68,348152,0
FTNT.US,5,20250919,215500,84.67,84.675,84.2,84.21,580475,0
FTNT.US,5,20250922,153000,83.13,83.18,82.17,82.64,231484,0
FTNT.US,5,20250922,153500,82.635,82.65,81.9,82.36,98076,0
FTNT.US,5,20250922,154000,82.3482,82.63,82.24,82.455,37602,0
FTNT.US,5,20250922,154500,82.44,82.53,82.23,82.36,40176,0
FTNT.US,5,20250922,155000,82.3404,82.57,82.3404,82.56,52851,0
FTNT.US,5,20250922,155500,82.572,82.572,82.32,82.37,47919,0
FTNT.US,5,20250922,160000,82.36,82.54,82.28,82.28,52331,0
FTNT.US,5,20250922,160500,82.26,82.29,81.95,81.99,36092,0
FTNT.US,5,20250922,161000,81.985,82.3289,81.985,82.27,35319,0
FTNT.US,5,20250922,161500,82.25,82.33,82.15,82.28,28060,0
FTNT.US,5,20250922,162000,82.28,82.53,82.25,82.51,50098,0
FTNT.US,5,20250922,162500,82.52,82.67,82.5,82.635,36049,0
FTNT.US,5,20250922,163000,82.63,82.7701,82.51,82.72,31126,0
FTNT.US,5,20250922,163500,82.74,83.05,82.73,83.05,22818,0
FTNT.US,5,20250922,164000,83.05,83.14,83.01,83.06,33962,0
FTNT.US,5,20250922,164500,83.06,83.08,82.96,83.06,30086,0
FTNT.US,5,20250922,165000,83.08,83.2799,83.06,83.23,65394,0
FTNT.US,5,20250922,165500,83.245,83.32,83.17,83.3,40864,0
FTNT.US,5,20250922,170000,83.3,83.61,83.3,83.59,55531,0
FTNT.US,5,20250922,170500,83.6,83.681,83.52,83.66,41520,0
FTNT.US,5,20250922,171000,83.66,83.7497,83.4202,83.5,54516,0
FTNT.US,5,20250922,171500,83.51,83.6,83.44,83.52,40057,0
FTNT.US,5,20250922,172000,83.51,83.59,83.46,83.56,33884,0
FTNT.US,5,20250922,172500,83.55,83.7,83.46,83.615,29507,0
FTNT.US,5,20250922,173000,83.615,83.74,83.61,83.73,30787,0
FTNT.US,5,20250922,173500,83.75,83.785,83.56,83.75,31773,0
FTNT.US,5,20250922,174000,83.7648,83.84,83.73,83.74,19901,0
FTNT.US,5,20250922,174500,83.74,83.88,83.69,83.86,33552,0
FTNT.US,5,20250922,175000,83.855,83.94,83.82,83.87,27776,0
FTNT.US,5,20250922,175500,83.885,83.91,83.73,83.81,18394,0
FTNT.US,5,20250922,180000,83.83,83.94,83.82,83.83,16403,0
FTNT.US,5,20250922,180500,83.83,83.95,83.83,83.945,36236,0
FTNT.US,5,20250922,181000,83.945,83.969,83.8701,83.95,24415,0
FTNT.US,5,20250922,181500,83.95,84.06,83.95,84.06,23532,0
FTNT.US,5,20250922,182000,84.065,84.18,84.05,84.17,20911,0
FTNT.US,5,20250922,182500,84.17,84.22,83.99,84,40576,0
FTNT.US,5,20250922,183000,84.01,84.06,83.975,84.01,23651,0
FTNT.US,5,20250922,183500,84.02,84.203,84.01,84.17,25294,0
FTNT.US,5,20250922,184000,84.18,84.35,84.15,84.335,28128,0
FTNT.US,5,20250922,184500,84.34,84.53,84.34,84.515,31683,0
FTNT.US,5,20250922,185000,84.5249,84.625,84.5,84.6,22783,0
FTNT.US,5,20250922,185500,84.63,84.64,84.5,84.58,19893,0
FTNT.US,5,20250922,190000,84.56,84.65,84.55,84.65,14505,0
FTNT.US,5,20250922,190500,84.65,84.72,84.62,84.65,18285,0
FTNT.US,5,20250922,191000,84.64,84.71,84.59,84.611,22465,0
FTNT.US,5,20250922,191500,84.605,84.685,84.6,84.65,22554,0
FTNT.US,5,20250922,192000,84.64,84.65,84.58,84.5936,34829,0
FTNT.US,5,20250922,192500,84.62,84.645,84.58,84.6,18990,0
FTNT.US,5,20250922,193000,84.605,84.83,84.605,84.81,30672,0
FTNT.US,5,20250922,193500,84.82,84.8598,84.76,84.8,22760,0
FTNT.US,5,20250922,194000,84.79,84.87,84.77,84.845,26375,0
FTNT.US,5,20250922,194500,84.84,84.85,84.73,84.73,21088,0
FTNT.US,5,20250922,195000,84.74,84.78,84.647,84.68,17469,0
FTNT.US,5,20250922,195500,84.7,84.84,84.7,84.835,20344,0
FTNT.US,5,20250922,200000,84.85,84.91,84.8,84.85,31196,0
FTNT.US,5,20250922,200500,84.85,84.99,84.83,84.915,29550,0
FTNT.US,5,20250922,201000,84.92,84.97,84.87,84.95,20289,0
FTNT.US,5,20250922,201500,84.95,85,84.84,84.98,37804,0
FTNT.US,5,20250922,202000,84.985,84.99,84.87,84.875,24294,0
FTNT.US,5,20250922,202500,84.87,84.87,84.81,84.86,31009,0
FTNT.US,5,20250922,203000,84.86,84.915,84.8,84.81,14940,0
FTNT.US,5,20250922,203500,84.805,85,84.805,84.9,35779,0
FTNT.US,5,20250922,204000,84.9,85.04,84.9,85.04,21452,0
FTNT.US,5,20250922,204500,85.04,85.11,84.9901,84.9901,28468,0
FTNT.US,5,20250922,205000,85,85.081,84.97,85.06,22270,0
FTNT.US,5,20250922,205500,85.06,85.12,85.035,85.06,26551,0
FTNT.US,5,20250922,210000,85.06,85.09,84.99,85.03,25435,0
FTNT.US,5,20250922,210500,85.03,85.11,84.98,84.98,39739,0
FTNT.US,5,20250922,211000,84.98,85.02,84.88,85.01,40777,0
FTNT.US,5,20250922,211500,85.0001,85.0001,84.905,84.92,54975,0
FTNT.US,5,20250922,212000,84.91,85.075,84.88,85.02,28817,0
FTNT.US,5,20250922,212500,85.01,85.045,84.95,84.95,38561,0
FTNT.US,5,20250922,213000,84.945,85.045,84.88,85,48332,0
FTNT.US,5,20250922,213500,85.01,85.03,84.94,84.94,55270,0
FTNT.US,5,20250922,214000,84.94,84.995,84.895,84.895,51501,0
FTNT.US,5,20250922,214500,84.89,84.975,84.84,84.85,45546,0
FTNT.US,5,20250922,215000,84.86,85.005,84.84,84.94,98668,0
FTNT.US,5,20250922,215500,84.93,85.075,84.87,85.01,1317180,0
FTNT.US,5,20250923,153000,85.12,85.21,84.2,84.81,147718,0
FTNT.US,5,20250923,153500,84.86,84.99,84.51,84.61,17900,0
FTNT.US,5,20250923,154000,84.59,84.75,84.32,84.72,21897,0
FTNT.US,5,20250923,154500,84.76,84.76,84.275,84.34,44113,0
FTNT.US,5,20250923,155000,84.35,84.45,84.141,84.28,25954,0
FTNT.US,5,20250923,155500,84.32,84.46,84.23,84.39,21036,0
FTNT.US,5,20250923,160000,84.31,84.7499,84.2,84.7499,30552,0
FTNT.US,5,20250923,160500,84.71,85.02,84.685,84.99,31024,0
FTNT.US,5,20250923,161000,84.99,85.28,84.95,85.15,43072,0
FTNT.US,5,20250923,161500,85.1505,85.55,85.1505,85.55,44875,0
FTNT.US,5,20250923,162000,85.54,85.69,85.5,85.645,34592,0
FTNT.US,5,20250923,162500,85.68,85.732,85.2772,85.29,57429,0
FTNT.US,5,20250923,163000,85.31,85.97,85.29,85.95,46093,0
FTNT.US,5,20250923,163500,85.94,85.985,85.67,85.85,50197,0
FTNT.US,5,20250923,164000,85.8572,86,85.81,85.965,25215,0
FTNT.US,5,20250923,164500,85.965,86.06,85.85,85.98,35168,0
FTNT.US,5,20250923,165000,85.98,86.06,85.62,85.7,36225,0
FTNT.US,5,20250923,165500,85.68,85.83,85.68,85.73,22811,0
FTNT.US,5,20250923,170000,85.725,85.75,85.45,85.55,28854,0
FTNT.US,5,20250923,170500,85.5,85.51,85.25,85.32,45354,0
FTNT.US,5,20250923,171000,85.32,85.73,85.32,85.7,28519,0
FTNT.US,5,20250923,171500,85.67,85.71,85.62,85.675,17549,0
FTNT.US,5,20250923,172000,85.65,85.7,85.52,85.53,16601,0
FTNT.US,5,20250923,172500,85.53,85.6799,85.495,85.53,16426,0
FTNT.US,5,20250923,173000,85.51,85.54,85.385,85.46,28104,0
FTNT.US,5,20250923,173500,85.445,85.51,85.4,85.42,34156,0
FTNT.US,5,20250923,174000,85.46,85.48,85.39,85.4275,28379,0
FTNT.US,5,20250923,174500,85.435,85.71,85.41,85.71,25567,0
FTNT.US,5,20250923,175000,85.73,85.78,85.63,85.655,17842,0
FTNT.US,5,20250923,175500,85.65,85.83,85.65,85.82,15689,0
FTNT.US,5,20250923,180000,85.825,85.85,85.66,85.7,19856,0
FTNT.US,5,20250923,180500,85.7,85.74,85.65,85.67,15081,0
FTNT.US,5,20250923,181000,85.69,85.73,85.49,85.52,19332,0
FTNT.US,5,20250923,181500,85.535,85.575,85.49,85.51,17320,0
FTNT.US,5,20250923,182000,85.51,85.59,85.42,85.58,21623,0
FTNT.US,5,20250923,182500,85.56,85.61,85.5,85.57,18940,0
FTNT.US,5,20250923,183000,85.56,85.675,85.5,85.63,12951,0
FTNT.US,5,20250923,183500,85.6,85.63,85.5101,85.6,13581,0
FTNT.US,5,20250923,184000,85.62,85.68,85.58,85.66,8554,0
FTNT.US,5,20250923,184500,85.6613,85.68,85.54,85.575,12467,0
FTNT.US,5,20250923,185000,85.575,85.626,85.55,85.61,13944,0
FTNT.US,5,20250923,185500,85.6,85.68,85.55,85.55,21610,0
FTNT.US,5,20250923,190000,85.59,85.6299,85.5,85.52,11049,0
FTNT.US,5,20250923,190500,85.54,85.7,85.52,85.685,11810,0
FTNT.US,5,20250923,191000,85.685,85.7,85.59,85.65,11619,0
FTNT.US,5,20250923,191500,85.67,85.76,85.64,85.74,13114,0
FTNT.US,5,20250923,192000,85.76,85.76,85.46,85.475,24099,0
FTNT.US,5,20250923,192500,85.49,85.59,85.415,85.415,18790,0
FTNT.US,5,20250923,193000,85.41,85.53,85.3701,85.41,27469,0
FTNT.US,5,20250923,193500,85.4,85.49,85.31,85.31,29557,0
FTNT.US,5,20250923,194000,85.32,85.33,84.9901,85.068,30242,0
FTNT.US,5,20250923,194500,85.067,85.11,84.96,85.05,29322,0
FTNT.US,5,20250923,195000,85.02,85.1,84.96,84.975,14187,0
FTNT.US,5,20250923,195500,84.975,85.04,84.935,84.985,11545,0
FTNT.US,5,20250923,200000,84.985,85.02,84.6465,84.6465,45800,0
FTNT.US,5,20250923,200500,84.665,84.76,84.62,84.725,14977,0
FTNT.US,5,20250923,201000,84.725,84.84,84.7,84.7,13863,0
FTNT.US,5,20250923,201500,84.685,84.83,84.66,84.6776,40594,0
FTNT.US,5,20250923,202000,84.69,84.84,84.67,84.77,18730,0
FTNT.US,5,20250923,202500,84.81,84.93,84.81,84.835,19667,0
FTNT.US,5,20250923,203000,84.8445,84.96,84.8,84.91,28621,0
FTNT.US,5,20250923,203500,84.91,84.96,84.81,84.83,13774,0
FTNT.US,5,20250923,204000,84.84,85.01,84.82,85.01,30099,0
FTNT.US,5,20250923,204500,85.03,85.19,85.03,85.16,22495,0
FTNT.US,5,20250923,205000,85.16,85.1651,85.047,85.06,19111,0
FTNT.US,5,20250923,205500,85.07,85.19,85.05,85.185,32928,0
FTNT.US,5,20250923,210000,85.19,85.25,85.18,85.215,27084,0
FTNT.US,5,20250923,210500,85.215,85.365,85.215,85.32,24491,0
FTNT.US,5,20250923,211000,85.33,85.35,85.2,85.34,36516,0
FTNT.US,5,20250923,211500,85.33,85.46,85.33,85.4,22687,0
FTNT.US,5,20250923,212000,85.385,85.385,85.255,85.255,23230,0
FTNT.US,5,20250923,212500,85.26,85.3044,85.2,85.28,24084,0
FTNT.US,5,20250923,213000,85.285,85.4,85.27,85.37,40413,0
FTNT.US,5,20250923,213500,85.37,85.41,85.09,85.23,73570,0
FTNT.US,5,20250923,214000,85.23,85.41,85.2,85.365,39105,0
FTNT.US,5,20250923,214500,85.37,85.4,85.29,85.31,47385,0
FTNT.US,5,20250923,215000,85.31,85.42,85.2,85.4,107685,0
FTNT.US,5,20250923,215500,85.39,85.43,85.23,85.27,1119682,0
FTNT.US,5,20250924,153000,85.29,86.205,85.29,85.6411,174137,0
FTNT.US,5,20250924,153500,85.63,85.63,85.19,85.205,52928,0
FTNT.US,5,20250924,154000,85.205,85.27,84.86,85.005,39849,0
FTNT.US,5,20250924,154500,84.98,85.2,84.895,84.895,38533,0
FTNT.US,5,20250924,155000,84.945,85.05,84.79,85.015,40767,0
FTNT.US,5,20250924,155500,85.02,85.15,84.89,84.93,42964,0
FTNT.US,5,20250924,160000,84.93,85.3,84.82,85.29,29649,0
FTNT.US,5,20250924,160500,85.2792,85.3,85.08,85.125,25512,0
FTNT.US,5,20250924,161000,85.125,85.26,85.04,85.245,39079,0
FTNT.US,5,20250924,161500,85.265,85.45,85.235,85.28,28164,0
FTNT.US,5,20250924,162000,85.295,85.295,85.11,85.14,21003,0
FTNT.US,5,20250924,162500,85.16,85.36,85.125,85.235,44740,0
FTNT.US,5,20250924,163000,85.22,85.22,84.98,85.035,26079,0
FTNT.US,5,20250924,163500,85.01,85.165,85,85,19958,0
FTNT.US,5,20250924,164000,85,85,84.6857,84.7228,33002,0
FTNT.US,5,20250924,164500,84.73,84.94,84.73,84.86,23277,0
FTNT.US,5,20250924,165000,84.89,84.89,84.8,84.88,9967,0
FTNT.US,5,20250924,165500,84.85,84.95,84.82,84.934,20626,0
FTNT.US,5,20250924,170000,84.925,84.95,84.8,84.84,15132,0
FTNT.US,5,20250924,170500,84.81,84.81,84.65,84.67,14845,0
FTNT.US,5,20250924,171000,84.64,84.65,84.23,84.24,34848,0
FTNT.US,5,20250924,171500,84.24,84.5,84.2,84.4862,32493,0
FTNT.US,5,20250924,172000,84.5,84.57,84.47,84.515,21145,0
FTNT.US,5,20250924,172500,84.515,84.59,84.32,84.37,25448,0
FTNT.US,5,20250924,173000,84.365,84.38,84.11,84.17,26286,0
FTNT.US,5,20250924,173500,84.135,84.271,84.11,84.24,16775,0
FTNT.US,5,20250924,174000,84.24,84.28,84.15,84.185,17522,0
FTNT.US,5,20250924,174500,84.17,84.24,84.05,84.05,28550,0
FTNT.US,5,20250924,175000,84.08,84.15,84.01,84.04,22451,0
FTNT.US,5,20250924,175500,84.025,84.08,83.97,84.0109,33400,0
FTNT.US,5,20250924,180000,84.01,84.047,83.95,83.955,19773,0
FTNT.US,5,20250924,180500,83.97,84.06,83.82,83.87,22254,0
FTNT.US,5,20250924,181000,83.89,83.91,83.78,83.8,22874,0
FTNT.US,5,20250924,181500,83.79,83.79,83.64,83.74,29527,0
FTNT.US,5,20250924,182000,83.73,83.91,83.716,83.91,28419,0
FTNT.US,5,20250924,182500,83.9,83.99,83.87,83.89,24408,0
FTNT.US,5,20250924,183000,83.91,83.94,83.82,83.88,29536,0
FTNT.US,5,20250924,183500,83.8952,84.1,83.895,84.1,15587,0
FTNT.US,5,20250924,184000,84.0815,84.2,84.0815,84.15,14350,0
FTNT.US,5,20250924,184500,84.1334,84.1334,84.035,84.05,15857,0
FTNT.US,5,20250924,185000,84.04,84.05,83.96,84,12960,0
FTNT.US,5,20250924,185500,83.99,84.01,83.7,83.7,16394,0
FTNT.US,5,20250924,190000,83.7,83.83,83.69,83.785,20274,0
FTNT.US,5,20250924,190500,83.8,83.87,83.785,83.87,11107,0
FTNT.US,5,20250924,191000,83.87,84.03,83.87,83.95,22802,0
FTNT.US,5,20250924,191500,83.94,83.94,83.775,83.775,16326,0
FTNT.US,5,20250924,192000,83.77,83.855,83.73,83.855,23259,0
FTNT.US,5,20250924,192500,83.83,83.96,83.76,83.915,11929,0
FTNT.US,5,20250924,193000,83.915,83.965,83.87,83.925,38643,0
FTNT.US,5,20250924,193500,83.93,84.02,83.89,83.985,27540,0
FTNT.US,5,20250924,194000,83.98,84.02,83.93,84,16548,0
FTNT.US,5,20250924,194500,84.01,84.035,83.7,83.83,99767,0
FTNT.US,5,20250924,195000,83.83,83.9374,83.83,83.925,19463,0
FTNT.US,5,20250924,195500,83.93,83.9425,83.82,83.83,24356,0
FTNT.US,5,20250924,200000,83.83,83.9239,83.64,83.72,39097,0
FTNT.US,5,20250924,200500,83.72,83.79,83.655,83.655,22870,0
FTNT.US,5,20250924,201000,83.655,83.6951,83.59,83.6951,19509,0
FTNT.US,5,20250924,201500,83.71,83.8,83.68,83.73,21295,0
FTNT.US,5,20250924,202000,83.72,83.72,83.6,83.62,14024,0
FTNT.US,5,20250924,202500,83.62,83.665,83.54,83.61,23012,0
FTNT.US,5,20250924,203000,83.605,83.61,83.45,83.5,30013,0
FTNT.US,5,20250924,203500,83.52,83.56,83.41,83.41,44792,0
FTNT.US,5,20250924,204000,83.42,83.4259,83.36,83.425,32533,0
FTNT.US,5,20250924,204500,83.42,83.56,83.41,83.535,31926,0
FTNT.US,5,20250924,205000,83.53,83.634,83.5001,83.625,20711,0
FTNT.US,5,20250924,205500,83.6303,83.65,83.541,83.541,18839,0
FTNT.US,5,20250924,210000,83.54,83.55,83.39,83.485,37700,0
FTNT.US,5,20250924,210500,83.48,83.53,83.46,83.4801,20703,0
FTNT.US,5,20250924,211000,83.49,83.68,83.49,83.625,25637,0
FTNT.US,5,20250924,211500,83.625,83.625,83.49,83.57,29089,0
FTNT.US,5,20250924,212000,83.58,83.615,83.48,83.5,29010,0
FTNT.US,5,20250924,212500,83.53,83.56,83.43,83.43,55235,0
FTNT.US,5,20250924,213000,83.435,83.515,83.405,83.455,38845,0
FTNT.US,5,20250924,213500,83.45,83.47,83.37,83.41,34425,0
FTNT.US,5,20250924,214000,83.4,83.47,83.395,83.41,37775,0
FTNT.US,5,20250924,214500,83.401,83.47,83.34,83.46,50578,0
FTNT.US,5,20250924,215000,83.47,83.61,83.45,83.6,120345,0
FTNT.US,5,20250924,215500,83.6,83.66,83.48,83.6,1173064,0
FTNT.US,5,20250925,153000,82.96,82.99,82.27,82.9191,160722,0
FTNT.US,5,20250925,153500,82.92,82.98,82.34,82.45,60774,0
FTNT.US,5,20250925,154000,82.47,82.47,81.89,82.2,60589,0
FTNT.US,5,20250925,154500,82.11,82.29,81.925,82.06,45975,0
FTNT.US,5,20250925,155000,82.06,82.25,81.76,81.92,62718,0
FTNT.US,5,20250925,155500,81.92,82.15,81.86,82.04,45259,0
FTNT.US,5,20250925,160000,82.045,82.2,81.96,82.155,64022,0
FTNT.US,5,20250925,160500,82.13,82.31,82.01,82.28,72571,0
FTNT.US,5,20250925,161000,82.2833,82.34,82.15,82.34,82184,0
FTNT.US,5,20250925,161500,82.34,82.46,82.27,82.405,41680,0
FTNT.US,5,20250925,162000,82.38,82.44,82.32,82.38,25554,0
FTNT.US,5,20250925,162500,82.395,82.5,82.33,82.49,23956,0
FTNT.US,5,20250925,163000,82.51,82.7,82.4964,82.63,36419,0
FTNT.US,5,20250925,163500,82.61,82.815,82.57,82.7958,24379,0
FTNT.US,5,20250925,164000,82.8399,82.8399,82.69,82.77,29476,0
FTNT.US,5,20250925,164500,82.78,83.1099,82.74,83.055,27269,0
FTNT.US,5,20250925,165000,83.04,83.04,82.87,82.88,24463,0
FTNT.US,5,20250925,165500,82.88,83.1399,82.88,83.1,21708,0
FTNT.US,5,20250925,170000,83.07,83.1153,82.85,82.88,26333,0
FTNT.US,5,20250925,170500,82.88,83.04,82.88,82.95,20186,0
FTNT.US,5,20250925,171000,82.9551,83.11,82.9301,83.0162,31878,0
FTNT.US,5,20250925,171500,83,83,82.88,82.955,41132,0
FTNT.US,5,20250925,172000,82.97,83,82.72,82.72,35337,0
FTNT.US,5,20250925,172500,82.7,82.72,82.47,82.52,41366,0
FTNT.US,5,20250925,173000,82.52,82.71,82.49,82.69,24686,0
FTNT.US,5,20250925,173500,82.69,82.91,82.67,82.88,23055,0
FTNT.US,5,20250925,174000,82.89,82.945,82.8,82.93,20786,0
FTNT.US,5,20250925,174500,82.95,83.115,82.94,83.09,22123,0
FTNT.US,5,20250925,175000,83.05,83.065,82.94,82.94,16645,0
FTNT.US,5,20250925,175500,82.945,83,82.92,83,15551,0
FTNT.US,5,20250925,180000,82.995,83.07,82.9,82.9,18141,0
FTNT.US,5,20250925,180500,82.89,82.9637,82.85,82.91,16442,0
FTNT.US,5,20250925,181000,82.93,82.93,82.81,82.81,11795,0
FTNT.US,5,20250925,181500,82.8129,82.92,82.776,82.81,14256,0
FTNT.US,5,20250925,182000,82.79,82.81,82.68,82.755,13196,0
FTNT.US,5,20250925,182500,82.77,82.84,82.74,82.77,10238,0
FTNT.US,5,20250925,183000,82.82,83.12,82.82,83.1,22392,0
FTNT.US,5,20250925,183500,83.115,83.14,83.07,83.08,15652,0
FTNT.US,5,20250925,184000,83.08,83.08,82.87,82.88,11667,0
FTNT.US,5,20250925,184500,82.86,82.9,82.77,82.77,10995,0
FTNT.US,5,20250925,185000,82.785,82.82,82.68,82.8194,29813,0
FTNT.US,5,20250925,185500,82.7801,82.915,82.7801,82.8599,11535,0
FTNT.US,5,20250925,190000,82.83,82.89,82.78,82.8,7543,0
FTNT.US,5,20250925,190500,82.805,82.84,82.77,82.83,11186,0
FTNT.US,5,20250925,191000,82.83,82.9297,82.77,82.9,20800,0
FTNT.US,5,20250925,191500,82.905,82.905,82.78,82.81,23336,0
FTNT.US,5,20250925,192000,82.81,82.815,82.66,82.72,13641,0
FTNT.US,5,20250925,192500,82.72,82.84,82.71,82.805,13569,0
FTNT.US,5,20250925,193000,82.805,82.8699,82.74,82.84,12676,0
FTNT.US,5,20250925,193500,82.84,82.93,82.795,82.885,18994,0
FTNT.US,5,20250925,194000,82.9,83.04,82.87,83.04,19586,0
FTNT.US,5,20250925,194500,83.04,83.06,82.985,82.995,25388,0
FTNT.US,5,20250925,195000,82.995,83.105,82.995,83.09,15512,0
FTNT.US,5,20250925,195500,83.12,83.14,82.9,82.965,24733,0
FTNT.US,5,20250925,200000,82.95971,82.965,82.685,82.685,21310,0
FTNT.US,5,20250925,200500,82.69,82.77,82.67,82.7,19080,0
FTNT.US,5,20250925,201000,82.7,82.91,82.7,82.9,18613,0
FTNT.US,5,20250925,201500,82.91,83.05,82.905,83.04,18251,0
FTNT.US,5,20250925,202000,83.03,83.105,83.01,83.09,12552,0
FTNT.US,5,20250925,202500,83.08,83.0999,83.01,83.09032,14583,0
FTNT.US,5,20250925,203000,83.085,83.11,82.98,83.06,17349,0
FTNT.US,5,20250925,203500,83.07412,83.22,83.05,83.22,15236,0
FTNT.US,5,20250925,204000,83.23,83.32,83.22,83.24,17771,0
FTNT.US,5,20250925,204500,83.24,83.27,83.2,83.26,13204,0
FTNT.US,5,20250925,205000,83.26,83.3,83.17,83.3,26739,0
FTNT.US,5,20250925,205500,83.28,83.35,83.255,83.3,20696,0
FTNT.US,5,20250925,210000,83.3,83.32,83.2,83.2,18867,0
FTNT.US,5,20250925,210500,83.21,83.25,83.16,83.23,20713,0
FTNT.US,5,20250925,211000,83.235,83.325,83.21,83.25,24550,0
FTNT.US,5,20250925,211500,83.245,83.31,83.24,83.28,21025,0
FTNT.US,5,20250925,212000,83.295,83.31,83.175,83.205,15578,0
FTNT.US,5,20250925,212500,83.195,83.26,83.195,83.24,24934,0
FTNT.US,5,20250925,213000,83.24,83.34,83.21,83.275,17540,0
FTNT.US,5,20250925,213500,83.27,83.27,83.155,83.21,18110,0
FTNT.US,5,20250925,214000,83.19,83.305,83.19,83.28,23792,0
FTNT.US,5,20250925,214500,83.28,83.32,83.25,83.28,28929,0
FTNT.US,5,20250925,215000,83.28,83.4,83.185,83.32,69223,0
FTNT.US,5,20250925,215500,83.31,83.315,83.18,83.21,843366,0
FTNT.US,5,20250926,153000,83.15,83.839,82.97,83.625,122096,0
FTNT.US,5,20250926,153500,83.6,83.6234,83.14,83.31,26049,0
FTNT.US,5,20250926,154000,83.36,83.56,83.28,83.3701,32467,0
FTNT.US,5,20250926,154500,83.37,83.85,83.295,83.78,110103,0
FTNT.US,5,20250926,155000,83.79,83.8,83.58,83.6001,34658,0
FTNT.US,5,20250926,155500,83.645,83.88,83.6,83.845,28212,0
FTNT.US,5,20250926,160000,83.83,84.205,83.81,84.205,40137,0
FTNT.US,5,20250926,160500,84.19,84.27,83.97,84.01,35496,0
FTNT.US,5,20250926,161000,84.01,84.04,83.75,83.835,42130,0
FTNT.US,5,20250926,161500,83.8,84.14,83.72,84.1,27403,0
FTNT.US,5,20250926,162000,84.08,84.11,83.98,84.02,16006,0
FTNT.US,5,20250926,162500,83.99,84.14,83.91,84.13,16684,0
FTNT.US,5,20250926,163000,84.11,84.145,83.88,83.9,23665,0
FTNT.US,5,20250926,163500,83.9,84.22,83.88,84.22,21686,0
FTNT.US,5,20250926,164000,84.24,84.33,84.1701,84.1701,17195,0
FTNT.US,5,20250926,164500,84.19,84.19,83.98,83.98,13119,0
FTNT.US,5,20250926,165000,84,84.12,83.94,84.1,15554,0
FTNT.US,5,20250926,165500,84.13,84.24,84.08,84.15,17206,0
FTNT.US,5,20250926,170000,84.1463,84.2,84.09,84.11,8234,0
FTNT.US,5,20250926,170500,84.12,84.31,84.12,84.305,16068,0
FTNT.US,5,20250926,171000,84.31,84.375,84.2629,84.27,20936,0
FTNT.US,5,20250926,171500,84.28,84.62,84.28,84.61,24395,0
FTNT.US,5,20250926,172000,84.63,84.65,84.42,84.445,26529,0
FTNT.US,5,20250926,172500,84.47,84.68,84.46,84.665,26732,0
FTNT.US,5,20250926,173000,84.67,84.815,84.6,84.815,14188,0
FTNT.US,5,20250926,173500,84.8299,84.8299,84.62,84.67,30965,0
FTNT.US,5,20250926,174000,84.67,84.76,84.64,84.735,18677,0
FTNT.US,5,20250926,174500,84.7384,84.76,84.63,84.69,13262,0
FTNT.US,5,20250926,175000,84.7,84.75,84.6,84.6163,14477,0
FTNT.US,5,20250926,175500,84.63,84.66,84.6,84.66,14082,0
FTNT.US,5,20250926,180000,84.67,84.775,84.66,84.7,30051,0
FTNT.US,5,20250926,180500,84.74,84.74,84.51,84.575,23066,0
FTNT.US,5,20250926,181000,84.5775,84.71,84.53,84.71,13013,0
FTNT.US,5,20250926,181500,84.7048,84.7695,84.68,84.74,13936,0
FTNT.US,5,20250926,182000,84.755,84.89,84.74,84.8726,17455,0
FTNT.US,5,20250926,182500,84.875,84.89,84.81,84.82,10571,0
FTNT.US,5,20250926,183000,84.823,84.855,84.71,84.8025,11947,0
FTNT.US,5,20250926,183500,84.78,84.83,84.78,84.81,8099,0
FTNT.US,5,20250926,184000,84.8,84.82,84.695,84.73,11412,0
FTNT.US,5,20250926,184500,84.73,84.75,84.64,84.73,15176,0
FTNT.US,5,20250926,185000,84.72,84.83,84.72,84.81,21457,0
FTNT.US,5,20250926,185500,84.81,84.885,84.78,84.87,11237,0
FTNT.US,5,20250926,190000,84.855,84.855,84.77,84.78,9544,0
FTNT.US,5,20250926,190500,84.78,84.88,84.78,84.785,20710,0
FTNT.US,5,20250926,191000,84.785,84.83,84.76,84.7807,14377,0
FTNT.US,5,20250926,191500,84.79,84.805,84.6217,84.6217,10993,0
FTNT.US,5,20250926,192000,84.6458,84.71,84.64,84.7,9585,0
FTNT.US,5,20250926,192500,84.71,84.85,84.68,84.814,13947,0
FTNT.US,5,20250926,193000,84.835,84.85,84.77,84.82,11843,0
FTNT.US,5,20250926,193500,84.82,84.82,84.76,84.77,9754,0
FTNT.US,5,20250926,194000,84.77,84.801,84.68,84.73,19578,0
FTNT.US,5,20250926,194500,84.74,84.78,84.68,84.6937,11604,0
FTNT.US,5,20250926,195000,84.69,84.725,84.66,84.705,11619,0
FTNT.US,5,20250926,195500,84.7009,84.8,84.69,84.8,15257,0
FTNT.US,5,20250926,200000,84.79,84.83,84.78,84.78,17655,0
FTNT.US,5,20250926,200500,84.78,84.78,84.63,84.645,14932,0
FTNT.US,5,20250926,201000,84.635,84.67,84.56,84.64,11102,0
FTNT.US,5,20250926,201500,84.645,84.75,84.631,84.715,14130,0
FTNT.US,5,20250926,202000,84.715,84.77,84.68,84.77,8651,0
FTNT.US,5,20250926,202500,84.75,84.8,84.73,84.74,10698,0
FTNT.US,5,20250926,203000,84.74,84.81,84.71,84.805,17532,0
FTNT.US,5,20250926,203500,84.79,84.85,84.79,84.83,13275,0
FTNT.US,5,20250926,204000,84.83,84.88,84.73,84.745,14950,0
FTNT.US,5,20250926,204500,84.74,84.74,84.62,84.71,17895,0
FTNT.US,5,20250926,205000,84.7,84.71,84.58,84.58,16508,0
FTNT.US,5,20250926,205500,84.6041,84.69,84.59,84.67,19749,0
FTNT.US,5,20250926,210000,84.65,84.71,84.64,84.665,25577,0
FTNT.US,5,20250926,210500,84.66,84.72,84.635,84.67,26368,0
FTNT.US,5,20250926,211000,84.67,84.71,84.62,84.71,19804,0
FTNT.US,5,20250926,211500,84.71,84.75,84.64,84.65,27368,0
FTNT.US,5,20250926,212000,84.66,84.662,84.585,84.64,30784,0
FTNT.US,5,20250926,212500,84.63,84.69,84.59,84.66,24809,0
FTNT.US,5,20250926,213000,84.67,84.72,84.66,84.7,45444,0
FTNT.US,5,20250926,213500,84.68,84.71,84.575,84.61,40659,0
FTNT.US,5,20250926,214000,84.61,84.64,84.54,84.575,42577,0
FTNT.US,5,20250926,214500,84.57,84.61,84.51,84.61,40439,0
FTNT.US,5,20250926,215000,84.6,84.62,84.4,84.55,79635,0
FTNT.US,5,20250926,215500,84.54,84.54,84.29,84.32,785067,0
FTNT.US,5,20250929,153000,84.88,85.155,84.66,84.9879,133883,0
FTNT.US,5,20250929,153500,85.05,85.05,84.31,84.47,93432,0
FTNT.US,5,20250929,154000,84.56,84.74,84.49,84.59,35217,0
FTNT.US,5,20250929,154500,84.605,84.88,84.51,84.63,51579,0
FTNT.US,5,20250929,155000,84.6,84.955,84.6,84.895,21021,0
FTNT.US,5,20250929,155500,84.93,85.04,84.66,84.74,30950,0
FTNT.US,5,20250929,160000,84.735,84.86,84.67,84.7,32009,0
FTNT.US,5,20250929,160500,84.71,84.8,84.44,84.69,37756,0
FTNT.US,5,20250929,161000,84.665,84.68,84.21,84.21,18606,0
FTNT.US,5,20250929,161500,84.215,84.63,84.215,84.53,41589,0
FTNT.US,5,20250929,162000,84.58,84.82,84.51,84.82,18869,0
FTNT.US,5,20250929,162500,84.84,84.855,84.7691,84.83,15729,0
FTNT.US,5,20250929,163000,84.79,84.82,84.62,84.73,27543,0
FTNT.US,5,20250929,163500,84.74,84.81,84.67,84.69,24126,0
FTNT.US,5,20250929,164000,84.7,84.72,84.41,84.435,29003,0
FTNT.US,5,20250929,164500,84.435,84.53,84.3641,84.37,41461,0
FTNT.US,5,20250929,165000,84.37,84.51,84.37,84.46,25005,0
FTNT.US,5,20250929,165500,84.47,84.48,84.11,84.13,19301,0
FTNT.US,5,20250929,170000,84.14,84.21,84.02,84.13,29071,0
FTNT.US,5,20250929,170500,84.12,84.17,83.9,83.905,61865,0
FTNT.US,5,20250929,171000,83.905,83.95,83.635,83.72,28712,0
FTNT.US,5,20250929,171500,83.72,83.92,83.6,83.89,31095,0
FTNT.US,5,20250929,172000,83.87,83.92,83.6801,83.7,26238,0
FTNT.US,5,20250929,172500,83.72,83.82,83.68,83.795,17513,0
FTNT.US,5,20250929,173000,83.8,83.86,83.76,83.85,13386,0
FTNT.US,5,20250929,173500,83.84,83.91,83.79,83.795,14479,0
FTNT.US,5,20250929,174000,83.795,83.895,83.78,83.87,12537,0
FTNT.US,5,20250929,174500,83.87,83.88,83.7591,83.79,10324,0
FTNT.US,5,20250929,175000,83.79,83.79,83.67,83.7599,27754,0
FTNT.US,5,20250929,175500,83.77,84.1,83.76,84.06,23388,0
FTNT.US,5,20250929,180000,84.07,84.085,83.875,83.925,19978,0
FTNT.US,5,20250929,180500,83.94,84,83.9,83.975,10672,0
FTNT.US,5,20250929,181000,83.99,84.16,83.99,84.07,18290,0
FTNT.US,5,20250929,181500,84.06,84.16,84.02,84.07,12399,0
FTNT.US,5,20250929,182000,84.08,84.11,84.03,84.04,7837,0
FTNT.US,5,20250929,182500,84.045,84.12,84.015,84.11,19488,0
FTNT.US,5,20250929,183000,84.125,84.17,84.0705,84.12,13538,0
FTNT.US,5,20250929,183500,84.12,84.16,84.07,84.095,12033,0
FTNT.US,5,20250929,184000,84.11,84.2951,84.11,84.16,28842,0
FTNT.US,5,20250929,184500,84.17,84.2,84.1,84.19,13969,0
FTNT.US,5,20250929,185000,84.19,84.225,84.12,84.13,16310,0
FTNT.US,5,20250929,185500,84.14,84.265,84.12,84.2525,16376,0
FTNT.US,5,20250929,190000,84.25,84.25,84.13,84.205,10095,0
FTNT.US,5,20250929,190500,84.25,84.25,84.07,84.11,14504,0
FTNT.US,5,20250929,191000,84.09,84.12,84.04,84.0746,10145,0
FTNT.US,5,20250929,191500,84.06,84.26,84.06,84.24,20232,0
FTNT.US,5,20250929,192000,84.23,84.3126,84.215,84.3,18994,0
FTNT.US,5,20250929,192500,84.3,84.38,84.29,84.3425,14791,0
FTNT.US,5,20250929,193000,84.33,84.37,84.265,84.265,14622,0
FTNT.US,5,20250929,193500,84.26,84.35,84.25,84.35,10495,0
FTNT.US,5,20250929,194000,84.34,84.35,84.26,84.29,15321,0
FTNT.US,5,20250929,194500,84.28,84.32,84.19,84.29,21212,0
FTNT.US,5,20250929,195000,84.31,84.45,84.29,84.42,14684,0
FTNT.US,5,20250929,195500,84.41,84.45,84.345,84.385,7183,0
FTNT.US,5,20250929,200000,84.38,84.4,84.23,84.235,15056,0
FTNT.US,5,20250929,200500,84.23,84.29,84.2,84.216,14633,0
FTNT.US,5,20250929,201000,84.21,84.43,84.21,84.42,13641,0
FTNT.US,5,20250929,201500,84.41,84.5,84.375,84.5,19985,0
FTNT.US,5,20250929,202000,84.485,84.56,84.4,84.56,25279,0
FTNT.US,5,20250929,202500,84.54,84.545,84.38,84.39,15395,0
FTNT.US,5,20250929,203000,84.405,84.5,84.39,84.42,14088,0
FTNT.US,5,20250929,203500,84.42,84.51,84.42,84.443,11514,0
FTNT.US,5,20250929,204000,84.44,84.5,84.435,84.475,16935,0
FTNT.US,5,20250929,204500,84.4741,84.58,84.47,84.56,22807,0
FTNT.US,5,20250929,205000,84.56,84.56,84.52,84.555,11099,0
FTNT.US,5,20250929,205500,84.55,84.72,84.55,84.69,16083,0
FTNT.US,5,20250929,210000,84.7,84.72,84.63,84.66,24356,0
FTNT.US,5,20250929,210500,84.67,84.71,84.59,84.63,22004,0
FTNT.US,5,20250929,211000,84.62,84.7225,84.595,84.68,23014,0
FTNT.US,5,20250929,211500,84.68,84.69,84.51,84.545,41706,0
FTNT.US,5,20250929,212000,84.55,84.695,84.54,84.69,34565,0
FTNT.US,5,20250929,212500,84.671,84.68,84.59,84.61,29837,0
FTNT.US,5,20250929,213000,84.61,84.615,84.525,84.58,42373,0
FTNT.US,5,20250929,213500,84.58,84.65,84.56,84.59,33586,0
FTNT.US,5,20250929,214000,84.59,84.63,84.5,84.63,39249,0
FTNT.US,5,20250929,214500,84.62,84.65,84.5484,84.62,54936,0
FTNT.US,5,20250929,215000,84.64,84.77,84.57,84.74,123598,0
FTNT.US,5,20250929,215500,84.75,84.75,84.625,84.65,911054,0
FTNT.US,5,20250930,153000,84.33,84.465,84.01,84.435,89542,0
FTNT.US,5,20250930,153500,84.455,84.73,84.455,84.47,16987,0
FTNT.US,5,20250930,154000,84.5099,84.81,84.48,84.77,19936,0
FTNT.US,5,20250930,154500,84.78,84.82,84.515,84.645,16862,0
FTNT.US,5,20250930,155000,84.65,84.835,84.61,84.78,19931,0
FTNT.US,5,20250930,155500,84.75,84.89,84.72,84.87,18114,0
FTNT.US,5,20250930,160000,84.845,84.99,84.52,84.665,24483,0
FTNT.US,5,20250930,160500,84.64,84.64,84.465,84.63,13994,0
FTNT.US,5,20250930,161000,84.64,84.81,84.58,84.79,13857,0
FTNT.US,5,20250930,161500,84.8,84.93,84.74,84.74,15776,0
FTNT.US,5,20250930,162000,84.7,84.74,84.1,84.265,22885,0
FTNT.US,5,20250930,162500,84.29,84.58,84.24,84.53,33165,0
FTNT.US,5,20250930,163000,84.54,84.61,84.43,84.44,26556,0
FTNT.US,5,20250930,163500,84.46,84.51,84.37,84.45,14059,0
FTNT.US,5,20250930,164000,84.42,84.6,84.37,84.54,16781,0
FTNT.US,5,20250930,164500,84.54,84.635,84.41,84.56,19864,0
FTNT.US,5,20250930,165000,84.53,84.66,84.4886,84.63,21354,0
FTNT.US,5,20250930,165500,84.65,84.8,84.6,84.77,22166,0
FTNT.US,5,20250930,170000,84.78,84.86,84.765,84.79,31658,0
FTNT.US,5,20250930,170500,84.79,84.82,84.645,84.815,23425,0
FTNT.US,5,20250930,171000,84.84,84.84,84.65,84.67,26384,0
FTNT.US,5,20250930,171500,84.68,84.69,84.53,84.58,22120,0
FTNT.US,5,20250930,172000,84.58,84.69,84.48,84.66,18751,0
FTNT.US,5,20250930,172500,84.63,84.65,84.44,84.54,17409,0
FTNT.US,5,20250930,173000,84.52,84.6,84.32,84.35,22135,0
FTNT.US,5,20250930,173500,84.345,84.345,84.1185,84.165,12611,0
FTNT.US,5,20250930,174000,84.1865,84.2757,84.14,84.14,8849,0
FTNT.US,5,20250930,174500,84.17,84.2,84.01,84.08,16773,0
FTNT.US,5,20250930,175000,84.08,84.34,84.08,84.32,17076,0
FTNT.US,5,20250930,175500,84.33,84.33,84.2,84.27,10592,0
FTNT.US,5,20250930,180000,84.28,84.325,84.2237,84.3097,12684,0
FTNT.US,5,20250930,180500,84.28,84.31,84.17,84.235,8240,0
FTNT.US,5,20250930,181000,84.22,84.26,84.16,84.21,10371,0
FTNT.US,5,20250930,181500,84.215,84.22,84.11,84.13,10812,0
FTNT.US,5,20250930,182000,84.16,84.265,84.08,84.08,10556,0
FTNT.US,5,20250930,182500,84.08,84.11,84.04,84.075,6401,0
FTNT.US,5,20250930,183000,84.085,84.23,84.085,84.12,12090,0
FTNT.US,5,20250930,183500,84.13,84.26,84.11,84.15,10063,0
FTNT.US,5,20250930,184000,84.14,84.2095,84.12,84.14,12811,0
FTNT.US,5,20250930,184500,84.14,84.1474,83.95,83.95,18195,0
FTNT.US,5,20250930,185000,83.93,83.99,83.92,83.96,12790,0
FTNT.US,5,20250930,185500,83.94,83.95,83.77,83.815,21669,0
FTNT.US,5,20250930,190000,83.82,83.82,83.71,83.75,12534,0
FTNT.US,5,20250930,190500,83.76,83.76,83.64,83.685,8589,0
FTNT.US,5,20250930,191000,83.7,83.76,83.645,83.73,10031,0
FTNT.US,5,20250930,191500,83.72,83.775,83.655,83.665,7776,0
FTNT.US,5,20250930,192000,83.6651,83.78,83.66,83.69,13216,0
FTNT.US,5,20250930,192500,83.675,83.675,83.57,83.6,18855,0
FTNT.US,5,20250930,193000,83.59,83.63,83.51,83.52,11503,0
FTNT.US,5,20250930,193500,83.5224,83.58,83.5,83.56,15216,0
FTNT.US,5,20250930,194000,83.555,83.67,83.55,83.6482,11773,0
FTNT.US,5,20250930,194500,83.63,83.755,83.63,83.74,8600,0
FTNT.US,5,20250930,195000,83.76,83.88,83.76,83.825,11960,0
FTNT.US,5,20250930,195500,83.81,83.83,83.66,83.68,15405,0
FTNT.US,5,20250930,200000,83.675,83.69,83.55,83.565,12692,0
FTNT.US,5,20250930,200500,83.565,83.76,83.565,83.76,11910,0
FTNT.US,5,20250930,201000,83.76,83.9199,83.76,83.899,8877,0
FTNT.US,5,20250930,201500,83.9,84,83.87,83.901,12381,0
FTNT.US,5,20250930,202000,83.92,84.02,83.92,83.965,9242,0
FTNT.US,5,20250930,202500,83.95,83.95,83.85,83.862,6585,0
FTNT.US,5,20250930,203000,83.85,83.9076,83.83,83.86,14028,0
FTNT.US,5,20250930,203500,83.88,83.98,83.871,83.952,7615,0
FTNT.US,5,20250930,204000,83.95,84.065,83.91,84.065,13859,0
FTNT.US,5,20250930,204500,84.06,84.085,84.015,84.03,14616,0
FTNT.US,5,20250930,205000,84.03,84.03,83.941,83.985,11794,0
FTNT.US,5,20250930,205500,84,84.0265,83.88,83.905,12820,0
FTNT.US,5,20250930,210000,83.905,83.92,83.76,83.83,13735,0
FTNT.US,5,20250930,210500,83.83,84,83.83,83.96,17125,0
FTNT.US,5,20250930,211000,83.96,84.02,83.89,83.895,20044,0
FTNT.US,5,20250930,211500,83.89,83.91,83.81,83.91,19329,0
FTNT.US,5,20250930,212000,83.93,84.025,83.91,83.945,17340,0
FTNT.US,5,20250930,212500,83.93,84,83.89,83.9,21731,0
FTNT.US,5,20250930,213000,83.91,83.99,83.9,83.92,28602,0
FTNT.US,5,20250930,213500,83.915,83.95,83.85,83.92,29423,0
FTNT.US,5,20250930,214000,83.9,83.9,83.77,83.79,32012,0
FTNT.US,5,20250930,214500,83.78,83.975,83.78,83.975,27060,0
FTNT.US,5,20250930,215000,83.98,84.17,83.865,84.13,84497,0
FTNT.US,5,20250930,215500,84.13,84.14,84.065,84.08,957503,0
FTNT.US,5,20251001,153000,83.92,85.23,83.67,85.11,175999,0
FTNT.US,5,20251001,153500,85.1,85.33,84.71,84.835,65206,0
FTNT.US,5,20251001,154000,84.79,84.83,84.5,84.5,20077,0
FTNT.US,5,20251001,154500,84.44,84.47,84.18,84.18,23729,0
FTNT.US,5,20251001,155000,84.17,84.58,84.13,84.58,27298,0
FTNT.US,5,20251001,155500,84.55,85.05,84.5,84.62,48987,0
FTNT.US,5,20251001,160000,84.61,84.69,84.32,84.55,21304,0
FTNT.US,5,20251001,160500,84.48,84.59,84.41,84.47,17342,0
FTNT.US,5,20251001,161000,84.44,84.615,84.42,84.53,8108,0
FTNT.US,5,20251001,161500,84.54,84.62,84.52,84.555,12555,0
FTNT.US,5,20251001,162000,84.54,84.57,84.39,84.42,10576,0
FTNT.US,5,20251001,162500,84.4201,84.69,84.4201,84.52,26119,0
FTNT.US,5,20251001,163000,84.51,84.55,84.31,84.395,14793,0
FTNT.US,5,20251001,163500,84.37,84.58,84.3591,84.43,21681,0
FTNT.US,5,20251001,164000,84.445,84.46,84.27,84.32,20529,0
FTNT.US,5,20251001,164500,84.28,84.32,84.19,84.22,11741,0
FTNT.US,5,20251001,165000,84.25,84.3895,84.19,84.37,16593,0
FTNT.US,5,20251001,165500,84.3697,84.38,84.08,84.08,19591,0
FTNT.US,5,20251001,170000,84.09,84.3653,84.09,84.29,16950,0
FTNT.US,5,20251001,170500,84.295,84.45,84.22,84.45,14372,0
FTNT.US,5,20251001,171000,84.5,84.51,84.38,84.45,13902,0
FTNT.US,5,20251001,171500,84.44,84.5195,84.39,84.435,13168,0
FTNT.US,5,20251001,172000,84.42,84.48,84.28,84.48,15372,0
FTNT.US,5,20251001,172500,84.48,84.57,84.46,84.505,10175,0
FTNT.US,5,20251001,173000,84.52,84.61,84.4,84.43,13545,0
FTNT.US,5,20251001,173500,84.42,84.68,84.42,84.68,18410,0
FTNT.US,5,20251001,174000,84.68,84.7225,84.55,84.55,13367,0
FTNT.US,5,20251001,174500,84.55,84.62,84.51,84.59,11260,0
FTNT.US,5,20251001,175000,84.61,84.65,84.45,84.46,12500,0
FTNT.US,5,20251001,175500,84.4582,84.4582,84.32,84.365,13076,0
FTNT.US,5,20251001,180000,84.365,84.395,84.243,84.28,12427,0
FTNT.US,5,20251001,180500,84.28,84.3,84.085,84.23,18109,0
FTNT.US,5,20251001,181000,84.2141,84.31,84.18,84.3,8559,0
FTNT.US,5,20251001,181500,84.28,84.32,84.25,84.25,10378,0
FTNT.US,5,20251001,182000,84.255,84.261,84.19,84.23,11562,0
FTNT.US,5,20251001,182500,84.23,84.2621,84.2,84.24,9864,0
FTNT.US,5,20251001,183000,84.24,84.26,84.1,84.155,17317,0
FTNT.US,5,20251001,183500,84.18,84.2,84.08,84.12,13916,0
FTNT.US,5,20251001,184000,84.12,84.15,84.02,84.02,12177,0
FTNT.US,5,20251001,184500,84.025,84.06,83.98,83.99,14048,0
FTNT.US,5,20251001,185000,83.99,84.07,83.99,84.04,8665,0
FTNT.US,5,20251001,185500,84.03,84.034,83.965,84.031,12061,0
FTNT.US,5,20251001,190000,84.04,84.0598,83.96,83.985,9645,0
FTNT.US,5,20251001,190500,83.99,84,83.87,83.87,13165,0
FTNT.US,5,20251001,191000,83.87,83.99,83.86,83.87,13783,0
FTNT.US,5,20251001,191500,83.87,83.945,83.85,83.93,11016,0
FTNT.US,5,20251001,192000,83.91,84.0401,83.87,84.02,14445,0
FTNT.US,5,20251001,192500,84.015,84.015,83.88,83.94,14159,0
FTNT.US,5,20251001,193000,83.955,83.99,83.86,83.875,8560,0
FTNT.US,5,20251001,193500,83.86,83.98,83.84,83.94,13777,0
FTNT.US,5,20251001,194000,83.96,83.96,83.87,83.89,12521,0
FTNT.US,5,20251001,194500,83.9,83.93,83.86,83.92,10070,0
FTNT.US,5,20251001,195000,83.93,84.2,83.92,84.2,9030,0
FTNT.US,5,20251001,195500,84.22,84.24,84.02,84.06,19030,0
FTNT.US,5,20251001,200000,84.04,84.18,84.04,84.18,7168,0
FTNT.US,5,20251001,200500,84.21,84.26,84.2,84.21,10845,0
FTNT.US,5,20251001,201000,84.22,84.24,84.21,84.21,13778,0
FTNT.US,5,20251001,201500,84.21,84.26,84.2,84.245,16897,0
FTNT.US,5,20251001,202000,84.23,84.44,84.19,84.3801,34374,0
FTNT.US,5,20251001,202500,84.4,84.46,84.35,84.44,35998,0
FTNT.US,5,20251001,203000,84.45,84.45,84.3204,84.385,12900,0
FTNT.US,5,20251001,203500,84.39,84.405,84.33,84.39,10230,0
FTNT.US,5,20251001,204000,84.39,84.42,84.29,84.4,14040,0
FTNT.US,5,20251001,204500,84.41,84.51,84.37,84.48,14817,0
FTNT.US,5,20251001,205000,84.485,84.5306,84.46,84.51,15246,0
FTNT.US,5,20251001,205500,84.51,84.61,84.51,84.54,17684,0
FTNT.US,5,20251001,210000,84.56,84.6786,84.55,84.6,14149,0
FTNT.US,5,20251001,210500,84.6154,84.65,84.59,84.65,16883,0
FTNT.US,5,20251001,211000,84.65,84.76,84.63,84.665,34884,0
FTNT.US,5,20251001,211500,84.65,84.745,84.64,84.74,19361,0
FTNT.US,5,20251001,212000,84.745,84.82,84.73,84.735,23309,0
FTNT.US,5,20251001,212500,84.735,84.945,84.735,84.94,36144,0
FTNT.US,5,20251001,213000,84.935,85.055,84.92,84.97,40618,0
FTNT.US,5,20251001,213500,84.97,85.085,84.97,85.06,45459,0
FTNT.US,5,20251001,214000,85.06,85.15,85.03,85.11,37633,0
FTNT.US,5,20251001,214500,85.12,85.245,85.11,85.23,47657,0
FTNT.US,5,20251001,215000,85.21,85.27,85.09,85.18,93703,0
FTNT.US,5,20251001,215500,85.19,85.26,85.145,85.18,1025241,0
FTNT.US,5,20251002,153000,85.25,85.61,85.115,85.215,153170,0
FTNT.US,5,20251002,153500,85.215,85.61,85.06,85.06,35090,0
FTNT.US,5,20251002,154000,85.0544,85.12,84.68,84.8487,55528,0
FTNT.US,5,20251002,154500,84.76,84.99,84.6601,84.919,22690,0
FTNT.US,5,20251002,155000,84.91,85.54,84.84,85.4706,18279,0
FTNT.US,5,20251002,155500,85.49,85.56,85.34,85.375,23738,0
FTNT.US,5,20251002,160000,85.35,85.47,84.99,85.04,21944,0
FTNT.US,5,20251002,160500,85.045,85.2917,85.045,85.2,12700,0
FTNT.US,5,20251002,161000,85.17,85.325,85.16,85.25,15111,0
FTNT.US,5,20251002,161500,85.23,85.47,85.21,85.45,18111,0
FTNT.US,5,20251002,162000,85.455,85.77,85.38,85.76,21396,0
FTNT.US,5,20251002,162500,85.76,85.945,85.71,85.855,32619,0
FTNT.US,5,20251002,163000,85.84,85.975,85.77,85.81,43161,0
FTNT.US,5,20251002,163500,85.78,85.9696,85.65,85.93,20993,0
FTNT.US,5,20251002,164000,85.98,85.98,85.78,85.845,43679,0
FTNT.US,5,20251002,164500,85.83,85.925,85.63,85.83,28592,0
FTNT.US,5,20251002,165000,85.83,85.88,85.73,85.80827,17886,0
FTNT.US,5,20251002,165500,85.825,85.835,85.731,85.755,25247,0
FTNT.US,5,20251002,170000,85.77,85.82,85.66,85.6861,30925,0
FTNT.US,5,20251002,170500,85.685,85.92,85.66,85.86,37543,0
FTNT.US,5,20251002,171000,85.86,85.9074,85.61,85.82,28774,0
FTNT.US,5,20251002,171500,85.82,85.86,85.7,85.77,19130,0
FTNT.US,5,20251002,172000,85.76,86.05,85.74,86.05,29456,0
FTNT.US,5,20251002,172500,86.03,86.03,85.83,85.875,13893,0
FTNT.US,5,20251002,173000,85.875,85.925,85.77,85.78,10066,0
FTNT.US,5,20251002,173500,85.78,85.78,85.43,85.53,17421,0
FTNT.US,5,20251002,174000,85.545,85.6441,85.46,85.49,18365,0
FTNT.US,5,20251002,174500,85.47,85.59,85.39,85.58,14127,0
FTNT.US,5,20251002,175000,85.595,85.6801,85.59,85.638,10244,0
FTNT.US,5,20251002,175500,85.651,85.68,85.6,85.6387,10478,0
FTNT.US,5,20251002,180000,85.64,85.64,85.48,85.48,12897,0
FTNT.US,5,20251002,180500,85.47,85.63,85.45,85.58,20092,0
FTNT.US,5,20251002,181000,85.58,85.58,85.3401,85.355,8882,0
FTNT.US,5,20251002,181500,85.34,85.34,85.23,85.26,11952,0
FTNT.US,5,20251002,182000,85.255,85.38,85.24,85.33,18116,0
FTNT.US,5,20251002,182500,85.35,85.38,85.29,85.36,10086,0
FTNT.US,5,20251002,183000,85.365,85.55,85.32,85.53,16467,0
FTNT.US,5,20251002,183500,85.53,85.55,85.44055,85.46,12190,0
FTNT.US,5,20251002,184000,85.46,85.46,85.33,85.425,11828,0
FTNT.US,5,20251002,184500,85.43,85.48,85.425,85.435,8460,0
FTNT.US,5,20251002,185000,85.45,85.5,85.45,85.48,11048,0
FTNT.US,5,20251002,185500,85.48,85.58,85.45,85.465,11133,0
FTNT.US,5,20251002,190000,85.465,85.57,85.38,85.57,14537,0
FTNT.US,5,20251002,190500,85.58,85.63,85.5572,85.58,13230,0
FTNT.US,5,20251002,191000,85.57,85.7,85.5472,85.66,26224,0
FTNT.US,5,20251002,191500,85.65,85.67,85.59,85.61,14940,0
FTNT.US,5,20251002,192000,85.61,85.7171,85.5875,85.7,16055,0
FTNT.US,5,20251002,192500,85.7,85.77,85.605,85.63,19218,0
FTNT.US,5,20251002,193000,85.62,85.63,85.57,85.62,8979,0
FTNT.US,5,20251002,193500,85.61,85.83,85.6,85.83,21489,0
FTNT.US,5,20251002,194000,85.835,85.96,85.79,85.96,12813,0
FTNT.US,5,20251002,194500,85.9601,86,85.915,85.94,18797,0
FTNT.US,5,20251002,195000,85.925,85.95,85.825,85.85,13344,0
FTNT.US,5,20251002,195500,85.87,85.93,85.86,85.89,10544,0
FTNT.US,5,20251002,200000,85.91,86,85.82,85.875,18837,0
FTNT.US,5,20251002,200500,85.875,85.935,85.77,85.93,16740,0
FTNT.US,5,20251002,201000,85.95,86.03,85.89,85.95,29721,0
FTNT.US,5,20251002,201500,85.945,86.025,85.94,85.99,16184,0
FTNT.US,5,20251002,202000,85.99,86.09,85.965,86.06,30142,0
FTNT.US,5,20251002,202500,86.02,86.05,85.965,85.97,9906,0
FTNT.US,5,20251002,203000,85.97,86.05,85.89,85.985,23492,0
FTNT.US,5,20251002,203500,85.97,85.9998,85.94,85.975,13069,0
FTNT.US,5,20251002,204000,85.98,86.045,85.96,85.97,16191,0
FTNT.US,5,20251002,204500,85.9795,86.01,85.9,85.93,32205,0
FTNT.US,5,20251002,205000,85.95,86.03,85.945,86.01,19987,0
FTNT.US,5,20251002,205500,85.99,86.035,85.94,85.94,26248,0
FTNT.US,5,20251002,210000,85.94,85.97,85.87,85.89,20465,0
FTNT.US,5,20251002,210500,85.885,86.02,85.885,85.93,27342,0
FTNT.US,5,20251002,211000,85.93,86.01,85.915,85.981,24503,0
FTNT.US,5,20251002,211500,85.97,85.99,85.925,85.99,24473,0
FTNT.US,5,20251002,212000,85.99,86.04,85.97,86,23856,0
FTNT.US,5,20251002,212500,86.01,86.03,85.9,85.9,42741,0
FTNT.US,5,20251002,213000,85.9,85.96,85.9,85.91,24568,0
FTNT.US,5,20251002,213500,85.905,85.98,85.905,85.965,39732,0
FTNT.US,5,20251002,214000,85.9651,86.095,85.965,86.06,43104,0
FTNT.US,5,20251002,214500,86.055,86.28,86.05,86.26,120210,0
FTNT.US,5,20251002,215000,86.26,86.32,86.14,86.315,120811,0
FTNT.US,5,20251002,215500,86.33,86.39,86.235,86.29,903864,0
FTNT.US,5,20251003,153000,86.8,87.15,86.73,86.74,80417,0
FTNT.US,5,20251003,153500,86.7851,86.7901,86.55,86.68,26219,0
FTNT.US,5,20251003,154000,86.72,86.78,86.64,86.75,16423,0
FTNT.US,5,20251003,154500,86.815,87.24,86.75,87.165,21114,0
FTNT.US,5,20251003,155000,87.17,87.17,86.84,86.885,33380,0
FTNT.US,5,20251003,155500,86.91,87,86.86,86.9401,21856,0
FTNT.US,5,20251003,160000,86.945,86.945,86.415,86.49,46348,0
FTNT.US,5,20251003,160500,86.4885,86.535,86.3601,86.4,22137,0
FTNT.US,5,20251003,161000,86.385,86.555,86.365,86.535,15727,0
FTNT.US,5,20251003,161500,86.56,86.755,86.52,86.615,22668,0
FTNT.US,5,20251003,162000,86.58,86.765,86.53,86.765,17479,0
FTNT.US,5,20251003,162500,86.77,87.06,86.74,87.055,46246,0
FTNT.US,5,20251003,163000,87.02,87.2,86.96,87.04,28560,0
FTNT.US,5,20251003,163500,87.03,87.065,86.97,87.025,7218,0
FTNT.US,5,20251003,164000,87,87.075,86.935,86.97,17754,0
FTNT.US,5,20251003,164500,86.945,87.0303,86.9299,86.95,13336,0
FTNT.US,5,20251003,165000,86.95,87.0494,86.95,87.03,8851,0
FTNT.US,5,20251003,165500,87.035,87.07,86.935,87.01,17225,0
FTNT.US,5,20251003,170000,86.975,87.1298,86.96,87.1,32346,0
FTNT.US,5,20251003,170500,87.13,87.16,87.01,87.025,26334,0
FTNT.US,5,20251003,171000,87.03,87.07,86.98,87.03,14817,0
FTNT.US,5,20251003,171500,87.04,87.08,86.93,86.98,13138,0
FTNT.US,5,20251003,172000,86.98,87.055,86.86,86.91,12850,0
FTNT.US,5,20251003,172500,86.9,86.9,86.665,86.69,20695,0
FTNT.US,5,20251003,173000,86.675,86.77,86.63,86.695,12229,0
FTNT.US,5,20251003,173500,86.66,86.67,86.48,86.5111,26344,0
FTNT.US,5,20251003,174000,86.51,86.605,86.48,86.49,20049,0
FTNT.US,5,20251003,174500,86.46,86.58,86.46,86.5675,10338,0
FTNT.US,5,20251003,175000,86.605,86.89,86.605,86.76,21540,0
FTNT.US,5,20251003,175500,86.77,86.79,86.67,86.72,8132,0
FTNT.US,5,20251003,180000,86.715,86.715,86.62,86.69,12235,0
FTNT.US,5,20251003,180500,86.72,86.845,86.72,86.82,7244,0
FTNT.US,5,20251003,181000,86.84,86.84,86.71,86.75,9009,0
FTNT.US,5,20251003,181500,86.755,86.76,86.68,86.685,14395,0
FTNT.US,5,20251003,182000,86.7,86.72,86.65,86.715,5546,0
FTNT.US,5,20251003,182500,86.725,86.86,86.6491,86.86,9824,0
FTNT.US,5,20251003,183000,86.85,86.89,86.73,86.775,13113,0
FTNT.US,5,20251003,183500,86.7825,86.93,86.75,86.78,11538,0
FTNT.US,5,20251003,184000,86.78,86.9,86.75,86.89,11453,0
FTNT.US,5,20251003,184500,86.86,86.9,86.8,86.84,8432,0
FTNT.US,5,20251003,185000,86.845,86.9,86.84,86.86,8378,0
FTNT.US,5,20251003,185500,86.86,86.89,86.81,86.845,16468,0
FTNT.US,5,20251003,190000,86.845,86.92,86.7,86.7052,18897,0
FTNT.US,5,20251003,190500,86.73,86.85,86.7026,86.845,15240,0
FTNT.US,5,20251003,191000,86.89,86.97,86.84,86.85,11305,0
FTNT.US,5,20251003,191500,86.86,86.92,86.815,86.86,18529,0
FTNT.US,5,20251003,192000,86.83,86.86,86.77,86.83,11839,0
FTNT.US,5,20251003,192500,86.85,86.88,86.79,86.79,10631,0
FTNT.US,5,20251003,193000,86.77,86.87,86.76,86.81,10848,0
FTNT.US,5,20251003,193500,86.82,86.91,86.7,86.865,21899,0
FTNT.US,5,20251003,194000,86.87,86.88,86.79,86.86,25662,0
FTNT.US,5,20251003,194500,86.88,86.9,86.8,86.86,20126,0
FTNT.US,5,20251003,195000,86.87,86.87,86.33,86.4,71246,0
FTNT.US,5,20251003,195500,86.39,86.42,86.2749,86.275,12386,0
FTNT.US,5,20251003,200000,86.28,86.34,86.2142,86.26,10877,0
FTNT.US,5,20251003,200500,86.24,86.314,86.14,86.275,11508,0
FTNT.US,5,20251003,201000,86.28,86.4799,86.275,86.45,10778,0
FTNT.US,5,20251003,201500,86.4521,86.59,86.42,86.56,8470,0
FTNT.US,5,20251003,202000,86.58,86.62,86.54,86.61,10617,0
FTNT.US,5,20251003,202500,86.62,86.73,86.59,86.725,13103,0
FTNT.US,5,20251003,203000,86.7103,86.7526,86.595,86.6051,11308,0
FTNT.US,5,20251003,203500,86.63,86.66,86.57,86.6,7031,0
FTNT.US,5,20251003,204000,86.62,86.72,86.61,86.655,8223,0
FTNT.US,5,20251003,204500,86.65,86.67,86.52,86.53,11852,0
FTNT.US,5,20251003,205000,86.54,86.58,86.47,86.58,5658,0
FTNT.US,5,20251003,205500,86.62,86.66,86.55,86.655,6498,0
FTNT.US,5,20251003,210000,86.655,86.66,86.59,86.63,8176,0
FTNT.US,5,20251003,210500,86.62,86.7,86.57,86.63,13933,0
FTNT.US,5,20251003,211000,86.64,86.675,86.59,86.6,7790,0
FTNT.US,5,20251003,211500,86.61,86.71,86.565,86.6,20818,0
FTNT.US,5,20251003,212000,86.595,86.6,86.43,86.45,17709,0
FTNT.US,5,20251003,212500,86.445,86.445,86.3105,86.32,26341,0
FTNT.US,5,20251003,213000,86.3,86.465,86.29,86.45,20744,0
FTNT.US,5,20251003,213500,86.445,86.47,86.38,86.38,22333,0
FTNT.US,5,20251003,214000,86.39,86.49,86.39,86.405,20368,0
FTNT.US,5,20251003,214500,86.405,86.45,86.395,86.4222,27400,0
FTNT.US,5,20251003,215000,86.41,86.41,86.07,86.07,65024,0
FTNT.US,5,20251003,215500,86.06,86.06,85.54,85.79,1124632,0
FTNT.US,5,20251006,153000,86.35,86.55,86.05,86.435,106382,0
FTNT.US,5,20251006,153500,86.435,86.47,86.07,86.12,20603,0
FTNT.US,5,20251006,154000,86.1406,86.31,85.975,86,34039,0
FTNT.US,5,20251006,154500,86.04,86.58,86.035,86.52,42389,0
FTNT.US,5,20251006,155000,86.52,87.19,86.49,87.1,52162,0
FTNT.US,5,20251006,155500,87.1,87.12,86.5183,86.61,30859,0
FTNT.US,5,20251006,160000,86.66,86.74,86.407,86.7,36421,0
FTNT.US,5,20251006,160500,86.73,87.125,86.53,86.6,36796,0
FTNT.US,5,20251006,161000,86.605,86.605,86.3,86.3859,16599,0
FTNT.US,5,20251006,161500,86.39,86.55,86.35,86.36,20637,0
FTNT.US,5,20251006,162000,86.35,86.35,86.11,86.155,30313,0
FTNT.US,5,20251006,162500,86.18,86.18,85.97,86.065,25108,0
FTNT.US,5,20251006,163000,86.03,86.22,86.0234,86.18,21384,0
FTNT.US,5,20251006,163500,86.2,86.32,86.19,86.295,9846,0
FTNT.US,5,20251006,164000,86.275,86.322,86.18,86.205,30382,0
FTNT.US,5,20251006,164500,86.21,86.38,86.21,86.3,10637,0
FTNT.US,5,20251006,165000,86.32,86.325,86.14,86.22,17383,0
FTNT.US,5,20251006,165500,86.2,86.2,86.065,86.185,21056,0
FTNT.US,5,20251006,170000,86.18,86.24,86.155,86.215,15953,0
FTNT.US,5,20251006,170500,86.1988,86.361,86.13,86.16,12439,0
FTNT.US,5,20251006,171000,86.15,86.2183,86.07,86.09,17760,0
FTNT.US,5,20251006,171500,86.11,86.3,86.10929,86.28,12700,0
FTNT.US,5,20251006,172000,86.25,86.25,86.01,86.04,29482,0
FTNT.US,5,20251006,172500,86.05,86.06,85.96,86.02,20796,0
FTNT.US,5,20251006,173000,86.03,86.21,86.03,86.055,17670,0
FTNT.US,5,20251006,173500,86.04,86.125,86.01,86.1,15689,0
FTNT.US,5,20251006,174000,86.11,86.12,86,86.06,15910,0
FTNT.US,5,20251006,174500,86.09,86.2,86.03,86.11,14762,0
FTNT.US,5,20251006,175000,86.1198,86.27,86.1,86.27,21974,0
FTNT.US,5,20251006,175500,86.27,86.32,86.1101,86.1599,27342,0
FTNT.US,5,20251006,180000,86.135,86.19,86.09,86.105,6799,0
FTNT.US,5,20251006,180500,86.0903,86.21,86.025,86.13,16136,0
FTNT.US,5,20251006,181000,86.12,86.18,86.06,86.16,11149,0
FTNT.US,5,20251006,181500,86.13,86.33,86.13,86.31,10405,0
FTNT.US,5,20251006,182000,86.35,86.38,86.28,86.355,13579,0
FTNT.US,5,20251006,182500,86.37,86.37,86.2884,86.325,14015,0
FTNT.US,5,20251006,183000,86.32,86.42,86.3176,86.395,8268,0
FTNT.US,5,20251006,183500,86.38,86.615,86.37,86.59,11565,0
FTNT.US,5,20251006,184000,86.56,86.59,86.47,86.48,10744,0
FTNT.US,5,20251006,184500,86.48,86.53,86.4,86.41,8957,0
FTNT.US,5,20251006,185000,86.41,86.47,86.41,86.44,12318,0
FTNT.US,5,20251006,185500,86.425,86.5,86.42,86.5,10073,0
FTNT.US,5,20251006,190000,86.49,86.52,86.34,86.39,6500,0
FTNT.US,5,20251006,190500,86.38,86.435,86.3326,86.41,12738,0
FTNT.US,5,20251006,191000,86.4,86.44,86.33,86.44,6637,0
FTNT.US,5,20251006,191500,86.42,86.47,86.4,86.44,9366,0
FTNT.US,5,20251006,192000,86.44,86.5533,86.42,86.53,9308,0
FTNT.US,5,20251006,192500,86.52,86.55,86.43,86.45,21867,0
FTNT.US,5,20251006,193000,86.4358,87.1,86.4358,86.93,28927,0
FTNT.US,5,20251006,193500,86.91,86.94,86.81006,86.875,16412,0
FTNT.US,5,20251006,194000,86.9,87.08,86.84,87.07,9698,0
FTNT.US,5,20251006,194500,87.08,87.19,87.03,87.05,9817,0
FTNT.US,5,20251006,195000,87.05,87.1001,86.97,87.02,14204,0
FTNT.US,5,20251006,195500,87.02,87.065,86.82,86.885,23808,0
FTNT.US,5,20251006,200000,86.875,86.89,86.725,86.77,14265,0
FTNT.US,5,20251006,200500,86.78,86.84,86.75,86.82,12944,0
FTNT.US,5,20251006,201000,86.815,86.815,86.73,86.78,11192,0
FTNT.US,5,20251006,201500,86.78,86.88,86.78,86.88,9920,0
FTNT.US,5,20251006,202000,86.875,86.915,86.825,86.855,13031,0
FTNT.US,5,20251006,202500,86.86,86.93,86.81,86.85,14676,0
FTNT.US,5,20251006,203000,86.86,86.88,86.79,86.84,10412,0
FTNT.US,5,20251006,203500,86.855,86.865,86.775,86.79,28636,0
FTNT.US,5,20251006,204000,86.79,86.835,86.74,86.83,21634,0
FTNT.US,5,20251006,204500,86.83,86.86,86.81,86.84,14419,0
FTNT.US,5,20251006,205000,86.84,86.87,86.74,86.745,29826,0
FTNT.US,5,20251006,205500,86.74,86.76,86.7,86.73,20731,0
FTNT.US,5,20251006,210000,86.71,86.7313,86.62,86.72,11215,0
FTNT.US,5,20251006,210500,86.72,86.72,86.58,86.64,14472,0
FTNT.US,5,20251006,211000,86.64,86.66,86.56,86.6,16696,0
FTNT.US,5,20251006,211500,86.6,86.7538,86.6,86.7538,23277,0
FTNT.US,5,20251006,212000,86.76,86.86,86.73,86.79,30836,0
FTNT.US,5,20251006,212500,86.79,86.82,86.74,86.77,24955,0
FTNT.US,5,20251006,213000,86.78,86.79,86.7,86.72,32011,0
FTNT.US,5,20251006,213500,86.72,86.75,86.6701,86.689,27958,0
FTNT.US,5,20251006,214000,86.687,86.69,86.5401,86.685,37694,0
FTNT.US,5,20251006,214500,86.685,86.84,86.66,86.8,33881,0
FTNT.US,5,20251006,215000,86.8,86.859,86.51,86.535,67801,0
FTNT.US,5,20251006,215500,86.54,86.55,86.265,86.38,726784,0
FTNT.US,5,20251007,153000,86.36,86.93,86.1,86.73,103058,0
FTNT.US,5,20251007,153500,86.805,86.805,86.45,86.805,31214,0
FTNT.US,5,20251007,154000,86.805,86.92,86.63,86.85,24534,0
FTNT.US,5,20251007,154500,86.805,86.88,86.67,86.88,22555,0
FTNT.US,5,20251007,155000,86.91,86.931,86.5775,86.625,22994,0
FTNT.US,5,20251007,155500,86.65,86.86,86.64,86.75,17636,0
FTNT.US,5,20251007,160000,86.7725,86.775,86.525,86.69,33107,0
FTNT.US,5,20251007,160500,86.7,86.76,86.45,86.76,49425,0
FTNT.US,5,20251007,161000,86.735,87.05,86.68,87,12837,0
FTNT.US,5,20251007,161500,87,87.03,86.12,86.16,36527,0
FTNT.US,5,20251007,162000,86.18,86.3,86.1001,86.265,21277,0
FTNT.US,5,20251007,162500,86.26,86.28,86.06,86.08,19745,0
FTNT.US,5,20251007,163000,86.075,86.135,85.915,85.95,18592,0
FTNT.US,5,20251007,163500,85.95,85.9681,85.76,85.85,24548,0
FTNT.US,5,20251007,164000,85.87,86.01,85.87,85.99,15868,0
FTNT.US,5,20251007,164500,85.99,86.02,85.83,85.87,12383,0
FTNT.US,5,20251007,165000,85.87,85.89,85.74,85.865,10840,0
FTNT.US,5,20251007,165500,85.91,85.965,85.81,85.86,9834,0
FTNT.US,5,20251007,170000,85.8652,85.87,85.64,85.68,29753,0
FTNT.US,5,20251007,170500,85.66,85.66,85.3,85.35,34770,0
FTNT.US,5,20251007,171000,85.37,85.705,85.36,85.67,21674,0
FTNT.US,5,20251007,171500,85.62,85.765,85.59,85.745,10628,0
FTNT.US,5,20251007,172000,85.74,85.79,85.65,85.66,11513,0
FTNT.US,5,20251007,172500,85.665,85.665,85.41,85.52,12525,0
FTNT.US,5,20251007,173000,85.52,85.55,85.27,85.45,41306,0
FTNT.US,5,20251007,173500,85.5,85.565,85.27,85.32,22159,0
FTNT.US,5,20251007,174000,85.28,85.4187,85.2,85.365,19541,0
FTNT.US,5,20251007,174500,85.3505,85.42,85.18,85.31,16381,0
FTNT.US,5,20251007,175000,85.33,85.49,85.25,85.365,19197,0
FTNT.US,5,20251007,175500,85.34,85.5,85.31,85.48,7798,0
FTNT.US,5,20251007,180000,85.475,85.635,85.42,85.42,6504,0
FTNT.US,5,20251007,180500,85.4151,85.45,85.1201,85.15,8966,0
FTNT.US,5,20251007,181000,85.14,85.17,84.8901,84.93,14113,0
FTNT.US,5,20251007,181500,84.91,84.925,84.745,84.745,18340,0
FTNT.US,5,20251007,182000,84.75,84.84,84.655,84.82,13622,0
FTNT.US,5,20251007,182500,84.84,85.05,84.72,84.7899,24913,0
FTNT.US,5,20251007,183000,84.74,85.1,84.735,85.095,13612,0
FTNT.US,5,20251007,183500,85.12,85.12,85.01,85.03,13732,0
FTNT.US,5,20251007,184000,85.03,85.17,85.03,85.11,8800,0
FTNT.US,5,20251007,184500,85.165,85.17,85.03,85.035,12773,0
FTNT.US,5,20251007,185000,85.05,85.08,84.95,84.965,15386,0
FTNT.US,5,20251007,185500,84.95,84.975,84.885,84.94,18189,0
FTNT.US,5,20251007,190000,84.94,85,84.86,84.94,18935,0
FTNT.US,5,20251007,190500,84.93,84.94,84.8236,84.83,14457,0
FTNT.US,5,20251007,191000,84.84,84.945,84.82,84.9,20711,0
FTNT.US,5,20251007,191500,84.93,84.9594,84.89,84.93,20572,0
FTNT.US,5,20251007,192000,84.925,84.95,84.82,84.835,11137,0
FTNT.US,5,20251007,192500,84.855,84.855,84.745,84.8,12885,0
FTNT.US,5,20251007,193000,84.79,84.85,84.75,84.82,13897,0
FTNT.US,5,20251007,193500,84.86,84.935,84.84,84.87,20799,0
FTNT.US,5,20251007,194000,84.88,84.95,84.845,84.935,25889,0
FTNT.US,5,20251007,194500,84.95,85.08,84.915,84.955,37374,0
FTNT.US,5,20251007,195000,84.955,84.96,84.83,84.85,17294,0
FTNT.US,5,20251007,195500,84.88,84.95,84.83,84.95,20482,0
FTNT.US,5,20251007,200000,84.93,84.96,84.81,84.855,19205,0
FTNT.US,5,20251007,200500,84.87,84.88,84.71,84.73,21726,0
FTNT.US,5,20251007,201000,84.75,85,84.72,84.86,24752,0
FTNT.US,5,20251007,201500,84.855,84.9,84.82,84.87,19740,0
FTNT.US,5,20251007,202000,84.87,84.98,84.85,84.91,37670,0
FTNT.US,5,20251007,202500,84.91,84.98,84.89,84.95,23271,0
FTNT.US,5,20251007,203000,84.96,85.01,84.91,84.94,19317,0
FTNT.US,5,20251007,203500,84.94,85.01,84.94,84.965,16284,0
FTNT.US,5,20251007,204000,84.965,85.085,84.965,85.03,17670,0
FTNT.US,5,20251007,204500,85.03,85.08,85.01,85.08,14575,0
FTNT.US,5,20251007,205000,85.07,85.12,85.055,85.1,24935,0
FTNT.US,5,20251007,205500,85.1,85.1625,85.07834,85.11,29868,0
FTNT.US,5,20251007,210000,85.115,85.115,85.02,85.035,14350,0
FTNT.US,5,20251007,210500,85.03,85.03,84.94,84.99,18396,0
FTNT.US,5,20251007,211000,85,85.035,84.975,85.01,37554,0
FTNT.US,5,20251007,211500,85.01,85.07,84.995,84.995,31409,0
FTNT.US,5,20251007,212000,85,85.05,84.95,84.97,23268,0
FTNT.US,5,20251007,212500,84.97,84.97,84.85,84.87,25423,0
FTNT.US,5,20251007,213000,84.875,84.92,84.77,84.79,26194,0
FTNT.US,5,20251007,213500,84.78,84.825,84.74,84.825,55091,0
FTNT.US,5,20251007,214000,84.825,84.87,84.79,84.835,51571,0
FTNT.US,5,20251007,214500,84.835,84.94,84.825,84.92,48302,0
FTNT.US,5,20251007,215000,84.91,85.14,84.83,85.12,115928,0
FTNT.US,5,20251007,215500,85.11,85.115,84.85,84.92,934561,0
FTNT.US,5,20251008,153000,85.595,85.63,85.205,85.4,117819,0
FTNT.US,5,20251008,153500,85.42,85.98,85.3307,85.52,38959,0
FTNT.US,5,20251008,154000,85.59,85.64,85.435,85.525,19544,0
FTNT.US,5,20251008,154500,85.5,85.69,85.42,85.5,44052,0
FTNT.US,5,20251008,155000,85.5,85.64,85.27,85.27,41774,0
FTNT.US,5,20251008,155500,85.25,85.37,85.13,85.37,16600,0
FTNT.US,5,20251008,160000,85.365,85.595,85.36,85.5,34986,0
FTNT.US,5,20251008,160500,85.51,85.65,85.45,85.56,72289,0
FTNT.US,5,20251008,161000,85.61,85.63,85.5,85.56,18273,0
FTNT.US,5,20251008,161500,85.57,85.615,85.55,85.59,14369,0
FTNT.US,5,20251008,162000,85.565,85.59,85.465,85.57,16440,0
FTNT.US,5,20251008,162500,85.56,85.605,85.485,85.59,10570,0
FTNT.US,5,20251008,163000,85.59,85.605,85.55,85.56,29252,0
FTNT.US,5,20251008,163500,85.55,85.5832,85.47,85.55,14829,0
FTNT.US,5,20251008,164000,85.53,85.675,85.53,85.59,24528,0
FTNT.US,5,20251008,164500,85.595,85.735,85.56,85.695,24454,0
FTNT.US,5,20251008,165000,85.695,85.7831,85.695,85.73,10558,0
FTNT.US,5,20251008,165500,85.73,85.86,85.7125,85.85,25592,0
FTNT.US,5,20251008,170000,85.83,86.15,85.83,86.02,24560,0
FTNT.US,5,20251008,170500,86.01,86.01,85.84,85.93,24306,0
FTNT.US,5,20251008,171000,85.96,85.98,85.91,85.91,12496,0
FTNT.US,5,20251008,171500,85.93,86.005,85.825,85.85,20976,0
FTNT.US,5,20251008,172000,85.85,86.05,85.85,85.89,9376,0
FTNT.US,5,20251008,172500,85.905,86.0351,85.89,85.8962,20389,0
FTNT.US,5,20251008,173000,85.92,86.1,85.83,86.09,38799,0
FTNT.US,5,20251008,173500,86.0736,86.34,86.06,86.31,27158,0
FTNT.US,5,20251008,174000,86.33,86.4,86.145,86.19,27393,0
FTNT.US,5,20251008,174500,86.2,86.36,86.18,86.35,21989,0
FTNT.US,5,20251008,175000,86.35,86.67,86.33,86.67,31883,0
FTNT.US,5,20251008,175500,86.66,86.68,86.58,86.65,15905,0
FTNT.US,5,20251008,180000,86.65,86.66,86.5,86.57,14594,0
FTNT.US,5,20251008,180500,86.61,86.71,86.539,86.59,10833,0
FTNT.US,5,20251008,181000,86.5818,86.73,86.56,86.73,10054,0
FTNT.US,5,20251008,181500,86.6969,86.7,86.535,86.54,15714,0
FTNT.US,5,20251008,182000,86.54,86.67,86.52,86.59,22248,0
FTNT.US,5,20251008,182500,86.595,86.62,86.54,86.61,27583,0
FTNT.US,5,20251008,183000,86.62,86.625,86.49,86.5,15602,0
FTNT.US,5,20251008,183500,86.5,86.5,86.295,86.32,19756,0
FTNT.US,5,20251008,184000,86.33,86.36,86.2626,86.28,12772,0
FTNT.US,5,20251008,184500,86.26,86.405,86.25,86.34,11180,0
FTNT.US,5,20251008,185000,86.36,86.375,86.26,86.275,12397,0
FTNT.US,5,20251008,185500,86.2799,86.3395,86.23,86.3395,13931,0
FTNT.US,5,20251008,190000,86.3591,86.445,86.3,86.3,10938,0
FTNT.US,5,20251008,190500,86.32,86.4046,86.3,86.4046,7259,0
FTNT.US,5,20251008,191000,86.41,86.415,86.3577,86.36,6276,0
FTNT.US,5,20251008,191500,86.34,86.38,86.31,86.37,12006,0
FTNT.US,5,20251008,192000,86.36,86.41,86.355,86.39,6576,0
FTNT.US,5,20251008,192500,86.38,86.405,86.33,86.36,15243,0
FTNT.US,5,20251008,193000,86.355,86.38,86.29,86.3,11021,0
FTNT.US,5,20251008,193500,86.28,86.329,86.2105,86.2707,15044,0
FTNT.US,5,20251008,194000,86.27,86.32,86.245,86.315,9485,0
FTNT.US,5,20251008,194500,86.305,86.375,86.3,86.35,8420,0
FTNT.US,5,20251008,195000,86.34,86.425,86.34,86.41,27969,0
FTNT.US,5,20251008,195500,86.4201,86.425,86.36,86.405,10407,0
FTNT.US,5,20251008,200000,86.405,86.495,86.405,86.45,15911,0
FTNT.US,5,20251008,200500,86.45,86.5401,86.44,86.49,13286,0
FTNT.US,5,20251008,201000,86.4751,86.5515,86.44,86.54,14386,0
FTNT.US,5,20251008,201500,86.51,86.59,86.49,86.4952,20590,0
FTNT.US,5,20251008,202000,86.48,86.5,86.4006,86.5,12956,0
FTNT.US,5,20251008,202500,86.4993,86.4993,86.44,86.45,6257,0
FTNT.US,5,20251008,203000,86.455,86.48,86.27,86.315,22463,0
FTNT.US,5,20251008,203500,86.315,86.315,86.23,86.27,23440,0
FTNT.US,5,20251008,204000,86.26,86.31,86.24,86.27,8258,0
FTNT.US,5,20251008,204500,86.2624,86.35,86.25,86.26,8937,0
FTNT.US,5,20251008,205000,86.25,86.315,86.22,86.245,11507,0
FTNT.US,5,20251008,205500,86.24,86.305,86.24,86.3,7587,0
FTNT.US,5,20251008,210000,86.3,86.4,86.295,86.37,18105,0
FTNT.US,5,20251008,210500,86.37,86.475,86.34,86.475,7494,0
FTNT.US,5,20251008,211000,86.4824,86.59,86.45,86.5,29804,0
FTNT.US,5,20251008,211500,86.5,86.51,86.44,86.49,27591,0
FTNT.US,5,20251008,212000,86.48,86.5124,86.4682,86.49,18901,0
FTNT.US,5,20251008,212500,86.5,86.565,86.485,86.555,18543,0
FTNT.US,5,20251008,213000,86.55,86.57,86.49,86.57,22587,0
FTNT.US,5,20251008,213500,86.57,86.68,86.49,86.49,26253,0
FTNT.US,5,20251008,214000,86.5,86.53,86.44,86.515,23749,0
FTNT.US,5,20251008,214500,86.52,86.615,86.49,86.565,25456,0
FTNT.US,5,20251008,215000,86.57,86.605,86.46,86.4925,81494,0
FTNT.US,5,20251008,215500,86.51,86.51,86.35,86.46,948180,0
FTNT.US,5,20251009,153000,85.7,85.74,84.15,84.5781,183474,0
FTNT.US,5,20251009,153500,84.44,85.1103,84.44,85.04,45060,0
FTNT.US,5,20251009,154000,85.015,85.655,84.84,85.54,37290,0
FTNT.US,5,20251009,154500,85.6,85.83,85.595,85.75,22304,0
FTNT.US,5,20251009,155000,85.72,85.79,85.47,85.5525,16764,0
FTNT.US,5,20251009,155500,85.525,85.58,85.25,85.295,17998,0
FTNT.US,5,20251009,160000,85.29,85.31,84.98,85.08,26508,0
FTNT.US,5,20251009,160500,85.11,85.36,85.02,85.225,35837,0
FTNT.US,5,20251009,161000,85.27,85.34,85.05,85.17,43214,0
FTNT.US,5,20251009,161500,85.2,85.335,85.036,85.285,17199,0
FTNT.US,5,20251009,162000,85.25,85.32,85.22,85.285,10032,0
FTNT.US,5,20251009,162500,85.3,85.3,85.06,85.165,38688,0
FTNT.US,5,20251009,163000,85.19,85.21,85.03,85.06,20737,0
FTNT.US,5,20251009,163500,85.05,85.21,85.04,85.17,15262,0
FTNT.US,5,20251009,164000,85.16,85.24,85.085,85.2,18941,0
FTNT.US,5,20251009,164500,85.2,85.37,85.18,85.21,18048,0
FTNT.US,5,20251009,165000,85.24,85.25,85.14,85.14,42306,0
FTNT.US,5,20251009,165500,85.14,85.4,85.055,85.335,14125,0
FTNT.US,5,20251009,170000,85.33,85.43,85.33,85.34,13445,0
FTNT.US,5,20251009,170500,85.365,85.37,85.31,85.355,9491,0
FTNT.US,5,20251009,171000,85.37,85.65,85.33,85.61,103663,0
FTNT.US,5,20251009,171500,85.61,85.685,85.55,85.645,16308,0
FTNT.US,5,20251009,172000,85.64,85.75,85.61,85.73,16719,0
FTNT.US,5,20251009,172500,85.745,86.12,85.745,85.9881,29406,0
FTNT.US,5,20251009,173000,86,86.11,85.98,86.02,22402,0
FTNT.US,5,20251009,173500,86.02,86.175,85.98,86.1,17447,0
FTNT.US,5,20251009,174000,86.1,86.13,86.03,86.08,8975,0
FTNT.US,5,20251009,174500,86.08,86.2,86.01,86.2,17746,0
FTNT.US,5,20251009,175000,86.2,86.43,86.19,86.29,26064,0
FTNT.US,5,20251009,175500,86.3,86.435,86.26,86.435,5578,0
FTNT.US,5,20251009,180000,86.45,86.52,86.42,86.44,26590,0
FTNT.US,5,20251009,180500,86.43,86.44,86.3248,86.3712,12655,0
FTNT.US,5,20251009,181000,86.37,86.37,86.27,86.285,9906,0
FTNT.US,5,20251009,181500,86.265,86.3326,86.19,86.28,10316,0
FTNT.US,5,20251009,182000,86.235,86.28,86.16,86.245,17900,0
FTNT.US,5,20251009,182500,86.27,86.405,86.22,86.37,9502,0
FTNT.US,5,20251009,183000,86.34,86.37,86.28,86.28,12443,0
FTNT.US,5,20251009,183500,86.2683,86.2683,86.15,86.18,11713,0
FTNT.US,5,20251009,184000,86.1308,86.36,86.1308,86.3536,11245,0
FTNT.US,5,20251009,184500,86.333,86.41,86.25,86.29,17948,0
FTNT.US,5,20251009,185000,86.3,86.32,86.24,86.26,15049,0
FTNT.US,5,20251009,185500,86.27,86.29,86.19,86.215,15867,0
FTNT.US,5,20251009,190000,86.21,86.4126,86.21,86.29,14832,0
FTNT.US,5,20251009,190500,86.29,86.335,86.26,86.32,9446,0
FTNT.US,5,20251009,191000,86.31,86.36,86.225,86.25,10534,0
FTNT.US,5,20251009,191500,86.25,86.329,86.225,86.329,16995,0
FTNT.US,5,20251009,192000,86.32,86.375,86.15,86.17,28567,0
FTNT.US,5,20251009,192500,86.185,86.34,86.185,86.29,18716,0
FTNT.US,5,20251009,193000,86.27,86.285,86.22,86.26,10032,0
FTNT.US,5,20251009,193500,86.25,86.365,86.19,86.365,9327,0
FTNT.US,5,20251009,194000,86.36,86.39,86.215,86.24,12870,0
FTNT.US,5,20251009,194500,86.2995,86.36,86.26,86.35,7094,0
FTNT.US,5,20251009,195000,86.32,86.3318,86.21,86.27,8729,0
FTNT.US,5,20251009,195500,86.26,86.27,86.2,86.27,5232,0
FTNT.US,5,20251009,200000,86.27,86.29,86.205,86.23,8067,0
FTNT.US,5,20251009,200500,86.23,86.23,86.005,86.01,16279,0
FTNT.US,5,20251009,201000,86.02,86.03,85.9524,85.975,14890,0
FTNT.US,5,20251009,201500,85.97,86.1,85.96,86.01,15260,0
FTNT.US,5,20251009,202000,86.02,86.04,86,86.03,11450,0
FTNT.US,5,20251009,202500,86.03,86.07,86,86.02,9559,0
FTNT.US,5,20251009,203000,86.04,86.075,86.02,86.04,6207,0
FTNT.US,5,20251009,203500,86.04,86.2003,86.04,86.2,12852,0
FTNT.US,5,20251009,204000,86.19,86.29,86.19,86.2263,15452,0
FTNT.US,5,20251009,204500,86.24,86.25,86.16,86.1856,17175,0
FTNT.US,5,20251009,205000,86.1601,86.2,86.07,86.095,27406,0
FTNT.US,5,20251009,205500,86.11,86.2,86.06,86.15,17325,0
FTNT.US,5,20251009,210000,86.15,86.19,86.09,86.1,55312,0
FTNT.US,5,20251009,210500,86.095,86.155,86.075,86.15,11946,0
FTNT.US,5,20251009,211000,86.1479,86.205,86.135,86.17,17029,0
FTNT.US,5,20251009,211500,86.18,86.185,86.11,86.15,16065,0
FTNT.US,5,20251009,212000,86.14,86.28,86.13,86.2674,36554,0
FTNT.US,5,20251009,212500,86.25,86.28,86.1801,86.2111,15343,0
FTNT.US,5,20251009,213000,86.23,86.27,86.2,86.215,21205,0
FTNT.US,5,20251009,213500,86.22,86.275,86.14,86.185,47238,0
FTNT.US,5,20251009,214000,86.185,86.34,86.1722,86.34,59368,0
FTNT.US,5,20251009,214500,86.34,86.37,86.295,86.35,23239,0
FTNT.US,5,20251009,215000,86.36,86.38,86.19,86.2501,84351,0
FTNT.US,5,20251009,215500,86.25,86.25,86.13,86.19,821690,0
FTNT.US,5,20251010,153000,86.5,87.1,86.36,86.87,74954,0
FTNT.US,5,20251010,153500,86.87,86.96,86.46,86.62,32166,0
FTNT.US,5,20251010,154000,86.58,86.64,86.4504,86.525,19912,0
FTNT.US,5,20251010,154500,86.49,86.6909,86.4,86.41,53429,0
FTNT.US,5,20251010,155000,86.39,86.45,86,86.02,40098,0
FTNT.US,5,20251010,155500,86.065,86.065,85.555,85.575,18644,0
FTNT.US,5,20251010,160000,85.565,85.61,85.22,85.49,55697,0
FTNT.US,5,20251010,160500,85.49,85.52588,85.39,85.52,23778,0
FTNT.US,5,20251010,161000,85.495,85.6151,85.4101,85.6,7690,0
FTNT.US,5,20251010,161500,85.685,85.83,85.58,85.58,41516,0
FTNT.US,5,20251010,162000,85.595,85.6708,85.5,85.54,6706,0
FTNT.US,5,20251010,162500,85.56,85.64,85.35,85.35,8637,0
FTNT.US,5,20251010,163000,85.305,85.4,85.22,85.39,10900,0
FTNT.US,5,20251010,163500,85.42,85.58,85.4,85.46,10070,0
FTNT.US,5,20251010,164000,85.435,85.48,85.38,85.44,10002,0
FTNT.US,5,20251010,164500,85.44,85.57,85.425,85.54,5390,0
FTNT.US,5,20251010,165000,85.56,85.665,85.39,85.665,45068,0
FTNT.US,5,20251010,165500,85.66,85.7,84.7235,84.995,25253,0
FTNT.US,5,20251010,170000,84.94,85.015,84.565,84.6,14289,0
FTNT.US,5,20251010,170500,84.6,84.76,84.472,84.48,21474,0
FTNT.US,5,20251010,171000,84.495,84.8699,84.49,84.76,16988,0
FTNT.US,5,20251010,171500,84.7791,84.81,84.49,84.62,12512,0
FTNT.US,5,20251010,172000,84.67,84.69,84.18,84.205,38651,0
FTNT.US,5,20251010,172500,84.1701,84.3407,84.04,84.1,28024,0
FTNT.US,5,20251010,173000,84.09,84.15,83.77,83.8687,49459,0
FTNT.US,5,20251010,173500,83.905,84.1,83.752,83.752,32200,0
FTNT.US,5,20251010,174000,83.69,84.17,83.55,84.17,30669,0
FTNT.US,5,20251010,174500,84.1483,84.27,83.98,84.26,66552,0
FTNT.US,5,20251010,175000,84.32,84.51,84.11,84.15,19399,0
FTNT.US,5,20251010,175500,84.14,84.22,83.905,84.155,20998,0
FTNT.US,5,20251010,180000,84.13,84.13,83.85,83.925,17742,0
FTNT.US,5,20251010,180500,83.945,84.03,83.7824,83.985,21047,0
FTNT.US,5,20251010,181000,83.96,83.97,83.74,83.93,9172,0
FTNT.US,5,20251010,181500,84,84.0068,83.79,83.89,14397,0
FTNT.US,5,20251010,182000,83.89,84.03,83.745,83.95,15215,0
FTNT.US,5,20251010,182500,83.93,83.95,83.79,83.79,10139,0
FTNT.US,5,20251010,183000,83.81,83.85,83.56,83.5888,22477,0
FTNT.US,5,20251010,183500,83.59,83.62,83.4735,83.565,21752,0
FTNT.US,5,20251010,184000,83.58,83.6,83.42,83.5,16911,0
FTNT.US,5,20251010,184500,83.485,83.67,83.42,83.52,26145,0
FTNT.US,5,20251010,185000,83.53,83.625,83.47,83.52,12785,0
FTNT.US,5,20251010,185500,83.54,83.545,83.27,83.31,23311,0
FTNT.US,5,20251010,190000,83.2618,83.345,83.136,83.19,14220,0
FTNT.US,5,20251010,190500,83.195,83.26,83.1458,83.2,11205,0
FTNT.US,5,20251010,191000,83.2099,83.32,83.12,83.3,27980,0
FTNT.US,5,20251010,191500,83.345,83.42,83.125,83.15,23674,0
FTNT.US,5,20251010,192000,83.13,83.275,83.05,83.22,15442,0
FTNT.US,5,20251010,192500,83.23,83.54,83.2,83.52,13049,0
FTNT.US,5,20251010,193000,83.515,83.68,83.5,83.64,19012,0
FTNT.US,5,20251010,193500,83.66,83.69,83.61,83.69,8968,0
FTNT.US,5,20251010,194000,83.67,83.733,83.615,83.62,9023,0
FTNT.US,5,20251010,194500,83.62,83.64,83.41,83.55,20183,0
FTNT.US,5,20251010,195000,83.53,83.53,83.42,83.44,7768,0
FTNT.US,5,20251010,195500,83.42,83.45,83.35,83.39,7817,0
FTNT.US,5,20251010,200000,83.405,83.48,83.345,83.4661,8432,0
FTNT.US,5,20251010,200500,83.465,83.555,83.45,83.52,8072,0
FTNT.US,5,20251010,201000,83.52,83.54,83.46,83.52,5231,0
FTNT.US,5,20251010,201500,83.54,83.5605,83.4,83.45,8971,0
FTNT.US,5,20251010,202000,83.475,83.62,83.475,83.615,10859,0
FTNT.US,5,20251010,202500,83.62,83.69,83.58,83.59,13819,0
FTNT.US,5,20251010,203000,83.59,83.68,83.58,83.58,13227,0
FTNT.US,5,20251010,203500,83.57,83.645,83.55,83.62,12536,0
FTNT.US,5,20251010,204000,83.62,83.69,83.56,83.63,20165,0
FTNT.US,5,20251010,204500,83.64,83.72,83.56,83.57,19616,0
FTNT.US,5,20251010,205000,83.58,83.58,83.43,83.45,15558,0
FTNT.US,5,20251010,205500,83.46,83.585,83.46,83.54,15659,0
FTNT.US,5,20251010,210000,83.56,83.67,83.48,83.57,24282,0
FTNT.US,5,20251010,210500,83.57,83.57,83.44,83.4548,12431,0
FTNT.US,5,20251010,211000,83.465,83.51,83.4001,83.47,23720,0
FTNT.US,5,20251010,211500,83.46,83.575,83.445,83.52,21042,0
FTNT.US,5,20251010,212000,83.53,83.54,83.42,83.42,18829,0
FTNT.US,5,20251010,212500,83.43,83.46,83.22,83.295,63537,0
FTNT.US,5,20251010,213000,83.305,83.4,83.3,83.33,29042,0
FTNT.US,5,20251010,213500,83.34,83.34,83.15,83.17,29820,0
FTNT.US,5,20251010,214000,83.18,83.4,83.18,83.4,39929,0
FTNT.US,5,20251010,214500,83.41,83.49,83.3,83.33,60718,0
FTNT.US,5,20251010,215000,83.33,83.37,83.12,83.165,76560,0
FTNT.US,5,20251010,215500,83.15,83.15,82.98,83.045,233187,0
FTNT.US,5,20251013,153000,84.7,85.2,84.4526,84.7,138659,0
FTNT.US,5,20251013,153500,84.69,84.8,84.2,84.35,49517,0
FTNT.US,5,20251013,154000,84.4,84.775,84.21,84.59,34662,0
FTNT.US,5,20251013,154500,84.56,84.785,84.56,84.685,56738,0
FTNT.US,5,20251013,155000,84.669,84.82,84.545,84.66,34635,0
FTNT.US,5,20251013,155500,84.63,84.77,84.57,84.75,36580,0
FTNT.US,5,20251013,160000,84.76,85.06,84.63,84.74,59048,0
FTNT.US,5,20251013,160500,84.7,84.78,84.535,84.595,16464,0
FTNT.US,5,20251013,161000,84.56,84.585,84.32,84.3406,24332,0
FTNT.US,5,20251013,161500,84.335,84.49,84.26,84.26,31819,0
FTNT.US,5,20251013,162000,84.22,84.275,83.95,84.03,18729,0
FTNT.US,5,20251013,162500,84,84,83.76,83.935,24643,0
FTNT.US,5,20251013,163000,83.935,84.325,83.86,84.255,58919,0
FTNT.US,5,20251013,163500,84.28,84.3,84.18,84.29,19354,0
FTNT.US,5,20251013,164000,84.3,84.32,84.05,84.095,17469,0
FTNT.US,5,20251013,164500,84.11,84.115,83.8557,83.8557,12363,0
FTNT.US,5,20251013,165000,83.865,84.02,83.72,83.9,13809,0
FTNT.US,5,20251013,165500,83.88,83.8933,83.65,83.705,17136,0
FTNT.US,5,20251013,170000,83.68,83.6994,83.59,83.675,20519,0
FTNT.US,5,20251013,170500,83.685,83.815,83.63,83.815,21099,0
FTNT.US,5,20251013,171000,83.81,84.02,83.81,83.9,24422,0
FTNT.US,5,20251013,171500,83.89,84.11,83.89,84.03,14275,0
FTNT.US,5,20251013,172000,84.02,84.22,84.02,84.1,26882,0
FTNT.US,5,20251013,172500,84.11,84.16,84.08,84.085,32612,0
FTNT.US,5,20251013,173000,84.08,84.24,84.01,84.205,41309,0
FTNT.US,5,20251013,173500,84.215,84.23,84.11,84.145,15591,0
FTNT.US,5,20251013,174000,84.15,84.165,84,84,20744,0
FTNT.US,5,20251013,174500,84,84.105,83.995,84.105,12894,0
FTNT.US,5,20251013,175000,84.105,84.15,84.09,84.14,11644,0
FTNT.US,5,20251013,175500,84.13,84.145,84.02,84.02,18195,0
FTNT.US,5,20251013,180000,84.01,84.07,84.01,84.0368,9800,0
FTNT.US,5,20251013,180500,84.03,84.055,83.93,83.94,11320,0
FTNT.US,5,20251013,181000,83.95,84,83.93,83.99,8885,0
FTNT.US,5,20251013,181500,84.005,84.08,83.99,84.045,15902,0
FTNT.US,5,20251013,182000,84.04,84.09,83.959,84.02,16306,0
FTNT.US,5,20251013,182500,84.04,84.05,83.94,83.95,12523,0
FTNT.US,5,20251013,183000,83.94,84.055,83.94,84,13674,0
FTNT.US,5,20251013,183500,84.005,84.09,83.99,84.085,13022,0
FTNT.US,5,20251013,184000,84.09,84.11,84.02,84.05,10950,0
FTNT.US,5,20251013,184500,84.055,84.07,83.99,84.065,14620,0
FTNT.US,5,20251013,185000,84.07,84.169,84.0501,84.14,12307,0
FTNT.US,5,20251013,185500,84.16,84.3,84.15,84.28,15705,0
FTNT.US,5,20251013,190000,84.27,84.294,84.21,84.22,9218,0
FTNT.US,5,20251013,190500,84.22,84.24,84.1903,84.21,10906,0
FTNT.US,5,20251013,191000,84.233,84.25,84.0772,84.1427,13962,0
FTNT.US,5,20251013,191500,84.13,84.1599,84.05,84.08,11470,0
FTNT.US,5,20251013,192000,84.09,84.21,84.06,84.14,13631,0
FTNT.US,5,20251013,192500,84.14,84.17,84.03,84.08,22026,0
FTNT.US,5,20251013,193000,84.1,84.105,84.05,84.0666,28776,0
FTNT.US,5,20251013,193500,84.065,84.16,84.05,84.13,10369,0
FTNT.US,5,20251013,194000,84.13,84.19,84.119,84.16,16455,0
FTNT.US,5,20251013,194500,84.17,84.18,84.115,84.145,11838,0
FTNT.US,5,20251013,195000,84.1438,84.18,84.085,84.155,23514,0
FTNT.US,5,20251013,195500,84.14,84.15,84.05,84.145,12927,0
FTNT.US,5,20251013,200000,84.14,84.19,84.1,84.1,38744,0
FTNT.US,5,20251013,200500,84.095,84.16,84.08,84.14,15318,0
FTNT.US,5,20251013,201000,84.135,84.23,84.115,84.15,68512,0
FTNT.US,5,20251013,201500,84.16,84.19,84.13,84.16,35491,0
FTNT.US,5,20251013,202000,84.155,84.199,84.14,84.15,25473,0
FTNT.US,5,20251013,202500,84.14,84.18,84.125,84.16,20442,0
FTNT.US,5,20251013,203000,84.17,84.34,84.17,84.23,68470,0
FTNT.US,5,20251013,203500,84.23,84.3232,84.23,84.26,29771,0
FTNT.US,5,20251013,204000,84.26,84.27,84.19,84.22,16168,0
FTNT.US,5,20251013,204500,84.2,84.24,84.13,84.16,17219,0
FTNT.US,5,20251013,205000,84.14,84.155,84.03,84.075,15417,0
FTNT.US,5,20251013,205500,84.08,84.12,84.03,84.11,26831,0
FTNT.US,5,20251013,210000,84.13,84.17,84.04,84.07,27745,0
FTNT.US,5,20251013,210500,84.08,84.16,84.06,84.11,28468,0
FTNT.US,5,20251013,211000,84.11,84.15,84.02,84.08,21372,0
FTNT.US,5,20251013,211500,84.05,84.12,84.05,84.114,16040,0
FTNT.US,5,20251013,212000,84.12,84.33,84.115,84.3,37919,0
FTNT.US,5,20251013,212500,84.2943,84.31,84.19,84.21,17901,0
FTNT.US,5,20251013,213000,84.2,84.33,84.2,84.32,31328,0
FTNT.US,5,20251013,213500,84.33,84.36,84.3,84.33,19887,0
FTNT.US,5,20251013,214000,84.33,84.46,84.33,84.385,38677,0
FTNT.US,5,20251013,214500,84.39,84.403,84.29,84.3,25425,0
FTNT.US,5,20251013,215000,84.29,84.36,84.23,84.3,58947,0
FTNT.US,5,20251013,215500,84.29,84.32,84.11,84.2,901457,0
FTNT.US,5,20251014,153000,82.5,83.46,82.2,83.05,120960,0
FTNT.US,5,20251014,153500,83.04,83.13,82.92,83.075,21098,0
FTNT.US,5,20251014,154000,83.075,83.075,82.72,82.82,11849,0
FTNT.US,5,20251014,154500,82.84,82.95,82.77,82.935,30994,0
FTNT.US,5,20251014,155000,82.9,83.33,82.771,83.33,33611,0
FTNT.US,5,20251014,155500,83.3812,83.67,83.3812,83.67,28777,0
FTNT.US,5,20251014,160000,83.6857,83.88,83.503,83.61,22424,0
FTNT.US,5,20251014,160500,83.63,83.72,83.395,83.47,35992,0
FTNT.US,5,20251014,161000,83.45,83.54,83.395,83.4,24765,0
FTNT.US,5,20251014,161500,83.3902,83.405,83.165,83.235,83536,0
FTNT.US,5,20251014,162000,83.235,83.32,83.1,83.27,70992,0
FTNT.US,5,20251014,162500,83.27,83.58,83.2,83.57,67571,0
FTNT.US,5,20251014,163000,83.55,83.57,83.1701,83.275,42286,0
FTNT.US,5,20251014,163500,83.3,83.36,83.15,83.265,26840,0
FTNT.US,5,20251014,164000,83.265,83.39,83.22,83.23,40768,0
FTNT.US,5,20251014,164500,83.22,83.38,83.16,83.38,56548,0
FTNT.US,5,20251014,165000,83.36,83.38,83.11,83.12,24574,0
FTNT.US,5,20251014,165500,83.1,83.16,82.96,83.09,42399,0
FTNT.US,5,20251014,170000,83.115,83.48,83.11,83.27,23970,0
FTNT.US,5,20251014,170500,83.265,83.31,83.1,83.125,21517,0
FTNT.US,5,20251014,171000,83.135,83.225,83.08,83.225,18941,0
FTNT.US,5,20251014,171500,83.19,83.19,83,83.07,19216,0
FTNT.US,5,20251014,172000,83.11,83.23,83.0641,83.162,19151,0
FTNT.US,5,20251014,172500,83.165,83.165,82.85,82.895,44447,0
FTNT.US,5,20251014,173000,82.905,82.93,82.81,82.84,24613,0
FTNT.US,5,20251014,173500,82.83,82.92,82.63,82.65,35358,0
FTNT.US,5,20251014,174000,82.7,82.7721,82.62,82.74,29380,0
FTNT.US,5,20251014,174500,82.73,82.9221,82.72,82.92,31869,0
FTNT.US,5,20251014,175000,82.89,83.02,82.8601,82.92,21436,0
FTNT.US,5,20251014,175500,82.92,82.9325,82.74,82.785,22043,0
FTNT.US,5,20251014,180000,82.785,82.85,82.595,82.65,47362,0
FTNT.US,5,20251014,180500,82.65,82.68,82.53,82.59,23621,0
FTNT.US,5,20251014,181000,82.62,82.76,82.59,82.755,15954,0
FTNT.US,5,20251014,181500,82.77,82.87,82.76,82.87,22590,0
FTNT.US,5,20251014,182000,82.85,82.9636,82.82,82.925,87478,0
FTNT.US,5,20251014,182500,82.9,83.11,82.9,83.1092,26163,0
FTNT.US,5,20251014,183000,83.085,83.15,83.04,83.11,13409,0
FTNT.US,5,20251014,183500,83.11,83.125,83.03,83.11,23875,0
FTNT.US,5,20251014,184000,83.125,83.3197,83.1,83.275,22770,0
FTNT.US,5,20251014,184500,83.27,83.32,83.22,83.235,21124,0
FTNT.US,5,20251014,185000,83.235,83.28,83.205,83.25,26797,0
FTNT.US,5,20251014,185500,83.24,83.3,83.19,83.25,16001,0
FTNT.US,5,20251014,190000,83.24,83.25,83.15,83.22,19810,0
FTNT.US,5,20251014,190500,83.19,83.235,83.11,83.235,24786,0
FTNT.US,5,20251014,191000,83.235,83.27,83.04,83.04,16009,0
FTNT.US,5,20251014,191500,83.07,83.235,83.05,83.18,57348,0
FTNT.US,5,20251014,192000,83.18,83.25,83.09,83.22,52644,0
FTNT.US,5,20251014,192500,83.25,83.25,83.15,83.195,24612,0
FTNT.US,5,20251014,193000,83.21,83.24,83.01,83.02,15569,0
FTNT.US,5,20251014,193500,83.02,83.04,82.81,82.94,60441,0
FTNT.US,5,20251014,194000,82.92,83.18,82.92,83.18,12590,0
FTNT.US,5,20251014,194500,83.19,83.23,83.14,83.2,18907,0
FTNT.US,5,20251014,195000,83.21,83.29,83.195,83.25,30601,0
FTNT.US,5,20251014,195500,83.26,83.36,83.24,83.32,10821,0
FTNT.US,5,20251014,200000,83.34,83.3539,83.2,83.305,19571,0
FTNT.US,5,20251014,200500,83.31,83.415,83.31,83.38,18246,0
FTNT.US,5,20251014,201000,83.39,83.49,83.385,83.4478,12682,0
FTNT.US,5,20251014,201500,83.445,83.58,83.43,83.5327,19779,0
FTNT.US,5,20251014,202000,83.53,83.65,83.53,83.65,7922,0
FTNT.US,5,20251014,202500,83.62,83.66,83.5835,83.64,13983,0
FTNT.US,5,20251014,203000,83.635,83.655,83.6,83.6,17473,0
FTNT.US,5,20251014,203500,83.6082,83.64,83.57,83.6,20395,0
FTNT.US,5,20251014,204000,83.59,83.62,83.59,83.605,12134,0
FTNT.US,5,20251014,204500,83.59,83.7,83.59,83.7,10796,0
FTNT.US,5,20251014,205000,83.71,83.8191,83.7,83.81,14554,0
FTNT.US,5,20251014,205500,83.795,83.8,83.71,83.8,15056,0
FTNT.US,5,20251014,210000,83.81,83.86,83.79,83.79,14349,0
FTNT.US,5,20251014,210500,83.7999,83.85,83.75,83.775,19455,0
FTNT.US,5,20251014,211000,83.8,83.81,83.72,83.77,23880,0
FTNT.US,5,20251014,211500,83.775,83.835,83.77,83.82144,19181,0
FTNT.US,5,20251014,212000,83.81,83.9,83.78,83.859,17776,0
FTNT.US,5,20251014,212500,83.85,83.87,83.79,83.79,14500,0
FTNT.US,5,20251014,213000,83.785,83.785,83.6,83.62,19547,0
FTNT.US,5,20251014,213500,83.62,83.63,83.21,83.37,31550,0
FTNT.US,5,20251014,214000,83.34,83.35,83.04,83.08,31954,0
FTNT.US,5,20251014,214500,83.1,83.19,83,83.11,21667,0
FTNT.US,5,20251014,215000,83.13,83.385,83.06,83.18,58448,0
FTNT.US,5,20251014,215500,83.15,83.17,83.06,83.08,198716,0
FTNT.US,5,20251015,153000,83.72,83.9,83.33,83.36,88216,0
FTNT.US,5,20251015,153500,83.3227,83.75,83.2813,83.65,14243,0
FTNT.US,5,20251015,154000,83.705,83.954,83.68,83.92,13983,0
FTNT.US,5,20251015,154500,83.93,84.14,83.73,83.855,38699,0
FTNT.US,5,20251015,155000,83.865,84.03,83.8,83.84,21172,0
FTNT.US,5,20251015,155500,83.84,83.93,83.82,83.9,25563,0
FTNT.US,5,20251015,160000,83.93,84.27,83.93,84.2,24239,0
FTNT.US,5,20251015,160500,84.17,84.665,84.13,84.66,22538,0
FTNT.US,5,20251015,161000,84.67,84.78,84.37,84.53,29975,0
FTNT.US,5,20251015,161500,84.52,84.72,84.49,84.61,25118,0
FTNT.US,5,20251015,162000,84.6,84.6,84.36,84.39,25130,0
FTNT.US,5,20251015,162500,84.39,84.47,84.3,84.36,14052,0
FTNT.US,5,20251015,163000,84.36,84.54,84.36,84.51,11354,0
FTNT.US,5,20251015,163500,84.505,84.54,84.36,84.47,19151,0
FTNT.US,5,20251015,164000,84.48,84.65,84.42,84.65,20743,0
FTNT.US,5,20251015,164500,84.68,84.68,84.46,84.48,22252,0
FTNT.US,5,20251015,165000,84.48,84.4809,84.33,84.35,7456,0
FTNT.US,5,20251015,165500,84.3682,84.43,84.27,84.4,12825,0
FTNT.US,5,20251015,170000,84.39,84.4,84.24,84.315,11956,0
FTNT.US,5,20251015,170500,84.34,84.38,84.235,84.265,19881,0
FTNT.US,5,20251015,171000,84.27,84.3775,84.15,84.3775,19806,0
FTNT.US,5,20251015,171500,84.385,84.5507,84.3,84.41,15997,0
FTNT.US,5,20251015,172000,84.415,84.47,84.355,84.415,11857,0
FTNT.US,5,20251015,172500,84.415,84.605,84.4,84.555,15913,0
FTNT.US,5,20251015,173000,84.58,84.685,84.58,84.62,18156,0
FTNT.US,5,20251015,173500,84.62,84.65,84.42,84.5,22623,0
FTNT.US,5,20251015,174000,84.5,84.5,84.25,84.325,16601,0
FTNT.US,5,20251015,174500,84.31,84.33,84.09,84.1899,17392,0
FTNT.US,5,20251015,175000,84.15,84.15,83.97,84.0025,24701,0
FTNT.US,5,20251015,175500,83.97,84.165,83.95,84.14,11725,0
FTNT.US,5,20251015,180000,84.13,84.3,84.08,84.23,15513,0
FTNT.US,5,20251015,180500,84.23,84.275,84.12,84.22,15970,0
FTNT.US,5,20251015,181000,84.25,84.27,84.13,84.235,14053,0
FTNT.US,5,20251015,181500,84.24,84.24,84.09,84.095,18748,0
FTNT.US,5,20251015,182000,84.095,84.29,84.095,84.285,14039,0
FTNT.US,5,20251015,182500,84.3,84.5,84.2325,84.2325,17569,0
FTNT.US,5,20251015,183000,84.24,84.28,84.14,84.19,7165,0
FTNT.US,5,20251015,183500,84.17,84.21,84.1,84.17,14694,0
FTNT.US,5,20251015,184000,84.16,84.1882,84.12,84.14,7511,0
FTNT.US,5,20251015,184500,84.14,84.1425,84.025,84.09,7246,0
FTNT.US,5,20251015,185000,84.03,84.04,83.871,83.895,7052,0
FTNT.US,5,20251015,185500,83.91,83.96,83.88,83.92,12538,0
FTNT.US,5,20251015,190000,83.89,83.89,83.67,83.72,10595,0
FTNT.US,5,20251015,190500,83.72,83.74,83.56,83.5601,15237,0
FTNT.US,5,20251015,191000,83.55,83.57,83.3,83.3,23026,0
FTNT.US,5,20251015,191500,83.3,83.48,83.195,83.4,13077,0
FTNT.US,5,20251015,192000,83.36,83.58,83.32,83.54,19512,0
FTNT.US,5,20251015,192500,83.545,83.62,83.525,83.57,8219,0
FTNT.US,5,20251015,193000,83.5,83.66,83.47,83.59,7760,0
FTNT.US,5,20251015,193500,83.6,83.755,83.6,83.7,13393,0
FTNT.US,5,20251015,194000,83.67,83.73,83.66,83.73,8502,0
FTNT.US,5,20251015,194500,83.71,83.82,83.69,83.765,13562,0
FTNT.US,5,20251015,195000,83.79,83.91,83.79,83.885,13299,0
FTNT.US,5,20251015,195500,83.885,83.89,83.81,83.83,7727,0
FTNT.US,5,20251015,200000,83.84,83.84,83.633,83.64,29155,0
FTNT.US,5,20251015,200500,83.655,83.665,83.49,83.515,8011,0
FTNT.US,5,20251015,201000,83.515,83.54,83.39,83.39,19136,0
FTNT.US,5,20251015,201500,83.415,83.435,83.11,83.16,16024,0
FTNT.US,5,20251015,202000,83.14,83.28,83.07,83.24,20903,0
FTNT.US,5,20251015,202500,83.25,83.31,83.12,83.183,13847,0
FTNT.US,5,20251015,203000,83.19,83.289,83.173,83.2601,10002,0
FTNT.US,5,20251015,203500,83.25,83.27,83.2,83.27,14079,0
FTNT.US,5,20251015,204000,83.275,83.28,83.21,83.26,11758,0
FTNT.US,5,20251015,204500,83.29,83.31,83.23,83.3,9482,0
FTNT.US,5,20251015,205000,83.31,83.41,83.3,83.39,10797,0
FTNT.US,5,20251015,205500,83.38,83.46,83.35,83.44,10706,0
FTNT.US,5,20251015,210000,83.47,83.47,83.3616,83.3616,15749,0
FTNT.US,5,20251015,210500,83.375,83.375,83.25,83.32,11811,0
FTNT.US,5,20251015,211000,83.32,83.38431,83.3,83.345,5276,0
FTNT.US,5,20251015,211500,83.35,83.51,83.35,83.51,11197,0
FTNT.US,5,20251015,212000,83.5063,83.57,83.467,83.541,14056,0
FTNT.US,5,20251015,212500,83.54,83.615,83.53,83.5353,29800,0
FTNT.US,5,20251015,213000,83.542,83.5484,83.41,83.43,22492,0
FTNT.US,5,20251015,213500,83.42,83.42,83.32,83.33,12932,0
FTNT.US,5,20251015,214000,83.3135,83.38,83.3,83.32,22124,0
FTNT.US,5,20251015,214500,83.3401,83.435,83.32,83.42,18576,0
FTNT.US,5,20251015,215000,83.42,83.64,83.32,83.36,99979,0
FTNT.US,5,20251015,215500,83.35,83.62,83.29,83.62,173422,0
FTNT.US,5,20251016,153000,83.74,84.34,83.74,84.325,97310,0
FTNT.US,5,20251016,153500,84.31,84.33,83.93,83.93,21216,0
FTNT.US,5,20251016,154000,83.9,83.9,83.5,83.595,24425,0
FTNT.US,5,20251016,154500,83.585,83.7,83.15,83.15,26929,0
FTNT.US,5,20251016,155000,83.175,83.3661,83.12,83.24,28103,0
FTNT.US,5,20251016,155500,83.27,83.49,83.14,83.39,34145,0
FTNT.US,5,20251016,160000,83.37,83.43,83.17,83.24,37013,0
FTNT.US,5,20251016,160500,83.23,83.43,83.08,83.08,46365,0
FTNT.US,5,20251016,161000,83.07,83.13,82.82,82.99,23808,0
FTNT.US,5,20251016,161500,82.93,83.12,82.71,82.77,155690,0
FTNT.US,5,20251016,162000,82.755,82.8,82.51,82.56,45785,0
FTNT.US,5,20251016,162500,82.585,82.845,82.56,82.78,41021,0
FTNT.US,5,20251016,163000,82.75,82.845,82.55,82.56,55975,0
FTNT.US,5,20251016,163500,82.58,82.71,82.52,82.53,40775,0
FTNT.US,5,20251016,164000,82.53,82.64,82.5,82.64,31447,0
FTNT.US,5,20251016,164500,82.66,82.73,82.51,82.67,23811,0
FTNT.US,5,20251016,165000,82.66,82.67,82.365,82.46,27270,0
FTNT.US,5,20251016,165500,82.43,82.52,82.37,82.48,24643,0
FTNT.US,5,20251016,170000,82.48,82.68,82.48,82.63,15677,0
FTNT.US,5,20251016,170500,82.62,82.63,82.41,82.56,23139,0
FTNT.US,5,20251016,171000,82.54,82.64,82.47,82.56,15181,0
FTNT.US,5,20251016,171500,82.525,82.62,82.525,82.6,22085,0
FTNT.US,5,20251016,172000,82.6025,82.74,82.54,82.58,38882,0
FTNT.US,5,20251016,172500,82.58,82.69,82.42,82.52,33618,0
FTNT.US,5,20251016,173000,82.51,82.57,82.37,82.49,31320,0
FTNT.US,5,20251016,173500,82.53,82.81,82.485,82.625,28779,0
FTNT.US,5,20251016,174000,82.62,82.62,82.38,82.5,22314,0
FTNT.US,5,20251016,174500,82.48,82.48,82.26,82.35,24652,0
FTNT.US,5,20251016,175000,82.37,82.69,82.36,82.625,15761,0
FTNT.US,5,20251016,175500,82.625,82.66,82.53,82.6008,19620,0
FTNT.US,5,20251016,180000,82.61,82.71,82.535,82.6555,18617,0
FTNT.US,5,20251016,180500,82.67,82.785,82.64,82.7424,8825,0
FTNT.US,5,20251016,181000,82.76,82.76,82.59,82.71,24814,0
FTNT.US,5,20251016,181500,82.73,82.75,82.53,82.55,10759,0
FTNT.US,5,20251016,182000,82.54,82.745,82.52,82.745,14485,0
FTNT.US,5,20251016,182500,82.76,82.762,82.5,82.52,15823,0
FTNT.US,5,20251016,183000,82.535,82.535,82.17,82.25,23073,0
FTNT.US,5,20251016,183500,82.26,82.39,82.225,82.29,13345,0
FTNT.US,5,20251016,184000,82.26,82.44,82.19,82.42,11546,0
FTNT.US,5,20251016,184500,82.39,82.49,82.27,82.49,10512,0
FTNT.US,5,20251016,185000,82.53,82.68,82.53,82.65,26527,0
FTNT.US,5,20251016,185500,82.635,82.98,82.635,82.98,9113,0
FTNT.US,5,20251016,190000,82.95,83.01,82.86,82.95,22566,0
FTNT.US,5,20251016,190500,82.945,83.12,82.81,83.08,27483,0
FTNT.US,5,20251016,191000,83.04,83.22,83.02,83.135,13469,0
FTNT.US,5,20251016,191500,83.11,83.2999,83.11,83.2,15879,0
FTNT.US,5,20251016,192000,83.16,83.175,82.97,83.03,10160,0
FTNT.US,5,20251016,192500,83.01,83.08,82.9,83.08,17594,0
FTNT.US,5,20251016,193000,83.097,83.16,83.0305,83.11,8425,0
FTNT.US,5,20251016,193500,83.09,83.15,83.03,83.03,8122,0
FTNT.US,5,20251016,194000,83.04,83.05,82.9,82.99,22708,0
FTNT.US,5,20251016,194500,82.99,83.025,82.89,82.975,9113,0
FTNT.US,5,20251016,195000,82.99,83.02,82.85,82.85,10329,0
FTNT.US,5,20251016,195500,82.86,82.915,82.84,82.905,7608,0
FTNT.US,5,20251016,200000,82.88,82.905,82.72,82.72,10509,0
FTNT.US,5,20251016,200500,82.73,82.73,82.58,82.58,8420,0
FTNT.US,5,20251016,201000,82.61,82.63,82.39,82.39,10289,0
FTNT.US,5,20251016,201500,82.39,82.39,82.24,82.3,11200,0
FTNT.US,5,20251016,202000,82.32,82.425,82.28,82.3425,11558,0
FTNT.US,5,20251016,202500,82.345,82.345,82.215,82.32,12438,0
FTNT.US,5,20251016,203000,82.3,82.34,82.18,82.21,17061,0
FTNT.US,5,20251016,203500,82.219,82.395,82.2,82.29,13485,0
FTNT.US,5,20251016,204000,82.29,82.6,82.28,82.54,10210,0
FTNT.US,5,20251016,204500,82.57,82.64,82.5144,82.5144,7571,0
FTNT.US,5,20251016,205000,82.5252,82.579,82.49,82.545,7499,0
FTNT.US,5,20251016,205500,82.55,82.5982,82.5,82.548,15488,0
FTNT.US,5,20251016,210000,82.55,82.585,82.4,82.47,12179,0
FTNT.US,5,20251016,210500,82.44,82.51,82.43,82.45,9905,0
FTNT.US,5,20251016,211000,82.45,82.48,82.34,82.375,28070,0
FTNT.US,5,20251016,211500,82.39,82.405,82.31,82.315,21146,0
FTNT.US,5,20251016,212000,82.3,82.3801,82.2,82.38,49963,0
FTNT.US,5,20251016,212500,82.38,82.465,82.29,82.41,27242,0
FTNT.US,5,20251016,213000,82.42,82.505,82.3501,82.37,42168,0
FTNT.US,5,20251016,213500,82.36,82.525,82.36,82.48,23490,0
FTNT.US,5,20251016,214000,82.475,82.78,82.475,82.775,25220,0
FTNT.US,5,20251016,214500,82.76,82.86,82.6108,82.86,26395,0
FTNT.US,5,20251016,215000,82.85,83.005,82.825,83,52858,0
FTNT.US,5,20251016,215500,82.97,83.16,82.96,83.14,802898,0
FTNT.US,5,20251017,153000,82.59,83.28,82.31,83.1951,165737,0
FTNT.US,5,20251017,153500,83.18,83.54,83.18,83.335,14562,0
FTNT.US,5,20251017,154000,83.312,83.37,83.04,83.16,15182,0
FTNT.US,5,20251017,154500,83.125,83.18,82.96,83,18070,0
FTNT.US,5,20251017,155000,82.92,83.2,82.83,83.0464,78211,0
FTNT.US,5,20251017,155500,83.05,83.14,82.76,82.77,18939,0
FTNT.US,5,20251017,160000,82.77,83,82.65,82.9404,24271,0
FTNT.US,5,20251017,160500,82.88,82.98,82.56,82.605,13302,0
FTNT.US,5,20251017,161000,82.6,83.07,82.6,83.04,14763,0
FTNT.US,5,20251017,161500,83.045,83.125,82.73,82.73,11267,0
FTNT.US,5,20251017,162000,82.735,82.935,82.7,82.855,16740,0
FTNT.US,5,20251017,162500,82.8201,83.02,82.7805,82.875,19916,0
FTNT.US,5,20251017,163000,82.85,82.895,82.77,82.83,8475,0
FTNT.US,5,20251017,163500,82.82,82.9,82.74,82.74,10664,0
FTNT.US,5,20251017,164000,82.74,82.8628,82.61,82.73,12950,0
FTNT.US,5,20251017,164500,82.68,82.84,82.605,82.78,6723,0
FTNT.US,5,20251017,165000,82.79,82.8,82.6521,82.7,13699,0
FTNT.US,5,20251017,165500,82.69,82.69,82.54,82.56,15706,0
FTNT.US,5,20251017,170000,82.59,82.96,82.5501,82.88,14189,0
FTNT.US,5,20251017,170500,82.9,83.12,82.88,83.03,13048,0
FTNT.US,5,20251017,171000,83.09,83.156,82.94,82.945,11299,0
FTNT.US,5,20251017,171500,82.92,82.98,82.7414,82.82,21702,0
FTNT.US,5,20251017,172000,82.8,82.825,82.63,82.72,39153,0
FTNT.US,5,20251017,172500,82.74,82.7825,82.6119,82.6119,19071,0
FTNT.US,5,20251017,173000,82.66,82.74,82.61,82.715,11175,0
FTNT.US,5,20251017,173500,82.71,82.89,82.6,82.88,11715,0
FTNT.US,5,20251017,174000,82.955,83.04,82.92,82.988,17183,0
FTNT.US,5,20251017,174500,82.98,83.16,82.96,83.13,23289,0
FTNT.US,5,20251017,175000,83.12,83.2,83.07,83.09,24031,0
FTNT.US,5,20251017,175500,83.08,83.195,83.05,83.05,14698,0
FTNT.US,5,20251017,180000,83.06,83.21,83.06,83.2,18869,0
FTNT.US,5,20251017,180500,83.185,83.33,83.185,83.3,14858,0
FTNT.US,5,20251017,181000,83.27,83.346,83.25,83.308,11047,0
FTNT.US,5,20251017,181500,83.34,83.4,83.2,83.26,28230,0
FTNT.US,5,20251017,182000,83.27,83.28,83.16,83.22,9689,0
FTNT.US,5,20251017,182500,83.23,83.31,83.19,83.24,11823,0
FTNT.US,5,20251017,183000,83.29,83.4194,83.27,83.29,32851,0
FTNT.US,5,20251017,183500,83.27,83.32,83.17,83.17,69044,0
FTNT.US,5,20251017,184000,83.21,83.235,83.12,83.145,15657,0
FTNT.US,5,20251017,184500,83.145,83.465,83.11,83.435,16377,0
FTNT.US,5,20251017,185000,83.43,83.48,83.18,83.19,9333,0
FTNT.US,5,20251017,185500,83.215,83.25,83.16,83.2,11391,0
FTNT.US,5,20251017,190000,83.2,83.32,83.2,83.23,5138,0
FTNT.US,5,20251017,190500,83.19,83.215,83.09,83.12,26227,0
FTNT.US,5,20251017,191000,83.12,83.19,83.04,83.175,5761,0
FTNT.US,5,20251017,191500,83.13,83.13,83.03,83.03,4184,0
FTNT.US,5,20251017,192000,83.04,83.18,83.02,83.16,7865,0
FTNT.US,5,20251017,192500,83.14,83.14,83.1099,83.11,4015,0
FTNT.US,5,20251017,193000,83.125,83.275,83.1,83.275,5435,0
FTNT.US,5,20251017,193500,83.28,83.38,83.28,83.31,8370,0
FTNT.US,5,20251017,194000,83.3,83.33,83.185,83.185,8386,0
FTNT.US,5,20251017,194500,83.18,83.29,83.13,83.27,10899,0
FTNT.US,5,20251017,195000,83.25,83.4,83.25,83.38,6179,0
FTNT.US,5,20251017,195500,83.38,83.4572,83.35,83.42,10580,0
FTNT.US,5,20251017,200000,83.415,83.4785,83.4,83.405,15531,0
FTNT.US,5,20251017,200500,83.4,83.49,83.3804,83.48,6741,0
FTNT.US,5,20251017,201000,83.47,83.54,83.42,83.46,9525,0
FTNT.US,5,20251017,201500,83.485,83.55,83.46,83.54,12850,0
FTNT.US,5,20251017,202000,83.56,83.695,83.55,83.64,8171,0
FTNT.US,5,20251017,202500,83.65,83.71,83.65,83.65,8344,0
FTNT.US,5,20251017,203000,83.66,83.68,83.48,83.52,22227,0
FTNT.US,5,20251017,203500,83.52,83.59,83.51,83.51,18689,0
FTNT.US,5,20251017,204000,83.53,83.58,83.5,83.53,10209,0
FTNT.US,5,20251017,204500,83.52,83.58,83.51,83.57,9814,0
FTNT.US,5,20251017,205000,83.58,83.59,83.52,83.545,3667,0
FTNT.US,5,20251017,205500,83.54,83.6466,83.54,83.64,12114,0
FTNT.US,5,20251017,210000,83.62,83.67,83.6,83.67,12925,0
FTNT.US,5,20251017,210500,83.67,83.7,83.63,83.69,9736,0
FTNT.US,5,20251017,211000,83.7,83.765,83.66,83.6736,46037,0
FTNT.US,5,20251017,211500,83.68,83.68,83.53,83.5591,10342,0
FTNT.US,5,20251017,212000,83.56,83.5999,83.54,83.56,19642,0
FTNT.US,5,20251017,212500,83.54,83.54,83.46,83.5,9800,0
FTNT.US,5,20251017,213000,83.495,83.495,83.335,83.4,23562,0
FTNT.US,5,20251017,213500,83.4,83.48,83.36,83.47,18834,0
FTNT.US,5,20251017,214000,83.47,83.49,83.41,83.4807,23843,0
FTNT.US,5,20251017,214500,83.5,83.64,83.47,83.62,19972,0
FTNT.US,5,20251017,215000,83.6,83.72,83.46,83.55,72539,0
FTNT.US,5,20251017,215500,83.55,83.56,83.43,83.44,1416834,0
FTNT.US,5,20251020,153000,83.05,84.13,83.05,83.55,105392,0
FTNT.US,5,20251020,153500,83.53,83.745,83.51,83.55,39696,0
FTNT.US,5,20251020,154000,83.5355,83.86,83.42,83.8008,16062,0
FTNT.US,5,20251020,154500,83.78,84.09,83.775,83.945,35826,0
FTNT.US,5,20251020,155000,83.92,83.97,83.68,83.775,14176,0
FTNT.US,5,20251020,155500,83.78,83.82,83.54,83.65,28323,0
FTNT.US,5,20251020,160000,83.68,83.76,83.345,83.535,21525,0
FTNT.US,5,20251020,160500,83.535,83.69,83.44,83.685,32555,0
FTNT.US,5,20251020,161000,83.68,83.83,83.51,83.53,26697,0
FTNT.US,5,20251020,161500,83.5,83.72,83.49,83.7,12369,0
FTNT.US,5,20251020,162000,83.68,83.88,83.66,83.8547,12136,0
FTNT.US,5,20251020,162500,83.845,84.18,83.84,83.99,26787,0
FTNT.US,5,20251020,163000,84.02,84.09,83.96,84,30286,0
FTNT.US,5,20251020,163500,83.99,84.11,83.965,84.09,18765,0
FTNT.US,5,20251020,164000,84.0903,84.22,84.08,84.15,27026,0
FTNT.US,5,20251020,164500,84.13,84.18,84.01,84.01,35106,0
FTNT.US,5,20251020,165000,84,84.19,83.99,84.17,26083,0
FTNT.US,5,20251020,165500,84.15,84.28,84.1301,84.27,27852,0
FTNT.US,5,20251020,170000,84.265,84.4,84.24,84.3375,24658,0
FTNT.US,5,20251020,170500,84.32,84.34,84.18,84.265,22211,0
FTNT.US,5,20251020,171000,84.2401,84.39,84.2401,84.35,14489,0
FTNT.US,5,20251020,171500,84.35,84.47,84.33,84.4425,16406,0
FTNT.US,5,20251020,172000,84.4519,84.55,84.41,84.52,21536,0
FTNT.US,5,20251020,172500,84.48,84.53,84.34,84.46,33413,0
FTNT.US,5,20251020,173000,84.5,84.5,84.33,84.38,9872,0
FTNT.US,5,20251020,173500,84.37,84.43,84.34,84.35,9649,0
FTNT.US,5,20251020,174000,84.36,84.42,84.29,84.29,14308,0
FTNT.US,5,20251020,174500,84.305,84.39,84.28,84.345,22575,0
FTNT.US,5,20251020,175000,84.32,84.41,84.285,84.315,17867,0
FTNT.US,5,20251020,175500,84.34,84.42,84.3,84.365,18421,0
FTNT.US,5,20251020,180000,84.39,84.49,84.33,84.46,13524,0
FTNT.US,5,20251020,180500,84.47,84.555,84.4675,84.54,10596,0
FTNT.US,5,20251020,181000,84.53,84.55,84.44,84.49,5388,0
FTNT.US,5,20251020,181500,84.48,84.72,84.48,84.71,14416,0
FTNT.US,5,20251020,182000,84.725,84.73,84.6173,84.66,12693,0
FTNT.US,5,20251020,182500,84.66,84.67,84.48,84.51,8515,0
FTNT.US,5,20251020,183000,84.5,84.5,84.39,84.415,17897,0
FTNT.US,5,20251020,183500,84.41,84.41,84.32,84.345,12656,0
FTNT.US,5,20251020,184000,84.345,84.3932,84.31,84.37,17004,0
FTNT.US,5,20251020,184500,84.37,84.44,84.34,84.44,12412,0
FTNT.US,5,20251020,185000,84.42,84.44,84.37,84.41,9231,0
FTNT.US,5,20251020,185500,84.41,84.5,84.35,84.46,9714,0
FTNT.US,5,20251020,190000,84.46,84.51,84.44,84.48,15846,0
FTNT.US,5,20251020,190500,84.48,84.7,84.47,84.68,20303,0
FTNT.US,5,20251020,191000,84.675,84.72,84.585,84.61,26400,0
FTNT.US,5,20251020,191500,84.6227,84.67,84.62,84.65,8648,0
FTNT.US,5,20251020,192000,84.6401,84.66,84.63,84.655,6379,0
FTNT.US,5,20251020,192500,84.65,84.66,84.58,84.58,11918,0
FTNT.US,5,20251020,193000,84.565,84.6,84.53,84.55,6377,0
FTNT.US,5,20251020,193500,84.57,84.63,84.56,84.6,10388,0
FTNT.US,5,20251020,194000,84.59,84.63,84.578,84.62,13862,0
FTNT.US,5,20251020,194500,84.61,84.665,84.575,84.64,12908,0
FTNT.US,5,20251020,195000,84.64,84.65,84.56,84.595,13924,0
FTNT.US,5,20251020,195500,84.6,84.62,84.575,84.6,9739,0
FTNT.US,5,20251020,200000,84.598,84.75,84.598,84.75,10859,0
FTNT.US,5,20251020,200500,84.75,84.7576,84.71,84.72,10981,0
FTNT.US,5,20251020,201000,84.735,84.79,84.71,84.79,11520,0
FTNT.US,5,20251020,201500,84.77,84.78,84.71,84.74,7841,0
FTNT.US,5,20251020,202000,84.75,84.77,84.58,84.635,20720,0
FTNT.US,5,20251020,202500,84.635,84.635,84.57,84.59,13356,0
FTNT.US,5,20251020,203000,84.61,84.62,84.555,84.57,20821,0
FTNT.US,5,20251020,203500,84.5604,84.5899,84.55,84.58,24203,0
FTNT.US,5,20251020,204000,84.57,84.62,84.56,84.61,21056,0
FTNT.US,5,20251020,204500,84.6,84.6,84.445,84.455,19882,0
FTNT.US,5,20251020,205000,84.455,84.47,84.4,84.42,14466,0
FTNT.US,5,20251020,205500,84.42,84.47,84.4,84.425,16905,0
FTNT.US,5,20251020,210000,84.43,84.47,84.3,84.355,33004,0
FTNT.US,5,20251020,210500,84.35,84.5,84.35,84.42,20241,0
FTNT.US,5,20251020,211000,84.44,84.55,84.39,84.405,31446,0
FTNT.US,5,20251020,211500,84.4,84.46,84.37,84.405,20861,0
FTNT.US,5,20251020,212000,84.4,84.71,84.4,84.7,17828,0
FTNT.US,5,20251020,212500,84.69,84.775,84.66,84.775,12399,0
FTNT.US,5,20251020,213000,84.77,84.815,84.715,84.735,15496,0
FTNT.US,5,20251020,213500,84.735,84.825,84.735,84.816,18865,0
FTNT.US,5,20251020,214000,84.82,84.865,84.805,84.85,22714,0
FTNT.US,5,20251020,214500,84.85,84.915,84.845,84.91,30375,0
FTNT.US,5,20251020,215000,84.9,84.9,84.815,84.87,51321,0
FTNT.US,5,20251020,215500,84.86,84.96,84.83,84.86,701798,0
FTNT.US,5,20251021,153000,83.405,83.49,81.1,82.385,463776,0
FTNT.US,5,20251021,153500,82.4,83.62,82.26,83.0401,112921,0
FTNT.US,5,20251021,154000,83.04,83.38,82.77,83.25,109129,0
FTNT.US,5,20251021,154500,83.26,83.71,82.31,83.655,102564,0
FTNT.US,5,20251021,155000,83.685,83.85,83.5,83.76,57357,0
FTNT.US,5,20251021,155500,83.75,83.79,83.46,83.6175,43998,0
FTNT.US,5,20251021,160000,83.615,83.72,83.4,83.6,61597,0
FTNT.US,5,20251021,160500,83.6,83.8,83.575,83.655,37369,0
FTNT.US,5,20251021,161000,83.69,83.82,83.615,83.77,29298,0
FTNT.US,5,20251021,161500,83.79,83.89,83.67,83.81,56269,0
FTNT.US,5,20251021,162000,83.8065,84.15,83.8065,84.03,31340,0
FTNT.US,5,20251021,162500,84.02,84.15,83.91,84.01,79508,0
FTNT.US,5,20251021,163000,84.01,84.2,83.96,84.125,33515,0
FTNT.US,5,20251021,163500,84.125,84.255,84.08,84.24,27938,0
FTNT.US,5,20251021,164000,84.245,84.43,84.24,84.4,17545,0
FTNT.US,5,20251021,164500,84.41,84.52,84.22,84.505,21580,0
FTNT.US,5,20251021,165000,84.505,84.64,84.48,84.63,27620,0
FTNT.US,5,20251021,165500,84.59,84.765,84.58,84.75,18515,0
FTNT.US,5,20251021,170000,84.75,85.05,84.72,85.03,59475,0
FTNT.US,5,20251021,170500,85.045,85.12,84.97,85.1,13455,0
FTNT.US,5,20251021,171000,85.11,85.11,84.97,84.97,18872,0
FTNT.US,5,20251021,171500,84.96,85.08,84.88,84.93,17078,0
FTNT.US,5,20251021,172000,84.94,84.965,84.68,84.7127,26024,0
FTNT.US,5,20251021,172500,84.685,84.7336,84.58,84.68,29684,0
FTNT.US,5,20251021,173000,84.68,84.75,84.66,84.705,16606,0
FTNT.US,5,20251021,173500,84.7,84.82,84.68,84.81,20709,0
FTNT.US,5,20251021,174000,84.82,84.875,84.72,84.72,21725,0
FTNT.US,5,20251021,174500,84.69,84.9,84.69,84.815,15019,0
FTNT.US,5,20251021,175000,84.81,84.9,84.79,84.9,8388,0
FTNT.US,5,20251021,175500,84.89,85.05,84.88,85,13295,0
FTNT.US,5,20251021,180000,84.98,85.065,84.98,85.03,5992,0
FTNT.US,5,20251021,180500,85.04,85.05,84.915,84.94,10048,0
FTNT.US,5,20251021,181000,84.95,85.025,84.9,84.925,10824,0
FTNT.US,5,20251021,181500,84.9,85.015,84.9,84.98,12084,0
FTNT.US,5,20251021,182000,84.97,84.97,84.875,84.88,27864,0
FTNT.US,5,20251021,182500,84.885,84.91,84.86,84.88,28664,0
FTNT.US,5,20251021,183000,84.88,84.89,84.75,84.771,25853,0
FTNT.US,5,20251021,183500,84.77,84.84,84.73,84.8,14923,0
FTNT.US,5,20251021,184000,84.805,84.82,84.75,84.79,16621,0
FTNT.US,5,20251021,184500,84.81,85.03,84.81,84.99,24695,0
FTNT.US,5,20251021,185000,85,85.01,84.79,84.79,20831,0
FTNT.US,5,20251021,185500,84.785,84.79,84.61,84.665,39497,0
FTNT.US,5,20251021,190000,84.63,84.6431,84.54,84.555,18485,0
FTNT.US,5,20251021,190500,84.555,84.8651,84.54,84.845,20454,0
FTNT.US,5,20251021,191000,84.86,84.91,84.82,84.89,31821,0
FTNT.US,5,20251021,191500,84.895,84.9,84.79,84.825,19087,0
FTNT.US,5,20251021,192000,84.835,84.86,84.73,84.7806,19777,0
FTNT.US,5,20251021,192500,84.7899,84.7899,84.56,84.635,28019,0
FTNT.US,5,20251021,193000,84.64,84.65,84.57,84.62,18308,0
FTNT.US,5,20251021,193500,84.63,84.63,84.48,84.505,13727,0
FTNT.US,5,20251021,194000,84.5,84.585,84.5,84.51,16098,0
FTNT.US,5,20251021,194500,84.51,84.65,84.505,84.59,28813,0
FTNT.US,5,20251021,195000,84.6,84.625,84.56,84.59,15839,0
FTNT.US,5,20251021,195500,84.6,84.65,84.58,84.6,12331,0
FTNT.US,5,20251021,200000,84.595,84.7,84.59,84.7,10139,0
FTNT.US,5,20251021,200500,84.7,84.74,84.65,84.71,18235,0
FTNT.US,5,20251021,201000,84.705,84.71,84.59,84.615,5779,0
FTNT.US,5,20251021,201500,84.62,84.64,84.55,84.61,9966,0
FTNT.US,5,20251021,202000,84.61,84.71,84.61,84.675,13947,0
FTNT.US,5,20251021,202500,84.66,84.73,84.655,84.72,18075,0
FTNT.US,5,20251021,203000,84.73,84.77,84.68,84.77,33026,0
FTNT.US,5,20251021,203500,84.79,84.79,84.72,84.78,9668,0
FTNT.US,5,20251021,204000,84.8,84.83,84.69,84.69,13636,0
FTNT.US,5,20251021,204500,84.7,84.73,84.67,84.7,7527,0
FTNT.US,5,20251021,205000,84.7,84.77,84.68,84.735,12563,0
FTNT.US,5,20251021,205500,84.74,84.77,84.725,84.73,12850,0
FTNT.US,5,20251021,210000,84.73,84.75,84.69,84.73,14943,0
FTNT.US,5,20251021,210500,84.73,84.87,84.71,84.87,18018,0
FTNT.US,5,20251021,211000,84.87,84.88,84.825,84.87,10260,0
FTNT.US,5,20251021,211500,84.865,84.97527,84.85,84.96,11851,0
FTNT.US,5,20251021,212000,84.97,85,84.91,84.91,9787,0
FTNT.US,5,20251021,212500,84.915,84.92,84.82,84.86,17133,0
FTNT.US,5,20251021,213000,84.86,84.93,84.86,84.861,13815,0
FTNT.US,5,20251021,213500,84.86,84.95,84.79,84.79,24838,0
FTNT.US,5,20251021,214000,84.79,84.85,84.77,84.795,21840,0
FTNT.US,5,20251021,214500,84.81,84.85,84.79,84.835,24333,0
FTNT.US,5,20251021,215000,84.87,84.97,84.8,84.855,69273,0
FTNT.US,5,20251021,215500,84.85,84.86,84.72,84.78,721304,0
FTNT.US,5,20251022,153000,85,85,84.35,84.44,103112,0
FTNT.US,5,20251022,153500,84.46,84.835,84.45,84.73,10364,0
FTNT.US,5,20251022,154000,84.74,84.74,84.59,84.68,18326,0
FTNT.US,5,20251022,154500,84.68,84.855,84.55,84.83,23691,0
FTNT.US,5,20251022,155000,84.85,85.015,84.77,84.86,10801,0
FTNT.US,5,20251022,155500,84.86,85.06,84.835,84.88,13171,0
FTNT.US,5,20251022,160000,84.875,84.95,84.82,84.84,13862,0
FTNT.US,5,20251022,160500,84.835,84.835,84.66,84.77,13590,0
FTNT.US,5,20251022,161000,84.8,84.905,84.75,84.8,9288,0
FTNT.US,5,20251022,161500,84.79,84.92,84.74,84.815,14236,0
FTNT.US,5,20251022,162000,84.815,84.85,84.66,84.66,16360,0
FTNT.US,5,20251022,162500,84.64,84.72,84.43,84.45,14855,0
FTNT.US,5,20251022,163000,84.45,84.49,84.3,84.46,25373,0
FTNT.US,5,20251022,163500,84.42,84.58,84.35,84.53,19977,0
FTNT.US,5,20251022,164000,84.5,84.635,84.45,84.62,56262,0
FTNT.US,5,20251022,164500,84.605,84.77,84.55,84.69,36513,0
FTNT.US,5,20251022,165000,84.76,85.095,84.715,85.095,42000,0
FTNT.US,5,20251022,165500,85.1,85.22,85.08,85.18,28944,0
FTNT.US,5,20251022,170000,85.19,85.3,85.14,85.26,17403,0
FTNT.US,5,20251022,170500,85.25,85.348,85.22,85.23,7105,0
FTNT.US,5,20251022,171000,85.21,85.24,85.11,85.13,12541,0
FTNT.US,5,20251022,171500,85.115,85.15,85.01,85.14,13997,0
FTNT.US,5,20251022,172000,85.14,85.2,84.78,84.87,27916,0
FTNT.US,5,20251022,172500,84.84,84.96,84.79,84.795,11752,0
FTNT.US,5,20251022,173000,84.795,84.89,84.6701,84.8,17285,0
FTNT.US,5,20251022,173500,84.8,84.83,84.741,84.8,7522,0
FTNT.US,5,20251022,174000,84.77,84.925,84.77,84.84,7016,0
FTNT.US,5,20251022,174500,84.87,85.175,84.87,85.175,13239,0
FTNT.US,5,20251022,175000,85.2,85.45,85.195,85.43,30474,0
FTNT.US,5,20251022,175500,85.4336,85.4899,85.36,85.365,29909,0
FTNT.US,5,20251022,180000,85.365,85.45,85.25,85.265,46716,0
FTNT.US,5,20251022,180500,85.25,85.26,85.06,85.08,21072,0
FTNT.US,5,20251022,181000,85.065,85.09,84.89,85.02,12236,0
FTNT.US,5,20251022,181500,85.04,85.11,85.001,85.005,10794,0
FTNT.US,5,20251022,182000,85.02,85.04,84.89,84.925,5507,0
FTNT.US,5,20251022,182500,84.95,85.16,84.9,85,18467,0
FTNT.US,5,20251022,183000,84.995,85.06,84.43,84.805,43729,0
FTNT.US,5,20251022,183500,84.86,84.97,84.8,84.955,14767,0
FTNT.US,5,20251022,184000,84.9799,85.14,84.95,85.105,21671,0
FTNT.US,5,20251022,184500,85.105,85.235,84.9186,84.9186,8857,0
FTNT.US,5,20251022,185000,84.9,85.08,84.78,85.05,11936,0
FTNT.US,5,20251022,185500,85.06,85.13,84.92,84.94,11523,0
FTNT.US,5,20251022,190000,84.93,84.99,84.85,84.855,11800,0
FTNT.US,5,20251022,190500,84.83,85.1,84.81,85.1,13967,0
FTNT.US,5,20251022,191000,85.12,85.13,84.8501,84.91,11998,0
FTNT.US,5,20251022,191500,84.89,84.9325,84.825,84.825,11022,0
FTNT.US,5,20251022,192000,84.805,84.83,84.71,84.73,8049,0
FTNT.US,5,20251022,192500,84.715,84.752,84.6,84.68,49229,0
FTNT.US,5,20251022,193000,84.67,84.68,84.52,84.53,48998,0
FTNT.US,5,20251022,193500,84.54,84.55,84.29,84.29,19617,0
FTNT.US,5,20251022,194000,84.3,84.385,84.0731,84.11,21614,0
FTNT.US,5,20251022,194500,84.11,84.22,84.07,84.22,18094,0
FTNT.US,5,20251022,195000,84.1979,84.24,84.14,84.17,18498,0
FTNT.US,5,20251022,195500,84.17,84.3299,84.135,84.3,16279,0
FTNT.US,5,20251022,200000,84.3099,84.58,84.3099,84.49,35231,0
FTNT.US,5,20251022,200500,84.49,84.7,84.49,84.5331,30095,0
FTNT.US,5,20251022,201000,84.54,84.63,84.36,84.39,16339,0
FTNT.US,5,20251022,201500,84.375,84.4,84.205,84.27,8168,0
FTNT.US,5,20251022,202000,84.29,84.62,84.29,84.6,16865,0
FTNT.US,5,20251022,202500,84.61,84.63,84.555,84.62,16837,0
FTNT.US,5,20251022,203000,84.63,84.63,84.49,84.58,25198,0
FTNT.US,5,20251022,203500,84.56,84.631,84.54,84.62,26065,0
FTNT.US,5,20251022,204000,84.62,84.67,84.48,84.49,43011,0
FTNT.US,5,20251022,204500,84.51,84.59,84.455,84.465,11218,0
FTNT.US,5,20251022,205000,84.43,84.44,84.34,84.425,21859,0
FTNT.US,5,20251022,205500,84.44,84.48,84.3675,84.38,14763,0
FTNT.US,5,20251022,210000,84.38,84.46,84.21,84.33,33377,0
FTNT.US,5,20251022,210500,84.325,84.49,84.29,84.49,16868,0
FTNT.US,5,20251022,211000,84.5,84.5,84.3362,84.4,19695,0
FTNT.US,5,20251022,211500,84.4,84.51,84.35,84.51,32623,0
FTNT.US,5,20251022,212000,84.52,84.62,84.49,84.585,77795,0
FTNT.US,5,20251022,212500,84.59,84.73,84.57,84.69,16041,0
FTNT.US,5,20251022,213000,84.705,84.83,84.665,84.755,17839,0
FTNT.US,5,20251022,213500,84.755,85.05,84.71,84.96,112610,0
FTNT.US,5,20251022,214000,84.995,85.1,84.975,84.98,50639,0
FTNT.US,5,20251022,214500,84.99,85,84.85,84.96,24035,0
FTNT.US,5,20251022,215000,84.95,84.95,84.78,84.79,75657,0
FTNT.US,5,20251022,215500,84.78,84.78,84.58,84.66,807867,0
FTNT.US,5,20251023,153000,84.66,85.13,84.335,85.03,65937,0
FTNT.US,5,20251023,153500,84.98,85.12,84.7846,85,14129,0
FTNT.US,5,20251023,154000,85.12,85.26,84.87,85.22,10341,0
FTNT.US,5,20251023,154500,85.29,85.4,85.21,85.4,6812,0
FTNT.US,5,20251023,155000,85.41,85.415,85.256,85.33,12828,0
FTNT.US,5,20251023,155500,85.42,85.47,85.253,85.445,10451,0
FTNT.US,5,20251023,160000,85.45,85.47,85.07,85.075,11759,0
FTNT.US,5,20251023,160500,85.07,85.13,84.82,84.97,16452,0
FTNT.US,5,20251023,161000,84.9,85.13,84.84,84.91,17171,0
FTNT.US,5,20251023,161500,84.93,84.94,84.61,84.6125,8397,0
FTNT.US,5,20251023,162000,84.6187,84.76,84.6,84.76,10749,0
FTNT.US,5,20251023,162500,84.75,84.94,84.7115,84.88,5809,0
FTNT.US,5,20251023,163000,84.86,84.99,84.8298,84.9773,4975,0
FTNT.US,5,20251023,163500,85,85.19,85,85.19,6828,0
FTNT.US,5,20251023,164000,85.2,85.23,85.08,85.08,9313,0
FTNT.US,5,20251023,164500,85.07,85.15,85,85.04,13766,0
FTNT.US,5,20251023,165000,85.01,85.07,84.92,84.93,12234,0
FTNT.US,5,20251023,165500,84.94,84.96,84.81,84.9,12316,0
FTNT.US,5,20251023,170000,84.905,84.92,84.67,84.74,10008,0
FTNT.US,5,20251023,170500,84.7401,84.82,84.71,84.82,6150,0
FTNT.US,5,20251023,171000,84.84,84.84,84.76,84.78,9238,0
FTNT.US,5,20251023,171500,84.8,84.8,84.635,84.645,7423,0
FTNT.US,5,20251023,172000,84.66,84.74,84.61,84.74,4918,0
FTNT.US,5,20251023,172500,84.7499,84.84,84.67,84.83,5435,0
FTNT.US,5,20251023,173000,84.84,84.84,84.72,84.8,7837,0
FTNT.US,5,20251023,173500,84.76,84.85,84.71,84.85,7774,0
FTNT.US,5,20251023,174000,84.8607,84.87,84.59,84.62,10364,0
FTNT.US,5,20251023,174500,84.61,84.85,84.61,84.85,10299,0
FTNT.US,5,20251023,175000,84.845,84.95,84.82,84.95,7236,0
FTNT.US,5,20251023,175500,84.98,85.01,84.915,84.94,12845,0
FTNT.US,5,20251023,180000,84.95,85.05,84.93,85.04,4646,0
FTNT.US,5,20251023,180500,85.02,85.13,85.01,85.13,2951,0
FTNT.US,5,20251023,181000,85.11,85.14,85.095,85.1,2593,0
FTNT.US,5,20251023,181500,85.08,85.1451,85.065,85.1451,2743,0
FTNT.US,5,20251023,182000,85.14,85.21,85.12,85.175,4513,0
FTNT.US,5,20251023,182500,85.15,85.2,85.14,85.15,5113,0
FTNT.US,5,20251023,183000,85.14,85.14,85.06,85.095,23655,0
FTNT.US,5,20251023,183500,85.15,85.18,85.0427,85.08,3816,0
FTNT.US,5,20251023,184000,85.07,85.11,85.03,85.065,4791,0
FTNT.US,5,20251023,184500,85.06,85.1,85.06,85.08,2465,0
FTNT.US,5,20251023,185000,85.12,85.14,85.09,85.12,5473,0
FTNT.US,5,20251023,185500,85.1,85.1,84.99,85.015,7191,0
FTNT.US,5,20251023,190000,85.01,85.07,85.005,85.02,4141,0
FTNT.US,5,20251023,190500,85.02,85.0299,84.775,84.83,11584,0
FTNT.US,5,20251023,191000,84.845,84.98,84.845,84.98,3009,0
FTNT.US,5,20251023,191500,84.985,85.01,84.9602,84.99,6575,0
FTNT.US,5,20251023,192000,84.97,85.02,84.97,85.01,4137,0
FTNT.US,5,20251023,192500,85.015,85.015,84.91,84.91,7017,0
FTNT.US,5,20251023,193000,84.92,85.07,84.92,85.01,6617,0
FTNT.US,5,20251023,193500,85,85.13,85,85.125,10976,0
FTNT.US,5,20251023,194000,85.125,85.125,85.03,85.045,7778,0
FTNT.US,5,20251023,194500,85.06,85.06,84.98,84.9915,5481,0
FTNT.US,5,20251023,195000,85.015,85.055,84.98,85.045,5626,0
FTNT.US,5,20251023,195500,85.04,85.06,85.015,85.05,3481,0
FTNT.US,5,20251023,200000,85.04,85.04,84.97,84.98,5253,0
FTNT.US,5,20251023,200500,84.98,85.1,84.965,85.075,5609,0
FTNT.US,5,20251023,201000,85.065,85.065,84.955,85.01,7086,0
FTNT.US,5,20251023,201500,85.02,85.02,84.74,84.75,19219,0
FTNT.US,5,20251023,202000,84.75,84.76,84.655,84.675,17479,0
FTNT.US,5,20251023,202500,84.67,84.705,84.415,84.415,13676,0
FTNT.US,5,20251023,203000,84.4,84.505,84.385,84.505,7803,0
FTNT.US,5,20251023,203500,84.51,84.5703,84.46,84.565,5433,0
FTNT.US,5,20251023,204000,84.56,84.61,84.55,84.58,5349,0
FTNT.US,5,20251023,204500,84.58,84.615,84.5,84.595,11166,0
FTNT.US,5,20251023,205000,84.61,84.66,84.595,84.66,5124,0
FTNT.US,5,20251023,205500,84.65,84.68,84.6301,84.68,7357,0
FTNT.US,5,20251023,210000,84.67,84.68,84.63,84.63,8720,0
FTNT.US,5,20251023,210500,84.62,84.64,84.56,84.6,8941,0
FTNT.US,5,20251023,211000,84.58,84.66,84.58,84.632,6392,0
FTNT.US,5,20251023,211500,84.63,84.65,84.59,84.64,18335,0
FTNT.US,5,20251023,212000,84.635,84.64,84.58,84.6,8544,0
FTNT.US,5,20251023,212500,84.591,84.62,84.58,84.6,10323,0
FTNT.US,5,20251023,213000,84.59,84.78,84.59,84.765,34065,0
FTNT.US,5,20251023,213500,84.765,84.86,84.66,84.725,55204,0
FTNT.US,5,20251023,214000,84.73,84.82,84.712,84.79,34277,0
FTNT.US,5,20251023,214500,84.8,84.88,84.76,84.845,30841,0
FTNT.US,5,20251023,215000,84.83,84.9,84.7,84.88,57679,0
FTNT.US,5,20251023,215500,84.87,84.99,84.86,84.93,605705,0
FTNT.US,5,20251024,153000,85.77,85.77,85.17,85.71,71904,0
FTNT.US,5,20251024,153500,85.71,85.8,85.45,85.65,16777,0
FTNT.US,5,20251024,154000,85.685,85.77,85.46,85.59,20671,0
FTNT.US,5,20251024,154500,85.61,85.86,85.58,85.71,25862,0
FTNT.US,5,20251024,155000,85.7,85.7,85.28,85.285,23563,0
FTNT.US,5,20251024,155500,85.285,85.535,85.25,85.4,22077,0
FTNT.US,5,20251024,160000,85.41,85.67,85.37,85.6,17186,0
FTNT.US,5,20251024,160500,85.605,85.75,85.59,85.63,20427,0
FTNT.US,5,20251024,161000,85.69,85.71,85.62,85.63,11918,0
FTNT.US,5,20251024,161500,85.635,85.635,85.38,85.43,23441,0
FTNT.US,5,20251024,162000,85.43,85.45,85.265,85.39,14500,0
FTNT.US,5,20251024,162500,85.37,85.52,85.25,85.25,17787,0
FTNT.US,5,20251024,163000,85.21,85.235,85.1055,85.18,15365,0
FTNT.US,5,20251024,163500,85.18,85.31,85.16,85.28,15255,0
FTNT.US,5,20251024,164000,85.28,85.33,85.245,85.255,12154,0
FTNT.US,5,20251024,164500,85.28,85.34,85.17,85.245,7029,0
FTNT.US,5,20251024,165000,85.24,85.28,85.21,85.22,15828,0
FTNT.US,5,20251024,165500,85.2,85.2,85,85.025,19827,0
FTNT.US,5,20251024,170000,85.04,85.19,84.98,85.11,11365,0
FTNT.US,5,20251024,170500,85.11,85.31,85.11,85.28,9404,0
FTNT.US,5,20251024,171000,85.29,85.36,85.25,85.36,19747,0
FTNT.US,5,20251024,171500,85.36,85.44,85.29,85.32,40576,0
FTNT.US,5,20251024,172000,85.32,85.355,85.27,85.27,27955,0
FTNT.US,5,20251024,172500,85.27,85.3,85.18,85.22,12518,0
FTNT.US,5,20251024,173000,85.245,85.25,85.115,85.115,11183,0
FTNT.US,5,20251024,173500,85.1,85.165,85.08,85.15,7196,0
FTNT.US,5,20251024,174000,85.16,85.22,85.155,85.2109,12794,0
FTNT.US,5,20251024,174500,85.17,85.3,85.14,85.27,10286,0
FTNT.US,5,20251024,175000,85.29,85.31,85.225,85.26,9770,0
FTNT.US,5,20251024,175500,85.23,85.235,85.18,85.2336,8138,0
FTNT.US,5,20251024,180000,85.25,85.3,85.21,85.21,10367,0
FTNT.US,5,20251024,180500,85.22,85.22,85.1594,85.16,7819,0
FTNT.US,5,20251024,181000,85.16,85.21,85.155,85.21,7022,0
FTNT.US,5,20251024,181500,85.2,85.26,85.2,85.24,10344,0
FTNT.US,5,20251024,182000,85.24,85.3,85.24,85.28,9900,0
FTNT.US,5,20251024,182500,85.28,85.33,85.27,85.285,8986,0
FTNT.US,5,20251024,183000,85.285,85.42,85.28,85.38,21473,0
FTNT.US,5,20251024,183500,85.37,85.39,85.29,85.37,16378,0
FTNT.US,5,20251024,184000,85.38,85.405,85.35,85.35,10880,0
FTNT.US,5,20251024,184500,85.34,85.4399,85.33,85.415,16891,0
FTNT.US,5,20251024,185000,85.4,85.4699,85.4,85.43791,8804,0
FTNT.US,5,20251024,185500,85.435,85.45,85.38,85.4,9699,0
FTNT.US,5,20251024,190000,85.39,85.43,85.37,85.405,15201,0
FTNT.US,5,20251024,190500,85.405,85.48,85.375,85.48,15210,0
FTNT.US,5,20251024,191000,85.47,85.53,85.46,85.5,13256,0
FTNT.US,5,20251024,191500,85.51,85.52,85.42,85.51,8854,0
FTNT.US,5,20251024,192000,85.514,85.514,85.445,85.445,8058,0
FTNT.US,5,20251024,192500,85.455,85.51,85.34,85.35,17539,0
FTNT.US,5,20251024,193000,85.34,85.385,85.32,85.35,13892,0
FTNT.US,5,20251024,193500,85.355,85.495,85.35,85.47,8368,0
FTNT.US,5,20251024,194000,85.455,85.51,85.44,85.47,11436,0
FTNT.US,5,20251024,194500,85.48,85.5699,85.48,85.5699,12152,0
FTNT.US,5,20251024,195000,85.55,85.565,85.5,85.56,8669,0
FTNT.US,5,20251024,195500,85.56,85.66,85.535,85.63,11272,0
FTNT.US,5,20251024,200000,85.646,85.67,85.56,85.605,9597,0
FTNT.US,5,20251024,200500,85.6,85.72,85.589,85.72,15032,0
FTNT.US,5,20251024,201000,85.7,85.77,85.68,85.76,29223,0
FTNT.US,5,20251024,201500,85.76,85.775,85.67,85.73,17647,0
FTNT.US,5,20251024,202000,85.75,85.786,85.71,85.75,6056,0
FTNT.US,5,20251024,202500,85.75,85.75,85.689,85.73,11522,0
FTNT.US,5,20251024,203000,85.74,85.78,85.73,85.74,10370,0
FTNT.US,5,20251024,203500,85.73,85.79,85.73,85.79,10970,0
FTNT.US,5,20251024,204000,85.79,85.79,85.74,85.76,12165,0
FTNT.US,5,20251024,204500,85.75,85.79,85.71,85.75,21932,0
FTNT.US,5,20251024,205000,85.78,85.78,85.68,85.7,12814,0
FTNT.US,5,20251024,205500,85.69,85.74,85.65,85.73,11949,0
FTNT.US,5,20251024,210000,85.72,85.72,85.665,85.69,12481,0
FTNT.US,5,20251024,210500,85.68,85.735,85.68,85.73,12985,0
FTNT.US,5,20251024,211000,85.73,85.755,85.72,85.7279,14856,0
FTNT.US,5,20251024,211500,85.725,85.74,85.63,85.63,26592,0
FTNT.US,5,20251024,212000,85.63,85.7,85.63,85.67,12869,0
FTNT.US,5,20251024,212500,85.67,85.745,85.67,85.7,21188,0
FTNT.US,5,20251024,213000,85.71,85.715,85.63,85.63,21281,0
FTNT.US,5,20251024,213500,85.64,85.64,85.52,85.535,23434,0
FTNT.US,5,20251024,214000,85.535,85.605,85.535,85.575,37216,0
FTNT.US,5,20251024,214500,85.58,85.635,85.555,85.59,44903,0
FTNT.US,5,20251024,215000,85.58,85.63,85.53,85.59,95617,0
FTNT.US,5,20251024,215500,85.58,85.62,85.52,85.56,899657,0
FTNT.US,5,20251027,143000,86.13,86.22,85.65,85.68,97597,0
FTNT.US,5,20251027,143500,85.67,85.94,85.58,85.86,12058,0
FTNT.US,5,20251027,144000,85.8956,86.07,85.79,86.04,17140,0
FTNT.US,5,20251027,144500,86.045,86.35,86.02,86.3,17137,0
FTNT.US,5,20251027,145000,86.31,86.56,86.31,86.405,20481,0
FTNT.US,5,20251027,145500,86.405,86.44,86.19,86.31,11668,0
FTNT.US,5,20251027,150000,86.301,86.48,86.1505,86.48,15764,0
FTNT.US,5,20251027,150500,86.46,86.5,86.34,86.41,17179,0
FTNT.US,5,20251027,151000,86.414,86.47,86.13,86.21,11238,0
FTNT.US,5,20251027,151500,86.21,86.28,86.09,86.21,14784,0
FTNT.US,5,20251027,152000,86.1405,86.23,86.0952,86.23,8140,0
FTNT.US,5,20251027,152500,86.23,86.36,86.21,86.355,11409,0
FTNT.US,5,20251027,153000,86.37,86.43,86.29,86.32,12172,0
FTNT.US,5,20251027,153500,86.3,86.46,86.28,86.305,9212,0
FTNT.US,5,20251027,154000,86.34,86.4,86.225,86.32,18342,0
FTNT.US,5,20251027,154500,86.32,86.36,86.14,86.2262,10954,0
FTNT.US,5,20251027,155000,86.21,86.4,86.2,86.39,8975,0
FTNT.US,5,20251027,155500,86.39,86.43,86.29,86.325,15053,0
FTNT.US,5,20251027,160000,86.33,86.34,86.15,86.21,25621,0
FTNT.US,5,20251027,160500,86.1937,86.29,86.13,86.16,25323,0
FTNT.US,5,20251027,161000,86.15,86.19,86.09,86.17,23304,0
FTNT.US,5,20251027,161500,86.1633,86.185,86.01,86.04,20171,0
FTNT.US,5,20251027,162000,86.055,86.14,86.03,86.1127,14395,0
FTNT.US,5,20251027,162500,86.12,86.17,86.06,86.105,23858,0
FTNT.US,5,20251027,163000,86.105,86.105,85.84,85.8425,31228,0
FTNT.US,5,20251027,163500,85.836,85.85,85.56,85.83,46525,0
FTNT.US,5,20251027,164000,85.86,85.86,85.567,85.64,36768,0
FTNT.US,5,20251027,164500,85.69,85.79,85.63,85.79,8041,0
FTNT.US,5,20251027,165000,85.785,85.785,85.67,85.74,11343,0
FTNT.US,5,20251027,165500,85.73,85.7699,85.68,85.735,7493,0
FTNT.US,5,20251027,170000,85.75,85.805,85.705,85.75,7973,0
FTNT.US,5,20251027,170500,85.77,85.795,85.71,85.725,10223,0
FTNT.US,5,20251027,171000,85.75,85.765,85.65,85.6961,74965,0
FTNT.US,5,20251027,171500,85.735,85.735,85.5884,85.62,11813,0
FTNT.US,5,20251027,172000,85.63,85.7,85.63,85.635,10694,0
FTNT.US,5,20251027,172500,85.63,85.745,85.55,85.63,33471,0
FTNT.US,5,20251027,173000,85.64,85.67,85.62,85.625,15043,0
FTNT.US,5,20251027,173500,85.65,85.735,85.62,85.63,8687,0
FTNT.US,5,20251027,174000,85.64,85.86,85.64,85.79,20152,0
FTNT.US,5,20251027,174500,85.8,85.81,85.74,85.745,7685,0
FTNT.US,5,20251027,175000,85.745,85.835,85.745,85.835,7166,0
FTNT.US,5,20251027,175500,85.83,85.83,85.73,85.78,16832,0
FTNT.US,5,20251027,180000,85.775,85.775,85.55,85.56,18809,0
FTNT.US,5,20251027,180500,85.56,85.615,85.43,85.505,14275,0
FTNT.US,5,20251027,181000,85.5112,85.555,85.4794,85.5438,6104,0
FTNT.US,5,20251027,181500,85.56,85.585,85.48,85.5,12777,0
FTNT.US,5,20251027,182000,85.51,85.6,85.5,85.5804,6318,0
FTNT.US,5,20251027,182500,85.58,85.66,85.58,85.65,5084,0
FTNT.US,5,20251027,183000,85.66,85.7,85.6,85.69,5433,0
FTNT.US,5,20251027,183500,85.69,85.78,85.66,85.78,5687,0
FTNT.US,5,20251027,184000,85.79,85.79,85.665,85.68,15665,0
FTNT.US,5,20251027,184500,85.685,85.7,85.655,85.69,6600,0
FTNT.US,5,20251027,185000,85.67,85.685,85.59,85.61,6472,0
FTNT.US,5,20251027,185500,85.61,85.62,85.54,85.54,7790,0
FTNT.US,5,20251027,190000,85.525,85.58,85.505,85.57,9128,0
FTNT.US,5,20251027,190500,85.58,85.58,85.521,85.58,5173,0
FTNT.US,5,20251027,191000,85.59,85.64,85.53,85.54,11675,0
FTNT.US,5,20251027,191500,85.55,85.636,85.545,85.61,5936,0
FTNT.US,5,20251027,192000,85.61,85.695,85.61,85.68,4469,0
FTNT.US,5,20251027,192500,85.68,85.73,85.6601,85.73,6476,0
FTNT.US,5,20251027,193000,85.735,85.81,85.73,85.81,7479,0
FTNT.US,5,20251027,193500,85.82,85.86,85.76,85.76,11672,0
FTNT.US,5,20251027,194000,85.76,85.77,85.698,85.72,7909,0
FTNT.US,5,20251027,194500,85.735,85.79,85.73,85.73,11995,0
FTNT.US,5,20251027,195000,85.74,85.76,85.66,85.69,17641,0
FTNT.US,5,20251027,195500,85.67,85.7499,85.66,85.73,12044,0
FTNT.US,5,20251027,200000,85.73,85.75,85.68,85.705,7641,0
FTNT.US,5,20251027,200500,85.7001,85.735,85.65,85.65,13398,0
FTNT.US,5,20251027,201000,85.66,85.72,85.66,85.7,10900,0
FTNT.US,5,20251027,201500,85.7,85.7,85.625,85.665,24412,0
FTNT.US,5,20251027,202000,85.665,85.73,85.66,85.72,21136,0
FTNT.US,5,20251027,202500,85.725,85.745,85.68,85.69,22008,0
FTNT.US,5,20251027,203000,85.685,85.705,85.52,85.54,30941,0
FTNT.US,5,20251027,203500,85.54,85.58,85.4535,85.55,34333,0
FTNT.US,5,20251027,204000,85.55,85.555,85.33,85.35,30524,0
FTNT.US,5,20251027,204500,85.36,85.46,85.34,85.405,35316,0
FTNT.US,5,20251027,205000,85.39,85.46,85.28,85.33,169537,0
FTNT.US,5,20251027,205500,85.32,85.32,85.14,85.29,1309483,0
FTNT.US,5,20251028,143000,86.065,86.88,85.83,86.3,134209,0
FTNT.US,5,20251028,143500,86.26,86.3561,85.87,85.87,130394,0
FTNT.US,5,20251028,144000,85.8913,86.1,85.7907,85.92,21209,0
FTNT.US,5,20251028,144500,85.9,86.51,85.9,86.5,113795,0
FTNT.US,5,20251028,145000,86.545,86.55,86.16,86.35,36992,0
FTNT.US,5,20251028,145500,86.33,86.48,86.265,86.48,34076,0
FTNT.US,5,20251028,150000,86.48,86.62,86.3,86.53,32763,0
FTNT.US,5,20251028,150500,86.54,86.65,86.345,86.38,14165,0
FTNT.US,5,20251028,151000,86.39,86.475,86.31,86.46,11966,0
FTNT.US,5,20251028,151500,86.45,86.56,86.1,86.22,22954,0
FTNT.US,5,20251028,152000,86.23,86.36,86.23,86.28,9703,0
FTNT.US,5,20251028,152500,86.28,86.5,86.21,86.4484,9366,0
FTNT.US,5,20251028,153000,86.44,86.45,86.24,86.3427,10925,0
FTNT.US,5,20251028,153500,86.33,86.52,86.31,86.45,16655,0
FTNT.US,5,20251028,154000,86.44,86.52,86.38,86.52,13791,0
FTNT.US,5,20251028,154500,86.5499,86.62,86.49,86.58,9672,0
FTNT.US,5,20251028,155000,86.59,86.65,86.49,86.51,15535,0
FTNT.US,5,20251028,155500,86.49,86.565,86.49,86.555,10400,0
FTNT.US,5,20251028,160000,86.57,86.7,86.52,86.555,22306,0
FTNT.US,5,20251028,160500,86.53,86.57,86.42,86.57,6608,0
FTNT.US,5,20251028,161000,86.55,86.62,86.37,86.58,16032,0
FTNT.US,5,20251028,161500,86.575,86.65,86.56,86.6495,10525,0
FTNT.US,5,20251028,162000,86.615,86.73,86.58,86.73,9216,0
FTNT.US,5,20251028,162500,86.6957,86.74,86.6957,86.725,6791,0
FTNT.US,5,20251028,163000,86.72,86.76,86.68,86.71,7349,0
FTNT.US,5,20251028,163500,86.69,86.83,86.62,86.8,6260,0
FTNT.US,5,20251028,164000,86.819,86.82,86.71,86.765,9597,0
FTNT.US,5,20251028,164500,86.7503,86.86,86.7503,86.82,8738,0
FTNT.US,5,20251028,165000,86.81,86.88,86.81,86.8727,10848,0
FTNT.US,5,20251028,165500,86.89,86.9896,86.88,86.965,14467,0
FTNT.US,5,20251028,170000,86.9504,87.04,86.9022,86.93,25854,0
FTNT.US,5,20251028,170500,86.95,86.98,86.77,86.785,13888,0
FTNT.US,5,20251028,171000,86.785,86.84,86.75,86.79,8644,0
FTNT.US,5,20251028,171500,86.77,86.84,86.64,86.65,8913,0
FTNT.US,5,20251028,172000,86.67,86.73,86.65,86.7,8915,0
FTNT.US,5,20251028,172500,86.7088,86.77,86.7,86.77,3735,0
FTNT.US,5,20251028,173000,86.74,86.835,86.66,86.815,16525,0
FTNT.US,5,20251028,173500,86.8,86.8,86.58,86.59,12690,0
FTNT.US,5,20251028,174000,86.595,86.68,86.522,86.68,8054,0
FTNT.US,5,20251028,174500,86.665,86.73,86.64,86.64,6883,0
FTNT.US,5,20251028,175000,86.63,86.652,86.6,86.62,5281,0
FTNT.US,5,20251028,175500,86.63,86.65,86.58,86.62,4608,0
FTNT.US,5,20251028,180000,86.62,86.72,86.62,86.71,5134,0
FTNT.US,5,20251028,180500,86.73,86.74,86.695,86.72,4882,0
FTNT.US,5,20251028,181000,86.72,86.72,86.53,86.57,13459,0
FTNT.US,5,20251028,181500,86.57,86.675,84.98,86.36,296375,0
FTNT.US,5,20251028,182000,86.34,86.4463,86.22,86.38,10503,0
FTNT.US,5,20251028,182500,86.45,86.53,86.41,86.47,5118,0
FTNT.US,5,20251028,183000,86.505,86.73,86.43,86.64,11564,0
FTNT.US,5,20251028,183500,86.615,86.65,86.41,86.4646,8744,0
FTNT.US,5,20251028,184000,86.5,86.57,86.421,86.43,9800,0
FTNT.US,5,20251028,184500,86.43,86.44,86.32,86.42,9875,0
FTNT.US,5,20251028,185000,86.45,86.45,86.24,86.24,14461,0
FTNT.US,5,20251028,185500,86.24,86.29,86.18,86.2,7582,0
FTNT.US,5,20251028,190000,86.24,86.3617,86.24,86.3,6110,0
FTNT.US,5,20251028,190500,86.3025,86.41,86.3,86.3468,5660,0
FTNT.US,5,20251028,191000,86.36,86.43,86.28,86.29,10561,0
FTNT.US,5,20251028,191500,86.3,86.31,86.23,86.27,12425,0
FTNT.US,5,20251028,192000,86.275,86.38,86.245,86.3,11235,0
FTNT.US,5,20251028,192500,86.3,86.34,86.28,86.31,7843,0
FTNT.US,5,20251028,193000,86.33,86.34,86.28,86.31,7941,0
FTNT.US,5,20251028,193500,86.35,86.4132,86.35,86.4,7651,0
FTNT.US,5,20251028,194000,86.4,86.495,86.37,86.44,16190,0
FTNT.US,5,20251028,194500,86.42,86.51,86.41,86.485,5294,0
FTNT.US,5,20251028,195000,86.486,86.55,86.486,86.55,6212,0
FTNT.US,5,20251028,195500,86.53,86.54,86.43,86.46,10390,0
FTNT.US,5,20251028,200000,86.455,86.465,86.31,86.4,9440,0
FTNT.US,5,20251028,200500,86.4,86.45,86.32,86.43,20121,0
FTNT.US,5,20251028,201000,86.42,86.44,86.38,86.38,17138,0
FTNT.US,5,20251028,201500,86.36,86.36,86.25,86.31,18431,0
FTNT.US,5,20251028,202000,86.32,86.32,86.24,86.25,13428,0
FTNT.US,5,20251028,202500,86.24,86.305,86.23,86.27,13454,0
FTNT.US,5,20251028,203000,86.26,86.27,86.18,86.195,16435,0
FTNT.US,5,20251028,203500,86.195,86.26,86.1792,86.1792,14853,0
FTNT.US,5,20251028,204000,86.18,86.31,86.17,86.25,15692,0
FTNT.US,5,20251028,204500,86.255,86.275,86.16,86.23,18134,0
FTNT.US,5,20251028,205000,86.21,86.22,85.82,85.93,106810,0
FTNT.US,5,20251028,205500,85.95,86.04,85.84,85.87,1196959,0
FTNT.US,5,20251029,143000,84.85,84.97,83.56,84.22,170162,0
FTNT.US,5,20251029,143500,84.25,84.65,84.15,84.618,49600,0
FTNT.US,5,20251029,144000,84.605,84.98,84.48,84.52,29725,0
FTNT.US,5,20251029,144500,84.505,84.88,84.45,84.51,56288,0
FTNT.US,5,20251029,145000,84.535,84.55,84.19,84.19,16610,0
FTNT.US,5,20251029,145500,84.195,84.3999,84.11,84.3,18090,0
FTNT.US,5,20251029,150000,84.29,84.39,84.11,84.2,19472,0
FTNT.US,5,20251029,150500,84.18,84.3,84.14,84.2,15741,0
FTNT.US,5,20251029,151000,84.19,84.39,84.18,84.19,21776,0
FTNT.US,5,20251029,151500,84.19,84.34,84.19,84.3,17813,0
FTNT.US,5,20251029,152000,84.26,84.3,84.18,84.2,14115,0
FTNT.US,5,20251029,152500,84.2,84.22,84.06,84.15,26000,0
FTNT.US,5,20251029,153000,84.11,84.23,84.11,84.21,14957,0
FTNT.US,5,20251029,153500,84.19,84.27,84.13,84.23,25076,0
FTNT.US,5,20251029,154000,84.24,84.33,84.1817,84.275,16010,0
FTNT.US,5,20251029,154500,84.26,84.33,84.19,84.27,13638,0
FTNT.US,5,20251029,155000,84.26,84.28,84.17,84.2,17511,0
FTNT.US,5,20251029,155500,84.18,84.22,84.11,84.11,14286,0
FTNT.US,5,20251029,160000,84.11,84.33,84.08,84.2575,24840,0
FTNT.US,5,20251029,160500,84.23,84.29,84.12,84.205,16335,0
FTNT.US,5,20251029,161000,84.2196,84.22,84.08,84.085,11986,0
FTNT.US,5,20251029,161500,84.07,84.07,83.935,84,33131,0
FTNT.US,5,20251029,162000,83.9601,84.02,83.94,83.97,8254,0
FTNT.US,5,20251029,162500,83.995,84.0288,83.86,83.9,21263,0
FTNT.US,5,20251029,163000,83.9,84.19,83.9,84.175,17063,0
FTNT.US,5,20251029,163500,84.17,84.34,84.16,84.27,32330,0
FTNT.US,5,20251029,164000,84.27,84.42,84.205,84.41,11822,0
FTNT.US,5,20251029,164500,84.39,84.52,84.34,84.52,14391,0
FTNT.US,5,20251029,165000,84.52,84.54,84.45,84.452,8078,0
FTNT.US,5,20251029,165500,84.48,84.53,84.43,84.48,23794,0
FTNT.US,5,20251029,170000,84.51,84.6394,84.51,84.62,17851,0
FTNT.US,5,20251029,170500,84.61,84.7,84.5788,84.6,12237,0
FTNT.US,5,20251029,171000,84.6,84.7,84.55,84.555,15429,0
FTNT.US,5,20251029,171500,84.555,84.66,84.525,84.63,18929,0
FTNT.US,5,20251029,172000,84.67,84.76,84.66,84.68,15031,0
FTNT.US,5,20251029,172500,84.7,84.7696,84.675,84.75,6744,0
FTNT.US,5,20251029,173000,84.77,84.96,84.77,84.915,11615,0
FTNT.US,5,20251029,173500,84.935,84.98,84.89,84.945,8174,0
FTNT.US,5,20251029,174000,84.96,84.99,84.91,84.925,8766,0
FTNT.US,5,20251029,174500,84.94,85,84.88,84.88,15358,0
FTNT.US,5,20251029,175000,84.89,84.89,84.82,84.89,16721,0
FTNT.US,5,20251029,175500,84.885,84.91,84.81,84.855,10139,0
FTNT.US,5,20251029,180000,84.83,84.83,84.755,84.7553,12314,0
FTNT.US,5,20251029,180500,84.75,84.75,84.68,84.68,6804,0
FTNT.US,5,20251029,181000,84.66,84.66,84.5716,84.6109,10837,0
FTNT.US,5,20251029,181500,84.62,84.71,84.62,84.68,9852,0
FTNT.US,5,20251029,182000,84.7,84.81,84.68,84.76,13747,0
FTNT.US,5,20251029,182500,84.75,84.78,84.6901,84.72,15355,0
FTNT.US,5,20251029,183000,84.74,84.925,84.73,84.91,20140,0
FTNT.US,5,20251029,183500,84.92,84.93,84.86,84.88,14009,0
FTNT.US,5,20251029,184000,84.895,84.9,84.85,84.9,6432,0
FTNT.US,5,20251029,184500,84.895,84.94,84.855,84.89,11027,0
FTNT.US,5,20251029,185000,84.895,84.895,84.835,84.86,11314,0
FTNT.US,5,20251029,185500,84.865,84.875,84.79,84.8712,11167,0
FTNT.US,5,20251029,190000,84.885,84.97,84.77,84.775,27497,0
FTNT.US,5,20251029,190500,84.7896,84.86,84.67,84.86,12390,0
FTNT.US,5,20251029,191000,84.855,84.93,84.82,84.82,16247,0
FTNT.US,5,20251029,191500,84.83,84.91,84.81,84.86,12668,0
FTNT.US,5,20251029,192000,84.8165,84.88,84.76,84.88,19151,0
FTNT.US,5,20251029,192500,84.87,84.885,84.7784,84.855,11958,0
FTNT.US,5,20251029,193000,84.855,85,84.85,84.97,13446,0
FTNT.US,5,20251029,193500,84.95,84.97,84.33,84.37,32931,0
FTNT.US,5,20251029,194000,84.38,84.515,84.25,84.315,24026,0
FTNT.US,5,20251029,194500,84.32,84.5,84.25,84.405,24570,0
FTNT.US,5,20251029,195000,84.42,84.65,84.405,84.53,42587,0
FTNT.US,5,20251029,195500,84.545,84.69,84.44,84.554,26093,0
FTNT.US,5,20251029,200000,84.51,84.62,84.31,84.3266,23840,0
FTNT.US,5,20251029,200500,84.345,84.54,84.34,84.35,29374,0
FTNT.US,5,20251029,201000,84.365,84.46,84.31,84.34,28221,0
FTNT.US,5,20251029,201500,84.36,84.41,84.25,84.41,28495,0
FTNT.US,5,20251029,202000,84.39,84.535,84.35,84.422,31508,0
FTNT.US,5,20251029,202500,84.445,84.55,84.3,84.3125,28543,0
FTNT.US,5,20251029,203000,84.27,84.32,84.12,84.18,25974,0
FTNT.US,5,20251029,203500,84.175,84.175,84.033,84.11,32687,0
FTNT.US,5,20251029,204000,84.105,84.17,84.02973,84.09,39500,0
FTNT.US,5,20251029,204500,84.11,84.24,84.055,84.18,62657,0
FTNT.US,5,20251029,205000,84.19,84.23,83.96,84.085,107970,0
FTNT.US,5,20251029,205500,84.085,84.235,84.085,84.23,208975,0
FTNT.US,5,20251030,143000,84.58,84.81,84.15,84.54,94275,0
FTNT.US,5,20251030,143500,84.535,85.14,84.535,85.0718,39757,0
FTNT.US,5,20251030,144000,85.08,85.08,84.61,84.68,14331,0
FTNT.US,5,20251030,144500,84.66,85.1,84.66,84.855,30131,0
FTNT.US,5,20251030,145000,84.9147,85.27,84.87,85.23,16594,0
FTNT.US,5,20251030,145500,85.18,85.29,85.11,85.14,50901,0
FTNT.US,5,20251030,150000,85.15,85.29,85.065,85.09,26809,0
FTNT.US,5,20251030,150500,85.11,85.35,85.09,85.15,23401,0
FTNT.US,5,20251030,151000,85.13,85.41,85.09,85.385,18383,0
FTNT.US,5,20251030,151500,85.4,85.4,84.97,84.97,25830,0
FTNT.US,5,20251030,152000,84.93,84.93,84.74,84.78,20503,0
FTNT.US,5,20251030,152500,84.775,84.81,84.64,84.71,15579,0
FTNT.US,5,20251030,153000,84.79,85.04,84.765,85,20265,0
FTNT.US,5,20251030,153500,85.08,85.13,84.965,84.965,11682,0
FTNT.US,5,20251030,154000,85.005,85.14,84.98,85.05,21512,0
FTNT.US,5,20251030,154500,85.075,85.12,84.93,85,19163,0
FTNT.US,5,20251030,155000,84.98,85.0205,84.82,84.99,17804,0
FTNT.US,5,20251030,155500,84.99,85.1,84.99,85.095,17594,0
FTNT.US,5,20251030,160000,85.06,85.28,85.06,85.1751,17110,0
FTNT.US,5,20251030,160500,85.14,85.35,85.09,85.32,101936,0
FTNT.US,5,20251030,161000,85.32,85.4,85.23,85.265,43264,0
FTNT.US,5,20251030,161500,85.25,85.44,85.21,85.44,22487,0
FTNT.US,5,20251030,162000,85.45,85.49,85.43,85.43,10291,0
FTNT.US,5,20251030,162500,85.42,85.5,85.3635,85.3635,19850,0
FTNT.US,5,20251030,163000,85.35,85.41,85.29,85.34,12519,0
FTNT.US,5,20251030,163500,85.33,85.335,85.1754,85.305,18461,0
FTNT.US,5,20251030,164000,85.305,85.305,85.17,85.2,48667,0
FTNT.US,5,20251030,164500,85.195,85.22,85.13,85.18,16909,0
FTNT.US,5,20251030,165000,85.19,85.22,85.11,85.17,10028,0
FTNT.US,5,20251030,165500,85.16,85.18,85.06,85.085,11903,0
FTNT.US,5,20251030,170000,85.07,85.11,85.035,85.075,11948,0
FTNT.US,5,20251030,170500,85.05,85.12,85.025,85.1016,31773,0
FTNT.US,5,20251030,171000,85.11,85.18,85.1,85.11,25016,0
FTNT.US,5,20251030,171500,85.11,85.18,85.06,85.18,12722,0
FTNT.US,5,20251030,172000,85.18,85.185,85.1006,85.14,15831,0
FTNT.US,5,20251030,172500,85.13,85.15,85.06,85.12,26444,0
FTNT.US,5,20251030,173000,85.12,85.245,85.08,85.15,23942,0
FTNT.US,5,20251030,173500,85.155,85.31,85.13,85.28,27106,0
FTNT.US,5,20251030,174000,85.28,85.29,85.07,85.21,40410,0
FTNT.US,5,20251030,174500,85.2,85.31,85.2,85.24,17872,0
FTNT.US,5,20251030,175000,85.27,85.34,85.25,85.33,10391,0
FTNT.US,5,20251030,175500,85.34,85.46,85.34,85.4258,24979,0
FTNT.US,5,20251030,180000,85.38,85.39,85.13,85.185,12215,0
FTNT.US,5,20251030,180500,85.2,85.2,85.105,85.125,9486,0
FTNT.US,5,20251030,181000,85.11,85.195,85.11,85.125,11979,0
FTNT.US,5,20251030,181500,85.13,85.24,85.09,85.24,11874,0
FTNT.US,5,20251030,182000,85.255,85.375,85.23,85.375,8083,0
FTNT.US,5,20251030,182500,85.4,85.49,85.38,85.4516,17934,0
FTNT.US,5,20251030,183000,85.465,85.55,85.42,85.55,20751,0
FTNT.US,5,20251030,183500,85.53,85.54,85.4,85.48,14982,0
FTNT.US,5,20251030,184000,85.47,85.54,85.45,85.535,13558,0
FTNT.US,5,20251030,184500,85.531,85.59,85.5,85.555,10968,0
FTNT.US,5,20251030,185000,85.53,85.54,85.47,85.525,13478,0
FTNT.US,5,20251030,185500,85.525,85.5994,85.48,85.55,11860,0
FTNT.US,5,20251030,190000,85.525,85.58,85.5088,85.54,7219,0
FTNT.US,5,20251030,190500,85.54,85.58,85.42,85.4601,9733,0
FTNT.US,5,20251030,191000,85.45,85.49,85.38,85.38,8254,0
FTNT.US,5,20251030,191500,85.405,85.405,85.32,85.355,10350,0
FTNT.US,5,20251030,192000,85.37,85.39,85.26,85.345,19581,0
FTNT.US,5,20251030,192500,85.3461,85.3461,85.19,85.2,11962,0
FTNT.US,5,20251030,193000,85.2,85.27,85.18,85.225,10026,0
FTNT.US,5,20251030,193500,85.21,85.215,84.97,84.99,18990,0
FTNT.US,5,20251030,194000,84.99,85.01,84.91,84.925,25287,0
FTNT.US,5,20251030,194500,84.925,84.98,84.875,84.885,25742,0
FTNT.US,5,20251030,195000,84.86,84.9,84.84,84.9,10071,0
FTNT.US,5,20251030,195500,84.9,84.94,84.855,84.88,9993,0
FTNT.US,5,20251030,200000,84.88,84.9,84.8,84.815,13642,0
FTNT.US,5,20251030,200500,84.8,84.8,84.67,84.71,18592,0
FTNT.US,5,20251030,201000,84.7,84.74,84.67,84.685,33867,0
FTNT.US,5,20251030,201500,84.7,84.715,84.58,84.63,11923,0
FTNT.US,5,20251030,202000,84.63,84.63,84.49,84.57,14700,0
FTNT.US,5,20251030,202500,84.57,84.58,84.465,84.48,21820,0
FTNT.US,5,20251030,203000,84.485,84.53,84.41,84.47,32147,0
FTNT.US,5,20251030,203500,84.47,84.55,84.395,84.42,23269,0
FTNT.US,5,20251030,204000,84.415,84.47,84.335,84.355,31815,0
FTNT.US,5,20251030,204500,84.37,84.56,84.31,84.53,73750,0
FTNT.US,5,20251030,205000,84.54,84.54,84.3,84.345,74585,0
FTNT.US,5,20251030,205500,84.32,84.4,84.17,84.2,225008,0
FTNT.US,5,20251031,143000,84.21,84.65,84,84.53,77862,0
FTNT.US,5,20251031,143500,84.55,84.63,84.385,84.4975,24596,0
FTNT.US,5,20251031,144000,84.47,84.7499,84.43,84.7499,23149,0
FTNT.US,5,20251031,144500,84.73,85.07,84.71,84.8501,20922,0
FTNT.US,5,20251031,145000,84.91,85.3657,84.91,85.3001,24251,0
FTNT.US,5,20251031,145500,85.295,85.4,85.2,85.345,17815,0
FTNT.US,5,20251031,150000,85.3,85.38,85.18,85.38,19711,0
FTNT.US,5,20251031,150500,85.38,85.45,85.18,85.28,21877,0
FTNT.US,5,20251031,151000,85.32,85.46,85.278,85.34,22251,0
FTNT.US,5,20251031,151500,85.325,85.61,85.3,85.55,25041,0
FTNT.US,5,20251031,152000,85.57,85.57,85.33,85.46,11641,0
FTNT.US,5,20251031,152500,85.5,85.626,85.485,85.485,18147,0
FTNT.US,5,20251031,153000,85.47,85.56,85.41,85.47,22350,0
FTNT.US,5,20251031,153500,85.48,85.66,85.4561,85.6,13189,0
FTNT.US,5,20251031,154000,85.6,85.725,85.57,85.72,14592,0
FTNT.US,5,20251031,154500,85.71,85.81,85.7,85.81,20897,0
FTNT.US,5,20251031,155000,85.78,85.78,85.54,85.5594,20617,0
FTNT.US,5,20251031,155500,85.5527,85.64,85.53,85.57,8431,0
FTNT.US,5,20251031,160000,85.565,85.7,85.41,85.69,88255,0
FTNT.US,5,20251031,160500,85.69,85.78,85.51,85.53,9946,0
FTNT.US,5,20251031,161000,85.55,85.65,85.45,85.62,13590,0
FTNT.US,5,20251031,161500,85.65,85.735,85.61,85.68,6946,0
FTNT.US,5,20251031,162000,85.64,85.64,85.44,85.51,9496,0
FTNT.US,5,20251031,162500,85.44,85.65,85.44,85.585,18220,0
FTNT.US,5,20251031,163000,85.59,85.675,85.56,85.595,10497,0
FTNT.US,5,20251031,163500,85.59,85.63,85.36,85.38,15036,0
FTNT.US,5,20251031,164000,85.39,85.41,85.3,85.36,15061,0
FTNT.US,5,20251031,164500,85.39,85.48,85.28,85.34,18583,0
FTNT.US,5,20251031,165000,85.335,85.49,85.33,85.33,27258,0
FTNT.US,5,20251031,165500,85.31,85.345,85.23,85.27,8912,0
FTNT.US,5,20251031,170000,85.25,85.405,85.22,85.39,9374,0
FTNT.US,5,20251031,170500,85.39,85.55,85.36,85.36,17882,0
FTNT.US,5,20251031,171000,85.35,85.355,85.265,85.34,10347,0
FTNT.US,5,20251031,171500,85.32,85.48,85.27,85.455,16297,0
FTNT.US,5,20251031,172000,85.45,85.52,85.37,85.5,18618,0
FTNT.US,5,20251031,172500,85.5168,85.63,85.51,85.55,10189,0
FTNT.US,5,20251031,173000,85.54,85.6,85.48,85.48,7231,0
FTNT.US,5,20251031,173500,85.49,85.5195,85.3906,85.445,6924,0
FTNT.US,5,20251031,174000,85.45,85.465,85.37,85.44,6443,0
FTNT.US,5,20251031,174500,85.46,85.465,85.36,85.465,11530,0
FTNT.US,5,20251031,175000,85.465,85.475,85.32,85.32,9063,0
FTNT.US,5,20251031,175500,85.37,85.37,85.21,85.26,6995,0
FTNT.US,5,20251031,180000,85.27,85.405,85.27,85.37,8694,0
FTNT.US,5,20251031,180500,85.35,85.405,85.26,85.31,12916,0
FTNT.US,5,20251031,181000,85.345,85.37,85.29,85.3196,3565,0
FTNT.US,5,20251031,181500,85.3,85.3524,85.16,85.16,13676,0
FTNT.US,5,20251031,182000,85.14,85.18,85.0525,85.18,8787,0
FTNT.US,5,20251031,182500,85.2,85.3299,85.2,85.225,10115,0
FTNT.US,5,20251031,183000,85.235,85.345,85.14,85.17,19932,0
FTNT.US,5,20251031,183500,85.15,85.1699,85.11,85.125,7768,0
FTNT.US,5,20251031,184000,85.15,85.165,85.08,85.16,6826,0
FTNT.US,5,20251031,184500,85.165,85.22,85.11,85.17,7354,0
FTNT.US,5,20251031,185000,85.17,85.26,85.17,85.18,7660,0
FTNT.US,5,20251031,185500,85.18,85.345,85.14,85.33,15448,0
FTNT.US,5,20251031,190000,85.34,85.52,85.33,85.43,14231,0
FTNT.US,5,20251031,190500,85.43,85.43,85.36,85.4,20719,0
FTNT.US,5,20251031,191000,85.38,85.595,85.38,85.595,21819,0
FTNT.US,5,20251031,191500,85.5926,85.75,85.56,85.66,14513,0
FTNT.US,5,20251031,192000,85.68,85.89,85.67,85.86,33420,0
FTNT.US,5,20251031,192500,85.89,86.02,85.8812,85.9,14732,0
FTNT.US,5,20251031,193000,85.89,85.93,85.84,85.91,10747,0
FTNT.US,5,20251031,193500,85.9116,86.04,85.906,86.04,7524,0
FTNT.US,5,20251031,194000,86.01,86.04,85.91,85.9116,9891,0
FTNT.US,5,20251031,194500,85.91,86.12,85.9092,86.12,18913,0
FTNT.US,5,20251031,195000,86.113,86.19,86.1,86.18,17277,0
FTNT.US,5,20251031,195500,86.18,86.22,86.05,86.11,27312,0
FTNT.US,5,20251031,200000,86.08,86.1032,85.96,86.01,21596,0
FTNT.US,5,20251031,200500,86.02,86.23,86,86.21,19506,0
FTNT.US,5,20251031,201000,86.205,86.31,86.2,86.31,12039,0
FTNT.US,5,20251031,201500,86.3,86.31,86.24,86.265,17130,0
FTNT.US,5,20251031,202000,86.265,86.33,86.16,86.19,25278,0
FTNT.US,5,20251031,202500,86.2,86.33,86.1992,86.285,23829,0
FTNT.US,5,20251031,203000,86.285,86.5,86.28,86.5,36979,0
FTNT.US,5,20251031,203500,86.5,86.51,86.335,86.35,55790,0
FTNT.US,5,20251031,204000,86.34,86.55,86.3387,86.545,55330,0
FTNT.US,5,20251031,204500,86.545,86.57,86.4,86.485,67419,0
FTNT.US,5,20251031,205000,86.5,86.83,86.46,86.69,176143,0
FTNT.US,5,20251031,205500,86.69,86.69,86.39,86.43,287085,0
FTNT.US,5,20251103,153000,86.18,86.75,85.64,86.72,127888,0
FTNT.US,5,20251103,153500,86.74,86.74,86.375,86.65,19982,0
FTNT.US,5,20251103,154000,86.65,86.65,86.08,86.48,71742,0
FTNT.US,5,20251103,154500,86.43,86.445,86.18,86.2,28562,0
FTNT.US,5,20251103,155000,86.2,86.57,86.14,86.39,52449,0
FTNT.US,5,20251103,155500,86.36,86.58,86.32,86.58,37287,0
FTNT.US,5,20251103,160000,86.58,86.68,86.08,86.13,25469,0
FTNT.US,5,20251103,160500,86.17,86.2,85.88,85.915,23866,0
FTNT.US,5,20251103,161000,85.9151,85.965,85.76,85.83,14225,0
FTNT.US,5,20251103,161500,85.825,85.825,85.47,85.55438,42140,0
FTNT.US,5,20251103,162000,85.51,85.53,84.94,84.945,36372,0
FTNT.US,5,20251103,162500,84.945,85.145,84.9,85.09,36285,0
FTNT.US,5,20251103,163000,85.09,85.2375,85.07,85.07,28816,0
FTNT.US,5,20251103,163500,85.07,85.16,84.89,85.085,32806,0
FTNT.US,5,20251103,164000,85.08,85.315,84.88,85.2,28621,0
FTNT.US,5,20251103,164500,85.225,85.24,84.91,85,119103,0
FTNT.US,5,20251103,165000,85.04,85.21,85.01,85.16,17413,0
FTNT.US,5,20251103,165500,85.16,85.3498,85.13,85.29,19505,0
FTNT.US,5,20251103,170000,85.28,85.7105,85.28,85.7105,17268,0
FTNT.US,5,20251103,170500,85.7,85.87,85.61,85.85,91889,0
FTNT.US,5,20251103,171000,85.82,85.915,85.76,85.83,12229,0
FTNT.US,5,20251103,171500,85.88,85.94,85.8288,85.935,13023,0
FTNT.US,5,20251103,172000,85.935,86.11,85.89,85.895,34179,0
FTNT.US,5,20251103,172500,85.91,86,85.78,85.835,59374,0
FTNT.US,5,20251103,173000,85.85,85.9,85.77,85.89,14861,0
FTNT.US,5,20251103,173500,85.93,85.95,85.78,85.915,18022,0
FTNT.US,5,20251103,174000,85.92,86.05,85.9,85.94,22180,0
FTNT.US,5,20251103,174500,85.94,85.98,85.77,85.8194,13967,0
FTNT.US,5,20251103,175000,85.82,85.84,85.7,85.83,13878,0
FTNT.US,5,20251103,175500,85.84,85.87,85.7705,85.83,9929,0
FTNT.US,5,20251103,180000,85.82,85.82,85.64,85.65,10906,0
FTNT.US,5,20251103,180500,85.63,85.76,85.5701,85.73,11543,0
FTNT.US,5,20251103,181000,85.75,85.81,85.7,85.785,9363,0
FTNT.US,5,20251103,181500,85.82,85.83,85.7,85.73,11566,0
FTNT.US,5,20251103,182000,85.715,85.88,85.7147,85.85,15545,0
FTNT.US,5,20251103,182500,85.831,85.85,85.75,85.81,9887,0
FTNT.US,5,20251103,183000,85.8,85.94,85.78,85.94,10450,0
FTNT.US,5,20251103,183500,85.93,85.98,85.85,85.85,6947,0
FTNT.US,5,20251103,184000,85.88,85.97,85.8501,85.94,8733,0
FTNT.US,5,20251103,184500,85.9401,86.01033,85.91,86.01033,19377,0
FTNT.US,5,20251103,185000,86.0051,86.155,85.99,86.155,13235,0
FTNT.US,5,20251103,185500,86.165,86.38,86.15,86.38,14222,0
FTNT.US,5,20251103,190000,86.38,86.43,86.35,86.38242,18802,0
FTNT.US,5,20251103,190500,86.385,86.43,86.34,86.39,9377,0
FTNT.US,5,20251103,191000,86.39,86.48,86.35,86.36,12728,0
FTNT.US,5,20251103,191500,86.36,86.54,86.36,86.53,13400,0
FTNT.US,5,20251103,192000,86.53,86.59,86.48,86.49,21005,0
FTNT.US,5,20251103,192500,86.48,86.55,86.46,86.485,11199,0
FTNT.US,5,20251103,193000,86.49,86.61,86.485,86.58,13358,0
FTNT.US,5,20251103,193500,86.57,86.7,86.57,86.65,7593,0
FTNT.US,5,20251103,194000,86.64,86.73,86.61,86.7,13756,0
FTNT.US,5,20251103,194500,86.715,86.74,86.6356,86.735,12878,0
FTNT.US,5,20251103,195000,86.72,86.8,86.7,86.77,13598,0
FTNT.US,5,20251103,195500,86.77,86.79,86.68,86.71,11907,0
FTNT.US,5,20251103,200000,86.74,86.84,86.71,86.8216,41400,0
FTNT.US,5,20251103,200500,86.82,86.87,86.81,86.84,13485,0
FTNT.US,5,20251103,201000,86.845,86.94,86.8,86.9,16895,0
FTNT.US,5,20251103,201500,86.9,86.91,86.82,86.835,15649,0
FTNT.US,5,20251103,202000,86.85,86.86,86.73,86.81,33706,0
FTNT.US,5,20251103,202500,86.81,86.92,86.785,86.92,27725,0
FTNT.US,5,20251103,203000,86.92,87.01,86.91,86.97,38509,0
FTNT.US,5,20251103,203500,86.97,87.07,86.97,86.99,23669,0
FTNT.US,5,20251103,204000,87.01,87.02,86.925,87.02,21985,0
FTNT.US,5,20251103,204500,87.03,87.065,87.01,87.015,14613,0
FTNT.US,5,20251103,205000,87,87.07,86.995,87.05,21881,0
FTNT.US,5,20251103,205500,87.055,87.2599,87.04,87.22,37484,0
FTNT.US,5,20251103,210000,87.235,87.3091,87.22,87.27,17611,0
FTNT.US,5,20251103,210500,87.2799,87.46,87.2799,87.44,24099,0
FTNT.US,5,20251103,211000,87.44,87.44,87.14,87.27,59926,0
FTNT.US,5,20251103,211500,87.26,87.315,87.21,87.26,27122,0
FTNT.US,5,20251103,212000,87.25,87.26,87.14,87.17,35195,0
FTNT.US,5,20251103,212500,87.17,87.34,87.13,87.335,58284,0
FTNT.US,5,20251103,213000,87.35,87.57,87.35,87.545,61148,0
FTNT.US,5,20251103,213500,87.53,87.57,87.36,87.47,51620,0
FTNT.US,5,20251103,214000,87.49,87.55,87.33,87.42,78887,0
FTNT.US,5,20251103,214500,87.43,87.55,87.43,87.49,58908,0
FTNT.US,5,20251103,215000,87.48,87.56,87.13,87.525,349790,0
FTNT.US,5,20251103,215500,87.55,87.655,87.42,87.51,272291,0
FTNT.US,5,20251104,153000,86.5,86.51,85.25,85.8088,118708,0
FTNT.US,5,20251104,153500,85.805,85.985,85.3284,85.61,36245,0
FTNT.US,5,20251104,154000,85.6237,86.2,85.52,86.013,29893,0
FTNT.US,5,20251104,154500,86.01,86.12,85.93,86.05,56512,0
FTNT.US,5,20251104,155000,86.04,86.12,85.9,85.97,16089,0
FTNT.US,5,20251104,155500,85.97,86.48,85.88,86.41,40938,0
FTNT.US,5,20251104,160000,86.49,86.545,86.35,86.415,23079,0
FTNT.US,5,20251104,160500,86.415,86.84,86.35,86.68,113048,0
FTNT.US,5,20251104,161000,86.7,86.7,86.27,86.275,37388,0
FTNT.US,5,20251104,161500,86.3,86.35,86.04,86.11,33441,0
FTNT.US,5,20251104,162000,86.14,86.15,85.86,85.86,28061,0
FTNT.US,5,20251104,162500,85.84,85.84,85.66,85.8296,33810,0
FTNT.US,5,20251104,163000,85.81,85.93,85.78,85.85,19862,0
FTNT.US,5,20251104,163500,85.84,86.2,85.83,86.1675,28342,0
FTNT.US,5,20251104,164000,86.16,86.27,86.11,86.21,17832,0
FTNT.US,5,20251104,164500,86.23,86.39,86,86.0286,26012,0
FTNT.US,5,20251104,165000,86.001,86.01,85.64,85.64,57626,0
FTNT.US,5,20251104,165500,85.56,85.5969,85.41,85.52,22855,0
FTNT.US,5,20251104,170000,85.54,85.56,85.09,85.095,28668,0
FTNT.US,5,20251104,170500,85.08,85.26,85.08,85.2,43977,0
FTNT.US,5,20251104,171000,85.205,85.31,85.11,85.11,110945,0
FTNT.US,5,20251104,171500,85.12,85.25,84.96,84.968,19897,0
FTNT.US,5,20251104,172000,85,85.06,84.9,85,51439,0
FTNT.US,5,20251104,172500,85,85.04,84.81,84.81,30339,0
FTNT.US,5,20251104,173000,84.78,84.98,84.71,84.87,40468,0
FTNT.US,5,20251104,173500,84.83,84.91,84.7,84.7,13702,0
FTNT.US,5,20251104,174000,84.699,84.699,84.45,84.52,26984,0
FTNT.US,5,20251104,174500,84.525,84.55,84.42,84.46,16038,0
FTNT.US,5,20251104,175000,84.45,84.75,84.45,84.75,31013,0
FTNT.US,5,20251104,175500,84.73,84.79,84.69,84.74,16697,0
FTNT.US,5,20251104,180000,84.735,84.7881,84.66,84.765,23517,0
FTNT.US,5,20251104,180500,84.78,84.92,84.74,84.8817,12351,0
FTNT.US,5,20251104,181000,84.88,84.96,84.85,84.91,9507,0
FTNT.US,5,20251104,181500,84.905,85.005,84.87,84.87,12579,0
FTNT.US,5,20251104,182000,84.89,85.02,84.84,84.92,12941,0
FTNT.US,5,20251104,182500,84.92,85.2,84.91,85.185,15781,0
FTNT.US,5,20251104,183000,85.18,85.28,85.07,85.21,26302,0
FTNT.US,5,20251104,183500,85.225,85.39,85.225,85.37,15255,0
FTNT.US,5,20251104,184000,85.38,85.38398,85.2768,85.37,16314,0
FTNT.US,5,20251104,184500,85.39,85.79,85.39,85.59,113841,0
FTNT.US,5,20251104,185000,85.59,85.62,85.33,85.35,26325,0
FTNT.US,5,20251104,185500,85.34,85.35,85.14,85.215,10862,0
FTNT.US,5,20251104,190000,85.185,85.36,85.13,85.13,11887,0
FTNT.US,5,20251104,190500,85.11,85.14,84.975,85.01,16603,0
FTNT.US,5,20251104,191000,85.03,85.11,85,85.1,16469,0
FTNT.US,5,20251104,191500,85.1,85.29,85.02,85.02,21370,0
FTNT.US,5,20251104,192000,85.05,85.135,84.9745,85.06,11627,0
FTNT.US,5,20251104,192500,85.06,85.075,84.8,84.9,11621,0
FTNT.US,5,20251104,193000,84.89,84.99,84.82,84.915,11517,0
FTNT.US,5,20251104,193500,84.91,85,84.81,84.82,13097,0
FTNT.US,5,20251104,194000,84.83,85.01,84.78,85,20827,0
FTNT.US,5,20251104,194500,85.01,85.11,84.875,84.98,23669,0
FTNT.US,5,20251104,195000,84.9725,85.14,84.9704,85.1325,19310,0
FTNT.US,5,20251104,195500,85.16,85.17,85.04,85.06,23557,0
FTNT.US,5,20251104,200000,85.045,85.1,85.0428,85.08,14728,0
FTNT.US,5,20251104,200500,85.06,85.06,84.91,84.94,25657,0
FTNT.US,5,20251104,201000,84.94,85.15,84.9,85.1325,19910,0
FTNT.US,5,20251104,201500,85.13,85.17,85.02,85.1,17058,0
FTNT.US,5,20251104,202000,85.07,85.13,85.01,85.045,20486,0
FTNT.US,5,20251104,202500,85.04,85.17,85.04,85.07,25973,0
FTNT.US,5,20251104,203000,85.07,85.08,84.95,85.065,29647,0
FTNT.US,5,20251104,203500,85.065,85.17,85.04,85.09,22644,0
FTNT.US,5,20251104,204000,85.11,85.15,85.075,85.14,21896,0
FTNT.US,5,20251104,204500,85.13,85.235,85.13,85.1474,22893,0
FTNT.US,5,20251104,205000,85.145,85.35,85.14,85.215,28419,0
FTNT.US,5,20251104,205500,85.21,85.26,85.19,85.255,20231,0
FTNT.US,5,20251104,210000,85.27,85.28,85.11,85.19,28685,0
FTNT.US,5,20251104,210500,85.19,85.435,85.16,85.405,27288,0
FTNT.US,5,20251104,211000,85.41,85.5,85.34,85.48,17285,0
FTNT.US,5,20251104,211500,85.49,85.66,85.485,85.555,37392,0
FTNT.US,5,20251104,212000,85.53,85.53,85.36,85.425,26060,0
FTNT.US,5,20251104,212500,85.44,85.49,85.36,85.42,38590,0
FTNT.US,5,20251104,213000,85.42,85.53,85.35,85.47,28343,0
FTNT.US,5,20251104,213500,85.47,85.59,85.45,85.56,22550,0
FTNT.US,5,20251104,214000,85.57,85.66,85.57,85.63,23569,0
FTNT.US,5,20251104,214500,85.62,85.655,85.21,85.25,63866,0
FTNT.US,5,20251104,215000,85.22,85.325,85.065,85.0869,94521,0
FTNT.US,5,20251104,215500,85.105,85.36,85.105,85.22,269743,0
FTNT.US,5,20251105,153000,84.61,85.4,84.47,84.99,147942,0
FTNT.US,5,20251105,153500,84.955,85.2,84.9,85.07,53037,0
FTNT.US,5,20251105,154000,85.0795,85.15,84.93,85.04,36018,0
FTNT.US,5,20251105,154500,85.055,85.28,84.9,84.9,50864,0
FTNT.US,5,20251105,155000,84.9,85.07,84.67,84.82,26773,0
FTNT.US,5,20251105,155500,84.9,84.9,84.75,84.83,20769,0
FTNT.US,5,20251105,160000,84.9,84.9,84.65,84.71,25552,0
FTNT.US,5,20251105,160500,84.73,85.02,84.6001,84.78,42264,0
FTNT.US,5,20251105,161000,84.815,84.95,84.69,84.86,23717,0
FTNT.US,5,20251105,161500,84.82,84.855,84.4,84.44,31423,0
FTNT.US,5,20251105,162000,84.41,84.66,84.21,84.64,44480,0
FTNT.US,5,20251105,162500,84.64,84.735,84.48,84.48,38613,0
FTNT.US,5,20251105,163000,84.505,84.585,84.365,84.39,74590,0
FTNT.US,5,20251105,163500,84.39,84.53,84.25,84.3,31038,0
FTNT.US,5,20251105,164000,84.3,84.35,84.08,84.19,34913,0
FTNT.US,5,20251105,164500,84.17,84.36,84.14,84.3,37112,0
FTNT.US,5,20251105,165000,84.3,84.4,84.2,84.4,29942,0
FTNT.US,5,20251105,165500,84.26,84.39,84.21,84.39,23205,0
FTNT.US,5,20251105,170000,84.37,84.37,84,84.26,56276,0
FTNT.US,5,20251105,170500,84.26,84.32,84.08,84.27,30009,0
FTNT.US,5,20251105,171000,84.27,84.33,84.14,84.165,31370,0
FTNT.US,5,20251105,171500,84.19,84.24,84.03,84.125,22629,0
FTNT.US,5,20251105,172000,84.11,84.24,84.08,84.24,20074,0
FTNT.US,5,20251105,172500,84.23,84.37,84.23,84.3597,26364,0
FTNT.US,5,20251105,173000,84.36,84.4025,84.34,84.38,19049,0
FTNT.US,5,20251105,173500,84.37,84.49,84.27,84.32,21158,0
FTNT.US,5,20251105,174000,84.31,84.36,84.23,84.295,20968,0
FTNT.US,5,20251105,174500,84.29,84.41,84.24,84.37,13212,0
FTNT.US,5,20251105,175000,84.37,84.395,84.275,84.32,16397,0
FTNT.US,5,20251105,175500,84.335,84.45,84.31,84.38,50335,0
FTNT.US,5,20251105,180000,84.375,84.39,84.07,84.17,40562,0
FTNT.US,5,20251105,180500,84.1651,84.36,84.06,84.08,33974,0
FTNT.US,5,20251105,181000,84.08,84.145,84.02,84.05,22587,0
FTNT.US,5,20251105,181500,84.06,84.14,84.049,84.1286,15632,0
FTNT.US,5,20251105,182000,84.12,84.12,84.04,84.1,17091,0
FTNT.US,5,20251105,182500,84.1,84.11,84.03,84.08,16020,0
FTNT.US,5,20251105,183000,84.08,84.26,84.0798,84.24,13754,0
FTNT.US,5,20251105,183500,84.25,84.35,84.2,84.3,21562,0
FTNT.US,5,20251105,184000,84.31,84.36,84.3,84.34,15444,0
FTNT.US,5,20251105,184500,84.33,84.34,84.23,84.28,24852,0
FTNT.US,5,20251105,185000,84.29,84.295,84.2,84.245,20785,0
FTNT.US,5,20251105,185500,84.24,84.2525,84.15,84.17,15126,0
FTNT.US,5,20251105,190000,84.16,84.24,84.08,84.235,22666,0
FTNT.US,5,20251105,190500,84.26,84.41,84.26,84.4,27528,0
FTNT.US,5,20251105,191000,84.39,84.39,84.17,84.27,37734,0
FTNT.US,5,20251105,191500,84.29,84.44,84.27,84.42,24320,0
FTNT.US,5,20251105,192000,84.41,84.47,84.37,84.43,29819,0
FTNT.US,5,20251105,192500,84.42,84.52,84.35,84.46,31516,0
FTNT.US,5,20251105,193000,84.47,84.73,84.47,84.73,51555,0
FTNT.US,5,20251105,193500,84.71,84.84,84.71,84.7551,28387,0
FTNT.US,5,20251105,194000,84.76,84.8,84.71,84.73,28521,0
FTNT.US,5,20251105,194500,84.71,84.85,84.71,84.805,26207,0
FTNT.US,5,20251105,195000,84.79,84.86,84.75,84.77,37064,0
FTNT.US,5,20251105,195500,84.76,84.79,84.7,84.755,26498,0
FTNT.US,5,20251105,200000,84.75,84.75,84.53,84.545,69235,0
FTNT.US,5,20251105,200500,84.55,84.72,84.54,84.68,28199,0
FTNT.US,5,20251105,201000,84.6601,84.85,84.635,84.82,32583,0
FTNT.US,5,20251105,201500,84.84,85.22,84.84,85.08,85490,0
FTNT.US,5,20251105,202000,85.07,85.1,84.8698,84.8698,25799,0
FTNT.US,5,20251105,202500,84.87,85.075,84.87,85,28438,0
FTNT.US,5,20251105,203000,84.995,85.07,84.97,84.9915,31406,0
FTNT.US,5,20251105,203500,84.995,85.07,84.99,85.01,20343,0
FTNT.US,5,20251105,204000,85.01,85.025,84.9,84.9599,37462,0
FTNT.US,5,20251105,204500,84.96,85.01,84.9307,84.96,23382,0
FTNT.US,5,20251105,205000,84.95,85.11,84.95,85.065,43141,0
FTNT.US,5,20251105,205500,85.07,85.1229,85.01,85.06,40081,0
FTNT.US,5,20251105,210000,85.06,85.09,84.975,85.09,28150,0
FTNT.US,5,20251105,210500,85.1,85.5,85.1,85.45,53971,0
FTNT.US,5,20251105,211000,85.46,85.61,85.4,85.5,70024,0
FTNT.US,5,20251105,211500,85.5,85.5175,85.2,85.2262,122488,0
FTNT.US,5,20251105,212000,85.22,85.31,85.14,85.23,79405,0
FTNT.US,5,20251105,212500,85.23151,85.26,85.135,85.24,71292,0
FTNT.US,5,20251105,213000,85.235,85.25,85.07,85.2,99948,0
FTNT.US,5,20251105,213500,85.1991,85.465,85.1991,85.375,83901,0
FTNT.US,5,20251105,214000,85.3758,85.52,85.26,85.35,85363,0
FTNT.US,5,20251105,214500,85.35,85.46375,85.2592,85.455,69153,0
FTNT.US,5,20251105,215000,85.43,85.84,85.36,85.82,200476,0
FTNT.US,5,20251105,215500,85.815,86.32,85.78,85.99,2127011,0
FTNT.US,5,20251106,153000,76.045,79.8,75.31,79.36,802411,0
FTNT.US,5,20251106,153500,79.29,79.45,77.98,78.205,253173,0
FTNT.US,5,20251106,154000,78.154,78.59,77.62,78.115,375011,0
FTNT.US,5,20251106,154500,78.115,80.22,78.115,80.08,333571,0
FTNT.US,5,20251106,155000,80.1278,80.1278,79.17,79.41,151765,0
FTNT.US,5,20251106,155500,79.34,79.83,79.2,79.2,139424,0
FTNT.US,5,20251106,160000,79.2,79.2,78.41,78.84,224097,0
FTNT.US,5,20251106,160500,78.835,80,78.74,79.86,148587,0
FTNT.US,5,20251106,161000,79.8752,80.27,79.73,79.985,103465,0
FTNT.US,5,20251106,161500,79.985,80.205,79.89,80.13,140133,0
FTNT.US,5,20251106,162000,80.16,80.8,80.07,80.155,90285,0
FTNT.US,5,20251106,162500,80.16,80.62,80.14,80.27,74586,0
FTNT.US,5,20251106,163000,80.275,80.31,79.9,80.12,89471,0
FTNT.US,5,20251106,163500,80.115,80.555,80.03,80.18,91451,0
FTNT.US,5,20251106,164000,80.1401,80.22,79.781,79.93,88290,0
FTNT.US,5,20251106,164500,79.9101,80.05,79.8,79.995,92696,0
FTNT.US,5,20251106,165000,79.985,80.16,79.44,80.075,94009,0
FTNT.US,5,20251106,165500,80.04,80.3,79.925,79.97,66735,0
FTNT.US,5,20251106,170000,79.96,80.38,79.785,80.125,109592,0
FTNT.US,5,20251106,170500,80.125,80.36,80.03,80.18,109470,0
FTNT.US,5,20251106,171000,80.17,80.28,80.05,80.1801,52443,0
FTNT.US,5,20251106,171500,80.195,80.275,80.07,80.24,75638,0
FTNT.US,5,20251106,172000,80.24,80.305,79.93,80.005,99933,0
FTNT.US,5,20251106,172500,79.9901,80.07,79.655,80,65987,0
FTNT.US,5,20251106,173000,79.99,79.99,79.325,79.835,110923,0
FTNT.US,5,20251106,173500,79.83,80.1,79.66,79.97,68375,0
FTNT.US,5,20251106,174000,79.97,80.275,79.965,80.005,45468,0
FTNT.US,5,20251106,174500,80.02,80.09,79.9104,79.985,41678,0
FTNT.US,5,20251106,175000,79.99,80.14,79.955,80,26093,0
FTNT.US,5,20251106,175500,80.0061,80.28,79.96,80.04,70856,0
FTNT.US,5,20251106,180000,80.05,80.09,79.61,79.67,49128,0
FTNT.US,5,20251106,180500,79.64,79.77,79.52,79.69,51564,0
FTNT.US,5,20251106,181000,79.71,80.2,79.67,79.82,42868,0
FTNT.US,5,20251106,181500,79.78,79.8,79.58,79.73,48099,0
FTNT.US,5,20251106,182000,79.7375,79.87,79.63,79.72,46099,0
FTNT.US,5,20251106,182500,79.71,79.8499,79.59005,79.84,46973,0
FTNT.US,5,20251106,183000,79.83,80.01,79.79,79.8713,42755,0
FTNT.US,5,20251106,183500,79.9,80.12,79.89,79.9901,35782,0
FTNT.US,5,20251106,184000,80.0013,80.03,79.91,79.97,39822,0
FTNT.US,5,20251106,184500,79.98,80.14,79.935,80.05,39372,0
FTNT.US,5,20251106,185000,80,80.11,79.97,80.02,30014,0
FTNT.US,5,20251106,185500,80.01,80.13,79.97,80.01,35864,0
FTNT.US,5,20251106,190000,80,80.07,79.68,79.7,31255,0
FTNT.US,5,20251106,190500,79.69,79.69,79.425,79.5,51075,0
FTNT.US,5,20251106,191000,79.49,79.6599,79.285,79.52,52507,0
FTNT.US,5,20251106,191500,79.52,79.84,79.5,79.835,26405,0
FTNT.US,5,20251106,192000,79.8201,80.05,79.8201,80,28396,0
FTNT.US,5,20251106,192500,80,80.2745,80,80.24,20298,0
FTNT.US,5,20251106,193000,80.26,80.5218,80.23,80.39,29487,0
FTNT.US,5,20251106,193500,80.4,80.49,80.36,80.37,35922,0
FTNT.US,5,20251106,194000,80.38,80.44,80.28,80.42,25899,0
FTNT.US,5,20251106,194500,80.43,80.5058,80.381,80.42,24136,0
FTNT.US,5,20251106,195000,80.41,80.7,80.31,80.55,65125,0
FTNT.US,5,20251106,195500,80.575,80.74,80.5,80.6301,37535,0
FTNT.US,5,20251106,200000,80.6597,80.86,80.625,80.78,23091,0
FTNT.US,5,20251106,200500,80.785,80.95,80.73,80.7606,23030,0
FTNT.US,5,20251106,201000,80.8,80.88,80.74,80.845,29028,0
FTNT.US,5,20251106,201500,80.82,80.95,80.76,80.88,42001,0
FTNT.US,5,20251106,202000,80.86,81.155,80.79,81.09,151692,0
FTNT.US,5,20251106,202500,81.105,81.21,81,81.12,35979,0
FTNT.US,5,20251106,203000,81.125,81.45,81.045,81.43,50655,0
FTNT.US,5,20251106,203500,81.42,81.6,81.4,81.555,80592,0
FTNT.US,5,20251106,204000,81.55,81.6899,81.4101,81.5,73470,0
FTNT.US,5,20251106,204500,81.52,81.59,81.15,81.215,62318,0
FTNT.US,5,20251106,205000,81.22,81.49,81.09,81.32,194890,0
FTNT.US,5,20251106,205500,81.31,81.44,81.225,81.31,36697,0
FTNT.US,5,20251106,210000,81.31,81.45,81.24,81.3284,46901,0
FTNT.US,5,20251106,210500,81.32,81.4225,81.2,81.205,39285,0
FTNT.US,5,20251106,211000,81.19,81.445,81.13,81.25,67071,0
FTNT.US,5,20251106,211500,81.25,81.26,81.17,81.23,66322,0
FTNT.US,5,20251106,212000,81.23,81.23,80.85,80.99,77273,0
FTNT.US,5,20251106,212500,80.99,81.305,80.76,80.76,49428,0
FTNT.US,5,20251106,213000,80.78,80.86,80.7,80.74,56773,0
FTNT.US,5,20251106,213500,80.745,80.82,80.565,80.58,57255,0
FTNT.US,5,20251106,214000,80.58,80.61,80.15,80.15,132710,0
FTNT.US,5,20251106,214500,80.165,80.28,80.13,80.21,122461,0
FTNT.US,5,20251106,215000,80.22,80.26,79.92,80.01,261508,0
FTNT.US,5,20251106,215500,80.01,80.58,79.905,80.54,592247,0
FTNT.US,5,20251107,153000,79.775,80.97,79.55,80.865,173656,0
FTNT.US,5,20251107,153500,80.79,81.1,80.57,80.6,80633,0
FTNT.US,5,20251107,154000,80.5839,80.78,80.05,80.4,65990,0
FTNT.US,5,20251107,154500,80.375,80.92,80.375,80.53,41812,0
FTNT.US,5,20251107,155000,80.56,81.34,80.56,81.26,45336,0
FTNT.US,5,20251107,155500,81.27,81.36,80.985,81.165,64877,0
FTNT.US,5,20251107,160000,81.21,81.43,81.045,81.315,78983,0
FTNT.US,5,20251107,160500,81.3,81.385,80.805,80.985,51696,0
FTNT.US,5,20251107,161000,80.985,81.67,80.985,81.63,55885,0
FTNT.US,5,20251107,161500,81.62,81.82,81.55,81.64,183735,0
FTNT.US,5,20251107,162000,81.65,81.68,81.25,81.32,224419,0
FTNT.US,5,20251107,162500,81.29,81.47,81.05,81.47,90646,0
FTNT.US,5,20251107,163000,81.49,81.91,81.325,81.4,38432,0
FTNT.US,5,20251107,163500,81.41,81.57,81.27,81.345,26675,0
FTNT.US,5,20251107,164000,81.3694,81.69,81.31,81.64,31952,0
FTNT.US,5,20251107,164500,81.64,81.8276,81.48,81.785,27518,0
FTNT.US,5,20251107,165000,81.83,81.98,81.733,81.79,32624,0
FTNT.US,5,20251107,165500,81.79,81.79,81.545,81.545,27132,0
FTNT.US,5,20251107,170000,81.535,81.56,81.13,81.4988,21978,0
FTNT.US,5,20251107,170500,81.47,81.7195,81.46,81.71,43564,0
FTNT.US,5,20251107,171000,81.695,81.83,81.48,81.545,46179,0
FTNT.US,5,20251107,171500,81.545,81.56,81.385,81.455,35928,0
FTNT.US,5,20251107,172000,81.5,81.716,81.25,81.26,34481,0
FTNT.US,5,20251107,172500,81.24,81.435,81.22,81.37,30695,0
FTNT.US,5,20251107,173000,81.32,81.32,80.92,81.195,18497,0
FTNT.US,5,20251107,173500,81.21,81.21,80.992,81.12,24342,0
FTNT.US,5,20251107,174000,81.115,81.33,81.09,81.31,32424,0
FTNT.US,5,20251107,174500,81.34,81.38,81.01,81.08,33926,0
FTNT.US,5,20251107,175000,81.08,81.4,81.07,81.32,22817,0
FTNT.US,5,20251107,175500,81.32,81.32,81.17,81.225,14758,0
FTNT.US,5,20251107,180000,81.22,81.23,80.79,80.91,17528,0
FTNT.US,5,20251107,180500,80.955,81.015,80.775,80.86,30676,0
FTNT.US,5,20251107,181000,80.84,81.052,80.775,81.01,21581,0
FTNT.US,5,20251107,181500,80.99,80.99,80.795,80.93,18000,0
FTNT.US,5,20251107,182000,80.96,81.03,80.9,81.01,16085,0
FTNT.US,5,20251107,182500,81.01,81.015,80.67,80.81,24026,0
FTNT.US,5,20251107,183000,80.81,80.94,80.73,80.8,22684,0
FTNT.US,5,20251107,183500,80.8,80.805,80.5175,80.58,20355,0
FTNT.US,5,20251107,184000,80.59,80.68,80.455,80.46,21579,0
FTNT.US,5,20251107,184500,80.46,80.7,80.45,80.495,19957,0
FTNT.US,5,20251107,185000,80.48,80.605,80.33,80.33,21695,0
FTNT.US,5,20251107,185500,80.32,80.5,80.32,80.455,20172,0
FTNT.US,5,20251107,190000,80.455,80.48,80.285,80.4,29032,0
FTNT.US,5,20251107,190500,80.405,80.405,80.17,80.17,33502,0
FTNT.US,5,20251107,191000,80.17,80.23,80.015,80.02,29768,0
FTNT.US,5,20251107,191500,80.015,80.16,79.955,79.97,44181,0
FTNT.US,5,20251107,192000,79.965,80.43,79.965,80.43,58329,0
FTNT.US,5,20251107,192500,80.43,80.745,80.28,80.7,26649,0
FTNT.US,5,20251107,193000,80.705,80.71,80.4201,80.475,14177,0
FTNT.US,5,20251107,193500,80.48,80.58,80.47,80.58,20600,0
FTNT.US,5,20251107,194000,80.58,80.68,80.405,80.405,19383,0
FTNT.US,5,20251107,194500,80.385,80.54,80.385,80.435,11555,0
FTNT.US,5,20251107,195000,80.43,80.51,80.26,80.365,39455,0
FTNT.US,5,20251107,195500,80.36,80.6,80.36,80.54,20699,0
FTNT.US,5,20251107,200000,80.53,80.65,80.44,80.48,33662,0
FTNT.US,5,20251107,200500,80.49,80.64,80.46,80.64,21960,0
FTNT.US,5,20251107,201000,80.63,80.69,80.345,80.49,38166,0
FTNT.US,5,20251107,201500,80.49,80.52,80.4,80.435,22205,0
FTNT.US,5,20251107,202000,80.435,80.47,80.32,80.46,21735,0
FTNT.US,5,20251107,202500,80.45,80.46,80.295,80.31,18241,0
FTNT.US,5,20251107,203000,80.32,80.64,80.32,80.625,30893,0
FTNT.US,5,20251107,203500,80.61,80.775,80.57,80.74,31603,0
FTNT.US,5,20251107,204000,80.74,80.855,80.725,80.835,55051,0
FTNT.US,5,20251107,204500,80.84,80.8443,80.58,80.685,48417,0
FTNT.US,5,20251107,205000,80.68,80.7,80.53,80.7,36536,0
FTNT.US,5,20251107,205500,80.71,80.83,80.625,80.83,35972,0
FTNT.US,5,20251107,210000,80.82,80.93,80.79,80.85,41292,0
FTNT.US,5,20251107,210500,80.84,80.8899,80.76,80.82,25643,0
FTNT.US,5,20251107,211000,80.83,80.88,80.805,80.83,28095,0
FTNT.US,5,20251107,211500,80.84,80.85,80.595,80.61,32152,0
FTNT.US,5,20251107,212000,80.595,80.69,80.56,80.605,34952,0
FTNT.US,5,20251107,212500,80.605,80.66,80.5,80.63,40836,0
FTNT.US,5,20251107,213000,80.64,80.79,80.6,80.605,35117,0
FTNT.US,5,20251107,213500,80.605,80.69,80.605,80.63,48137,0
FTNT.US,5,20251107,214000,80.65,80.74,80.56,80.68,49295,0
FTNT.US,5,20251107,214500,80.68,81.01,80.68,80.92,92733,0
FTNT.US,5,20251107,215000,80.91,81.35,80.865,81.295,213204,0
FTNT.US,5,20251107,215500,81.299,81.8,81.16,81.79,467468,0
FTNT.US,5,20251110,153000,82.3,82.615,81.81,81.9113,116392,0
FTNT.US,5,20251110,153500,81.91,82.06,81.04,81.1,70873,0
FTNT.US,5,20251110,154000,81.085,81.2,80.27,80.31,117708,0
FTNT.US,5,20251110,154500,80.33,80.99,80.32,80.435,50778,0
FTNT.US,5,20251110,155000,80.435,80.7,80.27,80.605,57620,0
FTNT.US,5,20251110,155500,80.58,80.95,80.54,80.875,53907,0
FTNT.US,5,20251110,160000,80.85,81.52,80.84,81.44,54596,0
FTNT.US,5,20251110,160500,81.48,81.61,81.3,81.405,53355,0
FTNT.US,5,20251110,161000,81.43,81.48,81.09,81.4,72106,0
FTNT.US,5,20251110,161500,81.42,81.49,81.13,81.28,35523,0
FTNT.US,5,20251110,162000,81.28,81.4,81.25,81.37,32589,0
FTNT.US,5,20251110,162500,81.39,81.45,81.28,81.33,52185,0
FTNT.US,5,20251110,163000,81.35,81.6,81.32,81.51,46326,0
FTNT.US,5,20251110,163500,81.53,81.83,81.47,81.675,46791,0
FTNT.US,5,20251110,164000,81.67,81.755,81.46,81.685,22314,0
FTNT.US,5,20251110,164500,81.68,81.705,81.46,81.64,24636,0
FTNT.US,5,20251110,165000,81.64,81.65,81.42,81.65,19739,0
FTNT.US,5,20251110,165500,81.695,81.725,81.6,81.71,22001,0
FTNT.US,5,20251110,170000,81.6925,81.94,81.59,81.775,27981,0
FTNT.US,5,20251110,170500,81.76,81.765,81.4955,81.68,25580,0
FTNT.US,5,20251110,171000,81.68,81.77,81.59,81.64,24645,0
FTNT.US,5,20251110,171500,81.64,81.662,81.43,81.52,18302,0
FTNT.US,5,20251110,172000,81.5,81.8,81.47,81.73,27919,0
FTNT.US,5,20251110,172500,81.73,81.73,81.61,81.7,15705,0
FTNT.US,5,20251110,173000,81.71,81.89,81.63,81.855,37117,0
FTNT.US,5,20251110,173500,81.87,81.92,81.62,81.645,19954,0
FTNT.US,5,20251110,174000,81.65,81.72,81.54,81.56,18830,0
FTNT.US,5,20251110,174500,81.54,81.63,81.49,81.6,14520,0
FTNT.US,5,20251110,175000,81.59,81.66,81.58,81.6,24341,0
FTNT.US,5,20251110,175500,81.605,81.76,81.59,81.74,8818,0
FTNT.US,5,20251110,180000,81.71,81.77,81.64,81.75,13941,0
FTNT.US,5,20251110,180500,81.765,82,81.745,81.91,24634,0
FTNT.US,5,20251110,181000,81.89,81.91,81.76,81.78,12510,0
FTNT.US,5,20251110,181500,81.785,81.88,81.735,81.83,12710,0
FTNT.US,5,20251110,182000,81.8385,81.94,81.82,81.94,12165,0
FTNT.US,5,20251110,182500,81.935,82.01,81.92,81.9201,14504,0
FTNT.US,5,20251110,183000,81.95,82,81.92,81.975,10231,0
FTNT.US,5,20251110,183500,82,82.05,81.8,81.81,16641,0
FTNT.US,5,20251110,184000,81.825,81.94,81.79,81.89,11356,0
FTNT.US,5,20251110,184500,81.91,82.03,81.89,81.97,11264,0
FTNT.US,5,20251110,185000,81.98,82.01,81.91,81.965,16981,0
FTNT.US,5,20251110,185500,81.97,82.1,81.96,82.07,17407,0
FTNT.US,5,20251110,190000,82.075,82.265,82.0725,82.265,15842,0
FTNT.US,5,20251110,190500,82.29,82.37,82.1875,82.28,13787,0
FTNT.US,5,20251110,191000,82.27,82.27,82.155,82.21,12767,0
FTNT.US,5,20251110,191500,82.23,82.37,82.2,82.327,17141,0
FTNT.US,5,20251110,192000,82.325,82.34,82.23,82.29,11296,0
FTNT.US,5,20251110,192500,82.29,82.3299,82.13,82.175,24459,0
FTNT.US,5,20251110,193000,82.16,82.19,81.99,82.1125,21817,0
FTNT.US,5,20251110,193500,82.09,82.17,81.83,81.875,37688,0
FTNT.US,5,20251110,194000,81.895,81.91,81.41,81.42,43294,0
FTNT.US,5,20251110,194500,81.425,81.62,81.3,81.525,39668,0
FTNT.US,5,20251110,195000,81.55,81.66,81.51,81.62,47285,0
FTNT.US,5,20251110,195500,81.62,81.735,81.51,81.59,22127,0
FTNT.US,5,20251110,200000,81.615,81.8,81.61,81.69,48103,0
FTNT.US,5,20251110,200500,81.7,81.7,81.53,81.555,20633,0
FTNT.US,5,20251110,201000,81.5477,81.57,81.38,81.38,33132,0
FTNT.US,5,20251110,201500,81.37,81.54,81.25,81.515,26570,0
FTNT.US,5,20251110,202000,81.515,81.54,81.3,81.35,26848,0
FTNT.US,5,20251110,202500,81.31,81.47,81.31,81.465,28343,0
FTNT.US,5,20251110,203000,81.443,81.62,81.44,81.48,24449,0
FTNT.US,5,20251110,203500,81.505,81.54,81.45,81.48,17873,0
FTNT.US,5,20251110,204000,81.49,81.52,81.43,81.45,19632,0
FTNT.US,5,20251110,204500,81.45,81.72,81.44,81.61,30194,0
FTNT.US,5,20251110,205000,81.6,81.68,81.54,81.63,20382,0
FTNT.US,5,20251110,205500,81.645,81.645,81.52,81.59,28395,0
FTNT.US,5,20251110,210000,81.61,81.79,81.59,81.605,43568,0
FTNT.US,5,20251110,210500,81.61,81.725,81.59,81.725,32851,0
FTNT.US,5,20251110,211000,81.71,81.81,81.61,81.6301,36081,0
FTNT.US,5,20251110,211500,81.645,81.7,81.62,81.68,29421,0
FTNT.US,5,20251110,212000,81.64,81.805,81.605,81.805,30267,0
FTNT.US,5,20251110,212500,81.82,81.855,81.75,81.79,39455,0
FTNT.US,5,20251110,213000,81.79,81.947,81.71,81.911,36922,0
FTNT.US,5,20251110,213500,81.911,81.95,81.83,81.95,37547,0
FTNT.US,5,20251110,214000,81.95,82.2,81.925,82.2,37050,0
FTNT.US,5,20251110,214500,82.2,82.41,82.19,82.41,63056,0
FTNT.US,5,20251110,215000,82.4,82.51,82.25,82.26,176523,0
FTNT.US,5,20251110,215500,82.26,82.39,82.245,82.26,437658,0
FTNT.US,5,20251111,153000,82.28,82.9,82.09,82.7,78065,0
FTNT.US,5,20251111,153500,82.725,83.18,82.715,82.815,27045,0
FTNT.US,5,20251111,154000,82.795,82.85,82.415,82.53,30619,0
FTNT.US,5,20251111,154500,82.5,83.19,82.475,82.99,44359,0
FTNT.US,5,20251111,155000,83.005,83.36,83.005,83.34,19390,0
FTNT.US,5,20251111,155500,83.34,83.7,83.29,83.625,29808,0
FTNT.US,5,20251111,160000,83.63,83.85,83.545,83.85,33818,0
FTNT.US,5,20251111,160500,83.86,83.9517,83.66,83.665,37962,0
FTNT.US,5,20251111,161000,83.68,83.77,83.55,83.66,19037,0
FTNT.US,5,20251111,161500,83.67,83.74,83.4,83.72,18593,0
FTNT.US,5,20251111,162000,83.72,83.8,83.59,83.775,13979,0
FTNT.US,5,20251111,162500,83.8,83.85,83.61,83.67,22815,0
FTNT.US,5,20251111,163000,83.71,83.89,83.4909,83.57,13794,0
FTNT.US,5,20251111,163500,83.61,83.728,83.53,83.7,13702,0
FTNT.US,5,20251111,164000,83.725,83.88,83.72,83.86,21916,0
FTNT.US,5,20251111,164500,83.825,83.825,83.545,83.68,19317,0
FTNT.US,5,20251111,165000,83.68,83.881,83.66,83.835,27541,0
FTNT.US,5,20251111,165500,83.87,83.87,83.675,83.72,23071,0
FTNT.US,5,20251111,170000,83.7,83.78,83.54,83.565,49125,0
FTNT.US,5,20251111,170500,83.57,83.74,83.45,83.685,23889,0
FTNT.US,5,20251111,171000,83.685,83.77,83.62,83.67,14101,0
FTNT.US,5,20251111,171500,83.68,83.9,83.68,83.88,17586,0
FTNT.US,5,20251111,172000,83.88,83.955,83.825,83.89,20871,0
FTNT.US,5,20251111,172500,83.832,83.89,83.73,83.835,23616,0
FTNT.US,5,20251111,173000,83.835,83.855,83.67,83.85,22120,0
FTNT.US,5,20251111,173500,83.84,83.86,83.57,83.61,53614,0
FTNT.US,5,20251111,174000,83.62,83.7,83.52,83.64,49220,0
FTNT.US,5,20251111,174500,83.64,83.74,83.51,83.71,19779,0
FTNT.US,5,20251111,175000,83.69,83.81,83.61,83.77,19192,0
FTNT.US,5,20251111,175500,83.77,83.785,83.62,83.7,9375,0
FTNT.US,5,20251111,180000,83.705,83.77,83.69,83.76,10019,0
FTNT.US,5,20251111,180500,83.745,83.85,83.74,83.85,15938,0
FTNT.US,5,20251111,181000,83.87,83.875,83.68,83.78,16488,0
FTNT.US,5,20251111,181500,83.79,83.89,83.79,83.8,12395,0
FTNT.US,5,20251111,182000,83.795,83.87,83.75,83.8,14952,0
FTNT.US,5,20251111,182500,83.81,83.81,83.68,83.775,37499,0
FTNT.US,5,20251111,183000,83.79,83.97,83.79,83.9,19176,0
FTNT.US,5,20251111,183500,83.87,83.94,83.835,83.875,16482,0
FTNT.US,5,20251111,184000,83.86,83.88,83.8,83.88,23442,0
FTNT.US,5,20251111,184500,83.8895,83.92,83.81,83.8668,7971,0
FTNT.US,5,20251111,185000,83.87,83.98,83.84,83.92,12278,0
FTNT.US,5,20251111,185500,83.92,84.06,83.9,84.03,19502,0
FTNT.US,5,20251111,190000,84.02,84.095,84.02,84.04,12107,0
FTNT.US,5,20251111,190500,84.041,84.09,84.02,84.09,8387,0
FTNT.US,5,20251111,191000,84.1,84.13,84.055,84.06,9928,0
FTNT.US,5,20251111,191500,84.06,84.2,84.06,84.2,11021,0
FTNT.US,5,20251111,192000,84.21,84.24,83.9801,83.995,19571,0
FTNT.US,5,20251111,192500,83.995,84.15,83.995,84.11,9633,0
FTNT.US,5,20251111,193000,84.115,84.15,84.05,84.05,9054,0
FTNT.US,5,20251111,193500,84.055,84.07,83.95,84,20709,0
FTNT.US,5,20251111,194000,84,84,83.68,83.68,25661,0
FTNT.US,5,20251111,194500,83.69,83.7396,83.56,83.68,19946,0
FTNT.US,5,20251111,195000,83.688,83.69,83.5601,83.5601,12307,0
FTNT.US,5,20251111,195500,83.6,83.69,83.595,83.66,8335,0
FTNT.US,5,20251111,200000,83.64,83.67,83.585,83.65,8367,0
FTNT.US,5,20251111,200500,83.645,83.68,83.42,83.52,40430,0
FTNT.US,5,20251111,201000,83.5,83.56,83.46,83.54,18424,0
FTNT.US,5,20251111,201500,83.55,83.58,83.38,83.52,32554,0
FTNT.US,5,20251111,202000,83.53,83.57,83.49,83.57,14670,0
FTNT.US,5,20251111,202500,83.5695,83.5695,83.455,83.455,15611,0
FTNT.US,5,20251111,203000,83.46,83.64,83.46,83.595,22995,0
FTNT.US,5,20251111,203500,83.59,83.595,83.475,83.475,13071,0
FTNT.US,5,20251111,204000,83.48,83.53,83.46,83.52,9839,0
FTNT.US,5,20251111,204500,83.51,83.635,83.485,83.635,13381,0
FTNT.US,5,20251111,205000,83.63,83.65,83.59,83.6316,9070,0
FTNT.US,5,20251111,205500,83.645,83.645,83.56,83.6,8788,0
FTNT.US,5,20251111,210000,83.61,83.66,83.58,83.66,14395,0
FTNT.US,5,20251111,210500,83.66,83.7,83.58,83.6,15988,0
FTNT.US,5,20251111,211000,83.62,83.72,83.61,83.72,12601,0
FTNT.US,5,20251111,211500,83.695,83.7,83.64,83.69,13643,0
FTNT.US,5,20251111,212000,83.68,83.74,83.6,83.69,16469,0
FTNT.US,5,20251111,212500,83.69,83.76,83.67,83.76,20526,0
FTNT.US,5,20251111,213000,83.75,83.84,83.72,83.79,18773,0
FTNT.US,5,20251111,213500,83.8,83.87,83.8,83.85,14185,0
FTNT.US,5,20251111,214000,83.84,83.9662,83.82,83.9662,24197,0
FTNT.US,5,20251111,214500,83.95,83.97,83.78,83.79,39704,0
FTNT.US,5,20251111,215000,83.795,83.885,83.6768,83.88,85635,0
FTNT.US,5,20251111,215500,83.85,83.85,83.555,83.7,261071,0
FTNT.US,5,20251112,153000,83.35,84.03,83.1161,83.5,42396,0
FTNT.US,5,20251112,153500,83.495,83.61,83.2,83.255,25577,0
FTNT.US,5,20251112,154000,83.2358,83.28,82.7225,82.7225,30353,0
FTNT.US,5,20251112,154500,82.75,83.03,82.745,82.86,32539,0
FTNT.US,5,20251112,155000,82.85,82.91,82.67,82.885,21201,0
FTNT.US,5,20251112,155500,82.9,82.9,82.68,82.75,21026,0
FTNT.US,5,20251112,160000,82.75,82.77,82.39,82.495,44775,0
FTNT.US,5,20251112,160500,82.46,82.615,82.36,82.61,37954,0
FTNT.US,5,20251112,161000,82.64,82.71,82.5,82.605,32702,0
FTNT.US,5,20251112,161500,82.59,82.6992,82.4247,82.655,44681,0
FTNT.US,5,20251112,162000,82.64,82.88,82.55,82.72,22083,0
FTNT.US,5,20251112,162500,82.72,82.83,82.71,82.815,29448,0
FTNT.US,5,20251112,163000,82.815,82.82,82.52,82.62,67687,0
FTNT.US,5,20251112,163500,82.615,82.74,82.515,82.705,38526,0
FTNT.US,5,20251112,164000,82.71,82.9305,82.59,82.6,39034,0
FTNT.US,5,20251112,164500,82.65,82.85,82.5565,82.5565,34233,0
FTNT.US,5,20251112,165000,82.58,82.59,82.27,82.29,22756,0
FTNT.US,5,20251112,165500,82.29,82.45,82.19,82.24,30958,0
FTNT.US,5,20251112,170000,82.24,82.45,82.21,82.45,28116,0
FTNT.US,5,20251112,170500,82.45,82.53,82.35,82.51,22331,0
FTNT.US,5,20251112,171000,82.545,82.545,82.265,82.3131,29265,0
FTNT.US,5,20251112,171500,82.33,82.44,82.29,82.44,32471,0
FTNT.US,5,20251112,172000,82.43,82.54,82.34,82.52,38564,0
FTNT.US,5,20251112,172500,82.51,82.63,82.465,82.56,33367,0
FTNT.US,5,20251112,173000,82.54,82.61,82.43,82.58,21106,0
FTNT.US,5,20251112,173500,82.585,82.7514,82.57,82.63,26658,0
FTNT.US,5,20251112,174000,82.64,82.685,82.49,82.55,26502,0
FTNT.US,5,20251112,174500,82.56,82.59,82.38,82.455,24769,0
FTNT.US,5,20251112,175000,82.47,82.7475,82.47,82.72,14214,0
FTNT.US,5,20251112,175500,82.73,82.83,82.68,82.821,22653,0
FTNT.US,5,20251112,180000,82.81,82.8599,82.7,82.755,15316,0
FTNT.US,5,20251112,180500,82.8,82.885,82.75,82.835,16230,0
FTNT.US,5,20251112,181000,82.87,82.87,82.725,82.73,8890,0
FTNT.US,5,20251112,181500,82.77,82.79,82.5,82.5,16689,0
FTNT.US,5,20251112,182000,82.49,82.645,82.49,82.58,9931,0
FTNT.US,5,20251112,182500,82.61,82.63,82.56,82.56,10449,0
FTNT.US,5,20251112,183000,82.57,82.6,82.32,82.34,21025,0
FTNT.US,5,20251112,183500,82.33,82.47,82.22,82.46,28782,0
FTNT.US,5,20251112,184000,82.46,82.61,82.46,82.53,28511,0
FTNT.US,5,20251112,184500,82.53,82.55,82.44,82.46,16597,0
FTNT.US,5,20251112,185000,82.44,82.51,82.39,82.465,13169,0
FTNT.US,5,20251112,185500,82.46,82.595,82.43,82.595,17917,0
FTNT.US,5,20251112,190000,82.58,82.61,82.27,82.32,11784,0
FTNT.US,5,20251112,190500,82.31,82.44,82.25,82.4,15806,0
FTNT.US,5,20251112,191000,82.425,82.495,82.42,82.43,10390,0
FTNT.US,5,20251112,191500,82.425,82.455,82.285,82.42,20583,0
FTNT.US,5,20251112,192000,82.42,82.44,82.3,82.37,12800,0
FTNT.US,5,20251112,192500,82.365,82.365,82.18,82.36,14846,0
FTNT.US,5,20251112,193000,82.36,82.445,82.34,82.355,13709,0
FTNT.US,5,20251112,193500,82.38,82.48,82.37,82.45,12803,0
FTNT.US,5,20251112,194000,82.45,82.5175,82.43,82.465,14582,0
FTNT.US,5,20251112,194500,82.46,82.46,82.34,82.385,14378,0
FTNT.US,5,20251112,195000,82.4,82.52,82.32,82.36,13967,0
FTNT.US,5,20251112,195500,82.38,82.43,82.37,82.41,17028,0
FTNT.US,5,20251112,200000,82.405,82.42,82.25,82.28,16367,0
FTNT.US,5,20251112,200500,82.285,82.3,82.17,82.24,14981,0
FTNT.US,5,20251112,201000,82.235,82.27,82.17,82.17,14139,0
FTNT.US,5,20251112,201500,82.17,82.26,82.12,82.19,16673,0
FTNT.US,5,20251112,202000,82.205,82.3,82.19,82.23,17515,0
FTNT.US,5,20251112,202500,82.26,82.33,82.125,82.17,16899,0
FTNT.US,5,20251112,203000,82.15,82.16,82,82.085,20332,0
FTNT.US,5,20251112,203500,82.09,82.165,82.09,82.12,16316,0
FTNT.US,5,20251112,204000,82.12,82.14,82.06,82.09,12151,0
FTNT.US,5,20251112,204500,82.095,82.15,82.07,82.08,12689,0
FTNT.US,5,20251112,205000,82.075,82.09,82,82.07,14706,0
FTNT.US,5,20251112,205500,82.045,82.0922,82.02,82.02,13231,0
FTNT.US,5,20251112,210000,82.05,82.05,81.93,81.95,22349,0
FTNT.US,5,20251112,210500,81.94,81.96,81.87,81.94,21116,0
FTNT.US,5,20251112,211000,81.93,81.93,81.81,81.85,20790,0
FTNT.US,5,20251112,211500,81.85,81.855,81.755,81.82,39339,0
FTNT.US,5,20251112,212000,81.82,81.85,81.77,81.83,23328,0
FTNT.US,5,20251112,212500,81.82,81.95,81.8,81.93,29564,0
FTNT.US,5,20251112,213000,81.93,82.16,81.87,82.15,38877,0
FTNT.US,5,20251112,213500,82.15,82.18,81.845,82.06,66272,0
FTNT.US,5,20251112,214000,82.06,82.28,82.04,82.265,63102,0
FTNT.US,5,20251112,214500,82.28,82.345,82.055,82.145,41873,0
FTNT.US,5,20251112,215000,82.14,82.26,82.14,82.18,89319,0
FTNT.US,5,20251112,215500,82.17,82.24,82.03,82.155,261878,0
FTNT.US,5,20251113,153000,81.45,82.44,81.425,82.07,100046,0
FTNT.US,5,20251113,153500,82.15,82.23,81.815,82.035,10174,0
FTNT.US,5,20251113,154000,82.039,82.039,81.79,81.975,11101,0
FTNT.US,5,20251113,154500,81.975,82.04,81.67,81.805,19345,0
FTNT.US,5,20251113,155000,81.86,82.12,81.82,82.05,15826,0
FTNT.US,5,20251113,155500,82.08,82.2,82.05,82.115,12016,0
FTNT.US,5,20251113,160000,82.17,82.28,81.9804,82.01,29106,0
FTNT.US,5,20251113,160500,82.04,82.255,82,82.18,22446,0
FTNT.US,5,20251113,161000,82.21,82.325,82.165,82.235,19853,0
FTNT.US,5,20251113,161500,82.235,82.34,82.2,82.29,29583,0
FTNT.US,5,20251113,162000,82.3,82.435,82.19,82.41,12149,0
FTNT.US,5,20251113,162500,82.41,82.45,82.31,82.385,15830,0
FTNT.US,5,20251113,163000,82.34,82.55,82.255,82.365,25825,0
FTNT.US,5,20251113,163500,82.38,82.39,82.0801,82.0801,20818,0
FTNT.US,5,20251113,164000,82.12,82.21,82.0956,82.19,11316,0
FTNT.US,5,20251113,164500,82.22,82.3,82.04,82.15,16930,0
FTNT.US,5,20251113,165000,82.12,82.14,81.9494,81.98,11549,0
FTNT.US,5,20251113,165500,81.99,82.03,81.875,82.03,18055,0
FTNT.US,5,20251113,170000,81.99,82.125,81.95,81.965,16248,0
FTNT.US,5,20251113,170500,81.965,82.09,81.83,82.05,27698,0
FTNT.US,5,20251113,171000,82.03,82.2,81.99,82.075,25763,0
FTNT.US,5,20251113,171500,82.128,82.26,82.12,82.17,23138,0
FTNT.US,5,20251113,172000,82.17,82.225,82.03,82.08,24753,0
FTNT.US,5,20251113,172500,82.05,82.13,81.9404,82.13,28440,0
FTNT.US,5,20251113,173000,82.1,82.24,82.03,82.24,9853,0
FTNT.US,5,20251113,173500,82.23,82.3,82.03,82.04,14502,0
FTNT.US,5,20251113,174000,82.07,82.07,81.97,82.02,11504,0
FTNT.US,5,20251113,174500,82.03,82.09,81.9808,82.05,20195,0
FTNT.US,5,20251113,175000,82.07,82.08,81.95,82.025,16304,0
FTNT.US,5,20251113,175500,82.04,82.13,81.97,82.13,10783,0
FTNT.US,5,20251113,180000,82.14,82.22,82.08,82.1901,15224,0
FTNT.US,5,20251113,180500,82.205,82.31,82.03,82.04,23387,0
FTNT.US,5,20251113,181000,82.0458,82.05,81.88,82,8298,0
FTNT.US,5,20251113,181500,82.01,82.14,81.965,82,11477,0
FTNT.US,5,20251113,182000,82.03,82.32,82.01,82.32,13973,0
FTNT.US,5,20251113,182500,82.315,82.33,82.22,82.23,9560,0
FTNT.US,5,20251113,183000,82.25,82.3,82.14,82.14,15473,0
FTNT.US,5,20251113,183500,82.14,82.2,81.96,82.2,22435,0
FTNT.US,5,20251113,184000,82.22,82.24,82.015,82.015,14950,0
FTNT.US,5,20251113,184500,82,82.115,81.8801,82.1,11627,0
FTNT.US,5,20251113,185000,82.1,82.13,82.03,82.0604,8413,0
FTNT.US,5,20251113,185500,82.08,82.08,81.8501,81.875,14681,0
FTNT.US,5,20251113,190000,81.9,81.925,81.71,81.72,14684,0
FTNT.US,5,20251113,190500,81.73,81.81,81.72,81.735,12230,0
FTNT.US,5,20251113,191000,81.74,81.8,81.66,81.74,13261,0
FTNT.US,5,20251113,191500,81.74,81.76,81.6,81.625,19350,0
FTNT.US,5,20251113,192000,81.625,81.66,81.46,81.52,37145,0
FTNT.US,5,20251113,192500,81.513,81.513,81.425,81.47,21942,0
FTNT.US,5,20251113,193000,81.465,81.465,81.3,81.355,22429,0
FTNT.US,5,20251113,193500,81.36,81.36,81.23,81.24333,14158,0
FTNT.US,5,20251113,194000,81.25,81.26,81.075,81.26,30203,0
FTNT.US,5,20251113,194500,81.26,81.37,81.17,81.215,15298,0
FTNT.US,5,20251113,195000,81.215,81.3,81.19,81.23,8598,0
FTNT.US,5,20251113,195500,81.26,81.32,81.24,81.27,14710,0
FTNT.US,5,20251113,200000,81.28,81.35,81.215,81.24,25331,0
FTNT.US,5,20251113,200500,81.26,81.31,81.18,81.25,17061,0
FTNT.US,5,20251113,201000,81.23,81.25,81.13,81.17,10938,0
FTNT.US,5,20251113,201500,81.15,81.2,81.09,81.13,18522,0
FTNT.US,5,20251113,202000,81.15,81.23,81.14,81.2,12085,0
FTNT.US,5,20251113,202500,81.25,81.325,81.22,81.325,8411,0
FTNT.US,5,20251113,203000,81.33,81.405,81.26,81.37,14550,0
FTNT.US,5,20251113,203500,81.365,81.4,81.16,81.22,21269,0
FTNT.US,5,20251113,204000,81.205,81.25,81.055,81.24,9109,0
FTNT.US,5,20251113,204500,81.225,81.25,81.094,81.12,9589,0
FTNT.US,5,20251113,205000,81.13,81.2,81.09,81.125,12491,0
FTNT.US,5,20251113,205500,81.11,81.19,81.045,81.14,11768,0
FTNT.US,5,20251113,210000,81.13,81.19,81.0874,81.09,15030,0
FTNT.US,5,20251113,210500,81.1,81.2002,81.06,81.2002,14610,0
FTNT.US,5,20251113,211000,81.19,81.21,81.13,81.15,24713,0
FTNT.US,5,20251113,211500,81.16,81.17,81.08,81.16,35959,0
FTNT.US,5,20251113,212000,81.14,81.14,81.02,81.13,13432,0
FTNT.US,5,20251113,212500,81.13,81.17,81.05,81.17,17542,0
FTNT.US,5,20251113,213000,81.185,81.305,81.18,81.305,31586,0
FTNT.US,5,20251113,213500,81.31,81.48,81.25,81.2825,41223,0
FTNT.US,5,20251113,214000,81.27,81.405,81.24,81.31,28128,0
FTNT.US,5,20251113,214500,81.3,81.38,81.14,81.16,38909,0
FTNT.US,5,20251113,215000,81.17,81.31,81.06,81.15,167638,0
FTNT.US,5,20251113,215500,81.16,81.16,80.945,81.06,289370,0
FTNT.US,5,20251114,153000,80.14,80.48,79.75,80.145,137238,0
FTNT.US,5,20251114,153500,80.08,80.41,80.0175,80.2761,32079,0
FTNT.US,5,20251114,154000,80.23,80.46,80.17,80.375,15557,0
FTNT.US,5,20251114,154500,80.375,80.45,80.09,80.44,48863,0
FTNT.US,5,20251114,155000,80.5,80.665,80.4475,80.62,28916,0
FTNT.US,5,20251114,155500,80.615,80.925,80.5,80.86,26207,0
FTNT.US,5,20251114,160000,80.9,81.23,80.73,81.06,40390,0
FTNT.US,5,20251114,160500,81.095,81.37,81.095,81.26,49595,0
FTNT.US,5,20251114,161000,81.265,81.38,81.01,81.125,28081,0
FTNT.US,5,20251114,161500,81.15,81.385,81.15,81.27,21088,0
FTNT.US,5,20251114,162000,81.255,81.3417,81.1803,81.275,13712,0
FTNT.US,5,20251114,162500,81.275,81.51,81.1553,81.46,17899,0
FTNT.US,5,20251114,163000,81.46,81.61,81.34,81.56,17652,0
FTNT.US,5,20251114,163500,81.585,81.95,81.585,81.935,10958,0
FTNT.US,5,20251114,164000,81.935,82.07,81.87,82,44659,0
FTNT.US,5,20251114,164500,81.99,82.32,81.98,82.205,16780,0
FTNT.US,5,20251114,165000,82.25,82.27,82,82.205,27492,0
FTNT.US,5,20251114,165500,82.205,82.23,82.06,82.2,10279,0
FTNT.US,5,20251114,170000,82.2,82.3598,82.155,82.21,19809,0
FTNT.US,5,20251114,170500,82.24,82.295,82.105,82.255,17237,0
FTNT.US,5,20251114,171000,82.26,82.51,82.24,82.45,18866,0
FTNT.US,5,20251114,171500,82.45,82.57,82.4382,82.57,14108,0
FTNT.US,5,20251114,172000,82.555,82.84,82.51,82.84,15917,0
FTNT.US,5,20251114,172500,82.84,82.96,82.81,82.82,30442,0
FTNT.US,5,20251114,173000,82.84,82.965,82.79,82.965,14478,0
FTNT.US,5,20251114,173500,82.98,83,82.875,82.99,20390,0
FTNT.US,5,20251114,174000,82.985,83.05,82.915,82.925,17049,0
FTNT.US,5,20251114,174500,82.935,82.95,82.825,82.92,13568,0
FTNT.US,5,20251114,175000,82.94,83.1,82.9,83.1,16102,0
FTNT.US,5,20251114,175500,83.1,83.11,83,83.09,12768,0
FTNT.US,5,20251114,180000,83.07,83.18,83.07,83.13,22672,0
FTNT.US,5,20251114,180500,83.12,83.13,82.9691,83.1,54804,0
FTNT.US,5,20251114,181000,83.095,83.13,83.015,83.08,40233,0
FTNT.US,5,20251114,181500,83.1,83.12,82.99,83.0492,15283,0
FTNT.US,5,20251114,182000,83.0595,83.26,83.0595,83.2,19368,0
FTNT.US,5,20251114,182500,83.22,83.22,83.08,83.195,23868,0
FTNT.US,5,20251114,183000,83.195,83.195,82.995,83.08,34817,0
FTNT.US,5,20251114,183500,83.11,83.21,83.085,83.1726,12584,0
FTNT.US,5,20251114,184000,83.195,83.195,83.015,83.05,16538,0
FTNT.US,5,20251114,184500,83.05,83.08,82.78,82.79,13408,0
FTNT.US,5,20251114,185000,82.81,82.84,82.58,82.83,28407,0
FTNT.US,5,20251114,185500,82.84,82.9,82.71,82.81,25139,0
FTNT.US,5,20251114,190000,82.82,82.82,82.565,82.565,8340,0
FTNT.US,5,20251114,190500,82.575,82.62,82.27,82.3398,82821,0
FTNT.US,5,20251114,191000,82.36,82.53,82.35,82.51,19479,0
FTNT.US,5,20251114,191500,82.505,82.505,82.325,82.335,6737,0
FTNT.US,5,20251114,192000,82.31,82.31,82.125,82.235,17891,0
FTNT.US,5,20251114,192500,82.24,82.32,82.14,82.31,15069,0
FTNT.US,5,20251114,193000,82.32,82.38,82.27,82.33,8637,0
FTNT.US,5,20251114,193500,82.31,82.33,82.17,82.19,5990,0
FTNT.US,5,20251114,194000,82.17,82.19,82.03,82.05,18150,0
FTNT.US,5,20251114,194500,82.06,82.14,82.06,82.1,15015,0
FTNT.US,5,20251114,195000,82.09,82.33,82.09,82.315,15156,0
FTNT.US,5,20251114,195500,82.29,82.33,82.17,82.24,14360,0
FTNT.US,5,20251114,200000,82.23,82.325,82.16,82.2,32000,0
FTNT.US,5,20251114,200500,82.22,82.3,82.091,82.19,14651,0
FTNT.US,5,20251114,201000,82.21,82.29,82.12,82.285,13892,0
FTNT.US,5,20251114,201500,82.29,82.38,82.28,82.33,13069,0
FTNT.US,5,20251114,202000,82.35,82.53,82.35,82.46,33697,0
FTNT.US,5,20251114,202500,82.47,82.47,82.35,82.405,12157,0
FTNT.US,5,20251114,203000,82.42,82.485,82.4,82.43,12127,0
FTNT.US,5,20251114,203500,82.425,82.46,82.37,82.42,13677,0
FTNT.US,5,20251114,204000,82.39,82.44,82.35,82.41,10342,0
FTNT.US,5,20251114,204500,82.42,82.51,82.395,82.435,14270,0
FTNT.US,5,20251114,205000,82.44,82.52,82.41,82.455,14686,0
FTNT.US,5,20251114,205500,82.47,82.51,82.39,82.47,15521,0
FTNT.US,5,20251114,210000,82.47,82.7,82.45,82.7,45241,0
FTNT.US,5,20251114,210500,82.685,82.7,82.56,82.63,18212,0
FTNT.US,5,20251114,211000,82.65,82.69,82.5,82.555,9209,0
FTNT.US,5,20251114,211500,82.5575,82.615,82.495,82.555,16731,0
FTNT.US,5,20251114,212000,82.54,82.54,82.425,82.46,18122,0
FTNT.US,5,20251114,212500,82.48,82.53,82.44,82.505,15734,0
FTNT.US,5,20251114,213000,82.495,82.59,82.46,82.56,22917,0
FTNT.US,5,20251114,213500,82.568,82.65,82.42,82.43,39982,0
FTNT.US,5,20251114,214000,82.45,82.47,82.4,82.42,35515,0
FTNT.US,5,20251114,214500,82.42,82.46,82.24,82.28,49491,0
FTNT.US,5,20251114,215000,82.28,82.53,82.2,82.45,149496,0
FTNT.US,5,20251114,215500,82.43,82.43,82.245,82.32,322715,0
FTNT.US,5,20251117,153000,82.1,82.345,81.77,82.105,74059,0
FTNT.US,5,20251117,153500,82.085,82.25,81.925,82.195,15595,0
FTNT.US,5,20251117,154000,82.2292,82.3,81.93,82.22,15204,0
FTNT.US,5,20251117,154500,82.24,82.6,82.24,82.52,21797,0
FTNT.US,5,20251117,155000,82.52,82.7,82.43,82.665,33536,0
FTNT.US,5,20251117,155500,82.65,82.82,82.484,82.56,37004,0
FTNT.US,5,20251117,160000,82.58,82.61,82.245,82.245,44932,0
FTNT.US,5,20251117,160500,82.24,82.33,81.85,81.905,37786,0
FTNT.US,5,20251117,161000,81.91,82.1,81.885,82.09,39398,0
FTNT.US,5,20251117,161500,82.095,82.33,82.095,82.1955,24269,0
FTNT.US,5,20251117,162000,82.22,82.325,82.16,82.315,21172,0
FTNT.US,5,20251117,162500,82.32,82.425,82.18,82.42,40464,0
FTNT.US,5,20251117,163000,82.42,82.55,82.13,82.195,48046,0
FTNT.US,5,20251117,163500,82.185,82.245,82.1075,82.114,13013,0
FTNT.US,5,20251117,164000,82.12,82.255,82.09,82.255,27249,0
FTNT.US,5,20251117,164500,82.2305,82.4,82.195,82.26,24419,0
FTNT.US,5,20251117,165000,82.24,82.34,82.23,82.335,20172,0
FTNT.US,5,20251117,165500,82.335,82.405,82.215,82.26,16549,0
FTNT.US,5,20251117,170000,82.31,82.39,82.19,82.31,22210,0
FTNT.US,5,20251117,170500,82.3051,82.39,82.15,82.36,16317,0
FTNT.US,5,20251117,171000,82.38,82.475,82.35,82.365,28114,0
FTNT.US,5,20251117,171500,82.31,82.34,82.1901,82.33,35036,0
FTNT.US,5,20251117,172000,82.33,82.39,82.25,82.32,21866,0
FTNT.US,5,20251117,172500,82.32,82.46,82.32,82.455,22959,0
FTNT.US,5,20251117,173000,82.47,82.675,82.44,82.645,14520,0
FTNT.US,5,20251117,173500,82.63,82.72,82.57,82.5809,14679,0
FTNT.US,5,20251117,174000,82.6,82.695,82.57,82.65,11915,0
FTNT.US,5,20251117,174500,82.615,82.63,82.455,82.63,25510,0
FTNT.US,5,20251117,175000,82.64,82.88,82.64,82.83,15385,0
FTNT.US,5,20251117,175500,82.82,82.83,82.73,82.8,13822,0
FTNT.US,5,20251117,180000,82.81,82.82,82.7,82.7218,14127,0
FTNT.US,5,20251117,180500,82.74,82.765,82.68,82.715,12301,0
FTNT.US,5,20251117,181000,82.72,82.79,82.68,82.79,11419,0
FTNT.US,5,20251117,181500,82.78,82.895,82.745,82.84,24381,0
FTNT.US,5,20251117,182000,82.86,82.96,82.85,82.9,12697,0
FTNT.US,5,20251117,182500,82.88,82.915,82.8,82.835,8078,0
FTNT.US,5,20251117,183000,82.85,82.91,82.81,82.84,10096,0
FTNT.US,5,20251117,183500,82.8596,82.93,82.84,82.84,15523,0
FTNT.US,5,20251117,184000,82.84,82.84,82.62,82.65,13874,0
FTNT.US,5,20251117,184500,82.64,82.685,82.55,82.68,12816,0
FTNT.US,5,20251117,185000,82.6739,82.735,82.57,82.625,24291,0
FTNT.US,5,20251117,185500,82.64,82.66,82.6,82.6,9638,0
FTNT.US,5,20251117,190000,82.57,82.6,82.465,82.48,14126,0
FTNT.US,5,20251117,190500,82.5,82.52,82.435,82.52,9853,0
FTNT.US,5,20251117,191000,82.525,82.725,82.525,82.66,30702,0
FTNT.US,5,20251117,191500,82.66,82.675,82.5725,82.605,12116,0
FTNT.US,5,20251117,192000,82.62,82.74,82.58,82.64,26574,0
FTNT.US,5,20251117,192500,82.65,82.735,82.57,82.705,16965,0
FTNT.US,5,20251117,193000,82.7,82.83,82.65,82.8,28612,0
FTNT.US,5,20251117,193500,82.8,82.825,82.71,82.72,20337,0
FTNT.US,5,20251117,194000,82.73,82.735,82.65,82.735,12608,0
FTNT.US,5,20251117,194500,82.74,82.915,82.74,82.805,21811,0
FTNT.US,5,20251117,195000,82.81,82.835,82.7,82.78,15823,0
FTNT.US,5,20251117,195500,82.76,82.775,82.57,82.58,29095,0
FTNT.US,5,20251117,200000,82.56,82.565,82.335,82.465,34821,0
FTNT.US,5,20251117,200500,82.45,82.595,82.42,82.515,25104,0
FTNT.US,5,20251117,201000,82.53,82.6,82.48,82.49,23405,0
FTNT.US,5,20251117,201500,82.5,82.585,82.43,82.44,29343,0
FTNT.US,5,20251117,202000,82.46,82.49,82.3351,82.43,24844,0
FTNT.US,5,20251117,202500,82.43,82.435,82.25,82.38,24414,0
FTNT.US,5,20251117,203000,82.38,82.43,82.24,82.27,30781,0
FTNT.US,5,20251117,203500,82.27,82.32,82.1201,82.13,22095,0
FTNT.US,5,20251117,204000,82.12,82.14,82.02,82.115,24925,0
FTNT.US,5,20251117,204500,82.12,82.14,82,82.065,33783,0
FTNT.US,5,20251117,205000,82.085,82.1,81.942,81.942,12960,0
FTNT.US,5,20251117,205500,81.94,81.95,81.78,81.85,19883,0
FTNT.US,5,20251117,210000,81.83,81.99,81.83,81.91,42557,0
FTNT.US,5,20251117,210500,81.92,82.03,81.85,81.865,21933,0
FTNT.US,5,20251117,211000,81.86,82.07,81.86,81.9,31019,0
FTNT.US,5,20251117,211500,81.92,82.14,81.87,82.04,28765,0
FTNT.US,5,20251117,212000,82.03,82.13,82.01,82.09,32732,0
FTNT.US,5,20251117,212500,82.09,82.14,82.03,82.075,27852,0
FTNT.US,5,20251117,213000,82.09,82.14,81.92,81.92,34020,0
FTNT.US,5,20251117,213500,81.92,82.06,81.91,81.95,63615,0
FTNT.US,5,20251117,214000,81.95,82.03,81.85,82.01,47992,0
FTNT.US,5,20251117,214500,82.02,82.17,82.015,82.06,49183,0
FTNT.US,5,20251117,215000,82.07,82.18,81.905,82.04,93587,0
FTNT.US,5,20251117,215500,82.05,82.07,81.82,81.93,210584,0
FTNT.US,5,20251118,153000,81.6,82.26,80.99,81.86,119448,0
FTNT.US,5,20251118,153500,81.845,81.88,81.315,81.39,29707,0
FTNT.US,5,20251118,154000,81.37,81.38,80.74,80.94,45993,0
FTNT.US,5,20251118,154500,80.96,81.35,80.96,81.23,36634,0
FTNT.US,5,20251118,155000,81.23,81.23,80.82,80.9652,19932,0
FTNT.US,5,20251118,155500,80.92,81.345,80.92,81.3,43024,0
FTNT.US,5,20251118,160000,81.29,81.4,80.795,80.86,129433,0
FTNT.US,5,20251118,160500,80.85,80.97,80.74,80.93,40361,0
FTNT.US,5,20251118,161000,80.93,80.935,80.62,80.81,116908,0
FTNT.US,5,20251118,161500,80.82,80.85,80.49,80.58,39794,0
FTNT.US,5,20251118,162000,80.585,81.11,80.585,80.85,39568,0
FTNT.US,5,20251118,162500,80.84,81.02,80.79,80.795,22035,0
FTNT.US,5,20251118,163000,80.83,81.05,80.81,80.81,25395,0
FTNT.US,5,20251118,163500,80.75,80.77,80.44,80.75,23255,0
FTNT.US,5,20251118,164000,80.7,80.76,80.585,80.68,24114,0
FTNT.US,5,20251118,164500,80.65,80.76,80.5575,80.58,14627,0
FTNT.US,5,20251118,165000,80.575,80.66,80.4325,80.4493,14871,0
FTNT.US,5,20251118,165500,80.53,80.67,80.36,80.41,18801,0
FTNT.US,5,20251118,170000,80.36,80.41,80.06,80.11,33660,0
FTNT.US,5,20251118,170500,80.15,80.315,80.07,80.27,23079,0
FTNT.US,5,20251118,171000,80.2668,80.41,80.16,80.23,39465,0
FTNT.US,5,20251118,171500,80.2,80.24,80.09,80.18,64451,0
FTNT.US,5,20251118,172000,80.195,80.21,80.08,80.14,30034,0
FTNT.US,5,20251118,172500,80.14,80.41,80.12,80.31,62202,0
FTNT.US,5,20251118,173000,80.34,80.46,80.315,80.355,19030,0
FTNT.US,5,20251118,173500,80.32,80.47,80.3,80.355,11609,0
FTNT.US,5,20251118,174000,80.34,80.657,80.315,80.535,16998,0
FTNT.US,5,20251118,174500,80.55,80.59,80.28,80.365,18711,0
FTNT.US,5,20251118,175000,80.365,80.39,80.1601,80.33,15563,0
FTNT.US,5,20251118,175500,80.35,80.46,80.26,80.33,16228,0
FTNT.US,5,20251118,180000,80.315,80.4,80.25,80.27,12356,0
FTNT.US,5,20251118,180500,80.29,80.3,80.1,80.14,11579,0
FTNT.US,5,20251118,181000,80.16,80.22,79.83,79.8406,120241,0
FTNT.US,5,20251118,181500,79.8,79.87,79.64,79.645,18725,0
FTNT.US,5,20251118,182000,79.68,79.795,79.6,79.66,15133,0
FTNT.US,5,20251118,182500,79.64,79.71,79.3473,79.35,22380,0
FTNT.US,5,20251118,183000,79.35,79.3528,79.135,79.21,15383,0
FTNT.US,5,20251118,183500,79.31,79.82,79.26,79.82,17917,0
FTNT.US,5,20251118,184000,79.88,80.21,79.85,80.125,40853,0
FTNT.US,5,20251118,184500,80.14,80.14,79.84,79.9,16652,0
FTNT.US,5,20251118,185000,79.885,80,79.765,79.97,21451,0
FTNT.US,5,20251118,185500,79.97,80.12,79.915,80.055,131615,0
FTNT.US,5,20251118,190000,80.08,80.11,79.87,79.925,18407,0
FTNT.US,5,20251118,190500,79.925,80.085,79.88,80.01,7357,0
FTNT.US,5,20251118,191000,80.05,80.26,80.04,80.13,10565,0
FTNT.US,5,20251118,191500,80.1,80.1699,79.97,80.11,30125,0
FTNT.US,5,20251118,192000,80.13,80.13,80.0025,80.07,13086,0
FTNT.US,5,20251118,192500,80.05,80.23,79.995,79.995,11263,0
FTNT.US,5,20251118,193000,80.02,80.14,80,80.11,12693,0
FTNT.US,5,20251118,193500,80.11,80.1151,79.76,79.86,22092,0
FTNT.US,5,20251118,194000,79.86,80.04,79.75,79.76,19163,0
FTNT.US,5,20251118,194500,79.76,79.81,79.46,79.63,48582,0
FTNT.US,5,20251118,195000,79.62,79.765,79.59,79.6425,50752,0
FTNT.US,5,20251118,195500,79.61,79.61,79.515,79.59,50093,0
FTNT.US,5,20251118,200000,79.59,79.78,79.53,79.53,15908,0
FTNT.US,5,20251118,200500,79.545,79.706,79.5445,79.685,17276,0
FTNT.US,5,20251118,201000,79.67,79.69,79.5417,79.675,11880,0
FTNT.US,5,20251118,201500,79.655,79.6799,79.49,79.66,12394,0
FTNT.US,5,20251118,202000,79.68,79.73,79.5817,79.615,22289,0
FTNT.US,5,20251118,202500,79.63,79.77,79.62,79.65,20846,0
FTNT.US,5,20251118,203000,79.645,79.7,79.59,79.62,12596,0
FTNT.US,5,20251118,203500,79.64,80,79.63,79.97,12425,0
FTNT.US,5,20251118,204000,80,80.01,79.62,79.63,17587,0
FTNT.US,5,20251118,204500,79.64,79.8099,79.63,79.7,16065,0
FTNT.US,5,20251118,205000,79.68,79.71,79.565,79.575,20020,0
FTNT.US,5,20251118,205500,79.53,79.8,79.53,79.78,13090,0
FTNT.US,5,20251118,210000,79.78,79.81,79.6504,79.77,23917,0
FTNT.US,5,20251118,210500,79.76,79.78,79.63,79.731,44216,0
FTNT.US,5,20251118,211000,79.725,79.9307,79.72,79.9307,36683,0
FTNT.US,5,20251118,211500,79.92,80.15,79.92,79.99,33589,0
FTNT.US,5,20251118,212000,80.02,80.17,80.01,80.14,36606,0
FTNT.US,5,20251118,212500,80.14,80.22,80.05,80.22,31201,0
FTNT.US,5,20251118,213000,80.22,80.29,80.1,80.145,33457,0
FTNT.US,5,20251118,213500,80.16,80.415,80.16,80.37,40688,0
FTNT.US,5,20251118,214000,80.37,80.425,80.3,80.3,33139,0
FTNT.US,5,20251118,214500,80.32,80.35,80.24,80.25,47549,0
FTNT.US,5,20251118,215000,80.27,80.47,80.27,80.3,111553,0
FTNT.US,5,20251118,215500,80.28,80.35,80.15,80.16,289077,0
FTNT.US,5,20251119,153000,79.82,80.22,79.648,79.97,81018,0
FTNT.US,5,20251119,153500,80.02,80.0236,79.8,79.8,14440,0
FTNT.US,5,20251119,154000,79.8509,79.96,79.67,79.94,29215,0
FTNT.US,5,20251119,154500,79.945,79.9665,79.69,79.72,55546,0
FTNT.US,5,20251119,155000,79.7,79.88,79.54,79.66,29684,0
FTNT.US,5,20251119,155500,79.67,79.82,79.6,79.79,17456,0
FTNT.US,5,20251119,160000,79.77,79.77,79.64,79.73,15140,0
FTNT.US,5,20251119,160500,79.78,79.81,79.663,79.74,10628,0
FTNT.US,5,20251119,161000,79.74,79.95,79.58,79.905,68474,0
FTNT.US,5,20251119,161500,79.9,80.22,79.9,80.15,24253,0
FTNT.US,5,20251119,162000,80.17,80.23,80.055,80.11,42472,0
FTNT.US,5,20251119,162500,80.13,80.23,80.04,80.205,20940,0
FTNT.US,5,20251119,163000,80.205,80.37,80.08,80.175,38570,0
FTNT.US,5,20251119,163500,80.17,80.215,80.05,80.135,26417,0
FTNT.US,5,20251119,164000,80.135,80.14,79.951,80.14,8249,0
FTNT.US,5,20251119,164500,80.15,80.215,80.1,80.17,8913,0
FTNT.US,5,20251119,165000,80.15,80.165,79.98,80.045,11056,0
FTNT.US,5,20251119,165500,80.0344,80.0344,79.85,79.92,15282,0
FTNT.US,5,20251119,170000,79.925,80.11,79.91,79.98,11495,0
FTNT.US,5,20251119,170500,79.965,80.02,79.8,79.905,13970,0
FTNT.US,5,20251119,171000,79.91,79.92,79.7864,79.83,7289,0
FTNT.US,5,20251119,171500,79.86,79.93,79.82,79.91,8691,0
FTNT.US,5,20251119,172000,79.9,79.97,79.82,79.82,12164,0
FTNT.US,5,20251119,172500,79.82,80.005,79.77,79.95,11541,0
FTNT.US,5,20251119,173000,79.91,80,79.86,79.99,11268,0
FTNT.US,5,20251119,173500,79.97,80.09,79.9,79.925,10461,0
FTNT.US,5,20251119,174000,79.93,80.023,79.81,79.93,14333,0
FTNT.US,5,20251119,174500,79.935,79.98,79.73,79.78,7722,0
FTNT.US,5,20251119,175000,79.8,79.93,79.73,79.88,7264,0
FTNT.US,5,20251119,175500,79.92,79.94,79.83,79.93,5936,0
FTNT.US,5,20251119,180000,79.95,80.07,79.83,79.835,15357,0
FTNT.US,5,20251119,180500,79.89,79.935,79.75,79.935,7840,0
FTNT.US,5,20251119,181000,79.93,80.0395,79.885,80,7501,0
FTNT.US,5,20251119,181500,80.06,80.18,80.03,80.07,8163,0
FTNT.US,5,20251119,182000,80.064,80.17,80.0178,80.07,7911,0
FTNT.US,5,20251119,182500,80.09,80.2,79.99,80.155,9260,0
FTNT.US,5,20251119,183000,80.12,80.2,80.04,80.05,8606,0
FTNT.US,5,20251119,183500,80.06,80.09,79.75,79.8,16212,0
FTNT.US,5,20251119,184000,79.79,80.16,79.75,80.11,8411,0
FTNT.US,5,20251119,184500,80.15,80.16,79.9055,79.92,13049,0
FTNT.US,5,20251119,185000,79.91,80.035,79.84,79.97,37934,0
FTNT.US,5,20251119,185500,80.01,80.03,79.8652,79.945,10513,0
FTNT.US,5,20251119,190000,79.92,80,79.89,79.94,11132,0
FTNT.US,5,20251119,190500,79.955,79.97,79.745,79.95,12406,0
FTNT.US,5,20251119,191000,79.94,80.06,79.89,79.95,60998,0
FTNT.US,5,20251119,191500,79.94,79.94,79.81,79.91,9195,0
FTNT.US,5,20251119,192000,79.91,80.22,79.91,80.05,55969,0
FTNT.US,5,20251119,192500,80.08,80.1,79.87,79.87,6301,0
FTNT.US,5,20251119,193000,79.85,80.01,79.84,79.965,19766,0
FTNT.US,5,20251119,193500,79.94,80.13,79.94,79.98,92457,0
FTNT.US,5,20251119,194000,79.98,80.015,79.815,79.85,16991,0
FTNT.US,5,20251119,194500,79.83,79.83,79.71,79.755,12135,0
FTNT.US,5,20251119,195000,79.755,79.885,79.755,79.875,16806,0
FTNT.US,5,20251119,195500,79.875,79.96,79.8407,79.845,21576,0
FTNT.US,5,20251119,200000,79.87,79.88,79.74,79.78,13872,0
FTNT.US,5,20251119,200500,79.77,79.85,79.71,79.77,36494,0
FTNT.US,5,20251119,201000,79.76,79.81,79.705,79.78,37794,0
FTNT.US,5,20251119,201500,79.8,79.84,79.685,79.73,11379,0
FTNT.US,5,20251119,202000,79.71,79.76,79.61,79.62,16151,0
FTNT.US,5,20251119,202500,79.6,79.6,79.32,79.45,40307,0
FTNT.US,5,20251119,203000,79.44,79.515,79.42,79.5,14905,0
FTNT.US,5,20251119,203500,79.525,79.525,79.39,79.4,18546,0
FTNT.US,5,20251119,204000,79.41,79.5,79.41,79.4625,20472,0
FTNT.US,5,20251119,204500,79.48,79.5,79.37,79.4201,16351,0
FTNT.US,5,20251119,205000,79.45,79.73,79.45,79.73,26059,0
FTNT.US,5,20251119,205500,79.735,79.805,79.67,79.75,10578,0
FTNT.US,5,20251119,210000,79.755,79.84,79.755,79.815,8812,0
FTNT.US,5,20251119,210500,79.8,79.94,79.77,79.77,16943,0
FTNT.US,5,20251119,211000,79.79,79.91,79.79,79.89,12247,0
FTNT.US,5,20251119,211500,79.91,80.07,79.91,80.05,74706,0
FTNT.US,5,20251119,212000,80.06,80.06,79.785,79.9,33776,0
FTNT.US,5,20251119,212500,79.89,79.91,79.78,79.865,27042,0
FTNT.US,5,20251119,213000,79.87,79.9089,79.75,79.785,39982,0
FTNT.US,5,20251119,213500,79.8,79.98,79.8,79.89,20463,0
FTNT.US,5,20251119,214000,79.91,79.91,79.725,79.8,24672,0
FTNT.US,5,20251119,214500,79.79,79.81,79.585,79.605,37090,0
FTNT.US,5,20251119,215000,79.61,79.83,79.58,79.76,127788,0
FTNT.US,5,20251119,215500,79.775,79.79,79.67,79.73,838736,0
FTNT.US,5,20251120,153000,80.5,80.64,79.915,80.63,219707,0
FTNT.US,5,20251120,153500,80.57,80.71,80.4265,80.5,37567,0
FTNT.US,5,20251120,154000,80.5041,80.805,80.44,80.565,21448,0
FTNT.US,5,20251120,154500,80.521,80.87,80.46,80.84,25758,0
FTNT.US,5,20251120,155000,80.87,80.89,80.29,80.32,28261,0
FTNT.US,5,20251120,155500,80.3238,80.4,80.08,80.085,54292,0
FTNT.US,5,20251120,160000,80.12,80.34,80.085,80.22,60360,0
FTNT.US,5,20251120,160500,80.22,80.26,79.88,79.9,149749,0
FTNT.US,5,20251120,161000,79.88,80.04,79.88,79.95,44002,0
FTNT.US,5,20251120,161500,79.92,80.48,79.88,80.43,218468,0
FTNT.US,5,20251120,162000,80.43,80.77,80.37,80.73,41930,0
FTNT.US,5,20251120,162500,80.73,81,80.7,80.92,30697,0
FTNT.US,5,20251120,163000,80.915,81.015,80.78,80.83,27007,0
FTNT.US,5,20251120,163500,80.86,81.21,80.86,81.18,16970,0
FTNT.US,5,20251120,164000,81.1901,81.21,81.06,81.105,18813,0
FTNT.US,5,20251120,164500,81.09,81.09,80.7,80.72,18546,0
FTNT.US,5,20251120,165000,80.71,80.758,80.57,80.57,14645,0
FTNT.US,5,20251120,165500,80.57,80.585,80.43,80.505,13913,0
FTNT.US,5,20251120,170000,80.505,80.545,80.31,80.425,17377,0
FTNT.US,5,20251120,170500,80.43,80.44,80.29,80.36,17188,0
FTNT.US,5,20251120,171000,80.36,80.48,80.25,80.32,17499,0
FTNT.US,5,20251120,171500,80.32,80.32,79.88,79.94,16553,0
FTNT.US,5,20251120,172000,79.96,80.02,79.74,79.76,30767,0
FTNT.US,5,20251120,172500,79.75,79.78,79.48,79.485,26398,0
FTNT.US,5,20251120,173000,79.48,79.55,79.39,79.48,26129,0
FTNT.US,5,20251120,173500,79.47,79.52,79.36,79.37,21857,0
FTNT.US,5,20251120,174000,79.36,79.36,79.2,79.23,24259,0
FTNT.US,5,20251120,174500,79.22,79.22,79.02,79.08,21868,0
FTNT.US,5,20251120,175000,79.11,79.29,78.96,78.97,13840,0
FTNT.US,5,20251120,175500,78.94,78.99,78.515,78.58,23795,0
FTNT.US,5,20251120,180000,78.58,78.85,78.57,78.8,37430,0
FTNT.US,5,20251120,180500,78.7905,78.81,78.49,78.655,27714,0
FTNT.US,5,20251120,181000,78.62,78.635,78.34,78.57,13437,0
FTNT.US,5,20251120,181500,78.58,78.58,78.19,78.31,22451,0
FTNT.US,5,20251120,182000,78.26,78.59,78.2,78.49,51356,0
FTNT.US,5,20251120,182500,78.48,78.59,78.305,78.4301,30764,0
FTNT.US,5,20251120,183000,78.53,78.645,78.39,78.43,25929,0
FTNT.US,5,20251120,183500,78.44,78.53,78.18,78.51,17675,0
FTNT.US,5,20251120,184000,78.5,78.62,78.33,78.33,20899,0
FTNT.US,5,20251120,184500,78.3499,78.37,78.15,78.22,14738,0
FTNT.US,5,20251120,185000,78.25,78.46,78.1,78.13,18468,0
FTNT.US,5,20251120,185500,78.1,78.34,78.1,78.25,10959,0
FTNT.US,5,20251120,190000,78.2276,78.41,78.17,78.29,16618,0
FTNT.US,5,20251120,190500,78.28,78.49,78.25,78.49,41386,0
FTNT.US,5,20251120,191000,78.51,78.81,78.4559,78.8,33971,0
FTNT.US,5,20251120,191500,78.83,78.84,78.5,78.58,28560,0
FTNT.US,5,20251120,192000,78.61,78.735,78.45,78.45,23582,0
FTNT.US,5,20251120,192500,78.49,78.655,78.49,78.58,14252,0
FTNT.US,5,20251120,193000,78.56,78.61,78.4,78.525,13540,0
FTNT.US,5,20251120,193500,78.49,78.49,78.185,78.23,13611,0
FTNT.US,5,20251120,194000,78.18,78.24,78.12,78.12,16175,0
FTNT.US,5,20251120,194500,78.1,78.1306,78.03,78.05,16241,0
FTNT.US,5,20251120,195000,78.01,78.07,77.94,77.99,80644,0
FTNT.US,5,20251120,195500,78.03,78.16,77.95,78.09,36906,0
FTNT.US,5,20251120,200000,78.07,78.15,78.05,78.065,10371,0
FTNT.US,5,20251120,200500,78.08,78.14,77.955,78.13,30998,0
FTNT.US,5,20251120,201000,78.16,78.18,78.04,78.12,11546,0
FTNT.US,5,20251120,201500,78.1237,78.26,78.02,78.145,12745,0
FTNT.US,5,20251120,202000,78.16,78.27,78.115,78.13,12034,0
FTNT.US,5,20251120,202500,78.14,78.33,78.14,78.27,13034,0
FTNT.US,5,20251120,203000,78.24,78.25,78.03,78.1,20649,0
FTNT.US,5,20251120,203500,78.14,78.26,78.115,78.22,14828,0
FTNT.US,5,20251120,204000,78.215,78.41,78.18,78.41,25651,0
FTNT.US,5,20251120,204500,78.42,78.46,78.3,78.3,18868,0
FTNT.US,5,20251120,205000,78.32,78.479,78.32,78.44,12433,0
FTNT.US,5,20251120,205500,78.48,78.59,78.45,78.575,50264,0
FTNT.US,5,20251120,210000,78.575,78.575,78.25,78.35,35771,0
FTNT.US,5,20251120,210500,78.33,78.49,78.33,78.365,11104,0
FTNT.US,5,20251120,211000,78.35,78.41,78.33,78.3669,15323,0
FTNT.US,5,20251120,211500,78.4,78.49,78.345,78.43,15367,0
FTNT.US,5,20251120,212000,78.43289,78.53,78.23,78.248,27407,0
FTNT.US,5,20251120,212500,78.245,78.32,78.21,78.295,26834,0
FTNT.US,5,20251120,213000,78.3,78.4,78.2,78.2,34499,0
FTNT.US,5,20251120,213500,78.195,78.22,77.96,77.9975,99673,0
FTNT.US,5,20251120,214000,77.99,78.05,77.85,78,94460,0
FTNT.US,5,20251120,214500,77.98,78.01,77.79,77.82,81536,0
FTNT.US,5,20251120,215000,77.83,78.14,77.83,78.125,124632,0
FTNT.US,5,20251120,215500,78.11,78.255,77.99,78.02,226605,0
FTNT.US,5,20251121,153000,77.8,78.0299,77.585,77.885,294799,0
FTNT.US,5,20251121,153500,77.93,78.14,77.88,77.915,30653,0
FTNT.US,5,20251121,154000,77.82,78.03,77.76,77.805,70318,0
FTNT.US,5,20251121,154500,77.85,78.01,77.62,77.825,82723,0
FTNT.US,5,20251121,155000,77.86,77.94,77.65,77.795,92278,0
FTNT.US,5,20251121,155500,77.78,77.78,77.36,77.52,39000,0
FTNT.US,5,20251121,160000,77.57,77.66,77.17,77.26,44883,0
FTNT.US,5,20251121,160500,77.28,77.66,77.28,77.59,60193,0
FTNT.US,5,20251121,161000,77.62,77.69,77.48,77.61,41201,0
FTNT.US,5,20251121,161500,77.645,77.88,77.55,77.75,74897,0
FTNT.US,5,20251121,162000,77.77,77.97,77.37,77.93,57752,0
FTNT.US,5,20251121,162500,77.93,78.16,77.65,77.66,31531,0
FTNT.US,5,20251121,163000,77.65,77.95,77.6,77.83,80404,0
FTNT.US,5,20251121,163500,77.86,77.885,77.5305,77.775,42315,0
FTNT.US,5,20251121,164000,77.75,78.06,77.7,77.955,58118,0
FTNT.US,5,20251121,164500,77.92,78.22,77.92,78.18,23978,0
FTNT.US,5,20251121,165000,78.16,78.2,77.9,78.2,26939,0
FTNT.US,5,20251121,165500,78.19,78.27,77.97,77.975,17025,0
FTNT.US,5,20251121,170000,77.975,78.06,77.85,77.88,27105,0
FTNT.US,5,20251121,170500,77.82,78.05,77.76,78.01,31622,0
FTNT.US,5,20251121,171000,78.035,78.095,77.96,78,16780,0
FTNT.US,5,20251121,171500,77.98,78,77.74,77.78,24529,0
FTNT.US,5,20251121,172000,77.77,78.13,77.75,78.13,39562,0
FTNT.US,5,20251121,172500,78.11,78.2626,78.06,78.255,21945,0
FTNT.US,5,20251121,173000,78.27,78.44,78.18,78.34,15393,0
FTNT.US,5,20251121,173500,78.33,78.47,78.3,78.39,17360,0
FTNT.US,5,20251121,174000,78.41,78.42,78.31,78.39,31342,0
FTNT.US,5,20251121,174500,78.38,78.54,78.3,78.495,16500,0
FTNT.US,5,20251121,175000,78.49,78.775,78.46,78.68,14336,0
FTNT.US,5,20251121,175500,78.6601,79,78.6601,78.98,16229,0
FTNT.US,5,20251121,180000,78.98,79,78.82,78.9,14289,0
FTNT.US,5,20251121,180500,78.915,79.02,78.86,78.985,12699,0
FTNT.US,5,20251121,181000,79,79.045,78.96,79.045,11665,0
FTNT.US,5,20251121,181500,79.06,79.14,78.985,78.9901,18651,0
FTNT.US,5,20251121,182000,78.97,79.07,78.9,79.05,11775,0
FTNT.US,5,20251121,182500,79.04,79.1,78.92,78.98,10475,0
FTNT.US,5,20251121,183000,78.995,79.05,78.92,79,11351,0
FTNT.US,5,20251121,183500,78.955,79.04,78.93,78.945,14684,0
FTNT.US,5,20251121,184000,78.95,79.225,78.95,79.18,11618,0
FTNT.US,5,20251121,184500,79.2,79.245,79.04,79.08,12094,0
FTNT.US,5,20251121,185000,79.06,79.175,79,79.175,21353,0
FTNT.US,5,20251121,185500,79.19,79.21,79.02,79.1,15489,0
FTNT.US,5,20251121,190000,79.1,79.19,78.945,78.945,26765,0
FTNT.US,5,20251121,190500,78.965,78.97,78.86,78.905,12688,0
FTNT.US,5,20251121,191000,78.89,78.9,78.77,78.78,19092,0
FTNT.US,5,20251121,191500,78.8,78.87,78.75,78.8,20279,0
FTNT.US,5,20251121,192000,78.795,78.85,78.71,78.81,14219,0
FTNT.US,5,20251121,192500,78.79,78.8305,78.75,78.83,16529,0
FTNT.US,5,20251121,193000,78.8,79,78.785,78.93,9072,0
FTNT.US,5,20251121,193500,78.94,79.08,78.94,79.045,11433,0
FTNT.US,5,20251121,194000,79.041,79.1,78.9843,79.08,10691,0
FTNT.US,5,20251121,194500,79.075,79.36,79.03,79.315,22158,0
FTNT.US,5,20251121,195000,79.31,79.5,79.135,79.16,14161,0
FTNT.US,5,20251121,195500,79.13,79.21,79.02,79.07,9795,0
FTNT.US,5,20251121,200000,79.08,79.19,79.04,79.18,17677,0
FTNT.US,5,20251121,200500,79.175,79.28,79.14,79.24,12607,0
FTNT.US,5,20251121,201000,79.235,79.27,79.2,79.2251,7640,0
FTNT.US,5,20251121,201500,79.22,79.28,79.19,79.2401,13103,0
FTNT.US,5,20251121,202000,79.26,79.35,79.26,79.27,18462,0
FTNT.US,5,20251121,202500,79.26,79.345,79.25,79.29,15522,0
FTNT.US,5,20251121,203000,79.31,79.33,79.15,79.165,16052,0
FTNT.US,5,20251121,203500,79.19,79.42,79.19,79.36,37114,0
FTNT.US,5,20251121,204000,79.37,79.41,79.165,79.205,15593,0
FTNT.US,5,20251121,204500,79.22,79.23,79.095,79.175,23523,0
FTNT.US,5,20251121,205000,79.175,79.24,78.97,79.0201,11734,0
FTNT.US,5,20251121,205500,79.05,79.09,79.02,79.07,15036,0
FTNT.US,5,20251121,210000,79.08,79.19,79.08,79.15,20691,0
FTNT.US,5,20251121,210500,79.16,79.245,79.14,79.19,23376,0
FTNT.US,5,20251121,211000,79.21,79.21,79.12,79.18,18897,0
FTNT.US,5,20251121,211500,79.181,79.1856,79.095,79.15,28250,0
FTNT.US,5,20251121,212000,79.14,79.18,78.98,79.03,22227,0
FTNT.US,5,20251121,212500,79.03,79.0674,78.86,78.86,18174,0
FTNT.US,5,20251121,213000,78.85,78.91,78.77,78.88,25806,0
FTNT.US,5,20251121,213500,78.88,79.16,78.88,79.07,31582,0
FTNT.US,5,20251121,214000,79.06,79.07,78.93,78.99,33210,0
FTNT.US,5,20251121,214500,79.005,79.15,78.99,79.045,37482,0
FTNT.US,5,20251121,215000,79.03,79.195,78.99,78.99,72712,0
FTNT.US,5,20251121,215500,79,79.04,78.78,78.85,283152,0
FTNT.US,5,20251124,153000,78.89,79.675,78.89,79.645,23831,0
FTNT.US,5,20251124,153500,79.71,79.99,79.625,79.72,32613,0
FTNT.US,5,20251124,154000,79.73,79.73,79.195,79.195,18368,0
FTNT.US,5,20251124,154500,79.185,79.55,79.12,79.24,21839,0
FTNT.US,5,20251124,155000,79.2028,79.36,79.12,79.19,19180,0
FTNT.US,5,20251124,155500,79.19,79.535,79.03,79.46,52252,0
FTNT.US,5,20251124,160000,79.445,79.57,79.23,79.37,82317,0
FTNT.US,5,20251124,160500,79.365,79.53,78.92,78.965,48766,0
FTNT.US,5,20251124,161000,78.965,79.05,78.7,79.02,24702,0
FTNT.US,5,20251124,161500,79.05,79.08,78.86,78.92,23948,0
FTNT.US,5,20251124,162000,78.955,79.04,78.79,78.84,40473,0
FTNT.US,5,20251124,162500,78.855,79.1,78.8,79,18074,0
FTNT.US,5,20251124,163000,78.995,79.09,78.855,79.09,18340,0
FTNT.US,5,20251124,163500,79.08,79.225,79.03,79.2,18411,0
FTNT.US,5,20251124,164000,79.195,79.23,78.94,79.04,29507,0
FTNT.US,5,20251124,164500,79.05,79.25,79.015,79.22,41001,0
FTNT.US,5,20251124,165000,79.21,79.32,79.15,79.16344,45982,0
FTNT.US,5,20251124,165500,79.15,79.21,79.1,79.13,24056,0
FTNT.US,5,20251124,170000,79.13,79.3,79.13,79.26,28936,0
FTNT.US,5,20251124,170500,79.26,79.37,79.2,79.225,35060,0
FTNT.US,5,20251124,171000,79.21,79.3,79.185,79.21,26003,0
FTNT.US,5,20251124,171500,79.23,79.295,79.21,79.26,16991,0
FTNT.US,5,20251124,172000,79.27,79.34,79.1651,79.34,26324,0
FTNT.US,5,20251124,172500,79.33,79.395,79.285,79.33,24164,0
FTNT.US,5,20251124,173000,79.32,79.39,79.26,79.39,20361,0
FTNT.US,5,20251124,173500,79.39,79.43,79.37,79.43,20488,0
FTNT.US,5,20251124,174000,79.44,79.44,79.305,79.38,15852,0
FTNT.US,5,20251124,174500,79.38,79.395,79.34,79.37,15838,0
FTNT.US,5,20251124,175000,79.38,79.41,79.35,79.35,16756,0
FTNT.US,5,20251124,175500,79.33,79.36,79.2,79.3,53622,0
FTNT.US,5,20251124,180000,79.35,79.3753,79.2,79.28,23367,0
FTNT.US,5,20251124,180500,79.3,79.3,79.205,79.24,14958,0
FTNT.US,5,20251124,181000,79.23,79.25,79.13,79.19,13125,0
FTNT.US,5,20251124,181500,79.19,79.4,79.19,79.38,15379,0
FTNT.US,5,20251124,182000,79.37,79.445,79.35,79.43,19486,0
FTNT.US,5,20251124,182500,79.425,79.57,79.4201,79.51,16628,0
FTNT.US,5,20251124,183000,79.52,79.54,79.43,79.44,17147,0
FTNT.US,5,20251124,183500,79.435,79.48,79.42,79.455,13049,0
FTNT.US,5,20251124,184000,79.46,79.5201,79.45,79.52,16551,0
FTNT.US,5,20251124,184500,79.53,79.57,79.49,79.5,27146,0
FTNT.US,5,20251124,185000,79.51,79.63,79.49,79.62,17125,0
FTNT.US,5,20251124,185500,79.61,79.61,79.555,79.57,23875,0
FTNT.US,5,20251124,190000,79.57,79.6,79.54,79.54,15192,0
FTNT.US,5,20251124,190500,79.54,79.54,79.49,79.494,11624,0
FTNT.US,5,20251124,191000,79.49,79.625,79.4838,79.59,12583,0
FTNT.US,5,20251124,191500,79.59,79.61,79.51,79.59,18601,0
FTNT.US,5,20251124,192000,79.59,79.83,79.59,79.77,20313,0
FTNT.US,5,20251124,192500,79.76,79.76,79.59,79.6,15389,0
FTNT.US,5,20251124,193000,79.6,79.625,79.51,79.585,36253,0
FTNT.US,5,20251124,193500,79.58,79.605,79.499,79.53,12993,0
FTNT.US,5,20251124,194000,79.53,79.5968,79.525,79.595,11909,0
FTNT.US,5,20251124,194500,79.59,79.59,79.54,79.58,16480,0
FTNT.US,5,20251124,195000,79.5757,79.585,79.52,79.57,12807,0
FTNT.US,5,20251124,195500,79.585,79.67,79.585,79.64,16046,0
FTNT.US,5,20251124,200000,79.65,79.75,79.65,79.725,12078,0
FTNT.US,5,20251124,200500,79.725,79.81,79.72,79.75,15792,0
FTNT.US,5,20251124,201000,79.73,79.755,79.69,79.69,21760,0
FTNT.US,5,20251124,201500,79.7,79.76,79.68,79.705,35958,0
FTNT.US,5,20251124,202000,79.7,79.72,79.59,79.59,22242,0
FTNT.US,5,20251124,202500,79.57,79.615,79.54,79.6,15053,0
FTNT.US,5,20251124,203000,79.62,79.63,79.56,79.6,20775,0
FTNT.US,5,20251124,203500,79.5926,79.595,79.54,79.565,17193,0
FTNT.US,5,20251124,204000,79.565,79.58,79.48,79.485,21617,0
FTNT.US,5,20251124,204500,79.48,79.5,79.37,79.39,26479,0
FTNT.US,5,20251124,205000,79.41,79.47,79.41,79.465,25124,0
FTNT.US,5,20251124,205500,79.47,79.535,79.43,79.48,24242,0
FTNT.US,5,20251124,210000,79.52,79.57,79.46,79.535,23138,0
FTNT.US,5,20251124,210500,79.54,79.565,79.49,79.53,24210,0
FTNT.US,5,20251124,211000,79.51,79.52,79.46,79.485,21784,0
FTNT.US,5,20251124,211500,79.49,79.54,79.45,79.5,33180,0
FTNT.US,5,20251124,212000,79.5,79.59,79.485,79.49,29928,0
FTNT.US,5,20251124,212500,79.48,79.48,79.37,79.41,27275,0
FTNT.US,5,20251124,213000,79.4,79.44,79.375,79.41671,25779,0
FTNT.US,5,20251124,213500,79.43,79.43,79.3723,79.405,35792,0
FTNT.US,5,20251124,214000,79.41,79.51,79.38,79.5,42491,0
FTNT.US,5,20251124,214500,79.51,79.605,79.48,79.53,43460,0
FTNT.US,5,20251124,215000,79.54,79.84,79.3,79.8,125202,0
FTNT.US,5,20251124,215500,79.78,80.01,79.74,79.76,402907,0
FTNT.US,5,20251125,153000,79.38,80.25,79.3,79.84,102588,0
FTNT.US,5,20251125,153500,79.8875,79.98,79.68,79.96,14346,0
FTNT.US,5,20251125,154000,79.81,80,79.525,79.53,12938,0
FTNT.US,5,20251125,154500,79.53,79.93,79.465,79.755,26016,0
FTNT.US,5,20251125,155000,79.75,80.06,79.56,79.895,21629,0
FTNT.US,5,20251125,155500,79.905,80.045,79.82,80.04,19745,0
FTNT.US,5,20251125,160000,80.035,80.145,79.86,79.925,38561,0
FTNT.US,5,20251125,160500,79.925,80.43,79.89,80.34,17508,0
FTNT.US,5,20251125,161000,80.35,80.53,80.27,80.34,23799,0
FTNT.US,5,20251125,161500,80.37,80.4,80.15,80.295,14244,0
FTNT.US,5,20251125,162000,80.285,80.29,80.04,80.14,24904,0
FTNT.US,5,20251125,162500,80.205,80.405,80.095,80.3495,24697,0
FTNT.US,5,20251125,163000,80.34,80.55,80.3396,80.4113,27143,0
FTNT.US,5,20251125,163500,80.37,80.465,80.2585,80.465,14971,0
FTNT.US,5,20251125,164000,80.47,80.61,80.42,80.6,11085,0
FTNT.US,5,20251125,164500,80.6,80.715,80.57,80.59,11580,0
FTNT.US,5,20251125,165000,80.6,80.71,80.565,80.65,13518,0
FTNT.US,5,20251125,165500,80.63,80.68,80.445,80.63,15274,0
FTNT.US,5,20251125,170000,80.615,80.685,80.55,80.685,7182,0
FTNT.US,5,20251125,170500,80.68,80.81,80.64,80.7607,16436,0
FTNT.US,5,20251125,171000,80.79,80.815,80.68,80.7,12608,0
FTNT.US,5,20251125,171500,80.72,80.75,80.66,80.73,9236,0
FTNT.US,5,20251125,172000,80.745,80.86,80.715,80.735,23898,0
FTNT.US,5,20251125,172500,80.76,80.84,80.75,80.78,9364,0
FTNT.US,5,20251125,173000,80.8,80.9,80.8,80.9,12395,0
FTNT.US,5,20251125,173500,80.92,80.93,80.835,80.89,18366,0
FTNT.US,5,20251125,174000,80.89,80.9,80.73,80.75,25962,0
FTNT.US,5,20251125,174500,80.73,80.73,80.635,80.67,21209,0
FTNT.US,5,20251125,175000,80.69,80.745,80.66,80.745,16884,0
FTNT.US,5,20251125,175500,80.72,80.8157,80.69,80.8,12244,0
FTNT.US,5,20251125,180000,80.84,80.92,80.73,80.84,11015,0
FTNT.US,5,20251125,180500,80.86,80.95,80.845,80.935,9385,0
FTNT.US,5,20251125,181000,80.92,80.98,80.89,80.94,13371,0
FTNT.US,5,20251125,181500,80.965,80.99,80.84,80.88,7278,0
FTNT.US,5,20251125,182000,80.9,81.075,80.88,81.075,9793,0
FTNT.US,5,20251125,182500,81.08,81.0857,80.98,80.99,11572,0
FTNT.US,5,20251125,183000,81.01,81.1,80.975,81.1,7476,0
FTNT.US,5,20251125,183500,81.1,81.19,81.08,81.11,10615,0
FTNT.US,5,20251125,184000,81.14,81.14,81.07,81.125,8349,0
FTNT.US,5,20251125,184500,81.14,81.14,80.94,81,10152,0
FTNT.US,5,20251125,185000,81,81.14,80.99,81.07,8569,0
FTNT.US,5,20251125,185500,81.08,81.08,80.94,80.99,29239,0
FTNT.US,5,20251125,190000,81.03,81.08,81,81.0683,8756,0
FTNT.US,5,20251125,190500,81.065,81.08,80.99,81.035,16902,0
FTNT.US,5,20251125,191000,81.035,81.09,80.98,81.02,13158,0
FTNT.US,5,20251125,191500,81.03,81.05,80.98,81.045,10001,0
FTNT.US,5,20251125,192000,81.03,81.08,81.01,81.05,10959,0
FTNT.US,5,20251125,192500,81.055,81.105,80.89849,80.9,34515,0
FTNT.US,5,20251125,193000,80.915,80.945,80.87,80.925,8885,0
FTNT.US,5,20251125,193500,80.94,80.95,80.87,80.925,10081,0
FTNT.US,5,20251125,194000,80.91,80.91,80.73,80.7776,10497,0
FTNT.US,5,20251125,194500,80.79,80.9,80.79,80.875,8137,0
FTNT.US,5,20251125,195000,80.875,80.88,80.83,80.845,8390,0
FTNT.US,5,20251125,195500,80.845,80.845,80.773,80.8,10330,0
FTNT.US,5,20251125,200000,80.82,80.9,80.82,80.895,13292,0
FTNT.US,5,20251125,200500,80.89,80.94,80.85,80.87,8906,0
FTNT.US,5,20251125,201000,80.86,80.9,80.83,80.89,12476,0
FTNT.US,5,20251125,201500,80.89,80.9,80.7983,80.83,16430,0
FTNT.US,5,20251125,202000,80.85,80.855,80.76,80.765,19968,0
FTNT.US,5,20251125,202500,80.765,80.775,80.71,80.725,10869,0
FTNT.US,5,20251125,203000,80.73,80.75,80.69,80.73,6696,0
FTNT.US,5,20251125,203500,80.67,80.68,80.6,80.6699,6594,0
FTNT.US,5,20251125,204000,80.645,80.655,80.6,80.63,5685,0
FTNT.US,5,20251125,204500,80.685,80.71,80.66,80.71,9392,0
FTNT.US,5,20251125,205000,80.71,80.78,80.7,80.755,10397,0
FTNT.US,5,20251125,205500,80.755,80.81,80.74,80.81,10446,0
FTNT.US,5,20251125,210000,80.8,80.865,80.79,80.84,26572,0
FTNT.US,5,20251125,210500,80.84,80.935,80.81,80.925,16233,0
FTNT.US,5,20251125,211000,80.91,80.95,80.9091,80.93,12118,0
FTNT.US,5,20251125,211500,80.935,81.01,80.92,80.96,19425,0
FTNT.US,5,20251125,212000,80.92,81.01,80.92,80.985,14157,0
FTNT.US,5,20251125,212500,80.98,81,80.91,80.915,17176,0
FTNT.US,5,20251125,213000,80.92,80.96,80.88,80.9,21618,0
FTNT.US,5,20251125,213500,80.91,80.945,80.88,80.9,31901,0
FTNT.US,5,20251125,214000,80.895,80.9,80.81,80.875,28459,0
FTNT.US,5,20251125,214500,80.87,80.94,80.86,80.94,25642,0
FTNT.US,5,20251125,215000,80.93,80.995,80.78,80.83,92583,0
FTNT.US,5,20251125,215500,80.84,80.9,80.72,80.87,1141077,0
FTNT.US,5,20251126,153000,80.67,80.86,79.82,80.27,139831,0
FTNT.US,5,20251126,153500,80.275,80.28,80.06,80.15,48020,0
FTNT.US,5,20251126,154000,80.1544,80.3,79.99,80.09,27143,0
FTNT.US,5,20251126,154500,80.14,80.19,79.91,80.09,18981,0
FTNT.US,5,20251126,155000,80.12,80.15,79.87,79.89,24032,0
FTNT.US,5,20251126,155500,79.85,79.94,79.69,79.81,34042,0
FTNT.US,5,20251126,160000,79.81,79.8299,79.61,79.61,51780,0
FTNT.US,5,20251126,160500,79.61,79.625,79.38,79.625,77324,0
FTNT.US,5,20251126,161000,79.625,79.665,78.63,79.4,53387,0
FTNT.US,5,20251126,161500,79.4,79.4127,79.28,79.38,20245,0
FTNT.US,5,20251126,162000,79.37,79.38,79.12,79.12,28261,0
FTNT.US,5,20251126,162500,79.12,79.315,79.07,79.17,16326,0
FTNT.US,5,20251126,163000,79.19,79.41,79.165,79.3738,29017,0
FTNT.US,5,20251126,163500,79.375,79.49,79.36,79.4,19068,0
FTNT.US,5,20251126,164000,79.41,79.5,79.29,79.33,24847,0
FTNT.US,5,20251126,164500,79.335,79.42,79.28,79.42,9498,0
FTNT.US,5,20251126,165000,79.42,79.55,79.38,79.54,23465,0
FTNT.US,5,20251126,165500,79.535,79.635,79.52,79.555,27947,0
FTNT.US,5,20251126,170000,79.55,79.575,79.44,79.44,30163,0
FTNT.US,5,20251126,170500,79.44,79.48,79.37,79.445,27748,0
FTNT.US,5,20251126,171000,79.44,79.52,79.43,79.46,22178,0
FTNT.US,5,20251126,171500,79.47,79.85,79.47,79.83,27687,0
FTNT.US,5,20251126,172000,79.8,79.93,79.77,79.79,29782,0
FTNT.US,5,20251126,172500,79.795,79.85,79.685,79.685,13390,0
FTNT.US,5,20251126,173000,79.7,79.71,79.61,79.705,18348,0
FTNT.US,5,20251126,173500,79.72,79.805,79.71,79.785,26453,0
FTNT.US,5,20251126,174000,79.78,79.91,79.78,79.89,28104,0
FTNT.US,5,20251126,174500,79.92,80.0751,79.855,79.875,19134,0
FTNT.US,5,20251126,175000,79.875,79.94,79.86,79.925,9033,0
FTNT.US,5,20251126,175500,79.91,80.03,79.9,79.96,8231,0
FTNT.US,5,20251126,180000,79.955,80,79.905,79.915,10073,0
FTNT.US,5,20251126,180500,79.92,80.02,79.88,79.925,11300,0
FTNT.US,5,20251126,181000,79.94,80,79.875,80,15363,0
FTNT.US,5,20251126,181500,80.04,80.305,80.035,80.085,43118,0
FTNT.US,5,20251126,182000,80.08,80.18,80.065,80.16,30379,0
FTNT.US,5,20251126,182500,80.15,80.19,80.085,80.13,13816,0
FTNT.US,5,20251126,183000,80.14,80.295,80.14,80.24,9599,0
FTNT.US,5,20251126,183500,80.25,80.26,80.2036,80.2502,9386,0
FTNT.US,5,20251126,184000,80.255,80.29,80.24,80.27,8105,0
FTNT.US,5,20251126,184500,80.28,80.29,80.16,80.17,10338,0
FTNT.US,5,20251126,185000,80.165,80.27,80.1515,80.27,7425,0
FTNT.US,5,20251126,185500,80.27,80.335,80.27,80.29,11594,0
FTNT.US,5,20251126,190000,80.29,80.42,80.29,80.41,13333,0
FTNT.US,5,20251126,190500,80.43,80.47,80.22,80.22,30732,0
FTNT.US,5,20251126,191000,80.26,80.42,80.26,80.365,14919,0
FTNT.US,5,20251126,191500,80.38,80.43,80.3,80.33,10861,0
FTNT.US,5,20251126,192000,80.35,80.49,80.34,80.47,10684,0
FTNT.US,5,20251126,192500,80.46,80.52,80.44,80.47,8488,0
FTNT.US,5,20251126,193000,80.47,80.47,80.35,80.35,7784,0
FTNT.US,5,20251126,193500,80.34,80.36,80.265,80.32,10657,0
FTNT.US,5,20251126,194000,80.31,80.5,80.31,80.447,16678,0
FTNT.US,5,20251126,194500,80.44,80.51,80.435,80.5,11102,0
FTNT.US,5,20251126,195000,80.47,80.5,80.34,80.39,12508,0
FTNT.US,5,20251126,195500,80.38,80.47,80.34,80.46,17167,0
FTNT.US,5,20251126,200000,80.47,80.55,80.46,80.46,18170,0
FTNT.US,5,20251126,200500,80.45,80.46,80.34,80.38,7849,0
FTNT.US,5,20251126,201000,80.37,80.42,80.3354,80.42,9856,0
FTNT.US,5,20251126,201500,80.42,80.43,80.3,80.38,29624,0
FTNT.US,5,20251126,202000,80.385,80.41,80.295,80.34,23734,0
FTNT.US,5,20251126,202500,80.34,80.355,80.295,80.31,15863,0
FTNT.US,5,20251126,203000,80.32,80.395,80.315,80.335,17870,0
FTNT.US,5,20251126,203500,80.32,80.32,80.1,80.215,48416,0
FTNT.US,5,20251126,204000,80.2138,80.2702,80.185,80.27,14239,0
FTNT.US,5,20251126,204500,80.27,80.341,80.27,80.29,15108,0
FTNT.US,5,20251126,205000,80.28,80.33,80.24,80.32,10133,0
FTNT.US,5,20251126,205500,80.31,80.38,80.31,80.36,11339,0
FTNT.US,5,20251126,210000,80.37,80.4,80.33,80.34,17888,0
FTNT.US,5,20251126,210500,80.34,80.345,80.26,80.335,24207,0
FTNT.US,5,20251126,211000,80.34,80.41,80.34,80.41,22524,0
FTNT.US,5,20251126,211500,80.415,80.4409,80.365,80.37,30986,0
FTNT.US,5,20251126,212000,80.38,80.4,80.23,80.265,45746,0
FTNT.US,5,20251126,212500,80.265,80.395,80.265,80.385,35158,0
FTNT.US,5,20251126,213000,80.38,80.44,80.281,80.4012,37438,0
FTNT.US,5,20251126,213500,80.4,80.44,80.335,80.36,28925,0
FTNT.US,5,20251126,214000,80.36,80.485,80.35,80.465,25994,0
FTNT.US,5,20251126,214500,80.465,80.46572,80.37,80.38,34594,0
FTNT.US,5,20251126,215000,80.37,80.57,80.36,80.44,116536,0
FTNT.US,5,20251126,215500,80.46,80.63,80.46,80.54,225921,0
FTNT.US,5,20251128,153000,80.67,80.92,80.355,80.79,82259,0
FTNT.US,5,20251128,153500,80.795,80.86,80.5461,80.8,88417,0
FTNT.US,5,20251128,154000,80.7983,80.957,80.71,80.94,20101,0
FTNT.US,5,20251128,154500,80.97,80.97,80.6,80.735,30878,0
FTNT.US,5,20251128,155000,80.705,80.92,80.705,80.88,19417,0
FTNT.US,5,20251128,155500,80.885,81.04,80.8305,80.89,39741,0
FTNT.US,5,20251128,160000,80.89,81.04,80.87,80.97,24003,0
FTNT.US,5,20251128,160500,80.975,81.13,80.95,81.12,32610,0
FTNT.US,5,20251128,161000,81.11,81.18,81.08,81.1,19508,0
FTNT.US,5,20251128,161500,81.1,81.14,80.98,81.025,18686,0
FTNT.US,5,20251128,162000,81.03,81.13,81.02,81.07,19730,0
FTNT.US,5,20251128,162500,81.075,81.17,81.07,81.1495,18632,0
FTNT.US,5,20251128,163000,81.16,81.18,81.01,81.07,20948,0
FTNT.US,5,20251128,163500,81.068,81.105,80.94,81.069,21982,0
FTNT.US,5,20251128,164000,81.09,81.21,81.07,81.21,20170,0
FTNT.US,5,20251128,164500,81.21,81.21,81.125,81.19,7736,0
FTNT.US,5,20251128,165000,81.18,81.28,81.17,81.25,10140,0
FTNT.US,5,20251128,165500,81.245,81.26,81.09,81.15,11747,0
FTNT.US,5,20251128,170000,81.13,81.2,81.12,81.12,19670,0
FTNT.US,5,20251128,170500,81.12,81.215,81.09,81.11,17298,0
FTNT.US,5,20251128,171000,81.125,81.2214,81.0701,81.215,14302,0
FTNT.US,5,20251128,171500,81.2198,81.26,81.18,81.255,15775,0
FTNT.US,5,20251128,172000,81.25,81.27,81.2,81.27,13204,0
FTNT.US,5,20251128,172500,81.27,81.28,81.13,81.17,8570,0
FTNT.US,5,20251128,173000,81.16,81.23,81.115,81.21,8117,0
FTNT.US,5,20251128,173500,81.2,81.26,81.18,81.209,10969,0
FTNT.US,5,20251128,174000,81.21,81.22,81.028,81.11,26805,0
FTNT.US,5,20251128,174500,81.11,81.21,81.08,81.21,18281,0
FTNT.US,5,20251128,175000,81.21,81.215,81.13,81.17,7773,0
FTNT.US,5,20251128,175500,81.17,81.21,81.17,81.18,9251,0
FTNT.US,5,20251128,180000,81.17,81.27,81.135,81.27,9639,0
FTNT.US,5,20251128,180500,81.28,81.34,81.27,81.34,10555,0
FTNT.US,5,20251128,181000,81.34,81.355,81.25,81.26,17888,0
FTNT.US,5,20251128,181500,81.25,81.28,81.14,81.16,9383,0
FTNT.US,5,20251128,182000,81.145,81.1699,81.1,81.1,14326,0
FTNT.US,5,20251128,182500,81.095,81.14,81.09,81.09,9950,0
FTNT.US,5,20251128,183000,81.09,81.165,81.069,81.11,19197,0
FTNT.US,5,20251128,183500,81.10705,81.13,81.005,81.018,17267,0
FTNT.US,5,20251128,184000,81.01,81.098,80.995,81.06,23716,0
FTNT.US,5,20251128,184500,81.04,81.09,81.015,81.06,17167,0
FTNT.US,5,20251128,185000,81.06,81.13,80.92,80.99,40916,0
FTNT.US,5,20251128,185500,81,81.17,80.98,81.09,122971,0
FTNT.US,5,20251128,190000,81.08,81.13,81.06,81.129,459357,0
FTNT.US,5,20251201,153000,80.49,80.99,80.43,80.845,106033,0
FTNT.US,5,20251201,153500,80.84,80.855,80.59,80.71,30547,0
FTNT.US,5,20251201,154000,80.6879,81.11,80.63,81.06,37740,0
FTNT.US,5,20251201,154500,81.04,81.37,81,81.2815,30553,0
FTNT.US,5,20251201,155000,81.275,81.42,81.21,81.4,30539,0
FTNT.US,5,20251201,155500,81.41,81.42,81.22,81.36,38009,0
FTNT.US,5,20251201,160000,81.37,81.44,81.17,81.17,25354,0
FTNT.US,5,20251201,160500,81.14,81.14,80.775,80.8,35160,0
FTNT.US,5,20251201,161000,80.76,80.9428,80.7,80.7871,17041,0
FTNT.US,5,20251201,161500,80.8,80.91,80.76,80.85,20226,0
FTNT.US,5,20251201,162000,80.845,80.845,80.655,80.67,13929,0
FTNT.US,5,20251201,162500,80.68,80.68,80.53,80.5526,16216,0
FTNT.US,5,20251201,163000,80.5422,80.7,80.495,80.665,15966,0
FTNT.US,5,20251201,163500,80.65,80.8,80.5849,80.72,18869,0
FTNT.US,5,20251201,164000,80.71,80.89,80.71,80.88,42486,0
FTNT.US,5,20251201,164500,80.875,81.12,80.875,81.11,18316,0
FTNT.US,5,20251201,165000,81.11,81.3817,81.09,81.375,17316,0
FTNT.US,5,20251201,165500,81.36,81.55,81.36,81.5442,21339,0
FTNT.US,5,20251201,170000,81.55,81.69,81.51,81.69,13132,0
FTNT.US,5,20251201,170500,81.7,81.74,81.44,81.47,41038,0
FTNT.US,5,20251201,171000,81.5,81.565,81.48,81.49,17645,0
FTNT.US,5,20251201,171500,81.48,81.61,81.41,81.58,13422,0
FTNT.US,5,20251201,172000,81.615,81.68,81.54,81.68,15922,0
FTNT.US,5,20251201,172500,81.735,81.78,81.68,81.72,12313,0
FTNT.US,5,20251201,173000,81.74,81.97,81.7368,81.9,25724,0
FTNT.US,5,20251201,173500,81.89,81.97,81.88,81.945,12764,0
FTNT.US,5,20251201,174000,81.93,82.03,81.89,81.94,22685,0
FTNT.US,5,20251201,174500,81.9341,81.99,81.92,81.9284,9862,0
FTNT.US,5,20251201,175000,81.925,82,81.925,81.985,8822,0
FTNT.US,5,20251201,175500,81.985,82.025,81.95,81.95,24218,0
FTNT.US,5,20251201,180000,81.97,82,81.93,81.96,10555,0
FTNT.US,5,20251201,180500,81.955,81.97,81.85,81.85,9997,0
FTNT.US,5,20251201,181000,81.8568,81.89,81.83,81.83,8419,0
FTNT.US,5,20251201,181500,81.81,81.86,81.78,81.82,5994,0
FTNT.US,5,20251201,182000,81.82,81.93,81.795,81.88,16206,0
FTNT.US,5,20251201,182500,81.885,81.93,81.83,81.86,8176,0
FTNT.US,5,20251201,183000,81.87,81.905,81.82,81.9,9546,0
FTNT.US,5,20251201,183500,81.9,81.94,81.8901,81.92,6230,0
FTNT.US,5,20251201,184000,81.91,81.96,81.9,81.96,12208,0
FTNT.US,5,20251201,184500,81.94,82,81.94,81.97,11545,0
FTNT.US,5,20251201,185000,81.97,81.9899,81.87,81.8901,17960,0
FTNT.US,5,20251201,185500,81.91,81.93,81.85,81.925,8984,0
FTNT.US,5,20251201,190000,81.92,82,81.91,81.955,10185,0
FTNT.US,5,20251201,190500,81.94,81.975,81.93,81.94,8256,0
FTNT.US,5,20251201,191000,81.94,81.985,81.93,81.94,6820,0
FTNT.US,5,20251201,191500,81.96,82.04,81.92,81.93,15702,0
FTNT.US,5,20251201,192000,81.94,81.98,81.86,81.88,13052,0
FTNT.US,5,20251201,192500,81.89,82.01,81.89,82,13218,0
FTNT.US,5,20251201,193000,82.01,82.035,81.97,82,16166,0
FTNT.US,5,20251201,193500,81.99,82.045,81.99,82.04,11480,0
FTNT.US,5,20251201,194000,82.03,82.06,82.01,82.055,8247,0
FTNT.US,5,20251201,194500,82.07,82.09,82.03,82.0309,10061,0
FTNT.US,5,20251201,195000,82.035,82.09,82.02,82.02,38845,0
FTNT.US,5,20251201,195500,82.022,82.1,82,82.1,10558,0
FTNT.US,5,20251201,200000,82.1,82.1,81.95,81.95,15576,0
FTNT.US,5,20251201,200500,81.96,82.04,81.94,82.04,11416,0
FTNT.US,5,20251201,201000,82.04,82.07,81.98,82,8855,0
FTNT.US,5,20251201,201500,81.98,81.98,81.88,81.9,14798,0
FTNT.US,5,20251201,202000,81.92,81.92,81.735,81.75,13868,0
FTNT.US,5,20251201,202500,81.75,81.76,81.675,81.675,10177,0
FTNT.US,5,20251201,203000,81.68,81.73,81.6,81.73,11904,0
FTNT.US,5,20251201,203500,81.73,81.7699,81.68,81.715,14260,0
FTNT.US,5,20251201,204000,81.7,81.715,81.63,81.64,8145,0
FTNT.US,5,20251201,204500,81.64,81.65,81.57,81.59,10657,0
FTNT.US,5,20251201,205000,81.59,81.6499,81.58,81.64,8408,0
FTNT.US,5,20251201,205500,81.62,81.62,81.55,81.58,8545,0
FTNT.US,5,20251201,210000,81.585,81.645,81.56,81.635,12453,0
FTNT.US,5,20251201,210500,81.645,81.6601,81.62,81.64,15478,0
FTNT.US,5,20251201,211000,81.65,81.71,81.65,81.7,14371,0
FTNT.US,5,20251201,211500,81.68,81.71,81.63,81.685,18072,0
FTNT.US,5,20251201,212000,81.665,81.68,81.6,81.66,17684,0
FTNT.US,5,20251201,212500,81.65,81.73,81.65,81.71,11545,0
FTNT.US,5,20251201,213000,81.71,81.725,81.585,81.6,22016,0
FTNT.US,5,20251201,213500,81.61,81.64,81.58,81.6,14403,0
FTNT.US,5,20251201,214000,81.6,81.66,81.56,81.645,22596,0
FTNT.US,5,20251201,214500,81.64,81.68,81.5501,81.58,31259,0
FTNT.US,5,20251201,215000,81.59,82,81.59,81.97,87886,0
FTNT.US,5,20251201,215500,81.94,82.07,81.765,81.82,1218684,0
FTNT.US,5,20251202,153000,82.51,82.75,82.18,82.485,82534,0
FTNT.US,5,20251202,160500,82.28,82.34,82.28,82.335,5420,0
FTNT.US,5,20251202,161000,82.3351,82.38,82.275,82.38,15270,0
FTNT.US,5,20251202,161500,82.38,82.51,82.36,82.48,14693,0
FTNT.US,5,20251202,162000,82.485,82.65,82.46,82.46,34935,0
FTNT.US,5,20251202,162500,82.465,82.465,82.17,82.22,26747,0
FTNT.US,5,20251202,163000,82.22,82.37,82.15,82.29,24622,0
FTNT.US,5,20251202,163500,82.2794,82.285,82,82.04,20172,0
FTNT.US,5,20251202,164000,82.08,82.3201,82.08,82.3,13628,0
FTNT.US,5,20251202,164500,82.2922,82.465,82.29,82.35,21398,0
FTNT.US,5,20251202,165000,82.3436,82.47,82.33,82.455,25276,0
FTNT.US,5,20251202,165500,82.45,82.61,82.405,82.59,31237,0
FTNT.US,5,20251202,170000,82.58,82.81,82.55,82.77,31397,0
FTNT.US,5,20251202,170500,82.78,82.91,82.77,82.81,39128,0
FTNT.US,5,20251202,171000,82.8,82.84,82.69,82.73,19837,0
FTNT.US,5,20251202,171500,82.71,82.83,82.65,82.68,18965,0
FTNT.US,5,20251202,172000,82.67,82.705,82.52,82.53,14060,0
FTNT.US,5,20251202,172500,82.51,82.56,82.46,82.46,12024,0
FTNT.US,5,20251202,173000,82.445,82.51,82.37,82.445,21543,0
FTNT.US,5,20251202,173500,82.5,82.65,82.48,82.635,5519,0
FTNT.US,5,20251202,174000,82.685,82.726,82.58,82.62,10541,0
FTNT.US,5,20251202,174500,82.62,82.7966,82.62,82.74,14205,0
FTNT.US,5,20251202,175000,82.725,82.765,82.71,82.73,5218,0
FTNT.US,5,20251202,175500,82.74,82.8,82.715,82.715,15190,0
FTNT.US,5,20251202,180000,82.715,83,82.705,82.9,14926,0
FTNT.US,5,20251202,180500,82.8735,83.06,82.86,82.8785,48946,0
FTNT.US,5,20251202,181000,82.86,82.925,82.85,82.88,2662,0
FTNT.US,5,20251202,181500,82.94,83.09,82.93,83.08,9657,0
FTNT.US,5,20251202,182000,83.07,83.125,83.04,83.08,11284,0
FTNT.US,5,20251202,182500,83.07,83.13,83.045,83.08,11351,0
FTNT.US,5,20251202,183000,83.11,83.14,83.08,83.08,6096,0
FTNT.US,5,20251202,183500,83.08,83.09,83.02,83.02,10532,0
FTNT.US,5,20251202,184000,83.03,83.055,82.97,82.99,11929,0
FTNT.US,5,20251202,184500,82.98,83.01,82.93,82.98,14172,0
FTNT.US,5,20251202,185000,82.96,82.98,82.75,82.76,10989,0
FTNT.US,5,20251202,185500,82.75,82.76,82.59,82.61,7657,0
FTNT.US,5,20251202,190000,82.56,82.755,82.56,82.72,20114,0
FTNT.US,5,20251202,190500,82.72,82.79,82.715,82.74,17078,0
FTNT.US,5,20251202,191000,82.73,82.74,82.69,82.74,8180,0
FTNT.US,5,20251202,191500,82.75,82.79,82.7388,82.76,8599,0
FTNT.US,5,20251202,192000,82.75,82.78,82.74,82.75,9967,0
FTNT.US,5,20251202,192500,82.74,82.74,82.63,82.72,17857,0
FTNT.US,5,20251202,193000,82.72,82.775,82.7015,82.74,13774,0
FTNT.US,5,20251202,193500,82.74,82.78,82.72,82.72,24653,0
FTNT.US,5,20251202,194000,82.71,82.72,82.63,82.72,14017,0
FTNT.US,5,20251202,194500,82.7,82.7914,82.6709,82.7914,6144,0
FTNT.US,5,20251202,195000,82.78,82.8216,82.72,82.81,15303,0
FTNT.US,5,20251202,195500,82.82,82.89,82.82,82.88,13058,0
FTNT.US,5,20251202,200000,82.87,82.93,82.86,82.92,11626,0
FTNT.US,5,20251202,200500,82.93,82.95,82.9,82.91,11504,0
FTNT.US,5,20251202,201000,82.93,83.01,82.88,82.975,13445,0
FTNT.US,5,20251202,201500,82.98,83.04,82.96,82.985,10516,0
FTNT.US,5,20251202,202000,82.99,83.005,82.905,82.9151,10610,0
FTNT.US,5,20251202,202500,82.92,82.93,82.87,82.88,9280,0
FTNT.US,5,20251202,203000,82.88,82.9,82.86,82.9,8261,0
FTNT.US,5,20251202,203500,82.91,82.965,82.9,82.92,8617,0
FTNT.US,5,20251202,204000,82.92,82.945,82.89,82.93,11014,0
FTNT.US,5,20251202,204500,82.94,83,82.9,82.94,16618,0
FTNT.US,5,20251202,205000,82.94,83.005,82.93,82.98,17686,0
FTNT.US,5,20251202,205500,82.97,82.99,82.935,82.9711,11509,0
FTNT.US,5,20251202,210000,82.975,82.985,82.915,82.965,11452,0
FTNT.US,5,20251202,210500,82.95,83.005,82.94,83.005,10283,0
FTNT.US,5,20251202,211000,83.015,83.02,82.96,82.98,13743,0
FTNT.US,5,20251202,211500,82.98,83,82.965,82.9829,14763,0
FTNT.US,5,20251202,212000,82.985,83.09,82.985,83.09,14215,0
FTNT.US,5,20251202,212500,83.09,83.13,83.06,83.11,18878,0
FTNT.US,5,20251202,213000,83.12,83.155,83.04,83.06,23037,0
FTNT.US,5,20251202,213500,83.08,83.17,83.065,83.115,23998,0
FTNT.US,5,20251202,214000,83.105,83.225,83.083,83.22,29008,0
FTNT.US,5,20251202,214500,83.225,83.265,83.195,83.21,39178,0
FTNT.US,5,20251202,215000,83.2,83.2,82.91,82.93,68794,0
FTNT.US,5,20251202,215500,82.94,83.055,82.94,82.94,1068750,0
FTNT.US,5,20251203,153000,82.035,82.33,81.59,82.225,115903,0
FTNT.US,5,20251203,153500,82.1,82.5,81.955,82.47,17590,0
FTNT.US,5,20251203,154000,82.51,82.64,82.34,82.42,12311,0
FTNT.US,5,20251203,154500,82.42,82.46,82.34,82.4,15234,0
FTNT.US,5,20251203,155000,82.35,82.44,82.21,82.42,39384,0
FTNT.US,5,20251203,155500,82.425,82.425,82.24,82.31,28618,0
FTNT.US,5,20251203,160000,82.34,82.475,82.29,82.38,24432,0
FTNT.US,5,20251203,160500,82.34,82.34,81.94,81.94,25839,0
FTNT.US,5,20251203,161000,81.915,82.04,81.88,81.905,16686,0
FTNT.US,5,20251203,161500,81.92,81.995,81.84,81.84,26869,0
FTNT.US,5,20251203,162000,81.88,81.93,81.66,81.66,56506,0
FTNT.US,5,20251203,162500,81.69,81.9,81.64,81.72,52015,0
FTNT.US,5,20251203,163000,81.71,81.76,81.56,81.651,22880,0
FTNT.US,5,20251203,163500,81.71,81.785,81.655,81.665,23327,0
FTNT.US,5,20251203,164000,81.69,81.7,81.59,81.66,19974,0
FTNT.US,5,20251203,164500,81.69,81.69,81.57,81.66,19506,0
FTNT.US,5,20251203,165000,81.68,81.7599,81.608,81.608,14829,0
FTNT.US,5,20251203,165500,81.59,81.63,81.42,81.42,30092,0
FTNT.US,5,20251203,170000,81.44,81.64,81.44,81.62,16385,0
FTNT.US,5,20251203,170500,81.61,81.62,81.51,81.51,12271,0
FTNT.US,5,20251203,171000,81.51,81.6,81.43,81.57,17575,0
FTNT.US,5,20251203,171500,81.57,82.03,81.56,82,57347,0
FTNT.US,5,20251203,172000,81.98,82.0357,81.87,81.91,25635,0
FTNT.US,5,20251203,172500,81.905,82.11,81.9,82.11,13495,0
FTNT.US,5,20251203,173000,82.1,82.2327,82.03,82.21,45670,0
FTNT.US,5,20251203,173500,82.23,82.26,82.15,82.2,16806,0
FTNT.US,5,20251203,174000,82.19,82.3,82.15,82.29,14058,0
FTNT.US,5,20251203,174500,82.27,82.445,82.27,82.33,12448,0
FTNT.US,5,20251203,175000,82.3,82.3,82.21,82.23,8200,0
FTNT.US,5,20251203,175500,82.22,82.25,82.18,82.25,6499,0
FTNT.US,5,20251203,180000,82.25,82.355,82.229,82.355,3695,0
FTNT.US,5,20251203,180500,82.38,82.39,82.2596,82.31,6798,0
FTNT.US,5,20251203,181000,82.29,82.39,82.29,82.345,4719,0
FTNT.US,5,20251203,181500,82.355,82.37,82.3,82.34,10101,0
FTNT.US,5,20251203,182000,82.36,82.51,82.36,82.5,10489,0
FTNT.US,5,20251203,182500,82.495,82.6664,82.495,82.64,12218,0
FTNT.US,5,20251203,183000,82.65,82.66,82.55,82.55,9412,0
FTNT.US,5,20251203,183500,82.54,82.57,82.47,82.5536,12876,0
FTNT.US,5,20251203,184000,82.53,82.53,82.445,82.46,13329,0
FTNT.US,5,20251203,184500,82.47,82.4935,82.42,82.46,4667,0
FTNT.US,5,20251203,185000,82.4507,82.4507,82.36,82.36,10156,0
FTNT.US,5,20251203,185500,82.36,82.38,82.3,82.3255,7764,0
FTNT.US,5,20251203,190000,82.335,82.36,82.145,82.145,17912,0
FTNT.US,5,20251203,190500,82.145,82.24,82.1399,82.18,14319,0
FTNT.US,5,20251203,191000,82.17,82.23,82.135,82.23,9171,0
FTNT.US,5,20251203,191500,82.24,82.25,82.15,82.21,25402,0
FTNT.US,5,20251203,192000,82.2,82.22,82.13,82.15,8680,0
FTNT.US,5,20251203,192500,82.16,82.36,82.16,82.34,8613,0
FTNT.US,5,20251203,193000,82.37,82.48,82.325,82.46,10117,0
FTNT.US,5,20251203,193500,82.45,82.45,82.37,82.41,9365,0
FTNT.US,5,20251203,194000,82.41,82.51,82.39,82.51,7209,0
FTNT.US,5,20251203,194500,82.52,82.52,82.39,82.39,19423,0
FTNT.US,5,20251203,195000,82.36,82.43,82.28,82.3,16692,0
FTNT.US,5,20251203,195500,82.31,82.33,82.2,82.29,26095,0
FTNT.US,5,20251203,200000,82.31,82.36,82.23,82.335,15094,0
FTNT.US,5,20251203,200500,82.325,82.325,82.25,82.27,10917,0
FTNT.US,5,20251203,201000,82.27,82.3019,82.26,82.3,6424,0
FTNT.US,5,20251203,201500,82.3,82.31,82.2,82.31,13056,0
FTNT.US,5,20251203,202000,82.29,82.42,82.29,82.41,11202,0
FTNT.US,5,20251203,202500,82.4,82.53,82.395,82.5217,10297,0
FTNT.US,5,20251203,203000,82.525,82.57,82.5,82.55,8681,0
FTNT.US,5,20251203,203500,82.54,82.55,82.46,82.4801,18989,0
FTNT.US,5,20251203,204000,82.49,82.57,82.49,82.57,7851,0
FTNT.US,5,20251203,204500,82.57,82.58,82.54,82.5656,7107,0
FTNT.US,5,20251203,205000,82.57,82.61,82.554,82.565,8249,0
FTNT.US,5,20251203,205500,82.56,82.63,82.555,82.62,15000,0
FTNT.US,5,20251203,210000,82.625,82.6416,82.57,82.61,12203,0
FTNT.US,5,20251203,210500,82.625,82.66,82.61,82.65,7890,0
FTNT.US,5,20251203,211000,82.66,82.78,82.66,82.75,15950,0
FTNT.US,5,20251203,211500,82.75,82.77,82.735,82.75,16606,0
FTNT.US,5,20251203,212000,82.76,82.88,82.76,82.83,28416,0
FTNT.US,5,20251203,212500,82.84,82.87,82.805,82.85,20188,0
FTNT.US,5,20251203,213000,82.85,82.96,82.84,82.91,15603,0
FTNT.US,5,20251203,213500,82.91,82.945,82.8,82.8,25391,0
FTNT.US,5,20251203,214000,82.79,82.795,82.64,82.7,37341,0
FTNT.US,5,20251203,214500,82.725,82.8,82.64,82.79,38413,0
FTNT.US,5,20251203,215000,82.79,82.95,82.68,82.705,135791,0
FTNT.US,5,20251203,215500,82.71,82.78,82.63,82.76,1385124,0
FTNT.US,5,20251204,153000,82.98,83.165,82.47,82.51,102845,0
FTNT.US,5,20251204,153500,82.48,82.86,82.41,82.84,55814,0
FTNT.US,5,20251204,154000,82.85,83.081,82.84,82.9,15835,0
FTNT.US,5,20251204,154500,82.935,83.23,82.935,83.105,30221,0
FTNT.US,5,20251204,155000,83.11,83.37,82.98,83.3,24875,0
FTNT.US,5,20251204,155500,83.32,83.42,83.1365,83.165,13746,0
FTNT.US,5,20251204,160000,83.185,83.315,83.14,83.23,18627,0
FTNT.US,5,20251204,160500,83.22,83.34,83.02,83.215,72367,0
FTNT.US,5,20251204,161000,83.22,83.39,83.14,83.275,27971,0
FTNT.US,5,20251204,161500,83.28,83.44,83.265,83.315,11916,0
FTNT.US,5,20251204,162000,83.315,83.675,83.27,83.59,59373,0
FTNT.US,5,20251204,162500,83.6,83.71,83.485,83.695,18584,0
FTNT.US,5,20251204,163000,83.695,83.797,83.66,83.69,24131,0
FTNT.US,5,20251204,163500,83.685,83.855,83.59,83.81,19311,0
FTNT.US,5,20251204,164000,83.84,84.08,83.84,84.04,43074,0
FTNT.US,5,20251204,164500,84.04,84.04,83.81,84.0236,54388,0
FTNT.US,5,20251204,165000,84.03,84.0874,83.94,84.075,31030,0
FTNT.US,5,20251204,165500,84.07,84.095,84,84.02,22677,0
FTNT.US,5,20251204,170000,84.01,84.22,84.01,84.115,55472,0
FTNT.US,5,20251204,170500,84.1,84.14,83.98,84,61585,0
FTNT.US,5,20251204,171000,84.02,84.2,83.95,84.2,57922,0
FTNT.US,5,20251204,171500,84.2,84.225,84.1,84.16,35569,0
FTNT.US,5,20251204,172000,84.17,84.45,84.15,84.38,327948,0
FTNT.US,5,20251204,172500,84.39,84.42,84.245,84.42,35767,0
FTNT.US,5,20251204,173000,84.41,84.474,84.395,84.44,11409,0
FTNT.US,5,20251204,173500,84.44,84.55,84.44,84.515,22645,0
FTNT.US,5,20251204,174000,84.505,84.54,84.425,84.46,18942,0
FTNT.US,5,20251204,174500,84.47,84.49,84.36,84.41,39763,0
FTNT.US,5,20251204,175000,84.42,84.67,84.41,84.655,29396,0
FTNT.US,5,20251204,175500,84.655,84.72,84.53,84.605,23980,0
FTNT.US,5,20251204,180000,84.6,84.68,84.52,84.53,13476,0
FTNT.US,5,20251204,180500,84.53,84.53,84.35,84.38,17534,0
FTNT.US,5,20251204,181000,84.385,84.58,84.35,84.5,135464,0
FTNT.US,5,20251204,181500,84.51,84.69,84.48,84.66,34520,0
FTNT.US,5,20251204,182000,84.66,84.72,84.64,84.645,24311,0
FTNT.US,5,20251204,182500,84.645,84.74,84.62,84.685,28127,0
FTNT.US,5,20251204,183000,84.7,84.8,84.665,84.7,81520,0
FTNT.US,5,20251204,183500,84.7,84.755,84.67,84.68,15359,0
FTNT.US,5,20251204,184000,84.67,84.72,84.59,84.705,17263,0
FTNT.US,5,20251204,184500,84.7017,84.71,84.6,84.66,16163,0
FTNT.US,5,20251204,185000,84.69,84.975,84.67,84.965,40337,0
FTNT.US,5,20251204,185500,84.96,85.11,84.95,85.0382,45863,0
FTNT.US,5,20251204,190000,85.04,85.08,84.99,85,18454,0
FTNT.US,5,20251204,190500,85,85.025,84.94,85,20398,0
FTNT.US,5,20251204,191000,85,85.045,84.945,85.0394,28201,0
FTNT.US,5,20251204,191500,85.04,85.07,84.99,85.015,17587,0
FTNT.US,5,20251204,192000,85.01,85.085,85,85.0607,16427,0
FTNT.US,5,20251204,192500,85.06,85.175,85.06,85.15,25860,0
FTNT.US,5,20251204,193000,85.15,85.15,85.025,85.03,18717,0
FTNT.US,5,20251204,193500,85.03,85.03,84.8,84.81,32087,0
FTNT.US,5,20251204,194000,84.8,84.81,84.685,84.705,16600,0
FTNT.US,5,20251204,194500,84.71,84.97,84.71,84.94,22944,0
FTNT.US,5,20251204,195000,84.94,84.99,84.8913,84.96,25821,0
FTNT.US,5,20251204,195500,84.9501,84.99,84.905,84.96,19711,0
FTNT.US,5,20251204,200000,84.97,84.99,84.935,84.935,19073,0
FTNT.US,5,20251204,200500,84.94,84.965,84.84,84.84,20567,0
FTNT.US,5,20251204,201000,84.845,84.86,84.7801,84.8,13471,0
FTNT.US,5,20251204,201500,84.79,84.8,84.6,84.6,14320,0
FTNT.US,5,20251204,202000,84.59,84.6,84.43,84.525,10785,0
FTNT.US,5,20251204,202500,84.56,84.74,84.56,84.735,23356,0
FTNT.US,5,20251204,203000,84.72,84.87,84.72,84.85,12269,0
FTNT.US,5,20251204,203500,84.86,84.99,84.86,84.97,16906,0
FTNT.US,5,20251204,204000,84.99,85.03,84.98,85,35335,0
FTNT.US,5,20251204,204500,85,85.06,84.98,85.01,14480,0
FTNT.US,5,20251204,205000,85.015,85.045,84.97,85.01,18804,0
FTNT.US,5,20251204,205500,85.01,85.0373,84.96,85.015,21428,0
FTNT.US,5,20251204,210000,85.02,85.035,84.97,84.97,20686,0
FTNT.US,5,20251204,210500,84.96,84.975,84.89,84.97,30702,0
FTNT.US,5,20251204,211000,84.97,85.01,84.91,85.01,27374,0
FTNT.US,5,20251204,211500,85.01,85.1,85.005,85.1,37663,0
FTNT.US,5,20251204,212000,85.095,85.11,85.035,85.11,26426,0
FTNT.US,5,20251204,212500,85.1182,85.145,85.035,85.04,28781,0
FTNT.US,5,20251204,213000,85.03,85.09,85.005,85.08,33403,0
FTNT.US,5,20251204,213500,85.07,85.129,85.07,85.115,38580,0
FTNT.US,5,20251204,214000,85.115,85.13,85.045,85.11,46537,0
FTNT.US,5,20251204,214500,85.0979,85.215,85.0724,85.165,51563,0
FTNT.US,5,20251204,215000,85.17,85.24,84.93,85.14,314197,0
FTNT.US,5,20251204,215500,85.135,85.21,84.97,85.18,1808198,0
FTNT.US,5,20251205,153000,85.54,85.86,85.4,85.77,113023,0
FTNT.US,5,20251205,153500,85.76,85.83,85.425,85.475,91076,0
FTNT.US,5,20251205,154000,85.5059,85.73,85.35,85.65,36396,0
FTNT.US,5,20251205,154500,85.69,85.7,85.197,85.38,134677,0
FTNT.US,5,20251205,155000,85.4,85.47,85.3,85.4115,16808,0
FTNT.US,5,20251205,155500,85.44,85.6,85.39,85.53,18994,0
FTNT.US,5,20251205,160000,85.54,85.59,85.38,85.59,17924,0
FTNT.US,5,20251205,160500,85.61,85.92,85.61,85.89,26040,0
FTNT.US,5,20251205,161000,85.88,86.095,85.875,86.095,24451,0
FTNT.US,5,20251205,161500,86.08,86.2,86.065,86.15,17407,0
FTNT.US,5,20251205,162000,86.17,86.2787,86.1,86.25,13726,0
FTNT.US,5,20251205,162500,86.25,86.265,86.1576,86.17,15585,0
FTNT.US,5,20251205,163000,86.16,86.42,86.16,86.35,26796,0
FTNT.US,5,20251205,163500,86.35,86.39,86.27,86.35,10824,0
FTNT.US,5,20251205,164000,86.34,86.575,86.31,86.51,28023,0
FTNT.US,5,20251205,164500,86.5,86.5,86.413,86.47,11999,0
FTNT.US,5,20251205,165000,86.47,86.5,86.37,86.45,43792,0
FTNT.US,5,20251205,165500,86.44,86.455,86.27,86.435,72447,0
FTNT.US,5,20251205,170000,86.46,86.49,86.16,86.16,55368,0
FTNT.US,5,20251205,170500,86.145,86.23,86.0706,86.15,21405,0
FTNT.US,5,20251205,171000,86.16,86.325,86.15,86.24,33740,0
FTNT.US,5,20251205,171500,86.21,86.21,85.97,86.08,109003,0
FTNT.US,5,20251205,172000,86.05,86.14,85.98,86.09,12149,0
FTNT.US,5,20251205,172500,86.09,86.23,86.03,86.13,30779,0
FTNT.US,5,20251205,173000,86.085,86.2,86.01,86.1201,79929,0
FTNT.US,5,20251205,173500,86.135,86.15,86.03,86.105,60336,0
FTNT.US,5,20251205,174000,86.105,86.16,86.05,86.06,42116,0
FTNT.US,5,20251205,174500,86.07,86.18,86.0179,86.18,57769,0
FTNT.US,5,20251205,175000,86.19,86.3372,86.1643,86.28,13214,0
FTNT.US,5,20251205,175500,86.23,86.41,86.23,86.34,22874,0
FTNT.US,5,20251205,180000,86.33,86.44,86.32,86.4,12420,0
FTNT.US,5,20251205,180500,86.37,86.405,86.3,86.3,8819,0
FTNT.US,5,20251205,181000,86.31,86.33,86.2401,86.3,10540,0
FTNT.US,5,20251205,181500,86.3,86.47,86.28,86.41,27362,0
FTNT.US,5,20251205,182000,86.42,86.43,86.36,86.38,33566,0
FTNT.US,5,20251205,182500,86.3601,86.454,86.3601,86.4396,12759,0
FTNT.US,5,20251205,183000,86.44,86.46,86.4,86.45,11311,0
FTNT.US,5,20251205,183500,86.45,86.46,86.26,86.37,18681,0
FTNT.US,5,20251205,184000,86.365,86.37,86.245,86.245,9790,0
FTNT.US,5,20251205,184500,86.245,86.32,86.17,86.2,11622,0
FTNT.US,5,20251205,185000,86.2043,86.415,86.2043,86.32,34959,0
FTNT.US,5,20251205,185500,86.33,86.495,86.3,86.39,21347,0
FTNT.US,5,20251205,190000,86.38,86.42,86.3,86.42,12828,0
FTNT.US,5,20251205,190500,86.419,86.54,86.39,86.53,28032,0
FTNT.US,5,20251205,191000,86.53,86.53,86.39,86.44,11920,0
FTNT.US,5,20251205,191500,86.419,86.425,86.32,86.385,50178,0
FTNT.US,5,20251205,192000,86.385,86.45,86.35,86.425,32850,0
FTNT.US,5,20251205,192500,86.4,86.52,86.4,86.51,7987,0
FTNT.US,5,20251205,193000,86.51,86.62,86.51,86.6178,12743,0
FTNT.US,5,20251205,193500,86.62,86.64,86.53,86.57,9850,0
FTNT.US,5,20251205,194000,86.57,86.58,86.5,86.58,17626,0
FTNT.US,5,20251205,194500,86.575,86.62,86.55,86.611,11626,0
FTNT.US,5,20251205,195000,86.63,86.63,86.53,86.57,9827,0
FTNT.US,5,20251205,195500,86.55,86.6199,86.55,86.6,10870,0
FTNT.US,5,20251205,200000,86.58,86.58,86.53,86.53,10775,0
FTNT.US,5,20251205,200500,86.515,86.625,86.48,86.62,23398,0
FTNT.US,5,20251205,201000,86.61,86.66,86.595,86.62831,15507,0
FTNT.US,5,20251205,201500,86.62,86.63,86.58,86.59,50308,0
FTNT.US,5,20251205,202000,86.59,86.625,86.55,86.58,20392,0
FTNT.US,5,20251205,202500,86.585,86.615,86.55,86.56,18160,0
FTNT.US,5,20251205,203000,86.57,86.629,86.55,86.59,23437,0
FTNT.US,5,20251205,203500,86.6,86.685,86.59,86.685,20618,0
FTNT.US,5,20251205,204000,86.69,86.725,86.635,86.66,12819,0
FTNT.US,5,20251205,204500,86.645,86.67,86.61,86.65,15585,0
FTNT.US,5,20251205,205000,86.655,86.7,86.655,86.7,8621,0
FTNT.US,5,20251205,205500,86.7,86.81,86.7,86.78,71440,0
FTNT.US,5,20251205,210000,86.785,86.89,86.775,86.855,20168,0
FTNT.US,5,20251205,210500,86.8493,86.85,86.65,86.695,23581,0
FTNT.US,5,20251205,211000,86.695,86.79,86.68,86.705,29927,0
FTNT.US,5,20251205,211500,86.71,86.84,86.7,86.84,35973,0
FTNT.US,5,20251205,212000,86.85,86.87,86.78,86.78,25764,0
FTNT.US,5,20251205,212500,86.78,86.795,86.691,86.765,43811,0
FTNT.US,5,20251205,213000,86.765,86.82,86.73,86.76,44315,0
FTNT.US,5,20251205,213500,86.765,86.805,86.73,86.74,33626,0
FTNT.US,5,20251205,214000,86.75,86.76,86.72,86.745,47474,0
FTNT.US,5,20251205,214500,86.745,86.83,86.671,86.775,79157,0
FTNT.US,5,20251205,215000,86.775,86.85,86.47,86.8,188522,0
FTNT.US,5,20251205,215500,86.79,86.94,86.72,86.92,1497915,0
FTNT.US,5,20251208,153000,86.96,87,86.26,86.42,112074,0
FTNT.US,5,20251208,153500,86.37,86.75,86.37,86.54,24605,0
FTNT.US,5,20251208,154000,86.54,86.82,86.48,86.82,23160,0
FTNT.US,5,20251208,154500,86.78,86.78,86.575,86.73,34736,0
FTNT.US,5,20251208,155000,86.76,86.9,86.55,86.62,25304,0
FTNT.US,5,20251208,155500,86.595,86.965,86.45,86.965,34303,0
FTNT.US,5,20251208,160000,86.94,87.04,86.845,86.845,33592,0
FTNT.US,5,20251208,160500,86.845,86.93,86.82,86.82,15136,0
FTNT.US,5,20251208,161000,86.8,86.935,86.685,86.71,56732,0
FTNT.US,5,20251208,161500,86.705,86.965,86.62,86.945,92552,0
FTNT.US,5,20251208,162000,86.96,87.105,86.9175,86.97,29978,0
FTNT.US,5,20251208,162500,86.97275,87.07,86.79,87.02,24488,0
FTNT.US,5,20251208,163000,87.01,87.01,86.885,86.91,18778,0
FTNT.US,5,20251208,163500,86.9,86.9,86.67,86.75,21519,0
FTNT.US,5,20251208,164000,86.73,86.759,86.58,86.6,26030,0
FTNT.US,5,20251208,164500,86.59,86.655,86.29,86.35,29254,0
FTNT.US,5,20251208,165000,86.35,86.36,85.87,86.015,33087,0
FTNT.US,5,20251208,165500,86.015,86.085,85.84,85.88,29324,0
FTNT.US,5,20251208,170000,85.84,85.84,85.425,85.46,26478,0
FTNT.US,5,20251208,170500,85.44,85.69,85.36,85.665,38376,0
FTNT.US,5,20251208,171000,85.65,85.65,85.215,85.24,42112,0
FTNT.US,5,20251208,171500,85.23,85.36,85.1069,85.1069,47172,0
FTNT.US,5,20251208,172000,85.115,85.155,84.845,84.845,49860,0
FTNT.US,5,20251208,172500,84.845,84.94,84.605,84.605,70769,0
FTNT.US,5,20251208,173000,84.59,84.64,84.25,84.31,76024,0
FTNT.US,5,20251208,173500,84.3,84.46,84.01,84.25,61980,0
FTNT.US,5,20251208,174000,84.25,84.285,84,84.19,62633,0
FTNT.US,5,20251208,174500,84.19,84.27,84.06,84.135,32595,0
FTNT.US,5,20251208,175000,84.15,84.33,84.12,84.29,35391,0
FTNT.US,5,20251208,175500,84.27,84.42,84.2,84.39,48012,0
FTNT.US,5,20251208,180000,84.37,84.375,83.9,83.98,50352,0
FTNT.US,5,20251208,180500,83.94,84.42,83.9,84.3966,27308,0
FTNT.US,5,20251208,181000,84.39,84.705,84.31,84.575,42672,0
FTNT.US,5,20251208,181500,84.57,84.74,84.47,84.6635,25898,0
FTNT.US,5,20251208,182000,84.65,84.7533,84.57,84.65,21904,0
FTNT.US,5,20251208,182500,84.64,84.73,84.44,84.6,32856,0
FTNT.US,5,20251208,183000,84.6,84.68,84.5,84.63,22656,0
FTNT.US,5,20251208,183500,84.64,84.77,84.635,84.6827,22426,0
FTNT.US,5,20251208,184000,84.685,84.84,84.67,84.79,13925,0
FTNT.US,5,20251208,184500,84.775,84.78,84.69,84.7642,12262,0
FTNT.US,5,20251208,185000,84.765,84.885,84.76,84.885,16799,0
FTNT.US,5,20251208,185500,84.89,84.96,84.77,84.82,26593,0
FTNT.US,5,20251208,190000,84.81,84.84,84.54,84.57,18894,0
FTNT.US,5,20251208,190500,84.57,84.65,84.53,84.58,15969,0
FTNT.US,5,20251208,191000,84.59,84.73,84.53,84.53,18667,0
FTNT.US,5,20251208,191500,84.52,84.61,84.42,84.47,39808,0
FTNT.US,5,20251208,192000,84.47,84.48,84.38,84.4,12100,0
FTNT.US,5,20251208,192500,84.4,84.41,84.25,84.27,18503,0
FTNT.US,5,20251208,193000,84.27,84.4,84.25,84.35,17040,0
FTNT.US,5,20251208,193500,84.36,84.5,84.32,84.5,19403,0
FTNT.US,5,20251208,194000,84.5,84.685,84.47,84.65,32511,0
FTNT.US,5,20251208,194500,84.67,84.755,84.51,84.515,34739,0
FTNT.US,5,20251208,195000,84.5122,84.56,84.41,84.42,15750,0
FTNT.US,5,20251208,195500,84.42,84.42,84.24,84.32,13117,0
FTNT.US,5,20251208,200000,84.318,84.37,84.265,84.33,16281,0
FTNT.US,5,20251208,200500,84.325,84.325,84.16,84.2,24491,0
FTNT.US,5,20251208,201000,84.218,84.295,84.195,84.235,10599,0
FTNT.US,5,20251208,201500,84.24,84.2834,84.2,84.28,14514,0
FTNT.US,5,20251208,202000,84.305,84.35,84.28,84.334,14763,0
FTNT.US,5,20251208,202500,84.349,84.349,84.235,84.24,11440,0
FTNT.US,5,20251208,203000,84.23,84.26,84.12,84.16,27483,0
FTNT.US,5,20251208,203500,84.17,84.22,84.15,84.19,15398,0
FTNT.US,5,20251208,204000,84.19,84.275,84.145,84.24,13240,0
FTNT.US,5,20251208,204500,84.24,84.39,84.22,84.3,19266,0
FTNT.US,5,20251208,205000,84.305,84.32,84.195,84.27,15844,0
FTNT.US,5,20251208,205500,84.27,84.27,83.985,84.03,57841,0
FTNT.US,5,20251208,210000,84.035,84.16,83.88,83.93,40848,0
FTNT.US,5,20251208,210500,83.93,83.96,83.88,83.88,24018,0
FTNT.US,5,20251208,211000,83.875,83.9848,83.875,83.88,29271,0
FTNT.US,5,20251208,211500,83.89,84,83.84,83.975,34423,0
FTNT.US,5,20251208,212000,83.97,83.97,83.89,83.96,26174,0
FTNT.US,5,20251208,212500,83.95,83.95,83.815,83.83,33898,0
FTNT.US,5,20251208,213000,83.825,83.86,83.74,83.825,45676,0
FTNT.US,5,20251208,213500,83.825,83.88,83.75,83.845,42436,0
FTNT.US,5,20251208,214000,83.84,83.89,83.78,83.81,53439,0
FTNT.US,5,20251208,214500,83.82,83.83,83.7,83.71,63244,0
FTNT.US,5,20251208,215000,83.71,83.83,83.45,83.49,150601,0
FTNT.US,5,20251208,215500,83.5,83.54,83.26,83.53,1209897,0
FTNT.US,5,20251209,153000,83.09,83.14,82.31,82.325,146198,0
FTNT.US,5,20251209,153500,82.3,83.09,82.15,83,63677,0
FTNT.US,5,20251209,154000,83.03,83.1208,82.9,83,35039,0
FTNT.US,5,20251209,154500,82.95,83.115,82.855,83.07,35371,0
FTNT.US,5,20251209,155000,83.05,83.5643,83.01,83.56,46065,0
FTNT.US,5,20251209,155500,83.555,83.756,83.46,83.63,27619,0
FTNT.US,5,20251209,160000,83.63,83.92,83.58,83.91,20924,0
FTNT.US,5,20251209,160500,83.86,83.87,83.58,83.81,25133,0
FTNT.US,5,20251209,161000,83.83,83.97,83.83,83.95,21029,0
FTNT.US,5,20251209,161500,83.96,84.005,83.78,83.84,24517,0
FTNT.US,5,20251209,162000,83.84,83.855,83.67,83.685,9580,0
FTNT.US,5,20251209,162500,83.67,83.67,83.43,83.43,23838,0
FTNT.US,5,20251209,163000,83.42,83.58,83.38,83.54,13722,0
FTNT.US,5,20251209,163500,83.55,83.71,83.5,83.71,14159,0
FTNT.US,5,20251209,164000,83.69,83.88,83.68,83.88,8963,0
FTNT.US,5,20251209,164500,83.86,83.87,83.57,83.69,21190,0
FTNT.US,5,20251209,165000,83.69,83.76,83.655,83.685,7038,0
FTNT.US,5,20251209,165500,83.71,83.94,83.71,83.9269,10468,0
FTNT.US,5,20251209,170000,83.91,83.965,83.84,83.965,8908,0
FTNT.US,5,20251209,170500,83.975,84,83.83,83.9,10936,0
FTNT.US,5,20251209,171000,83.8959,83.98,83.865,83.98,11466,0
FTNT.US,5,20251209,171500,84.08,84.12,83.96,84.02,39563,0
FTNT.US,5,20251209,172000,84.02,84.12,83.93,84.12,29972,0
FTNT.US,5,20251209,172500,84.13,84.145,83.95,84.01,25112,0
FTNT.US,5,20251209,173000,84,84.1,83.995,84.005,10582,0
FTNT.US,5,20251209,173500,83.99,84.04,83.935,84.01,16382,0
FTNT.US,5,20251209,174000,84,84.155,83.99,84.02,16569,0
FTNT.US,5,20251209,174500,84.03,84.09,83.965,84.075,28486,0
FTNT.US,5,20251209,175000,84.09,84.14,83.99,84.13,33238,0
FTNT.US,5,20251209,175500,84.13,84.15,84.0504,84.0504,10620,0
FTNT.US,5,20251209,180000,84.08,84.12,84.04,84.04,17080,0
FTNT.US,5,20251209,180500,84.06,84.075,84.03,84.0598,8512,0
FTNT.US,5,20251209,181000,84.06,84.06,83.99,83.995,11090,0
FTNT.US,5,20251209,181500,83.98,83.98,83.865,83.88,7206,0
FTNT.US,5,20251209,182000,83.87,83.87,83.79,83.82,9436,0
FTNT.US,5,20251209,182500,83.83,83.8404,83.72,83.785,6996,0
FTNT.US,5,20251209,183000,83.785,83.83,83.71,83.715,12495,0
FTNT.US,5,20251209,183500,83.71,83.73,83.661,83.73,4637,0
FTNT.US,5,20251209,184000,83.71,83.71,83.67,83.7,10766,0
FTNT.US,5,20251209,184500,83.68,83.7,83.65,83.7,8216,0
FTNT.US,5,20251209,185000,83.7,83.75,83.69,83.74,7832,0
FTNT.US,5,20251209,185500,83.7461,83.8,83.714,83.8,6469,0
FTNT.US,5,20251209,190000,83.8,83.83,83.78,83.78,7231,0
FTNT.US,5,20251209,190500,83.74,83.77,83.67,83.69,11225,0
FTNT.US,5,20251209,191000,83.71,83.78,83.685,83.75,17286,0
FTNT.US,5,20251209,191500,83.77,83.79,83.71,83.76,8718,0
FTNT.US,5,20251209,192000,83.76,83.895,83.76,83.8801,10719,0
FTNT.US,5,20251209,192500,83.89,83.94,83.89,83.925,6337,0
FTNT.US,5,20251209,193000,83.93,83.9319,83.78,83.7926,13850,0
FTNT.US,5,20251209,193500,83.78,83.78,83.58,83.6,22469,0
FTNT.US,5,20251209,194000,83.635,83.78,83.63,83.73,8569,0
FTNT.US,5,20251209,194500,83.73,83.82,83.69,83.82,7231,0
FTNT.US,5,20251209,195000,83.8,83.9,83.78,83.865,9054,0
FTNT.US,5,20251209,195500,83.87,83.98,83.87,83.96,9586,0
FTNT.US,5,20251209,200000,83.96,83.97,83.89,83.89,5958,0
FTNT.US,5,20251209,200500,83.8952,83.91,83.82,83.86,9109,0
FTNT.US,5,20251209,201000,83.82,83.82,83.77,83.81,6122,0
FTNT.US,5,20251209,201500,83.8038,83.85,83.8,83.825,4186,0
FTNT.US,5,20251209,202000,83.8151,83.84,83.8,83.81,3267,0
FTNT.US,5,20251209,202500,83.81,83.81,83.721,83.765,6970,0
FTNT.US,5,20251209,203000,83.755,83.76,83.65,83.6647,9706,0
FTNT.US,5,20251209,203500,83.67,83.755,83.52,83.725,42818,0
FTNT.US,5,20251209,204000,83.73,83.76,83.635,83.65,9431,0
FTNT.US,5,20251209,204500,83.64,83.665,83.6,83.6137,11329,0
FTNT.US,5,20251209,205000,83.62,83.75,83.62,83.7401,4775,0
FTNT.US,5,20251209,205500,83.73,83.789,83.73,83.75,5919,0
FTNT.US,5,20251209,210000,83.74,83.78,83.729,83.729,10509,0
FTNT.US,5,20251209,210500,83.72,83.7242,83.65,83.68,21583,0
FTNT.US,5,20251209,211000,83.685,83.73,83.65,83.6545,11617,0
FTNT.US,5,20251209,211500,83.655,83.78,83.655,83.78,15848,0
FTNT.US,5,20251209,212000,83.778,83.82,83.76,83.78,13051,0
FTNT.US,5,20251209,212500,83.7777,83.97,83.765,83.86,25643,0
FTNT.US,5,20251209,213000,83.84,83.875,83.7541,83.84,15560,0
FTNT.US,5,20251209,213500,83.839,83.9,83.82,83.9,12413,0
FTNT.US,5,20251209,214000,83.897,83.92,83.835,83.915,18732,0
FTNT.US,5,20251209,214500,83.91,83.91,83.79,83.858,20019,0
FTNT.US,5,20251209,215000,83.86,83.87,83.53,83.6346,47878,0
FTNT.US,5,20251209,215500,83.64,83.66,83.4,83.5,1111171,0
FTNT.US,5,20251210,153000,82.9,83.22,82.87,82.935,113735,0
FTNT.US,5,20251210,153500,82.89,82.9,82.53,82.835,87745,0
FTNT.US,5,20251210,154000,82.8378,82.8378,81.65,81.71,293473,0
FTNT.US,5,20251210,154500,81.75,82.23,81.5356,81.63,63829,0
FTNT.US,5,20251210,155000,81.65,81.68,80.94,80.9927,105372,0
FTNT.US,5,20251210,155500,81.0115,81.1,80.48,80.575,112293,0
FTNT.US,5,20251210,160000,80.5,80.89,80.41,80.685,182528,0
FTNT.US,5,20251210,160500,80.685,80.7999,80.47,80.7,83809,0
FTNT.US,5,20251210,161000,80.71,80.73,80.24,80.27,74123,0
FTNT.US,5,20251210,161500,80.29,80.98,80.25,80.915,106690,0
FTNT.US,5,20251210,162000,80.89,81.07,80.67,81.03,59546,0
FTNT.US,5,20251210,162500,81.06,81.12,80.775,80.8801,56327,0
FTNT.US,5,20251210,163000,80.85,81.13,80.77,81.03,40303,0
FTNT.US,5,20251210,163500,81.03,81.5,81.02,81.31,98045,0
FTNT.US,5,20251210,164000,81.34,81.69,81.34,81.665,58744,0
FTNT.US,5,20251210,164500,81.66,82.04,81.63,82.04,43521,0
FTNT.US,5,20251210,165000,82.03,82.27,81.99,82.11,41278,0
FTNT.US,5,20251210,165500,82.09,82.13,81.73,81.89,84040,0
FTNT.US,5,20251210,170000,81.87,82.09,81.725,82,26946,0
FTNT.US,5,20251210,170500,82.01,82.11,81.935,81.97,38990,0
FTNT.US,5,20251210,171000,81.92,81.92,81.75,81.855,25127,0
FTNT.US,5,20251210,171500,81.89,81.96,81.64,81.73,29950,0
FTNT.US,5,20251210,172000,81.68,81.79,81.56,81.78,36641,0
FTNT.US,5,20251210,172500,81.8,81.84,81.66,81.73,30866,0
FTNT.US,5,20251210,173000,81.73,81.73,81.56,81.71,22845,0
FTNT.US,5,20251210,173500,81.71,81.77,81.61,81.695,13297,0
FTNT.US,5,20251210,174000,81.68,81.83,81.6,81.74,21375,0
FTNT.US,5,20251210,174500,81.73,81.73,81.5204,81.54,28402,0
FTNT.US,5,20251210,175000,81.52,81.58,81.42,81.52,23791,0
FTNT.US,5,20251210,175500,81.52,81.59246,81.46,81.535,17850,0
FTNT.US,5,20251210,180000,81.52,81.5999,81.505,81.58,16749,0
FTNT.US,5,20251210,180500,81.58,81.67,81.52,81.53,20984,0
FTNT.US,5,20251210,181000,81.55,81.58,81.525,81.58,12511,0
FTNT.US,5,20251210,181500,81.57,81.68,81.57,81.66,13858,0
FTNT.US,5,20251210,182000,81.635,81.895,81.63,81.715,23155,0
FTNT.US,5,20251210,182500,81.72,81.76,81.67,81.72,13434,0
FTNT.US,5,20251210,183000,81.72,81.81,81.6701,81.8,12446,0
FTNT.US,5,20251210,183500,81.8,81.85,81.7401,81.7401,12630,0
FTNT.US,5,20251210,184000,81.7414,81.89,81.73,81.73,14158,0
FTNT.US,5,20251210,184500,81.725,81.84,81.725,81.8,11619,0
FTNT.US,5,20251210,185000,81.77,81.97,81.77,81.965,17661,0
FTNT.US,5,20251210,185500,81.98,82.035,81.83,81.8902,17141,0
FTNT.US,5,20251210,190000,81.88,82.07,81.88,81.91,13669,0
FTNT.US,5,20251210,190500,81.91,81.96,81.895,81.93,12046,0
FTNT.US,5,20251210,191000,81.925,81.97,81.895,81.95,14700,0
FTNT.US,5,20251210,191500,81.94,82.02,81.91,82.02,23282,0
FTNT.US,5,20251210,192000,82.02,82.1,81.99,82.035,19159,0
FTNT.US,5,20251210,192500,82.05,82.05,81.94,81.995,21874,0
FTNT.US,5,20251210,193000,81.98,82.07,81.95,82.02,21649,0
FTNT.US,5,20251210,193500,82.01,82.02,81.715,81.78,29956,0
FTNT.US,5,20251210,194000,81.76,81.9,81.6396,81.81,33094,0
FTNT.US,5,20251210,194500,81.81,81.91,81.74,81.785,42581,0
FTNT.US,5,20251210,195000,81.77,81.8,81.67,81.705,13590,0
FTNT.US,5,20251210,195500,81.69,81.69,81.6,81.67,13609,0
FTNT.US,5,20251210,200000,81.68,82.04,81.68,81.78,32880,0
FTNT.US,5,20251210,200500,81.81,82.03,81.751,81.905,20424,0
FTNT.US,5,20251210,201000,81.91,82.07,81.91,81.96,23618,0
FTNT.US,5,20251210,201500,81.97,82.185,81.97,82.05,20214,0
FTNT.US,5,20251210,202000,82.045,82.045,81.805,81.81,13296,0
FTNT.US,5,20251210,202500,81.81,81.84,81.615,81.755,23201,0
FTNT.US,5,20251210,203000,81.76,82.14,81.76,82.13,19912,0
FTNT.US,5,20251210,203500,82.12,82.28,81.99,82.107,33595,0
FTNT.US,5,20251210,204000,82.08,82.1,81.65,81.84,36612,0
FTNT.US,5,20251210,204500,81.81,82.05,81.81,82.02,16623,0
FTNT.US,5,20251210,205000,82.01,82.325,81.96,82.25,29905,0
FTNT.US,5,20251210,205500,82.29,82.555,82.27,82.41,43361,0
FTNT.US,5,20251210,210000,82.43,82.46,82.09,82.29,28499,0
FTNT.US,5,20251210,210500,82.3,82.525,82.27,82.52,41104,0
FTNT.US,5,20251210,211000,82.5,82.66,82.48,82.525,20474,0
FTNT.US,5,20251210,211500,82.53,82.6,82.33,82.43,46594,0
FTNT.US,5,20251210,212000,82.43,82.675,82.32,82.32,34052,0
FTNT.US,5,20251210,212500,82.32,82.43,82.27,82.28,51735,0
FTNT.US,5,20251210,213000,82.25,82.425,82.23,82.4082,58178,0
FTNT.US,5,20251210,213500,82.4,82.43,82.19,82.26,42902,0
FTNT.US,5,20251210,214000,82.26,82.28,82.12,82.21,45498,0
FTNT.US,5,20251210,214500,82.21,82.24,82.125,82.17,60079,0
FTNT.US,5,20251210,215000,82.2,82.2,81.75,81.77,163906,0
FTNT.US,5,20251210,215500,81.79,81.83,81.55,81.6,1525919,0
FTNT.US,5,20251211,153000,81.6,82.07,81.45,82,132846,0
FTNT.US,5,20251211,153500,82.03,82.03,81.75,81.85,21581,0
FTNT.US,5,20251211,154000,81.85,82.5,81.85,82.42,22338,0
FTNT.US,5,20251211,154500,82.425,82.49,81.97,81.97,25663,0
FTNT.US,5,20251211,155000,81.99,82.05,81.73,81.775,22369,0
FTNT.US,5,20251211,155500,81.75,82.1,81.75,82.08,44102,0
FTNT.US,5,20251211,160000,82.1,82.16,81.91,82.135,55847,0
FTNT.US,5,20251211,160500,82.1539,82.61,82.135,82.6,41077,0
FTNT.US,5,20251211,161000,82.595,82.8,82.55,82.645,24725,0
FTNT.US,5,20251211,161500,82.68,82.76,82.61,82.72,18307,0
FTNT.US,5,20251211,162000,82.7,82.955,82.7,82.85,37895,0
FTNT.US,5,20251211,162500,82.8384,82.87,82.77,82.79,16662,0
FTNT.US,5,20251211,163000,82.78,82.78,82.6,82.65,15495,0
FTNT.US,5,20251211,163500,82.66,82.99,82.6,82.94,19052,0
FTNT.US,5,20251211,164000,82.88,82.91,82.7,82.815,21133,0
FTNT.US,5,20251211,164500,82.81,82.82,82.5,82.605,20298,0
FTNT.US,5,20251211,165000,82.59,82.64,82.45,82.64,20244,0
FTNT.US,5,20251211,165500,82.65,82.8,82.62,82.77,18592,0
FTNT.US,5,20251211,170000,82.76,82.97,82.66,82.92,16442,0
FTNT.US,5,20251211,170500,82.94,82.94,82.585,82.62,11716,0
FTNT.US,5,20251211,171000,82.65,82.825,82.64,82.79,8898,0
FTNT.US,5,20251211,171500,82.8,82.82,82.63,82.73,18402,0
FTNT.US,5,20251211,172000,82.725,82.89,82.69,82.71,20302,0
FTNT.US,5,20251211,172500,82.725,82.725,82.541,82.62,28627,0
FTNT.US,5,20251211,173000,82.62,82.8,82.511,82.8,36270,0
FTNT.US,5,20251211,173500,82.79,82.96,82.78,82.955,29399,0
FTNT.US,5,20251211,174000,82.94,83.15,82.94,83.03,16380,0
FTNT.US,5,20251211,174500,83.03,83.03,82.77,82.83,15275,0
FTNT.US,5,20251211,175000,82.85,82.85,82.47,82.49,15644,0
FTNT.US,5,20251211,175500,82.5,82.665,82.445,82.59,33695,0
FTNT.US,5,20251211,180000,82.6,82.69,82.54,82.64,43464,0
FTNT.US,5,20251211,180500,82.655,82.9,82.655,82.785,15830,0
FTNT.US,5,20251211,181000,82.79,83.06,82.79,83.03,13856,0
FTNT.US,5,20251211,181500,83.02,83.17,83.01,83.13,13136,0
FTNT.US,5,20251211,182000,83.13,83.205,83.07,83.15,13157,0
FTNT.US,5,20251211,182500,83.17,83.21,83,83.04,10888,0
FTNT.US,5,20251211,183000,83.035,83.19,83.025,83.15,18090,0
FTNT.US,5,20251211,183500,83.17,83.185,83.085,83.11,6703,0
FTNT.US,5,20251211,184000,83.14,83.16,83.055,83.13,21058,0
FTNT.US,5,20251211,184500,83.13,83.14,83,83.0165,10526,0
FTNT.US,5,20251211,185000,83,83.01,82.84,82.89,10201,0
FTNT.US,5,20251211,185500,82.88,82.91,82.79,82.91,11359,0
FTNT.US,5,20251211,190000,82.9,82.96,82.81,82.945,46220,0
FTNT.US,5,20251211,190500,82.93,83.1,82.9296,83.095,12747,0
FTNT.US,5,20251211,191000,83.09,83.155,83.03,83.03,10605,0
FTNT.US,5,20251211,191500,83.045,83.09,82.985,83.015,17349,0
FTNT.US,5,20251211,192000,83.01,83.115,83,83.115,18315,0
FTNT.US,5,20251211,192500,83.12,83.155,83.035,83.07,17403,0
FTNT.US,5,20251211,193000,83.07,83.22,83.07,83.2,14034,0
FTNT.US,5,20251211,193500,83.195,83.211,83.05,83.115,16995,0
FTNT.US,5,20251211,194000,83.115,83.17,83.041,83.0505,15661,0
FTNT.US,5,20251211,194500,83.07,83.17,83.05,83.07,14885,0
FTNT.US,5,20251211,195000,83.05,83.09,82.94,83.035,17870,0
FTNT.US,5,20251211,195500,83.02,83.04,82.95854,82.97,13096,0
FTNT.US,5,20251211,200000,82.98,83.125,82.98,83.03,20293,0
FTNT.US,5,20251211,200500,83.02,83.05,82.995,83.045,11103,0
FTNT.US,5,20251211,201000,83.04,83.07,83.005,83.03,17336,0
FTNT.US,5,20251211,201500,83.03,83.03,82.89,82.92,28428,0
FTNT.US,5,20251211,202000,82.944,83,82.94,82.96,17266,0
FTNT.US,5,20251211,202500,82.95,82.99,82.925,82.96,13151,0
FTNT.US,5,20251211,203000,82.96,83.035,82.94,83,15606,0
FTNT.US,5,20251211,203500,82.99,83.02,82.96,83.02,10236,0
FTNT.US,5,20251211,204000,83.0297,83.079,82.99,83.05,12091,0
FTNT.US,5,20251211,204500,83.03,83.05,82.96,82.96,8821,0
FTNT.US,5,20251211,205000,82.955,82.98,82.925,82.961,13807,0
FTNT.US,5,20251211,205500,82.965,82.9751,82.71,82.72,31761,0
FTNT.US,5,20251211,210000,82.72,82.74,82.58,82.74,28608,0
FTNT.US,5,20251211,210500,82.73,82.78,82.62,82.69,31100,0
FTNT.US,5,20251211,211000,82.68,82.715,82.56,82.61,21049,0
FTNT.US,5,20251211,211500,82.6,82.645,82.57,82.62,28230,0
FTNT.US,5,20251211,212000,82.63,82.68,82.56,82.58,22414,0
FTNT.US,5,20251211,212500,82.575,82.58,82.47,82.49,32309,0
FTNT.US,5,20251211,213000,82.49,82.5,82.28,82.41,30885,0
FTNT.US,5,20251211,213500,82.42,82.465,82.39,82.42,27026,0
FTNT.US,5,20251211,214000,82.425,82.51,82.41,82.47,26274,0
FTNT.US,5,20251211,214500,82.46,82.47,82.365,82.4,37968,0
FTNT.US,5,20251211,215000,82.4,82.57,82.4,82.57,115592,0
FTNT.US,5,20251211,215500,82.59,82.59,82.36,82.47,1017468,0
FTNT.US,5,20251212,153000,81.975,82.22,81.66,82.09,99186,0
FTNT.US,5,20251212,153500,82.14,82.29,82.1,82.29,7182,0
FTNT.US,5,20251212,154000,82.285,82.57,82.23,82.55,13399,0
FTNT.US,5,20251212,154500,82.545,82.655,82.37,82.37,13381,0
FTNT.US,5,20251212,155000,82.36,82.615,82.36,82.514,13452,0
FTNT.US,5,20251212,155500,82.535,82.535,82.13,82.17,46683,0
FTNT.US,5,20251212,160000,82.21,82.2804,81.99,82.095,55411,0
FTNT.US,5,20251212,160500,82.11,82.37,82.05,82.365,49037,0
FTNT.US,5,20251212,161000,82.4,82.52,82.36,82.4151,17746,0
FTNT.US,5,20251212,161500,82.4,82.4413,82.215,82.24,39305,0
FTNT.US,5,20251212,162000,82.21,82.49,82.145,82.475,38158,0
FTNT.US,5,20251212,162500,82.45,82.61,82.4,82.525,18298,0
FTNT.US,5,20251212,163000,82.525,82.615,82.445,82.53,42747,0
FTNT.US,5,20251212,163500,82.53,82.65,82.52,82.64,19933,0
FTNT.US,5,20251212,164000,82.64,82.64,82.41,82.49,25842,0
FTNT.US,5,20251212,164500,82.49,82.6,82.31,82.46,93232,0
FTNT.US,5,20251212,165000,82.46,82.5,82.28,82.35,13783,0
FTNT.US,5,20251212,165500,82.37,82.45,82.08,82.13,32862,0
FTNT.US,5,20251212,170000,82.145,82.345,82.065,82.065,25973,0
FTNT.US,5,20251212,170500,82.05,82.29,82.04,82.09,52094,0
FTNT.US,5,20251212,171000,82.09,82.17,82.04,82.04,20732,0
FTNT.US,5,20251212,171500,82.01,82.145,81.97,82.01,12378,0
FTNT.US,5,20251212,172000,82.025,82.05,81.77,81.825,25659,0
FTNT.US,5,20251212,172500,81.85,82.03,81.82,82.01,12780,0
FTNT.US,5,20251212,173000,81.98,82,81.82,81.85,8457,0
FTNT.US,5,20251212,173500,81.87,81.87,81.7,81.76,8381,0
FTNT.US,5,20251212,174000,81.78,82,81.71,81.99,7748,0
FTNT.US,5,20251212,174500,81.94,81.94,81.77,81.86,10385,0
FTNT.US,5,20251212,175000,81.83,81.83,81.69,81.76,8135,0
FTNT.US,5,20251212,175500,81.77,81.86,81.695,81.86,9266,0
FTNT.US,5,20251212,180000,81.85,81.99,81.81,81.83,12509,0
FTNT.US,5,20251212,180500,81.83,82.055,81.83,81.9,16269,0
FTNT.US,5,20251212,181000,81.92865,81.97,81.89,81.9,3884,0
FTNT.US,5,20251212,181500,81.91,82.05,81.89,82.045,11785,0
FTNT.US,5,20251212,182000,82.045,82.065,81.93,81.955,7005,0
FTNT.US,5,20251212,182500,81.955,81.955,81.78,81.8374,12498,0
FTNT.US,5,20251212,183000,81.85,81.86,81.71,81.79,26672,0
FTNT.US,5,20251212,183500,81.795,81.975,81.7142,81.96,14515,0
FTNT.US,5,20251212,184000,81.96,82.02,81.9,81.925,16276,0
FTNT.US,5,20251212,184500,81.91,81.98,81.89,81.97,13018,0
FTNT.US,5,20251212,185000,81.95,81.965,81.89,81.96,8063,0
FTNT.US,5,20251212,185500,81.98,82.01,81.94,81.94,7714,0
FTNT.US,5,20251212,190000,81.94,82.0225,81.93,82.0225,9477,0
FTNT.US,5,20251212,190500,82.02,82.05,81.92,81.94,5092,0
FTNT.US,5,20251212,191000,81.9582,82.195,81.94,82.17,22688,0
FTNT.US,5,20251212,191500,82.17,82.23,82.15,82.18,11485,0
FTNT.US,5,20251212,192000,82.16,82.25,81.98,82.025,24054,0
FTNT.US,5,20251212,192500,82.04,82.09,81.97,82.08,10322,0
FTNT.US,5,20251212,193000,82.085,82.1099,82.03,82.055,9614,0
FTNT.US,5,20251212,193500,82.055,82.07,81.94,82.05,19126,0
FTNT.US,5,20251212,194000,82.04,82.075,81.99,82.04,9565,0
FTNT.US,5,20251212,194500,82.035,82.06,81.99,82.06,17203,0
FTNT.US,5,20251212,195000,82.08,82.08,82,82.03,13424,0
FTNT.US,5,20251212,195500,82.05,82.0671,81.98,81.99,13909,0
FTNT.US,5,20251212,200000,82.01,82.0274,81.925,81.97,14683,0
FTNT.US,5,20251212,200500,81.975,81.99,81.855,81.965,22786,0
FTNT.US,5,20251212,201000,81.98,82.03,81.95,81.99,15592,0
FTNT.US,5,20251212,201500,81.98,82.135,81.98,82.135,11675,0
FTNT.US,5,20251212,202000,82.13,82.165,82.095,82.12,14512,0
FTNT.US,5,20251212,202500,82.13,82.1499,82.005,82.0514,23827,0
FTNT.US,5,20251212,203000,82.06,82.095,82.03,82.05,11680,0
FTNT.US,5,20251212,203500,82.035,82.09,82.03,82.065,15226,0
FTNT.US,5,20251212,204000,82.1,82.125,82.03,82.06,17267,0
FTNT.US,5,20251212,204500,82.06,82.125,82.02,82.11,13818,0
FTNT.US,5,20251212,205000,82.1,82.1,82.02,82.02,14802,0
FTNT.US,5,20251212,205500,82.02,82.05,81.98,82.03,12562,0
FTNT.US,5,20251212,210000,82.04,82.1,81.99,82.06,31275,0
FTNT.US,5,20251212,210500,82.04,82.16,82.005,82.16,13227,0
FTNT.US,5,20251212,211000,82.15,82.19,82.13,82.19,23263,0
FTNT.US,5,20251212,211500,82.195,82.24,82.065,82.125,25756,0
FTNT.US,5,20251212,212000,82.13,82.2,82.095,82.2,20197,0
FTNT.US,5,20251212,212500,82.21,82.3,82.21,82.265,42458,0
FTNT.US,5,20251212,213000,82.26,82.28,82.12,82.21,31444,0
FTNT.US,5,20251212,213500,82.22,82.26,82.1,82.135,27366,0
FTNT.US,5,20251212,214000,82.14,82.2,82.03,82.04,39725,0
FTNT.US,5,20251212,214500,82.035,82.25,81.995,82.19,69186,0
FTNT.US,5,20251212,215000,82.2,82.35,82.11,82.34,114217,0
FTNT.US,5,20251212,215500,82.33,82.335,82.16,82.22,970274,0
FTNT.US,5,20251215,153000,82.1,82.23,81.49,81.555,165144,0
FTNT.US,5,20251215,153500,81.5829,81.74,81.39,81.6,21655,0
FTNT.US,5,20251215,154000,81.6235,81.79,81.58,81.74,51392,0
FTNT.US,5,20251215,154500,81.71,81.78,81.38,81.67,18090,0
FTNT.US,5,20251215,155000,81.69,81.83,81.58,81.71,20850,0
FTNT.US,5,20251215,155500,81.695,81.71,81.43,81.56,65829,0
FTNT.US,5,20251215,160000,81.58,81.66,81.2,81.21,47005,0
FTNT.US,5,20251215,160500,81.2,81.3,81.15,81.2325,43681,0
FTNT.US,5,20251215,161000,81.24,81.2788,80.88,81.02,92111,0
FTNT.US,5,20251215,161500,80.99,81.2,80.88,81.08,62278,0
FTNT.US,5,20251215,162000,81.07,81.215,80.865,80.88,27175,0
FTNT.US,5,20251215,162500,80.88,80.91,80.785,80.86,18659,0
FTNT.US,5,20251215,163000,80.87,81.13,80.8,81.06,41243,0
FTNT.US,5,20251215,163500,81.04,81.1,80.83,80.86,24546,0
FTNT.US,5,20251215,164000,80.83,81.145,80.81,81.145,19735,0
FTNT.US,5,20251215,164500,81.15,81.3,81.09,81.21,25609,0
FTNT.US,5,20251215,165000,81.18,81.19,80.8,80.8183,28958,0
FTNT.US,5,20251215,165500,80.82,80.94,80.79,80.93,22941,0
FTNT.US,5,20251215,170000,80.94,81.14,80.9,81.14,26857,0
FTNT.US,5,20251215,170500,81.15,81.33,81.14,81.22,19648,0
FTNT.US,5,20251215,171000,81.21,81.21,81.03,81.135,22147,0
FTNT.US,5,20251215,171500,81.16,81.43,81.16,81.415,15662,0
FTNT.US,5,20251215,172000,81.44,81.47,81.3615,81.415,10877,0
FTNT.US,5,20251215,172500,81.43,81.57,81.42,81.535,11193,0
FTNT.US,5,20251215,173000,81.545,81.56,81.28,81.3425,18471,0
FTNT.US,5,20251215,173500,81.32,81.35,81.18,81.22,18071,0
FTNT.US,5,20251215,174000,81.2,81.2,81.06,81.06,19162,0
FTNT.US,5,20251215,174500,81.05,81.115,81.0371,81.07,16994,0
FTNT.US,5,20251215,175000,81.09,81.25,81.05,81.23,20409,0
FTNT.US,5,20251215,175500,81.22,81.25,81.035,81.12,9494,0
FTNT.US,5,20251215,180000,81.12,81.27,81.11,81.16,14519,0
FTNT.US,5,20251215,180500,81.14,81.27,81.13,81.195,8608,0
FTNT.US,5,20251215,181000,81.22,82.83,81.2,81.2,123914,0
FTNT.US,5,20251215,181500,81.18,81.22,81.04,81.05,19159,0
FTNT.US,5,20251215,182000,81.06,81.14,81.04,81.04,10826,0
FTNT.US,5,20251215,182500,81.01,81.16,81.01,81.15,14724,0
FTNT.US,5,20251215,183000,81.16,81.265,81.15,81.23,11851,0
FTNT.US,5,20251215,183500,81.24,81.25,81.17,81.17,9059,0
FTNT.US,5,20251215,184000,81.15,81.25,81.09,81.15,11263,0
FTNT.US,5,20251215,184500,81.16,81.17,80.975,81.01,10549,0
FTNT.US,5,20251215,185000,81,81,80.875,80.96,10905,0
FTNT.US,5,20251215,185500,80.97,81.165,80.96,81.14,43668,0
FTNT.US,5,20251215,190000,81.14,81.22,81.11,81.18,14075,0
FTNT.US,5,20251215,190500,81.18,81.29,81.18,81.27,12905,0
FTNT.US,5,20251215,191000,81.27,81.3199,81.24,81.29,7358,0
FTNT.US,5,20251215,191500,81.2781,81.285,81.14,81.19,11811,0
FTNT.US,5,20251215,192000,81.16,81.16,81.07,81.08,23798,0
FTNT.US,5,20251215,192500,81.09,81.14,81,81.14,23585,0
FTNT.US,5,20251215,193000,81.13,81.36,81.13,81.22,15476,0
FTNT.US,5,20251215,193500,81.2,81.295,81.17,81.19,7171,0
FTNT.US,5,20251215,194000,81.17,81.23,81.12,81.165,10255,0
FTNT.US,5,20251215,194500,81.15,81.155,80.975,80.975,23582,0
FTNT.US,5,20251215,195000,80.98,81.05,80.93,81.0443,17835,0
FTNT.US,5,20251215,195500,81.04,81.14,81.01,81.02,15705,0
FTNT.US,5,20251215,200000,81.021,81.16,81.02,81.14,12254,0
FTNT.US,5,20251215,200500,81.15,81.22,81.14,81.14,15570,0
FTNT.US,5,20251215,201000,81.13,81.16,81.1,81.15,9821,0
FTNT.US,5,20251215,201500,81.1475,81.18,81.12,81.17,8366,0
FTNT.US,5,20251215,202000,81.17,81.24,81.165,81.215,10456,0
FTNT.US,5,20251215,202500,81.21,81.215,81.15,81.17,16919,0
FTNT.US,5,20251215,203000,81.18,81.23,81.125,81.16,15375,0
FTNT.US,5,20251215,203500,81.18,81.26,81.18,81.25,16652,0
FTNT.US,5,20251215,204000,81.25,81.3,81.235,81.25,14401,0
FTNT.US,5,20251215,204500,81.26,81.27,81.2,81.2,12644,0
FTNT.US,5,20251215,205000,81.18,81.255,81.16,81.19,15792,0
FTNT.US,5,20251215,205500,81.19,81.34,81.19,81.25,22798,0
FTNT.US,5,20251215,210000,81.25,81.26,81.1,81.17,24983,0
FTNT.US,5,20251215,210500,81.14,81.28,81.13,81.24,30255,0
FTNT.US,5,20251215,211000,81.255,81.27,81.195,81.195,18232,0
FTNT.US,5,20251215,211500,81.195,81.26,81.12,81.12,25290,0
FTNT.US,5,20251215,212000,81.14,81.16,81.085,81.13,22901,0
FTNT.US,5,20251215,212500,81.13,81.27,81.062,81.225,32150,0
FTNT.US,5,20251215,213000,81.23,81.33,81.185,81.33,34008,0
FTNT.US,5,20251215,213500,81.33,81.47,81.32,81.46,26934,0
FTNT.US,5,20251215,214000,81.46,81.4982,81.36,81.42,35068,0
FTNT.US,5,20251215,214500,81.43,81.49,81.41,81.47,36136,0
FTNT.US,5,20251215,215000,81.46,81.48,81.34,81.45,107488,0
FTNT.US,5,20251215,215500,81.44,81.615,81.44,81.52,1232503,0
FTNT.US,5,20251216,153000,81.31,82.165,81.13,81.94,128135,0
FTNT.US,5,20251216,153500,81.98,82.25,81.975,82.055,29648,0
FTNT.US,5,20251216,154000,82.04,82.07,81.41,81.41,22692,0
FTNT.US,5,20251216,154500,81.49,81.805,81.4,81.755,23186,0
FTNT.US,5,20251216,155000,81.8,81.93,81.78,81.865,16414,0
FTNT.US,5,20251216,155500,81.83,81.99,81.8,81.96,18124,0
FTNT.US,5,20251216,160000,81.98,82.07,81.635,81.72,38118,0
FTNT.US,5,20251216,160500,81.74,82.065,81.685,81.935,25345,0
FTNT.US,5,20251216,161000,81.9,81.97,81.8001,81.84,22933,0
FTNT.US,5,20251216,161500,81.84,81.92,81.645,81.68,30653,0
FTNT.US,5,20251216,162000,81.71,81.81,81.602,81.65,21350,0
FTNT.US,5,20251216,162500,81.6398,81.66,81.49,81.585,14839,0
FTNT.US,5,20251216,163000,81.58,81.78,81.545,81.65,24766,0
FTNT.US,5,20251216,163500,81.645,81.645,81.4,81.491,17659,0
FTNT.US,5,20251216,164000,81.43,81.44,81.27,81.36,11692,0
FTNT.US,5,20251216,164500,81.335,81.38,81.221,81.23,19035,0
FTNT.US,5,20251216,165000,81.27,81.5,81.19,81.495,12907,0
FTNT.US,5,20251216,165500,81.46,81.57,81.39,81.42,22870,0
FTNT.US,5,20251216,170000,81.445,81.68,81.43,81.625,10610,0
FTNT.US,5,20251216,170500,81.61,81.65,81.49,81.54,9951,0
FTNT.US,5,20251216,171000,81.56,81.61,81.51,81.52,5773,0
FTNT.US,5,20251216,171500,81.5,81.64,81.4501,81.63,10404,0
FTNT.US,5,20251216,172000,81.61,81.76,81.6,81.65,14811,0
FTNT.US,5,20251216,172500,81.65,81.68,81.52,81.59,9661,0
FTNT.US,5,20251216,173000,81.56,81.78,81.545,81.755,12993,0
FTNT.US,5,20251216,173500,81.755,81.82,81.605,81.67,14901,0
FTNT.US,5,20251216,174000,81.69,81.85,81.62,81.815,12931,0
FTNT.US,5,20251216,174500,81.8,82.02,81.8,81.965,18947,0
FTNT.US,5,20251216,175000,82.02,82.12,81.96,82.12,25657,0
FTNT.US,5,20251216,175500,82.135,82.43,82.11,82.42,45602,0
FTNT.US,5,20251216,180000,82.445,82.53,82.35,82.485,39372,0
FTNT.US,5,20251216,180500,82.47,82.645,82.44,82.45,33705,0
FTNT.US,5,20251216,181000,82.43,82.49,82.315,82.43,35547,0
FTNT.US,5,20251216,181500,82.47,82.595,82.37,82.545,25661,0
FTNT.US,5,20251216,182000,82.54,82.58,82.415,82.48,22211,0
FTNT.US,5,20251216,182500,82.45,82.45,82.29,82.37,22014,0
FTNT.US,5,20251216,183000,82.36,82.505,82.36,82.46,23075,0
FTNT.US,5,20251216,183500,82.47,82.485,82.12,82.185,40604,0
FTNT.US,5,20251216,184000,82.18,82.345,82.18,82.25,13992,0
FTNT.US,5,20251216,184500,82.265,82.3535,82.265,82.3,8795,0
FTNT.US,5,20251216,185000,82.29,82.29,82.165,82.18,10829,0
FTNT.US,5,20251216,185500,82.18,82.2,82.05,82.13,15145,0
FTNT.US,5,20251216,190000,82.11,82.23,82.03,82.19,19352,0
FTNT.US,5,20251216,190500,82.18,82.18,82.06,82.09,11157,0
FTNT.US,5,20251216,191000,82.09,82.13,82.035,82.0862,12575,0
FTNT.US,5,20251216,191500,82.085,82.095,81.99,82.01,9814,0
FTNT.US,5,20251216,192000,81.9838,82,81.845,81.96,14707,0
FTNT.US,5,20251216,192500,81.97,82.08,81.96,82.08,13093,0
FTNT.US,5,20251216,193000,82.07,82.325,82.07,82.32,18677,0
FTNT.US,5,20251216,193500,82.32,82.41,82.31,82.41,14633,0
FTNT.US,5,20251216,194000,82.4293,82.6171,82.411,82.605,13515,0
FTNT.US,5,20251216,194500,82.62,82.69,82.53,82.67,22147,0
FTNT.US,5,20251216,195000,82.65,82.71,82.49,82.513,23358,0
FTNT.US,5,20251216,195500,82.51,82.53,82.43,82.46,18343,0
FTNT.US,5,20251216,200000,82.462,82.48,82.33,82.33,21699,0
FTNT.US,5,20251216,200500,82.3093,82.375,82.205,82.3,18589,0
FTNT.US,5,20251216,201000,82.31,82.33,82.25,82.26,18589,0
FTNT.US,5,20251216,201500,82.25,82.27,82.19,82.2,14646,0
FTNT.US,5,20251216,202000,82.215,82.31,82.2,82.28,15129,0
FTNT.US,5,20251216,202500,82.265,82.45,82.21,82.42,30629,0
FTNT.US,5,20251216,203000,82.45,82.64,82.45,82.61,24172,0
FTNT.US,5,20251216,203500,82.58,82.61,82.42,82.52,31495,0
FTNT.US,5,20251216,204000,82.52,82.58,82.51,82.565,18150,0
FTNT.US,5,20251216,204500,82.58,82.645,82.55,82.605,17444,0
FTNT.US,5,20251216,205000,82.605,82.7099,82.58,82.65,14295,0
FTNT.US,5,20251216,205500,82.64,82.64,82.57,82.6,18004,0
FTNT.US,5,20251216,210000,82.6,82.72,82.585,82.715,25001,0
FTNT.US,5,20251216,210500,82.72,82.725,82.649,82.665,17412,0
FTNT.US,5,20251216,211000,82.66,82.715,82.63,82.65,22405,0
FTNT.US,5,20251216,211500,82.6408,82.6689,82.59,82.615,19265,0
FTNT.US,5,20251216,212000,82.615,82.77,82.61,82.76,20787,0
FTNT.US,5,20251216,212500,82.78,82.805,82.71,82.75,26026,0
FTNT.US,5,20251216,213000,82.76,82.83,82.45,82.46,73155,0
FTNT.US,5,20251216,213500,82.47,82.6,82.47,82.53,64460,0
FTNT.US,5,20251216,214000,82.525,82.69,82.5,82.68,50530,0
FTNT.US,5,20251216,214500,82.67,82.71,82.62,82.68,44654,0
FTNT.US,5,20251216,215000,82.69,82.75,82.47,82.51,108423,0
FTNT.US,5,20251216,215500,82.5,82.69,82.45,82.475,233266,0
FTNT.US,5,20251217,153000,80.09,81.44,79.69,81.38,234388,0
FTNT.US,5,20251217,153500,81.43,81.43,80.91,81,26548,0
FTNT.US,5,20251217,154000,81.01,81.03,80.76,80.89,31035,0
FTNT.US,5,20251217,154500,80.9,81.08,80.8,80.96,52145,0
FTNT.US,5,20251217,155000,81,81.2485,80.981,81.13,32552,0
FTNT.US,5,20251217,155500,81.1,81.21,80.86,80.88,24352,0
FTNT.US,5,20251217,160000,80.88,81.19,80.8,81.165,31440,0
FTNT.US,5,20251217,160500,81.17,81.25,81.02,81.08,19750,0
FTNT.US,5,20251217,161000,81.11,81.215,80.91,80.945,28969,0
FTNT.US,5,20251217,161500,80.93,80.94,80.61,80.71,21592,0
FTNT.US,5,20251217,162000,80.708,80.94,80.7,80.835,37683,0
FTNT.US,5,20251217,162500,80.82,80.89,80.71,80.85,13824,0
FTNT.US,5,20251217,163000,80.83,80.885,80.67,80.73,84943,0
FTNT.US,5,20251217,163500,80.72,80.76,80.58,80.58,28197,0
FTNT.US,5,20251217,164000,80.61,80.66,80.53,80.64,19994,0
FTNT.US,5,20251217,164500,80.61,80.655,80.43,80.625,21467,0
FTNT.US,5,20251217,165000,80.6,80.6,80.415,80.47,22571,0
FTNT.US,5,20251217,165500,80.48,80.76,80.48,80.64,51096,0
FTNT.US,5,20251217,170000,80.65,80.79,80.57,80.73,35929,0
FTNT.US,5,20251217,170500,80.77,81.04,80.74,80.955,60877,0
FTNT.US,5,20251217,171000,80.95,81.015,80.635,80.635,67822,0
FTNT.US,5,20251217,171500,80.63,80.84,80.59,80.73,24237,0
FTNT.US,5,20251217,172000,80.72,80.72,80.595,80.66,18097,0
FTNT.US,5,20251217,172500,80.67,80.89,80.67,80.805,21227,0
FTNT.US,5,20251217,173000,80.76,80.76,80.6,80.67,21170,0
FTNT.US,5,20251217,173500,80.68,80.75,80.54,80.57,18720,0
FTNT.US,5,20251217,174000,80.55,80.57,80.435,80.48,19377,0
FTNT.US,5,20251217,174500,80.45,80.485,80.35,80.38,11936,0
FTNT.US,5,20251217,175000,80.365,80.41,80.2,80.235,23796,0
FTNT.US,5,20251217,175500,80.22,80.33,80.17,80.33,13340,0
FTNT.US,5,20251217,180000,80.3327,80.39,80.107,80.2,10247,0
FTNT.US,5,20251217,180500,80.22,80.34,80.12,80.12,35320,0
FTNT.US,5,20251217,181000,80.11,80.21,79.97,79.97,17464,0
FTNT.US,5,20251217,181500,79.98,80.07,79.89,80.02,39093,0
FTNT.US,5,20251217,182000,80.025,80.19,80.025,80.185,8151,0
FTNT.US,5,20251217,182500,80.19,80.22,80.1,80.13,19800,0
FTNT.US,5,20251217,183000,80.115,80.22,80.115,80.14,15570,0
FTNT.US,5,20251217,183500,80.13,80.21,80.1,80.1475,7898,0
FTNT.US,5,20251217,184000,80.14,80.15,80.03,80.035,13097,0
FTNT.US,5,20251217,184500,80.0363,80.06,79.9,79.95,13477,0
FTNT.US,5,20251217,185000,79.96,80.04,79.91,79.975,27951,0
FTNT.US,5,20251217,185500,79.99,80.12,79.99,80.085,10071,0
FTNT.US,5,20251217,190000,80.1,80.19,80.1,80.175,9728,0
FTNT.US,5,20251217,190500,80.16,80.178,80.03,80.035,14203,0
FTNT.US,5,20251217,191000,80.02,80.105,79.97,80.04,24039,0
FTNT.US,5,20251217,191500,80.04,80.045,79.93,80,21721,0
FTNT.US,5,20251217,192000,80.01,80.145,80.005,80.04,16747,0
FTNT.US,5,20251217,192500,80.06,80.09,80.02,80.04,12500,0
FTNT.US,5,20251217,193000,80.04,80.05,79.92,79.94,11659,0
FTNT.US,5,20251217,193500,79.94,79.98,79.89,79.89,21104,0
FTNT.US,5,20251217,194000,79.89,79.93,79.78,79.92,49182,0
FTNT.US,5,20251217,194500,79.92,79.96,79.72,79.745,20855,0
FTNT.US,5,20251217,195000,79.735,79.83,79.71,79.77,19307,0
FTNT.US,5,20251217,195500,79.76,79.8,79.685,79.7,18139,0
FTNT.US,5,20251217,200000,79.715,79.73,79.55,79.56,15671,0
FTNT.US,5,20251217,200500,79.57,79.62,79.4,79.4375,22518,0
FTNT.US,5,20251217,201000,79.44,79.51,79.43,79.48,19000,0
FTNT.US,5,20251217,201500,79.48,79.62,79.48,79.595,18566,0
FTNT.US,5,20251217,202000,79.59,79.77,79.5701,79.765,15463,0
FTNT.US,5,20251217,202500,79.77,79.79,79.55,79.585,48943,0
FTNT.US,5,20251217,203000,79.59,79.6,79.5,79.56,51048,0
FTNT.US,5,20251217,203500,79.57,79.765,79.55,79.74,14989,0
FTNT.US,5,20251217,204000,79.755,79.84,79.725,79.8,14442,0
FTNT.US,5,20251217,204500,79.81,79.88,79.78,79.88,9905,0
FTNT.US,5,20251217,205000,79.9,80.01,79.86,79.98,11438,0
FTNT.US,5,20251217,205500,80,80.06,79.95,80,18605,0
FTNT.US,5,20251217,210000,80.03,80.045,79.71,79.7201,24067,0
FTNT.US,5,20251217,210500,79.75,79.77,79.635,79.67,23660,0
FTNT.US,5,20251217,211000,79.67,79.705,79.635,79.64,27925,0
FTNT.US,5,20251217,211500,79.64,79.66,79.54,79.545,23558,0
FTNT.US,5,20251217,212000,79.545,79.65,79.545,79.64,28239,0
FTNT.US,5,20251217,212500,79.64,79.71,79.56,79.66,44026,0
FTNT.US,5,20251217,213000,79.67,79.805,79.59,79.8,44785,0
FTNT.US,5,20251217,213500,79.815,79.84,79.77,79.79,36455,0
FTNT.US,5,20251217,214000,79.78,79.91,79.77,79.88,39135,0
FTNT.US,5,20251217,214500,79.88,79.97,79.805,79.8471,157610,0
FTNT.US,5,20251217,215000,79.84,79.88,79.52,79.635,149865,0
FTNT.US,5,20251217,215500,79.63,79.63,79.38,79.4,356683,0
FTNT.US,5,20251218,153000,80.535,80.595,80.14,80.2,41490,0
FTNT.US,5,20251218,153500,80.17,80.2,79.99,80.005,21485,0
FTNT.US,5,20251218,154000,80.02,80.08,79.76,79.79,20778,0
FTNT.US,5,20251218,154500,79.81,80.065,79.81,79.92,15935,0
FTNT.US,5,20251218,155000,79.9,80.33,79.9,80.33,19487,0
FTNT.US,5,20251218,155500,80.425,80.45,80.25,80.25,26390,0
FTNT.US,5,20251218,160000,80.31,80.38,80.115,80.265,34198,0
FTNT.US,5,20251218,160500,80.26,80.26,79.995,80.015,17609,0
FTNT.US,5,20251218,161000,80.03,80.03,79.76,79.82,16663,0
FTNT.US,5,20251218,161500,79.79,79.87,79.65,79.73,17859,0
FTNT.US,5,20251218,162000,79.69,80,79.61,79.98,29193,0
FTNT.US,5,20251218,162500,79.97,80.05,79.76,79.76,32139,0
FTNT.US,5,20251218,163000,79.78,79.91,79.57,79.9,73189,0
FTNT.US,5,20251218,163500,79.925,79.98,79.815,79.855,24658,0
FTNT.US,5,20251218,164000,79.8528,80.04,79.83,79.99,19966,0
FTNT.US,5,20251218,164500,79.99,80.01,79.89,79.89,20718,0
FTNT.US,5,20251218,165000,79.88,79.89,79.78,79.86,28587,0
FTNT.US,5,20251218,165500,79.86,79.92,79.81,79.87,14278,0
FTNT.US,5,20251218,170000,79.86,79.87,79.785,79.86,17084,0
FTNT.US,5,20251218,170500,79.88,80.03,79.83,79.955,22286,0
FTNT.US,5,20251218,171000,79.97,80.0284,79.92,79.95,18127,0
FTNT.US,5,20251218,171500,79.955,80.01,79.78,79.83,33533,0
FTNT.US,5,20251218,172000,79.865,80,79.8,79.83,23694,0
FTNT.US,5,20251218,172500,79.84,80,79.81,79.89,39810,0
FTNT.US,5,20251218,173000,79.87,79.905,79.72,79.72,52123,0
FTNT.US,5,20251218,173500,79.75,79.87,79.685,79.7,33827,0
FTNT.US,5,20251218,174000,79.7,79.7,79.56,79.565,30516,0
FTNT.US,5,20251218,174500,79.565,79.58,79.3,79.31,43653,0
FTNT.US,5,20251218,175000,79.305,79.42,79.27,79.29,36151,0
FTNT.US,5,20251218,175500,79.3,79.305,79.24,79.25,22536,0
FTNT.US,5,20251218,180000,79.24,79.24,79.03,79.04,35533,0
FTNT.US,5,20251218,180500,79.04,79.095,78.74,78.74,57539,0
FTNT.US,5,20251218,181000,78.73,78.77,78.585,78.64,47926,0
FTNT.US,5,20251218,181500,78.63,78.86,78.57,78.86,35614,0
FTNT.US,5,20251218,182000,78.83,78.9,78.63,78.67,24705,0
FTNT.US,5,20251218,182500,78.69,78.77,78.64,78.73,32604,0
FTNT.US,5,20251218,183000,78.72,78.9,78.63,78.87,22811,0
FTNT.US,5,20251218,183500,78.88,79.02,78.85,79.01,23951,0
FTNT.US,5,20251218,184000,79.03,79.2,79.03,79.175,19030,0
FTNT.US,5,20251218,184500,79.18,79.22,79.04,79.125,18143,0
FTNT.US,5,20251218,185000,79.11,79.11,78.96,79.055,29508,0
FTNT.US,5,20251218,185500,79.055,79.1,79,79.1,23934,0
FTNT.US,5,20251218,190000,79.09,79.1,79.01,79.01,16188,0
FTNT.US,5,20251218,190500,79.02,79.125,78.995,79.125,14289,0
FTNT.US,5,20251218,191000,79.125,79.22,79.12,79.17,13970,0
FTNT.US,5,20251218,191500,79.18,79.3,79.18,79.25425,20374,0
FTNT.US,5,20251218,192000,79.26,79.29,79.21,79.27,13275,0
FTNT.US,5,20251218,192500,79.27,79.31,79.24,79.29,16772,0
FTNT.US,5,20251218,193000,79.28,79.4414,79.28,79.37,18989,0
FTNT.US,5,20251218,193500,79.38,79.42,79.2003,79.32,36700,0
FTNT.US,5,20251218,194000,79.315,79.35,79.16,79.21,27613,0
FTNT.US,5,20251218,194500,79.22,79.31,79.22,79.26,17071,0
FTNT.US,5,20251218,195000,79.27,79.32,79.24,79.26,17150,0
FTNT.US,5,20251218,195500,79.27,79.34,79.27,79.29,21526,0
FTNT.US,5,20251218,200000,79.28,79.28,79.0001,79.02,26328,0
FTNT.US,5,20251218,200500,79.01,79.115,78.97,79.11,37649,0
FTNT.US,5,20251218,201000,79.1,79.1551,79,79.05,35761,0
FTNT.US,5,20251218,201500,79.04,79.08,78.99,79.02,24920,0
FTNT.US,5,20251218,202000,79.02,79.025,78.95,78.96,22559,0
FTNT.US,5,20251218,202500,78.96,79.185,78.96,79.165,107774,0
FTNT.US,5,20251218,203000,79.15,79.26,79.08,79.24,183123,0
FTNT.US,5,20251218,203500,79.25,79.395,79.13,79.19,40321,0
FTNT.US,5,20251218,204000,79.16,79.36,79.08,79.35,38676,0
FTNT.US,5,20251218,204500,79.36,79.63,79.36,79.6101,22402,0
FTNT.US,5,20251218,205000,79.64,79.66,79.51,79.51,20760,0
FTNT.US,5,20251218,205500,79.51,79.545,79.41,79.48,24195,0
FTNT.US,5,20251218,210000,79.49,79.6,79.42,79.585,26653,0
FTNT.US,5,20251218,210500,79.59,79.63,79.5,79.52,19977,0
FTNT.US,5,20251218,211000,79.55,79.715,79.54,79.71,19129,0
FTNT.US,5,20251218,211500,79.71,79.88,79.7,79.8,61130,0
FTNT.US,5,20251218,212000,79.8,79.85,79.75,79.82,41202,0
FTNT.US,5,20251218,212500,79.81,79.855,79.73,79.83,35299,0
FTNT.US,5,20251218,213000,79.83,79.86,79.74,79.84,44648,0
FTNT.US,5,20251218,213500,79.85,79.88,79.8076,79.83,45798,0
FTNT.US,5,20251218,214000,79.82,79.87,79.79,79.865,48983,0
FTNT.US,5,20251218,214500,79.87,79.915,79.73,79.77,61674,0
FTNT.US,5,20251218,215000,79.77,79.92,79.59,79.81,130536,0
FTNT.US,5,20251218,215500,79.82,79.97,79.72,79.72,249288,0
FTNT.US,5,20251219,153000,79.73,79.98,79.24,79.43,932655,0
FTNT.US,5,20251219,153500,79.475,79.61,79.355,79.485,79808,0
FTNT.US,5,20251219,154000,79.46,79.69,79.27,79.69,28224,0
FTNT.US,5,20251219,154500,79.69,79.83,79.56,79.81,48108,0
FTNT.US,5,20251219,155000,79.82,79.95,79.61,79.63,35869,0
FTNT.US,5,20251219,155500,79.627,79.68,79.4,79.46,47480,0
FTNT.US,5,20251219,160000,79.47,79.61,79.43,79.51,98715,0
FTNT.US,5,20251219,160500,79.5,79.505,79.255,79.31,49752,0
FTNT.US,5,20251219,161000,79.35,79.84,79.27,79.76,107810,0
FTNT.US,5,20251219,161500,79.76,79.77,79.48,79.51,21676,0
FTNT.US,5,20251219,162000,79.51,79.54,79.18,79.2,82125,0
FTNT.US,5,20251219,162500,79.22,79.29,79.05,79.28,38798,0
FTNT.US,5,20251219,163000,79.25,79.565,79.22,79.445,64052,0
FTNT.US,5,20251219,163500,79.445,79.57,79.38,79.4495,52892,0
FTNT.US,5,20251219,164000,79.43,79.43,79.2,79.245,26661,0
FTNT.US,5,20251219,164500,79.245,79.34,79.19,79.275,24024,0
FTNT.US,5,20251219,165000,79.28,79.35,79.165,79.24,35378,0
FTNT.US,5,20251219,165500,79.25,79.29,79.17,79.26,114137,0
FTNT.US,5,20251219,170000,79.25,79.26,79.09,79.17,26166,0
FTNT.US,5,20251219,170500,79.16,79.24,79.11,79.22,24607,0
FTNT.US,5,20251219,171000,79.23,79.27,79.08,79.0802,32682,0
FTNT.US,5,20251219,171500,79.095,79.19,79.07,79.19,22345,0
FTNT.US,5,20251219,172000,79.17,79.21,79.105,79.17,25157,0
FTNT.US,5,20251219,172500,79.17,79.23,79.14,79.22,23403,0
FTNT.US,5,20251219,173000,79.21,79.29,79.19,79.195,63034,0
FTNT.US,5,20251219,173500,79.19,79.2,79.06,79.06,40807,0
FTNT.US,5,20251219,174000,79.07,79.48,79,79.31,70773,0
FTNT.US,5,20251219,174500,79.31,79.31,79.17,79.23,39005,0
FTNT.US,5,20251219,175000,79.21,79.24,79.16,79.21,27125,0
FTNT.US,5,20251219,175500,79.24,79.255,79.2,79.24,13691,0
FTNT.US,5,20251219,180000,79.24,79.32,79.235,79.282,30525,0
FTNT.US,5,20251219,180500,79.27,79.3,79.205,79.26,27768,0
FTNT.US,5,20251219,181000,79.26,79.27,79.225,79.25,26086,0
FTNT.US,5,20251219,181500,79.26,79.33,79.24,79.305,61533,0
FTNT.US,5,20251219,182000,79.31,79.325,79.23,79.3001,56868,0
FTNT.US,5,20251219,182500,79.32,79.37,79.255,79.33,71393,0
FTNT.US,5,20251219,183000,79.31,79.49,79.27,79.45,77391,0
FTNT.US,5,20251219,183500,79.46,79.91,79.325,79.91,168459,0
FTNT.US,5,20251219,184000,79.91,79.98,79.72,79.88,45810,0
FTNT.US,5,20251219,184500,79.8601,79.91,79.7001,79.87,22465,0
FTNT.US,5,20251219,185000,79.875,79.94,79.83,79.93,19570,0
FTNT.US,5,20251219,185500,79.93,80.09,79.88,80.025,42201,0
FTNT.US,5,20251219,190000,80.025,80.11,79.935,79.99,31906,0
FTNT.US,5,20251219,190500,80.02,80.04,79.77,79.8,126601,0
FTNT.US,5,20251219,191000,79.8,80.015,79.72,79.96,86208,0
FTNT.US,5,20251219,191500,79.96,80.09,79.81,79.84,29854,0
FTNT.US,5,20251219,192000,79.84,79.84,79.7389,79.74,12441,0
FTNT.US,5,20251219,192500,79.75,79.76,79.6301,79.685,22912,0
FTNT.US,5,20251219,193000,79.689,79.765,79.65,79.72,18189,0
FTNT.US,5,20251219,193500,79.72,79.73,79.62,79.69,20797,0
FTNT.US,5,20251219,194000,79.68,79.8,79.67,79.8,17203,0
FTNT.US,5,20251219,194500,79.7881,79.7881,79.67,79.68,19329,0
FTNT.US,5,20251219,195000,79.67,79.77,79.27,79.73,210362,0
FTNT.US,5,20251219,195500,79.72,79.77,79.62,79.74,52759,0
FTNT.US,5,20251219,200000,79.745,79.97,79.745,79.97,54014,0
FTNT.US,5,20251219,200500,79.99,80.05,79.85,79.9,30504,0
FTNT.US,5,20251219,201000,79.89,79.905,79.85,79.905,22055,0
FTNT.US,5,20251219,201500,79.905,80.015,79.9,79.98,15561,0
FTNT.US,5,20251219,202000,79.9989,79.9989,79.94,79.95,13406,0
FTNT.US,5,20251219,202500,79.955,79.975,79.91,79.92,14341,0
FTNT.US,5,20251219,203000,79.91,80.02,79.865,80.02,22397,0
FTNT.US,5,20251219,203500,80.01,80.08,80.01,80.04,13326,0
FTNT.US,5,20251219,204000,80.03,80.11,80.0212,80.08,14718,0
FTNT.US,5,20251219,204500,80.08,80.09,79.97,79.99,21959,0
FTNT.US,5,20251219,205000,79.99,80.0001,79.93,79.98,22449,0
FTNT.US,5,20251219,205500,79.97,80.02,79.95,79.98,19760,0
FTNT.US,5,20251219,210000,79.97,79.97,79.84,79.85,17459,0
FTNT.US,5,20251219,210500,79.87,79.87,79.765,79.86,19054,0
FTNT.US,5,20251219,211000,79.85,79.93,79.79,79.93,21497,0
FTNT.US,5,20251219,211500,79.95,79.99,79.919,79.96,30699,0
FTNT.US,5,20251219,212000,79.95,80.12,79.95,80.12,37588,0
FTNT.US,5,20251219,212500,80.14,80.14,79.97,80.01,34240,0
FTNT.US,5,20251219,213000,80,80.06,79.96,79.9825,48560,0
FTNT.US,5,20251219,213500,79.985,80,79.9,79.91,41203,0
FTNT.US,5,20251219,214000,79.91,79.9362,79.84,79.91,54399,0
FTNT.US,5,20251219,214500,79.9,79.95,79.8,79.87,82147,0
FTNT.US,5,20251219,215000,79.85,80.44,79.84,80.23,228739,0
FTNT.US,5,20251219,215500,80.24,80.34,79.99,80.25,650643,0
FTNT.US,5,20251222,153000,81.35,81.35,80.31,80.49,129813,0
FTNT.US,5,20251222,153500,80.53,80.775,80.37,80.565,37118,0
FTNT.US,5,20251222,154000,80.545,80.57,80.13,80.225,30660,0
FTNT.US,5,20251222,154500,80.26,80.67,80.26,80.58,36656,0
FTNT.US,5,20251222,155000,80.68,80.9,80.48,80.8,86215,0
FTNT.US,5,20251222,155500,80.8599,80.92,80.66,80.755,38501,0
FTNT.US,5,20251222,160000,80.755,80.885,80.69,80.73,47973,0
FTNT.US,5,20251222,160500,80.72,80.88,80.69,80.83,27389,0
FTNT.US,5,20251222,161000,80.8201,81.07,80.77,81.01,39833,0
FTNT.US,5,20251222,161500,81,81.35,81,81.23,37288,0
FTNT.US,5,20251222,162000,81.23,81.27,81.16,81.2,15553,0
FTNT.US,5,20251222,162500,81.21,81.26,81.035,81.1,42849,0
FTNT.US,5,20251222,163000,81.06,81.12,80.98,81.09,23851,0
FTNT.US,5,20251222,163500,81.06,81.09,80.975,80.975,11639,0
FTNT.US,5,20251222,164000,81,81.16,80.98,81.13,11086,0
FTNT.US,5,20251222,164500,81.11,81.12,81.02,81.025,24356,0
FTNT.US,5,20251222,165000,81.035,81.17,81,81.17,26592,0
FTNT.US,5,20251222,165500,81.13,81.21,81.08,81.21,10587,0
FTNT.US,5,20251222,170000,81.24,81.24,81.065,81.18,17692,0
FTNT.US,5,20251222,170500,81.19,81.29,81.13,81.18,33624,0
FTNT.US,5,20251222,171000,81.21,81.215,81.11,81.2,19390,0
FTNT.US,5,20251222,171500,81.18,81.25,81.14,81.18,17887,0
FTNT.US,5,20251222,172000,81.19,81.32,81.16,81.27,17089,0
FTNT.US,5,20251222,172500,81.29,81.29,81.14,81.1444,8060,0
FTNT.US,5,20251222,173000,81.135,81.32,81.135,81.31,31680,0
FTNT.US,5,20251222,173500,81.32,81.33,81.25,81.28,15166,0
FTNT.US,5,20251222,174000,81.275,81.38,81.11,81.125,25149,0
FTNT.US,5,20251222,174500,81.125,81.17,81.08,81.125,12829,0
FTNT.US,5,20251222,175000,81.15,81.15,81.07,81.08,5884,0
FTNT.US,5,20251222,175500,81.1,81.205,81.1,81.195,7279,0
FTNT.US,5,20251222,180000,81.22,81.235,81.14,81.18,7834,0
FTNT.US,5,20251222,180500,81.1883,81.25,81.16,81.23,8321,0
FTNT.US,5,20251222,181000,81.23,81.28,81.2,81.2109,10200,0
FTNT.US,5,20251222,181500,81.2,81.26,81.125,81.13,21473,0
FTNT.US,5,20251222,182000,81.159,81.25,81.13,81.25,9466,0
FTNT.US,5,20251222,182500,81.24,81.255,81.15,81.15,9565,0
FTNT.US,5,20251222,183000,81.18,81.21,81.16,81.2,7351,0
FTNT.US,5,20251222,183500,81.205,81.21,81.1,81.14,10423,0
FTNT.US,5,20251222,184000,81.16,81.29,81.14,81.205,61807,0
FTNT.US,5,20251222,184500,81.2,81.26,81.147,81.2,7109,0
FTNT.US,5,20251222,185000,81.195,81.34,81.19,81.32,8566,0
FTNT.US,5,20251222,185500,81.32,81.4,81.285,81.36,13651,0
FTNT.US,5,20251222,190000,81.37,81.37,81.2501,81.28,7619,0
FTNT.US,5,20251222,190500,81.275,81.275,81.21,81.23,7992,0
FTNT.US,5,20251222,191000,81.22,81.23,81.175,81.18,8718,0
FTNT.US,5,20251222,191500,81.18,81.26,81.16,81.247,8834,0
FTNT.US,5,20251222,192000,81.25,81.29,81.24,81.28,7360,0
FTNT.US,5,20251222,192500,81.27,81.31,81.165,81.21,11523,0
FTNT.US,5,20251222,193000,81.205,81.345,81.1903,81.315,19078,0
FTNT.US,5,20251222,193500,81.315,81.325,81.2308,81.29245,21704,0
FTNT.US,5,20251222,194000,81.3,81.3125,81.24,81.24,6788,0
FTNT.US,5,20251222,194500,81.255,81.34,81.255,81.29,12874,0
FTNT.US,5,20251222,195000,81.29,81.295,81.24,81.24,8330,0
FTNT.US,5,20251222,195500,81.2465,81.33,81.24,81.255,9345,0
FTNT.US,5,20251222,200000,81.27,81.3,81.19,81.19,11752,0
FTNT.US,5,20251222,200500,81.23,81.27,81.2,81.27,9317,0
FTNT.US,5,20251222,201000,81.275,81.275,81.23,81.25,7239,0
FTNT.US,5,20251222,201500,81.24,81.42,81.17,81.42,24436,0
FTNT.US,5,20251222,202000,81.42,81.45,81.395,81.4269,17218,0
FTNT.US,5,20251222,202500,81.45,81.54,81.45,81.54,9641,0
FTNT.US,5,20251222,203000,81.54,81.57,81.45,81.46,17350,0
FTNT.US,5,20251222,203500,81.45,81.5,81.45,81.5,10623,0
FTNT.US,5,20251222,204000,81.49,81.52,81.46,81.5104,11330,0
FTNT.US,5,20251222,204500,81.53,81.57,81.5,81.54,10438,0
FTNT.US,5,20251222,205000,81.545,81.565,81.54,81.55,9665,0
FTNT.US,5,20251222,205500,81.56,81.585,81.515,81.54,22039,0
FTNT.US,5,20251222,210000,81.5307,81.58,81.479,81.48,18094,0
FTNT.US,5,20251222,210500,81.475,81.5,81.41,81.44,16091,0
FTNT.US,5,20251222,211000,81.445,81.52,81.445,81.46,17462,0
FTNT.US,5,20251222,211500,81.46,81.4723,81.3904,81.43,23159,0
FTNT.US,5,20251222,212000,81.4336,81.465,81.385,81.39,23193,0
FTNT.US,5,20251222,212500,81.38,81.39,81.37,81.37,10244,0
FTNT.US,5,20251222,213000,81.37,81.4025,81.36,81.36,37012,0
FTNT.US,5,20251222,213500,81.37,81.46,81.37,81.45,38031,0
FTNT.US,5,20251222,214000,81.46,81.54,81.41,81.54,35163,0
FTNT.US,5,20251222,214500,81.54,81.58,81.52,81.55,31924,0
FTNT.US,5,20251222,215000,81.53,81.67,81.41,81.66,137175,0
FTNT.US,5,20251222,215500,81.67,81.83,81.62,81.74,1253330,0
FTNT.US,5,20251223,153000,81.61,81.71,81.36,81.365,58930,0
FTNT.US,5,20251223,153500,81.42,81.45,81.275,81.28,8792,0
FTNT.US,5,20251223,154000,81.28,81.4,81.24,81.28,15534,0
FTNT.US,5,20251223,154500,81.275,81.275,81.15,81.2,25019,0
FTNT.US,5,20251223,155000,81.17,81.185,80.9,80.925,14649,0
FTNT.US,5,20251223,155500,80.89,80.94,80.715,80.77,14178,0
FTNT.US,5,20251223,160000,80.78,80.78,80.6,80.65,14722,0
FTNT.US,5,20251223,160500,80.645,80.645,80.48,80.57,19329,0
FTNT.US,5,20251223,161000,80.58,80.6,80.35,80.39,11376,0
FTNT.US,5,20251223,161500,80.42,80.53,80.41,80.5,6989,0
FTNT.US,5,20251223,162000,80.54,80.55,80.46,80.46,12596,0
FTNT.US,5,20251223,162500,80.49,80.63,80.46,80.58,8895,0
FTNT.US,5,20251223,163000,80.5875,80.67,80.54,80.56,7422,0
FTNT.US,5,20251223,163500,80.525,80.57,80.405,80.42,14739,0
FTNT.US,5,20251223,164000,80.45,80.575,80.45,80.475,7268,0
FTNT.US,5,20251223,164500,80.4596,80.52,80.3,80.36,24749,0
FTNT.US,5,20251223,165000,80.38,80.45,80.32,80.43,13578,0
FTNT.US,5,20251223,165500,80.4,80.45,80.316,80.4,20249,0
FTNT.US,5,20251223,170000,80.42,80.49,80.37,80.39,18638,0
FTNT.US,5,20251223,170500,80.41,80.48,80.35,80.39,10647,0
FTNT.US,5,20251223,171000,80.38,80.44,80.31,80.34,6075,0
FTNT.US,5,20251223,171500,80.335,80.335,80.22,80.3,9242,0
FTNT.US,5,20251223,172000,80.335,80.335,80.24,80.25,4194,0
FTNT.US,5,20251223,172500,80.255,80.27,80.215,80.235,8026,0
FTNT.US,5,20251223,173000,80.235,80.32,80.22,80.255,26984,0
FTNT.US,5,20251223,173500,80.25,80.25,80.12,80.19,18638,0
FTNT.US,5,20251223,174000,80.19,80.205,80.11,80.11,5444,0
FTNT.US,5,20251223,174500,80.105,80.16,80.1,80.1,7137,0
FTNT.US,5,20251223,175000,80.13,80.20958,80.13,80.20958,7894,0
FTNT.US,5,20251223,175500,80.191,80.25,80.191,80.25,5258,0
FTNT.US,5,20251223,180000,80.24,80.24,80.18,80.21,9995,0
FTNT.US,5,20251223,180500,80.21,80.23,80.18,80.21,8362,0
FTNT.US,5,20251223,181000,80.21,80.37,80.19,80.345,11775,0
FTNT.US,5,20251223,181500,80.345,80.345,80.27,80.27,6871,0
FTNT.US,5,20251223,182000,80.29,80.33,80.27,80.31,6264,0
FTNT.US,5,20251223,182500,80.31,80.45,80.3,80.41,7115,0
FTNT.US,5,20251223,183000,80.43,80.47,80.4,80.42,6522,0
FTNT.US,5,20251223,183500,80.41,80.475,80.41,80.45,6550,0
FTNT.US,5,20251223,184000,80.44,80.47,80.4,80.46,4693,0
FTNT.US,5,20251223,184500,80.45,80.47,80.4,80.465,9092,0
FTNT.US,5,20251223,185000,80.46,80.575,80.46,80.51,7361,0
FTNT.US,5,20251223,185500,80.515,80.558,80.5,80.51,7324,0
FTNT.US,5,20251223,190000,80.515,80.59,80.48,80.565,12619,0
FTNT.US,5,20251223,190500,80.5677,80.6,80.56,80.585,7469,0
FTNT.US,5,20251223,191000,80.59,80.611,80.58,80.61,6090,0
FTNT.US,5,20251223,191500,80.61,80.7,80.61,80.7,6618,0
FTNT.US,5,20251223,192000,80.7,80.85,80.7,80.815,14765,0
FTNT.US,5,20251223,192500,80.8,80.83,80.795,80.81,9241,0
FTNT.US,5,20251223,193000,80.82,80.87,80.81,80.8491,11785,0
FTNT.US,5,20251223,193500,80.84,80.91,80.8,80.87,58733,0
FTNT.US,5,20251223,194000,80.87,80.87,80.8,80.8201,7007,0
FTNT.US,5,20251223,194500,80.83,80.84,80.761,80.7701,6110,0
FTNT.US,5,20251223,195000,80.76,80.81,80.73,80.81,8258,0
FTNT.US,5,20251223,195500,80.815,80.832,80.72,80.752,12590,0
FTNT.US,5,20251223,200000,80.7409,80.755,80.6776,80.7,10091,0
FTNT.US,5,20251223,200500,80.711,80.76,80.68,80.745,14952,0
FTNT.US,5,20251223,201000,80.745,80.84,80.745,80.825,7526,0
FTNT.US,5,20251223,201500,80.83,80.915,80.83,80.871,16149,0
FTNT.US,5,20251223,202000,80.8657,80.94,80.8657,80.91,12472,0
FTNT.US,5,20251223,202500,80.92,80.92,80.8514,80.86,8151,0
FTNT.US,5,20251223,203000,80.86,80.88,80.84,80.88,8483,0
FTNT.US,5,20251223,203500,80.882,80.882,80.83,80.83,9509,0
FTNT.US,5,20251223,204000,80.83,80.87,80.811,80.87,13051,0
FTNT.US,5,20251223,204500,80.88,80.89,80.84,80.84,14993,0
FTNT.US,5,20251223,205000,80.8399,80.9,80.781,80.87,26903,0
FTNT.US,5,20251223,205500,80.86,80.89,80.83,80.86,14429,0
FTNT.US,5,20251223,210000,80.86,80.88,80.82,80.82,15646,0
FTNT.US,5,20251223,210500,80.83,80.85,80.795,80.8,18934,0
FTNT.US,5,20251223,211000,80.7901,80.82,80.725,80.73,17353,0
FTNT.US,5,20251223,211500,80.73,80.7599,80.71,80.73,24639,0
FTNT.US,5,20251223,212000,80.735,80.75,80.7091,80.73,16513,0
FTNT.US,5,20251223,212500,80.735,80.75,80.69,80.69,18542,0
FTNT.US,5,20251223,213000,80.68,80.72,80.668,80.69,14854,0
FTNT.US,5,20251223,213500,80.7,80.76,80.69,80.74,21626,0
FTNT.US,5,20251223,214000,80.75,80.75,80.65,80.67,27519,0
FTNT.US,5,20251223,214500,80.67,80.695,80.63,80.67,35744,0
FTNT.US,5,20251223,215000,80.69,80.69,80.53,80.595,85440,0
FTNT.US,5,20251223,215500,80.59,80.68,80.55,80.66,1092336,0
FTNT.US,5,20251224,153000,80.525,80.63,80.2755,80.57,49369,0
FTNT.US,5,20251224,153500,80.61,80.61,80.35,80.58,14391,0
FTNT.US,5,20251224,154000,80.65,80.65,80.51,80.58,6120,0
FTNT.US,5,20251224,154500,80.58,80.62,80.45,80.46,7936,0
FTNT.US,5,20251224,155000,80.5,80.615,80.47,80.595,6111,0
FTNT.US,5,20251224,155500,80.62,80.69,80.595,80.635,8064,0
FTNT.US,5,20251224,160000,80.62,80.8399,80.615,80.83,8019,0
FTNT.US,5,20251224,160500,80.84,81,80.83,80.995,12778,0
FTNT.US,5,20251224,161000,80.995,81.05,80.91,80.93,13754,0
FTNT.US,5,20251224,161500,80.955,80.96,80.88,80.89,7509,0
FTNT.US,5,20251224,162000,80.8986,80.965,80.88,80.955,7355,0
FTNT.US,5,20251224,162500,80.96,81.09,80.94,81.07,10813,0
FTNT.US,5,20251224,163000,81.1,81.11,80.98,81.04,9768,0
FTNT.US,5,20251224,163500,81.04,81.14,81,81.115,8211,0
FTNT.US,5,20251224,164000,81.12,81.215,81.12,81.215,10308,0
FTNT.US,5,20251224,164500,81.21,81.21,81.018,81.04,12280,0
FTNT.US,5,20251224,165000,81.06,81.12,81.045,81.082,4215,0
FTNT.US,5,20251224,165500,81.105,81.11,81.06,81.1,7510,0
FTNT.US,5,20251224,170000,81.12,81.13,81.085,81.1,4621,0
FTNT.US,5,20251224,170500,81.11,81.205,81.095,81.1,5458,0
FTNT.US,5,20251224,171000,81.06,81.15,81.01,81.11,11800,0
FTNT.US,5,20251224,171500,81.11,81.15,81.1,81.15,5255,0
FTNT.US,5,20251224,172000,81.1435,81.27,81.13,81.14,12581,0
FTNT.US,5,20251224,172500,81.135,81.145,81.07,81.14,7211,0
FTNT.US,5,20251224,173000,81.15,81.21,81.15,81.21,6611,0
FTNT.US,5,20251224,173500,81.2,81.235,81.12,81.12,31700,0
FTNT.US,5,20251224,174000,81.12,81.19,81.12,81.1565,7952,0
FTNT.US,5,20251224,174500,81.16,81.21,81.1,81.11,9603,0
FTNT.US,5,20251224,175000,81.1,81.16,81.095,81.16,5504,0
FTNT.US,5,20251224,175500,81.18,81.18,81.09,81.1,10233,0
FTNT.US,5,20251224,180000,81.11,81.16,81.08,81.121,13835,0
FTNT.US,5,20251224,180500,81.129,81.13,81.04,81.075,19023,0
FTNT.US,5,20251224,181000,81.09,81.14,81.08,81.11,23089,0
FTNT.US,5,20251224,181500,81.1,81.21,81.095,81.21,16188,0
FTNT.US,5,20251224,182000,81.22,81.28,81.205,81.26,11589,0
FTNT.US,5,20251224,182500,81.26,81.3,81.195,81.29,12908,0
FTNT.US,5,20251224,183000,81.29,81.375,81.29,81.33,8283,0
FTNT.US,5,20251224,183500,81.335,81.37,81.28,81.31,12475,0
FTNT.US,5,20251224,184000,81.31,81.34,81.255,81.27,10677,0
FTNT.US,5,20251224,184500,81.27,81.32,81.26,81.2732,13384,0
FTNT.US,5,20251224,185000,81.28,81.33,81.225,81.245,25875,0
FTNT.US,5,20251224,185500,81.24,81.28,81.15,81.15,71267,0
FTNT.US,5,20251224,190000,81.15,81.18,81.15,81.18,227626,0
FTNT.US,5,20251226,153000,80.91,80.9101,80.59,80.72,51252,0
FTNT.US,5,20251226,153500,80.745,81.1,80.745,81.1,10232,0
FTNT.US,5,20251226,154000,81.135,81.18,80.98,81.06,7946,0
FTNT.US,5,20251226,154500,81.08,81.27,81.08,81.14,9025,0
FTNT.US,5,20251226,155000,81.14,81.19,81.0852,81.12,6396,0
FTNT.US,5,20251226,155500,81.11,81.165,81.07,81.12,6141,0
FTNT.US,5,20251226,160000,81.1,81.153,81.02,81.1001,8531,0
FTNT.US,5,20251226,160500,81.1,81.18,81.08,81.15,4563,0
FTNT.US,5,20251226,161000,81.1301,81.16,81.1,81.1,6127,0
FTNT.US,5,20251226,161500,81.12,81.17,80.99,81.055,13103,0
FTNT.US,5,20251226,162000,81.0542,81.12,81.03,81.09,5883,0
FTNT.US,5,20251226,162500,81.07,81.12,81.02,81.12,4897,0
FTNT.US,5,20251226,163000,81.09,81.1056,81.01,81.085,10893,0
FTNT.US,5,20251226,163500,81.09,81.19,81.09,81.19,8909,0
FTNT.US,5,20251226,164000,81.19,81.29,81.19,81.23,7870,0
FTNT.US,5,20251226,164500,81.2432,81.349,81.22,81.31,10216,0
FTNT.US,5,20251226,165000,81.28,81.32,81.23,81.3,4393,0
FTNT.US,5,20251226,165500,81.33,81.34,81.28,81.33,4032,0
FTNT.US,5,20251226,170000,81.34,81.37,81.305,81.36,6769,0
FTNT.US,5,20251226,170500,81.37,81.46,81.35,81.36,12002,0
FTNT.US,5,20251226,171000,81.34,81.38,81.3,81.3,7104,0
FTNT.US,5,20251226,171500,81.3,81.34,81.295,81.3201,7225,0
FTNT.US,5,20251226,172000,81.335,81.37,81.32,81.33,6259,0
FTNT.US,5,20251226,172500,81.34,81.37,81.3,81.36,5994,0
FTNT.US,5,20251226,173000,81.375,81.39,81.325,81.325,4772,0
FTNT.US,5,20251226,173500,81.359,81.359,81.32,81.32,2546,0
FTNT.US,5,20251226,174000,81.325,81.38,81.325,81.355,5868,0
FTNT.US,5,20251226,174500,81.355,81.37,81.33,81.345,4647,0
FTNT.US,5,20251226,175000,81.35,81.39,81.34,81.38,4274,0
FTNT.US,5,20251226,175500,81.375,81.3912,81.3511,81.39,3774,0
FTNT.US,5,20251226,180000,81.38,81.3801,81.33,81.3801,5268,0
FTNT.US,5,20251226,180500,81.37,81.405,81.37,81.39,2166,0
FTNT.US,5,20251226,181000,81.39,81.45,81.385,81.45,6612,0
FTNT.US,5,20251226,181500,81.4409,81.4409,81.4,81.4,5526,0
FTNT.US,5,20251226,182000,81.39,81.42,81.38,81.4,4509,0
FTNT.US,5,20251226,182500,81.42,81.48,81.42,81.46,3967,0
FTNT.US,5,20251226,183000,81.4598,81.466,81.4,81.41,5246,0
FTNT.US,5,20251226,183500,81.39,81.39,81.35,81.35,6366,0
FTNT.US,5,20251226,184000,81.3408,81.38,81.33,81.36,3250,0
FTNT.US,5,20251226,184500,81.36,81.375,81.35,81.37,2776,0
FTNT.US,5,20251226,185000,81.37,81.38,81.34,81.38,3294,0
FTNT.US,5,20251226,185500,81.37,81.4064,81.36,81.4,4843,0
FTNT.US,5,20251226,190000,81.41,81.42,81.27,81.36,12889,0
FTNT.US,5,20251226,190500,81.35,81.35,81.31,81.3292,4260,0
FTNT.US,5,20251226,191000,81.33,81.33,81.2851,81.29,4916,0
FTNT.US,5,20251226,191500,81.295,81.32,81.27,81.275,5221,0
FTNT.US,5,20251226,192000,81.28,81.2839,81.27,81.28,2750,0
FTNT.US,5,20251226,192500,81.2771,81.35,81.27,81.325,7259,0
FTNT.US,5,20251226,193000,81.33,81.34,81.325,81.34,1999,0
FTNT.US,5,20251226,193500,81.34,81.38,81.33,81.38,8419,0
FTNT.US,5,20251226,194000,81.373,81.3801,81.3,81.3,3455,0
FTNT.US,5,20251226,194500,81.3,81.33,81.28,81.33,5523,0
FTNT.US,5,20251226,195000,81.32,81.35,81.32,81.33,2191,0
FTNT.US,5,20251226,195500,81.33,81.33,81.3,81.3,5878,0
FTNT.US,5,20251226,200000,81.31,81.37,81.31,81.37,4475,0
FTNT.US,5,20251226,200500,81.375,81.38,81.34,81.35,9726,0
FTNT.US,5,20251226,201000,81.34,81.35,81.32,81.328,6157,0
FTNT.US,5,20251226,201500,81.3237,81.38,81.29,81.345,8778,0
FTNT.US,5,20251226,202000,81.35,81.35,81.31,81.31,3597,0
FTNT.US,5,20251226,202500,81.3151,81.3599,81.29,81.34,5815,0
FTNT.US,5,20251226,203000,81.355,81.38,81.35,81.378,7974,0
FTNT.US,5,20251226,203500,81.3952,81.405,81.395,81.4,2888,0
FTNT.US,5,20251226,204000,81.39,81.39,81.31,81.34,7647,0
FTNT.US,5,20251226,204500,81.335,81.4413,81.33,81.4301,8647,0
FTNT.US,5,20251226,205000,81.44,81.463,81.43,81.44,3385,0
FTNT.US,5,20251226,205500,81.4401,81.4512,81.43,81.45,3979,0
FTNT.US,5,20251226,210000,81.44,81.44,81.3701,81.3701,5628,0
FTNT.US,5,20251226,210500,81.38,81.4,81.37,81.385,5108,0
FTNT.US,5,20251226,211000,81.38,81.42,81.37,81.42,5985,0
FTNT.US,5,20251226,211500,81.41,81.42,81.4,81.42,4779,0
FTNT.US,5,20251226,212000,81.42,81.42,81.39,81.41,4080,0
FTNT.US,5,20251226,212500,81.42,81.47,81.42,81.455,9974,0
FTNT.US,5,20251226,213000,81.45,81.45,81.37,81.38,8862,0
FTNT.US,5,20251226,213500,81.38,81.38,81.34,81.355,6216,0
FTNT.US,5,20251226,214000,81.34,81.36,81.325,81.36,10300,0
FTNT.US,5,20251226,214500,81.36,81.36,81.325,81.325,7634,0
FTNT.US,5,20251226,215000,81.35,81.44,81.33,81.42,27635,0
FTNT.US,5,20251226,215500,81.43,81.645,81.425,81.56,488922,0
FTNT.US,5,20251229,153000,81.28,81.51,81.17,81.49,60616,0
FTNT.US,5,20251229,153500,81.41,81.71,81.4,81.65,19796,0
FTNT.US,5,20251229,154000,81.623,81.79,81.55,81.64,15786,0
FTNT.US,5,20251229,154500,81.63,81.7,81.51,81.675,16444,0
FTNT.US,5,20251229,155000,81.68,81.73,81.62,81.66,9302,0
FTNT.US,5,20251229,155500,81.63,81.75,81.6,81.6,12106,0
FTNT.US,5,20251229,160000,81.605,81.66,81.53,81.59,23878,0
FTNT.US,5,20251229,160500,81.59,81.68,81.53,81.54,9710,0
FTNT.US,5,20251229,161000,81.5,81.5,81.37,81.37,9430,0
FTNT.US,5,20251229,161500,81.39,81.425,81.285,81.2992,4968,0
FTNT.US,5,20251229,162000,81.31,81.45,81.31,81.45,8177,0
FTNT.US,5,20251229,162500,81.44,81.524,81.41,81.41,11763,0
FTNT.US,5,20251229,163000,81.4101,81.4101,81.33,81.36,7362,0
FTNT.US,5,20251229,163500,81.3454,81.38,81.25,81.25,7376,0
FTNT.US,5,20251229,164000,81.24,81.26,81.1301,81.155,10974,0
FTNT.US,5,20251229,164500,81.178,81.21,80.96,80.96,9004,0
FTNT.US,5,20251229,165000,80.95,81,80.82,80.98,12179,0
FTNT.US,5,20251229,165500,80.97,81,80.925,80.94,10000,0
FTNT.US,5,20251229,170000,80.93,80.99,80.9,80.91,10156,0
FTNT.US,5,20251229,170500,80.9,80.94,80.78,80.82,22176,0
FTNT.US,5,20251229,171000,80.8001,80.88,80.77,80.87,9068,0
FTNT.US,5,20251229,171500,80.8612,80.8612,80.74,80.765,5008,0
FTNT.US,5,20251229,172000,80.775,80.795,80.735,80.76,7575,0
FTNT.US,5,20251229,172500,80.7768,80.79,80.73,80.7899,9874,0
FTNT.US,5,20251229,173000,80.78,80.78,80.7,80.7,7895,0
FTNT.US,5,20251229,173500,80.69,80.69,80.61,80.63,7869,0
FTNT.US,5,20251229,174000,80.61,80.65,80.59,80.62,6884,0
FTNT.US,5,20251229,174500,80.61,80.68,80.61,80.645,6369,0
FTNT.US,5,20251229,175000,80.6438,80.74,80.6203,80.71,9215,0
FTNT.US,5,20251229,175500,80.685,80.8186,80.685,80.8,10575,0
FTNT.US,5,20251229,180000,80.79,80.79,80.73,80.7401,6823,0
FTNT.US,5,20251229,180500,80.76,80.7777,80.7335,80.7777,4967,0
FTNT.US,5,20251229,181000,80.79,80.8,80.705,80.72,6368,0
FTNT.US,5,20251229,181500,80.7177,80.75,80.67,80.73,9416,0
FTNT.US,5,20251229,182000,80.74,80.74,80.67,80.7072,12590,0
FTNT.US,5,20251229,182500,80.69,80.72,80.63,80.66,8773,0
FTNT.US,5,20251229,183000,80.67,80.68,80.61,80.64,10828,0
FTNT.US,5,20251229,183500,80.62,80.68,80.6,80.635,12763,0
FTNT.US,5,20251229,184000,80.63,80.68,80.6,80.61,11142,0
FTNT.US,5,20251229,184500,80.6,80.63,80.59,80.62,7694,0
FTNT.US,5,20251229,185000,80.61,80.68,80.61,80.65,12875,0
FTNT.US,5,20251229,185500,80.63,80.725,80.63,80.6661,25231,0
FTNT.US,5,20251229,190000,80.65,80.65,80.57,80.625,5349,0
FTNT.US,5,20251229,190500,80.625,80.63,80.5892,80.6,15135,0
FTNT.US,5,20251229,191000,80.59,80.605,80.56,80.575,5639,0
FTNT.US,5,20251229,191500,80.575,80.64,80.56,80.59,10749,0
FTNT.US,5,20251229,192000,80.58,80.62,80.58,80.6,12824,0
FTNT.US,5,20251229,192500,80.6023,80.635,80.55,80.62,12528,0
FTNT.US,5,20251229,193000,80.59,80.63,80.56,80.59,10524,0
FTNT.US,5,20251229,193500,80.59,80.6,80.53,80.53,9997,0
FTNT.US,5,20251229,194000,80.52,80.56,80.5,80.5221,12377,0
FTNT.US,5,20251229,194500,80.53,80.56,80.515,80.54,9333,0
FTNT.US,5,20251229,195000,80.53,80.575,80.5,80.52,10764,0
FTNT.US,5,20251229,195500,80.52,80.52,80.44,80.45,13099,0
FTNT.US,5,20251229,200000,80.44,80.47,80.42,80.44,10382,0
FTNT.US,5,20251229,200500,80.445,80.49,80.43,80.46,16060,0
FTNT.US,5,20251229,201000,80.46,80.5,80.44,80.46,7685,0
FTNT.US,5,20251229,201500,80.455,80.5,80.455,80.481,5956,0
FTNT.US,5,20251229,202000,80.48,80.5128,80.48,80.5128,7341,0
FTNT.US,5,20251229,202500,80.51,80.56,80.51,80.56,12509,0
FTNT.US,5,20251229,203000,80.57,80.58,80.535,80.58,6426,0
FTNT.US,5,20251229,203500,80.58,80.67,80.57,80.62,13563,0
FTNT.US,5,20251229,204000,80.63,80.7,80.63,80.665,5573,0
FTNT.US,5,20251229,204500,80.66,80.72,80.655,80.71,9973,0
FTNT.US,5,20251229,205000,80.73,80.7674,80.71,80.7674,11050,0
FTNT.US,5,20251229,205500,80.77,80.77,80.72,80.73,12857,0
FTNT.US,5,20251229,210000,80.73,80.745,80.68,80.72,14072,0
FTNT.US,5,20251229,210500,80.71,80.71,80.63,80.63,13689,0
FTNT.US,5,20251229,211000,80.65,80.69,80.63,80.69,11626,0
FTNT.US,5,20251229,211500,80.69,80.7208,80.69,80.7,7193,0
FTNT.US,5,20251229,212000,80.71,80.825,80.71,80.7502,16595,0
FTNT.US,5,20251229,212500,80.76,80.776,80.73,80.7399,8156,0
FTNT.US,5,20251229,213000,80.73,80.77,80.71,80.77,18365,0
FTNT.US,5,20251229,213500,80.775,80.775,80.71,80.71,19542,0
FTNT.US,5,20251229,214000,80.715,80.735,80.7,80.7,15450,0
FTNT.US,5,20251229,214500,80.691,80.76,80.685,80.7,24211,0
FTNT.US,5,20251229,215000,80.71,80.82,80.58,80.79,77147,0
FTNT.US,5,20251229,215500,80.78,80.82,80.67,80.82,848149,0
FTNT.US,5,20251230,153000,80.61,80.69,80.45,80.575,40863,0
FTNT.US,5,20251230,153500,80.55,80.59,80.335,80.53,18033,0
FTNT.US,5,20251230,154000,80.49,80.665,80.4794,80.61,11394,0
FTNT.US,5,20251230,154500,80.58,80.66,80.395,80.41,29277,0
FTNT.US,5,20251230,155000,80.43,80.57,80.43,80.57,32247,0
FTNT.US,5,20251230,155500,80.57,80.87,80.57,80.765,30313,0
FTNT.US,5,20251230,160000,80.765,80.765,80.46,80.46,30379,0
FTNT.US,5,20251230,160500,80.45,80.545,80.44,80.5,32071,0
FTNT.US,5,20251230,161000,80.51,80.625,80.49,80.53,24794,0
FTNT.US,5,20251230,161500,80.52,80.69,80.515,80.64,23719,0
FTNT.US,5,20251230,162000,80.64,80.67,80.53,80.54,32129,0
FTNT.US,5,20251230,162500,80.545,80.6,80.52,80.52,17820,0
FTNT.US,5,20251230,163000,80.53,80.535,80.46,80.52,18005,0
FTNT.US,5,20251230,163500,80.53,80.54,80.42,80.47,18829,0
FTNT.US,5,20251230,164000,80.46,80.469,80.335,80.375,25674,0
FTNT.US,5,20251230,164500,80.375,80.68,80.365,80.68,22778,0
FTNT.US,5,20251230,165000,80.675,80.72,80.65,80.66,12263,0
FTNT.US,5,20251230,165500,80.66,80.795,80.659,80.76,19159,0
FTNT.US,5,20251230,170000,80.75,80.84,80.745,80.84,10599,0
FTNT.US,5,20251230,170500,80.8415,80.8415,80.73,80.755,9069,0
FTNT.US,5,20251230,171000,80.76,80.76,80.69,80.71,11840,0
FTNT.US,5,20251230,171500,80.71,80.73,80.62,80.62,12376,0
FTNT.US,5,20251230,172000,80.64,80.675,80.55,80.57,11924,0
FTNT.US,5,20251230,172500,80.58,80.63,80.55,80.5924,8583,0
FTNT.US,5,20251230,173000,80.59,80.67,80.57,80.65,8744,0
FTNT.US,5,20251230,173500,80.66,80.7401,80.65,80.6747,19568,0
FTNT.US,5,20251230,174000,80.67,80.68,80.61,80.63,9962,0
FTNT.US,5,20251230,174500,80.63,80.66,80.56,80.56,19288,0
FTNT.US,5,20251230,175000,80.55,80.55,80.4501,80.47,6027,0
FTNT.US,5,20251230,175500,80.48,80.485,80.39,80.39,7101,0
FTNT.US,5,20251230,180000,80.41,80.43,80.38,80.4,19801,0
FTNT.US,5,20251230,180500,80.4,80.43,80.38,80.4,14886,0
FTNT.US,5,20251230,181000,80.42,80.46,80.4,80.4,5850,0
FTNT.US,5,20251230,181500,80.42,80.44,80.38,80.43,6161,0
FTNT.US,5,20251230,182000,80.43,80.53,80.43,80.53,12852,0
FTNT.US,5,20251230,182500,80.5172,80.535,80.48,80.51,15509,0
FTNT.US,5,20251230,183000,80.5,80.506,80.47,80.49,4387,0
FTNT.US,5,20251230,183500,80.5,80.51712,80.485,80.49,5471,0
FTNT.US,5,20251230,184000,80.5,80.51,80.45,80.45,5154,0
FTNT.US,5,20251230,184500,80.45,80.4961,80.43,80.45,6993,0
FTNT.US,5,20251230,185000,80.44,80.5012,80.44,80.45,4332,0
FTNT.US,5,20251230,185500,80.445,80.53,80.44,80.5112,9665,0
FTNT.US,5,20251230,190000,80.51,80.52,80.46,80.47,7577,0
FTNT.US,5,20251230,190500,80.47,80.4712,80.435,80.46,8002,0
FTNT.US,5,20251230,191000,80.465,80.5023,80.4,80.49,20777,0
FTNT.US,5,20251230,191500,80.485,80.5,80.46,80.47,5885,0
FTNT.US,5,20251230,192000,80.465,80.47,80.4,80.4,9071,0
FTNT.US,5,20251230,192500,80.4,80.46,80.39,80.45,14846,0
FTNT.US,5,20251230,193000,80.455,80.47,80.43,80.44,9532,0
FTNT.US,5,20251230,193500,80.45,80.515,80.42,80.515,14942,0
FTNT.US,5,20251230,194000,80.5108,80.54,80.46,80.52,13946,0
FTNT.US,5,20251230,194500,80.52,80.56,80.49,80.505,11317,0
FTNT.US,5,20251230,195000,80.5068,80.54,80.47,80.47,4013,0
FTNT.US,5,20251230,195500,80.47,80.4803,80.42,80.42,6921,0
FTNT.US,5,20251230,200000,80.41,80.4492,80.41,80.43,8390,0
FTNT.US,5,20251230,200500,80.42,80.431,80.38,80.425,7509,0
FTNT.US,5,20251230,201000,80.4292,80.45,80.41,80.43,7885,0
FTNT.US,5,20251230,201500,80.4301,80.4566,80.42,80.44,5825,0
FTNT.US,5,20251230,202000,80.455,80.46,80.38,80.41,9835,0
FTNT.US,5,20251230,202500,80.405,80.46,80.39,80.4436,7353,0
FTNT.US,5,20251230,203000,80.445,80.45,80.35,80.361,12988,0
FTNT.US,5,20251230,203500,80.362,80.41,80.35,80.405,9264,0
FTNT.US,5,20251230,204000,80.42,80.44,80.41,80.41,3926,0
FTNT.US,5,20251230,204500,80.4177,80.44,80.4,80.42,8495,0
FTNT.US,5,20251230,205000,80.42,80.43,80.35,80.375,12809,0
FTNT.US,5,20251230,205500,80.375,80.42,80.355,80.415,5801,0
FTNT.US,5,20251230,210000,80.42,80.485,80.3846,80.485,11183,0
FTNT.US,5,20251230,210500,80.47,80.47,80.4188,80.449,11651,0
FTNT.US,5,20251230,211000,80.45,80.49,80.425,80.47,13310,0
FTNT.US,5,20251230,211500,80.46,80.552,80.455,80.535,9005,0
FTNT.US,5,20251230,212000,80.53,80.6,80.48,80.52,17093,0
FTNT.US,5,20251230,212500,80.5156,80.53,80.49,80.49,9669,0
FTNT.US,5,20251230,213000,80.49,80.54,80.461,80.52,10278,0
FTNT.US,5,20251230,213500,80.52,80.54,80.52,80.53,14101,0
FTNT.US,5,20251230,214000,80.535,80.55,80.52,80.52,10490,0
FTNT.US,5,20251230,214500,80.5299,80.54,80.51,80.5167,9543,0
FTNT.US,5,20251230,215000,80.52,80.54,80.44,80.48,35353,0
FTNT.US,5,20251230,215500,80.48,80.48,80.28,80.31,545671,0
FTNT.US,5,20251231,153000,80.115,80.4,80.03,80.37,44852,0
FTNT.US,5,20251231,153500,80.4,80.41,80.29,80.34,7717,0
FTNT.US,5,20251231,154000,80.3502,80.38,80.19,80.19,4699,0
FTNT.US,5,20251231,154500,80.18,80.2099,79.951,79.9601,10624,0
FTNT.US,5,20251231,155000,79.965,80.03,79.89,79.95,12398,0
FTNT.US,5,20251231,155500,80.003,80.08,79.985,80.05,17103,0
FTNT.US,5,20251231,160000,80.05,80.05,79.89,79.925,14167,0
FTNT.US,5,20251231,160500,79.9,79.92,79.85,79.92,9606,0
FTNT.US,5,20251231,161000,79.93,79.95,79.84,79.87,26018,0
FTNT.US,5,20251231,161500,79.87,79.9099,79.77,79.8,8486,0
FTNT.US,5,20251231,162000,79.81,79.86,79.805,79.84,7428,0
FTNT.US,5,20251231,162500,79.85,79.85,79.76,79.79,10881,0
FTNT.US,5,20251231,163000,79.8,79.845,79.745,79.845,9094,0
FTNT.US,5,20251231,163500,79.84,79.84,79.74,79.74,8089,0
FTNT.US,5,20251231,164000,79.74,79.805,79.72,79.78,8365,0
FTNT.US,5,20251231,164500,79.76,79.76,79.67,79.67,8663,0
FTNT.US,5,20251231,165000,79.67,79.73,79.66,79.72,9466,0
FTNT.US,5,20251231,165500,79.72,79.7213,79.66,79.695,6208,0
FTNT.US,5,20251231,170000,79.7099,79.7099,79.66,79.69,12348,0
FTNT.US,5,20251231,170500,79.7,79.735,79.68,79.735,10611,0
FTNT.US,5,20251231,171000,79.745,79.7454,79.675,79.6845,16682,0
FTNT.US,5,20251231,171500,79.69,79.8,79.69,79.7701,11489,0
FTNT.US,5,20251231,172000,79.8,79.8404,79.7827,79.83,7738,0
FTNT.US,5,20251231,172500,79.84,79.88,79.82,79.85,18346,0
FTNT.US,5,20251231,173000,79.85,79.85,79.81,79.81,7313,0
FTNT.US,5,20251231,173500,79.81,79.86,79.8,79.855,5241,0
FTNT.US,5,20251231,174000,79.84,79.8463,79.79,79.835,5631,0
FTNT.US,5,20251231,174500,79.835,79.835,79.78,79.8152,7712,0
FTNT.US,5,20251231,175000,79.8,79.86,79.8,79.81,8024,0
FTNT.US,5,20251231,175500,79.81,79.84,79.77,79.78,17324,0
FTNT.US,5,20251231,180000,79.78,79.85,79.7745,79.81,8183,0
FTNT.US,5,20251231,180500,79.82,79.82,79.73,79.76,6141,0
FTNT.US,5,20251231,181000,79.76,79.82,79.73,79.814,6867,0
FTNT.US,5,20251231,181500,79.8,79.825,79.79,79.8,6118,0
FTNT.US,5,20251231,182000,79.79,79.79,79.71,79.75,8713,0
FTNT.US,5,20251231,182500,79.75,79.77,79.72,79.73,5297,0
FTNT.US,5,20251231,183000,79.72,79.825,79.705,79.825,9237,0
FTNT.US,5,20251231,183500,79.825,79.83,79.81,79.82,6239,0
FTNT.US,5,20251231,184000,79.81,79.81,79.77,79.81,7657,0
FTNT.US,5,20251231,184500,79.81,79.845,79.79,79.81,8519,0
FTNT.US,5,20251231,185000,79.8,79.82,79.79,79.8,5520,0
FTNT.US,5,20251231,185500,79.8,79.86,79.78,79.835,7397,0
FTNT.US,5,20251231,190000,79.84,79.84,79.78,79.79,18591,0
FTNT.US,5,20251231,190500,79.78,79.83,79.76,79.83,8174,0
FTNT.US,5,20251231,191000,79.835,79.86,79.81,79.85,8853,0
FTNT.US,5,20251231,191500,79.865,79.87,79.8151,79.8151,9170,0
FTNT.US,5,20251231,192000,79.8,79.8,79.75,79.75,5215,0
FTNT.US,5,20251231,192500,79.73,79.78,79.73,79.75,5357,0
FTNT.US,5,20251231,193000,79.76,79.79,79.75,79.78,8123,0
FTNT.US,5,20251231,193500,79.78,79.83,79.775,79.825,6987,0
FTNT.US,5,20251231,194000,79.825,79.885,79.825,79.885,9246,0
FTNT.US,5,20251231,194500,79.89,79.911,79.8602,79.89,14563,0
FTNT.US,5,20251231,195000,79.905,79.915,79.89,79.905,6182,0
FTNT.US,5,20251231,195500,79.91,79.91,79.84,79.84,6841,0
FTNT.US,5,20251231,200000,79.85,79.93,79.85,79.9,9243,0
FTNT.US,5,20251231,200500,79.895,79.98,79.89,79.98,8529,0
FTNT.US,5,20251231,201000,79.97,79.99,79.965,79.965,7570,0
FTNT.US,5,20251231,201500,79.9615,79.9615,79.9,79.91,9572,0
FTNT.US,5,20251231,202000,79.93,79.93,79.9,79.92,5579,0
FTNT.US,5,20251231,202500,79.91,79.9175,79.86,79.86,10880,0
FTNT.US,5,20251231,203000,79.83,79.85,79.78,79.78,6257,0
FTNT.US,5,20251231,203500,79.7617,79.811,79.76,79.78,16798,0
FTNT.US,5,20251231,204000,79.78,79.81,79.7669,79.79,14118,0
FTNT.US,5,20251231,204500,79.78,79.78,79.73,79.74,10730,0
FTNT.US,5,20251231,205000,79.75,79.75,79.71,79.725,5779,0
FTNT.US,5,20251231,205500,79.725,79.74,79.7139,79.72,6272,0
FTNT.US,5,20251231,210000,79.72,79.72,79.56,79.57,12661,0
FTNT.US,5,20251231,210500,79.58,79.59,79.46,79.56,18113,0
FTNT.US,5,20251231,211000,79.565,79.565,79.49,79.52,6790,0
FTNT.US,5,20251231,211500,79.52,79.555,79.52,79.5401,7097,0
FTNT.US,5,20251231,212000,79.54,79.54,79.47,79.49,10179,0
FTNT.US,5,20251231,212500,79.48,79.49,79.42,79.43,11921,0
FTNT.US,5,20251231,213000,79.44,79.52,79.39,79.4901,17604,0
FTNT.US,5,20251231,213500,79.495,79.51,79.455,79.455,12676,0
FTNT.US,5,20251231,214000,79.45,79.47,79.41,79.44,14170,0
FTNT.US,5,20251231,214500,79.44,79.455,79.37,79.385,28445,0
FTNT.US,5,20251231,215000,79.38,79.55,79.365,79.47,70057,0
FTNT.US,5,20251231,215500,79.47,79.495,79.4,79.41,938521,0
FTNT.US,5,20260102,153000,79.97,79.97,78.95,79,117785,0
FTNT.US,5,20260102,153500,78.975,78.975,78.53,78.64,51421,0
FTNT.US,5,20260102,154000,78.6394,78.73,78.36,78.435,45971,0
FTNT.US,5,20260102,154500,78.48,78.715,78.31,78.315,39728,0
FTNT.US,5,20260102,155000,78.39,78.44,78.04,78.13,30379,0
FTNT.US,5,20260102,155500,78.13,78.23,78.05,78.11,29056,0
FTNT.US,5,20260102,160000,78.13,78.235,77.97,77.995,62190,0
FTNT.US,5,20260102,160500,78.01,78.02,77.86,77.97,172228,0
FTNT.US,5,20260102,161000,77.97,77.98,77.37,77.42,134726,0
FTNT.US,5,20260102,161500,77.41,77.45,77.22,77.39,72726,0
FTNT.US,5,20260102,162000,77.41,77.41,77.18,77.27,90104,0
FTNT.US,5,20260102,162500,77.27,77.42,77.24,77.34,64908,0
FTNT.US,5,20260102,163000,77.32,77.54,77.27,77.54,64874,0
FTNT.US,5,20260102,163500,77.55,77.71,77.55,77.71,47766,0
FTNT.US,5,20260102,164000,77.73,78.025,77.71,77.99,63394,0
FTNT.US,5,20260102,164500,77.99,78.03,77.795,77.805,62276,0
FTNT.US,5,20260102,165000,77.79,77.86,77.52,77.855,89498,0
FTNT.US,5,20260102,165500,77.85,77.925,77.525,77.64,50890,0
FTNT.US,5,20260102,170000,77.63,77.665,77.5,77.53,45428,0
FTNT.US,5,20260102,170500,77.53,77.75,77.445,77.75,75126,0
FTNT.US,5,20260102,171000,77.74,77.865,77.58,77.86,46023,0
FTNT.US,5,20260102,171500,77.885,77.95,77.7,77.77,38460,0
FTNT.US,5,20260102,172000,77.77,78.01,77.75,78,40952,0
FTNT.US,5,20260102,172500,78.005,78.06,77.93,77.93,34121,0
FTNT.US,5,20260102,173000,77.94,78.06,77.91,78.015,36751,0
FTNT.US,5,20260102,173500,78.01,78.06,77.95,77.96,40980,0
FTNT.US,5,20260102,174000,77.95,77.95,77.76,77.79,45351,0
FTNT.US,5,20260102,174500,77.76,77.92,77.72,77.89,52072,0
FTNT.US,5,20260102,175000,77.89,77.91,77.83,77.91,28839,0
FTNT.US,5,20260102,175500,77.92,77.985,77.86,77.98,42916,0
FTNT.US,5,20260102,180000,77.97,77.97,77.9,77.94,31153,0
FTNT.US,5,20260102,180500,77.94,78,77.91,77.95,31552,0
FTNT.US,5,20260102,181000,77.95,78.03,77.915,78.02,34965,0
FTNT.US,5,20260102,181500,78.02,78.06,77.99,77.99,19094,0
FTNT.US,5,20260102,182000,77.995,78.0349,77.965,77.97,135534,0
FTNT.US,5,20260102,182500,77.97,78,77.91,77.93,50997,0
FTNT.US,5,20260102,183000,77.94,77.98,77.85,77.875,26746,0
FTNT.US,5,20260102,183500,77.89,77.89,77.71,77.71,21761,0
FTNT.US,5,20260102,184000,77.71,77.86,77.62,77.82,35988,0
FTNT.US,5,20260102,184500,77.8,77.845,77.66,77.68,52368,0
FTNT.US,5,20260102,185000,77.68,77.75,77.66,77.68,38516,0
FTNT.US,5,20260102,185500,77.68,77.705,77.57,77.6,27618,0
FTNT.US,5,20260102,190000,77.6,77.65,77.55,77.57,29181,0
FTNT.US,5,20260102,190500,77.57,77.57,77.46,77.49,37260,0
FTNT.US,5,20260102,191000,77.5,77.525,77.48,77.495,31543,0
FTNT.US,5,20260102,191500,77.49,77.58,77.41,77.5527,30844,0
FTNT.US,5,20260102,192000,77.55,77.6,77.49,77.509,35898,0
FTNT.US,5,20260102,192500,77.51,77.51,77.4221,77.425,22577,0
FTNT.US,5,20260102,193000,77.415,77.435,77.35,77.35,38495,0
FTNT.US,5,20260102,193500,77.345,77.51,77.32,77.5,41752,0
FTNT.US,5,20260102,194000,77.5,77.56,77.455,77.56,33792,0
FTNT.US,5,20260102,194500,77.55,77.63,77.44876,77.45,30902,0
FTNT.US,5,20260102,195000,77.44,77.46,77.35,77.46,35964,0
FTNT.US,5,20260102,195500,77.44,77.44,77.305,77.42,33290,0
FTNT.US,5,20260102,200000,77.43,77.53,77.38,77.51,67225,0
FTNT.US,5,20260102,200500,77.54,77.71,77.54,77.69,26274,0
FTNT.US,5,20260102,201000,77.69,77.9,77.66,77.9,29775,0
FTNT.US,5,20260102,201500,77.885,77.94,77.81,77.91,73488,0
FTNT.US,5,20260102,202000,77.915,77.98,77.869,77.96,30162,0
FTNT.US,5,20260102,202500,77.97,78.03,77.945,77.98,21937,0
FTNT.US,5,20260102,203000,77.988,78.05,77.9,77.9,43393,0
FTNT.US,5,20260102,203500,77.88,77.93,77.845,77.93,43835,0
FTNT.US,5,20260102,204000,77.93,77.965,77.9,77.91,33626,0
FTNT.US,5,20260102,204500,77.92,78.02,77.92,78,24068,0
FTNT.US,5,20260102,205000,78,78.02,77.97,77.99,24029,0
FTNT.US,5,20260102,205500,77.99,78.01,77.77,77.83,64349,0
FTNT.US,5,20260102,210000,77.83,77.99,77.79,77.935,66575,0
FTNT.US,5,20260102,210500,77.94,77.965,77.91,77.94,54298,0
FTNT.US,5,20260102,211000,77.95,78.04,77.95,77.99,48858,0
FTNT.US,5,20260102,211500,77.978,78.035,77.95,77.99,38236,0
FTNT.US,5,20260102,212000,77.99,78.0188,77.92,77.94,55284,0
FTNT.US,5,20260102,212500,77.94,77.98,77.91,77.945,52786,0
FTNT.US,5,20260102,213000,77.945,77.985,77.86,77.88,81399,0
FTNT.US,5,20260102,213500,77.87,77.94,77.835,77.85,77131,0
FTNT.US,5,20260102,214000,77.85,77.865,77.795,77.815,79734,0
FTNT.US,5,20260102,214500,77.805,77.94,77.795,77.87,125163,0
FTNT.US,5,20260102,215000,77.87,78.05,77.87,77.89,97782,0
FTNT.US,5,20260102,215500,77.91,77.96,77.84,77.88,1416241,0
FTNT.US,5,20260105,153000,78.53,79.18,78.4003,79.03,100071,0
FTNT.US,5,20260105,153500,79.045,79.3,79,79.1925,19861,0
FTNT.US,5,20260105,154000,79.2272,79.46,79.1,79.46,22479,0
FTNT.US,5,20260105,154500,79.47,79.59,79.31,79.42,31526,0
FTNT.US,5,20260105,155000,79.415,79.52,79.29,79.34,24869,0
FTNT.US,5,20260105,155500,79.335,79.42,79.27,79.415,17792,0
FTNT.US,5,20260105,160000,79.43,79.9,79.37,79.71,49594,0
FTNT.US,5,20260105,160500,79.69,79.76,79.495,79.5,45033,0
FTNT.US,5,20260105,161000,79.52,79.71,79.48,79.59,21724,0
FTNT.US,5,20260105,161500,79.595,79.67,79.53,79.65,19951,0
FTNT.US,5,20260105,162000,79.64,79.64,79.48,79.635,15942,0
FTNT.US,5,20260105,162500,79.6201,79.69,79.48,79.505,60269,0
FTNT.US,5,20260105,163000,79.5,79.56,79.335,79.425,35159,0
FTNT.US,5,20260105,163500,79.45,79.57,79.39,79.41,24874,0
FTNT.US,5,20260105,164000,79.39,79.56,79.36,79.47,21976,0
FTNT.US,5,20260105,164500,79.48,79.63,79.48,79.5,26044,0
FTNT.US,5,20260105,165000,79.508,79.555,79.46,79.5,16427,0
FTNT.US,5,20260105,165500,79.49,79.565,79.34,79.36,24400,0
FTNT.US,5,20260105,170000,79.37,79.37,79.27,79.36,15793,0
FTNT.US,5,20260105,170500,79.365,79.39,79.27,79.36,28066,0
FTNT.US,5,20260105,171000,79.35,79.35,79.29,79.29,26255,0
FTNT.US,5,20260105,171500,79.27,79.28,78.96,79.01,39874,0
FTNT.US,5,20260105,172000,79.01,79.03,78.92,78.92,34252,0
FTNT.US,5,20260105,172500,78.93,78.98,78.88,78.98,33535,0
FTNT.US,5,20260105,173000,78.96,78.97,78.82,78.87,53466,0
FTNT.US,5,20260105,173500,78.89,78.98,78.8435,78.9,13832,0
FTNT.US,5,20260105,174000,78.8676,78.95,78.85,78.95,12441,0
FTNT.US,5,20260105,174500,78.96,78.985,78.885,78.985,11139,0
FTNT.US,5,20260105,175000,79,79.06,78.91,78.92,19579,0
FTNT.US,5,20260105,175500,78.9232,79.0099,78.81,78.96,41727,0
FTNT.US,5,20260105,180000,78.96,79.1,78.96,79.075,41901,0
FTNT.US,5,20260105,180500,79.07,79.17,79.0607,79.12,23226,0
FTNT.US,5,20260105,181000,79.12,79.155,79.01,79.035,28134,0
FTNT.US,5,20260105,181500,79.035,79.05,78.955,78.975,14036,0
FTNT.US,5,20260105,182000,78.98,78.98,78.8,78.81,21455,0
FTNT.US,5,20260105,182500,78.8,78.83,78.75,78.83,18625,0
FTNT.US,5,20260105,183000,78.825,78.83,78.68,78.73,13966,0
FTNT.US,5,20260105,183500,78.7,78.7232,78.63,78.65,10657,0
FTNT.US,5,20260105,184000,78.6,78.6,78.27,78.27,20556,0
FTNT.US,5,20260105,184500,78.28,78.3065,78.2,78.205,36947,0
FTNT.US,5,20260105,185000,78.21,78.22,78.105,78.11,16739,0
FTNT.US,5,20260105,185500,78.1,78.1,77.98,78.02,54306,0
FTNT.US,5,20260105,190000,78.02,78.065,77.98,78.05,95832,0
FTNT.US,5,20260105,190500,78.05,78.13,77.98,78.11,39813,0
FTNT.US,5,20260105,191000,78.11,78.14,78.08,78.115,15955,0
FTNT.US,5,20260105,191500,78.11,78.14,78.04,78.12,22101,0
FTNT.US,5,20260105,192000,78.115,78.115,77.93,78.07,69548,0
FTNT.US,5,20260105,192500,78.08,78.15,78.05,78.135,13612,0
FTNT.US,5,20260105,193000,78.125,78.125,77.87,77.87,53944,0
FTNT.US,5,20260105,193500,77.89,78.065,77.835,78.025,42324,0
FTNT.US,5,20260105,194000,78.015,78.065,77.99,78.065,23089,0
FTNT.US,5,20260105,194500,78.08,78.115,78.06,78.085,16204,0
FTNT.US,5,20260105,195000,78.08,78.1,78.04,78.05,7714,0
FTNT.US,5,20260105,195500,78.06,78.06,77.98,78.0105,40048,0
FTNT.US,5,20260105,200000,78.015,78.06,78.001,78.045,12567,0
FTNT.US,5,20260105,200500,78.06,78.06,77.985,78.02,14774,0
FTNT.US,5,20260105,201000,78.02,78.1,78.02,78.095,14313,0
FTNT.US,5,20260105,201500,78.0912,78.11,78.07,78.08,16993,0
FTNT.US,5,20260105,202000,78.09,78.115,78.04,78.1,18020,0
FTNT.US,5,20260105,202500,78.1,78.1,78.01,78.06,92906,0
FTNT.US,5,20260105,203000,78.07,78.15,78.07,78.08,12223,0
FTNT.US,5,20260105,203500,78.05,78.06,77.9701,78,21726,0
FTNT.US,5,20260105,204000,78.01,78.025,77.98,78.02,24889,0
FTNT.US,5,20260105,204500,78.02,78.09,78,78.09,11191,0
FTNT.US,5,20260105,205000,78.095,78.1,78.035,78.07,17933,0
FTNT.US,5,20260105,205500,78.051,78.06,78.03,78.04,10883,0
FTNT.US,5,20260105,210000,78.03,78.03,77.99,78.005,33826,0
FTNT.US,5,20260105,210500,78,78.04,77.99,78.04,22426,0
FTNT.US,5,20260105,211000,78.025,78.04,77.9486,77.98,101279,0
FTNT.US,5,20260105,211500,77.99,78.001,77.961,77.99,165388,0
FTNT.US,5,20260105,212000,77.985,78,77.935,77.995,143715,0
FTNT.US,5,20260105,212500,77.9901,78.01,77.975,77.985,81111,0
FTNT.US,5,20260105,213000,77.99,78.0088,77.955,77.985,75255,0
FTNT.US,5,20260105,213500,77.99,78.01,77.99,77.995,40607,0
FTNT.US,5,20260105,214000,77.995,78.06,77.99,78.01,32319,0
FTNT.US,5,20260105,214500,78.01,78.045,78.004,78.015,31802,0
FTNT.US,5,20260105,215000,78.01,78.06,77.8301,78.02,163323,0
FTNT.US,5,20260105,215500,78.02,78.03,77.885,77.92,211580,0
FTNT.US,5,20260106,153000,77.73,77.91,77.6,77.89,161410,0
FTNT.US,5,20260106,153500,77.89,78.26,77.885,78.06,113282,0
FTNT.US,5,20260106,154000,78.0742,78.22,78.03,78.17,22843,0
FTNT.US,5,20260106,154500,78.18,78.42,78.18,78.415,59903,0
FTNT.US,5,20260106,155000,78.42,78.55,78.215,78.25,43922,0
FTNT.US,5,20260106,155500,78.24,78.285,78.08,78.27,23923,0
FTNT.US,5,20260106,160000,78.27,78.3,78.1,78.135,40769,0
FTNT.US,5,20260106,160500,78.135,78.21,77.99,78,63912,0
FTNT.US,5,20260106,161000,78,78.125,78,78.1,31086,0
FTNT.US,5,20260106,161500,78.1,78.3,78.095,78.28,76286,0
FTNT.US,5,20260106,162000,78.2703,78.31,78.22,78.285,42044,0
FTNT.US,5,20260106,162500,78.31,78.3273,78.23,78.28,31642,0
FTNT.US,5,20260106,163000,78.3,78.471,78.28,78.42,65645,0
FTNT.US,5,20260106,163500,78.43,78.47,78.385,78.45,22478,0
FTNT.US,5,20260106,164000,78.47,78.4838,78.36,78.36,30179,0
FTNT.US,5,20260106,164500,78.355,78.74,78.355,78.62,60653,0
FTNT.US,5,20260106,165000,78.621,78.715,78.57,78.665,24795,0
FTNT.US,5,20260106,165500,78.67,78.67,78.51,78.53,17894,0
FTNT.US,5,20260106,170000,78.53,78.67,78.41,78.44,78215,0
FTNT.US,5,20260106,170500,78.44,78.46,78.32,78.41,36472,0
FTNT.US,5,20260106,171000,78.4121,78.525,78.41,78.505,24314,0
FTNT.US,5,20260106,171500,78.5,78.5,78.285,78.41,33050,0
FTNT.US,5,20260106,172000,78.43,78.49,78.365,78.405,16310,0
FTNT.US,5,20260106,172500,78.405,78.53,78.39,78.465,59483,0
FTNT.US,5,20260106,173000,78.465,78.72,78.435,78.67,42961,0
FTNT.US,5,20260106,173500,78.67,78.775,78.67,78.7475,45214,0
FTNT.US,5,20260106,174000,78.745,78.745,78.52,78.53,82010,0
FTNT.US,5,20260106,174500,78.53,78.755,78.53,78.745,44610,0
FTNT.US,5,20260106,175000,78.75,78.75,78.675,78.7,36435,0
FTNT.US,5,20260106,175500,78.7,78.715,78.66,78.7,21388,0
FTNT.US,5,20260106,180000,78.7,78.785,78.69,78.78,31954,0
FTNT.US,5,20260106,180500,78.775,78.9,78.735,78.89,24613,0
FTNT.US,5,20260106,181000,78.9,79.0299,78.9,78.97,26357,0
FTNT.US,5,20260106,181500,78.98,79.01,78.9284,78.985,34025,0
FTNT.US,5,20260106,182000,78.98,79.02,78.97,78.975,16732,0
FTNT.US,5,20260106,182500,78.96,79.01,78.9265,78.975,24056,0
FTNT.US,5,20260106,183000,78.99,79.11,78.97,79.03,19138,0
FTNT.US,5,20260106,183500,79.03,79.09,78.955,79.065,16038,0
FTNT.US,5,20260106,184000,79.07,79.17,79.035,79.07,21984,0
FTNT.US,5,20260106,184500,79.08,79.09,79,79.02,8972,0
FTNT.US,5,20260106,185000,79.025,79.05,78.93,78.95,10897,0
FTNT.US,5,20260106,185500,78.93,78.95,78.91,78.915,23940,0
FTNT.US,5,20260106,190000,78.91,79.09,78.855,79.08,19953,0
FTNT.US,5,20260106,190500,79.07,79.14,79.05,79.14,26369,0
FTNT.US,5,20260106,191000,79.12,79.15,79.095,79.14,6729,0
FTNT.US,5,20260106,191500,79.13,79.2,79.11,79.18,13420,0
FTNT.US,5,20260106,192000,79.17,79.1708,79.01,79.016,26131,0
FTNT.US,5,20260106,192500,79.01,79.01,78.84,78.84,16518,0
FTNT.US,5,20260106,193000,78.84,79,78.83,78.99,19554,0
FTNT.US,5,20260106,193500,78.98,79,78.925,78.96,14063,0
FTNT.US,5,20260106,194000,78.955,78.955,78.88,78.94,16645,0
FTNT.US,5,20260106,194500,78.94,78.99,78.9,78.92,21473,0
FTNT.US,5,20260106,195000,78.915,78.94,78.77,78.8,31890,0
FTNT.US,5,20260106,195500,78.805,78.86,78.79,78.82,15485,0
FTNT.US,5,20260106,200000,78.83,78.88,78.81,78.84,18001,0
FTNT.US,5,20260106,200500,78.83,78.9,78.8,78.82,27108,0
FTNT.US,5,20260106,201000,78.81,78.87,78.8,78.84,17703,0
FTNT.US,5,20260106,201500,78.83,78.83,78.77,78.795,22659,0
FTNT.US,5,20260106,202000,78.79,78.7999,78.715,78.715,23074,0
FTNT.US,5,20260106,202500,78.7,78.71,78.65,78.676,23655,0
FTNT.US,5,20260106,203000,78.68,78.72,78.655,78.6701,20694,0
FTNT.US,5,20260106,203500,78.67,78.72,78.665,78.675,25588,0
FTNT.US,5,20260106,204000,78.68,78.695,78.615,78.615,37349,0
FTNT.US,5,20260106,204500,78.615,78.69,78.58,78.68,43338,0
FTNT.US,5,20260106,205000,78.67,78.7,78.515,78.515,92705,0
FTNT.US,5,20260106,205500,78.515,78.53,78.45,78.45,29455,0
FTNT.US,5,20260106,210000,78.45,78.46,78.28,78.32,50487,0
FTNT.US,5,20260106,210500,78.3081,78.36,78.27,78.29,44368,0
FTNT.US,5,20260106,211000,78.3,78.32,78.26,78.295,30569,0
FTNT.US,5,20260106,211500,78.3,78.42,78.3,78.36,28062,0
FTNT.US,5,20260106,212000,78.36,78.36,78.3,78.31,27159,0
FTNT.US,5,20260106,212500,78.32,78.32,78.27,78.28,27324,0
FTNT.US,5,20260106,213000,78.28,78.325,78.26,78.3,31271,0
FTNT.US,5,20260106,213500,78.305,78.36,78.24,78.34,41247,0
FTNT.US,5,20260106,214000,78.33,78.385,78.305,78.36,90221,0
FTNT.US,5,20260106,214500,78.36,78.56,78.35,78.54,82840,0
FTNT.US,5,20260106,215000,78.55,78.7,78.39,78.41,168041,0
FTNT.US,5,20260106,215500,78.41,78.5,78.38,78.41,346531,0
FTNT.US,5,20260107,153000,78.61,79.4024,78.61,79.31,116719,0
FTNT.US,5,20260107,153500,79.31,79.51,79,79.19,51788,0
FTNT.US,5,20260107,154000,79.1876,79.2311,78.78,78.82,22676,0
FTNT.US,5,20260107,154500,78.815,79.43,78.81,79.2901,47287,0
FTNT.US,5,20260107,155000,79.32,79.43,79.02,79.02,43794,0
FTNT.US,5,20260107,155500,79.06,79.69,79.05,79.68,30151,0
FTNT.US,5,20260107,160000,79.71,79.78,79.43,79.43,60545,0
FTNT.US,5,20260107,160500,79.43,79.49,79.22,79.275,31732,0
FTNT.US,5,20260107,161000,79.27,79.46,79.27,79.38,21431,0
FTNT.US,5,20260107,161500,79.37,79.4199,79.16,79.17,37376,0
FTNT.US,5,20260107,162000,79.18,79.27,79.08,79.2,21353,0
FTNT.US,5,20260107,162500,79.225,79.225,79.01,79.06,42242,0
FTNT.US,5,20260107,163000,79.05,79.24,79.05,79.08,42576,0
FTNT.US,5,20260107,163500,79.08,79.13,78.35,79.07,369681,0
FTNT.US,5,20260107,164000,79.08,79.23,78.935,79.14,49516,0
FTNT.US,5,20260107,164500,79.15,79.29,79.12,79.16,39421,0
FTNT.US,5,20260107,165000,79.15,79.255,79.07,79.255,21603,0
FTNT.US,5,20260107,165500,79.2566,79.63,79.23,79.63,43616,0
FTNT.US,5,20260107,170000,79.635,79.79,79.625,79.71,28508,0
FTNT.US,5,20260107,170500,79.7,79.76,79.65,79.725,38522,0
FTNT.US,5,20260107,171000,79.71,79.75,79.58,79.7,46255,0
FTNT.US,5,20260107,171500,79.7,79.75,79.63,79.69,24209,0
FTNT.US,5,20260107,172000,79.68,79.94,79.65,79.93,45251,0
FTNT.US,5,20260107,172500,79.92,79.95,79.82,79.945,28682,0
FTNT.US,5,20260107,173000,79.95,79.98,79.89,79.96,28932,0
FTNT.US,5,20260107,173500,79.95,79.96,79.86,79.895,30986,0
FTNT.US,5,20260107,174000,79.895,80.08,79.88,80.08,36239,0
FTNT.US,5,20260107,174500,80.0925,80.36,80.08,80.35,28915,0
FTNT.US,5,20260107,175000,80.35,80.45,80.28,80.38,29754,0
FTNT.US,5,20260107,175500,80.38,80.49,80.37,80.49,16822,0
FTNT.US,5,20260107,180000,80.47,80.53,80.4,80.455,28455,0
FTNT.US,5,20260107,180500,80.455,80.76,80.446,80.76,30339,0
FTNT.US,5,20260107,181000,80.76,80.78,80.62,80.63,39521,0
FTNT.US,5,20260107,181500,80.63,80.65,80.55,80.65,42730,0
FTNT.US,5,20260107,182000,80.655,80.71,80.62,80.6725,26110,0
FTNT.US,5,20260107,182500,80.67,80.74,80.56,80.59,19069,0
FTNT.US,5,20260107,183000,80.5862,80.75,80.57,80.73,12525,0
FTNT.US,5,20260107,183500,80.74,80.84,80.74,80.75,23079,0
FTNT.US,5,20260107,184000,80.76,80.8599,80.76,80.8599,18129,0
FTNT.US,5,20260107,184500,80.845,80.85,80.79,80.8,22005,0
FTNT.US,5,20260107,185000,80.79,80.82,80.64,80.77,50070,0
FTNT.US,5,20260107,185500,80.78,80.815,80.575,80.61,50695,0
FTNT.US,5,20260107,190000,80.63,80.72,80.63,80.646,17478,0
FTNT.US,5,20260107,190500,80.64,80.72,80.57,80.59,17612,0
FTNT.US,5,20260107,191000,80.5808,80.65,80.455,80.47,18536,0
FTNT.US,5,20260107,191500,80.465,80.63,80.465,80.49,27776,0
FTNT.US,5,20260107,192000,80.5,80.7,80.5,80.66,21322,0
FTNT.US,5,20260107,192500,80.66,80.75,80.618,80.62,10405,0
FTNT.US,5,20260107,193000,80.635,80.725,80.62,80.7,15664,0
FTNT.US,5,20260107,193500,80.69,80.71,80.575,80.59,19327,0
FTNT.US,5,20260107,194000,80.6,80.61,80.545,80.57,14371,0
FTNT.US,5,20260107,194500,80.57,80.69,80.57,80.63,15712,0
FTNT.US,5,20260107,195000,80.63,80.69,80.51,80.51,10773,0
FTNT.US,5,20260107,195500,80.51,80.53,80.435,80.485,26583,0
FTNT.US,5,20260107,200000,80.47,80.68,80.465,80.6,110597,0
FTNT.US,5,20260107,200500,80.6,80.6,80.41,80.43,10016,0
FTNT.US,5,20260107,201000,80.425,80.4795,80.4,80.414,16601,0
FTNT.US,5,20260107,201500,80.415,80.415,80.28,80.38,12679,0
FTNT.US,5,20260107,202000,80.36,80.4,80.26,80.29,9472,0
FTNT.US,5,20260107,202500,80.29,80.31,80.16,80.17,22938,0
FTNT.US,5,20260107,203000,80.16,80.23,80.04,80.04,32989,0
FTNT.US,5,20260107,203500,80.03,80.16,80.01,80.15,128245,0
FTNT.US,5,20260107,204000,80.14,80.14,79.96,79.99,46623,0
FTNT.US,5,20260107,204500,80,80.0001,79.89,79.895,36054,0
FTNT.US,5,20260107,205000,79.91,80.07,79.89,80.06,27075,0
FTNT.US,5,20260107,205500,80.07,80.09,80.01,80.025,22387,0
FTNT.US,5,20260107,210000,80.02,80.08,79.99,80.025,27736,0
FTNT.US,5,20260107,210500,80.03,80.08,80.005,80.05,24924,0
FTNT.US,5,20260107,211000,80.045,80.14,79.97,79.97,62584,0
FTNT.US,5,20260107,211500,79.97,80.07,79.96,80.01,28857,0
FTNT.US,5,20260107,212000,80.01,80.02,79.925,79.96,30116,0
FTNT.US,5,20260107,212500,79.97,79.98,79.74,79.8,50409,0
FTNT.US,5,20260107,213000,79.805,79.935,79.79,79.86,31837,0
FTNT.US,5,20260107,213500,79.85,79.86,79.715,79.74,37411,0
FTNT.US,5,20260107,214000,79.73,80.03,79.725,80,57167,0
FTNT.US,5,20260107,214500,80,80.005,79.87,79.88,56156,0
FTNT.US,5,20260107,215000,79.87,80,79.825,79.97,140680,0
FTNT.US,5,20260107,215500,79.96,80.04,79.9,80.02,1070256,0
FTNT.US,5,20260108,153000,79.54,79.54,78.765,78.87,141172,0
FTNT.US,5,20260108,153500,78.88,79.19,78.725,78.77,39251,0
FTNT.US,5,20260108,154000,78.775,79.03,78.73,78.815,21710,0
FTNT.US,5,20260108,154500,78.79,79.085,78.64,79.085,40888,0
FTNT.US,5,20260108,155000,79.07,79.26,78.98,79.07,19231,0
FTNT.US,5,20260108,155500,79.05,79.33,79.045,79.105,35708,0
FTNT.US,5,20260108,160000,79.115,79.13,78.52,78.735,60111,0
FTNT.US,5,20260108,160500,78.75,78.77,78.3,78.6,78040,0
FTNT.US,5,20260108,161000,78.62,78.665,78.51,78.52,34185,0
FTNT.US,5,20260108,161500,78.5,78.6,78.32,78.36,91927,0
FTNT.US,5,20260108,162000,78.37,78.61,78.3585,78.46,12525,0
FTNT.US,5,20260108,162500,78.485,78.605,78.265,78.265,22429,0
FTNT.US,5,20260108,163000,78.25,78.3,78.16,78.19,25755,0
FTNT.US,5,20260108,163500,78.2,78.39,78.2,78.37,34201,0
FTNT.US,5,20260108,164000,78.37,78.45,78.32,78.45,24482,0
FTNT.US,5,20260108,164500,78.4001,78.46,78.22,78.295,47270,0
FTNT.US,5,20260108,165000,78.31,78.4,78.3,78.35,18541,0
FTNT.US,5,20260108,165500,78.34,78.44,78.315,78.42,17509,0
FTNT.US,5,20260108,170000,78.42,78.48,78.39,78.48,14203,0
FTNT.US,5,20260108,170500,78.48,78.5,78.36,78.365,13118,0
FTNT.US,5,20260108,171000,78.36,78.39,78.33,78.34,13200,0
FTNT.US,5,20260108,171500,78.35,78.37,78.27,78.31,22487,0
FTNT.US,5,20260108,172000,78.32,78.36,78.295,78.33,24701,0
FTNT.US,5,20260108,172500,78.325,78.325,77.95,77.97,122489,0
FTNT.US,5,20260108,173000,77.975,78.08,77.78,78.04,88217,0
FTNT.US,5,20260108,173500,78.0528,78.08,77.91,78.08,45987,0
FTNT.US,5,20260108,174000,78.08,78.1,77.98,77.99,23277,0
FTNT.US,5,20260108,174500,78.005,78.15,77.94,78.05,79496,0
FTNT.US,5,20260108,175000,78.07,78.18,78.05,78.06,32274,0
FTNT.US,5,20260108,175500,78.06,78.07,77.98,77.99,42145,0
FTNT.US,5,20260108,180000,78,78.07,77.91,77.925,123521,0
FTNT.US,5,20260108,180500,77.94,78.02,77.93,78,35402,0
FTNT.US,5,20260108,181000,78,78.0308,77.979,78.03,30256,0
FTNT.US,5,20260108,181500,78.02,78.035,77.99,78.03,24434,0
FTNT.US,5,20260108,182000,78.035,78.1,78,78.025,20252,0
FTNT.US,5,20260108,182500,78.01,78.07,77.995,78.07,10489,0
FTNT.US,5,20260108,183000,78.075,78.34,78.07,78.325,16486,0
FTNT.US,5,20260108,183500,78.325,78.36,78.155,78.2,57409,0
FTNT.US,5,20260108,184000,78.18,78.235,78.12,78.17,38536,0
FTNT.US,5,20260108,184500,78.17,78.34,78.17,78.31,42063,0
FTNT.US,5,20260108,185000,78.3,78.35,78.21,78.245,20933,0
FTNT.US,5,20260108,185500,78.23,78.28,78.13,78.25,26009,0
FTNT.US,5,20260108,190000,78.255,78.33,78.215,78.22,16855,0
FTNT.US,5,20260108,190500,78.22,78.22,78.085,78.09,32420,0
FTNT.US,5,20260108,191000,78.1,78.1,78.025,78.05,29438,0
FTNT.US,5,20260108,191500,78.055,78.14,78.05,78.135,16319,0
FTNT.US,5,20260108,192000,78.15,78.2,78.12,78.175,12209,0
FTNT.US,5,20260108,192500,78.17,78.275,78.13,78.25,19032,0
FTNT.US,5,20260108,193000,78.26,78.26,78.15,78.25,67398,0
FTNT.US,5,20260108,193500,78.2699,78.43,78.245,78.36,12235,0
FTNT.US,5,20260108,194000,78.35,78.35,78.17,78.24,38762,0
FTNT.US,5,20260108,194500,78.23,78.335,78.215,78.3,23720,0
FTNT.US,5,20260108,195000,78.305,78.33,78.19,78.2,18786,0
FTNT.US,5,20260108,195500,78.2,78.25,78.07,78.08,53040,0
FTNT.US,5,20260108,200000,78.08,78.08,77.99,78.005,36912,0
FTNT.US,5,20260108,200500,78.0001,78.075,78,78.03,25555,0
FTNT.US,5,20260108,201000,78.03,78.05,77.96,77.97,24013,0
FTNT.US,5,20260108,201500,77.975,78.055,77.95,78.03,25618,0
FTNT.US,5,20260108,202000,78.03,78.04,77.98,77.98,31717,0
FTNT.US,5,20260108,202500,77.97,78.005,77.96,77.98,55340,0
FTNT.US,5,20260108,203000,77.99,78.055,77.99,78.03,16335,0
FTNT.US,5,20260108,203500,78.025,78.04,77.98,77.99,21754,0
FTNT.US,5,20260108,204000,77.995,78,77.97,78,36768,0
FTNT.US,5,20260108,204500,78.005,78.02,77.99,78,16502,0
FTNT.US,5,20260108,205000,78.005,78.015,77.98,78,50299,0
FTNT.US,5,20260108,205500,78,78.085,77.99,78.085,31133,0
FTNT.US,5,20260108,210000,78.08,78.225,78.06,78.16,31803,0
FTNT.US,5,20260108,210500,78.16,78.18,78.075,78.11,21507,0
FTNT.US,5,20260108,211000,78.11,78.34,78.105,78.32,30120,0
FTNT.US,5,20260108,211500,78.32,78.35,78.275,78.33,27682,0
FTNT.US,5,20260108,212000,78.33,78.34,78.23,78.27,33730,0
FTNT.US,5,20260108,212500,78.285,78.375,78.25,78.26,48642,0
FTNT.US,5,20260108,213000,78.26,78.38,78.26,78.32,57792,0
FTNT.US,5,20260108,213500,78.32,78.33,78.16,78.165,34256,0
FTNT.US,5,20260108,214000,78.165,78.25,78.105,78.23,47490,0
FTNT.US,5,20260108,214500,78.23,78.235,77.98,77.985,220949,0
FTNT.US,5,20260108,215000,77.97,78.13,77.755,78.04,169162,0
FTNT.US,5,20260108,215500,78.045,78.08,78,78.05,1416776,0
