<TICKER>,<PER>,<DATE>,<TIME>,<OPEN>,<HIGH>,<LOW>,<CLOSE>,<VOL>,<OPENINT>
KUST.US,5,20250813,153000,5.37,5.37,5.37,5.37,1375.9999998623998,0
KUST.US,5,20250813,154000,5.415,5.46,5.415,5.43,1333.3333332,0
KUST.US,5,20250813,154500,5.4597,5.4597,5.4597,5.4597,116.3333333217,0
KUST.US,5,20250813,155000,5.4522,5.4522,5.4003,5.4018,344.66666663219996,0
KUST.US,5,20250813,155500,5.4,5.4219,5.3403,5.4219,743.3333332589999,0
KUST.US,5,20250813,160000,5.4,5.4,5.34,5.34,237.3333333096,0
KUST.US,5,20250813,160500,5.34,5.4,5.34,5.4,291.3333333042,0
KUST.US,5,20250813,161500,5.37,5.37,5.37,5.37,33.333333329999995,0
KUST.US,5,20250813,162500,5.4,5.4297,5.391,5.4297,345.33333329879997,0
KUST.US,5,20250813,163000,5.37,5.37,5.37,5.37,99.99999998999999,0
KUST.US,5,20250813,164000,5.4,5.4,5.4,5.4,194.66666664719997,0
KUST.US,5,20250813,164500,5.3703,5.3703,5.3703,5.3703,333.3333333,0
KUST.US,5,20250813,165000,5.4,5.4,5.34,5.34,1290.6666665376,0
KUST.US,5,20250813,170000,5.325,5.325,5.325,5.325,33.333333329999995,0
KUST.US,5,20250813,171000,5.34,5.34,5.34,5.34,262.33333330709996,0
KUST.US,5,20250813,171500,5.32005,5.32005,5.32005,5.32005,56.666666660999994,0
KUST.US,5,20250813,174000,5.31,5.31,5.28,5.28,1866.6666664799998,0
KUST.US,5,20250813,174500,5.31,5.31,5.31,5.31,255.9999999744,0
KUST.US,5,20250813,180000,5.28,5.28,5.28,5.28,129.6666666537,0
KUST.US,5,20250813,181000,5.2803,5.2803,5.2803,5.2803,41.6666666625,0
KUST.US,5,20250813,181500,5.28,5.3061,5.28,5.295,366.66666662999995,0
KUST.US,5,20250813,184000,5.31,5.31,5.31,5.31,33.333333329999995,0
KUST.US,5,20250813,185500,5.295,5.295,5.28,5.28,66.66666665999999,0
KUST.US,5,20250813,190000,5.2815,5.325,5.265,5.295,2357.9999997642,0
KUST.US,5,20250813,192500,5.28,5.2809,5.28,5.2809,66.66666665999999,0
KUST.US,5,20250813,193500,5.31,5.31,5.31,5.31,33.333333329999995,0
KUST.US,5,20250813,194000,5.2866,5.2866,5.28,5.28,199.99999997999998,0
KUST.US,5,20250813,195500,5.31,5.31,5.31,5.31,133.33333331999998,0
KUST.US,5,20250813,200500,5.28,5.28,5.28,5.28,58.999999994099994,0
KUST.US,5,20250813,202000,5.28,5.28,5.28,5.28,133.33333331999998,0
KUST.US,5,20250813,202500,5.28,5.28,5.28,5.28,134.9999999865,0
KUST.US,5,20250813,204000,5.2524,5.2524,5.2524,5.2524,66.66666665999999,0
KUST.US,5,20250813,204500,5.2797,5.2797,5.2797,5.2797,199.99999997999998,0
KUST.US,5,20250813,205500,5.265,5.2782,5.265,5.2782,333.3333333,0
KUST.US,5,20250813,210000,5.25,5.28,5.25,5.28,369.3333332964,0
KUST.US,5,20250813,210500,5.34,5.34,5.34,5.34,149.999999985,0
KUST.US,5,20250813,213000,5.31,5.31,5.31,5.31,33.333333329999995,0
KUST.US,5,20250813,214500,5.34,5.34,5.34,5.34,499.99999994999996,0
KUST.US,5,20250813,215500,5.3496,5.3496,5.31,5.34,160.99999998389998,0
KUST.US,5,20250814,153000,5.34,5.34,5.31,5.31,337.6666666329,0
KUST.US,5,20250814,154000,5.2827,5.2827,5.2827,5.2827,33.333333329999995,0
KUST.US,5,20250814,154500,5.3109,5.3109,5.25,5.28,1099.99999989,0
KUST.US,5,20250814,155000,5.2884,5.2884,5.25,5.25,1447.3333331886,0
KUST.US,5,20250814,155500,5.2797,5.2797,5.265,5.2797,389.99999996099996,0
KUST.US,5,20250814,160000,5.325,5.325,5.28,5.28,238.33333330949998,0
KUST.US,5,20250814,160500,5.31,5.3457,5.31,5.3457,66.66666665999999,0
KUST.US,5,20250814,162500,5.3058,5.3058,5.3058,5.3058,86.666666658,0
KUST.US,5,20250814,163000,5.28,5.28,5.28,5.28,105.9999999894,0
KUST.US,5,20250814,170000,5.34,5.34,5.34,5.34,1921.9999998078,0
KUST.US,5,20250814,171500,5.31,5.37,5.31,5.37,433.33333329,0
KUST.US,5,20250814,172000,5.3277,5.3277,5.3277,5.3277,33.333333329999995,0
KUST.US,5,20250814,175500,5.3622,5.3622,5.2947,5.2947,166.66666665,0
KUST.US,5,20250814,180500,5.28,5.31,5.25,5.3073,272.3333333061,0
KUST.US,5,20250814,181000,5.31,5.31,5.31,5.31,195.9999999804,0
KUST.US,5,20250814,183500,5.325,5.325,5.325,5.325,33.333333329999995,0
KUST.US,5,20250814,184500,5.31,5.31,5.31,5.31,36.3333333297,0
KUST.US,5,20250814,185000,5.34,5.34,5.2803,5.31,233.33333330999997,0
KUST.US,5,20250814,190000,5.28,5.28,5.28,5.28,33.333333329999995,0
KUST.US,5,20250814,190500,5.295,5.295,5.295,5.295,97.9999999902,0
KUST.US,5,20250814,191500,5.2692,5.2692,5.2692,5.2692,39.3333333294,0
KUST.US,5,20250814,202000,5.2524,5.2665,5.2524,5.2665,99.99999998999999,0
KUST.US,5,20250814,203500,5.295,5.295,5.25,5.28,634.6666666031999,0
KUST.US,5,20250814,204500,5.28,5.28,5.28,5.28,96.33333332369999,0
KUST.US,5,20250814,205500,5.28,5.28,5.28,5.28,49.999999994999996,0
KUST.US,5,20250814,210000,5.28,5.28,5.28,5.28,33.333333329999995,0
KUST.US,5,20250814,211500,5.28,5.28,5.28,5.28,166.66666665,0
KUST.US,5,20250814,212000,5.28,5.28,5.25,5.25,4336.9999995663,0
KUST.US,5,20250814,212500,5.2392,5.25,5.2392,5.25,309.999999969,0
KUST.US,5,20250814,213000,5.2497,5.2497,5.2497,5.2497,566.66666661,0
KUST.US,5,20250814,214000,5.223,5.25,5.223,5.25,99.99999998999999,0
KUST.US,5,20250814,214500,5.2479,5.2479,5.2479,5.2479,83.333333325,0
KUST.US,5,20250814,215000,5.22,5.22,5.19,5.22,2073.6666664593,0
KUST.US,5,20250814,215500,5.205,5.22,5.205,5.22,144.3333333189,0
KUST.US,5,20250815,153000,5.25,5.25,5.19,5.19,3056.3333330276996,0
KUST.US,5,20250815,153500,5.07,5.1,5.07,5.1,149.66666665169998,0
KUST.US,5,20250815,154000,5.0703,5.145,5.0703,5.13,232.9999999767,0
KUST.US,5,20250815,154500,5.13,5.13,5.13,5.13,49.333333328399995,0
KUST.US,5,20250815,155000,5.1897,5.1897,5.1897,5.1897,166.66666665,0
KUST.US,5,20250815,161500,5.1,5.1,5.0715,5.0715,299.99999997,0
KUST.US,5,20250815,162000,5.07,5.13,5.07,5.13,203.66666664629997,0
KUST.US,5,20250815,162500,5.145,5.145,5.145,5.145,166.66666665,0
KUST.US,5,20250815,163000,5.19,5.19,5.16,5.16,169.99999998299998,0
KUST.US,5,20250815,163500,5.16,5.1879,5.16,5.1879,69.99999999299999,0
KUST.US,5,20250815,164500,5.1,5.1,5.1,5.1,33.333333329999995,0
KUST.US,5,20250815,170000,5.19,5.19,5.19,5.19,33.333333329999995,0
KUST.US,5,20250815,170500,5.145,5.2122,5.145,5.16,1349.6666665317,0
KUST.US,5,20250815,171000,5.16,5.16,5.16,5.16,76.666666659,0
KUST.US,5,20250815,171500,5.16,5.16,5.16,5.16,73.333333326,0
KUST.US,5,20250815,172000,5.16,5.16,5.16,5.16,33.333333329999995,0
KUST.US,5,20250815,173000,5.1735,5.1735,5.1735,5.1735,41.6666666625,0
KUST.US,5,20250815,174500,5.16,5.2011,5.16,5.2011,83.333333325,0
KUST.US,5,20250815,180000,5.1,5.1,5.1,5.1,38.6666666628,0
KUST.US,5,20250815,180500,5.22,5.22,5.22,5.22,49.999999994999996,0
KUST.US,5,20250815,181000,5.13,5.13,5.13,5.13,199.99999997999998,0
KUST.US,5,20250815,183000,5.175,5.175,5.175,5.175,73.333333326,0
KUST.US,5,20250815,183500,5.16,5.16,5.16,5.16,66.66666665999999,0
KUST.US,5,20250815,191500,5.175,5.22,5.175,5.19,4355.6666662311,0
KUST.US,5,20250815,192000,5.19,5.217,5.19,5.19,439.99999995599995,0
KUST.US,5,20250815,192500,5.19,5.19,5.19,5.19,73.333333326,0
KUST.US,5,20250815,194500,5.16,5.19,5.16,5.19,199.99999997999998,0
KUST.US,5,20250815,195000,5.1606,5.19,5.16,5.16,2299.9999997699997,0
KUST.US,5,20250815,200000,5.1873,5.1885,5.1,5.1885,2112.6666664554,0
KUST.US,5,20250815,200500,5.16,5.16,5.16,5.16,83.333333325,0
KUST.US,5,20250815,202500,5.1801,5.1801,5.1801,5.1801,63.333333327,0
KUST.US,5,20250815,203000,5.145,5.145,5.145,5.145,33.333333329999995,0
KUST.US,5,20250815,203500,5.19,5.19,5.19,5.19,33.333333329999995,0
KUST.US,5,20250815,210500,5.1315,5.1315,5.1315,5.1315,49.999999994999996,0
KUST.US,5,20250815,211500,5.145,5.19,5.145,5.19,99.99999998999999,0
KUST.US,5,20250815,212000,5.1819,5.1819,5.1819,5.1819,96.33333332369999,0
KUST.US,5,20250815,214000,5.1003,5.1897,5.1003,5.1897,177.6666666489,0
KUST.US,5,20250815,214500,5.1116,5.17841,5.1116,5.13,362.33333329709995,0
KUST.US,5,20250815,215000,5.13,5.13,5.1132,5.1132,225.6666666441,0
KUST.US,5,20250815,215500,5.16,5.16,5.16,5.16,76.666666659,0
KUST.US,5,20250818,153000,5.16,5.16,5.16,5.16,366.3333332967,0
KUST.US,5,20250818,153500,5.25,5.25,5.25,5.25,33.333333329999995,0
KUST.US,5,20250818,154500,5.1765,5.1765,5.1765,5.1765,66.66666665999999,0
KUST.US,5,20250818,155000,5.1804,5.1804,5.16,5.16,204.33333331289998,0
KUST.US,5,20250818,163000,5.16,5.16,5.16,5.16,49.6666666617,0
KUST.US,5,20250818,163500,5.22,5.22,5.22,5.22,66.66666665999999,0
KUST.US,5,20250818,164500,5.1993,5.2776,5.1993,5.2776,666.6666666,0
KUST.US,5,20250818,165000,5.2458,5.2458,5.2458,5.2458,33.333333329999995,0
KUST.US,5,20250818,165500,5.1303,5.2797,5.1303,5.2797,374.3333332959,0
KUST.US,5,20250818,173000,5.28,5.28,5.22,5.22,123.333333321,0
KUST.US,5,20250818,173500,5.25,5.25,5.25,5.25,33.333333329999995,0
KUST.US,5,20250818,175000,5.25,5.25,5.25,5.25,66.66666665999999,0
KUST.US,5,20250818,181000,5.25,5.34,5.25,5.25,1899.99999981,0
KUST.US,5,20250818,191500,5.2212,5.2212,5.2212,5.2212,299.99999997,0
KUST.US,5,20250818,192000,5.22,5.25,5.16,5.22,781.3333332551999,0
KUST.US,5,20250818,193500,5.22,5.22,5.22,5.22,123.333333321,0
KUST.US,5,20250818,195000,5.265,5.265,5.265,5.265,94.6666666572,0
KUST.US,5,20250818,200000,5.31,5.31,5.31,5.31,266.66666663999996,0
KUST.US,5,20250818,202500,5.355,5.355,5.355,5.355,66.9999999933,0
KUST.US,5,20250818,203500,5.37,5.37,5.37,5.37,79.999999992,0
KUST.US,5,20250818,204000,5.34,5.34,5.34,5.34,53.333333327999995,0
KUST.US,5,20250818,210000,5.3142,5.3142,5.3142,5.3142,99.99999998999999,0
KUST.US,5,20250818,211000,5.31,5.31,5.31,5.31,99.99999998999999,0
KUST.US,5,20250818,212000,5.34,5.34,5.337,5.337,79.999999992,0
KUST.US,5,20250818,212500,5.31,5.31,5.31,5.31,1401.3333331932,0
KUST.US,5,20250818,213500,5.31,5.31,5.31,5.31,133.33333331999998,0
KUST.US,5,20250818,215500,5.22,5.22,5.19,5.19,263.333333307,0
KUST.US,5,20250819,153000,5.175,5.175,5.175,5.175,103.6666666563,0
KUST.US,5,20250819,153500,5.13,5.1327,5.13,5.1327,324.9999999675,0
KUST.US,5,20250819,154000,5.1762,5.1762,5.1762,5.1762,33.333333329999995,0
KUST.US,5,20250819,155500,5.16,5.16,5.16,5.16,33.333333329999995,0
KUST.US,5,20250819,161000,5.13,5.13,5.13,5.13,133.33333331999998,0
KUST.US,5,20250819,163500,5.1327,5.16,5.1327,5.16,99.3333333234,0
KUST.US,5,20250819,164000,5.13,5.1309,5.13,5.13,267.6666666399,0
KUST.US,5,20250819,170500,5.13,5.13,5.13,5.13,283.333333305,0
KUST.US,5,20250819,173500,5.13,5.13,5.13,5.13,1707.9999998291999,0
KUST.US,5,20250819,175500,5.1006,5.1006,5.1006,5.1006,33.333333329999995,0
KUST.US,5,20250819,180500,5.1324,5.1324,5.1324,5.1324,33.333333329999995,0
KUST.US,5,20250819,183000,5.1048,5.1048,5.1048,5.1048,72.33333332609999,0
KUST.US,5,20250819,184500,5.1,5.1,5.1,5.1,266.66666663999996,0
KUST.US,5,20250819,185500,5.1,5.1,5.07,5.07,139.6666666527,0
KUST.US,5,20250819,192500,5.13,5.13,5.13,5.13,33.333333329999995,0
KUST.US,5,20250819,193500,5.16,5.19,5.16,5.16,538.3333332794999,0
KUST.US,5,20250819,200500,5.25,5.25,5.25,5.25,33.333333329999995,0
KUST.US,5,20250819,203000,5.22,5.22,5.22,5.22,267.6666666399,0
KUST.US,5,20250819,212000,5.157,5.157,5.157,5.157,666.6666666,0
KUST.US,5,20250819,213500,5.1786,5.1786,5.1786,5.1786,166.66666665,0
KUST.US,5,20250820,153000,5.16,5.16,5.07,5.07,498.3333332835,0
KUST.US,5,20250820,154000,5.07,5.07,5.07,5.07,151.66666665149998,0
KUST.US,5,20250820,155000,5.0787,5.0787,5.04,5.04,750.9999999249,0
KUST.US,5,20250820,155500,5.1,5.1,5.1,5.1,2066.6666664599998,0
KUST.US,5,20250820,160000,5.0775,5.0775,5.0775,5.0775,240.66666664259998,0
KUST.US,5,20250820,160500,5.0211,5.0211,5.0211,5.0211,202.6666666464,0
KUST.US,5,20250820,161500,5.19,5.19,5.19,5.19,83.333333325,0
KUST.US,5,20250820,162500,5.1207,5.1207,5.1207,5.1207,49.999999994999996,0
KUST.US,5,20250820,163000,5.0934,5.0934,5.0934,5.0934,33.333333329999995,0
KUST.US,5,20250820,164000,5.0835,5.0835,5.0835,5.0835,49.999999994999996,0
KUST.US,5,20250820,165000,5.07,5.07,5.07,5.07,33.333333329999995,0
KUST.US,5,20250820,170000,5.115,5.115,5.115,5.115,83.333333325,0
KUST.US,5,20250820,171500,5.172,5.172,5.172,5.172,71.6666666595,0
KUST.US,5,20250820,172000,5.04,5.04,5.04,5.04,333.3333333,0
KUST.US,5,20250820,172500,5.0103,5.0973,5.0103,5.0103,1504.3333331828999,0
KUST.US,5,20250820,173500,5.1,5.1,5.1,5.1,66.66666665999999,0
KUST.US,5,20250820,191500,5.16,5.16,5.1,5.1,486.66666661799997,0
KUST.US,5,20250820,194000,5.1,5.1,5.1,5.1,333.3333333,0
KUST.US,5,20250820,200500,5.055,5.055,5.055,5.055,166.66666665,0
KUST.US,5,20250820,204000,5.043,5.043,5.043,5.043,68.3333333265,0
KUST.US,5,20250820,210000,5.04,5.0673,5.04,5.0673,259.6666666407,0
KUST.US,5,20250820,212000,5.01,5.01,5.01,5.01,72.6666666594,0
KUST.US,5,20250820,212500,5.01,5.01,4.98,5.01,296.3333333037,0
KUST.US,5,20250820,213000,4.98,5.01,4.98,5.01,130.99999998689998,0
KUST.US,5,20250820,214000,5.01,5.01,5.01,5.01,33.333333329999995,0
KUST.US,5,20250820,215500,5.01,5.07,5.01,5.07,116.66666665499999,0
KUST.US,5,20250821,153000,5.07,5.07,5.07,5.07,360.3333332973,0
KUST.US,5,20250821,153500,5.04,5.04,5.04,5.04,299.99999997,0
KUST.US,5,20250821,154000,5.01,5.01,5.01,5.01,66.66666665999999,0
KUST.US,5,20250821,154500,5.0274,5.0274,5.0103,5.0103,499.99999994999996,0
KUST.US,5,20250821,160500,5.04,5.04,5.04,5.04,33.333333329999995,0
KUST.US,5,20250821,161500,5.04,5.04,5.04,5.04,91.3333333242,0
KUST.US,5,20250821,162500,5.0139,5.0139,5.0139,5.0139,99.99999998999999,0
KUST.US,5,20250821,163500,5.04,5.04,5.04,5.04,333.3333333,0
KUST.US,5,20250821,164000,5.0673,5.07,5.055,5.07,129.6666666537,0
KUST.US,5,20250821,170000,5.0673,5.0673,5.0673,5.0673,33.333333329999995,0
KUST.US,5,20250821,171500,5.0676,5.0676,5.0676,5.0676,83.333333325,0
KUST.US,5,20250821,172500,5.07,5.07,5.07,5.07,1624.9999998375,0
KUST.US,5,20250821,173000,5.1,5.1,5.1,5.1,699.99999993,0
KUST.US,5,20250821,174500,5.1342,5.1342,5.1342,5.1342,522.9999999477,0
KUST.US,5,20250821,182000,5.04,5.04,5.04,5.04,117.99999998819999,0
KUST.US,5,20250821,182500,5.1,5.1,5.1,5.1,166.66666665,0
KUST.US,5,20250821,183000,5.154,5.16,5.154,5.16,2001.3333331331999,0
KUST.US,5,20250821,183500,5.16,5.16,5.16,5.16,33.333333329999995,0
KUST.US,5,20250821,185500,5.16,5.16,5.16,5.16,37.333333329599995,0
KUST.US,5,20250821,193000,5.25,5.25,5.25,5.25,33.333333329999995,0
KUST.US,5,20250821,194000,5.16,5.16,5.16,5.16,99.99999998999999,0
KUST.US,5,20250821,202000,5.16,5.16,5.16,5.16,49.999999994999996,0
KUST.US,5,20250821,211000,5.16,5.16,5.16,5.16,73.333333326,0
KUST.US,5,20250821,212000,5.1678,5.1678,5.1678,5.1678,122.66666665439999,0
KUST.US,5,20250821,213000,5.25,5.25,5.25,5.25,299.99999997,0
KUST.US,5,20250822,153000,5.22,5.22,5.22,5.22,74.3333333259,0
KUST.US,5,20250822,155500,5.19,5.19,5.19,5.19,48.9999999951,0
KUST.US,5,20250822,160000,5.25,5.25,5.25,5.25,61.999999993799996,0
KUST.US,5,20250822,160500,5.2332,5.25,5.2332,5.25,333.3333333,0
KUST.US,5,20250822,161000,5.2398,5.2398,5.2398,5.2398,96.666666657,0
KUST.US,5,20250822,162000,5.2377,5.4,5.1372,5.394,5592.6666661074,0
KUST.US,5,20250822,162500,5.265,5.64,5.22,5.64,30928.9999969071,0
KUST.US,5,20250822,163000,5.64,5.73,5.4,5.4603,39794.666662687196,0
KUST.US,5,20250822,163500,5.4609,5.55,5.37,5.4297,5990.666666067599,0
KUST.US,5,20250822,164000,5.5617,5.5797,5.49,5.5227,2639.6666664027,0
KUST.US,5,20250822,164500,5.46,5.46,5.2803,5.2869,6972.3333326361,0
KUST.US,5,20250822,165000,5.37,5.4894,5.2803,5.3559,1077.6666665589,0
KUST.US,5,20250822,165500,5.4,5.4,5.4,5.4,1535.9999998464,0
KUST.US,5,20250822,170000,5.43,5.4303,5.43,5.4303,661.3333332671999,0
KUST.US,5,20250822,170500,5.46,5.46,5.46,5.46,2499.99999975,0
KUST.US,5,20250822,171000,5.46,5.46,5.4003,5.4003,467.99999995319996,0
KUST.US,5,20250822,171500,5.415,5.415,5.415,5.415,34.999999996499994,0
KUST.US,5,20250822,172000,5.49,5.49,5.46,5.46,110.6666666556,0
KUST.US,5,20250822,173000,5.43,5.43,5.31,5.385,2075.9999997923996,0
KUST.US,5,20250822,173500,5.4597,5.4597,5.4597,5.4597,33.333333329999995,0
KUST.US,5,20250822,174000,5.43,5.4552,5.4,5.4,3691.6666662975,0
KUST.US,5,20250822,175500,5.46,5.46,5.46,5.46,5804.3333327529,0
KUST.US,5,20250822,180000,5.4603,5.4603,5.4603,5.4603,1499.99999985,0
KUST.US,5,20250822,180500,5.4672,5.5389,5.46,5.5389,333.3333333,0
KUST.US,5,20250822,181000,5.517,5.5419,5.5071,5.5419,2999.9999997,0
KUST.US,5,20250822,181500,5.505,5.55,5.46,5.505,11567.6666655099,0
KUST.US,5,20250822,182000,5.52,5.6658,5.52,5.61,3864.6666662802,0
KUST.US,5,20250822,182500,5.64,5.6856,5.64,5.64,383.333333295,0
KUST.US,5,20250822,183000,5.6106,5.6106,5.58,5.58,483.333333285,0
KUST.US,5,20250822,183500,5.7,5.7,5.655,5.6982,2563.6666664103,0
KUST.US,5,20250822,184000,5.6997,5.7,5.6997,5.7,568.3333332765,0
KUST.US,5,20250822,184500,5.67,5.7,5.67,5.67,1099.99999989,0
KUST.US,5,20250822,185000,5.655,5.7,5.64,5.67,2637.9999997361997,0
KUST.US,5,20250822,185500,5.7,5.76,5.7,5.76,2467.3333330866,0
KUST.US,5,20250822,190000,5.7456,5.7456,5.73,5.73,116.66666665499999,0
KUST.US,5,20250822,190500,5.757,5.757,5.73,5.73,666.6666666,0
KUST.US,5,20250822,191000,5.76,5.76,5.76,5.76,733.3333332599999,0
KUST.US,5,20250822,191500,5.73,5.73,5.73,5.73,99.99999998999999,0
KUST.US,5,20250822,192000,5.7252,5.76,5.7,5.7534,1816.666666485,0
KUST.US,5,20250822,192500,5.6466,5.715,5.6466,5.715,1968.9999998030999,0
KUST.US,5,20250822,193000,5.7426,5.7426,5.7426,5.7426,66.66666665999999,0
KUST.US,5,20250822,193500,5.7072,5.7072,5.6703,5.7,433.33333329,0
KUST.US,5,20250822,194000,5.7291,5.7291,5.7018,5.7018,249.99999997499998,0
KUST.US,5,20250822,194500,5.73,5.73,5.73,5.73,33.333333329999995,0
KUST.US,5,20250822,195000,5.7027,5.7027,5.7027,5.7027,33.333333329999995,0
KUST.US,5,20250822,195500,5.715,5.7282,5.7,5.7108,632.6666666033999,0
KUST.US,5,20250822,200000,5.715,5.715,5.715,5.715,266.66666663999996,0
KUST.US,5,20250822,200500,5.715,5.715,5.715,5.715,33.333333329999995,0
KUST.US,5,20250822,201000,5.73,5.85,5.73,5.85,2770.3333330563,0
KUST.US,5,20250822,201500,5.8674,5.88,5.82,5.82,2135.9999997863997,0
KUST.US,5,20250822,202000,5.85,5.88,5.82,5.82,891.6666665775,0
KUST.US,5,20250822,202500,5.8188,5.88,5.8158,5.865,1929.3333331403999,0
KUST.US,5,20250822,203000,5.88,5.88,5.8752,5.8752,199.99999997999998,0
KUST.US,5,20250822,203500,5.88,6.09,5.7903,5.94,26944.9999973055,0
KUST.US,5,20250822,204000,5.94,6,5.73,5.73,16476.666665018998,0
KUST.US,5,20250822,204500,5.76,5.7678,5.61,5.64,10226.666665644,0
KUST.US,5,20250822,205000,5.64,5.76,5.46,5.4699,14912.9999985087,0
KUST.US,5,20250822,205500,5.4606,5.5722,5.46,5.5221,2832.3333330501,0
KUST.US,5,20250822,210000,5.49,5.5209,5.49,5.5209,303.33333330299996,0
KUST.US,5,20250822,210500,5.52,5.55,5.52,5.52,202.33333331309998,0
KUST.US,5,20250822,211000,5.52,5.5638,5.52,5.5638,189.999999981,0
KUST.US,5,20250822,211500,5.55,5.61,5.55,5.6097,1166.66666655,0
KUST.US,5,20250822,212000,5.61,5.655,5.5803,5.61346,654.6666666012,0
KUST.US,5,20250822,213000,5.64,5.64,5.64,5.64,66.66666665999999,0
KUST.US,5,20250822,213500,5.61,5.61,5.5551,5.5551,466.66666661999994,0
KUST.US,5,20250822,214000,5.55,5.6796,5.55,5.6796,766.66666659,0
KUST.US,5,20250822,214500,5.64,5.64,5.64,5.64,33.333333329999995,0
KUST.US,5,20250822,215000,5.625,5.7,5.55,5.7,1506.9999998493,0
KUST.US,5,20250822,215500,5.6982,5.6982,5.61,5.61,5268.3333328065,0
KUST.US,5,20250825,153000,5.61,5.7,5.61,5.6778,4019.3333329313996,0
KUST.US,5,20250825,153500,5.7,5.7,5.61,5.61,211.33333331219998,0
KUST.US,5,20250825,154000,5.625,5.625,5.625,5.625,33.333333329999995,0
KUST.US,5,20250825,154500,5.55,5.55,5.55,5.55,399.99999995999997,0
KUST.US,5,20250825,155000,5.535,5.55,5.535,5.55,199.99999997999998,0
KUST.US,5,20250825,155500,5.55,5.61,5.55,5.58,145.6666666521,0
KUST.US,5,20250825,160000,5.61,5.67,5.61,5.64,499.99999994999996,0
KUST.US,5,20250825,160500,5.61,5.61,5.562,5.562,214.9999999785,0
KUST.US,5,20250825,161500,5.6619,5.6619,5.5845,5.5845,499.99999994999996,0
KUST.US,5,20250825,162500,5.64,5.64,5.58,5.58,151.66666665149998,0
KUST.US,5,20250825,163500,5.61,5.61,5.5635,5.61,1336.666666533,0
KUST.US,5,20250825,164000,5.64,5.76,5.64,5.76,705.9999999293999,0
KUST.US,5,20250825,165000,5.7,5.73,5.7,5.73,360.6666666306,0
KUST.US,5,20250825,165500,5.667,5.667,5.6562,5.6562,118.33333332149999,0
KUST.US,5,20250825,170000,5.61,5.61,5.61,5.61,71.6666666595,0
KUST.US,5,20250825,171500,5.6109,5.6109,5.6109,5.6109,33.333333329999995,0
KUST.US,5,20250825,174000,5.6091,5.6091,5.6091,5.6091,33.333333329999995,0
KUST.US,5,20250825,174500,5.685,5.76,5.6103,5.76,564.9999999434999,0
KUST.US,5,20250825,175000,5.6292,5.6292,5.6292,5.6292,33.333333329999995,0
KUST.US,5,20250825,180000,5.67,5.67,5.58,5.58,3390.9999996609,0
KUST.US,5,20250825,184500,5.5953,5.5953,5.5953,5.5953,66.66666665999999,0
KUST.US,5,20250825,185500,5.67,5.67,5.67,5.67,66.66666665999999,0
KUST.US,5,20250825,190500,5.6415,5.6415,5.6415,5.6415,199.99999997999998,0
KUST.US,5,20250825,191000,5.67,5.67,5.67,5.67,33.333333329999995,0
KUST.US,5,20250825,192000,5.64,5.7,5.64,5.64,499.99999994999996,0
KUST.US,5,20250825,194000,5.6478,5.6478,5.61,5.61,325.66666663409995,0
KUST.US,5,20250825,195500,5.64,5.64,5.64,5.64,300.3333333033,0
KUST.US,5,20250825,201000,5.61,5.61,5.61,5.61,266.66666663999996,0
KUST.US,5,20250825,211500,5.64,5.64,5.64,5.64,93.333333324,0
KUST.US,5,20250825,212000,5.5803,5.5803,5.58,5.58,802.6666665864,0
KUST.US,5,20250825,212500,5.55,5.55,5.55,5.55,116.66666665499999,0
KUST.US,5,20250825,213000,5.58,5.58,5.58,5.58,57.6666666609,0
KUST.US,5,20250825,214000,5.6955,5.6955,5.61,5.61,166.66666665,0
KUST.US,5,20250825,214500,5.64,5.64,5.64,5.64,782.9999999216999,0
KUST.US,5,20250825,215500,5.58,5.64,5.58,5.64,107.3333333226,0
KUST.US,5,20250826,153000,5.64,5.64,5.55,5.55,337.6666666329,0
KUST.US,5,20250826,153500,5.76,5.76,5.76,5.76,33.333333329999995,0
KUST.US,5,20250826,154000,5.67,5.67,5.67,5.67,66.66666665999999,0
KUST.US,5,20250826,154500,5.6079,5.6079,5.6079,5.6079,166.66666665,0
KUST.US,5,20250826,160500,5.61,5.6238,5.5803,5.5803,799.9999999199999,0
KUST.US,5,20250826,161000,5.6022,5.6022,5.6022,5.6022,212.99999997869998,0
KUST.US,5,20250826,162500,5.61,5.61,5.61,5.61,66.66666665999999,0
KUST.US,5,20250826,164500,5.61,5.61,5.61,5.61,217.66666664489998,0
KUST.US,5,20250826,165500,5.55,5.55,5.46,5.466,523.6666666143,0
KUST.US,5,20250826,170000,5.46,5.6982,5.46,5.6982,699.99999993,0
KUST.US,5,20250826,171500,5.5812,5.5812,5.5812,5.5812,55.9999999944,0
KUST.US,5,20250826,172000,5.5827,5.64,5.58,5.64,150.6666666516,0
KUST.US,5,20250826,172500,5.6001,5.6001,5.6001,5.6001,166.66666665,0
KUST.US,5,20250826,174500,5.6352,5.6352,5.6352,5.6352,33.333333329999995,0
KUST.US,5,20250826,180000,5.5503,5.5872,5.5503,5.5872,566.66666661,0
KUST.US,5,20250826,181500,5.55,5.55,5.55,5.55,166.66666665,0
KUST.US,5,20250826,182000,5.5551,5.5551,5.5551,5.5551,66.66666665999999,0
KUST.US,5,20250826,183500,5.553,5.553,5.553,5.553,78.33333332549999,0
KUST.US,5,20250826,184000,5.55,5.5518,5.55,5.5518,2266.66666644,0
KUST.US,5,20250826,190500,5.52,5.55,5.52,5.55,333.3333333,0
KUST.US,5,20250826,193500,5.535,5.535,5.5107,5.5107,66.66666665999999,0
KUST.US,5,20250826,194000,5.535,5.535,5.535,5.535,33.333333329999995,0
KUST.US,5,20250826,201500,5.505,5.505,5.505,5.505,33.333333329999995,0
KUST.US,5,20250826,210500,5.49,5.49,5.49,5.49,187.99999998119998,0
KUST.US,5,20250826,211000,5.49,5.49,5.49,5.49,66.66666665999999,0
KUST.US,5,20250826,212000,5.505,5.505,5.505,5.505,51.666666661499995,0
KUST.US,5,20250826,212500,5.5005,5.5005,5.5005,5.5005,133.33333331999998,0
KUST.US,5,20250826,215500,5.49,5.49,5.46,5.46,118.99999998809999,0
KUST.US,5,20250827,153000,5.49,5.49,5.49,5.49,180.3333333153,0
KUST.US,5,20250827,153500,5.49,5.49,5.46,5.49,795.9999999204,0
KUST.US,5,20250827,154500,5.46,5.475,5.43,5.43,366.66666662999995,0
KUST.US,5,20250827,155000,5.43,5.43,5.43,5.43,149.999999985,0
KUST.US,5,20250827,155500,5.43,5.43,5.43,5.43,233.33333330999997,0
KUST.US,5,20250827,160000,5.481,5.5299,5.475,5.49,1186.666666548,0
KUST.US,5,20250827,160500,5.55,5.55,5.4177,5.4177,669.6666665997,0
KUST.US,5,20250827,162500,5.5707,5.5707,5.43,5.43,116.66666665499999,0
KUST.US,5,20250827,170000,5.493,5.61,5.4798,5.58,8223.333332511,0
KUST.US,5,20250827,170500,5.61,5.64,5.5323,5.5323,799.9999999199999,0
KUST.US,5,20250827,171500,5.631,5.64,5.6229,5.64,394.99999996049996,0
KUST.US,5,20250827,172500,5.5509,5.5509,5.5509,5.5509,33.333333329999995,0
KUST.US,5,20250827,173500,5.58,5.595,5.58,5.595,266.66666663999996,0
KUST.US,5,20250827,174000,5.58,5.58,5.55,5.55,333.3333333,0
KUST.US,5,20250827,175000,5.5806,5.5806,5.5806,5.5806,33.333333329999995,0
KUST.US,5,20250827,180000,5.61,5.61,5.61,5.61,33.333333329999995,0
KUST.US,5,20250827,180500,5.6121,5.6121,5.6121,5.6121,96.33333332369999,0
KUST.US,5,20250827,181000,5.61,5.625,5.61,5.61,2099.99999979,0
KUST.US,5,20250827,183000,5.58,5.58,5.58,5.58,66.66666665999999,0
KUST.US,5,20250827,184500,5.61,5.61,5.61,5.61,199.66666664669998,0
KUST.US,5,20250827,193000,5.61,5.61,5.5863,5.5863,1248.6666665418,0
KUST.US,5,20250827,193500,5.61,5.61,5.61,5.61,232.6666666434,0
KUST.US,5,20250827,194500,5.61,5.61,5.61,5.61,299.99999997,0
KUST.US,5,20250827,201500,5.5896,5.61,5.5896,5.61,104.6666666562,0
KUST.US,5,20250827,203000,5.61,5.61,5.61,5.61,66.66666665999999,0
KUST.US,5,20250827,204000,5.61,5.61,5.61,5.61,33.333333329999995,0
KUST.US,5,20250827,205500,5.61,5.61,5.61,5.61,233.33333330999997,0
KUST.US,5,20250827,211000,5.6073,5.67,5.6073,5.67,3501.9999996498,0
KUST.US,5,20250827,213000,5.655,5.655,5.655,5.655,33.333333329999995,0
KUST.US,5,20250827,213500,5.6691,5.67,5.6691,5.67,89.999999991,0
KUST.US,5,20250827,215000,5.67,5.67,5.64,5.649,613.333333272,0
KUST.US,5,20250827,215500,5.6403,5.6403,5.64,5.64,721.9999999278,0
KUST.US,5,20250828,153000,5.67,5.67,5.6361,5.6361,709.999999929,0
KUST.US,5,20250828,153500,5.655,5.7,5.655,5.67,99.99999998999999,0
KUST.US,5,20250828,154000,5.6994,5.73,5.6994,5.73,1001.3333332331999,0
KUST.US,5,20250828,154500,5.7024,5.7024,5.7003,5.7003,199.99999997999998,0
KUST.US,5,20250828,155000,5.655,5.655,5.655,5.655,110.99999998889999,0
KUST.US,5,20250828,155500,5.67,5.67,5.67,5.67,66.66666665999999,0
KUST.US,5,20250828,160000,5.7249,5.73,5.7249,5.73,943.3333332389999,0
KUST.US,5,20250828,160500,5.7294,5.7297,5.7294,5.7297,198.3333333135,0
KUST.US,5,20250828,161000,5.7129,5.73,5.6766,5.73,806.9999999193,0
KUST.US,5,20250828,161500,5.73,5.73,5.73,5.73,81.9999999918,0
KUST.US,5,20250828,162500,5.7867,5.7867,5.7867,5.7867,166.66666665,0
KUST.US,5,20250828,164500,5.79,5.79,5.79,5.79,66.66666665999999,0
KUST.US,5,20250828,165000,5.76,5.79,5.73,5.73,704.3333332628999,0
KUST.US,5,20250828,172000,5.7,5.7,5.7,5.7,45.6666666621,0
KUST.US,5,20250828,172500,5.6688,5.6688,5.6535,5.6535,133.33333331999998,0
KUST.US,5,20250828,173000,5.6484,5.6484,5.64,5.64,666.6666666,0
KUST.US,5,20250828,173500,5.6499,5.6499,5.6499,5.6499,71.6666666595,0
KUST.US,5,20250828,174500,5.685,5.685,5.685,5.685,116.66666665499999,0
KUST.US,5,20250828,180000,5.64,5.64,5.64,5.64,99.99999998999999,0
KUST.US,5,20250828,181500,5.7288,5.7288,5.7288,5.7288,166.66666665,0
KUST.US,5,20250828,184000,5.6976,5.6976,5.6976,5.6976,183.33333331499998,0
KUST.US,5,20250828,190000,5.6817,5.6817,5.6817,5.6817,166.66666665,0
KUST.US,5,20250828,191500,5.6502,5.6502,5.6502,5.6502,80.6666666586,0
KUST.US,5,20250828,193000,5.7,5.7,5.7,5.7,166.66666665,0
KUST.US,5,20250828,195000,5.7,5.7,5.7,5.7,33.333333329999995,0
KUST.US,5,20250828,200000,5.7,5.7,5.7,5.7,33.333333329999995,0
KUST.US,5,20250828,201000,5.7,5.7,5.7,5.7,66.66666665999999,0
KUST.US,5,20250828,202000,5.7,5.7,5.67,5.67,384.66666662819995,0
KUST.US,5,20250828,203000,5.67,5.67,5.67,5.67,33.333333329999995,0
KUST.US,5,20250828,204000,5.685,5.7,5.685,5.7,99.99999998999999,0
KUST.US,5,20250828,210000,5.67,5.67,5.67,5.67,166.66666665,0
KUST.US,5,20250828,210500,5.6997,5.6997,5.685,5.685,966.66666657,0
KUST.US,5,20250828,211500,5.7,5.7,5.7,5.7,58.33333332749999,0
KUST.US,5,20250828,215500,5.7,5.715,5.7,5.715,109.6666666557,0
KUST.US,5,20250829,153000,5.73,5.73,5.73,5.73,33.333333329999995,0
KUST.US,5,20250829,153500,5.6943,5.6943,5.55,5.67,2851.3333330481996,0
KUST.US,5,20250829,161000,5.58,5.685,5.55,5.685,510.3333332823,0
KUST.US,5,20250829,162500,5.58,5.7,5.55,5.58,968.3333332364999,0
KUST.US,5,20250829,164500,5.5659,5.5659,5.5659,5.5659,36.666666663,0
KUST.US,5,20250829,165000,5.55,5.55,5.5038,5.5038,493.6666666173,0
KUST.US,5,20250829,165500,5.52,5.52,5.4,5.46,671.9999999327999,0
KUST.US,5,20250829,170000,5.49,5.49,5.46,5.49,299.99999997,0
KUST.US,5,20250829,171000,5.5203,5.5671,5.52,5.52,1299.99999987,0
KUST.US,5,20250829,171500,5.49,5.49,5.49,5.49,33.333333329999995,0
KUST.US,5,20250829,172000,5.49,5.49,5.49,5.49,715.9999999283999,0
KUST.US,5,20250829,172500,5.49,5.49,5.49,5.49,33.333333329999995,0
KUST.US,5,20250829,173000,5.49,5.49,5.49,5.49,66.66666665999999,0
KUST.US,5,20250829,173500,5.49,5.49,5.49,5.49,33.333333329999995,0
KUST.US,5,20250829,174000,5.52,5.52,5.49,5.49,698.9999999301,0
KUST.US,5,20250829,174500,5.49,5.58,5.49,5.58,1401.9999998597998,0
KUST.US,5,20250829,175000,5.58,5.58,5.52,5.52,283.6666666383,0
KUST.US,5,20250829,175500,5.55,5.6397,5.5203,5.5203,473.33333328599997,0
KUST.US,5,20250829,180500,5.58,5.58,5.58,5.58,33.333333329999995,0
KUST.US,5,20250829,182500,5.535,5.5944,5.535,5.5944,599.99999994,0
KUST.US,5,20250829,193000,5.5497,5.5497,5.5497,5.5497,166.66666665,0
KUST.US,5,20250829,194000,5.5401,5.5401,5.5401,5.5401,83.333333325,0
KUST.US,5,20250829,195000,5.46,5.5086,5.46,5.46,418.6666666248,0
KUST.US,5,20250829,195500,5.46,5.46,5.46,5.46,566.66666661,0
KUST.US,5,20250829,203500,5.46,5.46,5.46,5.46,266.66666663999996,0
KUST.US,5,20250829,205000,5.46,5.46,5.46,5.46,64.9999999935,0
KUST.US,5,20250829,210500,5.49,5.49,5.49,5.49,33.333333329999995,0
KUST.US,5,20250829,214500,5.46,5.49,5.46,5.46,6324.3333327008995,0
KUST.US,5,20250829,215500,5.49,5.49,5.43,5.43,1111.3333332221998,0
KUST.US,5,20250902,153000,5.46,5.49,5.37,5.43,4982.666666168399,0
KUST.US,5,20250902,153500,5.4,5.4,5.4,5.4,66.66666665999999,0
KUST.US,5,20250902,154000,5.4012,5.418,5.28,5.2809,2588.9999997411,0
KUST.US,5,20250902,154500,5.31,5.31,5.31,5.31,233.33333330999997,0
KUST.US,5,20250902,155500,5.31,5.3538,5.31,5.31,329.99999996699995,0
KUST.US,5,20250902,160000,5.31,5.31,5.31,5.31,189.3333333144,0
KUST.US,5,20250902,160500,5.28,5.28,5.28,5.28,33.333333329999995,0
KUST.US,5,20250902,161000,5.3775,5.3775,5.3775,5.3775,66.66666665999999,0
KUST.US,5,20250902,161500,5.28,5.28,5.28,5.28,99.99999998999999,0
KUST.US,5,20250902,162000,5.2515,5.2515,5.2515,5.2515,159.999999984,0
KUST.US,5,20250902,162500,5.34,5.34,5.28,5.28,343.333333299,0
KUST.US,5,20250902,163000,5.28,5.28,5.16,5.16,433.33333329,0
KUST.US,5,20250902,170500,5.1855,5.1855,5.16,5.16,99.99999998999999,0
KUST.US,5,20250902,171000,5.16,5.16,5.16,5.16,66.66666665999999,0
KUST.US,5,20250902,171500,5.16,5.16,5.16,5.16,33.333333329999995,0
KUST.US,5,20250902,173000,5.175,5.1894,5.16,5.16,233.33333330999997,0
KUST.US,5,20250902,175000,5.13,5.13,5.07,5.1,789.6666665877,0
KUST.US,5,20250902,175500,5.1558,5.1558,5.1558,5.1558,38.999999996099994,0
KUST.US,5,20250902,180000,5.1,5.1,5.1,5.1,203.333333313,0
KUST.US,5,20250902,180500,5.1,5.13,5.0499,5.13,663.333333267,0
KUST.US,5,20250902,182000,5.07,5.1294,5.07,5.1294,369.999999963,0
KUST.US,5,20250902,182500,5.07,5.07,5.07,5.07,33.333333329999995,0
KUST.US,5,20250902,183500,5.1,5.13,5.1,5.13,1471.6666665194998,0
KUST.US,5,20250902,190000,5.13,5.13,5.13,5.13,33.333333329999995,0
KUST.US,5,20250902,190500,5.145,5.145,5.1003,5.1003,143.9999999856,0
KUST.US,5,20250902,191500,5.16,5.16,5.16,5.16,99.99999998999999,0
KUST.US,5,20250902,193000,5.16,5.1867,5.16,5.1867,333.3333333,0
KUST.US,5,20250902,194500,5.13,5.16,5.13,5.16,249.99999997499998,0
KUST.US,5,20250902,195500,5.13,5.13,5.13,5.13,66.66666665999999,0
KUST.US,5,20250902,200000,5.16,5.16,5.13,5.13,66.66666665999999,0
KUST.US,5,20250902,201000,5.1846,5.1846,5.1846,5.1846,333.3333333,0
KUST.US,5,20250902,201500,5.1405,5.1405,5.1405,5.1405,49.999999994999996,0
KUST.US,5,20250902,202500,5.1,5.1,5.1,5.1,66.66666665999999,0
KUST.US,5,20250902,203000,5.16,5.16,5.16,5.16,333.3333333,0
KUST.US,5,20250902,205000,5.16,5.16,5.13,5.16,228.99999997709998,0
KUST.US,5,20250902,210500,5.16,5.16,5.1318,5.1318,241.9999999758,0
KUST.US,5,20250902,211500,5.2197,5.2197,5.1603,5.1603,533.3333332799999,0
KUST.US,5,20250902,214500,5.2161,5.2161,5.2161,5.2161,99.99999998999999,0
KUST.US,5,20250902,215000,5.19,5.235,5.175,5.235,463.99999995359997,0
KUST.US,5,20250902,215500,5.22,5.25,5.16,5.25,1154.9999998844999,0
KUST.US,5,20250903,153000,5.28,5.2827,5.28,5.2827,2668.6666663998,0
KUST.US,5,20250903,153500,5.19,5.19,5.04,5.04,4994.9999995005,0
KUST.US,5,20250903,154500,5.16,5.16,5.16,5.16,33.333333329999995,0
KUST.US,5,20250903,155000,5.16,5.16,5.16,5.16,33.333333329999995,0
KUST.US,5,20250903,155500,5.07,5.19,5.07,5.19,66.66666665999999,0
KUST.US,5,20250903,161500,5.16,5.16,5.16,5.16,33.333333329999995,0
KUST.US,5,20250903,163000,5.286,5.286,5.286,5.286,49.999999994999996,0
KUST.US,5,20250903,171000,5.19,5.19,5.19,5.19,33.333333329999995,0
KUST.US,5,20250903,173000,5.1,5.1,5.07,5.07,1818.6666664847999,0
KUST.US,5,20250903,173500,5.1843,5.1843,5.1843,5.1843,33.333333329999995,0
KUST.US,5,20250903,183000,5.1,5.16,5.1,5.115,6480.3333326853,0
KUST.US,5,20250903,183500,5.1591,5.3238,5.1591,5.25,10351.3333322982,0
KUST.US,5,20250903,184000,5.22,5.22,5.22,5.22,36.3333333297,0
KUST.US,5,20250903,185000,5.3097,5.3097,5.265,5.265,361.6666666305,0
KUST.US,5,20250903,191000,5.325,5.325,5.325,5.325,33.333333329999995,0
KUST.US,5,20250903,194500,5.2527,5.2527,5.2527,5.2527,89.999999991,0
KUST.US,5,20250903,195000,5.28,5.28,5.28,5.28,199.99999997999998,0
KUST.US,5,20250903,200500,5.31,5.31,5.31,5.31,66.66666665999999,0
KUST.US,5,20250903,201000,5.25,5.25,5.172,5.22,166.66666665,0
KUST.US,5,20250903,204500,5.2437,5.2437,5.2437,5.2437,90.66666665759999,0
KUST.US,5,20250903,205500,5.235,5.235,5.235,5.235,99.99999998999999,0
KUST.US,5,20250903,210000,5.2428,5.2428,5.22,5.22,166.66666665,0
KUST.US,5,20250903,212000,5.25,5.25,5.25,5.25,176.66666664899998,0
KUST.US,5,20250903,213500,5.25,5.25,5.25,5.25,91.66666665749999,0
KUST.US,5,20250903,215000,5.25,5.25,5.22,5.223,383.9999999616,0
KUST.US,5,20250903,215500,5.22,5.22,5.22,5.22,66.66666665999999,0
KUST.US,5,20250904,153000,5.25,5.25,5.25,5.25,113.9999999886,0
KUST.US,5,20250904,155000,5.22,5.22,5.22,5.22,33.333333329999995,0
KUST.US,5,20250904,160500,5.205,5.205,5.1,5.1,1806.666666486,0
KUST.US,5,20250904,162000,5.1114,5.1114,5.1114,5.1114,49.999999994999996,0
KUST.US,5,20250904,164500,5.1,5.1,5.1,5.1,33.333333329999995,0
KUST.US,5,20250904,165000,5.1252,5.1252,5.1252,5.1252,33.333333329999995,0
KUST.US,5,20250904,165500,5.13,5.13,5.13,5.13,508.66666661579995,0
KUST.US,5,20250904,170000,5.13,5.13,5.13,5.13,1469.6666665197,0
KUST.US,5,20250904,171000,5.13,5.13,5.1,5.13,99.99999998999999,0
KUST.US,5,20250904,173000,5.04,5.04,5.04,5.04,33.333333329999995,0
KUST.US,5,20250904,174000,5.07,5.19,5.04,5.19,9331.3333324002,0
KUST.US,5,20250904,174500,5.205,5.25,5.1,5.19,11258.666665540799,0
KUST.US,5,20250904,175000,5.13,5.16,5.13,5.16,68.6666666598,0
KUST.US,5,20250904,175500,5.205,5.205,5.205,5.205,73.333333326,0
KUST.US,5,20250904,180000,5.19,5.19,5.16,5.16,99.99999998999999,0
KUST.US,5,20250904,180500,5.13,5.16063,5.13,5.15572,1956.6666664709999,0
KUST.US,5,20250904,181000,5.16,5.19,5.16,5.19,105.33333332279999,0
KUST.US,5,20250904,181500,5.13,5.13,5.13,5.13,33.333333329999995,0
KUST.US,5,20250904,182500,5.16,5.1897,5.1435,5.1435,480.99999995189995,0
KUST.US,5,20250904,183500,5.16,5.16,5.16,5.16,33.333333329999995,0
KUST.US,5,20250904,184000,5.145,5.16,5.13,5.16,101.3333333232,0
KUST.US,5,20250904,185000,5.16,5.16,5.13,5.1486,592.6666666074,0
KUST.US,5,20250904,185500,5.1,5.1,5.1,5.1,33.333333329999995,0
KUST.US,5,20250904,190000,5.0109,5.04,5.0109,5.04,142.33333331909998,0
KUST.US,5,20250904,190500,5.0994,5.0994,5.0994,5.0994,198.3333333135,0
KUST.US,5,20250904,191000,5.0652,5.0652,5.0652,5.0652,99.99999998999999,0
KUST.US,5,20250904,191500,5.07,5.07,5.07,5.07,66.66666665999999,0
KUST.US,5,20250904,192000,5.04,5.04,5.04,5.04,33.333333329999995,0
KUST.US,5,20250904,193000,5.0724,5.0724,5.0724,5.0724,166.66666665,0
KUST.US,5,20250904,193500,5.055,5.055,5.055,5.055,33.333333329999995,0
KUST.US,5,20250904,194500,5.01,5.07,5.01,5.07,66.66666665999999,0
KUST.US,5,20250904,195500,5.07,5.07,5.04,5.04,99.99999998999999,0
KUST.US,5,20250904,200000,5.04,5.0649,5.04,5.0649,73.333333326,0
KUST.US,5,20250904,200500,5.07,5.07,5.07,5.07,66.66666665999999,0
KUST.US,5,20250904,201000,5.07,5.0997,5.055,5.0997,233.33333330999997,0
KUST.US,5,20250904,201500,5.0838,5.1,5.0514,5.088,1366.66666653,0
KUST.US,5,20250904,202000,5.088,5.088,5.088,5.088,266.66666663999996,0
KUST.US,5,20250904,202500,5.04,5.13,5.04,5.085,273.333333306,0
KUST.US,5,20250904,203500,5.13,5.13,5.13,5.13,199.99999997999998,0
KUST.US,5,20250904,204500,5.1522,5.16,5.1522,5.16,333.3333333,0
KUST.US,5,20250904,205000,5.13,5.175,5.13,5.175,133.33333331999998,0
KUST.US,5,20250904,210000,5.16,5.16,5.1,5.1,133.33333331999998,0
KUST.US,5,20250904,211000,5.16,5.16,5.13,5.13,66.66666665999999,0
KUST.US,5,20250904,211500,5.1,5.1,5.1,5.1,33.333333329999995,0
KUST.US,5,20250904,212000,5.16,5.16,5.16,5.16,33.333333329999995,0
KUST.US,5,20250904,212500,5.13,5.13,5.07,5.07,76.666666659,0
KUST.US,5,20250904,213000,5.04,5.115,5.04,5.115,294.99999997049997,0
KUST.US,5,20250904,213500,5.07,5.07,5.04,5.04,266.66666663999996,0
KUST.US,5,20250904,214000,5.115,5.115,5.115,5.115,33.333333329999995,0
KUST.US,5,20250904,214500,5.1,5.1,5.1,5.1,159.999999984,0
KUST.US,5,20250904,215000,5.07,5.07,5.07,5.07,33.333333329999995,0
KUST.US,5,20250904,215500,5.115,5.16,5.07,5.16,253.333333308,0
KUST.US,5,20250905,153000,5.19,5.19,5.19,5.19,282.3333333051,0
KUST.US,5,20250905,154500,5.25,5.25,5.235,5.235,66.66666665999999,0
KUST.US,5,20250905,155000,5.19,5.19,5.19,5.19,60.3333333273,0
KUST.US,5,20250905,161500,5.19,5.1903,5.16,5.1903,1351.9999998648,0
KUST.US,5,20250905,162500,5.16,5.16,5.1144,5.1144,78.9999999921,0
KUST.US,5,20250905,163500,5.16,5.16,5.1,5.16,1496.9999998503,0
KUST.US,5,20250905,172500,5.205,5.205,5.205,5.205,33.333333329999995,0
KUST.US,5,20250905,174000,5.22,5.22,5.22,5.22,33.333333329999995,0
KUST.US,5,20250905,180000,5.13,5.13,5.13,5.13,156.66666665099999,0
KUST.US,5,20250905,182500,5.2392,5.2392,5.2392,5.2392,166.66666665,0
KUST.US,5,20250905,184000,5.22,5.22,5.1714,5.1714,877.6666665788999,0
KUST.US,5,20250905,192500,5.2392,5.25,5.205,5.205,1503.6666665163,0
KUST.US,5,20250905,194000,5.2026,5.2026,5.2026,5.2026,96.666666657,0
KUST.US,5,20250905,194500,5.25,5.25,5.25,5.25,333.9999999666,0
KUST.US,5,20250905,200500,5.28,5.28,5.28,5.28,33.333333329999995,0
KUST.US,5,20250905,201000,5.226,5.226,5.226,5.226,75.66666665909999,0
KUST.US,5,20250905,201500,5.25,5.25,5.25,5.25,33.333333329999995,0
KUST.US,5,20250905,202000,5.22,5.2428,5.22,5.2428,223.333333311,0
KUST.US,5,20250905,202500,5.2428,5.2428,5.2428,5.2428,566.66666661,0
KUST.US,5,20250905,203000,5.25,5.25,5.25,5.25,299.99999997,0
KUST.US,5,20250905,203500,5.31,5.31,5.28,5.28,66.66666665999999,0
KUST.US,5,20250905,204500,5.25,5.2509,5.25,5.25,333.3333333,0
KUST.US,5,20250905,210500,5.295,5.31,5.295,5.31,66.66666665999999,0
KUST.US,5,20250905,211000,5.2785,5.2785,5.2785,5.2785,1113.333333222,0
KUST.US,5,20250905,211500,5.28,5.28,5.25,5.25,66.66666665999999,0
KUST.US,5,20250905,212500,5.28,5.28,5.28,5.28,183.33333331499998,0
KUST.US,5,20250905,213000,5.22,5.22,5.22,5.22,33.333333329999995,0
KUST.US,5,20250905,214500,5.265,5.265,5.265,5.265,39.999999996,0
KUST.US,5,20250905,215000,5.265,5.31,5.265,5.31,96.666666657,0
KUST.US,5,20250905,215500,5.2212,5.31,5.2212,5.31,275.3333333058,0
KUST.US,5,20250908,153000,5.31,5.31,5.31,5.31,240.99999997589998,0
KUST.US,5,20250908,153500,5.2617,5.2617,5.2617,5.2617,58.33333332749999,0
KUST.US,5,20250908,154500,5.3004,5.3088,5.3004,5.3088,499.99999994999996,0
KUST.US,5,20250908,155500,5.1942,5.1942,5.1942,5.1942,66.66666665999999,0
KUST.US,5,20250908,162500,5.28,5.325,5.28,5.325,576.666666609,0
KUST.US,5,20250908,163000,5.31,5.31,5.31,5.31,33.333333329999995,0
KUST.US,5,20250908,164500,5.31,5.31,5.31,5.31,833.3333332499999,0
KUST.US,5,20250908,165000,5.34,5.34,5.34,5.34,833.3333332499999,0
KUST.US,5,20250908,170000,5.37,5.4,5.37,5.4,1457.3333331876,0
KUST.US,5,20250908,170500,5.445,5.55,5.445,5.5497,2956.666666371,0
KUST.US,5,20250908,171000,5.5401,5.64,5.52,5.52,6073.6666660593,0
KUST.US,5,20250908,171500,5.52,5.52,5.52,5.52,120.6666666546,0
KUST.US,5,20250908,172000,5.64,5.64,5.6067,5.6067,66.66666665999999,0
KUST.US,5,20250908,173000,5.625,5.625,5.625,5.625,166.66666665,0
KUST.US,5,20250908,173500,5.625,5.625,5.625,5.625,127.6666666539,0
KUST.US,5,20250908,174000,5.55,5.6727,5.55,5.6727,1088.6666665578,0
KUST.US,5,20250908,175000,5.625,5.625,5.4315,5.505,1721.9999998278,0
KUST.US,5,20250908,175500,5.5353,5.6196,5.49,5.505,505.6666666161,0
KUST.US,5,20250908,180000,5.5746,5.5746,5.52,5.52,66.66666665999999,0
KUST.US,5,20250908,182500,5.58,5.58,5.58,5.58,66.66666665999999,0
KUST.US,5,20250908,183000,5.6397,5.6397,5.6397,5.6397,34.6666666632,0
KUST.US,5,20250908,185000,5.49,5.49,5.445,5.46,133.33333331999998,0
KUST.US,5,20250908,185500,5.445,5.445,5.445,5.445,33.333333329999995,0
KUST.US,5,20250908,190500,5.3871,5.3871,5.3871,5.3871,266.66666663999996,0
KUST.US,5,20250908,191000,5.445,5.445,5.445,5.445,33.333333329999995,0
KUST.US,5,20250908,191500,5.52,5.52,5.52,5.52,33.333333329999995,0
KUST.US,5,20250908,193000,5.46,5.52,5.46,5.52,99.99999998999999,0
KUST.US,5,20250908,193500,5.5062,5.52,5.5062,5.52,266.66666663999996,0
KUST.US,5,20250908,200000,5.46,5.46,5.46,5.46,66.66666665999999,0
KUST.US,5,20250908,200500,5.4105,5.445,5.4,5.4,859.999999914,0
KUST.US,5,20250908,201000,5.4,5.4,5.4,5.4,33.333333329999995,0
KUST.US,5,20250908,201500,5.4,5.415,5.3778,5.415,1749.6666664917,0
KUST.US,5,20250908,202000,5.43,5.43,5.43,5.43,33.333333329999995,0
KUST.US,5,20250908,202500,5.43,5.43,5.4,5.4,399.99999995999997,0
KUST.US,5,20250908,205000,5.445,5.445,5.445,5.445,66.66666665999999,0
KUST.US,5,20250908,210000,5.505,5.505,5.4,5.46,1550.9999998449,0
KUST.US,5,20250908,212500,5.46,5.46,5.46,5.46,33.333333329999995,0
KUST.US,5,20250908,213000,5.4735,5.4735,5.4735,5.4735,88.6666666578,0
KUST.US,5,20250908,213500,5.4975,5.4975,5.475,5.475,417.33333329159996,0
KUST.US,5,20250908,214000,5.43,5.454,5.43,5.454,106.3333333227,0
KUST.US,5,20250908,215500,5.475,5.49,5.43,5.49,400.3333332933,0
KUST.US,5,20250909,153000,5.49,5.49,5.4825,5.4825,532.6666666133999,0
KUST.US,5,20250909,153500,5.43,5.43,5.43,5.43,818.3333332515,0
KUST.US,5,20250909,154000,5.4,5.4,5.4,5.4,1058.6666665608,0
KUST.US,5,20250909,154500,5.37,5.37,5.37,5.37,641.3333332692,0
KUST.US,5,20250909,155000,5.37,5.37,5.37,5.37,33.333333329999995,0
KUST.US,5,20250909,161500,5.49,5.49,5.43,5.46,217.99999997819998,0
KUST.US,5,20250909,162000,5.385,5.385,5.385,5.385,40.6666666626,0
KUST.US,5,20250909,164000,5.4393,5.4393,5.4393,5.4393,199.99999997999998,0
KUST.US,5,20250909,165000,5.4,5.4,5.4,5.4,130.99999998689998,0
KUST.US,5,20250909,170000,5.445,5.445,5.43,5.43,646.666666602,0
KUST.US,5,20250909,170500,5.4078,5.4615,5.4078,5.4615,1127.3333332206,0
KUST.US,5,20250909,171000,5.43,5.46,5.43,5.46,166.3333333167,0
KUST.US,5,20250909,172500,5.49,5.49,5.49,5.49,66.66666665999999,0
KUST.US,5,20250909,173000,5.49,5.49,5.49,5.49,99.99999998999999,0
KUST.US,5,20250909,174500,5.49,5.49,5.46,5.46,354.9999999645,0
KUST.US,5,20250909,184000,5.43,5.43,5.43,5.43,66.66666665999999,0
KUST.US,5,20250909,193500,5.46,5.46,5.43,5.43,99.99999998999999,0
KUST.US,5,20250909,194000,5.4558,5.4558,5.4558,5.4558,91.3333333242,0
KUST.US,5,20250909,195500,5.43,5.46,5.43,5.46,233.33333330999997,0
KUST.US,5,20250909,200500,5.43,5.43,5.43,5.43,83.333333325,0
KUST.US,5,20250909,202500,5.43,5.43,5.43,5.43,860.6666665805999,0
KUST.US,5,20250909,204000,5.415,5.4291,5.415,5.415,829.999999917,0
KUST.US,5,20250909,204500,5.43,5.46,5.43,5.46,904.9999999094999,0
KUST.US,5,20250909,210000,5.475,5.475,5.46,5.46,435.33333328979995,0
KUST.US,5,20250909,210500,5.4603,5.4603,5.4603,5.4603,133.33333331999998,0
KUST.US,5,20250909,211000,5.4603,5.49,5.46,5.46,177.3333333156,0
KUST.US,5,20250909,212000,5.4873,5.4873,5.46,5.46,69.6666666597,0
KUST.US,5,20250909,212500,5.46,5.4648,5.46,5.4648,272.3333333061,0
KUST.US,5,20250909,213000,5.46,5.46,5.46,5.46,446.9999999553,0
KUST.US,5,20250909,213500,5.43,5.43,5.43,5.43,369.999999963,0
KUST.US,5,20250909,214500,5.46,5.46,5.46,5.46,105.33333332279999,0
KUST.US,5,20250910,153000,5.43,5.46,5.43,5.46,342.9999999657,0
KUST.US,5,20250910,154500,5.55,5.55,5.55,5.55,33.333333329999995,0
KUST.US,5,20250910,155000,5.55,5.55,5.55,5.55,49.999999994999996,0
KUST.US,5,20250910,160000,5.46,5.55,5.46,5.55,203.99999997959998,0
KUST.US,5,20250910,162000,5.52,5.52,5.46,5.46,122.66666665439999,0
KUST.US,5,20250910,164000,5.49,5.49,5.46,5.49,1599.9999998399999,0
KUST.US,5,20250910,165500,5.52,5.52,5.52,5.52,33.333333329999995,0
KUST.US,5,20250910,170500,5.52,5.52,5.52,5.52,66.66666665999999,0
KUST.US,5,20250910,171500,5.52,5.52,5.52,5.52,262.99999997369997,0
KUST.US,5,20250910,172500,5.52,5.52,5.52,5.52,66.66666665999999,0
KUST.US,5,20250910,173000,5.52,5.52,5.52,5.52,66.66666665999999,0
KUST.US,5,20250910,175000,5.52,5.52,5.52,5.52,333.3333333,0
KUST.US,5,20250910,175500,5.505,5.505,5.505,5.505,33.333333329999995,0
KUST.US,5,20250910,180000,5.5167,5.52,5.5167,5.52,466.66666661999994,0
KUST.US,5,20250910,180500,5.52,5.52,5.49,5.49,133.33333331999998,0
KUST.US,5,20250910,183000,5.55,5.55,5.49,5.49,96.33333332369999,0
KUST.US,5,20250910,184000,5.4939,5.52,5.4939,5.52,316.66666663499996,0
KUST.US,5,20250910,184500,5.5194,5.5194,5.49,5.49,333.3333333,0
KUST.US,5,20250910,190000,5.52,5.52,5.49,5.49,134.6666666532,0
KUST.US,5,20250910,191500,5.49,5.49,5.49,5.49,833.3333332499999,0
KUST.US,5,20250910,192000,5.505,5.505,5.505,5.505,33.333333329999995,0
KUST.US,5,20250910,193500,5.4606,5.4606,5.4606,5.4606,33.333333329999995,0
KUST.US,5,20250910,194000,5.5314,5.5314,5.5212,5.5212,66.66666665999999,0
KUST.US,5,20250910,194500,5.52,5.52,5.52,5.52,266.33333330669996,0
KUST.US,5,20250910,195000,5.505,5.52,5.505,5.52,571.9999999428,0
KUST.US,5,20250910,201500,5.46,5.46,5.46,5.46,533.3333332799999,0
KUST.US,5,20250910,205500,5.52,5.7297,5.5197,5.67,22477.6666644189,0
KUST.US,5,20250910,210000,5.73,5.8497,5.6403,5.73,13828.3333319505,0
KUST.US,5,20250910,210500,5.7087,5.79,5.61,5.67,18075.666664859098,0
KUST.US,5,20250910,211000,5.6403,6.06,5.6403,6.0309,40293.6666626373,0
KUST.US,5,20250910,211500,6.0003,6.09,5.9334,6,14353.999998564599,0
KUST.US,5,20250910,212000,5.94,6.15,5.8503,6.015,29306.666663736,0
KUST.US,5,20250910,212500,6.03,6.84,6.03,6.54,61459.33332718739,0
KUST.US,5,20250910,213000,6.48,7.05,6.3,7.05,48350.99999516489,0
KUST.US,5,20250910,213500,7.005,7.38,6.5403,6.75,98485.6666568181,0
KUST.US,5,20250910,214000,6.8049,7.14,6.1662,6.39,59066.9999940933,0
KUST.US,5,20250910,214500,6.345,6.42,5.85,6.1512,35716.3333297617,0
KUST.US,5,20250910,215000,6.195,6.3,5.85,5.895,12597.6666654069,0
KUST.US,5,20250910,215500,5.895,6.12,5.895,6.06,7922.999999207699,0
KUST.US,5,20250911,153000,6.15,6.18,6.06,6.096,8198.6666658468,0
KUST.US,5,20250911,153500,6.1425,6.3597,6.1425,6.3297,6330.9999993669,0
KUST.US,5,20250911,154000,6.2889,6.2988,6.15,6.2907,4574.9999995425,0
KUST.US,5,20250911,154500,6.18,6.18,6.09,6.12,2956.3333330377,0
KUST.US,5,20250911,155000,6.09811,6.09811,6.09811,6.09811,46.3333333287,0
KUST.US,5,20250911,155500,6.09,6.1431,6.03,6.06,1354.9999998644998,0
KUST.US,5,20250911,160000,6.0786,6.09,6.0786,6.09,233.33333330999997,0
KUST.US,5,20250911,160500,6.06,6.105,6.06,6.105,266.99999997329996,0
KUST.US,5,20250911,161000,6.06,6.15,6.03,6.045,1017.9999998981999,0
KUST.US,5,20250911,161500,6.045,6.045,6,6.03,6287.9999993712,0
KUST.US,5,20250911,162000,6.0006,6.03,5.94,6.03,3727.9999996272,0
KUST.US,5,20250911,162500,6,6.0399,5.88,5.91,9924.333332340899,0
KUST.US,5,20250911,163000,5.91,5.97,5.55,5.64,20541.3333312792,0
KUST.US,5,20250911,163500,5.6979,5.778,5.6979,5.778,1999.9999997999998,0
KUST.US,5,20250911,164000,5.736,5.775,5.64,5.67,8073.9999991926,0
KUST.US,5,20250911,164500,5.73,5.73,5.685,5.715,3816.3333329517,0
KUST.US,5,20250911,165000,5.715,5.82,5.715,5.8152,583.333333275,0
KUST.US,5,20250911,165500,5.76,5.7603,5.7,5.7,1605.6666665061,0
KUST.US,5,20250911,170000,5.7518,5.7564,5.7036,5.73,375.99999996239995,0
KUST.US,5,20250911,170500,5.6919,5.6919,5.64,5.64,1410.6666665256,0
KUST.US,5,20250911,171000,5.67,5.7441,5.655,5.7441,331.33333330019997,0
KUST.US,5,20250911,171500,5.715,5.715,5.715,5.715,41.6666666625,0
KUST.US,5,20250911,172000,5.6832,5.6979,5.6832,5.6979,199.99999997999998,0
KUST.US,5,20250911,173000,5.6703,5.73,5.6103,5.73,5899.99999941,0
KUST.US,5,20250911,173500,5.64,5.64,5.64,5.64,99.99999998999999,0
KUST.US,5,20250911,174000,5.6682,5.6682,5.6562,5.6562,66.66666665999999,0
KUST.US,5,20250911,174500,5.64,5.64,5.64,5.64,476.33333328569995,0
KUST.US,5,20250911,175000,5.67,5.67,5.67,5.67,112.9999999887,0
KUST.US,5,20250911,175500,5.6718,5.6718,5.6718,5.6718,133.33333331999998,0
KUST.US,5,20250911,180000,5.6703,5.7456,5.64,5.7456,3887.9999996111997,0
KUST.US,5,20250911,180500,5.6811,5.7111,5.55,5.6997,7123.6666659543,0
KUST.US,5,20250911,181000,5.52,5.5449,5.43,5.5449,2618.6666664048,0
KUST.US,5,20250911,181500,5.46,5.5908,5.46,5.5713,433.33333329,0
KUST.US,5,20250911,182000,5.49,5.55,5.49,5.535,766.66666659,0
KUST.US,5,20250911,182500,5.58,5.58,5.58,5.58,66.66666665999999,0
KUST.US,5,20250911,183500,5.52,5.58,5.46,5.52,707.9999999291999,0
KUST.US,5,20250911,184500,5.5647,5.64,5.5647,5.64,166.66666665,0
KUST.US,5,20250911,185500,5.6997,5.6997,5.6997,5.6997,66.66666665999999,0
KUST.US,5,20250911,191000,5.67,5.6994,5.67,5.6994,333.3333333,0
KUST.US,5,20250911,192000,5.67,5.67,5.64,5.64,1099.99999989,0
KUST.US,5,20250911,192500,5.6349,5.64,5.6349,5.64,133.33333331999998,0
KUST.US,5,20250911,193000,5.64,5.91,5.589,5.895,28778.666663788797,0
KUST.US,5,20250911,193500,5.9397,5.9397,5.6511,5.7,13072.9999986927,0
KUST.US,5,20250911,194000,5.7,5.7306,5.6955,5.7003,3172.3333330161,0
KUST.US,5,20250911,194500,5.7,5.7,5.7,5.7,33.333333329999995,0
KUST.US,5,20250911,195500,5.7528,5.7528,5.7528,5.7528,259.3333333074,0
KUST.US,5,20250911,200000,5.7,5.7,5.7,5.7,66.66666665999999,0
KUST.US,5,20250911,200500,5.7,5.73,5.685,5.6886,1399.99999986,0
KUST.US,5,20250911,201000,5.7252,5.7252,5.7252,5.7252,49.999999994999996,0
KUST.US,5,20250911,201500,5.67,5.7,5.67,5.7,99.99999998999999,0
KUST.US,5,20250911,202000,5.7,5.7,5.7,5.7,333.3333333,0
KUST.US,5,20250911,202500,5.73,5.73,5.6811,5.6811,496.9999999503,0
KUST.US,5,20250911,203000,5.6706,5.6706,5.64,5.6496,1229.3333332103998,0
KUST.US,5,20250911,203500,5.649,5.655,5.649,5.655,101.6666666565,0
KUST.US,5,20250911,204500,5.655,5.67,5.58,5.6547,2549.6666664116997,0
KUST.US,5,20250911,205000,5.6601,5.67,5.5857,5.67,666.6666666,0
KUST.US,5,20250911,205500,5.67,5.67,5.625,5.67,199.99999997999998,0
KUST.US,5,20250911,210000,5.67,5.67,5.6685,5.6685,261.3333333072,0
KUST.US,5,20250911,210500,5.667,5.67,5.667,5.67,302.99999996969996,0
KUST.US,5,20250911,211000,5.655,5.67,5.655,5.67,170.6666666496,0
KUST.US,5,20250911,211500,5.64,5.7258,5.58,5.7258,3504.6666663161996,0
KUST.US,5,20250911,212000,5.685,5.685,5.685,5.685,33.333333329999995,0
KUST.US,5,20250911,212500,5.73,5.73,5.73,5.73,301.3333333032,0
KUST.US,5,20250911,214000,5.76,5.76,5.6808,5.7114,826.6666665839999,0
KUST.US,5,20250911,214500,5.7489,5.7597,5.73,5.73,699.99999993,0
KUST.US,5,20250911,215000,5.7003,5.76,5.7,5.7285,3258.9999996741,0
KUST.US,5,20250911,215500,5.7,5.73,5.7,5.7,1118.6666665548,0
KUST.US,5,20250912,153000,5.7,5.7,5.7,5.7,711.6666665954999,0
KUST.US,5,20250912,153500,5.6487,5.655,5.55,5.625,5026.9999994972995,0
KUST.US,5,20250912,154000,5.625,5.6394,5.625,5.6394,333.3333333,0
KUST.US,5,20250912,154500,5.7,5.7,5.7,5.7,3949.6666662717,0
KUST.US,5,20250912,155000,5.76,5.7897,5.76,5.76,866.66666658,0
KUST.US,5,20250912,155500,5.7576,5.76,5.7297,5.7297,1099.99999989,0
KUST.US,5,20250912,160500,5.67,5.67,5.64,5.64,2144.3333331188996,0
KUST.US,5,20250912,161000,5.7,5.7,5.64,5.64,666.6666666,0
KUST.US,5,20250912,162500,5.61,5.61,5.535,5.6082,3248.3333330084997,0
KUST.US,5,20250912,163000,5.6097,5.6097,5.535,5.535,1999.9999997999998,0
KUST.US,5,20250912,163500,5.5938,5.5938,5.5938,5.5938,33.333333329999995,0
KUST.US,5,20250912,164000,5.58,5.58,5.58,5.58,38.6666666628,0
KUST.US,5,20250912,164500,5.5638,5.6085,5.5638,5.6085,91.66666665749999,0
KUST.US,5,20250912,165000,5.604,5.64,5.604,5.61,433.33333329,0
KUST.US,5,20250912,165500,5.6088,5.64,5.6088,5.64,783.333333255,0
KUST.US,5,20250912,170000,5.64,5.64,5.64,5.64,33.333333329999995,0
KUST.US,5,20250912,173000,5.7,5.7,5.7,5.7,99.99999998999999,0
KUST.US,5,20250912,173500,5.688,5.7,5.688,5.7,233.33333330999997,0
KUST.US,5,20250912,174000,5.7,5.7,5.61,5.61,1275.3333332057998,0
KUST.US,5,20250912,182000,5.64703,5.64703,5.64703,5.64703,33.333333329999995,0
KUST.US,5,20250912,183500,5.7288,5.7288,5.7288,5.7288,33.333333329999995,0
KUST.US,5,20250912,184500,5.685,5.721,5.685,5.721,119.999999988,0
KUST.US,5,20250912,185000,5.7198,5.7198,5.6403,5.6403,416.66666662499995,0
KUST.US,5,20250912,190000,5.73,5.73,5.73,5.73,33.333333329999995,0
KUST.US,5,20250912,190500,5.685,5.7,5.685,5.7,336.666666633,0
KUST.US,5,20250912,191500,5.7297,5.7297,5.7297,5.7297,999.9999998999999,0
KUST.US,5,20250912,193000,5.67,5.676,5.67,5.6706,333.3333333,0
KUST.US,5,20250912,193500,5.6736,5.6736,5.6736,5.6736,133.33333331999998,0
KUST.US,5,20250912,194000,5.7,5.73,5.61,5.64,1499.3333331833999,0
KUST.US,5,20250912,200000,5.67,5.67,5.67,5.67,175.3333333158,0
KUST.US,5,20250912,201000,5.7159,5.7159,5.7159,5.7159,34.999999996499994,0
KUST.US,5,20250912,202500,5.64,5.67,5.64,5.67,446.666666622,0
KUST.US,5,20250912,204000,5.6652,5.6652,5.6652,5.6652,33.333333329999995,0
KUST.US,5,20250912,205500,5.58,5.58,5.58,5.58,63.333333327,0
KUST.US,5,20250912,210000,5.6559,5.6559,5.6559,5.6559,33.333333329999995,0
KUST.US,5,20250912,210500,5.625,5.6397,5.625,5.6397,133.33333331999998,0
KUST.US,5,20250912,211000,5.64,5.64,5.55,5.58,1437.9999998562,0
KUST.US,5,20250912,212000,5.7,5.7,5.7,5.7,53.999999994599996,0
KUST.US,5,20250912,213000,5.55,5.5659,5.46,5.505,2166.66666645,0
KUST.US,5,20250912,213500,5.46,5.535,5.4,5.49,4495.6666662171,0
KUST.US,5,20250912,214000,5.46,5.46,5.4003,5.46,727.9999999272,0
KUST.US,5,20250912,214500,5.43,5.43,5.31,5.3703,5982.333332735099,0
KUST.US,5,20250912,215000,5.4,5.43,5.37,5.43,1333.3333332,0
KUST.US,5,20250912,215500,5.415,5.43,5.34,5.4,2943.6666663723,0
KUST.US,5,20250915,153000,5.55,5.55,5.43,5.46,4073.6666662592997,0
KUST.US,5,20250915,153500,5.49,5.505,5.49,5.505,166.66666665,0
KUST.US,5,20250915,155000,5.4651,5.505,5.46,5.49,1573.9999998426,0
KUST.US,5,20250915,160000,5.43,5.46,5.4,5.40833,1028.9999998971,0
KUST.US,5,20250915,160500,5.4555,5.46,5.43,5.43,1558.6666665107998,0
KUST.US,5,20250915,161500,5.43,5.43,5.43,5.43,33.333333329999995,0
KUST.US,5,20250915,162000,5.445,5.445,5.445,5.445,1210.6666665455998,0
KUST.US,5,20250915,162500,5.445,5.46,5.445,5.46,69.99999999299999,0
KUST.US,5,20250915,163000,5.46,5.46,5.445,5.445,82.3333333251,0
KUST.US,5,20250915,165500,5.475,5.49,5.475,5.49,333.3333333,0
KUST.US,5,20250915,170500,5.49,5.49,5.49,5.49,204.66666664619999,0
KUST.US,5,20250915,171500,5.5764,5.5764,5.55,5.55,514.9999999485,0
KUST.US,5,20250915,173000,5.565,5.61,5.565,5.595,1074.6666665592,0
KUST.US,5,20250915,173500,5.61,5.6697,5.5989,5.655,5672.333332766099,0
KUST.US,5,20250915,174000,5.67,5.7,5.67,5.68381,3199.9999996799997,0
KUST.US,5,20250915,175000,5.67,5.7,5.67,5.7,4663.6666662003,0
KUST.US,5,20250915,175500,5.73,5.76,5.73,5.76,316.66666663499996,0
KUST.US,5,20250915,180000,5.745,5.76,5.745,5.76,193.333333314,0
KUST.US,5,20250915,180500,5.79,5.79,5.79,5.79,673.6666665992999,0
KUST.US,5,20250915,181500,5.82,5.82,5.82,5.82,699.99999993,0
KUST.US,5,20250915,182500,5.82,5.82,5.79,5.79,464.9999999535,0
KUST.US,5,20250915,183000,5.79,5.79,5.73,5.73,511.9999999488,0
KUST.US,5,20250915,184000,5.6946,5.6946,5.6775,5.6775,2499.99999975,0
KUST.US,5,20250915,184500,5.7,5.7,5.67,5.67,405.3333332928,0
KUST.US,5,20250915,185000,5.7,5.7,5.7,5.7,66.66666665999999,0
KUST.US,5,20250915,190000,5.67,5.67,5.67,5.67,66.66666665999999,0
KUST.US,5,20250915,190500,5.7,5.7,5.7,5.7,692.3333332640999,0
KUST.US,5,20250915,191000,5.67,5.67,5.67,5.67,856.3333332476999,0
KUST.US,5,20250915,193000,5.73,5.79,5.73,5.79,3533.6666663132996,0
KUST.US,5,20250915,194000,5.76,5.7897,5.7303,5.7303,3733.9999996265997,0
KUST.US,5,20250915,195000,5.76,5.76,5.76,5.76,33.333333329999995,0
KUST.US,5,20250915,195500,5.7897,5.7897,5.745,5.76,851.9999999147999,0
KUST.US,5,20250915,201000,5.7498,5.7498,5.7468,5.7468,1033.3333332299999,0
KUST.US,5,20250915,201500,5.781,5.781,5.76,5.76,88.33333332449999,0
KUST.US,5,20250915,203000,5.7306,5.7306,5.7,5.7,1067.9999998931999,0
KUST.US,5,20250915,204500,5.67,5.67,5.67,5.67,199.99999997999998,0
KUST.US,5,20250915,205000,5.67,5.67,5.67,5.67,47.9999999952,0
KUST.US,5,20250915,210500,5.679,5.679,5.679,5.679,83.333333325,0
KUST.US,5,20250915,211000,5.67,5.6997,5.655,5.6997,613.333333272,0
KUST.US,5,20250915,211500,5.7,5.7,5.64,5.67,479.3333332854,0
KUST.US,5,20250915,213000,5.6526,5.6526,5.6526,5.6526,166.66666665,0
KUST.US,5,20250915,214500,5.67,5.7,5.67,5.7,1634.6666665031998,0
KUST.US,5,20250915,215000,5.715,5.715,5.715,5.715,333.3333333,0
KUST.US,5,20250915,215500,5.673,5.673,5.61,5.655,4175.9999995824,0
KUST.US,5,20250916,153000,5.67,5.7798,5.67,5.6799,1137.9999998862,0
KUST.US,5,20250916,153500,5.6997,5.73,5.6997,5.73,66.66666665999999,0
KUST.US,5,20250916,155000,5.715,5.7666,5.715,5.7666,1076.9999998923,0
KUST.US,5,20250916,155500,5.745,5.745,5.745,5.745,33.333333329999995,0
KUST.US,5,20250916,160000,5.76,5.7801,5.76,5.7801,433.33333329,0
KUST.US,5,20250916,161500,5.79,5.82,5.7765,5.82,3239.6666663427,0
KUST.US,5,20250916,162000,5.805,5.82,5.805,5.8176,99.99999998999999,0
KUST.US,5,20250916,162500,5.82,5.82,5.82,5.82,34.3333333299,0
KUST.US,5,20250916,163000,5.82,5.8473,5.7948,5.7948,719.3333332614,0
KUST.US,5,20250916,163500,5.7933,5.7933,5.7303,5.76,1383.333333195,0
KUST.US,5,20250916,170500,5.76,5.79,5.76,5.76,266.66666663999996,0
KUST.US,5,20250916,171500,5.7882,5.8422,5.76,5.808,4498.3333328835,0
KUST.US,5,20250916,172500,5.79,5.79,5.79,5.79,99.66666665669999,0
KUST.US,5,20250916,173500,5.82,5.82,5.76,5.79,1666.6666664999998,0
KUST.US,5,20250916,175000,5.79,5.82,5.79,5.82,143.333333319,0
KUST.US,5,20250916,175500,5.7903,5.7903,5.7903,5.7903,99.99999998999999,0
KUST.US,5,20250916,180000,5.79,5.79,5.79,5.79,165.33333331679998,0
KUST.US,5,20250916,180500,5.7642,5.7642,5.7642,5.7642,99.99999998999999,0
KUST.US,5,20250916,181000,5.7642,5.781,5.7642,5.781,599.99999994,0
KUST.US,5,20250916,181500,5.79,5.805,5.79,5.805,103.33333332299999,0
KUST.US,5,20250916,182000,5.805,5.805,5.805,5.805,99.99999998999999,0
KUST.US,5,20250916,182500,5.805,5.805,5.805,5.805,33.333333329999995,0
KUST.US,5,20250916,184500,5.805,5.805,5.805,5.805,33.333333329999995,0
KUST.US,5,20250916,185000,5.805,5.82,5.805,5.82,409.33333329239997,0
KUST.US,5,20250916,185500,5.82,5.82,5.7957,5.82,760.6666665905999,0
KUST.US,5,20250916,190000,5.82,5.82,5.79,5.79,1910.9999998089,0
KUST.US,5,20250916,191000,5.775,5.82,5.76,5.7921,2163.3333331169997,0
KUST.US,5,20250916,192500,5.8479,5.8497,5.8461,5.8494,599.3333332734,0
KUST.US,5,20250916,193500,5.85,5.85,5.85,5.85,1408.3333331924998,0
KUST.US,5,20250916,194000,5.8572,5.8749,5.8572,5.8749,116.66666665499999,0
KUST.US,5,20250916,195500,5.91,5.97,5.91,5.91,2232.9999997767,0
KUST.US,5,20250916,200000,5.94,5.97,5.94,5.97,399.99999995999997,0
KUST.US,5,20250916,200500,5.97,6,5.97,6,68.6666666598,0
KUST.US,5,20250916,201000,6,6.03,6,6.03,166.66666665,0
KUST.US,5,20250916,201500,6,6.174,6,6.06,5634.9999994365,0
KUST.US,5,20250916,202000,6.0489,6.0489,6.0489,6.0489,480.66666661859995,0
KUST.US,5,20250916,202500,6.06,6.09,6.03,6.09,2149.999999785,0
KUST.US,5,20250916,203000,5.982,5.982,5.982,5.982,72.9999999927,0
KUST.US,5,20250916,204000,6,6,5.9703,6,545.9999999454,0
KUST.US,5,20250916,204500,6.06,6.15,6.06,6.15,439.99999995599995,0
KUST.US,5,20250916,205000,6.12,6.15,6.12,6.15,66.66666665999999,0
KUST.US,5,20250916,205500,6.09,6.09,6.09,6.09,66.66666665999999,0
KUST.US,5,20250916,210000,6.09,6.1062,6.0618,6.1062,936.6666665729999,0
KUST.US,5,20250916,210500,6.1011,6.1119,6.0003,6.1119,1033.3333332299999,0
KUST.US,5,20250916,211000,6.09,6.09,6.09,6.09,363.33333329699997,0
KUST.US,5,20250916,212000,6.06,6.06,6.06,6.06,266.66666663999996,0
KUST.US,5,20250916,212500,6.06,6.06,6.06,6.06,66.66666665999999,0
KUST.US,5,20250916,213000,6.06,6.06,6.06,6.06,342.3333332991,0
KUST.US,5,20250916,214000,6.06,6.105,6.06,6.105,233.99999997659998,0
KUST.US,5,20250916,214500,6.15,6.15,6.15,6.15,333.3333333,0
KUST.US,5,20250916,215000,6.105,6.105,6.105,6.105,233.33333330999997,0
KUST.US,5,20250916,215500,6.18,6.18,6.12,6.15,381.33333329519996,0
KUST.US,5,20250917,153000,5.91,5.94,5.91,5.94,283.9999999716,0
KUST.US,5,20250917,153500,5.9352,5.9352,5.9352,5.9352,51.9999999948,0
KUST.US,5,20250917,154000,6.09,6.09,6.09,6.09,33.333333329999995,0
KUST.US,5,20250917,154500,6.0672,6.0672,6.0672,6.0672,56.9999999943,0
KUST.US,5,20250917,155500,5.97,5.97,5.97,5.97,33.333333329999995,0
KUST.US,5,20250917,161000,5.97,6,5.97,6,466.66666661999994,0
KUST.US,5,20250917,161500,5.985,5.985,5.985,5.985,33.333333329999995,0
KUST.US,5,20250917,162500,5.985,6.03,5.985,6.03,414.9999999585,0
KUST.US,5,20250917,163000,6.03,6.03,5.97,5.97,633.3333332699999,0
KUST.US,5,20250917,164500,6.06,6.06,6.03,6.03,1579.9999998419999,0
KUST.US,5,20250917,165000,6,6.0414,5.9598,5.9598,107.66666665589999,0
KUST.US,5,20250917,165500,5.9703,5.9703,5.9703,5.9703,33.6666666633,0
KUST.US,5,20250917,171000,5.91,5.97,5.91,5.97,4987.3333328346,0
KUST.US,5,20250917,171500,5.94,5.94,5.94,5.94,41.999999995799996,0
KUST.US,5,20250917,173500,6,6.015,6,6.015,699.99999993,0
KUST.US,5,20250917,175000,6,6,5.94,5.94,199.99999997999998,0
KUST.US,5,20250917,175500,5.955,5.955,5.88,5.88,1083.333333225,0
KUST.US,5,20250917,180000,5.955,6,5.955,5.97,1566.66666651,0
KUST.US,5,20250917,180500,5.91,5.94,5.91,5.94,333.3333333,0
KUST.US,5,20250917,183500,5.97,5.97,5.97,5.97,66.66666665999999,0
KUST.US,5,20250917,190000,5.955,5.991,5.955,5.991,199.99999997999998,0
KUST.US,5,20250917,191000,5.97,6,5.97,6,1066.6666665599998,0
KUST.US,5,20250917,191500,5.97,5.97,5.97,5.97,33.333333329999995,0
KUST.US,5,20250917,192000,5.97,6.06,5.97,6.0342,2041.3333331292,0
KUST.US,5,20250917,192500,6.06,6.06,5.985,6,729.6666665936999,0
KUST.US,5,20250917,193000,6,6,6,6,166.66666665,0
KUST.US,5,20250917,194500,6.0567,6.0567,6.0567,6.0567,166.66666665,0
KUST.US,5,20250917,195500,6.045,6.045,6.045,6.045,99.99999998999999,0
KUST.US,5,20250917,200000,6.09,6.09,6.075,6.09,340.66666663259997,0
KUST.US,5,20250917,201500,6.06,6.06,6.06,6.06,33.333333329999995,0
KUST.US,5,20250917,202000,6.06,6.06,6.06,6.06,53.333333327999995,0
KUST.US,5,20250917,203500,6,6,5.94,5.97,531.3333332802,0
KUST.US,5,20250917,204000,6,6,6,6,119.999999988,0
KUST.US,5,20250917,204500,5.94,5.94,5.91,5.94,166.66666665,0
KUST.US,5,20250917,210000,5.85,5.88,5.835,5.835,233.33333330999997,0
KUST.US,5,20250917,210500,5.82,5.85,5.805,5.82,1071.3333332262,0
KUST.US,5,20250917,211000,5.82,5.88,5.82,5.88,353.33333329799996,0
KUST.US,5,20250917,211500,5.85,5.85,5.85,5.85,33.333333329999995,0
KUST.US,5,20250917,212000,5.8662,5.88,5.82,5.85,3748.9999996251,0
KUST.US,5,20250917,212500,5.91,5.91,5.91,5.91,66.66666665999999,0
KUST.US,5,20250917,214500,5.91,5.925,5.91,5.91,512.3333332820999,0
KUST.US,5,20250917,215000,5.9172,5.9172,5.9172,5.9172,33.333333329999995,0
KUST.US,5,20250917,215500,5.91,5.94,5.88,5.88,199.99999997999998,0
KUST.US,5,20250918,153000,5.88,5.88,5.88,5.88,33.333333329999995,0
KUST.US,5,20250918,153500,5.88,5.94,5.88,5.94,515.3333332817999,0
KUST.US,5,20250918,154500,5.88,5.94,5.865,5.865,2072.3333331260997,0
KUST.US,5,20250918,155000,5.9997,5.9997,5.9997,5.9997,833.3333332499999,0
KUST.US,5,20250918,155500,5.85,5.91,5.85,5.91,66.66666665999999,0
KUST.US,5,20250918,161500,5.82,5.85,5.82,5.85,86.33333332469999,0
KUST.US,5,20250918,162500,5.88,5.88,5.88,5.88,44.9999999955,0
KUST.US,5,20250918,163000,5.91,5.925,5.88,5.925,2217.3333331116,0
KUST.US,5,20250918,170000,5.9919,5.9919,5.9919,5.9919,199.99999997999998,0
KUST.US,5,20250918,171000,5.88,5.91,5.88,5.88,399.99999995999997,0
KUST.US,5,20250918,172000,5.88,5.88,5.88,5.88,166.66666665,0
KUST.US,5,20250918,173000,5.925,5.925,5.925,5.925,166.66666665,0
KUST.US,5,20250918,173500,5.9991,5.9991,5.9991,5.9991,66.66666665999999,0
KUST.US,5,20250918,175000,5.94,5.94,5.91,5.916,733.3333332599999,0
KUST.US,5,20250918,181500,5.94,6,5.94,6,266.66666663999996,0
KUST.US,5,20250918,183000,5.91,5.91,5.91,5.91,39.999999996,0
KUST.US,5,20250918,185500,6,6,6,6,299.99999997,0
KUST.US,5,20250918,190000,6,6,6,6,49.999999994999996,0
KUST.US,5,20250918,191000,6,6.03,5.97,5.97,599.99999994,0
KUST.US,5,20250918,192500,6.03,6.09,6.03,6.06,888.6666665777999,0
KUST.US,5,20250918,193000,6.0825,6.0825,6.0825,6.0825,33.333333329999995,0
KUST.US,5,20250918,194500,6.06,6.06,6.03,6.03,516.3333332817,0
KUST.US,5,20250918,195000,6.09,6.09,6.06,6.06,249.99999997499998,0
KUST.US,5,20250918,200000,6.1497,6.1497,6.1497,6.1497,84.99999999149999,0
KUST.US,5,20250918,200500,6.105,6.105,6.105,6.105,99.99999998999999,0
KUST.US,5,20250918,201000,6.105,6.15,6.105,6.15,333.3333333,0
KUST.US,5,20250918,204500,6.12,6.15,6.12,6.12,354.6666666312,0
KUST.US,5,20250918,205000,6.12,6.12,6.12,6.12,66.66666665999999,0
KUST.US,5,20250918,210500,6.1011,6.12,6.1011,6.12,166.66666665,0
KUST.US,5,20250918,211000,6.12,6.12,6.12,6.12,66.66666665999999,0
KUST.US,5,20250918,211500,6.09,6.09,6.09,6.09,439.66666662269995,0
KUST.US,5,20250918,212500,6.1323,6.1323,6.06,6.105,2253.6666664412996,0
KUST.US,5,20250918,213000,6.09,6.09,6.09,6.09,33.333333329999995,0
KUST.US,5,20250918,213500,6.0651,6.09,6.0609,6.0822,693.333333264,0
KUST.US,5,20250918,214000,6.06,6.06,5.97,6,1299.99999987,0
KUST.US,5,20250918,215500,6.06,6.06,6.03,6.03,93.99999999059999,0
KUST.US,5,20250919,153000,5.91,6.045,5.91,5.97,151.33333331819998,0
KUST.US,5,20250919,153500,6,6,6,6,166.66666665,0
KUST.US,5,20250919,154000,6.03,6.03,6.03,6.03,99.99999998999999,0
KUST.US,5,20250919,154500,6.0303,6.075,6.0303,6.0438,178.99999998209998,0
KUST.US,5,20250919,155000,6.06,6.06,6.06,6.06,33.333333329999995,0
KUST.US,5,20250919,155500,6.06,6.06,6.06,6.06,199.99999997999998,0
KUST.US,5,20250919,160000,6.06,6.06,6.0576,6.0576,66.66666665999999,0
KUST.US,5,20250919,160500,6.03,6.03,6.03,6.03,33.333333329999995,0
KUST.US,5,20250919,161000,6.06,6.09,6.06,6.09,66.66666665999999,0
KUST.US,5,20250919,161500,6.09,6.09,6.06,6.06,249.99999997499998,0
KUST.US,5,20250919,163000,6.06,6.06,6.06,6.06,183.33333331499998,0
KUST.US,5,20250919,163500,6.06,6.06,5.97,5.97,660.6666666005999,0
KUST.US,5,20250919,164500,6,6,6,6,133.33333331999998,0
KUST.US,5,20250919,170000,6.09,6.09,6.09,6.09,333.3333333,0
KUST.US,5,20250919,172000,6.03,6.03,6.0048,6.0048,83.333333325,0
KUST.US,5,20250919,172500,6.0534,6.0534,6.0534,6.0534,233.33333330999997,0
KUST.US,5,20250919,175500,6.06,6.06,6.06,6.06,99.99999998999999,0
KUST.US,5,20250919,182000,6.0024,6.0024,6.0024,6.0024,43.9999999956,0
KUST.US,5,20250919,182500,6,6,5.94,5.94,1422.9999998577,0
KUST.US,5,20250919,183500,5.9502,5.97,5.9502,5.97,76.666666659,0
KUST.US,5,20250919,184000,5.985,5.985,5.985,5.985,66.66666665999999,0
KUST.US,5,20250919,190000,5.9745,5.9745,5.9745,5.9745,94.33333332389999,0
KUST.US,5,20250919,192000,6,6,5.97,5.97,233.33333330999997,0
KUST.US,5,20250919,194000,5.97,5.97,5.97,5.97,213.66666664529998,0
KUST.US,5,20250919,195500,5.94,5.94,5.94,5.94,33.333333329999995,0
KUST.US,5,20250919,201000,5.97,5.97,5.97,5.97,100.99999998989999,0
KUST.US,5,20250919,202000,5.946,5.946,5.946,5.946,33.333333329999995,0
KUST.US,5,20250919,204000,6,6,6,6,33.333333329999995,0
KUST.US,5,20250919,205000,5.97,5.97,5.97,5.97,133.33333331999998,0
KUST.US,5,20250919,205500,5.9739,5.9739,5.9739,5.9739,249.99999997499998,0
KUST.US,5,20250919,211000,5.97,5.97,5.94,5.94,199.99999997999998,0
KUST.US,5,20250919,212000,5.94,5.94,5.94,5.94,66.66666665999999,0
KUST.US,5,20250919,212500,5.94,5.94,5.88,5.88,366.3333332967,0
KUST.US,5,20250919,213500,5.9802,5.9802,5.9802,5.9802,33.333333329999995,0
KUST.US,5,20250919,214000,5.88,5.88,5.88,5.88,99.66666665669999,0
KUST.US,5,20250919,214500,5.9883,5.9883,5.9883,5.9883,166.66666665,0
KUST.US,5,20250919,215000,5.88,5.9238,5.8518,5.8518,418.33333329149997,0
KUST.US,5,20250919,215500,5.85,5.85,5.82,5.82,847.6666665818999,0
KUST.US,5,20250922,153000,5.7,6.0849,5.67,5.82,1726.6666664939999,0
KUST.US,5,20250922,153500,5.7108,5.91,5.7108,5.91,711.6666665954999,0
KUST.US,5,20250922,154000,5.895,5.895,5.7,5.895,108.3333333225,0
KUST.US,5,20250922,154500,5.79,5.79,5.79,5.79,66.66666665999999,0
KUST.US,5,20250922,155000,5.925,5.925,5.925,5.925,66.66666665999999,0
KUST.US,5,20250922,162500,5.8443,5.8443,5.8443,5.8443,84.3333333249,0
KUST.US,5,20250922,163000,5.82,5.82,5.82,5.82,33.333333329999995,0
KUST.US,5,20250922,163500,5.79,5.835,5.76,5.79,833.3333332499999,0
KUST.US,5,20250922,164000,5.8395,5.97,5.835,5.88,1356.666666531,0
KUST.US,5,20250922,164500,5.88,5.88,5.85,5.85,733.3333332599999,0
KUST.US,5,20250922,165500,5.97,5.97,5.94,5.94,66.66666665999999,0
KUST.US,5,20250922,172000,5.925,5.925,5.925,5.925,33.333333329999995,0
KUST.US,5,20250922,172500,5.97,5.97,5.97,5.97,66.66666665999999,0
KUST.US,5,20250922,173000,5.97,5.97,5.97,5.97,333.3333333,0
KUST.US,5,20250922,173500,6,6,6,6,33.333333329999995,0
KUST.US,5,20250922,174000,5.9997,6,5.9997,6,99.99999998999999,0
KUST.US,5,20250922,174500,5.9412,5.9412,5.9412,5.9412,66.66666665999999,0
KUST.US,5,20250922,175500,5.94,5.94,5.94,5.94,133.33333331999998,0
KUST.US,5,20250922,181000,5.9865,5.9865,5.9865,5.9865,83.99999999159999,0
KUST.US,5,20250922,182500,6,6,6,6,33.333333329999995,0
KUST.US,5,20250922,184500,5.97,5.97,5.97,5.97,166.66666665,0
KUST.US,5,20250922,185500,6,6.03,6,6.03,930.6666665736,0
KUST.US,5,20250922,190000,6,6.03,6,6.03,99.99999998999999,0
KUST.US,5,20250922,190500,6,6.045,6,6,369.999999963,0
KUST.US,5,20250922,191500,6.03,6.03,6.03,6.03,33.333333329999995,0
KUST.US,5,20250922,192000,6,6.03,6,6.03,267.33333330659997,0
KUST.US,5,20250922,192500,6.06,6.06,6.06,6.06,33.333333329999995,0
KUST.US,5,20250922,193000,6.0306,6.06,6.0306,6.0327,436.66666662299997,0
KUST.US,5,20250922,194000,6.06,6.06,6.06,6.06,33.333333329999995,0
KUST.US,5,20250922,195000,6.06,6.09,6.06,6.06,1099.99999989,0
KUST.US,5,20250922,200000,6.09,6.09,6.0726,6.0726,912.6666665754,0
KUST.US,5,20250922,201500,6.15,6.15,6.093,6.093,531.9999999468,0
KUST.US,5,20250922,202000,6.12,6.1437,6.12,6.1437,293.333333304,0
KUST.US,5,20250922,203000,6.15,6.15,6.135,6.135,863.3333332469999,0
KUST.US,5,20250922,203500,6.1479,6.2124,6.135,6.2124,845.6666665821,0
KUST.US,5,20250922,204000,6.1239,6.2397,6.1239,6.21,715.3333332617999,0
KUST.US,5,20250922,205000,6.195,6.195,6.195,6.195,33.333333329999995,0
KUST.US,5,20250922,205500,6.18,6.18,6.18,6.18,33.333333329999995,0
KUST.US,5,20250922,210000,6.2085,6.24,6.2085,6.24,466.66666661999994,0
KUST.US,5,20250922,210500,6.24,6.3,6.2274,6.3,2072.9999997927,0
KUST.US,5,20250922,211000,6.315,6.315,6.27,6.27,346.666666632,0
KUST.US,5,20250922,211500,6.2733,6.2733,6.27,6.2703,990.6666665675999,0
KUST.US,5,20250922,212000,6.26935,6.2715,6.24,6.2715,178.99999998209998,0
KUST.US,5,20250922,212500,6.3117,6.3117,6.24,6.27,233.33333330999997,0
KUST.US,5,20250922,213000,6.24,6.255,6.24,6.255,66.66666665999999,0
KUST.US,5,20250922,214000,6.2103,6.255,6.21,6.255,957.3333332376,0
KUST.US,5,20250922,214500,6.2577,6.2577,6.165,6.165,607.6666666059,0
KUST.US,5,20250922,215500,6.21,6.24,6.195,6.24,150.6666666516,0
KUST.US,5,20250923,153000,6.21,6.21,6.18,6.18,414.9999999585,0
KUST.US,5,20250923,153500,6.18,6.18,6.18,6.18,50.6666666616,0
KUST.US,5,20250923,154000,6.18,6.345,6.18,6.345,4023.6666662642997,0
KUST.US,5,20250923,154500,6.2403,6.4191,6.2403,6.4191,433.33333329,0
KUST.US,5,20250923,155000,6.3,6.3564,6.3,6.3564,208.33333331249997,0
KUST.US,5,20250923,155500,6.4155,6.4155,6.3942,6.3942,118.33333332149999,0
KUST.US,5,20250923,160000,6.42,6.45,6.42,6.45,299.99999997,0
KUST.US,5,20250923,160500,6.405,6.45,6.405,6.45,83.333333325,0
KUST.US,5,20250923,161500,6.48,6.48,6.48,6.48,33.333333329999995,0
KUST.US,5,20250923,162500,6.3378,6.3378,6.3378,6.3378,333.3333333,0
KUST.US,5,20250923,163000,6.48,6.48,6.4797,6.48,389.33333329439995,0
KUST.US,5,20250923,164000,6.459,6.48,6.345,6.39,1266.6666665399998,0
KUST.US,5,20250923,164500,6.3,6.4299,6.3,6.4299,114.3333333219,0
KUST.US,5,20250923,165000,6.3081,6.4155,6.3081,6.4155,199.99999997999998,0
KUST.US,5,20250923,170000,6.39,6.39,6.39,6.39,87.9999999912,0
KUST.US,5,20250923,171500,6.36,6.36,6.36,6.36,166.66666665,0
KUST.US,5,20250923,172000,6.3708,6.405,6.3708,6.405,551.3333332781999,0
KUST.US,5,20250923,172500,6.39,6.39,6.39,6.39,166.66666665,0
KUST.US,5,20250923,174000,6.39,6.39,6.39,6.39,706.3333332627,0
KUST.US,5,20250923,174500,6.45,6.45,6.39,6.39,366.66666662999995,0
KUST.US,5,20250923,175000,6.39,6.42,6.36,6.42,182.6666666484,0
KUST.US,5,20250923,175500,6.3612,6.3612,6.3612,6.3612,418.33333329149997,0
KUST.US,5,20250923,180000,6.39,6.39,6.39,6.39,33.333333329999995,0
KUST.US,5,20250923,180500,6.42,6.42,6.42,6.42,99.99999998999999,0
KUST.US,5,20250923,181000,6.39,6.39,6.39,6.39,73.333333326,0
KUST.US,5,20250923,181500,6.3903,6.3903,6.3903,6.3903,79.6666666587,0
KUST.US,5,20250923,182000,6.42,6.42,6.33,6.39,1432.9999998567,0
KUST.US,5,20250923,183500,6.3648,6.3648,6.33,6.36,1666.6666664999998,0
KUST.US,5,20250923,184000,6.3723,6.3723,6.3723,6.3723,51.666666661499995,0
KUST.US,5,20250923,185000,6.42,6.42,6.42,6.42,33.333333329999995,0
KUST.US,5,20250923,185500,6.3915,6.3915,6.3915,6.3915,399.99999995999997,0
KUST.US,5,20250923,191500,6.42,6.42,6.39,6.39,566.66666661,0
KUST.US,5,20250923,192000,6.45,6.45,6.45,6.45,133.33333331999998,0
KUST.US,5,20250923,192500,6.3477,6.3477,6.3477,6.3477,499.99999994999996,0
KUST.US,5,20250923,193000,6.375,6.375,6.375,6.375,216.666666645,0
KUST.US,5,20250923,193500,6.375,6.42,6.375,6.375,153.333333318,0
KUST.US,5,20250923,194000,6.375,6.39,6.375,6.39,273.333333306,0
KUST.US,5,20250923,194500,6.36,6.36,6.3,6.33,446.3333332887,0
KUST.US,5,20250923,200000,6.36,6.36,6.24,6.33,1500.6666665166,0
KUST.US,5,20250923,200500,6.3,6.3,6.3,6.3,432.9999999567,0
KUST.US,5,20250923,202000,6.3,6.3,6.3,6.3,33.333333329999995,0
KUST.US,5,20250923,203500,6.3,6.3324,6.3,6.3,340.66666663259997,0
KUST.US,5,20250923,210500,6.375,6.375,6.375,6.375,33.333333329999995,0
KUST.US,5,20250923,211000,6.33,6.36,6.33,6.36,1099.6666665567,0
KUST.US,5,20250923,212500,6.42,6.42,6.3,6.3,199.99999997999998,0
KUST.US,5,20250923,213000,6.3,6.3,6.3,6.3,66.66666665999999,0
KUST.US,5,20250923,213500,6.33,6.8244,6.33,6.63,18167.666664849898,0
KUST.US,5,20250923,214000,6.54,6.579,6.54,6.579,133.33333331999998,0
KUST.US,5,20250923,214500,6.6,6.7461,6.5997,6.675,4727.3333328605995,0
KUST.US,5,20250923,215000,6.69,6.75,6.6,6.75,5032.3333328301,0
KUST.US,5,20250923,215500,6.735,6.81,6.63,6.63,3437.6666663229,0
KUST.US,5,20250924,153000,6.72,6.72,6.66,6.66,590.9999999409,0
KUST.US,5,20250924,153500,6.6,6.63,6.6,6.63,95.6666666571,0
KUST.US,5,20250924,155000,6.4992,6.57,6.42,6.4926,1543.333333179,0
KUST.US,5,20250924,155500,6.5646,6.5646,6.5646,6.5646,333.3333333,0
KUST.US,5,20250924,160500,6.51,6.6969,6.51,6.6969,149.999999985,0
KUST.US,5,20250924,161000,6.72,6.72,6.72,6.72,702.6666665964,0
KUST.US,5,20250924,162500,6.6546,6.6594,6.57,6.615,491.66666661749997,0
KUST.US,5,20250924,163000,6.6177,6.6177,6.6177,6.6177,33.333333329999995,0
KUST.US,5,20250924,163500,6.615,6.615,6.6,6.6,66.66666665999999,0
KUST.US,5,20250924,164000,6.57,6.6,6.57,6.6,166.66666665,0
KUST.US,5,20250924,165500,6.6,6.615,6.6,6.615,233.33333330999997,0
KUST.US,5,20250924,171000,6.57,6.5826,6.57,6.5826,99.99999998999999,0
KUST.US,5,20250924,171500,6.6141,6.615,6.54,6.54,2891.6666663775,0
KUST.US,5,20250924,172500,6.51,6.6597,6.48,6.6597,3825.9999996173997,0
KUST.US,5,20250924,175000,6.6,6.6,6.6,6.6,333.3333333,0
KUST.US,5,20250924,180500,6.54,6.54,6.51,6.51,197.9999999802,0
KUST.US,5,20250924,182500,6.567,6.567,6.567,6.567,166.66666665,0
KUST.US,5,20250924,193000,6.5025,6.6,6.5025,6.54,2683.333333065,0
KUST.US,5,20250924,193500,6.5997,6.66,6.57,6.6597,3946.3333329386996,0
KUST.US,5,20250924,200000,6.5874,6.5874,6.5874,6.5874,33.333333329999995,0
KUST.US,5,20250924,200500,6.585,6.585,6.585,6.585,33.333333329999995,0
KUST.US,5,20250924,202000,6.6,6.6,6.6,6.6,239.3333333094,0
KUST.US,5,20250924,202500,6.57,6.75,6.57,6.75,2095.9999997903997,0
KUST.US,5,20250924,203000,6.684,6.684,6.684,6.684,166.66666665,0
KUST.US,5,20250924,204000,6.66,6.66,6.66,6.66,133.33333331999998,0
KUST.US,5,20250924,210000,6.75,6.75,6.72,6.72,66.66666665999999,0
KUST.US,5,20250924,211000,6.69,6.69,6.69,6.69,33.333333329999995,0
KUST.US,5,20250924,212500,6.675,6.675,6.675,6.675,44.3333333289,0
KUST.US,5,20250924,213500,6.69,6.69,6.69,6.69,33.333333329999995,0
KUST.US,5,20250924,215000,6.69,6.7488,6.69,6.7488,66.66666665999999,0
KUST.US,5,20250924,215500,6.75,6.765,6.645,6.69,938.3333332394999,0
KUST.US,5,20250925,153000,6.45,6.525,6.45,6.525,4372.3333328961,0
KUST.US,5,20250925,153500,6.48,6.4998,6.3,6.4503,2564.3333330768996,0
KUST.US,5,20250925,154000,6.36,6.5997,6.36,6.5997,1166.66666655,0
KUST.US,5,20250925,155000,6.465,6.465,6.465,6.465,43.9999999956,0
KUST.US,5,20250925,160000,6.36,6.36,6.36,6.36,333.3333333,0
KUST.US,5,20250925,161000,6.447,6.447,6.447,6.447,66.66666665999999,0
KUST.US,5,20250925,162000,6.54,6.54,6.54,6.54,333.3333333,0
KUST.US,5,20250925,162500,6.5457,6.5457,6.5457,6.5457,33.333333329999995,0
KUST.US,5,20250925,163500,6.45,6.45,6.45,6.45,33.333333329999995,0
KUST.US,5,20250925,165000,6.465,6.465,6.465,6.465,33.333333329999995,0
KUST.US,5,20250925,171500,6.45,6.45,6.45,6.45,33.333333329999995,0
KUST.US,5,20250925,172000,6.3633,6.3633,6.3633,6.3633,273.9999999726,0
KUST.US,5,20250925,180000,6.54,6.54,6.54,6.54,33.333333329999995,0
KUST.US,5,20250925,181500,6.51,6.51,6.51,6.51,33.333333329999995,0
KUST.US,5,20250925,183000,6.45,6.45,6.45,6.45,233.33333330999997,0
KUST.US,5,20250925,184500,6.453,6.453,6.45,6.45,333.3333333,0
KUST.US,5,20250925,191000,6.42,6.42,6.42,6.42,166.66666665,0
KUST.US,5,20250925,192000,6.39,6.39,6.3,6.3,1311.3333332021998,0
KUST.US,5,20250925,192500,6.3777,6.3777,6.3777,6.3777,64.9999999935,0
KUST.US,5,20250925,193500,6.39,6.39,6.33,6.33,200.6666666466,0
KUST.US,5,20250925,201000,6.375,6.375,6.3,6.33,99.99999998999999,0
KUST.US,5,20250925,201500,6.3534,6.3534,6.3534,6.3534,99.99999998999999,0
KUST.US,5,20250925,203000,6.33,6.33,6.321,6.321,333.3333333,0
KUST.US,5,20250925,204500,6.405,6.405,6.405,6.405,99.99999998999999,0
KUST.US,5,20250925,205500,6.33,6.42,6.33,6.42,181.9999999818,0
KUST.US,5,20250925,210500,6.402,6.402,6.402,6.402,66.66666665999999,0
KUST.US,5,20250925,211500,6.36,6.36,6.36,6.36,33.333333329999995,0
KUST.US,5,20250925,212500,6.33,6.33,6.33,6.33,33.333333329999995,0
KUST.US,5,20250925,213000,6.36,6.36,6.36,6.36,33.333333329999995,0
KUST.US,5,20250925,215500,6.4044,6.4044,6.3,6.3,154.9999999845,0
KUST.US,5,20250926,153000,6.195,6.195,6.18,6.18,416.3333332917,0
KUST.US,5,20250926,154000,6.18,6.18,6.18,6.18,66.66666665999999,0
KUST.US,5,20250926,163000,6.18,6.18,6.18,6.18,638.3333332694999,0
KUST.US,5,20250926,163500,6.18,6.18,6.18,6.18,66.66666665999999,0
KUST.US,5,20250926,170000,6.09,6.09,6.09,6.09,344.33333329889996,0
KUST.US,5,20250926,171000,6.09,6.09,6.0735,6.0735,112.33333332209999,0
KUST.US,5,20250926,173000,6.09,6.09,6.09,6.09,33.333333329999995,0
KUST.US,5,20250926,173500,6.0819,6.0819,5.997,5.997,1012.9999998986999,0
KUST.US,5,20250926,181500,6.06,6.06,6.03,6.0573,298.99999997009996,0
KUST.US,5,20250926,182000,6.06,6.15,6.06,6.06,2147.3333331186,0
KUST.US,5,20250926,183000,6.09,6.09,6.06,6.06,154.6666666512,0
KUST.US,5,20250926,185000,6.09,6.09,6.06,6.06,166.66666665,0
KUST.US,5,20250926,191000,6.06,6.06,6.06,6.06,166.66666665,0
KUST.US,5,20250926,192500,6.06,6.06,6.06,6.06,333.3333333,0
KUST.US,5,20250926,200000,6.03,6.03,6.03,6.03,133.33333331999998,0
KUST.US,5,20250926,201500,6.0513,6.0513,6.0513,6.0513,53.333333327999995,0
KUST.US,5,20250926,202500,6.0177,6.0177,6.0177,6.0177,33.6666666633,0
KUST.US,5,20250926,204500,6.03,6.03,6.03,6.03,99.99999998999999,0
KUST.US,5,20250926,205000,5.97,5.97,5.97,5.97,99.99999998999999,0
KUST.US,5,20250926,212000,6.06,6.06,6.06,6.06,166.66666665,0
KUST.US,5,20250926,214500,6.06,6.06,6.06,6.06,33.333333329999995,0
KUST.US,5,20250926,215500,6.09,6.12,6.09,6.12,136.3333333197,0
KUST.US,5,20250929,153000,6,6,5.55,5.8458,11001.999998899799,0
KUST.US,5,20250929,153500,5.7,5.9697,5.7,5.9697,610.9999999388999,0
KUST.US,5,20250929,154500,5.9196,5.9196,5.79,5.79,185.99999998139998,0
KUST.US,5,20250929,155500,5.82,5.865,5.7129,5.82,999.9999998999999,0
KUST.US,5,20250929,160000,5.7327,5.7327,5.7327,5.7327,666.6666666,0
KUST.US,5,20250929,160500,5.73,5.8593,5.7,5.8593,168.3333333165,0
KUST.US,5,20250929,163000,5.76,5.76,5.76,5.76,33.333333329999995,0
KUST.US,5,20250929,163500,5.73,5.73,5.73,5.73,232.9999999767,0
KUST.US,5,20250929,164500,5.73,5.865,5.73,5.865,4222.9999995777,0
KUST.US,5,20250929,165000,5.82,5.865,5.82,5.8548,338.9999999661,0
KUST.US,5,20250929,165500,5.79,5.7972,5.76,5.79,1984.6666664681998,0
KUST.US,5,20250929,170500,5.79,5.835,5.79,5.835,478.3333332855,0
KUST.US,5,20250929,171000,5.88,5.88,5.88,5.88,64.9999999935,0
KUST.US,5,20250929,171500,5.79,5.7903,5.79,5.79,208.33333331249997,0
KUST.US,5,20250929,172000,5.76,5.76,5.76,5.76,203.66666664629997,0
KUST.US,5,20250929,180500,5.6835,5.6835,5.6835,5.6835,73.333333326,0
KUST.US,5,20250929,181000,5.7,5.7,5.7,5.7,33.333333329999995,0
KUST.US,5,20250929,184500,5.76,5.76,5.76,5.76,33.333333329999995,0
KUST.US,5,20250929,185000,5.76,5.76,5.76,5.76,33.333333329999995,0
KUST.US,5,20250929,190000,5.8491,5.8491,5.73,5.73,404.9999999595,0
KUST.US,5,20250929,190500,5.76,5.76,5.76,5.76,33.333333329999995,0
KUST.US,5,20250929,192500,5.76,5.76,5.76,5.76,33.333333329999995,0
KUST.US,5,20250929,193000,5.73,5.7303,5.64,5.67,1229.6666665436999,0
KUST.US,5,20250929,193500,5.64,5.7,5.64,5.7,133.33333331999998,0
KUST.US,5,20250929,194000,5.67,5.7,5.64,5.64,233.33333330999997,0
KUST.US,5,20250929,194500,5.67,5.67,5.67,5.67,33.333333329999995,0
KUST.US,5,20250929,200000,5.685,5.685,5.685,5.685,33.333333329999995,0
KUST.US,5,20250929,202500,5.7,5.7,5.7,5.7,133.33333331999998,0
KUST.US,5,20250929,203000,5.67,5.67,5.67,5.67,33.333333329999995,0
KUST.US,5,20250929,203500,5.7,5.7,5.7,5.7,233.33333330999997,0
KUST.US,5,20250929,204500,5.76,5.76,5.76,5.76,66.66666665999999,0
KUST.US,5,20250929,205500,5.73,5.73,5.73,5.73,66.66666665999999,0
KUST.US,5,20250929,211000,5.76,5.76,5.7,5.7,169.66666664969998,0
KUST.US,5,20250929,212500,5.7,5.7,5.7,5.7,33.333333329999995,0
KUST.US,5,20250929,213500,5.8485,5.8485,5.8485,5.8485,33.333333329999995,0
KUST.US,5,20250929,214000,5.775,5.775,5.775,5.775,166.66666665,0
KUST.US,5,20250929,215500,5.88,5.88,5.76,5.79,651.3333332681999,0
KUST.US,5,20250930,153000,5.97,6.06,5.97,5.97,468.66666661979997,0
KUST.US,5,20250930,155500,5.85,5.85,5.85,5.85,33.333333329999995,0
KUST.US,5,20250930,160500,5.85,5.85,5.82,5.835,1241.9999998757999,0
KUST.US,5,20250930,161000,5.88,5.88,5.88,5.88,249.99999997499998,0
KUST.US,5,20250930,163000,5.9658,5.9778,5.9658,5.9778,327.3333333006,0
KUST.US,5,20250930,165000,5.82,5.82,5.82,5.82,33.333333329999995,0
KUST.US,5,20250930,170500,5.82,5.82,5.82,5.82,33.333333329999995,0
KUST.US,5,20250930,172500,5.82,5.82,5.82,5.82,33.333333329999995,0
KUST.US,5,20250930,175000,5.85,5.85,5.85,5.85,34.999999996499994,0
KUST.US,5,20250930,180000,5.79,5.79,5.7,5.7303,2161.9999997838,0
KUST.US,5,20250930,181000,5.7012,5.7012,5.7,5.7,1632.6666665034,0
KUST.US,5,20250930,190000,5.7,5.7,5.7,5.7,133.33333331999998,0
KUST.US,5,20250930,191000,5.715,5.715,5.715,5.715,123.333333321,0
KUST.US,5,20250930,192000,5.7,5.7,5.7,5.7,33.333333329999995,0
KUST.US,5,20250930,192500,5.7297,5.7297,5.7297,5.7297,2966.66666637,0
KUST.US,5,20250930,193500,5.7303,5.7519,5.7303,5.7519,999.9999998999999,0
KUST.US,5,20250930,194000,5.73,5.73,5.73,5.73,33.333333329999995,0
KUST.US,5,20250930,194500,5.7,5.7,5.7,5.7,2504.6666664162,0
KUST.US,5,20250930,202500,5.7,5.73,5.58,5.58,728.3333332604999,0
KUST.US,5,20250930,203000,5.6706,5.6706,5.6706,5.6706,33.333333329999995,0
KUST.US,5,20250930,204000,5.64,5.64,5.64,5.64,66.3333333267,0
KUST.US,5,20250930,205000,5.61,5.61,5.61,5.61,33.333333329999995,0
KUST.US,5,20250930,211500,5.619,5.619,5.619,5.619,66.66666665999999,0
KUST.US,5,20250930,212500,5.61,5.6946,5.61,5.6946,66.66666665999999,0
KUST.US,5,20250930,214000,5.64,5.64,5.64,5.64,33.333333329999995,0
KUST.US,5,20250930,215500,5.745,5.79,5.7,5.79,231.33333331019998,0
KUST.US,5,20251001,153000,5.94,5.94,5.88,5.88,2011.3333331321999,0
KUST.US,5,20251001,153500,5.94,5.94,5.94,5.94,33.333333329999995,0
KUST.US,5,20251001,160000,5.991,5.991,5.991,5.991,99.99999998999999,0
KUST.US,5,20251001,161000,5.91,5.91,5.91,5.91,66.66666665999999,0
KUST.US,5,20251001,163000,5.91,5.91,5.91,5.91,66.66666665999999,0
KUST.US,5,20251001,163500,5.88,5.88,5.88,5.88,33.333333329999995,0
KUST.US,5,20251001,164500,5.85,5.85,5.85,5.85,366.66666662999995,0
KUST.US,5,20251001,165000,5.82,5.82,5.79,5.8116,302.3333333031,0
KUST.US,5,20251001,165500,5.7978,5.7978,5.7978,5.7978,176.3333333157,0
KUST.US,5,20251001,170000,5.8173,5.82,5.8173,5.82,100.6666666566,0
KUST.US,5,20251001,170500,5.835,5.835,5.835,5.835,33.333333329999995,0
KUST.US,5,20251001,174000,5.82,5.82,5.82,5.82,33.333333329999995,0
KUST.US,5,20251001,174500,5.88,5.88,5.88,5.88,33.333333329999995,0
KUST.US,5,20251001,175500,5.88,5.88,5.88,5.88,970.9999999029,0
KUST.US,5,20251001,180000,5.88,5.88,5.8467,5.85,833.3333332499999,0
KUST.US,5,20251001,180500,5.8323,5.8323,5.8323,5.8323,83.333333325,0
KUST.US,5,20251001,182000,5.7906,5.7906,5.7,5.79,2885.9999997113996,0
KUST.US,5,20251001,183000,5.7003,5.775,5.7003,5.775,111.9999999888,0
KUST.US,5,20251001,184000,5.76,5.76,5.76,5.76,33.333333329999995,0
KUST.US,5,20251001,185000,5.76,5.76,5.73,5.73,326.33333330069996,0
KUST.US,5,20251001,190000,5.73,5.73,5.73,5.73,47.666666661899995,0
KUST.US,5,20251001,191000,5.835,5.835,5.835,5.835,33.333333329999995,0
KUST.US,5,20251001,192000,5.835,5.835,5.835,5.835,333.3333333,0
KUST.US,5,20251001,193500,5.835,5.835,5.835,5.835,33.333333329999995,0
KUST.US,5,20251001,194500,5.79,5.79,5.79,5.79,33.333333329999995,0
KUST.US,5,20251001,195500,5.82,5.82,5.82,5.82,33.333333329999995,0
KUST.US,5,20251001,201000,5.73,5.73,5.73,5.73,33.333333329999995,0
KUST.US,5,20251001,202000,5.82,5.82,5.82,5.82,33.333333329999995,0
KUST.US,5,20251001,204000,5.82,5.82,5.82,5.82,33.333333329999995,0
KUST.US,5,20251001,204500,5.8902,5.8902,5.8902,5.8902,1333.3333332,0
KUST.US,5,20251001,210000,5.85,5.85,5.85,5.85,33.333333329999995,0
KUST.US,5,20251001,211000,5.7984,5.7984,5.7984,5.7984,176.3333333157,0
KUST.US,5,20251001,211500,5.85,5.85,5.85,5.85,33.333333329999995,0
KUST.US,5,20251001,212500,5.865,5.865,5.865,5.865,33.333333329999995,0
KUST.US,5,20251001,213000,5.88,5.88,5.88,5.88,33.333333329999995,0
KUST.US,5,20251001,213500,5.88,5.88,5.88,5.88,33.333333329999995,0
KUST.US,5,20251001,214000,5.88,5.88,5.88,5.88,33.333333329999995,0
KUST.US,5,20251001,215000,5.8548,5.8548,5.8548,5.8548,33.333333329999995,0
KUST.US,5,20251001,215500,5.88,5.97,5.88,5.94,1294.6666665372,0
KUST.US,5,20251002,153000,5.94,5.94,5.94,5.94,174.9999999825,0
KUST.US,5,20251002,153500,5.9403,6,5.94,6,806.6666665859999,0
KUST.US,5,20251002,155500,5.9793,5.9793,5.9793,5.9793,166.66666665,0
KUST.US,5,20251002,160000,6.15,6.15,6.15,6.15,178.66666664879997,0
KUST.US,5,20251002,160500,5.97,5.97,5.97,5.97,62.999999993699994,0
KUST.US,5,20251002,161000,6.0477,6.0477,5.97,5.97,243.33333330899998,0
KUST.US,5,20251002,163500,5.94,5.94,5.94,5.94,33.333333329999995,0
KUST.US,5,20251002,171000,6,6,6,6,33.333333329999995,0
KUST.US,5,20251002,173000,6.0312,6.0312,6.0312,6.0312,33.333333329999995,0
KUST.US,5,20251002,174500,6,6,6,6,33.333333329999995,0
KUST.US,5,20251002,180500,5.97,5.97,5.97,5.97,79.999999992,0
KUST.US,5,20251002,184000,5.9421,5.9421,5.9421,5.9421,399.99999995999997,0
KUST.US,5,20251002,195500,5.9403,5.9433,5.9403,5.9433,169.3333333164,0
KUST.US,5,20251002,200500,5.9523,5.9523,5.9523,5.9523,666.6666666,0
KUST.US,5,20251002,201500,5.9679,5.9679,5.9679,5.9679,67.3333333266,0
KUST.US,5,20251002,202000,5.9439,5.9439,5.9439,5.9439,69.3333333264,0
KUST.US,5,20251002,210000,5.97,5.9979,5.97,5.9979,129.999999987,0
KUST.US,5,20251002,211000,5.97,5.97,5.97,5.97,33.333333329999995,0
KUST.US,5,20251002,211500,6,6,6,6,33.333333329999995,0
KUST.US,5,20251002,212000,5.97,5.9703,5.97,5.9703,66.66666665999999,0
KUST.US,5,20251002,214500,5.97,6,5.97,6,186.9999999813,0
KUST.US,5,20251002,215500,6.1485,6.1485,6.12,6.12,554.3333332779,0
KUST.US,5,20251003,153000,6.12,6.12,6.12,6.12,677.9999999322,0
KUST.US,5,20251003,153500,6.10728,6.10728,6.10728,6.10728,132.6666666534,0
KUST.US,5,20251003,155000,6.03,6.03,6.0147,6.0147,70.3333333263,0
KUST.US,5,20251003,155500,6.0798,6.0798,6.0798,6.0798,83.333333325,0
KUST.US,5,20251003,160500,6.0549,6.0549,6.0549,6.0549,33.333333329999995,0
KUST.US,5,20251003,163000,6,6,6,6,194.99999998049998,0
KUST.US,5,20251003,171500,5.9829,5.9829,5.9829,5.9829,41.6666666625,0
KUST.US,5,20251003,172500,5.985,6,5.985,6,1343.333333199,0
KUST.US,5,20251003,173000,6,6.045,6,6.045,1203.6666665463,0
KUST.US,5,20251003,173500,6.0897,6.0897,6.0897,6.0897,41.6666666625,0
KUST.US,5,20251003,174500,6.03,6.03,6.03,6.03,333.3333333,0
KUST.US,5,20251003,181500,6.06,6.06,6.06,6.06,53.333333327999995,0
KUST.US,5,20251003,182000,6.06,6.06,6.06,6.06,33.333333329999995,0
KUST.US,5,20251003,183000,6.0888,6.0888,6.0888,6.0888,33.333333329999995,0
KUST.US,5,20251003,184500,6.09,6.09,6.09,6.09,581.9999999418,0
KUST.US,5,20251003,191500,6.06,6.06,6.06,6.06,33.333333329999995,0
KUST.US,5,20251003,202500,6.0342,6.0342,6.0342,6.0342,66.9999999933,0
KUST.US,5,20251003,203500,6.03,6.06,6.03,6.06,133.33333331999998,0
KUST.US,5,20251003,205500,6.06,6.06,6.06,6.06,33.333333329999995,0
KUST.US,5,20251003,212500,6.0303,6.0303,6.0303,6.0303,34.999999996499994,0
KUST.US,5,20251003,213000,6.0348,6.0348,6.0348,6.0348,35.666666663099996,0
KUST.US,5,20251003,214500,6.03,6.0861,6.03,6.0861,133.33333331999998,0
KUST.US,5,20251003,215000,6.09,6.09,6.06,6.06,696.9999999303,0
KUST.US,5,20251003,215500,6.06,6.09,6.03,6.09,471.99999995279995,0
KUST.US,5,20251006,153000,6.24,6.24,6.24,6.24,127.33333332059999,0
KUST.US,5,20251006,153500,6.15,6.2874,6.15,6.2874,199.99999997999998,0
KUST.US,5,20251006,154500,6.2919,6.2919,6.15,6.15,433.33333329,0
KUST.US,5,20251006,160500,6.21,6.21,6.21,6.21,33.333333329999995,0
KUST.US,5,20251006,161000,6.18,6.18,6.18,6.18,53.333333327999995,0
KUST.US,5,20251006,162000,6.2577,6.2958,6.255,6.2739,1233.3333332099999,0
KUST.US,5,20251006,162500,6.285,6.285,6.183,6.2703,666.6666666,0
KUST.US,5,20251006,163500,6.24,6.255,6.18,6.2274,1857.3333331476,0
KUST.US,5,20251006,164000,6.21,6.21,6.21,6.21,66.66666665999999,0
KUST.US,5,20251006,172000,6.3,6.3,6.27,6.27,1266.6666665399998,0
KUST.US,5,20251006,172500,6.27,6.45,6.27,6.39,4911.3333328421995,0
KUST.US,5,20251006,173500,6.36,6.36,6.36,6.36,33.333333329999995,0
KUST.US,5,20251006,174000,6.33,6.33,6.3,6.3,99.99999998999999,0
KUST.US,5,20251006,175000,6.2406,6.3648,6.2406,6.3648,2666.6666664,0
KUST.US,5,20251006,180000,6.3,6.3,6.3,6.3,49.999999994999996,0
KUST.US,5,20251006,183000,6.2118,6.2118,6.2118,6.2118,33.333333329999995,0
KUST.US,5,20251006,184000,6.27,6.27,6.27,6.27,133.33333331999998,0
KUST.US,5,20251006,185500,6.1539,6.1539,6.1539,6.1539,1560.3333331773,0
KUST.US,5,20251006,192500,6.1596,6.18,6.1596,6.18,299.99999997,0
KUST.US,5,20251006,211000,6.21,6.21,6.21,6.21,33.333333329999995,0
KUST.US,5,20251006,215500,6.24,6.24,6.21,6.21,136.3333333197,0
KUST.US,5,20251007,153000,6.21,6.21,6.21,6.21,166.66666665,0
KUST.US,5,20251007,160500,6.24,6.24,6.24,6.24,33.333333329999995,0
KUST.US,5,20251007,161000,6.21,6.3,6.21,6.3,833.3333332499999,0
KUST.US,5,20251007,162000,6.3,6.3,6.24,6.24,99.99999998999999,0
KUST.US,5,20251007,162500,6.24,6.261,6.24,6.261,566.66666661,0
KUST.US,5,20251007,163000,6.225,6.225,6.225,6.225,38.6666666628,0
KUST.US,5,20251007,163500,6.21,6.2397,6.18,6.18,873.6666665793,0
KUST.US,5,20251007,164000,6.2316,6.2316,6.2316,6.2316,99.99999998999999,0
KUST.US,5,20251007,165000,6.21,6.21,6.21,6.21,166.66666665,0
KUST.US,5,20251007,171000,6.195,6.195,6.195,6.195,36.666666663,0
KUST.US,5,20251007,171500,6.18,6.18,6.18,6.18,33.333333329999995,0
KUST.US,5,20251007,173500,6.21,6.21,6.18,6.18,399.99999995999997,0
KUST.US,5,20251007,174500,6.15,6.15,6.06,6.06,2473.9999997525997,0
KUST.US,5,20251007,175000,6.18,6.18,6.18,6.18,33.333333329999995,0
KUST.US,5,20251007,175500,6.18,6.18,6.18,6.18,33.333333329999995,0
KUST.US,5,20251007,180000,6.045,6.045,6.03,6.03,166.66666665,0
KUST.US,5,20251007,181500,6.06632,6.06632,6.06632,6.06632,133.33333331999998,0
KUST.US,5,20251007,182000,6.0486,6.0486,6.0486,6.0486,34.6666666632,0
KUST.US,5,20251007,190000,6.12,6.12,6.12,6.12,33.333333329999995,0
KUST.US,5,20251007,195500,6.06,6.09,6.06,6.09,133.33333331999998,0
KUST.US,5,20251007,202500,6.03,6.09,6.03,6.06,533.3333332799999,0
KUST.US,5,20251007,210000,6.06,6.06,6.06,6.06,33.333333329999995,0
KUST.US,5,20251007,211500,6.0888,6.0888,6.0888,6.0888,166.66666665,0
KUST.US,5,20251007,212500,6.075,6.09,6.075,6.09,116.66666665499999,0
KUST.US,5,20251008,153000,6.15,6.27,6.15,6.2691,240.99999997589998,0
KUST.US,5,20251008,154000,6.24,6.24,6.24,6.24,33.333333329999995,0
KUST.US,5,20251008,155500,6.2289,6.2289,6.15,6.1503,758.6666665908,0
KUST.US,5,20251008,160000,6.153,6.18,6.15,6.18,285.66666663809997,0
KUST.US,5,20251008,160500,6.177,6.177,6.177,6.177,33.333333329999995,0
KUST.US,5,20251008,161000,6.1347,6.1347,6.1347,6.1347,36.666666663,0
KUST.US,5,20251008,163000,6.234,6.234,6.234,6.234,99.99999998999999,0
KUST.US,5,20251008,170000,6.27,6.27,6.27,6.27,33.333333329999995,0
KUST.US,5,20251008,170500,6.1908,6.1908,6.1908,6.1908,66.66666665999999,0
KUST.US,5,20251008,172500,6.225,6.225,6.225,6.225,33.333333329999995,0
KUST.US,5,20251008,181500,6.2628,6.2628,6.2628,6.2628,333.3333333,0
KUST.US,5,20251008,182000,6.2034,6.2034,6.2034,6.2034,33.333333329999995,0
KUST.US,5,20251008,202500,6.1803,6.1803,6.1803,6.1803,499.99999994999996,0
KUST.US,5,20251008,210000,6.225,6.225,6.225,6.225,699.99999993,0
KUST.US,5,20251008,212500,6.24,6.24,6.24,6.24,33.333333329999995,0
KUST.US,5,20251008,213000,6.27,6.27,6.225,6.225,626.3333332707,0
KUST.US,5,20251008,214500,6.27,6.27,6.27,6.27,209.6666666457,0
KUST.US,5,20251008,215500,6.3,6.3,6.27,6.27,184.9999999815,0
KUST.US,5,20251009,153000,6.24,6.33,6.24,6.3,223.9999999776,0
KUST.US,5,20251009,154000,6.3597,6.3597,6.3306,6.345,166.66666665,0
KUST.US,5,20251009,155000,6.3558,6.36,6.345,6.345,1028.3333332304999,0
KUST.US,5,20251009,155500,6.36,6.36,6.36,6.36,92.6666666574,0
KUST.US,5,20251009,160000,6.3303,6.345,6.3303,6.345,724.6666665941999,0
KUST.US,5,20251009,160500,6.33,6.3321,6.33,6.3321,202.6666666464,0
KUST.US,5,20251009,161000,6.3303,6.345,6.33,6.345,549.999999945,0
KUST.US,5,20251009,162000,6.3303,6.3303,6.3303,6.3303,70.6666666596,0
KUST.US,5,20251009,164000,6.33,6.36,6.33,6.33,299.99999997,0
KUST.US,5,20251009,164500,6.3024,6.3024,6.3024,6.3024,33.333333329999995,0
KUST.US,5,20251009,165500,6.33,6.33,6.33,6.33,33.333333329999995,0
KUST.US,5,20251009,173500,6.3,6.3,6.3,6.3,99.99999998999999,0
KUST.US,5,20251009,174000,6.3309,6.3309,6.3309,6.3309,499.99999994999996,0
KUST.US,5,20251009,180000,6.339,6.339,6.339,6.339,33.333333329999995,0
KUST.US,5,20251009,180500,6.3339,6.3339,6.3339,6.3339,33.333333329999995,0
KUST.US,5,20251009,182000,6.36,6.36,6.36,6.36,257.66666664089996,0
KUST.US,5,20251009,183500,6.345,6.345,6.345,6.345,33.333333329999995,0
KUST.US,5,20251009,185000,6.33,6.33,6.33,6.33,499.99999994999996,0
KUST.US,5,20251009,190500,6.3453,6.3453,6.3375,6.3375,637.9999999362,0
KUST.US,5,20251009,191000,6.33,6.3318,6.33,6.3318,233.99999997659998,0
KUST.US,5,20251009,192000,6.33,6.33,6.33,6.33,33.333333329999995,0
KUST.US,5,20251009,193000,6.345,6.345,6.345,6.345,153.99999998459998,0
KUST.US,5,20251009,195000,6.36,6.36,6.36,6.36,66.66666665999999,0
KUST.US,5,20251009,200000,6.36,6.36,6.36,6.36,166.66666665,0
KUST.US,5,20251009,202000,6.36,6.36,6.36,6.36,33.333333329999995,0
KUST.US,5,20251009,203000,6.345,6.345,6.345,6.345,33.333333329999995,0
KUST.US,5,20251009,204000,6.33,6.36,6.33,6.36,299.99999997,0
KUST.US,5,20251009,210000,6.3585,6.3585,6.3585,6.3585,249.99999997499998,0
KUST.US,5,20251009,210500,6.3321,6.345,6.33,6.33,333.3333333,0
KUST.US,5,20251009,211500,6.3303,6.345,6.3303,6.345,166.66666665,0
KUST.US,5,20251009,213000,6.36,6.36,6.36,6.36,66.66666665999999,0
KUST.US,5,20251009,213500,6.36,6.36,6.36,6.36,877.6666665788999,0
KUST.US,5,20251009,214000,6.3342,6.36,6.3342,6.36,624.9999999375,0
KUST.US,5,20251009,214500,6.36,6.36,6.36,6.36,66.66666665999999,0
KUST.US,5,20251009,215000,6.36,6.36,6.3471,6.3471,900.6666665765999,0
KUST.US,5,20251009,215500,6.36,6.36,6.33,6.3306,1370.9999998628998,0
KUST.US,5,20251010,153000,6.48,6.48,6.39,6.39,288.6666666378,0
KUST.US,5,20251010,153500,6.3729,6.3729,6.3729,6.3729,39.999999996,0
KUST.US,5,20251010,155500,6.36,6.36,6.36,6.36,54.33333332789999,0
KUST.US,5,20251010,160000,6.36,6.3663,6.36,6.3663,177.6666666489,0
KUST.US,5,20251010,164500,6.3081,6.3081,6.18,6.24,254.33333330789998,0
KUST.US,5,20251010,170000,6.12,6.12,6.12,6.12,143.333333319,0
KUST.US,5,20251010,170500,6,6,5.8143,5.8143,3830.9999996169,0
KUST.US,5,20251010,171000,5.82,5.8503,5.49,5.703,3032.6666663633996,0
KUST.US,5,20251010,171500,5.73,5.79,5.73,5.7897,895.9999999104,0
KUST.US,5,20251010,172000,5.7894,5.7894,5.7342,5.7861,412.99999995869996,0
KUST.US,5,20251010,172500,5.775,5.7891,5.775,5.787,466.66666661999994,0
KUST.US,5,20251010,173000,6.0051,6.0051,6.0051,6.0051,33.333333329999995,0
KUST.US,5,20251010,174500,5.8821,5.8821,5.8821,5.8821,133.33333331999998,0
KUST.US,5,20251010,180000,5.9619,5.9619,5.9619,5.9619,166.66666665,0
KUST.US,5,20251010,180500,5.88,5.88,5.88,5.88,333.3333333,0
KUST.US,5,20251010,181000,5.85,5.85,5.82,5.82,66.66666665999999,0
KUST.US,5,20251010,181500,5.82,5.82,5.82,5.82,333.3333333,0
KUST.US,5,20251010,182500,5.8779,5.8779,5.8779,5.8779,52.666666661399994,0
KUST.US,5,20251010,183000,5.9193,5.9193,5.9193,5.9193,133.33333331999998,0
KUST.US,5,20251010,183500,5.895,5.895,5.895,5.895,33.333333329999995,0
KUST.US,5,20251010,184500,5.85,5.85,5.85,5.85,33.333333329999995,0
KUST.US,5,20251010,190000,5.8194,5.8194,5.8194,5.8194,83.333333325,0
KUST.US,5,20251010,191000,5.82,5.82,5.79,5.79,699.99999993,0
KUST.US,5,20251010,193000,5.76,5.76,5.73,5.73,652.6666666013999,0
KUST.US,5,20251010,193500,5.73,5.73,5.73,5.73,366.66666662999995,0
KUST.US,5,20251010,194000,5.73,5.757,5.73,5.757,174.9999999825,0
KUST.US,5,20251010,194500,5.73,5.73,5.73,5.73,370.99999996289995,0
KUST.US,5,20251010,195500,5.76,5.76,5.76,5.76,833.3333332499999,0
KUST.US,5,20251010,200500,5.7528,5.7528,5.7,5.7,66.66666665999999,0
KUST.US,5,20251010,204000,5.7021,5.7021,5.7021,5.7021,99.99999998999999,0
KUST.US,5,20251010,204500,5.7,5.7,5.7,5.7,333.3333333,0
KUST.US,5,20251010,205000,5.7,5.7,5.64,5.64,977.9999999022,0
KUST.US,5,20251010,210000,5.625,5.625,5.61,5.61,66.66666665999999,0
KUST.US,5,20251010,211000,5.6394,5.6394,5.6391,5.6391,119.33333332139999,0
KUST.US,5,20251010,211500,5.637,5.637,5.637,5.637,33.333333329999995,0
KUST.US,5,20251010,213000,5.6397,5.6397,5.61,5.61,66.66666665999999,0
KUST.US,5,20251010,214500,5.6388,5.6622,5.6388,5.6622,136.9999999863,0
KUST.US,5,20251010,215500,5.64,5.67,5.6103,5.6103,1244.9999998755,0
KUST.US,5,20251013,153000,5.85,5.85,5.85,5.85,277.3333333056,0
KUST.US,5,20251013,154000,5.6622,5.739,5.6622,5.739,91.66666665749999,0
KUST.US,5,20251013,154500,5.8194,5.8197,5.8194,5.8197,910.9999999088999,0
KUST.US,5,20251013,155500,5.6928,5.6928,5.652,5.652,133.33333331999998,0
KUST.US,5,20251013,160000,5.64,5.67,5.61,5.61,208.33333331249997,0
KUST.US,5,20251013,162000,5.64,5.64,5.64,5.64,56.3333333277,0
KUST.US,5,20251013,162500,5.7438,5.8182,5.7438,5.8182,501.6666666165,0
KUST.US,5,20251013,163500,5.73,5.73,5.73,5.73,33.333333329999995,0
KUST.US,5,20251013,164500,5.79,5.79,5.7,5.7,1033.3333332299999,0
KUST.US,5,20251013,172500,5.7,5.7,5.7,5.7,33.333333329999995,0
KUST.US,5,20251013,180500,5.7303,5.7303,5.73,5.73,133.33333331999998,0
KUST.US,5,20251013,181500,5.745,5.76,5.745,5.76,433.33333329,0
KUST.US,5,20251013,191000,5.7303,5.7303,5.7303,5.7303,43.333333329,0
KUST.US,5,20251013,193000,5.7315,5.7315,5.7315,5.7315,299.99999997,0
KUST.US,5,20251013,194000,5.76,5.79,5.7597,5.79,311.6666666355,0
KUST.US,5,20251013,201000,5.7564,5.7564,5.751,5.751,399.99999995999997,0
KUST.US,5,20251013,201500,5.79,5.79,5.79,5.79,183.66666664829998,0
KUST.US,5,20251013,202500,5.82,5.82,5.8152,5.8152,96.9999999903,0
KUST.US,5,20251013,210500,5.7606,5.7606,5.7606,5.7606,166.66666665,0
KUST.US,5,20251013,215500,5.8242,5.85,5.8242,5.835,299.99999997,0
KUST.US,5,20251014,153000,5.82,5.82,5.82,5.82,195.33333331379998,0
KUST.US,5,20251014,153500,5.79,5.79,5.79,5.79,66.66666665999999,0
KUST.US,5,20251014,154500,5.865,5.865,5.865,5.865,74.66666665919999,0
KUST.US,5,20251014,161000,5.7603,5.97,5.7603,5.97,369.999999963,0
KUST.US,5,20251014,161500,5.7753,5.7753,5.7753,5.7753,139.99999998599998,0
KUST.US,5,20251014,163000,5.9697,5.9697,5.9697,5.9697,199.99999997999998,0
KUST.US,5,20251014,163500,5.895,5.895,5.895,5.895,483.333333285,0
KUST.US,5,20251014,165500,5.88,5.88,5.88,5.88,33.333333329999995,0
KUST.US,5,20251014,173000,5.9172,5.9172,5.9172,5.9172,33.333333329999995,0
KUST.US,5,20251014,173500,5.9004,5.9004,5.9004,5.9004,99.99999998999999,0
KUST.US,5,20251014,174000,5.925,5.925,5.925,5.925,333.3333333,0
KUST.US,5,20251014,174500,5.931,5.931,5.931,5.931,33.333333329999995,0
KUST.US,5,20251014,175000,5.94,5.94,5.94,5.94,273.333333306,0
KUST.US,5,20251014,175500,5.9496,5.9496,5.9496,5.9496,99.99999998999999,0
KUST.US,5,20251014,180000,5.94,5.9697,5.94,5.9697,83.333333325,0
KUST.US,5,20251014,180500,5.9154,5.9154,5.9154,5.9154,33.333333329999995,0
KUST.US,5,20251014,182000,5.9376,5.9376,5.9376,5.9376,161.9999999838,0
KUST.US,5,20251014,182500,5.94,5.94,5.94,5.94,33.333333329999995,0
KUST.US,5,20251014,184000,5.97,5.97,5.97,5.97,333.3333333,0
KUST.US,5,20251014,190000,5.9721,5.9721,5.9721,5.9721,89.999999991,0
KUST.US,5,20251014,193000,6.045,6.045,6.045,6.045,33.333333329999995,0
KUST.US,5,20251014,193500,6,6,6,6,41.6666666625,0
KUST.US,5,20251014,201000,6.03,6.03,6.03,6.03,300.3333333033,0
KUST.US,5,20251014,203500,6.03,6.03,6.03,6.03,1666.6666664999998,0
KUST.US,5,20251014,204000,6.09,6.09,6.09,6.09,66.66666665999999,0
KUST.US,5,20251014,205000,6.081,6.081,6.081,6.081,166.66666665,0
KUST.US,5,20251014,210500,6.06,6.06,6.06,6.06,316.66666663499996,0
KUST.US,5,20251014,211500,5.97,5.97,5.97,5.97,166.66666665,0
KUST.US,5,20251014,214000,6.06,6.09,6.06,6.09,133.33333331999998,0
KUST.US,5,20251014,214500,6.06,6.0648,6.06,6.0648,66.66666665999999,0
KUST.US,5,20251014,215000,6.03,6.03,6.03,6.03,33.333333329999995,0
KUST.US,5,20251014,215500,6.09,6.09,6.09,6.09,33.333333329999995,0
KUST.US,5,20251015,153000,6.15,6.21,6.15,6.21,428.6666666238,0
KUST.US,5,20251015,153500,6.15,6.165,6.09,6.165,166.66666665,0
KUST.US,5,20251015,154000,6.2073,6.2073,6.2073,6.2073,66.66666665999999,0
KUST.US,5,20251015,155500,6.12,6.12,6.09,6.09,109.3333333224,0
KUST.US,5,20251015,165000,6.06,6.06,6.06,6.06,67.6666666599,0
KUST.US,5,20251015,170000,6.06,6.06,6.05309,6.05309,282.3333333051,0
KUST.US,5,20251015,170500,6.0348,6.0348,6.0348,6.0348,92.3333333241,0
KUST.US,5,20251015,172000,6.06,6.06,6.06,6.06,33.333333329999995,0
KUST.US,5,20251015,172500,6.06,6.06,6.06,6.06,39.999999996,0
KUST.US,5,20251015,173000,6.06,6.06,6.06,6.06,129.6666666537,0
KUST.US,5,20251015,180000,6.0708,6.0708,6.0708,6.0708,107.99999998919999,0
KUST.US,5,20251015,180500,6.135,6.135,6.135,6.135,33.333333329999995,0
KUST.US,5,20251015,185000,6.0456,6.0456,6.0456,6.0456,33.333333329999995,0
KUST.US,5,20251015,185500,6,6,5.97,5.97,132.3333333201,0
KUST.US,5,20251015,190500,5.97,5.97,5.97,5.97,59.3333333274,0
KUST.US,5,20251015,192000,5.9235,5.9235,5.9235,5.9235,99.99999998999999,0
KUST.US,5,20251015,195000,5.94,5.94,5.94,5.94,1666.6666664999998,0
KUST.US,5,20251015,201000,6.1272,6.1272,6.1272,6.1272,49.999999994999996,0
KUST.US,5,20251015,202000,6.1245,6.1245,6.1245,6.1245,33.333333329999995,0
KUST.US,5,20251015,202500,6.015,6.015,6.015,6.015,131.6666666535,0
KUST.US,5,20251015,213500,5.922,5.922,5.922,5.922,166.66666665,0
KUST.US,5,20251015,214500,5.9655,5.9655,5.91,5.91,81.3333333252,0
KUST.US,5,20251016,153000,6,6,6,6,65.9999999934,0
KUST.US,5,20251016,153500,6.093,6.093,5.9772,5.9772,133.33333331999998,0
KUST.US,5,20251016,155000,6.1242,6.1242,6.1242,6.1242,80.9999999919,0
KUST.US,5,20251016,155500,6.075,6.075,6.075,6.075,80.9999999919,0
KUST.US,5,20251016,164000,6,6.03,6,6.03,199.66666664669998,0
KUST.US,5,20251016,170500,6.03,6.03,6.03,6.03,33.333333329999995,0
KUST.US,5,20251016,173500,6,6,6,6,66.66666665999999,0
KUST.US,5,20251016,174000,6,6,6,6,33.333333329999995,0
KUST.US,5,20251016,175500,5.97,5.97,5.97,5.97,66.66666665999999,0
KUST.US,5,20251016,182000,5.994,5.994,5.97,5.982,499.99999994999996,0
KUST.US,5,20251016,182500,6.0354,6.0354,5.985,5.985,1133.33333322,0
KUST.US,5,20251016,183500,5.97,5.97,5.97,5.97,66.66666665999999,0
KUST.US,5,20251016,184500,5.91,5.91,5.82,5.826,883.9999999116,0
KUST.US,5,20251016,185000,5.85,5.85,5.85,5.85,33.333333329999995,0
KUST.US,5,20251016,192500,6.0219,6.0219,6.0219,6.0219,99.99999998999999,0
KUST.US,5,20251016,193500,5.9781,5.9781,5.82,5.91,1038.9999998961,0
KUST.US,5,20251016,194000,5.835,5.91,5.835,5.91,167.99999998319998,0
KUST.US,5,20251016,195500,5.79,5.79,5.79,5.79,33.333333329999995,0
KUST.US,5,20251016,202000,5.9331,5.9331,5.9331,5.9331,33.6666666633,0
KUST.US,5,20251016,202500,5.91,5.91,5.91,5.91,342.9999999657,0
KUST.US,5,20251016,203500,5.79,5.79,5.76,5.76,326.99999996729997,0
KUST.US,5,20251016,204000,5.7,5.76,5.7,5.7,1653.9999998346,0
KUST.US,5,20251016,204500,5.73,5.73,5.73,5.73,33.333333329999995,0
KUST.US,5,20251016,205000,5.79,5.79,5.79,5.79,49.999999994999996,0
KUST.US,5,20251016,205500,5.805,5.805,5.805,5.805,40.6666666626,0
KUST.US,5,20251016,210000,5.8719,5.8719,5.76,5.76,216.666666645,0
KUST.US,5,20251016,210500,5.7777,5.7777,5.7777,5.7777,133.33333331999998,0
KUST.US,5,20251016,211000,5.79,5.79,5.79,5.79,333.3333333,0
KUST.US,5,20251016,212500,5.79,5.79,5.7,5.7804,249.99999997499998,0
KUST.US,5,20251016,215500,5.82,5.82,5.82,5.82,42.999999995699994,0
KUST.US,5,20251017,153000,5.82,5.82,5.82,5.82,209.999999979,0
KUST.US,5,20251017,154500,5.7,5.7,5.7,5.7,364.6666666302,0
KUST.US,5,20251017,160000,5.73,5.73,5.73,5.73,177.3333333156,0
KUST.US,5,20251017,165500,5.61,5.61,5.61,5.61,99.99999998999999,0
KUST.US,5,20251017,170000,5.61,5.61,5.61,5.61,43.666666662299995,0
KUST.US,5,20251017,170500,5.6622,5.6622,5.6622,5.6622,87.6666666579,0
KUST.US,5,20251017,171500,5.61,5.61,5.58,5.58,140.33333331929998,0
KUST.US,5,20251017,172500,5.6031,5.6031,5.6031,5.6031,33.333333329999995,0
KUST.US,5,20251017,174500,5.58,5.58,5.58,5.58,66.66666665999999,0
KUST.US,5,20251017,175000,5.58,5.58,5.58,5.58,111.33333332219999,0
KUST.US,5,20251017,181500,5.66168,5.66168,5.66168,5.66168,249.99999997499998,0
KUST.US,5,20251017,183000,5.58,5.58,5.58,5.58,49.999999994999996,0
KUST.US,5,20251017,195500,5.67,5.67,5.67,5.67,499.99999994999996,0
KUST.US,5,20251017,210500,5.58,5.58,5.58,5.58,33.333333329999995,0
KUST.US,5,20251017,211000,5.6934,5.6934,5.6934,5.6934,87.9999999912,0
KUST.US,5,20251017,213000,5.58,5.6397,5.58,5.6397,1716.9999998283,0
KUST.US,5,20251017,213500,5.58,5.58,5.58,5.58,33.333333329999995,0
KUST.US,5,20251017,215000,5.52,5.55,5.52,5.5248,834.9999999165,0
KUST.US,5,20251017,215500,5.49,5.49,5.46,5.49,150.9999999849,0
KUST.US,5,20251020,153000,5.52,5.52,5.52,5.52,49.333333328399995,0
KUST.US,5,20251020,154000,5.55,5.55,5.475,5.475,99.99999998999999,0
KUST.US,5,20251020,154500,5.475,5.475,5.475,5.475,33.333333329999995,0
KUST.US,5,20251020,163500,5.52,5.52,5.49,5.49,165.66666665009998,0
KUST.US,5,20251020,165500,5.4915,5.4915,5.4915,5.4915,304.6666666362,0
KUST.US,5,20251020,170000,5.52,5.52,5.505,5.52,266.66666663999996,0
KUST.US,5,20251020,171000,5.52,5.55,5.52,5.55,198.3333333135,0
KUST.US,5,20251020,171500,5.52,5.52,5.52,5.52,199.99999997999998,0
KUST.US,5,20251020,173000,5.52,5.52,5.52,5.52,133.33333331999998,0
KUST.US,5,20251020,180000,5.52,5.52,5.52,5.52,33.333333329999995,0
KUST.US,5,20251020,181500,5.5428,5.5428,5.5428,5.5428,99.66666665669999,0
KUST.US,5,20251020,185000,5.52,5.52,5.52,5.52,33.333333329999995,0
KUST.US,5,20251020,193000,5.58,5.58,5.58,5.58,57.6666666609,0
KUST.US,5,20251020,195000,5.5218,5.5218,5.5218,5.5218,153.333333318,0
KUST.US,5,20251020,200500,5.52,5.52,5.52,5.52,233.33333330999997,0
KUST.US,5,20251020,203000,5.52,5.52,5.52,5.52,66.66666665999999,0
KUST.US,5,20251020,203500,5.5401,5.5401,5.5401,5.5401,52.9999999947,0
KUST.US,5,20251020,204000,5.49,5.49,5.49,5.49,1110.9999998889,0
KUST.US,5,20251020,205000,5.496,5.496,5.496,5.496,233.33333330999997,0
KUST.US,5,20251020,211000,5.565,5.565,5.565,5.565,33.333333329999995,0
KUST.US,5,20251020,214000,5.58,5.58,5.58,5.58,666.6666666,0
KUST.US,5,20251020,214500,5.55,5.58,5.55,5.58,183.33333331499998,0
KUST.US,5,20251020,215500,5.595,5.595,5.595,5.595,61.6666666605,0
KUST.US,5,20251021,153000,5.61,5.61,5.61,5.61,80.6666666586,0
KUST.US,5,20251021,154500,5.625,5.64,5.625,5.64,699.99999993,0
KUST.US,5,20251021,155500,5.6142,5.6142,5.6142,5.6142,60.666666660599994,0
KUST.US,5,20251021,162000,5.64,5.64,5.64,5.64,433.9999999566,0
KUST.US,5,20251021,164000,5.64,5.64,5.64,5.64,43.9999999956,0
KUST.US,5,20251021,171000,5.6103,5.6103,5.6103,5.6103,119.999999988,0
KUST.US,5,20251021,175500,5.64,5.64,5.64,5.64,66.66666665999999,0
KUST.US,5,20251021,180500,5.67,5.67,5.67,5.67,33.333333329999995,0
KUST.US,5,20251021,182000,5.6301,5.6301,5.6301,5.6301,199.99999997999998,0
KUST.US,5,20251021,183000,5.61,5.61,5.61,5.61,214.3333333119,0
KUST.US,5,20251021,200000,5.64,5.6403,5.64,5.6403,666.6666666,0
KUST.US,5,20251021,210000,5.655,5.655,5.655,5.655,33.333333329999995,0
KUST.US,5,20251021,211000,5.64,5.64,5.64,5.64,66.66666665999999,0
KUST.US,5,20251021,212000,5.64,5.64,5.61,5.625,305.9999999694,0
KUST.US,5,20251021,213000,5.58,5.58,5.58,5.58,199.99999997999998,0
KUST.US,5,20251021,214500,5.58,5.58,5.55,5.58,250.33333330829998,0
KUST.US,5,20251021,215500,5.58,5.64,5.55,5.64,422.99999995769997,0
KUST.US,5,20251022,153000,5.64,5.64,5.625,5.625,722.9999999277,0
KUST.US,5,20251022,161500,5.64,5.64,5.64,5.64,330.66666663359996,0
KUST.US,5,20251022,162500,5.5851,5.5851,5.5851,5.5851,34.999999996499994,0
KUST.US,5,20251022,163000,5.625,5.625,5.625,5.625,331.6666666335,0
KUST.US,5,20251022,164000,5.595,5.595,5.595,5.595,59.999999994,0
KUST.US,5,20251022,170000,5.61,5.61,5.61,5.61,333.3333333,0
KUST.US,5,20251022,172000,5.5605,5.5605,5.5605,5.5605,53.333333327999995,0
KUST.US,5,20251022,173500,5.55,5.55,5.55,5.55,88.33333332449999,0
KUST.US,5,20251022,175000,5.49,5.49,5.49,5.49,133.33333331999998,0
KUST.US,5,20251022,175500,5.46,5.46,5.46,5.46,154.9999999845,0
KUST.US,5,20251022,180500,5.46,5.46,5.46,5.46,302.66666663639995,0
KUST.US,5,20251022,181000,5.46,5.46,5.46,5.46,242.3333333091,0
KUST.US,5,20251022,182500,5.445,5.445,5.445,5.445,49.999999994999996,0
KUST.US,5,20251022,183000,5.415,5.415,5.397,5.397,301.3333333032,0
KUST.US,5,20251022,183500,5.4,5.4,5.4,5.4,333.3333333,0
KUST.US,5,20251022,185500,5.43,5.43,5.43,5.43,333.3333333,0
KUST.US,5,20251022,190000,5.445,5.445,5.445,5.445,33.333333329999995,0
KUST.US,5,20251022,192000,5.43,5.43,5.43,5.43,33.333333329999995,0
KUST.US,5,20251022,192500,5.34,5.37,5.34,5.34,229.999999977,0
KUST.US,5,20251022,194000,5.3403,5.3403,5.3403,5.3403,333.3333333,0
KUST.US,5,20251022,201000,5.37,5.37,5.37,5.37,33.333333329999995,0
KUST.US,5,20251022,202000,5.3403,5.37,5.34,5.37,655.3333332678,0
KUST.US,5,20251022,203500,5.37,5.4297,5.37,5.385,699.99999993,0
KUST.US,5,20251022,204000,5.34,5.385,5.34,5.385,399.99999995999997,0
KUST.US,5,20251022,205000,5.34,5.34,5.34,5.34,259.999999974,0
KUST.US,5,20251022,205500,5.28,5.28,5.28,5.28,206.66666664599998,0
KUST.US,5,20251022,212000,5.3508,5.3508,5.3508,5.3508,66.66666665999999,0
KUST.US,5,20251022,212500,5.34,5.34,5.34,5.34,45.999999995399996,0
KUST.US,5,20251022,213500,5.37,5.37,5.37,5.37,59.3333333274,0
KUST.US,5,20251022,214000,5.34,5.34,5.34,5.34,166.66666665,0
KUST.US,5,20251022,214500,5.43,5.43,5.43,5.43,99.99999998999999,0
KUST.US,5,20251022,215000,5.37,5.37,5.37,5.37,87.33333332459999,0
KUST.US,5,20251022,215500,5.415,5.46,5.4,5.46,519.6666666146999,0
KUST.US,5,20251023,153000,5.46,5.535,5.46,5.535,325.3333333008,0
KUST.US,5,20251023,154500,5.505,5.505,5.505,5.505,33.333333329999995,0
KUST.US,5,20251023,162500,5.46,5.46,5.46,5.46,33.333333329999995,0
KUST.US,5,20251023,164000,5.5797,5.5797,5.5797,5.5797,387.6666666279,0
KUST.US,5,20251023,165000,5.52,5.52,5.52,5.52,592.6666666074,0
KUST.US,5,20251023,171000,5.46,5.49,5.46,5.49,125.6666666541,0
KUST.US,5,20251023,175000,5.52,5.52,5.52,5.52,41.6666666625,0
KUST.US,5,20251023,184500,5.493,5.52,5.493,5.52,533.3333332799999,0
KUST.US,5,20251023,204500,5.52,5.52,5.52,5.52,49.999999994999996,0
KUST.US,5,20251023,205000,5.55,5.55,5.55,5.55,83.333333325,0
KUST.US,5,20251023,210000,5.565,5.565,5.565,5.565,33.333333329999995,0
KUST.US,5,20251023,210500,5.58,5.58,5.58,5.58,66.9999999933,0
KUST.US,5,20251023,212500,5.565,5.565,5.565,5.565,33.333333329999995,0
KUST.US,5,20251023,213000,5.52,5.52,5.52,5.52,42.6666666624,0
KUST.US,5,20251023,215500,5.526,5.526,5.526,5.526,92.6666666574,0
KUST.US,5,20251024,153000,5.55,5.55,5.55,5.55,37.999999996199996,0
KUST.US,5,20251024,153500,5.55,5.55,5.55,5.55,33.333333329999995,0
KUST.US,5,20251024,154000,5.6022,5.6022,5.6022,5.6022,147.33333331859998,0
KUST.US,5,20251024,155500,5.49,5.49,5.49,5.49,66.66666665999999,0
KUST.US,5,20251024,163000,5.5119,5.5119,5.5119,5.5119,54.33333332789999,0
KUST.US,5,20251024,170500,5.49,5.52,5.49,5.49,1059.3333332273999,0
KUST.US,5,20251024,181000,5.595,5.595,5.595,5.595,663.333333267,0
KUST.US,5,20251024,201500,5.5986,5.5986,5.5986,5.5986,69.6666666597,0
KUST.US,5,20251024,202000,5.55,5.55,5.55,5.55,77.6666666589,0
KUST.US,5,20251024,203500,5.5515,5.61,5.5515,5.61,366.66666662999995,0
KUST.US,5,20251024,211500,5.607,5.607,5.607,5.607,333.3333333,0
KUST.US,5,20251024,214000,5.61,5.61,5.61,5.61,699.99999993,0
KUST.US,5,20251024,215000,5.55,5.55,5.55,5.55,96.666666657,0
KUST.US,5,20251024,215500,5.55,5.55,5.49,5.55,169.99999998299998,0
KUST.US,5,20251027,143000,5.43,5.55,5.43,5.55,1277.3333332056,0
KUST.US,5,20251027,143500,5.55,5.55,5.55,5.55,33.333333329999995,0
KUST.US,5,20251027,144000,5.52,5.52,5.52,5.52,33.333333329999995,0
KUST.US,5,20251027,151500,5.49,5.49,5.49,5.49,51.9999999948,0
KUST.US,5,20251027,153000,5.52,5.52,5.52,5.52,33.333333329999995,0
KUST.US,5,20251027,170000,5.55,5.55,5.55,5.55,33.333333329999995,0
KUST.US,5,20251027,171500,5.49,5.49,5.49,5.49,149.999999985,0
KUST.US,5,20251027,172500,5.49,5.49,5.49,5.49,33.333333329999995,0
KUST.US,5,20251027,173000,5.55,5.55,5.55,5.55,33.333333329999995,0
KUST.US,5,20251027,175500,5.52,5.52,5.52,5.52,130.99999998689998,0
KUST.US,5,20251027,180500,5.52,5.52,5.52,5.52,66.66666665999999,0
KUST.US,5,20251027,182000,5.49,5.49,5.46,5.46,99.99999998999999,0
KUST.US,5,20251027,184500,5.505,5.505,5.49,5.49,79.6666666587,0
KUST.US,5,20251027,190000,5.49,5.49,5.43,5.481,267.6666666399,0
KUST.US,5,20251027,193000,5.52,5.52,5.5077,5.5077,123.333333321,0
KUST.US,5,20251027,200000,5.49,5.49,5.49,5.49,166.66666665,0
KUST.US,5,20251027,203000,5.4732,5.4732,5.4732,5.4732,144.3333333189,0
KUST.US,5,20251027,203500,5.46,5.49,5.46,5.49,198.9999999801,0
KUST.US,5,20251027,205500,5.46,5.55,5.46,5.55,199.99999997999998,0
KUST.US,5,20251028,143500,5.55,5.55,5.55,5.55,33.333333329999995,0
KUST.US,5,20251028,150000,5.52,5.52,5.52,5.52,390.99999996089997,0
KUST.US,5,20251028,152000,5.5497,5.5497,5.5497,5.5497,166.66666665,0
KUST.US,5,20251028,160500,5.52,5.52,5.52,5.52,1652.6666665014,0
KUST.US,5,20251028,162000,5.52,5.52,5.52,5.52,333.3333333,0
KUST.US,5,20251028,165500,5.52,5.52,5.46,5.46,86.9999999913,0
KUST.US,5,20251028,174000,5.52,5.52,5.52,5.52,33.333333329999995,0
KUST.US,5,20251028,175000,5.4309,5.4309,5.4309,5.4309,144.66666665219998,0
KUST.US,5,20251028,185000,5.43,5.4303,5.31,5.31,2289.9999997709997,0
KUST.US,5,20251028,185500,5.31,5.4606,5.2806,5.4606,1923.9999998075998,0
KUST.US,5,20251028,190000,5.49,5.49,5.49,5.49,866.66666658,0
KUST.US,5,20251028,190500,5.46,5.5068,5.46,5.5068,366.66666662999995,0
KUST.US,5,20251028,193000,5.52,5.52,5.52,5.52,33.333333329999995,0
KUST.US,5,20251028,193500,5.37,5.37,5.37,5.37,33.333333329999995,0
KUST.US,5,20251028,194000,5.49,5.49,5.34,5.34,1033.3333332299999,0
KUST.US,5,20251028,194500,5.34,5.46,5.34,5.46,66.66666665999999,0
KUST.US,5,20251028,195500,5.52,5.52,5.49,5.52,99.99999998999999,0
KUST.US,5,20251028,202000,5.4,5.415,5.4,5.415,666.3333332666999,0
KUST.US,5,20251028,203500,5.46,5.46,5.46,5.46,33.333333329999995,0
KUST.US,5,20251028,205500,5.43,5.46,5.43,5.46,133.33333331999998,0
KUST.US,5,20251029,144500,5.55,5.64,5.55,5.55,1768.6666664897998,0
KUST.US,5,20251029,151000,5.49,5.49,5.34,5.34,951.6666665715,0
KUST.US,5,20251029,151500,5.46,5.46,5.46,5.46,177.3333333156,0
KUST.US,5,20251029,153000,5.475,5.55,5.46,5.55,223.333333311,0
KUST.US,5,20251029,154500,5.55,5.55,5.55,5.55,33.333333329999995,0
KUST.US,5,20251029,162000,5.49,5.49,5.49,5.49,663.333333267,0
KUST.US,5,20251029,165000,5.5485,5.5797,5.49,5.5797,833.3333332499999,0
KUST.US,5,20251029,170000,5.58,5.58,5.55,5.58,299.99999997,0
KUST.US,5,20251029,175000,5.5797,5.5797,5.5797,5.5797,33.333333329999995,0
KUST.US,5,20251029,175500,5.55,5.55,5.55,5.55,49.999999994999996,0
KUST.US,5,20251029,181500,5.55,5.55,5.55,5.55,49.999999994999996,0
KUST.US,5,20251029,194000,5.4303,5.445,5.43,5.445,731.6666665934999,0
KUST.US,5,20251029,204500,5.4,5.4,5.34,5.4,850.3333332482999,0
KUST.US,5,20251029,205000,5.4,5.4522,5.4,5.4522,92.3333333241,0
KUST.US,5,20251029,205500,5.4,5.406,5.4,5.406,107.66666665589999,0
KUST.US,5,20251030,143000,5.31,5.4,5.31,5.4,2054.3333331279,0
KUST.US,5,20251030,144000,5.4,5.4,5.4,5.4,66.66666665999999,0
KUST.US,5,20251030,144500,5.415,5.415,5.415,5.415,33.333333329999995,0
KUST.US,5,20251030,145000,5.4003,5.4003,5.4003,5.4003,172.33333331609998,0
KUST.US,5,20251030,150000,5.4,5.4,5.4,5.4,33.333333329999995,0
KUST.US,5,20251030,150500,5.4,5.4,5.4,5.4,33.333333329999995,0
KUST.US,5,20251030,153000,5.34,5.385,5.2818,5.379,249.99999997499998,0
KUST.US,5,20251030,154000,5.385,5.385,5.385,5.385,34.999999996499994,0
KUST.US,5,20251030,155500,5.385,5.385,5.385,5.385,166.66666665,0
KUST.US,5,20251030,160500,5.34,5.34,5.34,5.34,33.333333329999995,0
KUST.US,5,20251030,161500,5.37,5.37,5.37,5.37,36.666666663,0
KUST.US,5,20251030,164500,5.37,5.37,5.37,5.37,33.333333329999995,0
KUST.US,5,20251030,171500,5.355,5.4,5.355,5.4,399.99999995999997,0
KUST.US,5,20251030,181500,5.31,5.31,5.31,5.31,33.333333329999995,0
KUST.US,5,20251030,182000,5.3697,5.3697,5.3697,5.3697,329.3333333004,0
KUST.US,5,20251030,182500,5.43,5.43,5.43,5.43,195.9999999804,0
KUST.US,5,20251030,183500,5.4,5.43,5.4,5.43,133.33333331999998,0
KUST.US,5,20251030,184500,5.4006,5.4006,5.4006,5.4006,199.99999997999998,0
KUST.US,5,20251030,195000,5.31,5.31,5.31,5.31,99.99999998999999,0
KUST.US,5,20251030,195500,5.34,5.34,5.34,5.34,66.66666665999999,0
KUST.US,5,20251030,201500,5.31,5.31,5.31,5.31,33.333333329999995,0
KUST.US,5,20251030,202500,5.34,5.37,5.28,5.28,355.3333332978,0
KUST.US,5,20251030,205000,5.31,5.31,5.31,5.31,33.333333329999995,0
KUST.US,5,20251030,205500,5.31,5.31,5.31,5.31,265.9999999734,0
KUST.US,5,20251031,143000,5.31,5.31,5.31,5.31,394.66666662719996,0
KUST.US,5,20251031,150000,5.28,5.28,5.28,5.28,308.33333330249997,0
KUST.US,5,20251031,150500,5.262,5.262,5.262,5.262,33.333333329999995,0
KUST.US,5,20251031,151000,5.262,5.262,5.262,5.262,33.333333329999995,0
KUST.US,5,20251031,153000,5.2584,5.2584,5.2584,5.2584,33.333333329999995,0
KUST.US,5,20251031,160000,5.28,5.28,5.28,5.28,33.333333329999995,0
KUST.US,5,20251031,161000,5.25,5.25,5.22,5.22,430.33333329029995,0
KUST.US,5,20251031,161500,5.2785,5.34,5.2785,5.34,1461.9999998537999,0
KUST.US,5,20251031,171000,5.28,5.28,5.28,5.28,33.333333329999995,0
KUST.US,5,20251031,171500,5.34,5.34,5.34,5.34,66.66666665999999,0
KUST.US,5,20251031,182500,5.295,5.3397,5.295,5.3397,162.6666666504,0
KUST.US,5,20251031,185500,5.295,5.295,5.25,5.25,399.99999995999997,0
KUST.US,5,20251031,190500,5.2896,5.2896,5.2896,5.2896,33.333333329999995,0
KUST.US,5,20251031,191000,5.25,5.25,5.25,5.25,99.99999998999999,0
KUST.US,5,20251031,192000,5.28,5.28,5.28,5.28,57.333333327599995,0
KUST.US,5,20251031,201000,5.2761,5.2761,5.2761,5.2761,122.33333332109999,0
KUST.US,5,20251103,153000,5.31,5.34,5.31,5.34,126.666666654,0
KUST.US,5,20251103,160000,5.31,5.31,5.31,5.31,33.333333329999995,0
KUST.US,5,20251103,161500,5.3202,5.3202,5.3202,5.3202,49.999999994999996,0
KUST.US,5,20251103,162500,5.31,5.31,5.31,5.31,138.33333331949999,0
KUST.US,5,20251103,165500,5.3397,5.3397,5.3397,5.3397,333.3333333,0
KUST.US,5,20251103,170000,5.295,5.295,5.295,5.295,166.66666665,0
KUST.US,5,20251103,171000,5.28,5.28,5.28,5.28,33.333333329999995,0
KUST.US,5,20251103,171500,5.28,5.28,5.28,5.28,33.333333329999995,0
KUST.US,5,20251103,172000,5.2803,5.2803,5.2803,5.2803,33.333333329999995,0
KUST.US,5,20251103,172500,5.28,5.28,5.28,5.28,33.333333329999995,0
KUST.US,5,20251103,173500,5.28,5.2803,5.25,5.2503,830.3333332502999,0
KUST.US,5,20251103,174000,5.2203,5.2203,5.22,5.22,382.6666666284,0
KUST.US,5,20251103,181000,5.19,5.19,5.19,5.19,66.66666665999999,0
KUST.US,5,20251103,182500,5.19,5.19,5.19,5.19,273.333333306,0
KUST.US,5,20251103,184500,5.19,5.19,5.19,5.19,66.66666665999999,0
KUST.US,5,20251103,185500,5.2401,5.2401,5.2401,5.2401,33.333333329999995,0
KUST.US,5,20251103,192000,5.25,5.25,5.22,5.22,205.3333333128,0
KUST.US,5,20251103,193500,5.25,5.25,5.25,5.25,166.66666665,0
KUST.US,5,20251103,200000,5.2143,5.2143,5.2143,5.2143,110.99999998889999,0
KUST.US,5,20251103,202000,5.19,5.19,5.19,5.19,33.333333329999995,0
KUST.US,5,20251103,203500,5.19,5.19,5.19,5.19,454.66666662119997,0
KUST.US,5,20251103,204000,5.16,5.16,5.16,5.16,466.66666661999994,0
KUST.US,5,20251103,205500,5.145,5.145,5.13,5.145,299.99999997,0
KUST.US,5,20251103,210500,5.13,5.16,5.13,5.16,133.33333331999998,0
KUST.US,5,20251103,211500,5.13,5.145,5.13,5.1432,249.99999997499998,0
KUST.US,5,20251103,212500,5.145,5.145,5.13,5.13,109.6666666557,0
KUST.US,5,20251103,213500,5.1,5.13,5.1,5.1,433.33333329,0
KUST.US,5,20251103,214000,5.13,5.13,5.13,5.13,40.6666666626,0
KUST.US,5,20251103,215500,5.13,5.13,5.1,5.1,395.9999999604,0
KUST.US,5,20251104,153000,5.1,5.115,5.1,5.115,737.3333332596,0
KUST.US,5,20251104,153500,5.1,5.1,5.1,5.1,33.333333329999995,0
KUST.US,5,20251104,154500,5.1018,5.1018,5.1018,5.1018,55.3333333278,0
KUST.US,5,20251104,155000,5.1,5.115,5.1,5.115,273.333333306,0
KUST.US,5,20251104,161500,5.1132,5.1132,5.1132,5.1132,166.66666665,0
KUST.US,5,20251104,164500,5.1105,5.1105,5.1105,5.1105,166.66666665,0
KUST.US,5,20251104,165000,5.13,5.13,5.13,5.13,67.99999999319999,0
KUST.US,5,20251104,171000,5.115,5.115,5.1,5.1,267.33333330659997,0
KUST.US,5,20251104,171500,5.115,5.115,5.115,5.115,83.333333325,0
KUST.US,5,20251104,172500,5.1,5.1,5.1,5.1,66.66666665999999,0
KUST.US,5,20251104,173000,5.1105,5.1105,5.1105,5.1105,166.66666665,0
KUST.US,5,20251104,174500,5.1,5.13,5.1,5.13,206.9999999793,0
KUST.US,5,20251104,180500,5.1,5.1,5.1,5.1,41.6666666625,0
KUST.US,5,20251104,181000,5.1,5.1,5.1,5.1,66.66666665999999,0
KUST.US,5,20251104,181500,5.115,5.115,5.115,5.115,33.333333329999995,0
KUST.US,5,20251104,185500,5.1003,5.1003,5.1003,5.1003,33.333333329999995,0
KUST.US,5,20251104,190000,5.16,5.16,5.16,5.16,33.333333329999995,0
KUST.US,5,20251104,192500,5.13,5.13,5.13,5.13,168.3333333165,0
KUST.US,5,20251104,193000,5.19,5.19,5.1891,5.1891,233.33333330999997,0
KUST.US,5,20251104,193500,5.1,5.1,5.1,5.1,340.9999999659,0
KUST.US,5,20251104,195000,5.19,5.19,5.16,5.16,99.99999998999999,0
KUST.US,5,20251104,195500,5.13,5.13,5.13,5.13,66.66666665999999,0
KUST.US,5,20251104,202500,5.13,5.13,5.13,5.13,133.33333331999998,0
KUST.US,5,20251104,211000,5.1,5.1003,5.1,5.1003,99.99999998999999,0
KUST.US,5,20251104,211500,5.1,5.115,5.1,5.115,1222.9999998777,0
KUST.US,5,20251104,212000,5.1,5.1,5.1,5.1,48.666666661799994,0
KUST.US,5,20251104,212500,5.1,5.1,5.1,5.1,33.333333329999995,0
KUST.US,5,20251104,215000,5.16,5.16,5.16,5.16,33.333333329999995,0
KUST.US,5,20251104,215500,5.1,5.1,5.1,5.1,51.3333333282,0
KUST.US,5,20251105,153000,5.1,5.1,5.1,5.1,131.6666666535,0
KUST.US,5,20251105,153500,5.16,5.217,5.16,5.217,542.9999999457,0
KUST.US,5,20251105,154000,5.19,5.19,5.19,5.19,98.9999999901,0
KUST.US,5,20251105,154500,5.16,5.166,5.16,5.166,205.6666666461,0
KUST.US,5,20251105,161500,5.13,5.13,5.13,5.13,39.999999996,0
KUST.US,5,20251105,163000,5.1,5.13,5.1,5.13,549.6666666117,0
KUST.US,5,20251105,163500,5.115,5.16,5.115,5.16,377.6666666289,0
KUST.US,5,20251105,174000,5.1276,5.1276,5.1276,5.1276,66.66666665999999,0
KUST.US,5,20251105,180500,5.115,5.115,5.115,5.115,33.333333329999995,0
KUST.US,5,20251105,182500,5.115,5.115,5.115,5.115,66.66666665999999,0
KUST.US,5,20251105,183000,5.1063,5.1063,5.1063,5.1063,449.99999995499996,0
KUST.US,5,20251105,192000,5.115,5.115,5.115,5.115,178.3333333155,0
KUST.US,5,20251105,194500,5.1195,5.1195,5.1,5.1195,133.66666665329998,0
KUST.US,5,20251105,200000,5.1,5.1,5.1,5.1,748.9999999250999,0
KUST.US,5,20251105,204500,5.1,5.1,5.1,5.1,33.333333329999995,0
KUST.US,5,20251105,212500,5.115,5.115,5.115,5.115,33.333333329999995,0
KUST.US,5,20251105,213500,5.1135,5.1135,5.1135,5.1135,99.99999998999999,0
KUST.US,5,20251105,214000,5.13,5.13,5.13,5.13,76.666666659,0
KUST.US,5,20251105,215000,5.13,5.13,5.13,5.13,166.66666665,0
KUST.US,5,20251105,215500,5.13,5.13,5.1,5.1,146.3333333187,0
KUST.US,5,20251106,153000,5.13,5.13,5.13,5.13,143.6666666523,0
KUST.US,5,20251106,154000,5.1,5.1,5.1,5.1,1753.6666664912998,0
KUST.US,5,20251106,162500,5.07,5.07,5.055,5.055,121.9999999878,0
KUST.US,5,20251106,163000,5.04,5.04,5.04,5.04,333.3333333,0
KUST.US,5,20251106,163500,5.01,5.01,5.01,5.01,290.6666666376,0
KUST.US,5,20251106,164000,5.0049,5.01,5.0049,5.0049,742.6666665923999,0
KUST.US,5,20251106,170500,4.98,4.98,4.98,4.98,322.33333330109997,0
KUST.US,5,20251106,172000,5.0115,5.0115,4.98,4.98,1157.3333332175998,0
KUST.US,5,20251106,173500,4.95,4.95,4.95,4.95,112.33333332209999,0
KUST.US,5,20251106,174000,4.8633,4.8756,4.8633,4.8756,866.66666658,0
KUST.US,5,20251106,174500,4.8603,4.905,4.86,4.86,333.3333333,0
KUST.US,5,20251106,175000,4.9026,4.9026,4.86,4.887,868.9999999130999,0
KUST.US,5,20251106,180000,4.89,4.905,4.875,4.9035,400.9999999599,0
KUST.US,5,20251106,180500,4.905,4.905,4.905,4.905,33.333333329999995,0
KUST.US,5,20251106,181000,4.89,4.89,4.875,4.875,779.9999999219999,0
KUST.US,5,20251106,181500,4.86,4.86,4.8414,4.8414,819.3333332514,0
KUST.US,5,20251106,182500,4.821,4.83,4.8102,4.83,608.6666666058,0
KUST.US,5,20251106,183000,4.8135,4.83,4.8135,4.815,2599.3333330734,0
KUST.US,5,20251106,184000,4.845,4.845,4.845,4.845,93.333333324,0
KUST.US,5,20251106,185500,4.8006,4.845,4.8,4.8,1076.6666665589999,0
KUST.US,5,20251106,191000,4.767,4.767,4.731,4.74,423.333333291,0
KUST.US,5,20251106,191500,4.7226,4.74,4.7226,4.74,199.99999997999998,0
KUST.US,5,20251106,192000,4.77,4.77,4.77,4.77,66.66666665999999,0
KUST.US,5,20251106,193000,4.8,4.89,4.8,4.89,1131.6666665535,0
KUST.US,5,20251106,193500,4.845,4.845,4.845,4.845,33.333333329999995,0
KUST.US,5,20251106,195500,4.89,4.89,4.89,4.89,33.333333329999995,0
KUST.US,5,20251106,202500,4.89,4.89,4.89,4.89,37.6666666629,0
KUST.US,5,20251106,203000,4.875,4.875,4.875,4.875,82.66666665839999,0
KUST.US,5,20251106,211000,4.875,4.875,4.875,4.875,242.99999997569998,0
KUST.US,5,20251106,211500,4.92,4.92,4.92,4.92,50.999999994899994,0
KUST.US,5,20251106,213500,4.86,4.86,4.86,4.86,81.3333333252,0
KUST.US,5,20251106,215500,4.86,4.86,4.83,4.83,66.66666665999999,0
KUST.US,5,20251107,153000,4.71,4.71,4.68,4.68,198.3333333135,0
KUST.US,5,20251107,154500,4.8,4.8,4.8,4.8,33.333333329999995,0
KUST.US,5,20251107,155000,4.845,4.845,4.845,4.845,33.333333329999995,0
KUST.US,5,20251107,160000,4.86,4.86,4.806,4.845,322.9999999677,0
KUST.US,5,20251107,161000,4.845,4.845,4.845,4.845,33.333333329999995,0
KUST.US,5,20251107,161500,4.86,4.86,4.86,4.86,33.333333329999995,0
KUST.US,5,20251107,164500,4.8,4.83,4.8,4.8,247.33333330859998,0
KUST.US,5,20251107,170000,4.8,4.8,4.8,4.8,99.99999998999999,0
KUST.US,5,20251107,170500,4.74,4.74,4.74,4.74,93.333333324,0
KUST.US,5,20251107,171000,4.7976,4.7976,4.7976,4.7976,166.66666665,0
KUST.US,5,20251107,171500,4.83,4.83,4.815,4.815,169.99999998299998,0
KUST.US,5,20251107,172000,4.86,4.86,4.86,4.86,33.333333329999995,0
KUST.US,5,20251107,174500,4.8297,4.8297,4.8297,4.8297,133.33333331999998,0
KUST.US,5,20251107,175000,4.83,4.83,4.83,4.83,33.333333329999995,0
KUST.US,5,20251107,180500,4.8297,4.8297,4.8297,4.8297,166.66666665,0
KUST.US,5,20251107,181500,4.8,4.83,4.74,4.83,702.3333332630999,0
KUST.US,5,20251107,183000,4.83,4.83,4.83,4.83,33.333333329999995,0
KUST.US,5,20251107,185000,4.785,4.785,4.785,4.785,533.3333332799999,0
KUST.US,5,20251107,190000,4.83,4.83,4.83,4.83,33.333333329999995,0
KUST.US,5,20251107,191500,4.83,4.83,4.83,4.83,110.33333332229999,0
KUST.US,5,20251107,192500,4.86,4.86,4.86,4.86,427.33333329059997,0
KUST.US,5,20251107,194000,4.842,4.842,4.842,4.842,66.66666665999999,0
KUST.US,5,20251107,194500,4.86,4.86,4.86,4.86,33.333333329999995,0
KUST.US,5,20251107,195000,4.86,4.86,4.86,4.86,33.333333329999995,0
KUST.US,5,20251107,202500,4.8,4.8,4.8,4.8,38.3333333295,0
KUST.US,5,20251107,203500,4.86,4.89,4.86,4.86,870.3333332463,0
KUST.US,5,20251107,210000,4.92,4.92,4.92,4.92,33.333333329999995,0
KUST.US,5,20251107,214500,4.92,4.92,4.92,4.92,33.333333329999995,0
KUST.US,5,20251107,215000,4.8405,4.8405,4.8405,4.8405,199.99999997999998,0
KUST.US,5,20251107,215500,4.83,4.83,4.83,4.83,101.3333333232,0
KUST.US,5,20251110,153000,4.89,4.89,4.785,4.785,401.6666666265,0
KUST.US,5,20251110,155500,4.83,4.83,4.83,4.83,33.333333329999995,0
KUST.US,5,20251110,161500,4.815,4.815,4.8003,4.8003,356.9999999643,0
KUST.US,5,20251110,162500,4.815,4.815,4.8,4.8,183.33333331499998,0
KUST.US,5,20251110,164000,4.7835,4.7847,4.7835,4.7847,1399.99999986,0
KUST.US,5,20251110,164500,4.785,4.785,4.785,4.785,33.333333329999995,0
KUST.US,5,20251110,165000,4.77,4.7703,4.68,4.74,2999.3333330334,0
KUST.US,5,20251110,165500,4.71,4.71,4.71,4.71,146.666666652,0
KUST.US,5,20251110,173000,4.6974,4.6974,4.6974,4.6974,33.333333329999995,0
KUST.US,5,20251110,174000,4.725,4.725,4.725,4.725,33.333333329999995,0
KUST.US,5,20251110,174500,4.74,4.74,4.74,4.74,83.333333325,0
KUST.US,5,20251110,175500,4.6857,4.6857,4.6857,4.6857,407.66666662589995,0
KUST.US,5,20251110,181000,4.74,4.74,4.74,4.74,46.666666662,0
KUST.US,5,20251110,183500,4.725,4.725,4.725,4.725,73.333333326,0
KUST.US,5,20251110,190000,4.77,4.77,4.77,4.77,248.9999999751,0
KUST.US,5,20251110,192000,4.77,4.77,4.77,4.77,33.333333329999995,0
KUST.US,5,20251110,192500,4.755,4.755,4.74,4.74,142.66666665239998,0
KUST.US,5,20251110,194000,4.77,4.77,4.7262,4.74,1705.9999998294,0
KUST.US,5,20251110,195000,4.74,4.74,4.74,4.74,268.3333333065,0
KUST.US,5,20251110,200000,4.7589,4.7589,4.7589,4.7589,33.333333329999995,0
KUST.US,5,20251110,202500,4.77,4.77,4.77,4.77,161.3333333172,0
KUST.US,5,20251110,210000,4.785,4.785,4.785,4.785,66.66666665999999,0
KUST.US,5,20251110,210500,4.7841,4.7841,4.7841,4.7841,333.3333333,0
KUST.US,5,20251110,212000,4.77,4.77,4.77,4.77,33.333333329999995,0
KUST.US,5,20251110,212500,4.77,4.77,4.77,4.77,33.333333329999995,0
KUST.US,5,20251110,214500,4.7835,4.7835,4.7835,4.7835,99.99999998999999,0
KUST.US,5,20251110,215000,4.785,4.785,4.785,4.785,66.66666665999999,0
KUST.US,5,20251110,215500,4.77,4.77,4.71,4.716,221.99999997779997,0
KUST.US,5,20251111,153000,4.77,4.77,4.71,4.71,801.3333332532,0
KUST.US,5,20251111,153500,4.74,4.74,4.74,4.74,33.333333329999995,0
KUST.US,5,20251111,154000,4.74,4.74,4.74,4.74,99.99999998999999,0
KUST.US,5,20251111,155500,4.7253,4.7253,4.7253,4.7253,39.999999996,0
KUST.US,5,20251111,161000,4.71,4.71,4.71,4.71,593.9999999406,0
KUST.US,5,20251111,163500,4.74,4.74,4.71,4.71,67.99999999319999,0
KUST.US,5,20251111,170500,4.71,4.71,4.68,4.68,1631.9999998367998,0
KUST.US,5,20251111,171000,4.68,4.68,4.65,4.671,1215.3333332118,0
KUST.US,5,20251111,171500,4.671,4.671,4.6341,4.6341,4063.6666662602997,0
KUST.US,5,20251111,172500,4.6203,4.65,4.6203,4.65,124.99999998749999,0
KUST.US,5,20251111,175500,4.68,4.68,4.68,4.68,56.9999999943,0
KUST.US,5,20251111,185000,4.65,4.65,4.65,4.65,107.66666665589999,0
KUST.US,5,20251111,192000,4.6221,4.6221,4.6221,4.6221,833.3333332499999,0
KUST.US,5,20251111,192500,4.62,4.635,4.62,4.635,420.99999995789995,0
KUST.US,5,20251111,200500,4.62,4.62,4.62,4.62,461.3333332872,0
KUST.US,5,20251111,201000,4.65,4.65,4.65,4.65,36.3333333297,0
KUST.US,5,20251111,211000,4.62,4.62,4.62,4.62,33.333333329999995,0
KUST.US,5,20251111,213500,4.62,4.62,4.62,4.62,33.333333329999995,0
KUST.US,5,20251111,215500,4.65,4.65,4.65,4.65,66.66666665999999,0
KUST.US,5,20251112,153000,4.62,4.65,4.4466,4.4571,6176.3333327157,0
KUST.US,5,20251112,153500,4.41,4.41,4.3497,4.35,1586.666666508,0
KUST.US,5,20251112,154000,4.35,4.4241,4.3014,4.4241,439.99999995599995,0
KUST.US,5,20251112,154500,4.35,4.44,4.335,4.41,4772.333332856099,0
KUST.US,5,20251112,155000,4.29,4.29,4.29,4.29,333.3333333,0
KUST.US,5,20251112,155500,4.56,4.56,4.56,4.56,33.333333329999995,0
KUST.US,5,20251112,161500,4.5975,4.5975,4.5,4.5825,699.99999993,0
KUST.US,5,20251112,163000,4.5126,4.5126,4.5126,4.5126,33.333333329999995,0
KUST.US,5,20251112,165000,4.56,4.56,4.56,4.56,57.6666666609,0
KUST.US,5,20251112,165500,4.56,4.56,4.56,4.56,33.333333329999995,0
KUST.US,5,20251112,170000,4.5597,4.5597,4.5597,4.5597,116.66666665499999,0
KUST.US,5,20251112,171000,4.53,4.53,4.5,4.5,99.99999998999999,0
KUST.US,5,20251112,172000,4.41,4.41,4.38,4.38,999.9999998999999,0
KUST.US,5,20251112,172500,4.47,4.47,4.47,4.47,999.9999998999999,0
KUST.US,5,20251112,173000,4.44,4.44,4.41,4.41,1119.3333332214,0
KUST.US,5,20251112,180500,4.41,4.41,4.41,4.41,33.333333329999995,0
KUST.US,5,20251112,181500,4.41,4.41,4.29,4.29,1790.9999998208998,0
KUST.US,5,20251112,184000,4.35,4.35,4.35,4.35,333.3333333,0
KUST.US,5,20251112,190500,4.3599,4.3599,4.32,4.32,277.6666666389,0
KUST.US,5,20251112,191000,4.3317,4.3317,4.3317,4.3317,133.33333331999998,0
KUST.US,5,20251112,192000,4.32,4.32,4.32,4.32,312.99999996869997,0
KUST.US,5,20251112,192500,4.335,4.38,4.335,4.3797,4394.999999560499,0
KUST.US,5,20251112,193000,4.5,4.62,4.5,4.5597,4611.3333328722,0
KUST.US,5,20251112,194000,4.53,4.53,4.5,4.5,66.66666665999999,0
KUST.US,5,20251112,194500,4.53,4.53,4.53,4.53,333.3333333,0
KUST.US,5,20251112,195000,4.53,4.53,4.5,4.5,3499.9999996499996,0
KUST.US,5,20251112,195500,4.4625,4.4625,4.4625,4.4625,166.66666665,0
KUST.US,5,20251112,200000,4.47,4.47,4.47,4.47,99.99999998999999,0
KUST.US,5,20251112,200500,4.401,4.401,4.401,4.401,157.3333333176,0
KUST.US,5,20251112,205500,4.38,4.4403,4.38,4.4403,66.66666665999999,0
KUST.US,5,20251112,210000,4.47,4.53,4.47,4.53,99.99999998999999,0
KUST.US,5,20251112,211000,4.53,4.53,4.53,4.53,133.33333331999998,0
KUST.US,5,20251112,213500,4.5597,4.5597,4.5597,4.5597,166.66666665,0
KUST.US,5,20251112,215500,4.53,4.53,4.53,4.53,147.6666666519,0
KUST.US,5,20251113,153000,4.56,4.56,4.4994,4.53,272.3333333061,0
KUST.US,5,20251113,153500,4.53,4.53,4.47,4.4775,1666.6666664999998,0
KUST.US,5,20251113,154000,4.4403,4.4403,4.38,4.395,976.9999999022999,0
KUST.US,5,20251113,160500,4.41,4.41,4.41,4.41,33.333333329999995,0
KUST.US,5,20251113,161500,4.455,4.455,4.455,4.455,643.9999999355999,0
KUST.US,5,20251113,162500,4.3803,4.4346,4.35,4.4346,4124.9999995875,0
KUST.US,5,20251113,164000,4.41,4.41,4.41,4.41,56.666666660999994,0
KUST.US,5,20251113,165000,4.35,4.35,4.32,4.32,3478.6666663188,0
KUST.US,5,20251113,170000,4.35,4.35,4.35,4.35,66.66666665999999,0
KUST.US,5,20251113,170500,4.401,4.401,4.401,4.401,43.333333329,0
KUST.US,5,20251113,171500,4.41,4.41,4.41,4.41,133.33333331999998,0
KUST.US,5,20251113,174000,4.38,4.38,4.38,4.38,33.333333329999995,0
KUST.US,5,20251113,180000,4.35,4.35,4.35,4.35,112.33333332209999,0
KUST.US,5,20251113,182000,4.35,4.35,4.35,4.35,33.333333329999995,0
KUST.US,5,20251113,183000,4.35,4.35,4.35,4.35,673.9999999326,0
KUST.US,5,20251113,184500,4.35,4.35,4.35,4.35,33.333333329999995,0
KUST.US,5,20251113,185500,4.35,4.35,4.35,4.35,116.3333333217,0
KUST.US,5,20251113,191000,4.3431,4.3431,4.3431,4.3431,633.3333332699999,0
KUST.US,5,20251113,191500,4.29,4.29,4.29,4.29,995.3333332338,0
KUST.US,5,20251113,192500,4.32,4.32,4.32,4.32,199.99999997999998,0
KUST.US,5,20251113,195500,4.2903,4.2903,4.29,4.29,66.66666665999999,0
KUST.US,5,20251113,200000,4.29,4.29,4.29,4.29,379.999999962,0
KUST.US,5,20251113,201000,4.32,4.32,4.32,4.32,33.333333329999995,0
KUST.US,5,20251113,202500,4.3179,4.3179,4.3179,4.3179,66.66666665999999,0
KUST.US,5,20251113,203000,4.29,4.29,4.275,4.29,2702.9999997297,0
KUST.US,5,20251113,205000,4.32,4.32,4.32,4.32,299.99999997,0
KUST.US,5,20251113,210500,4.305,4.305,4.305,4.305,33.333333329999995,0
KUST.US,5,20251113,213500,4.32,4.32,4.32,4.32,83.333333325,0
KUST.US,5,20251113,214000,4.305,4.32,4.305,4.32,333.3333333,0
KUST.US,5,20251113,214500,4.305,4.305,4.305,4.305,66.66666665999999,0
KUST.US,5,20251113,215000,4.26,4.26,4.26,4.26,33.333333329999995,0
KUST.US,5,20251113,215500,4.26,4.32,4.26,4.32,221.6666666445,0
KUST.US,5,20251114,153000,4.17,4.3197,4.17,4.3197,424.3333332909,0
KUST.US,5,20251114,153500,4.2897,4.2897,4.2897,4.2897,33.333333329999995,0
KUST.US,5,20251114,154500,4.1955,4.1955,4.1955,4.1955,333.3333333,0
KUST.US,5,20251114,155000,4.17,4.173,4.1511,4.1511,786.3333332546999,0
KUST.US,5,20251114,160000,4.179,4.179,4.179,4.179,266.66666663999996,0
KUST.US,5,20251114,161000,4.17,4.17,4.17,4.17,133.33333331999998,0
KUST.US,5,20251114,161500,4.11,4.11,4.08,4.08,66.66666665999999,0
KUST.US,5,20251114,163000,4.08,4.089,4.08,4.089,401.6666666265,0
KUST.US,5,20251114,165000,4.08,4.08,4.08,4.08,333.3333333,0
KUST.US,5,20251114,172500,4.0839,4.0839,4.0839,4.0839,33.333333329999995,0
KUST.US,5,20251114,173500,4.1052,4.1052,4.1052,4.1052,66.66666665999999,0
KUST.US,5,20251114,174500,4.05,4.05,4.05,4.05,33.333333329999995,0
KUST.US,5,20251114,182000,4.05,4.05,4.05,4.05,287.9999999712,0
KUST.US,5,20251114,182500,4.02,4.02,3.96,3.96,322.6666666344,0
KUST.US,5,20251114,183000,3.96,3.96,3.9519,3.9519,83.333333325,0
KUST.US,5,20251114,183500,3.96,4.02,3.96,4.02,566.66666661,0
KUST.US,5,20251114,184000,4.11,4.11,4.11,4.11,333.3333333,0
KUST.US,5,20251114,184500,4.11,4.11,4.11,4.11,333.3333333,0
KUST.US,5,20251114,191500,4.035,4.05,4.035,4.05,303.33333330299996,0
KUST.US,5,20251114,192500,4.08,4.08,4.08,4.08,33.333333329999995,0
KUST.US,5,20251114,194000,4.08,4.08,4.08,4.08,183.33333331499998,0
KUST.US,5,20251114,201000,4.0797,4.0797,4.0797,4.0797,567.3333332766,0
KUST.US,5,20251114,201500,4.05,4.05,4.05,4.05,33.333333329999995,0
KUST.US,5,20251114,202000,4.035,4.035,3.9903,4.017,623.9999999375999,0
KUST.US,5,20251114,210000,4.05,4.05,4.05,4.05,33.333333329999995,0
KUST.US,5,20251114,210500,4.0695,4.0695,4.065,4.065,366.66666662999995,0
KUST.US,5,20251114,211000,4.08,4.11,4.05,4.065,805.3333332528,0
KUST.US,5,20251114,212500,4.02,4.02,4.02,4.02,66.66666665999999,0
KUST.US,5,20251114,213500,4.035,4.035,4.02,4.02,66.66666665999999,0
KUST.US,5,20251117,153000,4.02,4.1397,4.02,4.1397,1104.3333332229,0
KUST.US,5,20251117,153500,4.002,4.002,4.002,4.002,835.6666665831,0
KUST.US,5,20251117,154500,3.9777,3.99,3.9777,3.99,127.33333332059999,0
KUST.US,5,20251117,155000,3.99,3.99,3.99,3.99,33.333333329999995,0
KUST.US,5,20251117,155500,4.02,4.02,4.02,4.02,333.3333333,0
KUST.US,5,20251117,160500,3.99,3.99,3.99,3.99,259.999999974,0
KUST.US,5,20251117,161500,3.96,3.96,3.96,3.96,33.333333329999995,0
KUST.US,5,20251117,162000,3.9642,3.9642,3.96,3.96,186.9999999813,0
KUST.US,5,20251117,162500,3.96,4.0116,3.96,4.0116,2195.3333331137997,0
KUST.US,5,20251117,163000,3.99,3.99,3.99,3.99,83.333333325,0
KUST.US,5,20251117,163500,3.96,3.96,3.96,3.96,33.333333329999995,0
KUST.US,5,20251117,165500,3.9603,3.9729,3.96,3.9729,216.9999999783,0
KUST.US,5,20251117,170000,3.96,3.96,3.96,3.96,33.333333329999995,0
KUST.US,5,20251117,171500,3.96,3.96,3.93,3.96,5904.3333327429,0
KUST.US,5,20251117,172000,3.9,3.9,3.8049,3.8049,852.3333332481,0
KUST.US,5,20251117,172500,3.7512,3.81,3.7512,3.81,1347.3333331985998,0
KUST.US,5,20251117,173000,3.87,3.87,3.8181,3.8181,66.66666665999999,0
KUST.US,5,20251117,174000,3.81,3.81,3.78,3.78,66.66666665999999,0
KUST.US,5,20251117,174500,3.78,3.78,3.78,3.78,99.99999998999999,0
KUST.US,5,20251117,175000,3.75,3.75,3.75,3.75,33.333333329999995,0
KUST.US,5,20251117,180000,3.792,3.792,3.78,3.78,233.33333330999997,0
KUST.US,5,20251117,180500,3.75,3.75,3.75,3.75,33.333333329999995,0
KUST.US,5,20251117,182000,3.75,3.75,3.75,3.75,33.333333329999995,0
KUST.US,5,20251117,183000,3.78,3.78,3.78,3.78,33.333333329999995,0
KUST.US,5,20251117,184000,3.75,3.75,3.705,3.705,791.3333332541999,0
KUST.US,5,20251117,184500,3.705,3.75,3.705,3.75,166.66666665,0
KUST.US,5,20251117,185000,3.66,3.66,3.66,3.66,33.333333329999995,0
KUST.US,5,20251117,190500,3.6657,3.6657,3.6657,3.6657,333.3333333,0
KUST.US,5,20251117,194000,3.75,3.75,3.72,3.72,1033.3333332299999,0
KUST.US,5,20251117,194500,3.7269,3.7269,3.7269,3.7269,33.333333329999995,0
KUST.US,5,20251117,195500,3.66,3.66,3.66,3.66,33.333333329999995,0
KUST.US,5,20251117,201000,3.705,3.75,3.705,3.75,666.6666666,0
KUST.US,5,20251117,202000,3.72,3.72,3.69,3.69,366.66666662999995,0
KUST.US,5,20251117,202500,3.72,3.72,3.69,3.69,99.99999998999999,0
KUST.US,5,20251117,203000,3.6603,3.72,3.6603,3.7005,1650.3333331683,0
KUST.US,5,20251117,203500,3.693,3.693,3.693,3.693,259.6666666407,0
KUST.US,5,20251117,204000,3.69,3.72,3.69,3.7194,1999.9999997999998,0
KUST.US,5,20251117,204500,3.7194,3.75,3.6711,3.6711,928.9999999070999,0
KUST.US,5,20251117,211000,3.69,3.69,3.69,3.69,184.9999999815,0
KUST.US,5,20251117,214500,3.72,3.72,3.72,3.72,83.333333325,0
KUST.US,5,20251117,215500,3.72,3.84,3.72,3.78,339.33333329939995,0
KUST.US,5,20251118,153000,3.78,3.8178,3.735,3.75,1133.33333322,0
KUST.US,5,20251118,154000,3.72,3.72,3.69,3.72,474.3333332859,0
KUST.US,5,20251118,154500,3.735,3.735,3.69,3.69,269.6666666397,0
KUST.US,5,20251118,155500,3.63,3.63,3.63,3.63,177.6666666489,0
KUST.US,5,20251118,160500,3.6561,3.6561,3.6561,3.6561,193.6666666473,0
KUST.US,5,20251118,161500,3.645,3.645,3.63,3.63,390.33333329429996,0
KUST.US,5,20251118,162500,3.6024,3.6024,3.6024,3.6024,63.333333327,0
KUST.US,5,20251118,163500,3.6,3.615,3.6,3.6,823.9999999175999,0
KUST.US,5,20251118,170500,3.6297,3.6297,3.6,3.6,775.9999999224,0
KUST.US,5,20251118,172000,3.6072,3.6072,3.6072,3.6072,256.3333333077,0
KUST.US,5,20251118,172500,3.6105,3.6105,3.6105,3.6105,833.3333332499999,0
KUST.US,5,20251118,174500,3.63,3.63,3.615,3.615,584.6666666082,0
KUST.US,5,20251118,175000,3.63,3.63,3.63,3.63,33.333333329999995,0
KUST.US,5,20251118,180000,3.63,3.63,3.63,3.63,498.3333332835,0
KUST.US,5,20251118,180500,3.63,3.63,3.63,3.63,33.333333329999995,0
KUST.US,5,20251118,182500,3.63,3.63,3.63,3.63,33.333333329999995,0
KUST.US,5,20251118,183500,3.6447,3.6447,3.6447,3.6447,333.3333333,0
KUST.US,5,20251118,184500,3.63,3.63,3.63,3.63,33.333333329999995,0
KUST.US,5,20251118,190500,3.6303,3.6303,3.6303,3.6303,136.9999999863,0
KUST.US,5,20251118,191000,3.63,3.63,3.63,3.63,33.333333329999995,0
KUST.US,5,20251118,192500,3.6519,3.6519,3.6519,3.6519,33.333333329999995,0
KUST.US,5,20251118,194000,3.6303,3.6378,3.63,3.63,526.666666614,0
KUST.US,5,20251118,194500,3.63,3.63,3.63,3.63,99.99999998999999,0
KUST.US,5,20251118,195000,3.6543,3.6543,3.6543,3.6543,83.333333325,0
KUST.US,5,20251118,195500,3.66,3.69,3.6303,3.69,2633.3333330699998,0
KUST.US,5,20251118,200500,3.75,3.84,3.735,3.765,2173.9999997826,0
KUST.US,5,20251118,201000,3.8178,3.8178,3.795,3.795,66.66666665999999,0
KUST.US,5,20251118,202000,3.795,3.84,3.795,3.84,199.99999997999998,0
KUST.US,5,20251118,203000,3.795,3.795,3.795,3.795,33.333333329999995,0
KUST.US,5,20251118,203500,3.795,3.855,3.795,3.855,421.99999995779996,0
KUST.US,5,20251118,210000,3.78,3.78,3.78,3.78,33.333333329999995,0
KUST.US,5,20251118,212000,3.75,3.78,3.75,3.78,133.33333331999998,0
KUST.US,5,20251118,212500,3.75,3.78,3.75,3.75,230.6666666436,0
KUST.US,5,20251118,213000,3.75,3.8397,3.75,3.8397,116.66666665499999,0
KUST.US,5,20251119,153000,3.78,3.87,3.75,3.87,1983.6666664682998,0
KUST.US,5,20251119,153500,3.9,3.96,3.885,3.96,2428.9999997571,0
KUST.US,5,20251119,154000,3.915,3.915,3.9,3.9,361.3333332972,0
KUST.US,5,20251119,160500,3.93,3.99,3.9,3.99,293.99999997059996,0
KUST.US,5,20251119,161000,3.99,3.99,3.99,3.99,61.999999993799996,0
KUST.US,5,20251119,161500,3.93,3.99,3.93,3.99,766.66666659,0
KUST.US,5,20251119,162500,3.9003,3.9003,3.9003,3.9003,999.9999998999999,0
KUST.US,5,20251119,163000,3.9744,3.9744,3.9744,3.9744,166.66666665,0
KUST.US,5,20251119,163500,3.939,3.939,3.93,3.93,84.6666666582,0
KUST.US,5,20251119,164000,3.9,3.9,3.9,3.9,185.3333333148,0
KUST.US,5,20251119,165000,3.9,3.9,3.87,3.87,66.66666665999999,0
KUST.US,5,20251119,165500,3.84,3.8766,3.84,3.8766,592.9999999406999,0
KUST.US,5,20251119,170000,3.87,3.87,3.87,3.87,33.333333329999995,0
KUST.US,5,20251119,171000,3.9,3.9,3.9,3.9,144.3333333189,0
KUST.US,5,20251119,172500,4.02,4.02,3.93,4.0029,1299.99999987,0
KUST.US,5,20251119,174000,3.93,3.987,3.93,3.987,99.99999998999999,0
KUST.US,5,20251119,174500,3.9417,3.9417,3.9417,3.9417,33.333333329999995,0
KUST.US,5,20251119,181500,3.9,3.9,3.9,3.9,33.333333329999995,0
KUST.US,5,20251119,182000,3.84,3.84,3.84,3.84,139.6666666527,0
KUST.US,5,20251119,182500,3.84,3.84,3.84,3.84,33.333333329999995,0
KUST.US,5,20251119,184000,3.84,3.84,3.84,3.84,33.333333329999995,0
KUST.US,5,20251119,184500,3.87,3.87,3.87,3.87,33.333333329999995,0
KUST.US,5,20251119,185000,3.84,3.84,3.84,3.84,33.333333329999995,0
KUST.US,5,20251119,185500,3.84,3.84,3.84,3.84,1299.99999987,0
KUST.US,5,20251119,191500,3.81,3.84,3.81,3.84,266.66666663999996,0
KUST.US,5,20251119,194000,3.78,3.78,3.78,3.78,33.333333329999995,0
KUST.US,5,20251119,195000,3.81,3.81,3.81,3.81,93.333333324,0
KUST.US,5,20251119,200000,3.78,3.78,3.78,3.78,256.666666641,0
KUST.US,5,20251119,200500,3.795,3.795,3.792,3.792,199.33333331339998,0
KUST.US,5,20251119,201000,3.78,3.78,3.78,3.78,33.333333329999995,0
KUST.US,5,20251119,201500,3.78,3.78,3.78,3.78,33.333333329999995,0
KUST.US,5,20251119,211500,3.7923,3.7923,3.7923,3.7923,499.99999994999996,0
KUST.US,5,20251119,215500,3.78,3.795,3.78,3.795,189.6666666477,0
KUST.US,5,20251120,153000,3.8703,3.8703,3.8703,3.8703,2999.9999997,0
KUST.US,5,20251120,153500,3.87,3.87,3.87,3.87,197.9999999802,0
KUST.US,5,20251120,154500,3.8103,3.8103,3.8103,3.8103,251.66666664149997,0
KUST.US,5,20251120,155000,3.855,3.8694,3.8496,3.8496,109.99999998899999,0
KUST.US,5,20251120,155500,3.81,3.81,3.81,3.81,33.333333329999995,0
KUST.US,5,20251120,162000,3.81,3.81,3.81,3.81,33.333333329999995,0
KUST.US,5,20251120,162500,3.825,3.825,3.825,3.825,147.9999999852,0
KUST.US,5,20251120,163500,3.81,3.81,3.81,3.81,33.333333329999995,0
KUST.US,5,20251120,165000,3.8142,3.825,3.81,3.825,301.6666666365,0
KUST.US,5,20251120,170000,3.81,3.81,3.81,3.81,33.333333329999995,0
KUST.US,5,20251120,171500,3.81,3.81,3.81,3.81,810.6666665856,0
KUST.US,5,20251120,173500,3.81,3.81,3.81,3.81,56.3333333277,0
KUST.US,5,20251120,174500,3.75,3.75,3.75,3.75,166.66666665,0
KUST.US,5,20251120,182500,3.69,3.69,3.69,3.69,216.666666645,0
KUST.US,5,20251120,183000,3.6909,3.6909,3.69,3.69,152.9999999847,0
KUST.US,5,20251120,185500,3.63,3.6396,3.63,3.6396,259.999999974,0
KUST.US,5,20251120,191000,3.63,3.63,3.615,3.615,166.66666665,0
KUST.US,5,20251120,191500,3.66,3.7041,3.66,3.7041,159.3333333174,0
KUST.US,5,20251120,193500,3.63,3.684,3.63,3.684,366.66666662999995,0
KUST.US,5,20251120,195000,3.645,3.645,3.645,3.645,46.999999995299994,0
KUST.US,5,20251120,200500,3.63,3.63,3.63,3.63,533.3333332799999,0
KUST.US,5,20251120,202000,3.6132,3.6132,3.6132,3.6132,124.99999998749999,0
KUST.US,5,20251120,203000,3.6,3.6,3.6,3.6,33.333333329999995,0
KUST.US,5,20251120,210500,3.6,3.6,3.6,3.6,1072.6666665594,0
KUST.US,5,20251120,214000,3.6,3.6,3.6,3.6,1907.3333331426,0
KUST.US,5,20251120,215500,3.525,3.6,3.525,3.525,544.6666666122,0
KUST.US,5,20251121,153000,3.6,3.6,3.3174,3.36,1319.3333332014,0
KUST.US,5,20251121,153500,3.2955,3.2955,3.24,3.24,233.33333330999997,0
KUST.US,5,20251121,154000,3.42,3.48,3.42,3.48,202.6666666464,0
KUST.US,5,20251121,155000,3.426,3.426,3.426,3.426,66.66666665999999,0
KUST.US,5,20251121,160000,3.45,3.45,3.45,3.45,45.333333328799995,0
KUST.US,5,20251121,160500,3.57,3.57,3.57,3.57,184.9999999815,0
KUST.US,5,20251121,161000,3.51,3.5103,3.51,3.5103,1054.3333332278999,0
KUST.US,5,20251121,161500,3.48,3.48,3.48,3.48,33.333333329999995,0
KUST.US,5,20251121,163000,3.5148,3.5148,3.5148,3.5148,319.3333333014,0
KUST.US,5,20251121,165000,3.45,3.45,3.45,3.45,33.333333329999995,0
KUST.US,5,20251121,172000,3.4299,3.4299,3.4299,3.4299,33.333333329999995,0
KUST.US,5,20251121,172500,3.45,3.45,3.45,3.45,263.333333307,0
KUST.US,5,20251121,173500,3.45,3.48,3.42,3.435,333.3333333,0
KUST.US,5,20251121,174500,3.45,3.45,3.45,3.45,333.3333333,0
KUST.US,5,20251121,175000,3.45,3.45,3.45,3.45,33.333333329999995,0
KUST.US,5,20251121,180500,3.48,3.48,3.48,3.48,133.33333331999998,0
KUST.US,5,20251121,181000,3.48,3.48,3.48,3.48,99.99999998999999,0
KUST.US,5,20251121,184500,3.48,3.48,3.48,3.48,33.333333329999995,0
KUST.US,5,20251121,190500,3.45,3.51,3.45,3.51,1033.3333332299999,0
KUST.US,5,20251121,192000,3.48,3.48,3.48,3.48,193.333333314,0
KUST.US,5,20251121,193000,3.45,3.51,3.45,3.51,6050.666666061599,0
KUST.US,5,20251121,194500,3.507,3.6,3.507,3.6,561.3333332771999,0
KUST.US,5,20251121,200000,3.66,3.66,3.615,3.66,1731.3333331601998,0
KUST.US,5,20251121,200500,3.69,3.69,3.69,3.69,33.333333329999995,0
KUST.US,5,20251121,202000,3.69,3.75,3.69,3.75,366.66666662999995,0
KUST.US,5,20251121,202500,3.75,3.75,3.72,3.72,566.66666661,0
KUST.US,5,20251121,203000,3.7248,3.7248,3.6903,3.717,988.6666665677999,0
KUST.US,5,20251121,203500,3.7497,3.7497,3.7497,3.7497,166.66666665,0
KUST.US,5,20251121,205000,3.705,3.705,3.705,3.705,33.333333329999995,0
KUST.US,5,20251121,210000,3.7191,3.72,3.69,3.72,633.3333332699999,0
KUST.US,5,20251121,210500,3.72,3.72,3.72,3.72,366.66666662999995,0
KUST.US,5,20251121,211000,3.72,3.735,3.69,3.69,1225.6666665440998,0
KUST.US,5,20251121,212000,3.69,3.69,3.69,3.69,33.333333329999995,0
KUST.US,5,20251121,212500,3.69,3.69,3.69,3.69,33.333333329999995,0
KUST.US,5,20251121,215500,3.69,3.72,3.69,3.72,115.99999998839999,0
KUST.US,5,20251124,153000,3.9,3.93,3.66,3.66,2186.9999997812997,0
KUST.US,5,20251124,153500,3.63,3.7155,3.6,3.6042,1748.6666664917998,0
KUST.US,5,20251124,154000,3.6906,3.6906,3.6906,3.6906,166.66666665,0
KUST.US,5,20251124,155000,3.69,3.7755,3.69,3.75,699.6666665967,0
KUST.US,5,20251124,155500,3.75,3.78,3.69,3.78,776.666666589,0
KUST.US,5,20251124,160000,3.69,3.69,3.69,3.69,33.333333329999995,0
KUST.US,5,20251124,160500,3.69,3.69,3.6363,3.6363,561.3333332771999,0
KUST.US,5,20251124,161000,3.6,3.72,3.6,3.69,3986.9999996013,0
KUST.US,5,20251124,161500,3.714,3.75,3.714,3.75,66.66666665999999,0
KUST.US,5,20251124,162000,3.66,3.7497,3.6,3.66,749.999999925,0
KUST.US,5,20251124,162500,3.75,3.75,3.75,3.75,266.66666663999996,0
KUST.US,5,20251124,163000,3.66,3.66,3.66,3.66,200.9999999799,0
KUST.US,5,20251124,164000,3.705,3.705,3.705,3.705,66.66666665999999,0
KUST.US,5,20251124,165000,3.69,3.78,3.69,3.78,266.66666663999996,0
KUST.US,5,20251124,165500,3.9,3.9,3.72,3.8571,1099.99999989,0
KUST.US,5,20251124,172000,3.84,3.84,3.84,3.84,225.3333333108,0
KUST.US,5,20251124,172500,3.7956,3.93,3.795,3.93,415.3333332918,0
KUST.US,5,20251124,173000,3.93,3.93,3.825,3.8874,1588.9999998411,0
KUST.US,5,20251124,173500,3.87,3.9,3.81,3.81,1040.3333332293,0
KUST.US,5,20251124,174000,3.87,3.87,3.87,3.87,49.999999994999996,0
KUST.US,5,20251124,174500,3.9,3.9,3.81,3.81,3399.99999966,0
KUST.US,5,20251124,175000,3.87,3.9,3.825,3.87,590.9999999409,0
KUST.US,5,20251124,182500,3.8997,3.8997,3.855,3.855,699.99999993,0
KUST.US,5,20251124,183500,3.7878,3.84,3.7878,3.84,427.9999999572,0
KUST.US,5,20251124,185000,3.84,3.84,3.84,3.84,39.999999996,0
KUST.US,5,20251124,185500,3.8697,3.93,3.8691,3.9,866.66666658,0
KUST.US,5,20251124,190500,3.93,3.93,3.93,3.93,328.6666666338,0
KUST.US,5,20251124,191500,3.975,3.975,3.975,3.975,36.666666663,0
KUST.US,5,20251124,192500,4.02,4.17,4.02,4.155,4599.6666662067,0
KUST.US,5,20251124,193000,4.14,4.14,4.14,4.14,136.666666653,0
KUST.US,5,20251124,194000,4.14,4.14,4.14,4.14,33.333333329999995,0
KUST.US,5,20251124,194500,4.11,4.11,4.11,4.11,66.66666665999999,0
KUST.US,5,20251124,195000,4.1148,4.23,4.1148,4.23,1671.6666664994998,0
KUST.US,5,20251124,195500,4.23,4.23,4.1595,4.1595,133.33333331999998,0
KUST.US,5,20251124,200000,4.17,4.2,4.17,4.2,766.66666659,0
KUST.US,5,20251124,201500,4.23,4.23,4.23,4.23,212.3333333121,0
KUST.US,5,20251124,202500,4.23,4.23,4.2,4.2003,3429.999999657,0
KUST.US,5,20251124,204000,4.23,4.32,4.23,4.29,2703.6666663962997,0
KUST.US,5,20251124,204500,4.29,4.29,4.26,4.26,99.99999998999999,0
KUST.US,5,20251124,205000,4.32,4.4097,4.32,4.365,4383.333332894999,0
KUST.US,5,20251124,205500,4.365,4.41,4.3203,4.365,2182.3333331151,0
KUST.US,5,20251124,210000,4.3656,4.3656,4.3335,4.35,3466.66666632,0
KUST.US,5,20251124,210500,4.32,4.3203,4.11,4.14,3407.3333329926,0
KUST.US,5,20251124,211000,4.08,4.08,4.08,4.08,473.33333328599997,0
KUST.US,5,20251124,212000,4.08,4.08,4.08,4.08,119.999999988,0
KUST.US,5,20251124,212500,4.0632,4.08,4.02,4.02,464.3333332869,0
KUST.US,5,20251124,213000,4.038,4.095,4.0203,4.038,166.66666665,0
KUST.US,5,20251124,213500,4.0359,4.08,4.0359,4.0359,166.66666665,0
KUST.US,5,20251124,214000,4.0767,4.08,4.0359,4.0359,166.66666665,0
KUST.US,5,20251124,214500,4.08,4.086,4.0203,4.0668,2130.3333331203,0
KUST.US,5,20251124,215000,4.1097,4.1097,4.1097,4.1097,33.333333329999995,0
KUST.US,5,20251124,215500,3.99,4.02,3.99,4.02,95.6666666571,0
KUST.US,5,20251125,153000,4.23,4.26,4.08,4.1325,36560.3333296773,0
KUST.US,5,20251125,153500,4.155,4.29,4.14,4.17,24078.3333309255,0
KUST.US,5,20251125,154000,4.2198,4.38,4.2,4.2141,32151.6666634515,0
KUST.US,5,20251125,154500,4.23,4.32,4.11,4.2906,18913.666664775297,0
KUST.US,5,20251125,155000,4.2972,4.41,4.2972,4.4079,14357.333331897598,0
KUST.US,5,20251125,155500,4.38,4.5603,4.35,4.4403,31569.3333301764,0
KUST.US,5,20251125,160000,4.4412,4.56,4.38,4.4223,19780.666664688597,0
KUST.US,5,20251125,160500,4.4367,4.4367,4.2903,4.38,8763.666665790299,0
KUST.US,5,20251125,161000,4.3851,4.398,4.35,4.3803,2738.9999997260998,0
KUST.US,5,20251125,161500,4.395,4.425,4.3203,4.41,5183.333332814999,0
KUST.US,5,20251125,162000,4.44,4.44,4.29,4.32,12792.333332054099,0
KUST.US,5,20251125,162500,4.32,4.38,4.32,4.365,2678.3333330655,0
KUST.US,5,20251125,163000,4.3569,4.44,4.3569,4.41,16505.999998349398,0
KUST.US,5,20251125,163500,4.41,4.47,4.3203,4.3644,10021.3333323312,0
KUST.US,5,20251125,164000,4.395,4.5,4.395,4.41,8406.9999991593,0
KUST.US,5,20251125,164500,4.4397,4.5597,4.4337,4.545,7411.999999258799,0
KUST.US,5,20251125,165000,4.53,4.56,4.41,4.425,17154.666664951197,0
KUST.US,5,20251125,165500,4.44,4.455,4.425,4.455,3232.9999996766996,0
KUST.US,5,20251125,170000,4.47,5.01,4.464,4.755,298383.6666368283,0
KUST.US,5,20251125,170500,4.74,5.13,4.68,4.8897,262054.99997379447,0
KUST.US,5,20251125,171000,4.89,5.1006,4.83,4.8927,166526.99998334728,0
KUST.US,5,20251125,171500,4.8909,4.9128,4.56,4.65,129513.99998704859,0
KUST.US,5,20251125,172000,4.6452,4.8,4.53,4.68,56490.999994350896,0
KUST.US,5,20251125,172500,4.68,4.68,4.29,4.44,70628.3333262705,0
KUST.US,5,20251125,173000,4.44,4.53,4.38,4.485,12730.666665393599,0
KUST.US,5,20251125,173500,4.44,4.6494,4.44,4.5,34382.999996561695,0
KUST.US,5,20251125,174000,4.53,4.62,4.5,4.59,6259.6666660407,0
KUST.US,5,20251125,174500,4.59,4.6125,4.53,4.5903,6704.3333326629,0
KUST.US,5,20251125,175000,4.605,4.65,4.56,4.635,11048.6666655618,0
KUST.US,5,20251125,175500,4.635,4.65,4.5,4.59,12964.999998703499,0
KUST.US,5,20251125,180000,4.575,4.59,4.56,4.56,4201.3333329132,0
KUST.US,5,20251125,180500,4.575,4.59,4.545,4.59,11556.333332177699,0
KUST.US,5,20251125,181000,4.575,4.7397,4.56,4.68,10341.6666656325,0
KUST.US,5,20251125,181500,4.65,4.6731,4.62,4.665,4584.3333328748995,0
KUST.US,5,20251125,182000,4.665,4.7097,4.62,4.695,1599.3333331734,0
KUST.US,5,20251125,182500,4.71,4.92,4.71,4.8165,34492.333329884095,0
KUST.US,5,20251125,183000,4.7913,4.83,4.7379,4.7994,6732.999999326699,0
KUST.US,5,20251125,183500,4.8,4.86,4.68,4.71,10042.9999989957,0
KUST.US,5,20251125,184000,4.7184,4.74,4.65,4.7061,7908.6666658757995,0
KUST.US,5,20251125,184500,4.71,4.8,4.71,4.725,9818.3333323515,0
KUST.US,5,20251125,185000,4.71,4.74,4.65,4.65,2869.6666663797,0
KUST.US,5,20251125,185500,4.65,4.77,4.65,4.74,3071.3333330262,0
KUST.US,5,20251125,190000,4.74,4.83,4.71,4.77,7012.666665965399,0
KUST.US,5,20251125,190500,4.77,4.8,4.7544,4.7544,1312.3333332021,0
KUST.US,5,20251125,191000,4.7697,4.92,4.7697,4.8597,12556.3333320777,0
KUST.US,5,20251125,191500,4.83,5.1,4.83,5.04,69014.6666597652,0
KUST.US,5,20251125,192000,5.0637,5.19,4.89,5.07,91079.6666575587,0
KUST.US,5,20251125,192500,5.07,5.13,4.83,4.965,42840.999995715894,0
KUST.US,5,20251125,193000,4.95,5.04,4.95,4.9884,5828.6666660838,0
KUST.US,5,20251125,193500,4.9848,5.0331,4.83,4.8897,14978.3333318355,0
KUST.US,5,20251125,194000,4.86,4.995,4.86,4.95,6031.9999993967995,0
KUST.US,5,20251125,194500,4.95,4.95,4.92,4.92,1131.3333332201998,0
KUST.US,5,20251125,195000,4.95,4.995,4.92,4.935,2974.9999997024997,0
KUST.US,5,20251125,195500,4.935,5.115,4.935,5.07967,24325.9999975674,0
KUST.US,5,20251125,200000,5.07,5.085,4.98,5.04,8122.999999187699,0
KUST.US,5,20251125,200500,5.0403,5.055,4.9503,4.9635,3479.3333329854,0
KUST.US,5,20251125,201000,4.95,5.01,4.95,5.0058,4221.6666662444995,0
KUST.US,5,20251125,201500,4.98,5.04,4.89,4.935,15613.9999984386,0
KUST.US,5,20251125,202000,4.935,4.935,4.68,4.8,17403.9999982596,0
KUST.US,5,20251125,202500,4.785,4.83,4.68,4.785,15647.3333317686,0
KUST.US,5,20251125,203000,4.8,4.83,4.74,4.8,6932.666665973399,0
KUST.US,5,20251125,203500,4.7703,4.83,4.77,4.8282,1580.6666665086,0
KUST.US,5,20251125,204000,4.8,4.86,4.77,4.86,861.3333332471999,0
KUST.US,5,20251125,204500,4.8297,4.89,4.8297,4.89,627.6666666039,0
KUST.US,5,20251125,205000,4.89,4.92,4.86,4.86,2272.6666664393997,0
KUST.US,5,20251125,205500,4.89,4.92,4.8,4.8303,17946.666664872,0
KUST.US,5,20251125,210000,4.8387,4.86,4.74,4.83,3739.999999626,0
KUST.US,5,20251125,210500,4.83,4.92,4.83,4.9044,5678.9999994321,0
KUST.US,5,20251125,211000,4.905,5.01,4.8,4.8663,28135.6666638531,0
KUST.US,5,20251125,211500,4.8249,4.89,4.8003,4.8597,2579.3333330754,0
KUST.US,5,20251125,212000,4.845,4.89,4.8,4.89,3623.333332971,0
KUST.US,5,20251125,212500,4.86,4.92,4.8366,4.905,6805.666665986099,0
KUST.US,5,20251125,213000,4.92,4.92,4.8,4.86,9231.333332410199,0
KUST.US,5,20251125,213500,4.86,4.95,4.83,4.95,9175.3333324158,0
KUST.US,5,20251125,214000,4.95,4.98,4.8675,4.9188,15306.999998469299,0
KUST.US,5,20251125,214500,4.9188,5.13,4.905,5.07,48770.6666617896,0
KUST.US,5,20251125,215000,5.04,5.16,5.01,5.0913,23414.6666643252,0
KUST.US,5,20251125,215500,5.07,5.19,4.98,4.98,69224.9999930775,0
KUST.US,5,20251126,153000,4.08,4.23,3.66,3.81,26232.666664043398,0
KUST.US,5,20251126,153500,3.87,3.9078,3.72,3.7803,17271.333331606198,0
KUST.US,5,20251126,154000,3.7854,3.96,3.75,3.96,12232.6666654434,0
KUST.US,5,20251126,154500,3.93,3.9675,3.8103,3.87,7723.9999992276,0
KUST.US,5,20251126,155000,3.8508,3.9,3.825,3.8292,3023.9999996976,0
KUST.US,5,20251126,155500,3.825,3.84,3.78,3.78,2186.9999997812997,0
KUST.US,5,20251126,160000,3.8103,3.8103,3.75,3.7773,4404.9999995595,0
KUST.US,5,20251126,160500,3.7557,3.87,3.6,3.63,8551.3333324782,0
KUST.US,5,20251126,161000,3.6243,3.72,3.6,3.705,4702.999999529699,0
KUST.US,5,20251126,161500,3.6906,3.8097,3.69,3.765,3411.9999996588,0
KUST.US,5,20251126,162000,3.75,3.78,3.7203,3.7512,7962.999999203699,0
KUST.US,5,20251126,162500,3.7509,3.831,3.7509,3.81,1178.3333332155,0
KUST.US,5,20251126,163000,3.8034,3.84,3.795,3.84,1371.6666665295,0
KUST.US,5,20251126,163500,3.8397,3.9,3.8322,3.87,10018.3333323315,0
KUST.US,5,20251126,164000,3.885,3.885,3.81,3.81,1215.9999998783999,0
KUST.US,5,20251126,165000,3.84,3.87,3.825,3.8622,3202.6666663464,0
KUST.US,5,20251126,165500,3.87,3.87,3.84,3.84,2310.6666664356,0
KUST.US,5,20251126,170000,3.87,3.87,3.87,3.87,3122.6666663543997,0
KUST.US,5,20251126,170500,3.9,3.9,3.8574,3.87,466.66666661999994,0
KUST.US,5,20251126,171000,3.8697,3.87,3.855,3.87,8564.9999991435,0
KUST.US,5,20251126,171500,3.8649,3.9,3.8649,3.9,10113.333332322,0
KUST.US,5,20251126,172000,3.9,4.1397,3.87,3.945,11265.666665540099,0
KUST.US,5,20251126,172500,3.945,3.9603,3.945,3.9504,2550.9999997449,0
KUST.US,5,20251126,173000,3.9,3.903,3.84,3.84,1912.3333331421,0
KUST.US,5,20251126,173500,3.8403,3.96,3.8403,3.915,734.9999999265,0
KUST.US,5,20251126,174000,3.87,4.0065,3.87,3.96,1011.3333332322,0
KUST.US,5,20251126,174500,3.96,3.96,3.93,3.93,748.6666665918,0
KUST.US,5,20251126,175000,3.9597,3.96,3.93,3.93,807.3333332525999,0
KUST.US,5,20251126,175500,3.93,4.05,3.8475,3.96,5546.3333327786995,0
KUST.US,5,20251126,180000,4.0497,4.0497,3.96,3.96,366.66666662999995,0
KUST.US,5,20251126,180500,3.954,3.9792,3.924,3.93,1663.9999998336,0
KUST.US,5,20251126,181000,3.945,3.945,3.9096,3.9096,3306.3333330027,0
KUST.US,5,20251126,181500,3.93,3.93,3.93,3.93,82.9999999917,0
KUST.US,5,20251126,182000,3.96,3.99,3.9597,3.9684,1108.3333332225,0
KUST.US,5,20251126,182500,3.9639,3.99,3.9303,3.9441,679.3333332653999,0
KUST.US,5,20251126,183000,3.9519,3.9519,3.9408,3.9408,170.9999999829,0
KUST.US,5,20251126,183500,3.9315,3.9315,3.9315,3.9315,133.33333331999998,0
KUST.US,5,20251126,184000,3.96,3.96,3.96,3.96,99.66666665669999,0
KUST.US,5,20251126,184500,3.9336,3.9336,3.9336,3.9336,166.66666665,0
KUST.US,5,20251126,185000,3.93,3.99,3.75,3.81,9808.999999019099,0
KUST.US,5,20251126,185500,3.93,4.05,3.9258,3.9258,3444.9999996555,0
KUST.US,5,20251126,190500,3.93,4.005,3.93,4.005,499.99999994999996,0
KUST.US,5,20251126,191000,3.96,3.96,3.96,3.96,99.99999998999999,0
KUST.US,5,20251126,191500,3.96,4.05,3.96,4.002,747.9999999252,0
KUST.US,5,20251126,192000,4.05,4.05,4.05,4.05,66.66666665999999,0
KUST.US,5,20251126,192500,4.005,4.005,4.005,4.005,399.99999995999997,0
KUST.US,5,20251126,193000,4.0254,4.05,4.0254,4.05,66.66666665999999,0
KUST.US,5,20251126,194500,3.99,3.99,3.9,3.9,1193.3333332139998,0
KUST.US,5,20251126,195500,3.9,3.903,3.9,3.903,333.3333333,0
KUST.US,5,20251126,200000,3.93,3.9897,3.93,3.9897,199.99999997999998,0
KUST.US,5,20251126,200500,3.99,3.99,3.9,3.93,1158.3333332175,0
KUST.US,5,20251126,201000,3.96,3.96,3.9594,3.9594,138.33333331949999,0
KUST.US,5,20251126,201500,3.9,4.02,3.9,4.02,802.3333332530999,0
KUST.US,5,20251126,202000,3.96,3.96,3.96,3.96,103.33333332299999,0
KUST.US,5,20251126,202500,4.02,4.02,4.02,4.02,1499.99999985,0
KUST.US,5,20251126,203000,3.9894,4.02,3.9,3.99,2446.6666664219997,0
KUST.US,5,20251126,203500,3.96,3.9762,3.9,3.9,268.9999999731,0
KUST.US,5,20251126,204000,3.93,3.93,3.93,3.93,33.333333329999995,0
KUST.US,5,20251126,204500,3.9006,3.909,3.9006,3.909,319.999999968,0
KUST.US,5,20251126,205000,3.9297,4.0197,3.9297,3.9702,7275.9999992724,0
KUST.US,5,20251126,205500,3.99,3.9981,3.96,3.9981,399.99999995999997,0
KUST.US,5,20251126,210500,3.99,3.99,3.99,3.99,43.666666662299995,0
KUST.US,5,20251126,211500,3.9975,4.005,3.9303,3.9588,3431.9999996568,0
KUST.US,5,20251126,212000,4.0179,4.02,4.0179,4.02,824.9999999175,0
KUST.US,5,20251126,213000,3.99,3.99,3.99,3.99,101.6666666565,0
KUST.US,5,20251126,213500,4.0197,4.0197,4.0197,4.0197,166.66666665,0
KUST.US,5,20251126,214000,4.005,4.02,4.005,4.0197,399.99999995999997,0
KUST.US,5,20251126,214500,4.005,4.005,4.0032,4.0032,281.6666666385,0
KUST.US,5,20251126,215000,4.0137,4.02,3.99,4.005,2824.6666663841997,0
KUST.US,5,20251126,215500,4.0149,4.02,3.939,3.939,2120.3333331213,0
KUST.US,5,20251128,153000,3.78,3.84,3.78,3.84,2688.6666663978,0
KUST.US,5,20251128,153500,3.885,3.885,3.885,3.885,166.66666665,0
KUST.US,5,20251128,154000,3.885,3.93,3.63,3.72,6582.9999993417,0
KUST.US,5,20251128,154500,3.7275,3.78,3.7275,3.78,399.99999995999997,0
KUST.US,5,20251128,155000,3.72,3.7392,3.72,3.7392,199.99999997999998,0
KUST.US,5,20251128,155500,3.7215,3.75,3.72,3.75,2298.9999997700997,0
KUST.US,5,20251128,160000,3.7482,3.7482,3.7482,3.7482,33.333333329999995,0
KUST.US,5,20251128,160500,3.75,3.7662,3.75,3.7608,1466.9999998532999,0
KUST.US,5,20251128,161000,3.7503,3.78,3.75,3.78,790.3333332543,0
KUST.US,5,20251128,161500,3.7503,3.8097,3.7503,3.8097,2004.3333331329,0
KUST.US,5,20251128,162000,3.81,3.81,3.81,3.81,349.999999965,0
KUST.US,5,20251128,162500,3.87,3.87,3.87,3.87,266.66666663999996,0
KUST.US,5,20251128,163000,3.885,3.885,3.8034,3.8034,1694.3333331638999,0
KUST.US,5,20251128,163500,3.81,3.81,3.81,3.81,33.333333329999995,0
KUST.US,5,20251128,164000,3.8697,3.8697,3.8694,3.8694,349.999999965,0
KUST.US,5,20251128,164500,3.84,3.84,3.84,3.84,83.333333325,0
KUST.US,5,20251128,165000,3.81,3.81,3.7503,3.7503,848.6666665818,0
KUST.US,5,20251128,170500,3.75,3.75,3.75,3.75,66.66666665999999,0
KUST.US,5,20251128,171000,3.7503,3.7503,3.7503,3.7503,1333.3333332,0
KUST.US,5,20251128,171500,3.78,3.78,3.78,3.78,33.333333329999995,0
KUST.US,5,20251128,172000,3.7506,3.7506,3.7506,3.7506,41.6666666625,0
KUST.US,5,20251128,172500,3.7515,3.7515,3.75,3.75,186.33333331469998,0
KUST.US,5,20251128,173500,3.75,3.75,3.72,3.75,1655.9999998344,0
KUST.US,5,20251128,174000,3.7437,3.7437,3.7437,3.7437,33.333333329999995,0
KUST.US,5,20251128,174500,3.75,3.765,3.72,3.765,341.6666666325,0
KUST.US,5,20251128,180000,3.75,3.75,3.72,3.72,515.9999999483999,0
KUST.US,5,20251128,180500,3.78,3.78,3.78,3.78,33.333333329999995,0
KUST.US,5,20251128,181000,3.735,3.735,3.72,3.72,583.333333275,0
KUST.US,5,20251128,182000,3.7275,3.7275,3.69,3.69,483.333333285,0
KUST.US,5,20251128,182500,3.69,3.69,3.69,3.69,33.333333329999995,0
KUST.US,5,20251128,183000,3.69,3.69,3.69,3.69,566.66666661,0
KUST.US,5,20251128,183500,3.66,3.66,3.63,3.63,407.33333329259995,0
KUST.US,5,20251128,184000,3.63,3.6864,3.63,3.6864,2368.9999997631,0
KUST.US,5,20251128,184500,3.69,3.7497,3.69,3.7497,99.99999998999999,0
KUST.US,5,20251128,185000,3.72,3.72,3.72,3.72,423.9999999576,0
KUST.US,5,20251128,185500,3.681,3.72,3.63,3.72,837.3333332496,0
KUST.US,5,20251128,190000,3.72,3.72,3.66,3.69,307.99999996919996,0
KUST.US,5,20251201,153000,3.63,3.7185,3.6,3.6,3494.3333329838997,0
KUST.US,5,20251201,153500,3.585,3.585,3.51,3.51,1459.3333331873998,0
KUST.US,5,20251201,154000,3.5103,3.6,3.5103,3.5406,1046.666666562,0
KUST.US,5,20251201,154500,3.5562,3.5562,3.54,3.54,116.66666665499999,0
KUST.US,5,20251201,155000,3.6,3.6,3.5709,3.5709,1092.9999998906999,0
KUST.US,5,20251201,155500,3.6,3.6,3.5865,3.6,615.9999999383999,0
KUST.US,5,20251201,160000,3.57,3.57,3.57,3.57,39.999999996,0
KUST.US,5,20251201,160500,3.5997,3.5997,3.585,3.585,442.3333332891,0
KUST.US,5,20251201,161000,3.5847,3.5847,3.57,3.57,1439.999999856,0
KUST.US,5,20251201,162000,3.57,3.57,3.57,3.57,116.66666665499999,0
KUST.US,5,20251201,162500,3.555,3.555,3.54,3.54,91.99999999079999,0
KUST.US,5,20251201,163500,3.555,3.555,3.5403,3.5403,295.3333333038,0
KUST.US,5,20251201,164500,3.54,3.585,3.54,3.555,532.9999999467,0
KUST.US,5,20251201,165000,3.555,3.555,3.51,3.54,359.999999964,0
KUST.US,5,20251201,165500,3.57,3.57,3.57,3.57,283.333333305,0
KUST.US,5,20251201,171000,3.57,3.6,3.57,3.57,533.3333332799999,0
KUST.US,5,20251201,171500,3.54,3.54,3.54,3.54,184.6666666482,0
KUST.US,5,20251201,172000,3.5496,3.5496,3.5496,3.5496,33.333333329999995,0
KUST.US,5,20251201,172500,3.57,3.57,3.57,3.57,33.333333329999995,0
KUST.US,5,20251201,173000,3.54,3.555,3.54,3.555,228.6666666438,0
KUST.US,5,20251201,173500,3.54,3.54,3.5115,3.5115,113.33333332199999,0
KUST.US,5,20251201,174000,3.54,3.6,3.54,3.5595,1027.3333332306,0
KUST.US,5,20251201,174500,3.5121,3.555,3.5121,3.555,116.66666665499999,0
KUST.US,5,20251201,175000,3.57,3.57,3.54,3.5406,986.9999999012999,0
KUST.US,5,20251201,175500,3.525,3.54,3.525,3.54,1112.6666665553998,0
KUST.US,5,20251201,180500,3.54,3.5406,3.51,3.54,4833.9999995166,0
KUST.US,5,20251201,181000,3.54,3.54,3.54,3.54,233.33333330999997,0
KUST.US,5,20251201,181500,3.57,3.57,3.57,3.57,66.66666665999999,0
KUST.US,5,20251201,182000,3.57,3.57,3.57,3.57,166.66666665,0
KUST.US,5,20251201,182500,3.57,3.57,3.5697,3.5697,133.33333331999998,0
KUST.US,5,20251201,183000,3.5697,3.5697,3.5697,3.5697,166.66666665,0
KUST.US,5,20251201,184000,3.57,3.57,3.5577,3.5577,325.3333333008,0
KUST.US,5,20251201,184500,3.57,3.57,3.4803,3.4803,1423.3333331909998,0
KUST.US,5,20251201,185000,3.5064,3.5064,3.5064,3.5064,60.666666660599994,0
KUST.US,5,20251201,185500,3.5244,3.5244,3.5244,3.5244,33.333333329999995,0
KUST.US,5,20251201,190000,3.57,3.57,3.54,3.57,766.66666659,0
KUST.US,5,20251201,190500,3.57,3.57,3.57,3.57,166.66666665,0
KUST.US,5,20251201,191500,3.57,3.57,3.57,3.57,133.33333331999998,0
KUST.US,5,20251201,192000,3.5775,3.5775,3.5775,3.5775,33.333333329999995,0
KUST.US,5,20251201,192500,3.6,3.6,3.5664,3.5664,333.3333333,0
KUST.US,5,20251201,193000,3.54,3.54,3.54,3.54,43.666666662299995,0
KUST.US,5,20251201,194000,3.6,3.63,3.6,3.63,199.99999997999998,0
KUST.US,5,20251201,195000,3.6,3.6,3.6,3.6,33.333333329999995,0
KUST.US,5,20251201,195500,3.5997,3.5997,3.5997,3.5997,99.99999998999999,0
KUST.US,5,20251201,200000,3.57,3.57,3.57,3.57,88.6666666578,0
KUST.US,5,20251201,200500,3.555,3.57,3.5541,3.57,255.6666666411,0
KUST.US,5,20251201,201500,3.555,3.555,3.555,3.555,133.33333331999998,0
KUST.US,5,20251201,202000,3.555,3.555,3.555,3.555,166.66666665,0
KUST.US,5,20251201,202500,3.5406,3.5406,3.54,3.54,330.66666663359996,0
KUST.US,5,20251201,204500,3.57,3.57,3.57,3.57,33.333333329999995,0
KUST.US,5,20251201,205000,3.5535,3.5535,3.5535,3.5535,33.333333329999995,0
KUST.US,5,20251201,205500,3.54,3.54,3.54,3.54,99.99999998999999,0
KUST.US,5,20251201,210000,3.5103,3.5103,3.5103,3.5103,46.3333333287,0
KUST.US,5,20251201,210500,3.5106,3.5106,3.51,3.51,243.33333330899998,0
KUST.US,5,20251201,211000,3.525,3.525,3.51,3.5232,347.3333332986,0
KUST.US,5,20251201,211500,3.5103,3.5103,3.5103,3.5103,165.9999999834,0
KUST.US,5,20251201,212500,3.525,3.525,3.525,3.525,366.66666662999995,0
KUST.US,5,20251201,213000,3.5295,3.537,3.5295,3.537,628.9999999370999,0
KUST.US,5,20251201,213500,3.51,3.51,3.51,3.51,49.999999994999996,0
KUST.US,5,20251201,214000,3.54,3.54,3.54,3.54,366.66666662999995,0
KUST.US,5,20251201,214500,3.5235,3.5235,3.5235,3.5235,66.66666665999999,0
KUST.US,5,20251201,215500,3.5265,3.5265,3.51,3.51,241.6666666425,0
KUST.US,5,20251202,153000,3.6,3.6069,3.5415,3.5994,363.9999999636,0
KUST.US,5,20251202,161000,3.6,3.6,3.6,3.6,50.3333333283,0
KUST.US,5,20251202,161500,3.57,3.57,3.57,3.57,93.6666666573,0
KUST.US,5,20251202,163000,3.6,3.6297,3.6,3.6297,999.9999998999999,0
KUST.US,5,20251202,164000,3.5976,3.5976,3.5976,3.5976,33.333333329999995,0
KUST.US,5,20251202,165500,3.6,3.63,3.5703,3.63,344.99999996549997,0
KUST.US,5,20251202,174000,3.585,3.585,3.585,3.585,166.66666665,0
KUST.US,5,20251202,174500,3.6,3.6,3.57,3.57,605.6666666061,0
KUST.US,5,20251202,175500,3.6,3.6,3.6,3.6,333.3333333,0
KUST.US,5,20251202,181000,3.57,3.57,3.57,3.57,166.66666665,0
KUST.US,5,20251202,181500,3.5703,3.5703,3.5703,3.5703,166.66666665,0
KUST.US,5,20251202,183000,3.5997,3.5997,3.5997,3.5997,133.33333331999998,0
KUST.US,5,20251202,183500,3.57,3.57,3.57,3.57,342.6666666324,0
KUST.US,5,20251202,190000,3.5829,3.5829,3.5829,3.5829,333.3333333,0
KUST.US,5,20251202,191000,3.57,3.5712,3.57,3.5712,1157.3333332175998,0
KUST.US,5,20251202,192000,3.585,3.585,3.585,3.585,33.333333329999995,0
KUST.US,5,20251202,193000,3.57,3.57,3.57,3.57,85.99999999139999,0
KUST.US,5,20251202,193500,3.57,3.57,3.57,3.57,33.333333329999995,0
KUST.US,5,20251202,194000,3.5724,3.5724,3.5724,3.5724,66.66666665999999,0
KUST.US,5,20251202,194500,3.585,3.585,3.585,3.585,166.66666665,0
KUST.US,5,20251202,195000,3.585,3.585,3.585,3.585,33.333333329999995,0
KUST.US,5,20251202,201500,3.57,3.57,3.57,3.57,33.333333329999995,0
KUST.US,5,20251202,202000,3.57,3.57,3.57,3.57,94.9999999905,0
KUST.US,5,20251202,202500,3.585,3.585,3.585,3.585,33.333333329999995,0
KUST.US,5,20251202,204000,3.5967,3.5967,3.5967,3.5967,81.66666665849999,0
KUST.US,5,20251202,205000,3.5946,3.5946,3.5946,3.5946,83.333333325,0
KUST.US,5,20251202,210500,3.585,3.585,3.585,3.585,33.333333329999995,0
KUST.US,5,20251202,211500,3.585,3.585,3.585,3.585,33.333333329999995,0
KUST.US,5,20251202,212000,3.6,3.6,3.6,3.6,149.999999985,0
KUST.US,5,20251202,214000,3.645,3.645,3.645,3.645,133.33333331999998,0
KUST.US,5,20251202,215000,3.645,3.6594,3.645,3.6594,99.99999998999999,0
KUST.US,5,20251202,215500,3.63,3.63,3.6,3.63,6382.3333326951,0
KUST.US,5,20251203,153000,3.6,3.6,3.6,3.6,372.33333329609997,0
KUST.US,5,20251203,153500,3.6,3.6,3.5622,3.5622,122.66666665439999,0
KUST.US,5,20251203,155000,3.6267,3.63,3.6267,3.63,289.66666663769996,0
KUST.US,5,20251203,160500,3.6,3.66,3.6,3.645,1088.3333332245,0
KUST.US,5,20251203,162500,3.6891,3.6891,3.6891,3.6891,99.99999998999999,0
KUST.US,5,20251203,163000,3.6435,3.645,3.6435,3.645,66.66666665999999,0
KUST.US,5,20251203,170000,3.66,3.69,3.66,3.69,264.3333333069,0
KUST.US,5,20251203,171000,3.69,3.72,3.69,3.72,1078.6666665588,0
KUST.US,5,20251203,172000,3.72,3.72,3.72,3.72,33.333333329999995,0
KUST.US,5,20251203,173000,3.72,3.72,3.72,3.72,166.66666665,0
KUST.US,5,20251203,174500,3.7473,3.84,3.7473,3.8097,2240.3333331093,0
KUST.US,5,20251203,180000,3.735,3.7482,3.735,3.7482,466.66666661999994,0
KUST.US,5,20251203,181000,3.69,3.69,3.69,3.69,342.9999999657,0
KUST.US,5,20251203,182000,3.7497,3.7497,3.7497,3.7497,166.66666665,0
KUST.US,5,20251203,183000,3.75,3.78,3.72,3.78,799.9999999199999,0
KUST.US,5,20251203,184000,3.75,3.75,3.75,3.75,333.3333333,0
KUST.US,5,20251203,184500,3.78,3.78,3.78,3.78,33.333333329999995,0
KUST.US,5,20251203,190000,3.75,3.81,3.75,3.81,4354.3333328979,0
KUST.US,5,20251203,190500,3.765,3.84,3.765,3.81,499.99999994999996,0
KUST.US,5,20251203,191000,3.84,3.84,3.81,3.81,133.33333331999998,0
KUST.US,5,20251203,191500,3.795,3.8946,3.795,3.87,2034.9999997964999,0
KUST.US,5,20251203,192500,3.8421,3.8421,3.72,3.72,599.99999994,0
KUST.US,5,20251203,194000,3.852,3.9,3.84,3.9,659.9999999339999,0
KUST.US,5,20251203,194500,3.9273,3.93,3.9273,3.93,278.3333333055,0
KUST.US,5,20251203,195000,3.93,3.93,3.9012,3.9012,266.66666663999996,0
KUST.US,5,20251203,200500,3.93,3.96,3.885,3.96,963.3333332369999,0
KUST.US,5,20251203,201000,3.96,3.96,3.96,3.96,66.9999999933,0
KUST.US,5,20251203,202000,3.9597,3.9597,3.9597,3.9597,33.333333329999995,0
KUST.US,5,20251203,202500,3.945,3.9594,3.93,3.9594,366.66666662999995,0
KUST.US,5,20251203,203000,3.9348,3.945,3.9303,3.945,1383.333333195,0
KUST.US,5,20251203,205000,3.93,3.9594,3.93,3.9594,229.999999977,0
KUST.US,5,20251203,205500,3.945,3.945,3.9351,3.9351,103.33333332299999,0
KUST.US,5,20251203,210000,3.945,3.945,3.945,3.945,66.66666665999999,0
KUST.US,5,20251203,210500,3.945,3.9876,3.945,3.9876,918.9999999081,0
KUST.US,5,20251203,211500,3.9762,3.9762,3.975,3.975,99.99999998999999,0
KUST.US,5,20251203,212000,3.96,3.99,3.96,3.99,1765.3333331567999,0
KUST.US,5,20251203,212500,4.02,4.14,4.02,4.14,199.99999997999998,0
KUST.US,5,20251203,213000,4.065,4.0752,4.0584,4.0584,99.99999998999999,0
KUST.US,5,20251203,213500,3.99,3.99,3.99,3.99,33.333333329999995,0
KUST.US,5,20251203,214000,4.05,4.05,4.05,4.05,33.333333329999995,0
KUST.US,5,20251203,214500,4.05,4.05,4.02,4.02,70.3333333263,0
KUST.US,5,20251203,215000,4.02,4.02,3.99,3.9903,1671.6666664994998,0
KUST.US,5,20251203,215500,4.02,4.02,3.93,3.93,2135.9999997863997,0
KUST.US,5,20251204,153000,4.05,4.05,4.05,4.05,42.3333333291,0
KUST.US,5,20251204,153500,4.0722,4.0722,4.0722,4.0722,149.999999985,0
KUST.US,5,20251204,154000,4.08,4.08,4.08,4.08,166.66666665,0
KUST.US,5,20251204,154500,4.1385,4.1385,4.11,4.11,266.33333330669996,0
KUST.US,5,20251204,155000,4.1124,4.1124,4.1124,4.1124,143.333333319,0
KUST.US,5,20251204,160000,4.17,4.17,4.1307,4.1307,462.33333328709995,0
KUST.US,5,20251204,160500,4.17,4.17,4.17,4.17,151.99999998479998,0
KUST.US,5,20251204,161000,4.155,4.1793,4.11,4.155,1663.3333331669999,0
KUST.US,5,20251204,161500,4.1631,4.1631,4.1631,4.1631,36.3333333297,0
KUST.US,5,20251204,162500,4.1106,4.14,4.1106,4.14,172.33333331609998,0
KUST.US,5,20251204,163000,4.14,4.14,4.14,4.14,33.333333329999995,0
KUST.US,5,20251204,163500,4.1379,4.1379,4.11,4.11,433.33333329,0
KUST.US,5,20251204,164000,4.125,4.125,4.1109,4.1109,132.6666666534,0
KUST.US,5,20251204,164500,4.125,4.14,4.125,4.14,66.66666665999999,0
KUST.US,5,20251204,165500,4.14,4.1469,4.14,4.1469,133.33333331999998,0
KUST.US,5,20251204,170000,4.1838,4.1838,4.1838,4.1838,166.66666665,0
KUST.US,5,20251204,171000,4.2,4.2366,4.2,4.2366,1320.3333332012999,0
KUST.US,5,20251204,173000,4.2,4.2,4.1784,4.1784,397.9999999602,0
KUST.US,5,20251204,173500,4.14,4.14,4.14,4.14,49.999999994999996,0
KUST.US,5,20251204,174000,4.1976,4.1976,4.155,4.17,9475.6666657191,0
KUST.US,5,20251204,174500,4.155,4.17,4.14,4.17,317.66666663489997,0
KUST.US,5,20251204,175000,4.17,4.17,4.14,4.14,366.66666662999995,0
KUST.US,5,20251204,175500,4.149,4.149,4.149,4.149,52.3333333281,0
KUST.US,5,20251204,180500,4.14,4.14,4.05,4.11,399.99999995999997,0
KUST.US,5,20251204,181000,4.11,4.14,4.11,4.14,766.66666659,0
KUST.US,5,20251204,181500,4.14,4.1532,4.14,4.1532,666.3333332666999,0
KUST.US,5,20251204,182000,4.14,4.14,4.11,4.11,133.33333331999998,0
KUST.US,5,20251204,182500,4.125,4.14,4.125,4.1394,1343.6666665322998,0
KUST.US,5,20251204,183500,4.08,4.08,4.08,4.08,366.66666662999995,0
KUST.US,5,20251204,184000,4.08,4.095,4.08,4.0845,278.9999999721,0
KUST.US,5,20251204,184500,4.077,4.077,4.077,4.077,66.66666665999999,0
KUST.US,5,20251204,185000,4.071,4.071,4.071,4.071,66.66666665999999,0
KUST.US,5,20251204,185500,4.0506,4.0563,4.05,4.0563,733.6666665933,0
KUST.US,5,20251204,190000,4.08,4.08,4.08,4.08,133.33333331999998,0
KUST.US,5,20251204,190500,4.14,4.14,4.05,4.05,1634.3333331698998,0
KUST.US,5,20251204,192500,3.99,3.99,3.99,3.99,33.333333329999995,0
KUST.US,5,20251204,193000,3.99,4.02,3.99,4.02,133.33333331999998,0
KUST.US,5,20251204,193500,3.99,3.99,3.99,3.99,133.33333331999998,0
KUST.US,5,20251204,194000,4.065,4.065,4.065,4.065,133.33333331999998,0
KUST.US,5,20251204,195500,4.02,4.02,4.02,4.02,33.333333329999995,0
KUST.US,5,20251204,200500,3.99,4.0791,3.99,4.0791,359.999999964,0
KUST.US,5,20251204,201000,3.99,3.99,3.99,3.99,33.333333329999995,0
KUST.US,5,20251204,203000,4.05,4.05,4.05,4.05,99.99999998999999,0
KUST.US,5,20251204,204000,4.02,4.035,3.99,3.99,109.3333333224,0
KUST.US,5,20251204,210000,4.047,4.047,4.02,4.02,433.33333329,0
KUST.US,5,20251204,210500,4.02,4.02,4.02,4.02,66.9999999933,0
KUST.US,5,20251204,212000,4.02,4.02,4.02,4.02,633.3333332699999,0
KUST.US,5,20251204,212500,3.99,3.99,3.99,3.99,33.333333329999995,0
KUST.US,5,20251204,213500,4.0056,4.0056,4.0056,4.0056,541.3333332792,0
KUST.US,5,20251204,214500,3.99,3.99,3.99,3.99,33.333333329999995,0
KUST.US,5,20251204,215000,4.0134,4.0134,4.0134,4.0134,33.333333329999995,0
KUST.US,5,20251204,215500,4.02,4.02,3.99,4.02,501.3333332832,0
KUST.US,5,20251205,153000,4.11,4.1685,4.11,4.1685,327.9999999672,0
KUST.US,5,20251205,153500,4.095,4.095,4.095,4.095,33.333333329999995,0
KUST.US,5,20251205,154500,4.0497,4.11,4.02,4.02,1233.3333332099999,0
KUST.US,5,20251205,155500,4.0698,4.0698,4.0335,4.065,507.99999994919995,0
KUST.US,5,20251205,160500,4.08,4.08,4.08,4.08,495.33333328379996,0
KUST.US,5,20251205,162000,4.02,4.065,4.02,4.065,533.3333332799999,0
KUST.US,5,20251205,162500,4.0965,4.0965,4.0965,4.0965,33.333333329999995,0
KUST.US,5,20251205,163500,4.11,4.11,4.02,4.065,2266.66666644,0
KUST.US,5,20251205,165000,4.0491,4.05,4.0491,4.05,1366.66666653,0
KUST.US,5,20251205,165500,4.05,4.05,4.05,4.05,33.333333329999995,0
KUST.US,5,20251205,170500,4.05,4.05,4.05,4.05,33.333333329999995,0
KUST.US,5,20251205,171500,4.08,4.08,4.08,4.08,244.99999997549997,0
KUST.US,5,20251205,172500,4.05,4.05,4.02,4.02,133.33333331999998,0
KUST.US,5,20251205,174000,4.02,4.05,4.02,4.02,166.66666665,0
KUST.US,5,20251205,174500,4.02,4.02,4.02,4.02,66.66666665999999,0
KUST.US,5,20251205,175500,4.05,4.05,4.05,4.05,33.333333329999995,0
KUST.US,5,20251205,180000,4.0491,4.0491,4.0491,4.0491,999.9999998999999,0
KUST.US,5,20251205,180500,4.035,4.05,4.02,4.05,1226.666666544,0
KUST.US,5,20251205,181500,4.08,4.08,4.08,4.08,133.33333331999998,0
KUST.US,5,20251205,183500,4.08,4.08,4.08,4.08,33.333333329999995,0
KUST.US,5,20251205,190000,4.095,4.095,4.095,4.095,166.66666665,0
KUST.US,5,20251205,190500,4.095,4.11,4.095,4.11,229.33333331039998,0
KUST.US,5,20251205,191000,4.14,4.17,4.14,4.17,291.6666666375,0
KUST.US,5,20251205,192000,4.14,4.14,4.08,4.083,5507.333332782599,0
KUST.US,5,20251205,193500,4.08,4.08,4.08,4.08,82.9999999917,0
KUST.US,5,20251205,194500,4.1256,4.1256,4.08,4.08,115.66666665509999,0
KUST.US,5,20251205,195000,4.05,4.05,4.05,4.05,133.33333331999998,0
KUST.US,5,20251205,195500,4.08,4.08,4.08,4.08,66.66666665999999,0
KUST.US,5,20251205,200000,4.08,4.08,4.05,4.05,475.3333332858,0
KUST.US,5,20251205,201500,4.0782,4.0782,4.065,4.0749,133.33333331999998,0
KUST.US,5,20251205,202500,4.05,4.05,4.05,4.05,66.66666665999999,0
KUST.US,5,20251205,203500,4.065,4.065,4.065,4.065,33.333333329999995,0
KUST.US,5,20251205,204000,4.065,4.065,4.065,4.065,33.333333329999995,0
KUST.US,5,20251205,205000,4.065,4.08,4.05,4.08,890.3333332443,0
KUST.US,5,20251205,205500,4.11,4.14,4.08,4.11,6966.6666659699995,0
KUST.US,5,20251205,210000,4.11,4.11,4.08,4.08,1480.6666665185999,0
KUST.US,5,20251205,211000,4.1061,4.1061,4.1061,4.1061,99.99999998999999,0
KUST.US,5,20251205,214000,4.125,4.125,4.125,4.125,33.333333329999995,0
KUST.US,5,20251205,214500,4.125,4.125,4.125,4.125,33.333333329999995,0
KUST.US,5,20251205,215000,4.14,4.14,4.125,4.125,199.99999997999998,0
KUST.US,5,20251205,215500,4.125,4.155,4.125,4.14,318.3333333015,0
KUST.US,5,20251208,153000,4.23,4.23,4.2,4.2,1322.9999998677,0
KUST.US,5,20251208,153500,4.2,4.2297,4.14,4.1517,3878.9999996120996,0
KUST.US,5,20251208,154000,4.14,4.14,4.14,4.14,130.99999998689998,0
KUST.US,5,20251208,155000,4.17,4.2297,4.17,4.17,466.3333332867,0
KUST.US,5,20251208,155500,4.2132,4.2132,4.11,4.11,1271.9999998728,0
KUST.US,5,20251208,160000,4.08,4.1313,4.08,4.08,433.33333329,0
KUST.US,5,20251208,160500,4.08,4.23,4.05,4.23,1120.9999998879,0
KUST.US,5,20251208,161500,4.2,4.23,4.155,4.1703,2647.3333330686,0
KUST.US,5,20251208,162000,4.1883,4.1955,4.1883,4.1955,368.9999999631,0
KUST.US,5,20251208,163000,4.1901,4.1901,4.1901,4.1901,166.66666665,0
KUST.US,5,20251208,164500,4.185,4.185,4.125,4.125,766.66666659,0
KUST.US,5,20251208,165500,4.125,4.125,4.08,4.08,399.99999995999997,0
KUST.US,5,20251208,171500,4.14,4.14,4.1163,4.131,933.3333332399999,0
KUST.US,5,20251208,173500,4.1064,4.1064,4.065,4.065,1699.99999983,0
KUST.US,5,20251208,175500,4.0725,4.0725,4.0725,4.0725,94.6666666572,0
KUST.US,5,20251208,181000,4.14,4.17,4.11,4.17,454.99999995449997,0
KUST.US,5,20251208,185000,4.107,4.107,4.107,4.107,66.66666665999999,0
KUST.US,5,20251208,185500,4.11,4.11,4.11,4.11,80.33333332529999,0
KUST.US,5,20251208,190000,4.11,4.11,4.11,4.11,103.33333332299999,0
KUST.US,5,20251208,191000,4.17,4.17,4.17,4.17,386.9999999613,0
KUST.US,5,20251208,192000,4.14,4.14,4.11,4.11,273.333333306,0
KUST.US,5,20251208,192500,4.17,4.17,4.17,4.17,333.3333333,0
KUST.US,5,20251208,193000,4.08,4.08,4.08,4.08,214.9999999785,0
KUST.US,5,20251208,195500,4.0971,4.0971,4.0971,4.0971,33.333333329999995,0
KUST.US,5,20251208,201000,4.0965,4.0965,4.0965,4.0965,1660.6666665005998,0
KUST.US,5,20251208,201500,4.05,4.08,4.05,4.065,173.333333316,0
KUST.US,5,20251208,202000,4.0539,4.0539,4.0539,4.0539,833.3333332499999,0
KUST.US,5,20251208,202500,4.065,4.065,4.065,4.065,33.333333329999995,0
KUST.US,5,20251208,203500,4.08,4.17,4.08,4.14,1418.9999998581,0
KUST.US,5,20251208,204000,4.143,4.143,4.11,4.11,199.99999997999998,0
KUST.US,5,20251208,205500,4.0503,4.095,4.0503,4.095,433.33333329,0
KUST.US,5,20251208,210000,4.095,4.095,4.05,4.05,95.9999999904,0
KUST.US,5,20251208,210500,4.08,4.11,4.08,4.11,99.99999998999999,0
KUST.US,5,20251208,211000,4.095,4.095,4.095,4.095,166.66666665,0
KUST.US,5,20251208,212000,4.14,4.14,4.0521,4.14,564.6666666102,0
KUST.US,5,20251208,212500,4.17,4.2,4.14,4.2,666.6666666,0
KUST.US,5,20251208,213000,4.2,4.2,4.125,4.17,249.99999997499998,0
KUST.US,5,20251208,214000,4.1772,4.1772,4.17,4.17,259.999999974,0
KUST.US,5,20251208,215000,4.2,4.23,4.2,4.2276,359.999999964,0
KUST.US,5,20251208,215500,4.23,4.23,4.2,4.221,323.6666666343,0
KUST.US,5,20251209,153000,3.87,3.915,3.87,3.915,2028.3333331304998,0
KUST.US,5,20251209,153500,3.915,3.93,3.915,3.921,537.3333332796,0
KUST.US,5,20251209,154500,3.9,3.9,3.9,3.9,83.99999999159999,0
KUST.US,5,20251209,155000,3.93,3.96,3.93,3.96,891.6666665775,0
KUST.US,5,20251209,155500,3.99,3.99,3.99,3.99,438.3333332895,0
KUST.US,5,20251209,160500,3.9855,3.9855,3.93,3.9318,377.33333329559997,0
KUST.US,5,20251209,161000,3.93,3.9306,3.9117,3.9117,2960.9999997039,0
KUST.US,5,20251209,161500,3.9,3.9,3.81,3.84,3502.9999996497,0
KUST.US,5,20251209,162000,3.84,3.9,3.84,3.9,1147.9999998852,0
KUST.US,5,20251209,163000,3.84,3.84,3.84,3.84,33.333333329999995,0
KUST.US,5,20251209,164000,3.849,3.87,3.849,3.87,66.66666665999999,0
KUST.US,5,20251209,164500,3.8406,3.8844,3.8406,3.87,433.33333329,0
KUST.US,5,20251209,165000,3.9,3.9,3.9,3.9,33.333333329999995,0
KUST.US,5,20251209,172000,3.9408,3.9408,3.9,3.9,66.66666665999999,0
KUST.US,5,20251209,173000,3.9597,3.9597,3.9597,3.9597,499.99999994999996,0
KUST.US,5,20251209,174000,3.93,3.93,3.93,3.93,33.333333329999995,0
KUST.US,5,20251209,175000,3.9324,3.9324,3.9324,3.9324,33.999999996599996,0
KUST.US,5,20251209,180000,3.9597,3.9597,3.9,3.921,292.6666666374,0
KUST.US,5,20251209,180500,3.9,3.9546,3.9,3.93,183.33333331499998,0
KUST.US,5,20251209,181000,3.93,3.93,3.93,3.93,33.333333329999995,0
KUST.US,5,20251209,181500,3.9525,3.9525,3.9525,3.9525,333.3333333,0
KUST.US,5,20251209,182000,3.9597,3.9597,3.93,3.93,333.3333333,0
KUST.US,5,20251209,182500,3.93,3.9555,3.93,3.9555,99.99999998999999,0
KUST.US,5,20251209,183500,3.93,3.93,3.93,3.93,333.3333333,0
KUST.US,5,20251209,190000,3.93,3.93,3.9,3.9,186.666666648,0
KUST.US,5,20251209,190500,3.93,3.93,3.93,3.93,49.999999994999996,0
KUST.US,5,20251209,191500,3.9,3.9,3.9,3.9,33.333333329999995,0
KUST.US,5,20251209,193000,3.96,3.96,3.96,3.96,166.66666665,0
KUST.US,5,20251209,193500,3.9,3.9,3.9,3.9,33.333333329999995,0
KUST.US,5,20251209,194000,3.93,3.93,3.93,3.93,33.333333329999995,0
KUST.US,5,20251209,194500,3.9,3.9,3.9,3.9,33.333333329999995,0
KUST.US,5,20251209,195000,3.9096,3.9096,3.9096,3.9096,333.3333333,0
KUST.US,5,20251209,200000,3.9,3.9,3.9,3.9,33.333333329999995,0
KUST.US,5,20251209,200500,3.9,3.915,3.9,3.915,239.6666666427,0
KUST.US,5,20251209,201000,3.9,3.9,3.9,3.9,33.333333329999995,0
KUST.US,5,20251209,202000,3.915,3.9216,3.9,3.9,1385.3333331948,0
KUST.US,5,20251209,203000,3.9,3.9,3.9,3.9,33.333333329999995,0
KUST.US,5,20251209,203500,3.915,3.915,3.915,3.915,33.333333329999995,0
KUST.US,5,20251209,204000,3.9,3.9219,3.9,3.9219,199.99999997999998,0
KUST.US,5,20251209,210000,3.9,3.9,3.9,3.9,66.66666665999999,0
KUST.US,5,20251209,210500,3.93,3.93,3.93,3.93,33.333333329999995,0
KUST.US,5,20251209,211000,3.99,3.99,3.99,3.99,99.99999998999999,0
KUST.US,5,20251209,212000,4.05,4.11,4.05,4.11,320.99999996789995,0
KUST.US,5,20251209,212500,3.9912,4.11,3.9912,4.11,66.66666665999999,0
KUST.US,5,20251209,213000,4.2,4.2126,3.99,4.1724,1993.9999998005999,0
KUST.US,5,20251209,214000,4.05,4.05,3.93,3.93,1677.3333331656,0
KUST.US,5,20251209,214500,3.9,3.9,3.9,3.9,33.333333329999995,0
KUST.US,5,20251209,215000,3.96,3.99,3.9,3.9,433.33333329,0
KUST.US,5,20251209,215500,3.9,3.96,3.87,3.96,3815.3333329517995,0
KUST.US,5,20251210,153000,3.9,3.9597,3.87,3.87,794.6666665872,0
KUST.US,5,20251210,154000,3.948,3.948,3.948,3.948,132.9999999867,0
KUST.US,5,20251210,154500,3.96,3.96,3.96,3.96,239.999999976,0
KUST.US,5,20251210,155500,3.93,3.96,3.93,3.96,83.333333325,0
KUST.US,5,20251210,160500,3.915,3.915,3.9,3.9,965.9999999034,0
KUST.US,5,20251210,161500,3.93,3.93,3.93,3.93,33.333333329999995,0
KUST.US,5,20251210,162000,3.96,3.96,3.96,3.96,311.3333333022,0
KUST.US,5,20251210,165000,3.96,3.96,3.96,3.96,33.333333329999995,0
KUST.US,5,20251210,172000,4.05,4.05,4.05,4.05,33.333333329999995,0
KUST.US,5,20251210,173000,4.05,4.05,4.05,4.05,265.9999999734,0
KUST.US,5,20251210,173500,4.02,4.02,4.02,4.02,33.333333329999995,0
KUST.US,5,20251210,180500,4.02,4.02,4.02,4.02,36.666666663,0
KUST.US,5,20251210,182500,3.9603,3.99,3.96,3.99,441.6666666225,0
KUST.US,5,20251210,185000,4.0197,4.0197,3.975,3.975,359.999999964,0
KUST.US,5,20251210,191000,4.005,4.005,4.005,4.005,66.66666665999999,0
KUST.US,5,20251210,192000,4.08,4.08,4.08,4.08,333.3333333,0
KUST.US,5,20251210,193500,4.05,4.05,4.05,4.05,44.9999999955,0
KUST.US,5,20251210,194500,4.0308,4.0308,4.0308,4.0308,33.333333329999995,0
KUST.US,5,20251210,195000,3.99,4.002,3.99,4.002,333.9999999666,0
KUST.US,5,20251210,200000,3.99,3.99,3.99,3.99,166.66666665,0
KUST.US,5,20251210,200500,3.975,3.975,3.975,3.975,65.3333333268,0
KUST.US,5,20251210,201500,4.02,4.02,3.9333,3.9339,1366.66666653,0
KUST.US,5,20251210,202000,3.9705,3.99,3.93,3.99,383.333333295,0
KUST.US,5,20251210,202500,3.93,3.93,3.93,3.93,66.66666665999999,0
KUST.US,5,20251210,204000,3.93,3.93,3.93,3.93,416.66666662499995,0
KUST.US,5,20251210,205000,3.96,4.02,3.96,4.02,199.99999997999998,0
KUST.US,5,20251210,210000,4.14,4.17,4.095,4.095,179.33333331539998,0
KUST.US,5,20251210,210500,4.17,4.17,4.14,4.17,273.9999999726,0
KUST.US,5,20251210,211000,4.17,4.17,4.17,4.17,357.66666663089995,0
KUST.US,5,20251210,211500,4.17,4.17,4.17,4.17,293.99999997059996,0
KUST.US,5,20251210,212000,4.14,4.14,4.11,4.11,533.3333332799999,0
KUST.US,5,20251210,212500,4.14,4.14,4.11,4.14,302.66666663639995,0
KUST.US,5,20251210,213000,4.14,4.14,4.14,4.14,333.3333333,0
KUST.US,5,20251210,213500,4.14,4.14,4.11,4.11,136.666666653,0
KUST.US,5,20251210,214500,4.14,4.14,4.0803,4.14,948.9999999050999,0
KUST.US,5,20251210,215000,4.095,4.095,3.9783,4.08,873.9999999126,0
KUST.US,5,20251210,215500,4.02,4.071,4.02,4.071,907.3333332425999,0
KUST.US,5,20251211,153000,4.11,4.11,4.092,4.092,166.9999999833,0
KUST.US,5,20251211,153500,4.11,4.11,4.05,4.05,1034.3333332298998,0
KUST.US,5,20251211,154000,4.02,4.02,4.02,4.02,135.66666665309998,0
KUST.US,5,20251211,154500,4.0413,4.0413,4.0413,4.0413,49.999999994999996,0
KUST.US,5,20251211,155000,4.02,4.02,4.02,4.02,215.99999997839998,0
KUST.US,5,20251211,160000,3.9492,3.9492,3.9492,3.9492,923.333333241,0
KUST.US,5,20251211,161000,3.99,3.99,3.99,3.99,433.33333329,0
KUST.US,5,20251211,161500,4.02,4.02,3.99,3.99,511.3333332822,0
KUST.US,5,20251211,162000,3.96,3.975,3.96,3.975,161.9999999838,0
KUST.US,5,20251211,162500,3.975,3.975,3.84,3.9,12551.333332078199,0
KUST.US,5,20251211,163500,3.87,3.8742,3.8406,3.8742,199.99999997999998,0
KUST.US,5,20251211,165000,3.885,3.8964,3.885,3.8964,366.66666662999995,0
KUST.US,5,20251211,165500,3.87,3.8802,3.855,3.855,499.99999994999996,0
KUST.US,5,20251211,170000,3.855,3.855,3.6825,3.75,8031.6666658634995,0
KUST.US,5,20251211,170500,3.75,3.75,3.75,3.75,132.3333333201,0
KUST.US,5,20251211,171500,3.75,3.78,3.75,3.78,100.6666666566,0
KUST.US,5,20251211,172000,3.7026,3.7026,3.7026,3.7026,333.3333333,0
KUST.US,5,20251211,172500,3.75,3.75,3.66,3.66,333.3333333,0
KUST.US,5,20251211,173000,3.69,3.72,3.69,3.72,336.666666633,0
KUST.US,5,20251211,174000,3.7494,3.81,3.7494,3.75,433.33333329,0
KUST.US,5,20251211,180500,3.7452,3.7452,3.7452,3.7452,38.3333333295,0
KUST.US,5,20251211,181000,3.765,3.765,3.765,3.765,33.333333329999995,0
KUST.US,5,20251211,182500,3.81,3.81,3.78,3.78,233.33333330999997,0
KUST.US,5,20251211,184500,3.765,3.765,3.765,3.765,66.66666665999999,0
KUST.US,5,20251211,185000,3.765,3.765,3.765,3.765,33.333333329999995,0
KUST.US,5,20251211,190000,3.8037,3.8037,3.8037,3.8037,99.99999998999999,0
KUST.US,5,20251211,190500,3.75,3.75,3.75,3.75,33.333333329999995,0
KUST.US,5,20251211,191000,3.75,3.7758,3.75,3.75,723.333333261,0
KUST.US,5,20251211,191500,3.7716,3.7716,3.7716,3.7716,66.66666665999999,0
KUST.US,5,20251211,193500,3.75,3.78,3.75,3.78,1422.3333331910999,0
KUST.US,5,20251211,200500,3.795,3.795,3.78,3.78,99.99999998999999,0
KUST.US,5,20251211,201000,3.795,3.795,3.78,3.78,666.6666666,0
KUST.US,5,20251211,202000,3.7794,3.81,3.765,3.81,692.6666665974,0
KUST.US,5,20251211,204000,3.84,3.84,3.84,3.84,33.333333329999995,0
KUST.US,5,20251211,204500,3.7518,3.7518,3.7518,3.7518,33.333333329999995,0
KUST.US,5,20251211,210500,3.825,3.825,3.825,3.825,33.333333329999995,0
KUST.US,5,20251211,211000,3.825,3.825,3.825,3.825,33.333333329999995,0
KUST.US,5,20251211,211500,3.81,3.81,3.78,3.78,129.999999987,0
KUST.US,5,20251211,212500,3.84,3.84,3.84,3.84,66.66666665999999,0
KUST.US,5,20251211,214000,3.78,3.795,3.7548,3.795,383.9999999616,0
KUST.US,5,20251211,215000,3.81,3.81,3.78,3.78,66.66666665999999,0
KUST.US,5,20251211,215500,3.783,3.783,3.75,3.75,1171.3333332162,0
KUST.US,5,20251212,153000,3.66,3.75,3.66,3.66,2059.3333331274,0
KUST.US,5,20251212,153500,3.6813,3.69,3.6813,3.69,133.33333331999998,0
KUST.US,5,20251212,154000,3.7011,3.7011,3.7011,3.7011,36.9999999963,0
KUST.US,5,20251212,160000,3.735,3.735,3.7122,3.7122,83.333333325,0
KUST.US,5,20251212,160500,3.69,3.69,3.6,3.63,754.9999999245,0
KUST.US,5,20251212,161500,3.6,3.63,3.6,3.63,2133.3333331199997,0
KUST.US,5,20251212,162000,3.621,3.6261,3.6,3.6261,133.66666665329998,0
KUST.US,5,20251212,163500,3.615,3.63,3.6009,3.63,260.6666666406,0
KUST.US,5,20251212,164000,3.63,3.63,3.45,3.48,5121.9999994878,0
KUST.US,5,20251212,164500,3.51,3.51,3.51,3.51,33.333333329999995,0
KUST.US,5,20251212,165500,3.4905,3.495,3.45,3.495,106.9999999893,0
KUST.US,5,20251212,171000,3.5139,3.5139,3.51,3.51,266.66666663999996,0
KUST.US,5,20251212,171500,3.51,3.51,3.45,3.48,416.66666662499995,0
KUST.US,5,20251212,172000,3.48,3.48,3.48,3.48,133.33333331999998,0
KUST.US,5,20251212,172500,3.48,3.48,3.45,3.48,1257.3333332076,0
KUST.US,5,20251212,173500,3.45,3.48,3.375,3.375,2465.9999997534,0
KUST.US,5,20251212,174500,3.435,3.4494,3.4335,3.4494,566.66666661,0
KUST.US,5,20251212,175000,3.435,3.435,3.39,3.39,316.66666663499996,0
KUST.US,5,20251212,175500,3.36,3.4158,3.36,3.39,933.3333332399999,0
KUST.US,5,20251212,180000,3.3888,3.3888,3.36,3.36,985.9999999014,0
KUST.US,5,20251212,180500,3.39,3.405,3.39,3.3933,233.33333330999997,0
KUST.US,5,20251212,181000,3.39,3.4116,3.39,3.405,366.66666662999995,0
KUST.US,5,20251212,181500,3.42,3.42,3.39,3.405,1234.9999998765,0
KUST.US,5,20251212,182500,3.42,3.42,3.42,3.42,754.6666665911999,0
KUST.US,5,20251212,183000,3.39,3.42,3.39,3.42,366.66666662999995,0
KUST.US,5,20251212,183500,3.405,3.405,3.405,3.405,33.333333329999995,0
KUST.US,5,20251212,184000,3.4152,3.4152,3.4152,3.4152,53.333333327999995,0
KUST.US,5,20251212,184500,3.405,3.42,3.405,3.405,233.33333330999997,0
KUST.US,5,20251212,185500,3.405,3.405,3.405,3.405,99.99999998999999,0
KUST.US,5,20251212,190000,3.405,3.405,3.405,3.405,33.333333329999995,0
KUST.US,5,20251212,190500,3.405,3.405,3.3906,3.405,99.99999998999999,0
KUST.US,5,20251212,191000,3.4074,3.4074,3.4074,3.4074,66.66666665999999,0
KUST.US,5,20251212,191500,3.3954,3.405,3.3954,3.405,366.66666662999995,0
KUST.US,5,20251212,193000,3.405,3.405,3.405,3.405,33.333333329999995,0
KUST.US,5,20251212,193500,3.4161,3.4194,3.405,3.405,160.3333333173,0
KUST.US,5,20251212,194000,3.405,3.42,3.39,3.39,433.33333329,0
KUST.US,5,20251212,194500,3.4191,3.4191,3.39,3.405,133.33333331999998,0
KUST.US,5,20251212,195000,3.39,3.39,3.39,3.39,33.333333329999995,0
KUST.US,5,20251212,200500,3.42,3.42,3.42,3.42,106.66666665599999,0
KUST.US,5,20251212,202000,3.4194,3.42,3.405,3.42,4123.9999995876,0
KUST.US,5,20251212,202500,3.42,3.42,3.42,3.42,651.9999999347999,0
KUST.US,5,20251212,203500,3.42,3.42,3.42,3.42,33.333333329999995,0
KUST.US,5,20251212,204000,3.4485,3.4485,3.4485,3.4485,33.333333329999995,0
KUST.US,5,20251212,204500,3.435,3.44721,3.42,3.435,489.99999995099995,0
KUST.US,5,20251212,205000,3.42,3.42,3.42,3.42,65.9999999934,0
KUST.US,5,20251212,205500,3.42,3.42,3.42,3.42,114.66666665519999,0
KUST.US,5,20251212,211000,3.4497,3.4497,3.42,3.42,99.99999998999999,0
KUST.US,5,20251212,211500,3.4365,3.4365,3.4365,3.4365,66.66666665999999,0
KUST.US,5,20251212,214000,3.435,3.435,3.435,3.435,174.9999999825,0
KUST.US,5,20251212,214500,3.42,3.42,3.42,3.42,339.33333329939995,0
KUST.US,5,20251212,215500,3.435,3.45,3.39,3.39,2031.3333331302,0
KUST.US,5,20251215,153000,3.45,3.45,3.42,3.45,763.6666665903,0
KUST.US,5,20251215,153500,3.4203,3.4203,3.42,3.42,354.9999999645,0
KUST.US,5,20251215,154000,3.42,3.4215,3.42,3.4215,404.9999999595,0
KUST.US,5,20251215,154500,3.4497,3.4497,3.4497,3.4497,95.9999999904,0
KUST.US,5,20251215,155000,3.42,3.42,3.4194,3.4194,202.33333331309998,0
KUST.US,5,20251215,160000,3.4197,3.4197,3.4197,3.4197,83.333333325,0
KUST.US,5,20251215,161000,3.39,3.3951,3.39,3.3951,529.6666666136999,0
KUST.US,5,20251215,161500,3.3993,3.3993,3.3993,3.3993,333.3333333,0
KUST.US,5,20251215,163000,3.3939,3.3939,3.39,3.39,66.66666665999999,0
KUST.US,5,20251215,165500,3.39,3.42,3.39,3.39,1859.6666664806999,0
KUST.US,5,20251215,171000,3.39,3.39,3.39,3.39,333.3333333,0
KUST.US,5,20251215,172000,3.405,3.4194,3.405,3.4194,399.99999995999997,0
KUST.US,5,20251215,172500,3.405,3.4194,3.405,3.4194,266.66666663999996,0
KUST.US,5,20251215,173000,3.405,3.42,3.405,3.4194,468.9999999531,0
KUST.US,5,20251215,175500,3.42,3.42,3.42,3.42,66.66666665999999,0
KUST.US,5,20251215,194000,3.39,3.39,3.39,3.39,78.9999999921,0
KUST.US,5,20251215,195000,3.4044,3.4044,3.4044,3.4044,33.333333329999995,0
KUST.US,5,20251215,201500,3.4053,3.4053,3.4053,3.4053,35.666666663099996,0
KUST.US,5,20251215,203000,3.39,3.39,3.39,3.39,433.33333329,0
KUST.US,5,20251215,203500,3.386,3.386,3.36,3.36,183.33333331499998,0
KUST.US,5,20251215,204000,3.36,3.36,3.36,3.36,33.333333329999995,0
KUST.US,5,20251215,204500,3.345,3.345,3.345,3.345,33.333333329999995,0
KUST.US,5,20251215,205500,3.345,3.36,3.345,3.36,127.33333332059999,0
KUST.US,5,20251215,210000,3.3417,3.345,3.33,3.345,99.99999998999999,0
KUST.US,5,20251215,211000,3.33,3.33,3.33,3.33,111.9999999888,0
KUST.US,5,20251215,212000,3.27,3.3054,3.24,3.24,1664.3333331668998,0
KUST.US,5,20251215,212500,3.255,3.255,3.255,3.255,66.66666665999999,0
KUST.US,5,20251215,213500,3.225,3.225,3.225,3.225,33.333333329999995,0
KUST.US,5,20251215,214000,3.2346,3.24,3.21,3.21,730.9999999268999,0
KUST.US,5,20251215,215000,3.21,3.225,3.21,3.21,593.333333274,0
KUST.US,5,20251215,215500,3.21,3.21,3.18,3.21,2367.6666664299,0
KUST.US,5,20251216,153000,3.15,3.18,3.15,3.15,6292.9999993707,0
KUST.US,5,20251216,153500,3.12,3.12,3.0981,3.0981,129.3333333204,0
KUST.US,5,20251216,154000,3.12,3.15,3.06,3.075,10319.999998968,0
KUST.US,5,20251216,154500,3.0897,3.0897,3.0396,3.0798,281.3333333052,0
KUST.US,5,20251216,155000,3.06,3.12,3.06,3.09,1963.6666664702998,0
KUST.US,5,20251216,160000,3.09,3.09,3.075,3.075,133.33333331999998,0
KUST.US,5,20251216,160500,3.0795,3.09,3.06,3.09,399.66666662669996,0
KUST.US,5,20251216,161000,3.09,3.09,3.0759,3.0759,66.66666665999999,0
KUST.US,5,20251216,161500,3.06,3.06,3.06,3.06,33.333333329999995,0
KUST.US,5,20251216,162000,3.06,3.06,3,3.0147,2095.9999997903997,0
KUST.US,5,20251216,162500,3.03,3.06,3.015,3.03,633.3333332699999,0
KUST.US,5,20251216,163000,3.03,3.03,3.03,3.03,66.66666665999999,0
KUST.US,5,20251216,163500,3.045,3.045,3.045,3.045,299.99999997,0
KUST.US,5,20251216,164000,3.0597,3.09,3.0597,3.09,933.3333332399999,0
KUST.US,5,20251216,164500,3.0876,3.12,3.075,3.12,2020.3333331313,0
KUST.US,5,20251216,165000,3.0984,3.12,3.0984,3.12,366.66666662999995,0
KUST.US,5,20251216,165500,3.105,3.105,3.06,3.06,4443.9999995556,0
KUST.US,5,20251216,171000,3.045,3.045,3.045,3.045,33.333333329999995,0
KUST.US,5,20251216,172000,3.03,3.03,3.03,3.03,333.3333333,0
KUST.US,5,20251216,172500,3.03,3.03,3.03,3.03,341.3333332992,0
KUST.US,5,20251216,173000,3.03,3.033,3.03,3.033,333.3333333,0
KUST.US,5,20251216,173500,3.0003,3.03,3,3.03,1096.6666665569999,0
KUST.US,5,20251216,174000,3,3,3,3,166.66666665,0
KUST.US,5,20251216,174500,3.015,3.015,3.015,3.015,99.99999998999999,0
KUST.US,5,20251216,175000,3.015,3.015,3.015,3.015,33.333333329999995,0
KUST.US,5,20251216,175500,3.0018,3.0018,3.0018,3.0018,153.333333318,0
KUST.US,5,20251216,180000,3.03,3.03,3.03,3.03,276.9999999723,0
KUST.US,5,20251216,180500,3.03,3.03,3.03,3.03,233.33333330999997,0
KUST.US,5,20251216,181500,3.03,3.03,3.03,3.03,133.33333331999998,0
KUST.US,5,20251216,182000,3.03,3.06,3.03,3.06,399.99999995999997,0
KUST.US,5,20251216,183000,3.03,3.03,3.03,3.03,33.333333329999995,0
KUST.US,5,20251216,183500,3.0585,3.0585,3.03,3.03,199.99999997999998,0
KUST.US,5,20251216,184000,3.03,3.03,3,3,833.3333332499999,0
KUST.US,5,20251216,184500,3.03,3.03,3.0135,3.0135,1319.9999998679998,0
KUST.US,5,20251216,185500,3.015,3.015,2.9553,2.97,4518.3333328815,0
KUST.US,5,20251216,190000,3,3,3,3,33.333333329999995,0
KUST.US,5,20251216,190500,2.9418,2.9418,2.91,2.91,9566.66666571,0
KUST.US,5,20251216,191000,2.91,2.9103,2.91,2.91,216.666666645,0
KUST.US,5,20251216,191500,2.91015,2.91015,2.91,2.91,566.66666661,0
KUST.US,5,20251216,192000,2.8647,2.8776,2.8581,2.8614,833.3333332499999,0
KUST.US,5,20251216,192500,2.9025,2.9025,2.89785,2.89785,416.66666662499995,0
KUST.US,5,20251216,193000,2.9097,2.9097,2.898,2.898,218.33333331149998,0
KUST.US,5,20251216,193500,2.91,2.9139,2.907,2.9079,1628.3333331704998,0
KUST.US,5,20251216,194000,2.90745,2.90745,2.90745,2.90745,33.333333329999995,0
KUST.US,5,20251216,194500,2.9076,2.9076,2.9073,2.9073,1366.66666653,0
KUST.US,5,20251216,195500,2.9073,2.9073,2.90715,2.90715,433.33333329,0
KUST.US,5,20251216,200000,2.907,2.9073,2.9025,2.9073,532.6666666133999,0
KUST.US,5,20251216,200500,2.9073,2.9073,2.907,2.907,71.6666666595,0
KUST.US,5,20251216,201000,2.9073,2.9073,2.9073,2.9073,114.9999999885,0
KUST.US,5,20251216,203500,2.91,2.9604,2.91,2.9604,409.33333329239997,0
KUST.US,5,20251216,204000,2.9073,2.9073,2.9073,2.9073,329.6666666337,0
KUST.US,5,20251216,204500,2.9073,2.9193,2.9073,2.9112,799.9999999199999,0
KUST.US,5,20251216,205000,2.9112,2.9112,2.9112,2.9112,133.33333331999998,0
KUST.US,5,20251216,210000,2.91,2.95125,2.91,2.95125,866.66666658,0
KUST.US,5,20251216,210500,2.91,2.9355,2.91,2.9355,133.33333331999998,0
KUST.US,5,20251216,211000,2.91,2.9355,2.91,2.91,442.9999999557,0
KUST.US,5,20251216,211500,2.907,2.907,2.907,2.907,33.333333329999995,0
KUST.US,5,20251216,213000,2.907,2.907,2.907,2.907,232.9999999767,0
KUST.US,5,20251216,213500,2.9073,2.9073,2.9073,2.9073,156.66666665099999,0
KUST.US,5,20251216,214000,2.9073,2.9073,2.90715,2.9073,233.33333330999997,0
KUST.US,5,20251216,214500,2.9073,2.9073,2.90715,2.90715,733.3333332599999,0
KUST.US,5,20251216,215000,2.9073,2.9073,2.907,2.907,119.33333332139999,0
KUST.US,5,20251216,215500,2.91,2.9148,2.907,2.9148,2717.6666663949,0
KUST.US,5,20251217,153000,2.9931,2.9931,2.94,2.94,4462.9999995537,0
KUST.US,5,20251217,153500,2.91,2.91,2.883,2.883,606.6666666059999,0
KUST.US,5,20251217,154500,2.9397,2.94,2.9397,2.94,175.9999999824,0
KUST.US,5,20251217,155000,2.91,2.91,2.88,2.88,133.33333331999998,0
KUST.US,5,20251217,155500,2.88,2.88,2.85449,2.85449,166.9999999833,0
KUST.US,5,20251217,160000,2.865,2.865,2.865,2.865,343.99999996559995,0
KUST.US,5,20251217,160500,2.865,2.865,2.8503,2.8503,66.66666665999999,0
KUST.US,5,20251217,161000,2.8719,2.8719,2.8719,2.8719,166.66666665,0
KUST.US,5,20251217,161500,2.8719,2.8794,2.8719,2.8794,206.66666664599998,0
KUST.US,5,20251217,162500,2.8503,2.8647,2.8503,2.8647,66.66666665999999,0
KUST.US,5,20251217,163000,2.8503,2.8503,2.8311,2.8311,766.66666659,0
KUST.US,5,20251217,163500,2.8203,2.8203,2.7684,2.7759,922.3333332410999,0
KUST.US,5,20251217,164000,2.7606,2.7606,2.7606,2.7606,133.33333331999998,0
KUST.US,5,20251217,164500,2.7828,2.7828,2.7828,2.7828,62.6666666604,0
KUST.US,5,20251217,165000,2.7717,2.7717,2.7717,2.7717,99.99999998999999,0
KUST.US,5,20251217,170500,2.7606,2.7606,2.61,2.7,4031.3333329302,0
KUST.US,5,20251217,171000,2.6403,2.68752,2.6403,2.68752,716.6666665949999,0
KUST.US,5,20251217,171500,2.661,2.667,2.661,2.66415,99.99999998999999,0
KUST.US,5,20251217,173000,2.6736,2.6736,2.67,2.67,602.6666666064,0
KUST.US,5,20251217,173500,2.6463,2.6463,2.6463,2.6463,473.33333328599997,0
KUST.US,5,20251217,174500,2.64626,2.6463,2.64626,2.6463,158.33333331749998,0
KUST.US,5,20251217,175000,2.646,2.64615,2.646,2.646,199.99999997999998,0
KUST.US,5,20251217,180000,2.64615,2.6463,2.64,2.6415,1289.999999871,0
KUST.US,5,20251217,180500,2.64015,2.6403,2.6349,2.6349,666.6666666,0
KUST.US,5,20251217,181500,2.6262,2.6262,2.6262,2.6262,33.333333329999995,0
KUST.US,5,20251217,182500,2.6262,2.6262,2.6262,2.6262,133.33333331999998,0
KUST.US,5,20251217,183000,2.6262,2.6262,2.6262,2.6262,266.66666663999996,0
KUST.US,5,20251217,183500,2.6262,2.6262,2.6259,2.62605,1007.9999998991999,0
KUST.US,5,20251217,184000,2.6259,2.6262,2.6259,2.62605,766.66666659,0
KUST.US,5,20251217,184500,2.62617,2.62617,2.62605,2.62605,566.66666661,0
KUST.US,5,20251217,185000,2.6262,2.6262,2.6259,2.6262,138.33333331949999,0
KUST.US,5,20251217,185500,2.6259,2.6259,2.55,2.55,10397.9999989602,0
KUST.US,5,20251217,190000,2.5503,2.5503,2.55,2.55,105.66666665609999,0
KUST.US,5,20251217,190500,2.55015,2.5503,2.55015,2.5503,333.3333333,0
KUST.US,5,20251217,191000,2.5503,2.5503,2.5503,2.5503,323.6666666343,0
KUST.US,5,20251217,191500,2.646,2.646,2.646,2.646,66.66666665999999,0
KUST.US,5,20251217,192500,2.5503,2.595,2.5503,2.5512,422.66666662439997,0
KUST.US,5,20251217,193000,2.5986,2.5986,2.5986,2.5986,66.66666665999999,0
KUST.US,5,20251217,193500,2.5986,2.5986,2.5986,2.5986,66.66666665999999,0
KUST.US,5,20251217,194000,2.6277,2.6277,2.6277,2.6277,66.66666665999999,0
KUST.US,5,20251217,195000,2.61015,2.61015,2.61015,2.61015,33.333333329999995,0
KUST.US,5,20251217,195500,2.61,2.61,2.61,2.61,33.333333329999995,0
KUST.US,5,20251217,201000,2.61015,2.61015,2.61015,2.61015,33.333333329999995,0
KUST.US,5,20251217,201500,2.61015,2.61015,2.61015,2.61015,33.333333329999995,0
KUST.US,5,20251217,202000,2.6103,2.6103,2.6103,2.6103,749.999999925,0
KUST.US,5,20251217,202500,2.6103,2.6103,2.6103,2.6103,33.333333329999995,0
KUST.US,5,20251217,203500,2.61,2.6103,2.61,2.6103,217.99999997819998,0
KUST.US,5,20251217,204000,2.61,2.61,2.5923,2.601,234.9999999765,0
KUST.US,5,20251217,205000,2.5923,2.5923,2.5884,2.5884,566.66666661,0
KUST.US,5,20251217,205500,2.61,2.61,2.61,2.61,45.6666666621,0
KUST.US,5,20251217,210000,2.58,2.6397,2.58,2.6397,134.9999999865,0
KUST.US,5,20251217,211500,2.61,2.61,2.5881,2.5881,999.9999998999999,0
KUST.US,5,20251217,212000,2.5833,2.61,2.5833,2.61,233.66666664329998,0
KUST.US,5,20251217,213500,2.5833,2.5833,2.568,2.568,611.6666666054999,0
KUST.US,5,20251217,214000,2.595,2.64,2.5683,2.604,2209.999999779,0
KUST.US,5,20251217,214500,2.61696,2.6397,2.5683,2.5683,99.99999998999999,0
KUST.US,5,20251217,215000,2.5683,2.5683,2.5683,2.5683,347.6666666319,0
KUST.US,5,20251217,215500,2.568,2.5938,2.5563,2.5938,2510.9999997489,0
KUST.US,5,20251218,153000,2.55,2.56485,2.55,2.56485,199.99999997999998,0
KUST.US,5,20251218,153500,2.5794,2.5794,2.5794,2.5794,33.333333329999995,0
KUST.US,5,20251218,155000,2.5797,2.5797,2.5797,2.5797,776.3333332556999,0
KUST.US,5,20251218,160000,2.5794,2.5794,2.5794,2.5794,49.999999994999996,0
KUST.US,5,20251218,161500,2.553,2.553,2.553,2.553,275.3333333058,0
KUST.US,5,20251218,162000,2.565,2.565,2.565,2.565,33.333333329999995,0
KUST.US,5,20251218,162500,2.5533,2.5533,2.5533,2.5533,33.333333329999995,0
KUST.US,5,20251218,163500,2.5647,2.5647,2.5587,2.5587,1199.99999988,0
KUST.US,5,20251218,164000,2.5587,2.5587,2.5587,2.5587,216.666666645,0
KUST.US,5,20251218,164500,2.5536,2.5536,2.5536,2.5536,33.333333329999995,0
KUST.US,5,20251218,165000,2.5536,2.5536,2.5536,2.5536,333.3333333,0
KUST.US,5,20251218,170000,2.5794,2.5794,2.56485,2.56485,166.66666665,0
KUST.US,5,20251218,171000,2.57536,2.57536,2.57536,2.57536,499.99999994999996,0
KUST.US,5,20251218,171500,2.5647,2.5647,2.5647,2.5647,377.33333329559997,0
KUST.US,5,20251218,172500,2.55,2.55,2.55,2.55,156.66666665099999,0
KUST.US,5,20251218,173000,2.5596,2.5596,2.5596,2.5596,66.66666665999999,0
KUST.US,5,20251218,174000,2.5563,2.5587,2.553,2.553,199.99999997999998,0
KUST.US,5,20251218,174500,2.553,2.565,2.55,2.55,234.9999999765,0
KUST.US,5,20251218,175000,2.553,2.553,2.553,2.553,233.33333330999997,0
KUST.US,5,20251218,180500,2.553,2.553,2.553,2.553,399.99999995999997,0
KUST.US,5,20251218,182000,2.5587,2.5587,2.5587,2.5587,33.333333329999995,0
KUST.US,5,20251218,182500,2.5536,2.5536,2.5536,2.5536,33.333333329999995,0
KUST.US,5,20251218,183000,2.5533,2.5533,2.55,2.5533,409.33333329239997,0
KUST.US,5,20251218,183500,2.5515,2.5515,2.5515,2.5515,90.9999999909,0
KUST.US,5,20251218,184000,2.55,2.553,2.5203,2.5203,1809.9999998189999,0
KUST.US,5,20251218,185000,2.5218,2.5218,2.5218,2.5218,816.9999999183,0
KUST.US,5,20251218,190000,2.5236,2.5275,2.4642,2.475,3216.6666663449996,0
KUST.US,5,20251218,190500,2.463,2.5005,2.463,2.5005,112.6666666554,0
KUST.US,5,20251218,191000,2.4633,2.5215,2.463,2.4642,955.9999999043999,0
KUST.US,5,20251218,191500,2.4645,2.4648,2.4642,2.4642,199.99999997999998,0
KUST.US,5,20251218,193500,2.4642,2.46555,2.4642,2.46555,100.3333333233,0
KUST.US,5,20251218,194000,2.4645,2.52,2.4642,2.52,99.99999998999999,0
KUST.US,5,20251218,194500,2.49,2.49,2.4621,2.4621,474.9999999525,0
KUST.US,5,20251218,195000,2.4621,2.4684,2.4621,2.4684,227.33333331059998,0
KUST.US,5,20251218,195500,2.4654,2.4654,2.4654,2.4654,33.333333329999995,0
KUST.US,5,20251218,200000,2.4621,2.4621,2.4621,2.4621,166.66666665,0
KUST.US,5,20251218,200500,2.49,2.49,2.4624,2.4624,1133.33333322,0
KUST.US,5,20251218,201000,2.46345,2.5137,2.46345,2.5137,933.3333332399999,0
KUST.US,5,20251218,201500,2.48805,2.48805,2.48805,2.48805,33.333333329999995,0
KUST.US,5,20251218,202000,2.4621,2.4621,2.4621,2.4621,33.333333329999995,0
KUST.US,5,20251218,202500,2.4864,2.4864,2.4624,2.4744,699.99999993,0
KUST.US,5,20251218,203000,2.4621,2.4621,2.4621,2.4621,202.6666666464,0
KUST.US,5,20251218,203500,2.463,2.463,2.463,2.463,666.6666666,0
KUST.US,5,20251218,204000,2.4621,2.4621,2.4441,2.4441,267.33333330659997,0
KUST.US,5,20251218,205000,2.4597,2.4597,2.4564,2.4564,368.9999999631,0
KUST.US,5,20251218,205500,2.457,2.457,2.457,2.457,33.333333329999995,0
KUST.US,5,20251218,210000,2.454,2.454,2.454,2.454,366.66666662999995,0
KUST.US,5,20251218,210500,2.45865,2.45865,2.45865,2.45865,33.333333329999995,0
KUST.US,5,20251218,211000,2.4543,2.4585,2.4543,2.4585,266.66666663999996,0
KUST.US,5,20251218,212000,2.4543,2.4543,2.4543,2.4543,33.333333329999995,0
KUST.US,5,20251218,215000,2.4585,2.4585,2.4585,2.4585,76.99999999229999,0
KUST.US,5,20251218,215500,2.457,2.4747,2.454,2.4747,306.3333333027,0
KUST.US,5,20251219,153000,2.5203,2.5206,2.3358,2.346,16402.666665026398,0
KUST.US,5,20251219,153500,2.307,2.3073,2.3025,2.3025,114.9999999885,0
KUST.US,5,20251219,154500,2.3472,2.3472,2.256,2.2956,458.99999995409996,0
KUST.US,5,20251219,155500,2.2515,2.34,2.2515,2.2776,746.3333332587,0
KUST.US,5,20251219,160000,2.265,2.265,2.25,2.25,559.6666666107,0
KUST.US,5,20251219,160500,2.2503,2.2647,2.23485,2.23485,4519.3333328814,0
KUST.US,5,20251219,161000,2.25,2.25,2.2215,2.2215,7215.666665945099,0
KUST.US,5,20251219,161500,2.334,2.334,2.334,2.334,258.33333330749997,0
KUST.US,5,20251219,162000,2.28,2.28,2.28,2.28,99.99999998999999,0
KUST.US,5,20251219,162500,2.2638,2.2638,2.2518,2.2518,849.999999915,0
KUST.US,5,20251219,163500,2.3337,2.3337,2.2533,2.2533,1366.66666653,0
KUST.US,5,20251219,164000,2.2518,2.2518,2.2047,2.205,1063.333333227,0
KUST.US,5,20251219,164500,2.193,2.22,2.193,2.193,1766.66666649,0
KUST.US,5,20251219,165000,2.19,2.2299,2.19,2.22,1290.9999998709,0
KUST.US,5,20251219,165500,2.22,2.22,2.22,2.22,33.333333329999995,0
KUST.US,5,20251219,170000,2.23089,2.23089,2.19,2.19,520.3333332812999,0
KUST.US,5,20251219,171000,2.193,2.2212,2.193,2.2212,848.6666665818,0
KUST.US,5,20251219,171500,2.226,2.2497,2.1936,2.1936,439.66666662269995,0
KUST.US,5,20251219,172500,2.22,2.223,2.22,2.223,543.3333332789999,0
KUST.US,5,20251219,173000,2.223,2.223,2.2227,2.223,428.3333332905,0
KUST.US,5,20251219,173500,2.22075,2.22075,2.22075,2.22075,33.333333329999995,0
KUST.US,5,20251219,174000,2.2209,2.223,2.2209,2.223,325.99999996739996,0
KUST.US,5,20251219,175000,2.235,2.2353,2.2347,2.2347,368.3333332965,0
KUST.US,5,20251219,175500,2.24145,2.24145,2.24145,2.24145,166.66666665,0
KUST.US,5,20251219,180000,2.2212,2.2212,2.2212,2.2212,99.99999998999999,0
KUST.US,5,20251219,181000,2.2209,2.2209,2.2209,2.2209,226.66666664399997,0
KUST.US,5,20251219,182000,2.2212,2.2212,2.2209,2.2209,99.99999998999999,0
KUST.US,5,20251219,182500,2.2212,2.2212,2.2212,2.2212,45.333333328799995,0
KUST.US,5,20251219,183000,2.2212,2.2212,2.2212,2.2212,33.333333329999995,0
KUST.US,5,20251219,184000,2.2209,2.2209,2.1903,2.205,179.999999982,0
KUST.US,5,20251219,184500,2.2002,2.2002,2.1903,2.1903,666.6666666,0
KUST.US,5,20251219,185000,2.1903,2.1981,2.19015,2.1981,1656.6666665009998,0
KUST.US,5,20251219,185500,2.21235,2.21235,2.21235,2.21235,96.666666657,0
KUST.US,5,20251219,191000,2.2053,2.2053,2.2053,2.2053,33.333333329999995,0
KUST.US,5,20251219,192000,2.1903,2.1903,2.19,2.19,1074.6666665592,0
KUST.US,5,20251219,192500,2.19015,2.19015,2.19,2.19,199.99999997999998,0
KUST.US,5,20251219,193000,2.19015,2.19015,2.19015,2.19015,33.333333329999995,0
KUST.US,5,20251219,194500,2.19015,2.19015,2.19015,2.19015,33.333333329999995,0
KUST.US,5,20251219,200500,2.1903,2.1903,2.1903,2.1903,33.999999996599996,0
KUST.US,5,20251219,201000,2.1903,2.1903,2.1903,2.1903,66.66666665999999,0
KUST.US,5,20251219,202000,2.19,2.1903,2.19,2.1903,733.3333332599999,0
KUST.US,5,20251219,203500,2.19,2.19,2.19,2.19,263.6666666403,0
KUST.US,5,20251219,204500,2.19015,2.19015,2.19015,2.19015,66.66666665999999,0
KUST.US,5,20251219,205000,2.19015,2.19015,2.19015,2.19015,33.333333329999995,0
KUST.US,5,20251219,210500,2.1903,2.1903,2.1903,2.1903,99.99999998999999,0
KUST.US,5,20251219,211000,2.19,2.19,2.1831,2.1831,432.3333332901,0
KUST.US,5,20251219,211500,2.1681,2.1684,2.1681,2.1684,66.66666665999999,0
KUST.US,5,20251219,212000,2.1681,2.1681,2.1,2.1297,5342.6666661324,0
KUST.US,5,20251219,213500,2.1594,2.1594,2.1594,2.1594,33.333333329999995,0
KUST.US,5,20251219,215500,2.169,2.208,2.1315,2.1738,4917.9999995082,0
KUST.US,5,20251222,153000,2.4012,2.427,2.25,2.2803,5341.9999994658,0
KUST.US,5,20251222,153500,2.31,2.3466,2.28,2.3466,6251.9999993748,0
KUST.US,5,20251222,154000,2.3598,2.3697,2.3598,2.3697,5711.3333327621995,0
KUST.US,5,20251222,154500,2.3601,2.3601,2.3601,2.3601,333.3333333,0
KUST.US,5,20251222,155000,2.352,2.352,2.3118,2.3118,405.9999999594,0
KUST.US,5,20251222,155500,2.3598,2.3661,2.3598,2.3661,243.9999999756,0
KUST.US,5,20251222,160000,2.3115,2.3388,2.3115,2.3388,168.6666666498,0
KUST.US,5,20251222,160500,2.3115,2.364,2.3115,2.364,775.9999999224,0
KUST.US,5,20251222,161000,2.3694,2.3694,2.3694,2.3694,33.333333329999995,0
KUST.US,5,20251222,161500,2.3547,2.3547,2.34,2.3547,573.333333276,0
KUST.US,5,20251222,162500,2.3547,2.3694,2.3547,2.3694,219.99999997799998,0
KUST.US,5,20251222,163000,2.3691,2.37,2.355,2.3694,1503.6666665163,0
KUST.US,5,20251222,163500,2.36776,2.3694,2.355,2.355,1130.6666665536,0
KUST.US,5,20251222,164000,2.3691,2.36925,2.3691,2.36925,66.66666665999999,0
KUST.US,5,20251222,164500,2.355,2.3694,2.3523,2.3523,562.9999999437,0
KUST.US,5,20251222,170500,2.3493,2.3493,2.3493,2.3493,33.333333329999995,0
KUST.US,5,20251222,172000,2.3517,2.3517,2.3517,2.3517,66.66666665999999,0
KUST.US,5,20251222,172500,2.3511,2.3517,2.3322,2.3517,133.33333331999998,0
KUST.US,5,20251222,173000,2.352,2.352,2.352,2.352,149.66666665169998,0
KUST.US,5,20251222,174000,2.3433,2.355,2.3433,2.355,99.99999998999999,0
KUST.US,5,20251222,175000,2.3475,2.3475,2.3475,2.3475,66.66666665999999,0
KUST.US,5,20251222,180000,2.3472,2.3475,2.3361,2.3475,581.6666666085,0
KUST.US,5,20251222,181000,2.3472,2.3472,2.3472,2.3472,33.333333329999995,0
KUST.US,5,20251222,182000,2.331,2.35899,2.3307,2.35899,1773.333333156,0
KUST.US,5,20251222,183000,2.3592,2.3592,2.3529,2.3529,133.33333331999998,0
KUST.US,5,20251222,185500,2.3577,2.3577,2.3577,2.3577,33.333333329999995,0
KUST.US,5,20251222,190000,2.3421,2.3421,2.34,2.34,66.66666665999999,0
KUST.US,5,20251222,190500,2.34,2.34,2.34,2.34,130.3333333203,0
KUST.US,5,20251222,191000,2.3307,2.34765,2.3307,2.34765,66.66666665999999,0
KUST.US,5,20251222,191500,2.3256,2.3256,2.3256,2.3256,166.3333333167,0
KUST.US,5,20251222,193000,2.331,2.364,2.331,2.3589,533.3333332799999,0
KUST.US,5,20251222,193500,2.3598,2.3598,2.3595,2.3595,83.333333325,0
KUST.US,5,20251222,194500,2.361,2.37,2.3589,2.37,266.66666663999996,0
KUST.US,5,20251222,195000,2.355,2.355,2.3406,2.3406,1033.3333332299999,0
KUST.US,5,20251222,195500,2.3406,2.3406,2.3406,2.3406,79.999999992,0
KUST.US,5,20251222,200000,2.3589,2.3589,2.35515,2.35515,66.66666665999999,0
KUST.US,5,20251222,200500,2.3553,2.3553,2.355,2.355,353.33333329799996,0
KUST.US,5,20251222,201000,2.355,2.355,2.355,2.355,153.333333318,0
KUST.US,5,20251222,201500,2.37,2.37,2.3613,2.3613,231.66666664349998,0
KUST.US,5,20251222,202000,2.3601,2.3613,2.3589,2.3613,448.99999995509995,0
KUST.US,5,20251222,202500,2.3613,2.3613,2.3613,2.3613,33.333333329999995,0
KUST.US,5,20251222,204000,2.3613,2.3613,2.3613,2.3613,122.66666665439999,0
KUST.US,5,20251222,205000,2.3694,2.3694,2.3613,2.3613,385.33333329479996,0
KUST.US,5,20251222,210000,2.3613,2.3613,2.3613,2.3613,33.333333329999995,0
KUST.US,5,20251222,212000,2.3613,2.3613,2.3613,2.3613,333.3333333,0
KUST.US,5,20251222,212500,2.3613,2.3613,2.3613,2.3613,99.66666665669999,0
KUST.US,5,20251222,213000,2.3682,2.3682,2.3682,2.3682,33.333333329999995,0
KUST.US,5,20251222,214000,2.3502,2.3502,2.3502,2.3502,333.3333333,0
KUST.US,5,20251222,215000,2.346,2.3472,2.346,2.346,333.3333333,0
KUST.US,5,20251222,215500,2.364,2.3667,2.3472,2.3667,2031.6666664635,0
KUST.US,5,20251223,153000,2.3655,2.4,2.34,2.37,5265.9999994734,0
KUST.US,5,20251223,154500,2.3379,2.3379,2.3118,2.3121,1164.6666665502,0
KUST.US,5,20251223,160500,2.3142,2.3145,2.2935,2.2935,2113.6666664553,0
KUST.US,5,20251223,161000,2.2608,2.2608,2.2608,2.2608,66.66666665999999,0
KUST.US,5,20251223,161500,2.2608,2.2608,2.2608,2.2608,33.333333329999995,0
KUST.US,5,20251223,162500,2.2935,2.3019,2.2935,2.3019,666.6666666,0
KUST.US,5,20251223,163500,2.2611,2.2947,2.2611,2.2947,132.9999999867,0
KUST.US,5,20251223,170000,2.295,2.295,2.295,2.295,133.33333331999998,0
KUST.US,5,20251223,170500,2.2935,2.2935,2.2935,2.2935,99.99999998999999,0
KUST.US,5,20251223,171000,2.2881,2.2881,2.2881,2.2881,259.999999974,0
KUST.US,5,20251223,171500,2.2935,2.2935,2.2935,2.2935,33.333333329999995,0
KUST.US,5,20251223,172500,2.295,2.295,2.2794,2.2794,316.66666663499996,0
KUST.US,5,20251223,173000,2.2947,2.2947,2.2947,2.2947,233.33333330999997,0
KUST.US,5,20251223,173500,2.2779,2.2863,2.2779,2.2812,588.6666666077999,0
KUST.US,5,20251223,174000,2.2779,2.2833,2.2608,2.2608,166.66666665,0
KUST.US,5,20251223,175000,2.2779,2.2779,2.2779,2.2779,66.66666665999999,0
KUST.US,5,20251223,182000,2.28,2.28,2.2779,2.2779,166.66666665,0
KUST.US,5,20251223,183500,2.2704,2.2704,2.2704,2.2704,33.333333329999995,0
KUST.US,5,20251223,185000,2.2653,2.2701,2.2653,2.2698,499.99999994999996,0
KUST.US,5,20251223,185500,2.2689,2.2689,2.2608,2.2608,330.33333330029996,0
KUST.US,5,20251223,190000,2.2596,2.2596,2.2596,2.2596,33.333333329999995,0
KUST.US,5,20251223,192500,2.25,2.25,2.25,2.25,466.66666661999994,0
KUST.US,5,20251223,193000,2.2545,2.2545,2.2545,2.2545,79.33333332539999,0
KUST.US,5,20251223,194500,2.2545,2.2587,2.2545,2.2587,809.6666665857,0
KUST.US,5,20251223,195000,2.25,2.25,2.25,2.25,333.3333333,0
KUST.US,5,20251223,202500,2.2587,2.259,2.2503,2.2503,266.66666663999996,0
KUST.US,5,20251223,205000,2.2503,2.2503,2.22,2.22,3591.9999996407996,0
KUST.US,5,20251223,212000,2.2563,2.2593,2.2464,2.2524,1083.9999998915998,0
KUST.US,5,20251223,212500,2.259,2.259,2.259,2.259,33.333333329999995,0
KUST.US,5,20251223,213500,2.2365,2.2365,2.2365,2.2365,210.66666664559997,0
KUST.US,5,20251223,214500,2.2581,2.2587,2.2476,2.25867,399.99999995999997,0
KUST.US,5,20251223,215500,2.2563,2.2587,2.2485,2.2587,652.9999999347,0
KUST.US,5,20251224,153000,2.2206,2.25,2.2206,2.25,540.6666666126,0
KUST.US,5,20251224,153500,2.292,2.31889,2.292,2.31889,99.99999998999999,0
KUST.US,5,20251224,154500,2.2503,2.2503,2.2503,2.2503,133.33333331999998,0
KUST.US,5,20251224,155000,2.26666,2.26666,2.26666,2.26666,83.333333325,0
KUST.US,5,20251224,155500,2.25,2.25,2.25,2.25,64.9999999935,0
KUST.US,5,20251224,160000,2.23456,2.23456,2.23456,2.23456,66.66666665999999,0
KUST.US,5,20251224,160500,2.271,2.271,2.24625,2.271,1999.9999997999998,0
KUST.US,5,20251224,161000,2.271,2.2869,2.25,2.2869,5060.6666661606,0
KUST.US,5,20251224,164500,2.2218,2.2218,2.2218,2.2218,666.6666666,0
KUST.US,5,20251224,165000,2.2902,2.295,2.26725,2.26725,1038.3333332294999,0
KUST.US,5,20251224,170000,2.265,2.265,2.25,2.25,693.9999999306,0
KUST.US,5,20251224,170500,2.2503,2.2503,2.2503,2.2503,244.66666664219997,0
KUST.US,5,20251224,173000,2.2725,2.2725,2.2518,2.265,333.3333333,0
KUST.US,5,20251224,173500,2.2551,2.2896,2.25,2.25,903.9999999096,0
KUST.US,5,20251224,174000,2.2698,2.2698,2.2698,2.2698,152.3333333181,0
KUST.US,5,20251224,174500,2.2608,2.2608,2.25,2.25,330.33333330029996,0
KUST.US,5,20251224,175000,2.2215,2.2215,2.2215,2.2215,168.3333333165,0
KUST.US,5,20251224,175500,2.2497,2.2497,2.22,2.22,291.6666666375,0
KUST.US,5,20251224,180500,2.214,2.2308,2.214,2.2308,366.66666662999995,0
KUST.US,5,20251224,181000,2.1906,2.22615,2.1906,2.2215,546.666666612,0
KUST.US,5,20251224,181500,2.2281,2.22825,2.2215,2.2215,233.33333330999997,0
KUST.US,5,20251224,182000,2.2167,2.2167,2.2167,2.2167,33.333333329999995,0
KUST.US,5,20251224,182500,2.20245,2.20245,2.20245,2.20245,89.999999991,0
KUST.US,5,20251224,183500,2.2005,2.2104,2.2005,2.2104,99.99999998999999,0
KUST.US,5,20251224,184500,2.2104,2.2107,2.205,2.205,1535.3333331797999,0
KUST.US,5,20251224,185000,2.20815,2.2122,2.208,2.2122,693.333333264,0
KUST.US,5,20251224,185500,2.2122,2.2497,2.208,2.2482,736.666666593,0
KUST.US,5,20251224,190000,2.2497,2.2497,2.2497,2.2497,305.6666666361,0
KUST.US,5,20251226,153000,2.25,2.25,2.184,2.2224,1628.6666665038,0
KUST.US,5,20251226,155500,2.19,2.226,2.1465,2.1465,708.6666665957999,0
KUST.US,5,20251226,160000,2.1786,2.1786,2.1312,2.1786,599.99999994,0
KUST.US,5,20251226,160500,2.1786,2.1786,2.1786,2.1786,366.66666662999995,0
KUST.US,5,20251226,161500,2.1423,2.1426,2.1312,2.1411,933.3333332399999,0
KUST.US,5,20251226,162000,2.1966,2.2029,2.1384,2.1384,1220.6666665445998,0
KUST.US,5,20251226,162500,2.1384,2.1936,2.115,2.1564,2228.9999997770997,0
KUST.US,5,20251226,163000,2.2107,2.2107,2.1795,2.1795,99.99999998999999,0
KUST.US,5,20251226,171000,2.1621,2.1621,2.1621,2.1621,33.333333329999995,0
KUST.US,5,20251226,171500,2.1795,2.1795,2.1795,2.1795,66.66666665999999,0
KUST.US,5,20251226,173500,2.19,2.19,2.19,2.19,89.999999991,0
KUST.US,5,20251226,174500,2.25,2.25,2.25,2.25,299.99999997,0
KUST.US,5,20251226,175000,2.1792,2.19,2.1681,2.19,576.666666609,0
KUST.US,5,20251226,181000,2.1363,2.1363,2.13,2.13,333.3333333,0
KUST.US,5,20251226,181500,2.13,2.13,2.1156,2.1156,475.99999995239995,0
KUST.US,5,20251226,182000,2.12287,2.1303,2.1183,2.1303,4432.9999995567,0
KUST.US,5,20251226,183500,2.16,2.16,2.16,2.16,2166.66666645,0
KUST.US,5,20251226,194000,2.1315,2.1315,2.1315,2.1315,66.66666665999999,0
KUST.US,5,20251226,194500,2.157,2.16,2.145,2.154,247.66666664189998,0
KUST.US,5,20251226,201000,2.16,2.16,2.16,2.16,33.333333329999995,0
KUST.US,5,20251226,202500,2.1465,2.148,2.1465,2.148,133.33333331999998,0
KUST.US,5,20251226,204500,2.1417,2.1483,2.1417,2.1483,204.9999999795,0
KUST.US,5,20251226,211000,2.1525,2.16,2.13,2.13,399.99999995999997,0
KUST.US,5,20251226,211500,2.142,2.142,2.142,2.142,33.333333329999995,0
KUST.US,5,20251226,212000,2.1423,2.1423,2.142,2.142,66.66666665999999,0
KUST.US,5,20251226,214500,2.145,2.1927,2.145,2.19,13433.33333199,0
KUST.US,5,20251226,215500,2.2095,2.2095,2.2095,2.2095,301.3333333032,0
KUST.US,5,20251229,153000,2.25,2.25,2.229,2.229,2290.3333331043,0
KUST.US,5,20251229,153500,2.1423,2.1423,2.1423,2.1423,37.333333329599995,0
KUST.US,5,20251229,154500,2.18085,2.18085,2.18085,2.18085,73.333333326,0
KUST.US,5,20251229,155500,2.1615,2.1615,2.1615,2.1615,33.333333329999995,0
KUST.US,5,20251229,160000,2.1552,2.1597,2.145,2.1597,233.33333330999997,0
KUST.US,5,20251229,160500,2.1423,2.1504,2.1423,2.1504,89.66666665769999,0
KUST.US,5,20251229,161000,2.1336,2.1336,2.1336,2.1336,33.333333329999995,0
KUST.US,5,20251229,162000,2.13,2.13,2.13,2.13,76.666666659,0
KUST.US,5,20251229,162500,2.13,2.13,2.13,2.13,333.3333333,0
KUST.US,5,20251229,163000,2.1198,2.1294,2.112,2.112,316.66666663499996,0
KUST.US,5,20251229,164000,2.1009,2.1009,2.1009,2.1009,333.3333333,0
KUST.US,5,20251229,164500,2.142,2.1474,2.103,2.13,4191.3333329142,0
KUST.US,5,20251229,165000,2.14485,2.1597,2.13,2.13,3360.9999996639,0
KUST.US,5,20251229,165500,2.13,2.1369,2.13,2.13,967.3333332366,0
KUST.US,5,20251229,170000,2.1,2.1,2.1,2.1,137.99999998619998,0
KUST.US,5,20251229,170500,2.1219,2.1219,2.1219,2.1219,381.66666662849997,0
KUST.US,5,20251229,171000,2.1219,2.1219,2.1219,2.1219,33.333333329999995,0
KUST.US,5,20251229,175000,2.1219,2.1219,2.1201,2.1201,136.666666653,0
KUST.US,5,20251229,180000,2.1219,2.1219,2.1219,2.1219,111.9999999888,0
KUST.US,5,20251229,181000,2.1168,2.1168,2.1168,2.1168,105.66666665609999,0
KUST.US,5,20251229,192500,2.1153,2.1153,2.1153,2.1153,123.99999998759999,0
KUST.US,5,20251229,193500,2.118,2.124,2.118,2.124,304.3333333029,0
KUST.US,5,20251229,200500,2.1222,2.1222,2.1222,2.1222,620.6666666046,0
KUST.US,5,20251229,203000,2.1003,2.1003,2.1003,2.1003,999.9999998999999,0
KUST.US,5,20251229,203500,2.109,2.109,2.0865,2.0865,1026.666666564,0
KUST.US,5,20251229,204000,2.085,2.085,2.085,2.085,333.3333333,0
KUST.US,5,20251229,204500,2.07,2.07,2.07,2.07,33.333333329999995,0
KUST.US,5,20251229,210500,2.07,2.07,2.07,2.07,1566.66666651,0
KUST.US,5,20251229,211000,2.0602,2.0655,2.05485,2.0655,2563.3333330769997,0
KUST.US,5,20251229,212000,2.0697,2.0778,2.0697,2.0778,3792.3333329540997,0
KUST.US,5,20251229,212500,2.0712,2.0808,2.0616,2.0778,1366.66666653,0
KUST.US,5,20251229,213000,2.0616,2.0616,2.0616,2.0616,166.66666665,0
KUST.US,5,20251229,214500,2.091,2.091,2.091,2.091,66.66666665999999,0
KUST.US,5,20251229,215500,2.0622,2.0847,2.0616,2.0844,1195.3333332138,0
KUST.US,5,20251230,153000,1.98,1.99665,1.85349,1.85349,16876.666664979,0
KUST.US,5,20251230,154000,1.9452,1.98,1.89945,1.98,461.3333332872,0
KUST.US,5,20251230,154500,2.064,2.064,2.007,2.007,209.999999979,0
KUST.US,5,20251230,155500,2.0073,2.0238,1.9917,2.001,2403.333333093,0
KUST.US,5,20251230,160000,1.9965,2.0427,1.9965,2.0427,212.6666666454,0
KUST.US,5,20251230,161000,1.9737,1.992,1.9737,1.992,231.33333331019998,0
KUST.US,5,20251230,162000,2.0076,2.01,2.0076,2.0091,605.6666666061,0
KUST.US,5,20251230,162500,2.0097,2.01,2.0097,2.01,149.999999985,0
KUST.US,5,20251230,163000,1.995,1.995,1.995,1.995,333.3333333,0
KUST.US,5,20251230,164000,2.0031,2.0031,2.0031,2.0031,33.333333329999995,0
KUST.US,5,20251230,165000,2.0037,2.0145,2.0028,2.004,1376.9999998623,0
KUST.US,5,20251230,165500,2.0247,2.04,2.0247,2.04,993.9999999006,0
KUST.US,5,20251230,170500,2.004,2.0325,2.004,2.0325,1156.666666551,0
KUST.US,5,20251230,172500,2.07,2.07,2.037,2.037,2283.6666664382997,0
KUST.US,5,20251230,173000,2.004,2.0565,2.004,2.0565,3155.3333330177998,0
KUST.US,5,20251230,173500,2.0658,2.0697,2.0565,2.0565,6772.6666659894,0
KUST.US,5,20251230,174000,2.0403,2.0481,2.04,2.0481,880.6666665785999,0
KUST.US,5,20251230,174500,2.0043,2.0382,2.0043,2.0382,370.3333332963,0
KUST.US,5,20251230,180000,2.0697,2.0697,2.0697,2.0697,83.333333325,0
KUST.US,5,20251230,183500,2.0697,2.0697,2.0697,2.0697,33.333333329999995,0
KUST.US,5,20251230,185500,2.037,2.037,2.037,2.037,38.6666666628,0
KUST.US,5,20251230,190500,2.05112,2.05112,2.05112,2.05112,333.3333333,0
KUST.US,5,20251230,192000,2.0685,2.0685,2.0685,2.0685,33.333333329999995,0
KUST.US,5,20251230,193000,2.004,2.004,2.004,2.004,845.3333332487999,0
KUST.US,5,20251230,194000,2.03685,2.03685,2.0307,2.03093,1093.333333224,0
KUST.US,5,20251230,200000,2.0049,2.0049,2.0049,2.0049,66.66666665999999,0
KUST.US,5,20251230,200500,2.06116,2.06116,2.06116,2.06116,119.999999988,0
KUST.US,5,20251230,202000,2.0664,2.0664,2.0043,2.0043,506.666666616,0
KUST.US,5,20251230,202500,2.0043,2.03685,2.0043,2.03685,999.9999998999999,0
KUST.US,5,20251230,204000,2.04,2.04,2.004,2.0367,2366.6666664299996,0
KUST.US,5,20251230,205500,2.03685,2.0673,2.01,2.05575,5013.3333328319995,0
KUST.US,5,20251230,210500,2.0364,2.0364,2.0364,2.0364,333.3333333,0
KUST.US,5,20251230,212000,2.0397,2.04,2.0394,2.0394,657.6666666008999,0
KUST.US,5,20251230,213500,2.055,2.055,2.055,2.055,83.333333325,0
KUST.US,5,20251230,215000,2.0046,2.0172,2.0046,2.0046,2198.6666664468,0
KUST.US,5,20251230,215500,2.0046,2.0205,2.0046,2.0205,345.33333329879997,0
KUST.US,5,20251231,153000,1.9509,1.9509,1.9509,1.9509,49.999999994999996,0
KUST.US,5,20251231,153500,1.923,1.923,1.923,1.923,333.3333333,0
KUST.US,5,20251231,154000,1.9218,1.9218,1.9218,1.9218,44.3333333289,0
KUST.US,5,20251231,155000,1.93515,1.95,1.8903,1.8903,354.6666666312,0
KUST.US,5,20251231,155500,1.9797,1.9797,1.9797,1.9797,327.9999999672,0
KUST.US,5,20251231,160000,1.98,1.98,1.89658,1.89658,133.33333331999998,0
KUST.US,5,20251231,160500,1.93515,1.93515,1.923,1.923,140.33333331929998,0
KUST.US,5,20251231,161000,1.95,1.95,1.93815,1.93815,77.3333333256,0
KUST.US,5,20251231,164000,1.98,1.98,1.98,1.98,333.3333333,0
KUST.US,5,20251231,164500,1.8966,1.8966,1.8966,1.8966,333.3333333,0
KUST.US,5,20251231,165000,1.902,1.9797,1.89645,1.9629,2241.3333331092,0
KUST.US,5,20251231,165500,1.92,1.92,1.92,1.92,59.999999994,0
KUST.US,5,20251231,170500,1.899,1.899,1.809,1.8609,11615.999998838399,0
KUST.US,5,20251231,171500,1.92,1.92,1.92,1.92,33.333333329999995,0
KUST.US,5,20251231,172000,1.9797,1.9797,1.8606,1.8606,652.6666666013999,0
KUST.US,5,20251231,172500,1.8606,1.8606,1.8606,1.8606,75.66666665909999,0
KUST.US,5,20251231,174000,1.8996,1.8996,1.8996,1.8996,133.33333331999998,0
KUST.US,5,20251231,174500,1.9224,1.98,1.9224,1.98,88.6666666578,0
KUST.US,5,20251231,175000,1.98,1.98,1.98,1.98,499.99999994999996,0
KUST.US,5,20251231,175500,1.92,1.9245,1.92,1.9245,299.99999997,0
KUST.US,5,20251231,182000,1.8693,1.872,1.8693,1.8693,638.9999999360999,0
KUST.US,5,20251231,182500,1.875,1.9245,1.875,1.9245,139.3333333194,0
KUST.US,5,20251231,183000,1.875,1.9245,1.8692,1.8692,3109.6666663557,0
KUST.US,5,20251231,184500,1.872,1.9797,1.86945,1.9797,3033.3333330299997,0
KUST.US,5,20251231,185000,1.89033,1.89033,1.89033,1.89033,119.999999988,0
KUST.US,5,20251231,190000,1.92,1.92,1.92,1.92,633.3333332699999,0
KUST.US,5,20251231,192000,1.92,1.92,1.92,1.92,833.3333332499999,0
KUST.US,5,20251231,194500,1.8774,1.8774,1.8774,1.8774,143.333333319,0
KUST.US,5,20251231,200500,1.9062,1.9062,1.9062,1.9062,91.66666665749999,0
KUST.US,5,20251231,201500,1.92,1.92,1.92,1.92,33.333333329999995,0
KUST.US,5,20251231,205000,1.9044,1.9044,1.9044,1.9044,33.333333329999995,0
KUST.US,5,20251231,211000,1.8885,1.8885,1.8885,1.8885,33.333333329999995,0
KUST.US,5,20251231,211500,1.8693,1.8924,1.869,1.8924,2716.3333330616997,0
KUST.US,5,20251231,212000,1.89,1.89,1.89,1.89,1028.3333332304999,0
KUST.US,5,20251231,212500,1.8756,1.8924,1.872,1.8756,1722.3333331611,0
KUST.US,5,20251231,213000,1.8921,1.8921,1.8921,1.8921,33.333333329999995,0
KUST.US,5,20251231,213500,1.8837,1.8837,1.8795,1.8795,522.3333332811,0
KUST.US,5,20251231,214000,1.87185,1.902,1.87185,1.902,905.9999999093999,0
KUST.US,5,20251231,214500,1.8738,1.875,1.8738,1.875,99.99999998999999,0
KUST.US,5,20251231,215000,1.8735,1.878,1.8732,1.8756,2600.6666664065997,0
KUST.US,5,20251231,215500,1.8735,1.8777,1.8699,1.8753,2424.6666664242,0
KUST.US,5,20260102,153000,1.8603,1.9041,1.83,1.8303,5827.6666660839,0
KUST.US,5,20260102,153500,1.8303,1.8303,1.8303,1.8303,316.66666663499996,0
KUST.US,5,20260102,154000,1.8549,1.8549,1.8372,1.8372,1033.3333332299999,0
KUST.US,5,20260102,154500,1.8597,1.8597,1.8303,1.8303,9499.99999905,0
KUST.US,5,20260102,155000,1.85967,1.85967,1.85967,1.85967,162.6666666504,0
KUST.US,5,20260102,155500,1.86,1.86,1.86,1.86,502.6666666164,0
KUST.US,5,20260102,160000,1.869,1.869,1.869,1.869,2166.66666645,0
KUST.US,5,20260102,160500,1.89,1.89,1.8786,1.8786,358.33333329749996,0
KUST.US,5,20260102,161000,1.89,1.92,1.89,1.92,2601.3333330732,0
KUST.US,5,20260102,161500,1.8525,1.92,1.8525,1.92,1180.9999998818998,0
KUST.US,5,20260102,163000,1.905,1.92,1.905,1.92,199.99999997999998,0
KUST.US,5,20260102,164000,1.92,1.92,1.92,1.92,99.99999998999999,0
KUST.US,5,20260102,165000,1.92,1.92,1.92,1.92,66.66666665999999,0
KUST.US,5,20260102,170000,1.905,1.92,1.905,1.92,999.9999998999999,0
KUST.US,5,20260102,170500,1.92,1.92,1.92,1.92,33.333333329999995,0
KUST.US,5,20260102,172000,1.92,1.92,1.92,1.92,66.66666665999999,0
KUST.US,5,20260102,172500,1.92,1.92,1.92,1.92,1333.3333332,0
KUST.US,5,20260102,173000,1.92,1.92,1.92,1.92,138.33333331949999,0
KUST.US,5,20260102,173500,1.9797,1.9797,1.9797,1.9797,33.333333329999995,0
KUST.US,5,20260102,174000,1.94355,1.94355,1.94355,1.94355,1666.6666664999998,0
KUST.US,5,20260102,175000,1.94355,1.9797,1.94355,1.9797,99.99999998999999,0
KUST.US,5,20260102,180000,1.94355,1.94355,1.94355,1.94355,429.3333332904,0
KUST.US,5,20260102,180500,1.95667,1.95667,1.95667,1.95667,83.333333325,0
KUST.US,5,20260102,181000,1.9566,1.96542,1.9566,1.96542,411.3333332922,0
KUST.US,5,20260102,181500,1.9437,1.98,1.9437,1.98,418.9999999581,0
KUST.US,5,20260102,182000,1.965,1.965,1.965,1.965,333.3333333,0
KUST.US,5,20260102,182500,1.9437,1.9437,1.9437,1.9437,337.9999999662,0
KUST.US,5,20260102,183000,1.971,1.971,1.971,1.971,33.333333329999995,0
KUST.US,5,20260102,184000,1.9722,1.9722,1.9722,1.9722,166.66666665,0
KUST.US,5,20260102,184500,1.95,1.9575,1.95,1.95,602.3333332730999,0
KUST.US,5,20260102,185000,1.9536,1.9575,1.9536,1.9575,160.3333333173,0
KUST.US,5,20260102,190000,1.9536,1.9536,1.9536,1.9536,233.33333330999997,0
KUST.US,5,20260102,190500,1.9536,1.9536,1.9536,1.9536,33.333333329999995,0
KUST.US,5,20260102,191500,1.9203,1.9278,1.9203,1.9278,1020.9999998978999,0
KUST.US,5,20260102,192000,1.9203,1.9236,1.9203,1.9236,338.9999999661,0
KUST.US,5,20260102,200000,1.9258,1.9536,1.9218,1.9359,529.3333332804,0
KUST.US,5,20260102,201000,1.9218,1.9245,1.9218,1.9218,662.6666666003999,0
KUST.US,5,20260102,201500,1.9218,1.9293,1.92165,1.92165,889.6666665777,0
KUST.US,5,20260102,203000,1.9218,1.9218,1.92165,1.9218,166.66666665,0
KUST.US,5,20260102,203500,1.9218,1.9218,1.9218,1.9218,166.66666665,0
KUST.US,5,20260102,205000,1.9218,1.9218,1.9218,1.9218,166.66666665,0
KUST.US,5,20260102,205500,1.9218,1.9218,1.92165,1.92165,66.66666665999999,0
KUST.US,5,20260102,210500,1.9218,1.9218,1.9218,1.9218,109.99999998899999,0
KUST.US,5,20260102,211500,1.9218,1.9248,1.9218,1.9248,1106.6666665559999,0
KUST.US,5,20260102,213000,1.93605,1.93605,1.93605,1.93605,349.999999965,0
KUST.US,5,20260102,213500,1.94443,1.94443,1.9425,1.9425,590.3333332743,0
KUST.US,5,20260102,214000,1.947,1.9575,1.947,1.9575,191.3333333142,0
KUST.US,5,20260102,215500,1.9575,1.986,1.9575,1.986,934.3333332399,0
KUST.US,5,20260105,153000,2.1,2.16,2.019,2.085,4084.9999995914995,0
KUST.US,5,20260105,153500,2.043,2.043,2.04,2.04,333.3333333,0
KUST.US,5,20260105,155500,2.07,2.16,2.07,2.1486,800.3333332533,0
KUST.US,5,20260105,160000,2.115,2.115,2.115,2.115,101.99999998979999,0
KUST.US,5,20260105,160500,2.1375,2.1375,2.13,2.13,213.66666664529998,0
KUST.US,5,20260105,161000,2.115,2.115,2.115,2.115,33.333333329999995,0
KUST.US,5,20260105,161500,2.1597,2.1597,2.115,2.1396,2479.3333330853998,0
KUST.US,5,20260105,162000,2.1354,2.1505,2.1354,2.1505,66.66666665999999,0
KUST.US,5,20260105,163000,2.16,2.16,2.157,2.157,1483.333333185,0
KUST.US,5,20260105,163500,2.1606,2.17515,2.1606,2.17515,1371.3333331961999,0
KUST.US,5,20260105,164000,2.1666,2.1753,2.1603,2.1753,1300.3333332032998,0
KUST.US,5,20260105,164500,2.1609,2.1753,2.1609,2.1706,5482.6666661184,0
KUST.US,5,20260105,165000,2.1753,2.19,2.1753,2.19,1499.99999985,0
KUST.US,5,20260105,165500,2.1897,2.19,2.1897,2.19,536.3333332797,0
KUST.US,5,20260105,170000,2.2254,2.2254,2.2182,2.2254,407.99999995919995,0
KUST.US,5,20260105,170500,2.25,2.25,2.2107,2.2107,307.66666663589996,0
KUST.US,5,20260105,171000,2.25,2.25,2.2335,2.2335,1499.99999985,0
KUST.US,5,20260105,171500,2.2497,2.2497,2.2497,2.2497,128.99999998709998,0
KUST.US,5,20260105,172000,2.2497,2.25,2.2344,2.2344,533.3333332799999,0
KUST.US,5,20260105,173000,2.2305,2.2305,2.2077,2.22,4666.6666662,0
KUST.US,5,20260105,173500,2.1903,2.2215,2.19,2.2215,1279.999999872,0
KUST.US,5,20260105,174000,2.19,2.2239,2.1684,2.2239,699.99999993,0
KUST.US,5,20260105,175000,2.2029,2.2029,2.1465,2.2029,1376.666666529,0
KUST.US,5,20260105,175500,2.20305,2.20305,2.20305,2.20305,34.6666666632,0
KUST.US,5,20260105,180000,2.148,2.148,2.148,2.148,33.333333329999995,0
KUST.US,5,20260105,180500,2.1465,2.1864,2.1465,2.1864,2333.3333331,0
KUST.US,5,20260105,182500,2.1471,2.1744,2.1471,2.1744,1199.99999988,0
KUST.US,5,20260105,183500,2.199,2.199,2.199,2.199,333.3333333,0
KUST.US,5,20260105,184000,2.19,2.2104,2.16,2.1759,4652.3333328681,0
KUST.US,5,20260105,184500,2.19,2.19,2.1462,2.175,729.3333332604,0
KUST.US,5,20260105,185000,2.25,2.25,2.25,2.25,214.9999999785,0
KUST.US,5,20260105,190500,2.1525,2.1525,2.115,2.115,99.99999998999999,0
KUST.US,5,20260105,191000,2.1156,2.1156,2.1156,2.1156,1086.3333332247,0
KUST.US,5,20260105,192500,2.1171,2.1177,2.1168,2.1168,666.6666666,0
KUST.US,5,20260105,193000,2.1168,2.1168,2.1,2.1,2561.6666664105,0
KUST.US,5,20260105,195000,2.1003,2.1003,2.1003,2.1003,33.333333329999995,0
KUST.US,5,20260105,195500,2.106,2.193,2.106,2.193,1113.333333222,0
KUST.US,5,20260105,200000,2.106,2.106,2.106,2.106,33.333333329999995,0
KUST.US,5,20260105,200500,2.13,2.13,2.106,2.106,286.666666638,0
KUST.US,5,20260105,203500,2.18715,2.2041,2.18715,2.2041,129.999999987,0
KUST.US,5,20260105,205000,2.1303,2.2407,2.1303,2.2407,117.99999998819999,0
KUST.US,5,20260105,210500,2.1624,2.1624,2.14575,2.14575,283.9999999716,0
KUST.US,5,20260105,211000,2.1303,2.1303,2.1303,2.1303,699.99999993,0
KUST.US,5,20260105,211500,2.106,2.106,2.1,2.1,524.9999999475,0
KUST.US,5,20260105,212000,2.1609,2.1609,2.1,2.1306,1468.6666665198,0
KUST.US,5,20260105,212500,2.1306,2.1306,2.1006,2.1006,166.66666665,0
KUST.US,5,20260105,213000,2.124,2.124,2.124,2.124,99.99999998999999,0
KUST.US,5,20260105,213500,2.1303,2.1303,2.1,2.1,133.33333331999998,0
KUST.US,5,20260106,153000,2.043,2.0697,1.9863,2.0697,1763.9999998235999,0
KUST.US,5,20260106,153500,2.0637,2.0637,1.9836,1.9836,3605.6666663060996,0
KUST.US,5,20260106,154000,2.03055,2.03055,2.01,2.01,109.99999998899999,0
KUST.US,5,20260106,154500,2.0409,2.0409,1.9803,1.9803,126.666666654,0
KUST.US,5,20260106,155000,2.0103,2.0103,2.0103,2.0103,33.333333329999995,0
KUST.US,5,20260106,155500,2.0106,2.016,1.9575,1.9629,4380.6666662286,0
KUST.US,5,20260106,160000,1.9626,2.007,1.95,1.95,3008.3333330325,0
KUST.US,5,20260106,160500,1.95,1.959,1.9113,1.959,11879.3333321454,0
KUST.US,5,20260106,161500,2.025,2.025,2.025,2.025,66.66666665999999,0
KUST.US,5,20260106,162000,2.01,2.01,2.0037,2.0037,66.66666665999999,0
KUST.US,5,20260106,163500,2.04,2.04,2.04,2.04,133.33333331999998,0
KUST.US,5,20260106,164000,2.01,2.01,2.01,2.01,266.66666663999996,0
KUST.US,5,20260106,164500,1.9842,1.9842,1.9842,1.9842,33.333333329999995,0
KUST.US,5,20260106,165000,1.9842,1.9842,1.9842,1.9842,499.99999994999996,0
KUST.US,5,20260106,165500,2.01,2.01,2.01,2.01,33.333333329999995,0
KUST.US,5,20260106,170000,2.0364,2.0394,2.0157,2.0157,813.9999999186,0
KUST.US,5,20260106,170500,2.04,2.04,2.04,2.04,158.33333331749998,0
KUST.US,5,20260106,171500,2.0565,2.0997,2.0565,2.0997,2457.9999997542,0
KUST.US,5,20260106,172500,2.1153,2.1264,2.115,2.1264,934.3333332399,0
KUST.US,5,20260106,173000,2.13,2.13,2.124,2.13,1666.6666664999998,0
KUST.US,5,20260106,173500,2.127,2.127,2.127,2.127,38.3333333295,0
KUST.US,5,20260106,174000,2.127,2.127,2.127,2.127,314.9999999685,0
KUST.US,5,20260106,174500,2.13,2.172,2.13,2.172,1444.6666665221999,0
KUST.US,5,20260106,175000,2.1747,2.1747,2.1747,2.1747,33.333333329999995,0
KUST.US,5,20260106,175500,2.1747,2.1975,2.1747,2.1975,366.3333332967,0
KUST.US,5,20260106,180000,2.223,2.223,2.2026,2.2026,399.99999995999997,0
KUST.US,5,20260106,180500,2.2353,2.2965,2.2209,2.2863,2268.6666664398,0
KUST.US,5,20260106,181000,2.2656,2.2656,2.2218,2.2221,1090.9999998909,0
KUST.US,5,20260106,181500,2.22,2.22,2.2197,2.2197,665.9999999334,0
KUST.US,5,20260106,182000,2.20485,2.20485,2.20485,2.20485,199.99999997999998,0
KUST.US,5,20260106,182500,2.20485,2.205,2.19,2.193,1699.99999983,0
KUST.US,5,20260106,183500,2.23497,2.23497,2.23497,2.23497,33.333333329999995,0
KUST.US,5,20260106,184000,2.22,2.22,2.22,2.22,81.3333333252,0
KUST.US,5,20260106,184500,2.2125,2.22,2.1909,2.1927,685.9999999314,0
KUST.US,5,20260106,191500,2.21932,2.21932,2.21932,2.21932,44.666666662199994,0
KUST.US,5,20260106,192000,2.22,2.274,2.22,2.274,1399.3333331934,0
KUST.US,5,20260106,192500,2.2611,2.2611,2.2611,2.2611,333.3333333,0
KUST.US,5,20260106,193000,2.271,2.271,2.2518,2.2518,1833.3333331499998,0
KUST.US,5,20260106,194000,2.26155,2.26155,2.26155,2.26155,333.3333333,0
KUST.US,5,20260106,194500,2.2617,2.2617,2.2521,2.2524,855.3333332477999,0
KUST.US,5,20260106,195000,2.268,2.271,2.2524,2.271,1057.3333332276,0
KUST.US,5,20260106,200000,2.2578,2.2578,2.166,2.223,3301.3333330031996,0
KUST.US,5,20260106,200500,2.2665,2.2665,2.2665,2.2665,66.66666665999999,0
KUST.US,5,20260106,201000,2.2488,2.2488,2.2266,2.2266,499.99999994999996,0
KUST.US,5,20260106,202000,2.226,2.226,2.226,2.226,33.333333329999995,0
KUST.US,5,20260106,203500,2.2251,2.2251,2.2182,2.2182,399.99999995999997,0
KUST.US,5,20260106,204000,2.22,2.22,2.22,2.22,33.333333329999995,0
KUST.US,5,20260106,205000,2.2038,2.2038,2.2038,2.2038,33.333333329999995,0
KUST.US,5,20260106,210500,2.20395,2.20395,2.20395,2.20395,166.66666665,0
KUST.US,5,20260106,211000,2.20395,2.20395,2.20395,2.20395,225.3333333108,0
KUST.US,5,20260106,211500,2.21055,2.21055,2.19,2.19,844.6666665821999,0
KUST.US,5,20260106,212000,2.214,2.214,2.16,2.1786,1289.3333332043999,0
KUST.US,5,20260106,212500,2.20365,2.217,2.20365,2.217,66.66666665999999,0
KUST.US,5,20260106,213500,2.1603,2.28,2.1603,2.28,18683.333331464997,0
KUST.US,5,20260106,214000,2.28,2.28,2.28,2.28,777.3333332556,0
KUST.US,5,20260106,215500,2.2746,2.2746,2.2494,2.274,950.9999999048999,0
KUST.US,5,20260107,153000,2.2707,2.313,2.193,2.2026,1858.6666664808,0
KUST.US,5,20260107,153500,2.22885,2.22885,2.217,2.2206,724.3333332609,0
KUST.US,5,20260107,154000,2.2206,2.2206,2.2071,2.2071,2597.6666664069,0
KUST.US,5,20260107,154500,2.20695,2.2071,2.19235,2.2059,3854.6666662812,0
KUST.US,5,20260107,155000,2.2068,2.2068,2.2068,2.2068,999.9999998999999,0
KUST.US,5,20260107,155500,2.1981,2.1981,2.1981,2.1981,166.66666665,0
KUST.US,5,20260107,160000,2.1948,2.1948,2.1948,2.1948,66.66666665999999,0
KUST.US,5,20260107,160500,2.1963,2.1978,2.1963,2.1963,1966.9999998033,0
KUST.US,5,20260107,161500,2.19645,2.19645,2.19645,2.19645,33.333333329999995,0
KUST.US,5,20260107,162000,2.1948,2.1981,2.19,2.1939,2460.9999997539,0
KUST.US,5,20260107,162500,2.1939,2.1942,2.19,2.1918,3767.6666662898997,0
KUST.US,5,20260107,163000,2.1915,2.1915,2.19,2.1903,983.6666665682999,0
KUST.US,5,20260107,163500,2.1903,2.1903,2.19,2.19,1393.6666665272999,0
KUST.US,5,20260107,164500,2.1903,2.1903,2.19025,2.1903,1003.9999998996,0
KUST.US,5,20260107,165000,2.19024,2.1906,2.19015,2.1906,1032.3333332301,0
KUST.US,5,20260107,165500,2.1906,2.21856,2.1906,2.2137,1079.999999892,0
KUST.US,5,20260107,170500,2.2083,2.2083,2.2083,2.2083,33.333333329999995,0
KUST.US,5,20260107,171000,2.20635,2.22,2.20635,2.22,534.6666666131999,0
KUST.US,5,20260107,171500,2.1963,2.21625,2.193,2.21625,549.3333332784,0
KUST.US,5,20260107,172000,2.2191,2.22,2.21685,2.22,566.66666661,0
KUST.US,5,20260107,173000,2.214,2.22,2.1909,2.22,204.33333331289998,0
KUST.US,5,20260107,174000,2.22,2.22,2.22,2.22,166.3333333167,0
KUST.US,5,20260107,174500,2.2257,2.226,2.2203,2.2203,583.6666666082999,0
KUST.US,5,20260107,180000,2.22352,2.22352,2.22,2.2203,433.33333329,0
KUST.US,5,20260107,181000,2.2236,2.238,2.2236,2.238,7898.6666658768,0
KUST.US,5,20260107,181500,2.238,2.238,2.2332,2.2377,1835.9999998163998,0
KUST.US,5,20260107,182000,2.238,2.238,2.238,2.238,136.3333333197,0
KUST.US,5,20260107,182500,2.23515,2.23515,2.23515,2.23515,33.333333329999995,0
KUST.US,5,20260107,183000,2.238,2.241,2.2377,2.238,1633.3333331699998,0
KUST.US,5,20260107,183500,2.241,2.241,2.241,2.241,126.99999998729999,0
KUST.US,5,20260107,184000,2.247,2.247,2.247,2.247,347.3333332986,0
KUST.US,5,20260107,184500,2.2413,2.247,2.2413,2.244,1166.66666655,0
KUST.US,5,20260107,185000,2.244,2.247,2.244,2.247,556.666666611,0
KUST.US,5,20260107,190500,2.2446,2.24565,2.2443,2.2443,5472.9999994527,0
KUST.US,5,20260107,191000,2.247,2.2473,2.2458,2.2473,563.6666666103,0
KUST.US,5,20260107,191500,2.247,2.25,2.2458,2.25,433.33333329,0
KUST.US,5,20260107,192000,2.25,2.25,2.25,2.25,306.9999999693,0
KUST.US,5,20260107,192500,2.25,2.25,2.2449,2.2449,133.33333331999998,0
KUST.US,5,20260107,193000,2.25,2.2617,2.25,2.25345,4092.3333329240995,0
KUST.US,5,20260107,193500,2.2536,2.2536,2.2536,2.2536,66.66666665999999,0
KUST.US,5,20260107,194000,2.262,2.28,2.2617,2.28,3380.6666663285996,0
KUST.US,5,20260107,194500,2.277,2.28,2.277,2.28,237.3333333096,0
KUST.US,5,20260107,195000,2.28,2.283,2.28,2.283,523.333333281,0
KUST.US,5,20260107,195500,2.283,2.283,2.28,2.283,436.33333328969997,0
KUST.US,5,20260107,200000,2.283,2.283,2.28,2.283,232.9999999767,0
KUST.US,5,20260107,200500,2.28,2.286,2.2773,2.286,2162.9999997837,0
KUST.US,5,20260107,201000,2.295,2.31,2.295,2.3046,233.33333330999997,0
KUST.US,5,20260107,201500,2.31,2.31,2.31,2.31,33.333333329999995,0
KUST.US,5,20260107,202000,2.295,2.295,2.295,2.295,33.333333329999995,0
KUST.US,5,20260107,202500,2.31,2.31,2.3097,2.3097,366.66666662999995,0
KUST.US,5,20260107,203000,2.3097,2.3097,2.29515,2.29515,249.99999997499998,0
KUST.US,5,20260107,203500,2.31,2.31,2.31,2.31,33.333333329999995,0
KUST.US,5,20260107,204000,2.31,2.31,2.31,2.31,156.66666665099999,0
KUST.US,5,20260107,204500,2.31,2.31,2.31,2.31,33.333333329999995,0
KUST.US,5,20260107,205000,2.30184,2.30184,2.30184,2.30184,124.99999998749999,0
KUST.US,5,20260107,210000,2.31,2.31,2.31,2.31,33.333333329999995,0
KUST.US,5,20260107,210500,2.31,2.31,2.31,2.31,599.99999994,0
KUST.US,5,20260107,211000,2.3034,2.31,2.3034,2.31,1099.99999989,0
KUST.US,5,20260107,211500,2.31,2.322,2.3064,2.322,437.3333332896,0
KUST.US,5,20260107,212000,2.322,2.3436,2.3193,2.3436,2507.3333330826,0
KUST.US,5,20260107,212500,2.3436,2.544,2.3418,2.45225,55788.999994421094,0
KUST.US,5,20260107,213000,2.4684,2.5536,2.4003,2.5044,30498.666663616797,0
KUST.US,5,20260107,213500,2.48122,2.4972,2.436,2.436,1548.6666665117998,0
KUST.US,5,20260107,214000,2.4363,2.46,2.4303,2.4597,1999.3333331334,0
KUST.US,5,20260107,214500,2.4597,2.553,2.445,2.553,11823.6666654843,0
KUST.US,5,20260107,215000,2.55,2.5536,2.51265,2.51265,5710.3333327622995,0
KUST.US,5,20260107,215500,2.5203,2.6157,2.505,2.6154,7712.666665895399,0
KUST.US,5,20260108,153000,2.59,2.6,2.3,2.445,22245,0
KUST.US,5,20260108,153500,2.45,2.55,2.44,2.4498,18285,0
KUST.US,5,20260108,154000,2.49,2.5,2.44,2.45,4059,0
KUST.US,5,20260108,154500,2.4463,2.5,2.44,2.4865,6924,0
KUST.US,5,20260108,155000,2.44,2.44,2.35,2.35,3115,0
KUST.US,5,20260108,155500,2.4323,2.4323,2.35,2.3899,2821,0
KUST.US,5,20260108,160000,2.36,2.365,2.35,2.365,5824,0
KUST.US,5,20260108,160500,2.37,2.4,2.37,2.4,6200,0
KUST.US,5,20260108,161000,2.3999,2.62,2.3999,2.545,20898,0
KUST.US,5,20260108,161500,2.545,2.65,2.54,2.55,17930,0
KUST.US,5,20260108,162000,2.56,2.57,2.51,2.5688,16651,0
KUST.US,5,20260108,162500,2.5686,2.5686,2.545,2.545,748,0
KUST.US,5,20260108,163000,2.5699,2.5699,2.5668,2.5668,335,0
KUST.US,5,20260108,163500,2.5221,2.54,2.5221,2.54,1065,0
KUST.US,5,20260108,164000,2.54,2.57,2.5332,2.563,11259,0
KUST.US,5,20260108,164500,2.55,2.62,2.52,2.535,10042,0
KUST.US,5,20260108,165000,2.5001,2.575,2.5,2.575,4248,0
KUST.US,5,20260108,165500,2.57,2.65,2.5496,2.6488,5061,0
KUST.US,5,20260108,170000,2.65,2.74,2.64,2.64,4836,0
KUST.US,5,20260108,170500,2.58,2.69,2.58,2.6628,5400,0
KUST.US,5,20260108,171000,2.675,2.675,2.65,2.65,1734,0
KUST.US,5,20260108,171500,2.65,2.6781,2.65,2.6781,333,0
KUST.US,5,20260108,172000,2.59,2.59,2.34,2.34,15077,0
KUST.US,5,20260108,172500,2.35,2.36,2.34,2.34,10017,0
KUST.US,5,20260108,173000,2.33,2.4115,2.32,2.405,6100,0
KUST.US,5,20260108,173500,2.4,2.4,2.39,2.39,300,0
KUST.US,5,20260108,174000,2.4,2.4,2.4,2.4,300,0
KUST.US,5,20260108,174500,2.39,2.4,2.39,2.4,1100,0
KUST.US,5,20260108,175000,2.4901,2.52,2.4901,2.52,344,0
KUST.US,5,20260108,181000,2.3801,2.3801,2.3801,2.3801,100,0
KUST.US,5,20260108,181500,2.3801,2.45,2.3801,2.45,5113,0
KUST.US,5,20260108,182000,2.445,2.46,2.42,2.45,700,0
KUST.US,5,20260108,182500,2.38,2.38,2.38,2.38,100,0
KUST.US,5,20260108,183000,2.341,2.4,2.34,2.4,4147,0
KUST.US,5,20260108,183500,2.3622,2.365,2.3622,2.365,834,0
KUST.US,5,20260108,184000,2.4,2.4,2.3997,2.3997,200,0
KUST.US,5,20260108,184500,2.385,2.3999,2.385,2.3999,817,0
KUST.US,5,20260108,185000,2.385,2.47,2.385,2.47,1266,0
KUST.US,5,20260108,190000,2.466,2.48,2.466,2.48,700,0
KUST.US,5,20260108,191500,2.51,2.51,2.4051,2.4051,706,0
KUST.US,5,20260108,192500,2.4595,2.4595,2.4595,2.4595,105,0
KUST.US,5,20260108,193500,2.33,2.4416,2.33,2.4416,754,0
KUST.US,5,20260108,194000,2.415,2.415,2.415,2.415,160,0
KUST.US,5,20260108,195000,2.41,2.41,2.41,2.41,520,0
KUST.US,5,20260108,195500,2.43,2.43,2.43,2.43,100,0
KUST.US,5,20260108,201000,2.4498,2.4498,2.4498,2.4498,100,0
KUST.US,5,20260108,201500,2.4,2.41,2.4,2.4001,416,0
KUST.US,5,20260108,203000,2.45,2.45,2.45,2.45,100,0
KUST.US,5,20260108,203500,2.435,2.435,2.435,2.435,317,0
KUST.US,5,20260108,204000,2.45,2.45,2.45,2.45,100,0
KUST.US,5,20260108,204500,2.43,2.43,2.43,2.43,700,0
KUST.US,5,20260108,205000,2.4242,2.4242,2.4242,2.4242,105,0
KUST.US,5,20260108,205500,2.43,2.43,2.43,2.43,1900,0
KUST.US,5,20260108,210000,2.43,2.4688,2.42,2.4688,1600,0
KUST.US,5,20260108,211000,2.42,2.42,2.38,2.4135,1214,0
KUST.US,5,20260108,211500,2.42,2.47,2.42,2.4647,3729,0
KUST.US,5,20260108,212000,2.4416,2.47,2.425,2.4608,2700,0
KUST.US,5,20260108,212500,2.4325,2.51,2.4325,2.5,13385,0
KUST.US,5,20260108,213000,2.49,2.58,2.49,2.5705,10396,0
KUST.US,5,20260108,213500,2.54,2.57,2.525,2.5499,2300,0
KUST.US,5,20260108,214000,2.57,3.1,2.57,2.86,52634,0
KUST.US,5,20260108,214500,2.86,2.89,2.84,2.8508,18637,0
KUST.US,5,20260108,215000,2.85,2.86,2.75,2.8199,12980,0
KUST.US,5,20260108,215500,2.81,2.86,2.77,2.8497,20014,0
