<TICKER>,<PER>,<DATE>,<TIME>,<OPEN>,<HIGH>,<LOW>,<CLOSE>,<VOL>,<OPENINT>
LPCN.US,5,20250813,153000,2.95,2.95,2.95,2.95,245,0
LPCN.US,5,20250813,154000,2.967,2.967,2.967,2.967,189,0
LPCN.US,5,20250813,161500,2.9802,2.9802,2.9802,2.9802,1000,0
LPCN.US,5,20250813,163500,2.9995,2.9995,2.9995,2.9995,584,0
LPCN.US,5,20250813,164000,3,3,3,3,112,0
LPCN.US,5,20250813,165500,2.995,3.01,2.995,3,1200,0
LPCN.US,5,20250813,170000,3.02,3.02,3.02,3.02,100,0
LPCN.US,5,20250813,175500,3.02,3.03,3.02,3.03,1000,0
LPCN.US,5,20250813,180000,3.03,3.03,3.03,3.03,338,0
LPCN.US,5,20250813,191000,3.03,3.03,3.03,3.03,341,0
LPCN.US,5,20250813,191500,3.03,3.03,3.03,3.03,658,0
LPCN.US,5,20250813,200000,3.02,3.02,3.02,3.02,102,0
LPCN.US,5,20250813,201000,3.04,3.04,3.03,3.03,256,0
LPCN.US,5,20250813,205500,3.0015,3.0015,3.0015,3.0015,736,0
LPCN.US,5,20250813,210000,3.02,3.05,3.02,3.05,444,0
LPCN.US,5,20250813,211000,3.05,3.05,3.05,3.05,500,0
LPCN.US,5,20250813,211500,3.0592,3.0592,3.0585,3.0585,600,0
LPCN.US,5,20250813,213000,3.0508,3.0508,3.0508,3.0508,1000,0
LPCN.US,5,20250813,213500,3.05,3.05,3.05,3.05,600,0
LPCN.US,5,20250813,214000,3.05,3.0565,3,3.015,2109,0
LPCN.US,5,20250814,153000,2.96,2.96,2.96,2.96,308,0
LPCN.US,5,20250814,154000,3.0064,3.0064,3.0064,3.0064,175,0
LPCN.US,5,20250814,160500,3.0134,3.043935,3.0134,3.043935,352,0
LPCN.US,5,20250814,162500,3.0499,3.0499,3.03,3.03,370,0
LPCN.US,5,20250814,163500,3.0243,3.0243,3.0243,3.0243,1000,0
LPCN.US,5,20250814,164000,3.03,3.03,3.03,3.03,220,0
LPCN.US,5,20250814,171500,3.045,3.05,3.045,3.05,1000,0
LPCN.US,5,20250814,185000,3.0213,3.0213,3.0213,3.0213,199,0
LPCN.US,5,20250814,194000,3.04,3.04,3.04,3.04,1280,0
LPCN.US,5,20250814,203500,3.02,3.02,3.02,3.02,237,0
LPCN.US,5,20250814,204000,3.03,3.03,3.03,3.03,400,0
LPCN.US,5,20250814,204500,3.04,3.04,3.04,3.04,493,0
LPCN.US,5,20250814,211000,3.029,3.029,3.029,3.029,100,0
LPCN.US,5,20250814,215500,3.04,3.04,3.04,3.04,133,0
LPCN.US,5,20250815,153000,3.05,3.05,3.05,3.05,133,0
LPCN.US,5,20250815,153500,3.0501,3.0501,3.0501,3.0501,100,0
LPCN.US,5,20250815,155000,3.04,3.04,3.04,3.04,128,0
LPCN.US,5,20250815,172500,3.05,3.05,3.05,3.05,583,0
LPCN.US,5,20250815,174500,3.0456,3.0456,3.0456,3.0456,1000,0
LPCN.US,5,20250815,194000,3.035,3.035,3.01,3.01,2280,0
LPCN.US,5,20250815,215500,3.027,3.027,3.027,3.027,191,0
LPCN.US,5,20250818,153000,3.05,3.06,3.05,3.06,3383,0
LPCN.US,5,20250818,154500,3.0463,3.0463,3.0463,3.0463,100,0
LPCN.US,5,20250818,160000,3.035,3.035,3.035,3.035,228,0
LPCN.US,5,20250818,165500,3.0444,3.08,3.0444,3.08,2141,0
LPCN.US,5,20250818,175000,3.07,3.07,3.07,3.07,100,0
LPCN.US,5,20250818,180500,3.07,3.075,3.07,3.075,1958,0
LPCN.US,5,20250818,182000,3.0531,3.0531,3.0531,3.0531,500,0
LPCN.US,5,20250818,184500,3.0578,3.0578,3.0578,3.0578,118,0
LPCN.US,5,20250818,185500,3.06,3.06,3.06,3.06,300,0
LPCN.US,5,20250818,201500,3.06,3.06,3.06,3.06,300,0
LPCN.US,5,20250818,202500,3.0616,3.0616,3.05,3.05,900,0
LPCN.US,5,20250818,212500,3.01,3.03,3.01,3.03,1100,0
LPCN.US,5,20250818,214500,3.0199,3.0199,3.0199,3.0199,5244,0
LPCN.US,5,20250818,215500,3.04,3.04,3.01,3.01,1935,0
LPCN.US,5,20250819,153000,3.0002,3.0002,3,3.0002,1706,0
LPCN.US,5,20250819,160500,3.02,3.13,3.02,3.13,2782,0
LPCN.US,5,20250819,161000,3.08,3.14,3,3,7619,0
LPCN.US,5,20250819,171000,3.0004,3.0004,3.0004,3.0004,100,0
LPCN.US,5,20250819,175500,3.0318,3.0318,3.0318,3.0318,1000,0
LPCN.US,5,20250819,180000,3.0715,3.0715,3.0594,3.0605,1268,0
LPCN.US,5,20250819,181000,3.0001,3.1,3.0001,3.0489,1400,0
LPCN.US,5,20250819,182500,3,3,3,3,100,0
LPCN.US,5,20250819,184000,3.0432,3.0432,3.0383,3.0383,200,0
LPCN.US,5,20250819,185000,3,3.0016,3,3,7860,0
LPCN.US,5,20250819,185500,3,3,2.94,2.97,1132,0
LPCN.US,5,20250819,190000,2.965,2.965,2.965,2.965,198,0
LPCN.US,5,20250819,200000,2.95,2.95,2.95,2.95,100,0
LPCN.US,5,20250819,201000,2.94,2.97,2.94,2.97,243,0
LPCN.US,5,20250819,202000,2.9142,2.9142,2.9142,2.9142,500,0
LPCN.US,5,20250819,204000,2.935,2.95,2.935,2.95,204,0
LPCN.US,5,20250819,205500,2.94,2.94,2.94,2.94,1000,0
LPCN.US,5,20250819,211000,2.91,2.91,2.91,2.91,100,0
LPCN.US,5,20250819,215500,2.94,2.96,2.94,2.96,200,0
LPCN.US,5,20250820,153500,2.9997,2.9997,2.955,2.955,1200,0
LPCN.US,5,20250820,154000,2.955,2.955,2.91,2.91,2307,0
LPCN.US,5,20250820,161000,2.95,2.95,2.95,2.95,485,0
LPCN.US,5,20250820,161500,2.92,2.92,2.91,2.9101,2200,0
LPCN.US,5,20250820,162500,2.9499,2.9499,2.9499,2.9499,300,0
LPCN.US,5,20250820,163000,2.92,2.92,2.92,2.92,500,0
LPCN.US,5,20250820,163500,2.92,2.93,2.92,2.93,200,0
LPCN.US,5,20250820,164500,2.96,2.96,2.96,2.96,125,0
LPCN.US,5,20250820,174000,2.95,2.95,2.95,2.95,100,0
LPCN.US,5,20250820,182000,2.96,2.96,2.96,2.96,400,0
LPCN.US,5,20250820,183500,2.955,2.955,2.955,2.955,100,0
LPCN.US,5,20250820,185000,2.965,2.965,2.965,2.965,600,0
LPCN.US,5,20250820,191500,2.955,2.955,2.955,2.955,1000,0
LPCN.US,5,20250820,202000,2.97,2.97,2.97,2.97,400,0
LPCN.US,5,20250820,203000,2.99,2.99,2.99,2.99,100,0
LPCN.US,5,20250820,203500,2.975,2.975,2.975,2.975,400,0
LPCN.US,5,20250820,211000,3,3,3,3,499,0
LPCN.US,5,20250820,215500,3.04,3.04,3.04,3.04,125,0
LPCN.US,5,20250821,153000,3.06,3.06,3.06,3.06,700,0
LPCN.US,5,20250821,160000,3.05,3.05,3.05,3.05,231,0
LPCN.US,5,20250821,192000,3.07,3.07,3.07,3.07,100,0
LPCN.US,5,20250821,204000,3.04,3.04,3.04,3.04,399,0
LPCN.US,5,20250821,213500,3.0001,3.04,3.0001,3.04,429,0
LPCN.US,5,20250821,214500,3.05,3.05,3.05,3.05,100,0
LPCN.US,5,20250821,215500,3.02,3.02,3.01,3.01,829,0
LPCN.US,5,20250822,153500,3.045,3.045,3.045,3.045,1000,0
LPCN.US,5,20250822,164000,3.02,3.02,3.02,3.02,3500,0
LPCN.US,5,20250822,164500,3.05,3.05,3.05,3.05,1000,0
LPCN.US,5,20250822,165000,3.02,3.02,3.02,3.02,1500,0
LPCN.US,5,20250822,173000,2.97,3.0296,2.97,3.0296,300,0
LPCN.US,5,20250822,180500,2.99,2.99,2.99,2.99,100,0
LPCN.US,5,20250822,185500,3.03,3.03,3.03,3.03,100,0
LPCN.US,5,20250822,190000,3.03,3.03,3.01,3.01,700,0
LPCN.US,5,20250822,190500,3.01,3.01,3.01,3.01,100,0
LPCN.US,5,20250822,191500,3.04,3.04,3.01,3.01,11692,0
LPCN.US,5,20250822,192500,3.03,3.13,3.015,3.13,3900,0
LPCN.US,5,20250822,193000,3.1385,3.1385,3.1385,3.1385,5978,0
LPCN.US,5,20250822,194000,3.11,3.11,3.11,3.11,100,0
LPCN.US,5,20250822,201000,3.1248,3.1248,3.1248,3.1248,300,0
LPCN.US,5,20250822,210000,3.11,3.11,3.08,3.0992,1005,0
LPCN.US,5,20250822,213500,3.06,3.06,3.06,3.06,100,0
LPCN.US,5,20250822,215500,3.11,3.11,3.11,3.11,191,0
LPCN.US,5,20250825,153000,3.0401,3.0401,3.04,3.04,884,0
LPCN.US,5,20250825,154500,3.03,3.06,3.03,3.06,1974,0
LPCN.US,5,20250825,162000,3.015,3.015,3.015,3.015,100,0
LPCN.US,5,20250825,163000,3.045,3.045,3.045,3.045,100,0
LPCN.US,5,20250825,173000,3.02,3.02,3.02,3.02,198,0
LPCN.US,5,20250825,173500,3.02,3.02,2.99,2.99,200,0
LPCN.US,5,20250825,174000,3.0499,3.0499,3.0499,3.0499,4000,0
LPCN.US,5,20250825,183000,3.0312,3.0312,3.0312,3.0312,100,0
LPCN.US,5,20250825,184000,3.05,3.05,3.04,3.04,1000,0
LPCN.US,5,20250825,203500,3.03,3.04,3.03,3.03,502,0
LPCN.US,5,20250825,215000,3.0198,3.0198,3.0198,3.0198,100,0
LPCN.US,5,20250825,215500,3.02,3.02,3.02,3.02,100,0
LPCN.US,5,20250826,161000,2.9977,2.9977,2.9977,2.9977,500,0
LPCN.US,5,20250826,170500,3.045,3.045,3.045,3.045,589,0
LPCN.US,5,20250826,184500,3.066,3.066,3.066,3.066,500,0
LPCN.US,5,20250826,191500,3.0341,3.0341,3.0341,3.0341,2000,0
LPCN.US,5,20250826,203500,3.095,3.095,3.095,3.095,200,0
LPCN.US,5,20250826,210000,3.1,3.1,3.1,3.1,883,0
LPCN.US,5,20250826,211500,3.11,3.11,3.075,3.075,573,0
LPCN.US,5,20250826,212000,3.1,3.1,3.1,3.1,317,0
LPCN.US,5,20250827,153000,3.11,3.11,3.02,3.02,5594,0
LPCN.US,5,20250827,153500,3.075,3.075,3.075,3.075,500,0
LPCN.US,5,20250827,164000,3.0501,3.0749,3.05,3.06,7155,0
LPCN.US,5,20250827,165000,3.0572,3.0572,3.0572,3.0572,100,0
LPCN.US,5,20250827,171000,3.05,3.05,3.05,3.05,100,0
LPCN.US,5,20250827,184500,3.0301,3.0301,3.03,3.0301,956,0
LPCN.US,5,20250827,185000,3.0201,3.0201,3.0201,3.0201,492,0
LPCN.US,5,20250827,191000,3.061,3.061,3.061,3.061,1547,0
LPCN.US,5,20250827,200000,3.03,3.03,3.03,3.03,100,0
LPCN.US,5,20250827,201500,3.03,3.03,3.02,3.03,820,0
LPCN.US,5,20250827,202000,3.1,3.1,3.02,3.02,508,0
LPCN.US,5,20250827,203000,3.02,3.02,3.01,3.01,1200,0
LPCN.US,5,20250827,204000,3.086,3.086,3.086,3.086,100,0
LPCN.US,5,20250827,210500,3.01,3.01,3,3,447,0
LPCN.US,5,20250827,215500,3.05,3.05,2.99,3.01,1120,0
LPCN.US,5,20250828,153000,3.02,3.13,3.02,3.06,7330,0
LPCN.US,5,20250828,161500,3.0599,3.0599,3.0599,3.0599,300,0
LPCN.US,5,20250828,163000,3.01,3.01,3.01,3.01,100,0
LPCN.US,5,20250828,163500,3.01,3.01,3.01,3.01,100,0
LPCN.US,5,20250828,164500,3,3,3,3,557,0
LPCN.US,5,20250828,170500,2.98,2.98,2.97,2.97,671,0
LPCN.US,5,20250828,172500,2.992,2.992,2.992,2.992,154,0
LPCN.US,5,20250828,174500,2.97,2.98,2.97,2.98,200,0
LPCN.US,5,20250828,175000,2.98,2.98,2.98,2.98,200,0
LPCN.US,5,20250828,180500,3,3,2.99,2.99,278,0
LPCN.US,5,20250828,182500,3.03,3.03,3.03,3.03,100,0
LPCN.US,5,20250828,194000,3,3,3,3,520,0
LPCN.US,5,20250828,200000,3.025,3.025,3.025,3.025,1600,0
LPCN.US,5,20250828,200500,3,3,3,3,309,0
LPCN.US,5,20250828,202500,2.97,2.97,2.97,2.97,100,0
LPCN.US,5,20250828,203000,3.0079,3.0079,3.0079,3.0079,300,0
LPCN.US,5,20250828,204000,2.97,2.97,2.9618,2.9618,500,0
LPCN.US,5,20250828,205000,3.0326,3.0326,3.0326,3.0326,150,0
LPCN.US,5,20250828,205500,2.97,2.97,2.97,2.97,100,0
LPCN.US,5,20250828,210000,2.9667,2.9667,2.9667,2.9667,118,0
LPCN.US,5,20250828,214500,3,3,3,3,100,0
LPCN.US,5,20250828,215500,2.98,2.98,2.98,2.98,200,0
LPCN.US,5,20250829,153000,2.98,2.98,2.98,2.98,128,0
LPCN.US,5,20250829,161500,2.952,2.965,2.94,2.94,1349,0
LPCN.US,5,20250829,162500,2.93,2.94,2.92,2.92,736,0
LPCN.US,5,20250829,164500,2.8647,2.8647,2.8647,2.8647,975,0
LPCN.US,5,20250829,170000,2.9547,2.9547,2.9547,2.9547,200,0
LPCN.US,5,20250829,170500,2.91,2.91,2.91,2.91,100,0
LPCN.US,5,20250829,180000,2.94,2.98,2.94,2.98,405,0
LPCN.US,5,20250829,183000,2.89,2.905,2.89,2.905,425,0
LPCN.US,5,20250829,183500,2.9,2.9,2.9,2.9,400,0
LPCN.US,5,20250829,184500,2.9,2.9,2.9,2.9,100,0
LPCN.US,5,20250829,185500,2.9222,2.9222,2.9222,2.9222,200,0
LPCN.US,5,20250829,193000,2.9399,2.9399,2.9399,2.9399,4000,0
LPCN.US,5,20250829,194000,2.9191,2.9191,2.88,2.9025,1400,0
LPCN.US,5,20250829,194500,2.9269,2.9269,2.9269,2.9269,200,0
LPCN.US,5,20250829,201000,2.9313,2.9313,2.9313,2.9313,100,0
LPCN.US,5,20250829,202500,2.92,2.93,2.92,2.93,600,0
LPCN.US,5,20250829,203000,2.935,2.935,2.935,2.935,799,0
LPCN.US,5,20250829,215000,2.92,2.92,2.92,2.92,200,0
LPCN.US,5,20250829,215500,2.9426,2.9426,2.91,2.91,1100,0
LPCN.US,5,20250902,155500,2.94,2.94,2.94,2.94,700,0
LPCN.US,5,20250902,161500,2.94,2.94,2.94,2.94,100,0
LPCN.US,5,20250902,163500,2.9106,2.9106,2.9106,2.9106,141,0
LPCN.US,5,20250902,164000,2.95,2.95,2.95,2.95,169,0
LPCN.US,5,20250902,164500,2.97,3,2.96,3,2314,0
LPCN.US,5,20250902,165000,3,3,3,3,8700,0
LPCN.US,5,20250902,174500,2.9434,2.95,2.9434,2.95,1400,0
LPCN.US,5,20250902,175000,2.97,2.97,2.97,2.97,149,0
LPCN.US,5,20250902,175500,2.94,2.94,2.94,2.94,170,0
LPCN.US,5,20250902,184500,2.9425,2.9425,2.9425,2.9425,559,0
LPCN.US,5,20250902,191000,2.93,2.93,2.93,2.93,110,0
LPCN.US,5,20250902,195000,2.93,2.93,2.9,2.9,2143,0
LPCN.US,5,20250902,195500,2.91,2.91,2.87,2.895,1553,0
LPCN.US,5,20250902,214000,2.9516,2.9516,2.9516,2.9516,200,0
LPCN.US,5,20250902,215500,2.89,2.9,2.89,2.9,300,0
LPCN.US,5,20250903,153000,2.91,2.91,2.91,2.91,309,0
LPCN.US,5,20250903,153500,2.9535,2.9545,2.9535,2.9545,743,0
LPCN.US,5,20250903,155000,2.9252,2.9252,2.9252,2.9252,100,0
LPCN.US,5,20250903,160000,2.9379,2.9379,2.9379,2.9379,1000,0
LPCN.US,5,20250903,160500,2.92,2.92,2.92,2.92,100,0
LPCN.US,5,20250903,161500,2.935,2.935,2.935,2.935,300,0
LPCN.US,5,20250903,163000,2.931,2.931,2.931,2.931,300,0
LPCN.US,5,20250903,163500,2.91,2.91,2.91,2.91,2098,0
LPCN.US,5,20250903,164000,2.91,2.91,2.91,2.91,100,0
LPCN.US,5,20250903,165000,2.91,2.91,2.91,2.91,100,0
LPCN.US,5,20250903,170500,2.9355,2.9355,2.91,2.91,600,0
LPCN.US,5,20250903,175000,2.91,2.91,2.91,2.91,400,0
LPCN.US,5,20250903,190500,2.855,2.855,2.855,2.855,803,0
LPCN.US,5,20250903,194000,2.8941,2.8941,2.8941,2.8941,148,0
LPCN.US,5,20250903,201500,2.8767,2.8767,2.8767,2.8767,280,0
LPCN.US,5,20250903,214500,2.8858,2.8858,2.8858,2.8858,200,0
LPCN.US,5,20250903,215500,2.9,2.9,2.9,2.9,100,0
LPCN.US,5,20250904,154000,2.89,2.89,2.89,2.89,155,0
LPCN.US,5,20250904,162500,2.925,2.925,2.925,2.925,100,0
LPCN.US,5,20250904,165000,2.93,2.93,2.93,2.93,100,0
LPCN.US,5,20250904,170000,2.9075,2.9075,2.9075,2.9075,435,0
LPCN.US,5,20250904,172000,2.9399,2.9399,2.9399,2.9399,1000,0
LPCN.US,5,20250904,173500,2.93,2.93,2.93,2.93,501,0
LPCN.US,5,20250904,182000,2.8972,2.8972,2.8972,2.8972,177,0
LPCN.US,5,20250904,184500,2.8961,2.8961,2.8961,2.8961,561,0
LPCN.US,5,20250904,185500,2.92,2.92,2.9,2.92,856,0
LPCN.US,5,20250904,190000,2.8906,2.8906,2.8906,2.8906,100,0
LPCN.US,5,20250904,192500,2.92,2.92,2.92,2.92,500,0
LPCN.US,5,20250904,200500,2.92,2.92,2.86,2.915,8626,0
LPCN.US,5,20250904,201500,2.9,2.9,2.9,2.9,100,0
LPCN.US,5,20250904,202000,2.9,2.9,2.9,2.9,100,0
LPCN.US,5,20250904,203000,2.9,2.9,2.9,2.9,100,0
LPCN.US,5,20250904,210000,2.905,2.905,2.905,2.905,400,0
LPCN.US,5,20250904,215500,2.89,2.89,2.89,2.89,100,0
LPCN.US,5,20250905,153000,2.88,2.88,2.88,2.88,169,0
LPCN.US,5,20250905,154000,2.9179,2.9179,2.9179,2.9179,400,0
LPCN.US,5,20250905,154500,2.915,2.915,2.915,2.915,350,0
LPCN.US,5,20250905,160000,2.92,2.92,2.92,2.92,200,0
LPCN.US,5,20250905,162500,2.9055,2.915,2.88,2.9055,1184,0
LPCN.US,5,20250905,170500,2.9,2.9,2.9,2.9,350,0
LPCN.US,5,20250905,173000,2.8938,2.8938,2.8938,2.8938,300,0
LPCN.US,5,20250905,182500,2.9499,2.9499,2.9499,2.9499,3300,0
LPCN.US,5,20250905,193500,2.9,2.9,2.9,2.9,498,0
LPCN.US,5,20250905,211500,2.89,2.89,2.89,2.89,100,0
LPCN.US,5,20250905,212000,2.9259,2.95,2.9259,2.95,1100,0
LPCN.US,5,20250905,212500,2.9144,2.9144,2.9144,2.9144,1000,0
LPCN.US,5,20250905,215000,2.9,2.9,2.9,2.9,700,0
LPCN.US,5,20250905,215500,2.89,2.89,2.89,2.89,211,0
LPCN.US,5,20250908,153000,2.92,2.94,2.92,2.94,3645,0
LPCN.US,5,20250908,154500,2.94,2.94,2.94,2.94,1000,0
LPCN.US,5,20250908,160500,2.94,2.94,2.94,2.94,300,0
LPCN.US,5,20250908,161000,2.94,2.94,2.94,2.94,100,0
LPCN.US,5,20250908,163000,2.9495,2.9495,2.9495,2.9495,350,0
LPCN.US,5,20250908,165000,2.94,2.94,2.94,2.94,107,0
LPCN.US,5,20250908,165500,2.94,2.94,2.94,2.94,400,0
LPCN.US,5,20250908,175500,2.8887,2.8887,2.8887,2.8887,135,0
LPCN.US,5,20250908,184500,2.89,2.89,2.89,2.89,100,0
LPCN.US,5,20250908,190000,2.8914,2.8914,2.8914,2.8914,1804,0
LPCN.US,5,20250908,194500,2.915,2.915,2.915,2.915,100,0
LPCN.US,5,20250908,202500,2.9132,2.9132,2.9132,2.9132,300,0
LPCN.US,5,20250908,211500,2.9085,2.9085,2.9085,2.9085,1000,0
LPCN.US,5,20250909,153000,2.94,2.94,2.94,2.94,263,0
LPCN.US,5,20250909,154000,2.93,2.935,2.93,2.93,863,0
LPCN.US,5,20250909,160000,2.9332,2.9332,2.9332,2.9332,100,0
LPCN.US,5,20250909,161000,2.93,2.93,2.93,2.93,756,0
LPCN.US,5,20250909,162000,2.94,2.94,2.94,2.94,700,0
LPCN.US,5,20250909,164000,2.94,2.94,2.94,2.94,100,0
LPCN.US,5,20250909,170000,2.945,2.95,2.945,2.945,2651,0
LPCN.US,5,20250909,173000,2.94,2.94,2.94,2.94,200,0
LPCN.US,5,20250909,184500,2.94,2.94,2.94,2.94,500,0
LPCN.US,5,20250909,200500,2.94,2.94,2.93,2.93,211,0
LPCN.US,5,20250909,211500,2.9307,2.9307,2.9307,2.9307,236,0
LPCN.US,5,20250909,213000,2.93,2.9399,2.93,2.9399,300,0
LPCN.US,5,20250909,215000,2.93,2.93,2.91,2.92,1182,0
LPCN.US,5,20250909,215500,2.89,2.89,2.865,2.865,4754,0
LPCN.US,5,20250910,153000,2.87,2.88,2.87,2.88,959,0
LPCN.US,5,20250910,154500,2.93,2.94,2.93,2.935,1259,0
LPCN.US,5,20250910,162500,2.94,2.94,2.94,2.94,100,0
LPCN.US,5,20250910,172500,2.95,2.95,2.95,2.95,143,0
LPCN.US,5,20250910,175500,2.98,2.98,2.96,2.96,1825,0
LPCN.US,5,20250910,180500,2.97,2.98,2.97,2.9727,2024,0
LPCN.US,5,20250910,181000,2.98,2.98,2.98,2.98,4809,0
LPCN.US,5,20250910,181500,2.98,2.98,2.98,2.98,100,0
LPCN.US,5,20250910,182000,2.98,2.98,2.96,2.96,2650,0
LPCN.US,5,20250910,184000,2.99,2.99,2.99,2.99,100,0
LPCN.US,5,20250910,184500,2.97,2.97,2.96,2.96,3300,0
LPCN.US,5,20250910,185000,2.9815,2.9815,2.9815,2.9815,100,0
LPCN.US,5,20250910,194000,3,3,3,3,2400,0
LPCN.US,5,20250910,194500,3,3,3,3,300,0
LPCN.US,5,20250910,195500,3.0199,3.0199,3.0199,3.0199,300,0
LPCN.US,5,20250910,203000,3.0198,3.0198,3.0198,3.0198,112,0
LPCN.US,5,20250910,211500,3.005,3.005,3.005,3.005,100,0
LPCN.US,5,20250910,212500,3.0001,3.0001,3,3.0001,800,0
LPCN.US,5,20250910,213000,2.9805,2.9805,2.9805,2.9805,450,0
LPCN.US,5,20250910,215500,3,3,3,3,310,0
LPCN.US,5,20250911,153000,2.985,2.985,2.985,2.985,200,0
LPCN.US,5,20250911,160500,3.01,3.02,3.01,3.02,300,0
LPCN.US,5,20250911,162500,3.01,3.01,3.01,3.01,941,0
LPCN.US,5,20250911,164500,2.9796,2.9796,2.9796,2.9796,100,0
LPCN.US,5,20250911,170000,2.98,2.98,2.98,2.98,1000,0
LPCN.US,5,20250911,171500,2.9948,2.9948,2.9948,2.9948,100,0
LPCN.US,5,20250911,174000,2.9443,2.9443,2.9443,2.9443,300,0
LPCN.US,5,20250911,181000,2.99,2.99,2.99,2.99,200,0
LPCN.US,5,20250911,181500,2.99,2.9945,2.97,2.9945,2600,0
LPCN.US,5,20250911,182000,2.98,2.98,2.98,2.98,100,0
LPCN.US,5,20250911,183000,2.965,2.965,2.965,2.965,1000,0
LPCN.US,5,20250911,202000,2.9842,2.9842,2.9842,2.9842,100,0
LPCN.US,5,20250911,203000,2.99,2.99,2.99,2.99,300,0
LPCN.US,5,20250911,205000,2.97,2.97,2.97,2.97,100,0
LPCN.US,5,20250911,210500,3,3.01,2.985,3.01,2286,0
LPCN.US,5,20250911,211000,3,3,3,3,100,0
LPCN.US,5,20250911,211500,3.005,3.005,2.95,2.97,4431,0
LPCN.US,5,20250911,213000,2.94,2.94,2.94,2.94,100,0
LPCN.US,5,20250911,214000,2.9899,2.9899,2.9899,2.9899,1000,0
LPCN.US,5,20250911,214500,2.99,2.99,2.99,2.99,1003,0
LPCN.US,5,20250911,215500,2.94,2.94,2.94,2.94,227,0
LPCN.US,5,20250912,153500,2.96,2.98,2.96,2.98,200,0
LPCN.US,5,20250912,154500,2.97,2.97,2.97,2.97,300,0
LPCN.US,5,20250912,155000,2.9798,3.01,2.97,3.01,1182,0
LPCN.US,5,20250912,165500,2.9912,2.9912,2.9912,2.9912,241,0
LPCN.US,5,20250912,171500,2.99,2.99,2.98,2.98,1000,0
LPCN.US,5,20250912,174500,2.98,2.98,2.98,2.98,100,0
LPCN.US,5,20250912,180000,2.98,2.98,2.98,2.98,400,0
LPCN.US,5,20250912,201500,2.99,2.99,2.99,2.99,227,0
LPCN.US,5,20250912,205500,2.98,2.98,2.98,2.98,1964,0
LPCN.US,5,20250912,212500,2.985,2.985,2.98,2.98,1023,0
LPCN.US,5,20250912,213000,2.98,2.98,2.98,2.98,100,0
LPCN.US,5,20250912,213500,2.98,2.99,2.98,2.985,752,0
LPCN.US,5,20250912,214000,2.9825,2.9825,2.9825,2.9825,592,0
LPCN.US,5,20250912,215500,2.98,2.98,2.97,2.9754,2974,0
LPCN.US,5,20250915,153000,2.96,2.98,2.94,2.94,1659,0
LPCN.US,5,20250915,154000,2.9799,2.9799,2.9798,2.9798,200,0
LPCN.US,5,20250915,154500,2.9772,2.9772,2.9772,2.9772,200,0
LPCN.US,5,20250915,155000,2.95,2.95,2.95,2.95,200,0
LPCN.US,5,20250915,161500,2.95,2.9625,2.95,2.95,716,0
LPCN.US,5,20250915,164000,2.9622,2.9622,2.9622,2.9622,1601,0
LPCN.US,5,20250915,172000,2.94,2.94,2.94,2.94,500,0
LPCN.US,5,20250915,182500,2.959,2.959,2.959,2.959,1000,0
LPCN.US,5,20250915,190000,2.9554,2.9554,2.9554,2.9554,236,0
LPCN.US,5,20250915,195000,2.97,2.97,2.97,2.97,400,0
LPCN.US,5,20250916,153000,2.97,3.02,2.97,2.9884,3283,0
LPCN.US,5,20250916,153500,2.9064,2.96,2.89,2.91,800,0
LPCN.US,5,20250916,154000,3.0837,3.0837,2.96,2.96,300,0
LPCN.US,5,20250916,155000,3.021,3.021,3.021,3.021,100,0
LPCN.US,5,20250916,162500,2.9859,2.9859,2.9859,2.9859,200,0
LPCN.US,5,20250916,164000,2.965,2.965,2.965,2.965,3300,0
LPCN.US,5,20250916,165500,2.9502,2.9502,2.9502,2.9502,1928,0
LPCN.US,5,20250916,175500,2.9958,2.9958,2.9958,2.9958,1035,0
LPCN.US,5,20250916,183500,2.9835,2.9835,2.9835,2.9835,660,0
LPCN.US,5,20250916,184000,3,3,3,3,176,0
LPCN.US,5,20250916,184500,2.99,2.9901,2.99,2.9901,200,0
LPCN.US,5,20250916,203500,2.9873,2.9873,2.9873,2.9873,165,0
LPCN.US,5,20250916,213500,2.97,2.9701,2.96,2.96,500,0
LPCN.US,5,20250916,215500,2.95,2.95,2.95,2.95,100,0
LPCN.US,5,20250917,160000,2.945,2.945,2.945,2.945,100,0
LPCN.US,5,20250917,172500,2.9719,2.9719,2.9719,2.9719,100,0
LPCN.US,5,20250917,173000,2.9605,2.9605,2.9605,2.9605,541,0
LPCN.US,5,20250917,174500,2.93,2.93,2.93,2.93,317,0
LPCN.US,5,20250917,175500,2.94,2.95,2.94,2.95,460,0
LPCN.US,5,20250917,182000,2.94,2.94,2.94,2.94,200,0
LPCN.US,5,20250917,184500,2.96,2.96,2.96,2.96,100,0
LPCN.US,5,20250917,185000,2.95,2.9505,2.95,2.95,1500,0
LPCN.US,5,20250917,194000,2.95,2.95,2.945,2.95,1000,0
LPCN.US,5,20250917,195000,2.958,2.958,2.958,2.958,100,0
LPCN.US,5,20250917,200000,2.96,2.96,2.96,2.96,500,0
LPCN.US,5,20250917,203000,2.97,2.97,2.92,2.94,1587,0
LPCN.US,5,20250917,203500,2.92,2.92,2.92,2.92,300,0
LPCN.US,5,20250917,212000,2.9,2.9,2.89,2.89,500,0
LPCN.US,5,20250917,212500,2.89,2.89,2.89,2.89,1173,0
LPCN.US,5,20250917,213000,2.87,2.88,2.87,2.88,500,0
LPCN.US,5,20250917,214000,2.86,2.86,2.8518,2.8518,6100,0
LPCN.US,5,20250917,215000,2.8715,2.88,2.87,2.88,918,0
LPCN.US,5,20250917,215500,2.87,2.87,2.87,2.87,300,0
LPCN.US,5,20250918,161000,3.05,3.05,3.05,3.05,100,0
LPCN.US,5,20250918,164000,2.99,2.99,2.99,2.99,300,0
LPCN.US,5,20250918,185000,2.909,2.909,2.9,2.9,695,0
LPCN.US,5,20250918,185500,2.9,2.9,2.8989,2.8989,778,0
LPCN.US,5,20250918,192000,2.889,2.889,2.889,2.889,400,0
LPCN.US,5,20250918,193500,2.887,2.887,2.887,2.887,500,0
LPCN.US,5,20250918,194000,2.887,2.89,2.887,2.89,900,0
LPCN.US,5,20250918,200500,2.89,2.89,2.89,2.89,600,0
LPCN.US,5,20250918,201000,2.885,2.885,2.88,2.88,300,0
LPCN.US,5,20250918,205500,2.855,2.855,2.855,2.855,130,0
LPCN.US,5,20250918,210500,2.8685,2.8685,2.8685,2.8685,344,0
LPCN.US,5,20250918,211000,2.88,2.88,2.88,2.88,100,0
LPCN.US,5,20250918,211500,2.85,2.86,2.85,2.85,1900,0
LPCN.US,5,20250918,213500,2.85,2.85,2.85,2.85,500,0
LPCN.US,5,20250918,214500,2.86,2.86,2.85,2.85,1050,0
LPCN.US,5,20250918,215000,2.81,2.81,2.81,2.81,500,0
LPCN.US,5,20250919,153000,2.925,2.925,2.925,2.925,100,0
LPCN.US,5,20250919,155500,2.89,2.89,2.89,2.89,100,0
LPCN.US,5,20250919,161000,2.93,2.96,2.93,2.96,730,0
LPCN.US,5,20250919,163000,2.885,2.885,2.885,2.885,250,0
LPCN.US,5,20250919,170000,2.8565,2.885,2.8565,2.885,236,0
LPCN.US,5,20250919,182500,2.97,2.97,2.97,2.97,391,0
LPCN.US,5,20250919,192500,2.91,2.925,2.91,2.925,1000,0
LPCN.US,5,20250919,195000,2.92,2.92,2.92,2.92,178,0
LPCN.US,5,20250919,200500,2.92,2.92,2.92,2.92,322,0
LPCN.US,5,20250919,201500,2.89,2.89,2.89,2.89,200,0
LPCN.US,5,20250919,202000,2.9,2.9,2.9,2.9,220,0
LPCN.US,5,20250919,202500,2.8999,2.8999,2.8999,2.8999,170,0
LPCN.US,5,20250919,204000,2.89,2.89,2.89,2.89,339,0
LPCN.US,5,20250919,205000,2.86,2.86,2.86,2.86,280,0
LPCN.US,5,20250919,213000,2.88,2.88,2.8772,2.8772,996,0
LPCN.US,5,20250919,214000,2.87,2.87,2.85,2.85,980,0
LPCN.US,5,20250919,215500,2.87,2.88,2.87,2.88,1421,0
LPCN.US,5,20250922,160500,2.8548,2.8548,2.8548,2.8548,454,0
LPCN.US,5,20250922,162500,2.88,2.88,2.88,2.88,295,0
LPCN.US,5,20250922,164500,2.9007,2.9007,2.9007,2.9007,200,0
LPCN.US,5,20250922,171000,2.9,2.915,2.9,2.915,2500,0
LPCN.US,5,20250922,181000,2.88,2.88,2.86,2.86,232,0
LPCN.US,5,20250922,182000,2.8795,2.8795,2.8795,2.8795,300,0
LPCN.US,5,20250922,183000,2.8879,2.8879,2.8879,2.8879,720,0
LPCN.US,5,20250922,185000,2.873,2.873,2.873,2.873,350,0
LPCN.US,5,20250922,192500,2.88,2.88,2.88,2.88,100,0
LPCN.US,5,20250922,203000,2.87,2.87,2.87,2.87,100,0
LPCN.US,5,20250922,204000,2.86,2.86,2.86,2.86,400,0
LPCN.US,5,20250922,205000,2.84,2.84,2.84,2.84,1958,0
LPCN.US,5,20250922,212000,2.88,2.89,2.88,2.89,400,0
LPCN.US,5,20250922,212500,2.89,2.8902,2.85,2.85,1296,0
LPCN.US,5,20250922,213000,2.86,2.86,2.85,2.85,1000,0
LPCN.US,5,20250922,215500,2.86,2.86,2.86,2.86,196,0
LPCN.US,5,20250923,154000,2.8295,2.8295,2.82,2.82,750,0
LPCN.US,5,20250923,154500,2.82,2.82,2.82,2.82,100,0
LPCN.US,5,20250923,155000,2.825,2.8251,2.812533,2.812533,1270,0
LPCN.US,5,20250923,155500,2.825,2.825,2.825,2.825,300,0
LPCN.US,5,20250923,160500,2.82,2.825,2.82,2.825,1150,0
LPCN.US,5,20250923,161000,2.825,2.825,2.825,2.825,100,0
LPCN.US,5,20250923,161500,2.84,2.84,2.84,2.84,354,0
LPCN.US,5,20250923,162000,2.84,2.86,2.84,2.86,400,0
LPCN.US,5,20250923,163500,2.85,2.85,2.8456,2.8456,700,0
LPCN.US,5,20250923,171000,2.835,2.835,2.835,2.835,815,0
LPCN.US,5,20250923,182000,2.8499,2.8499,2.8499,2.8499,1000,0
LPCN.US,5,20250923,182500,2.83,2.83,2.83,2.83,400,0
LPCN.US,5,20250923,183000,2.8203,2.8203,2.8203,2.8203,500,0
LPCN.US,5,20250923,183500,2.83,2.83,2.82,2.82,631,0
LPCN.US,5,20250923,184000,2.85,2.85,2.85,2.85,100,0
LPCN.US,5,20250923,185000,2.8201,2.8201,2.8201,2.8201,100,0
LPCN.US,5,20250923,185500,2.83,2.83,2.83,2.83,152,0
LPCN.US,5,20250923,192000,2.8399,2.8399,2.8399,2.8399,600,0
LPCN.US,5,20250923,202000,2.83,2.83,2.83,2.83,140,0
LPCN.US,5,20250923,202500,2.824,2.8499,2.824,2.8499,700,0
LPCN.US,5,20250923,205500,2.8294,2.8294,2.8294,2.8294,100,0
LPCN.US,5,20250923,212000,2.82,2.82,2.82,2.82,171,0
LPCN.US,5,20250923,213000,2.81,2.8209,2.8,2.815,7266,0
LPCN.US,5,20250923,213500,2.8,2.8,2.785,2.785,6673,0
LPCN.US,5,20250923,214500,2.77,2.77,2.76,2.76,600,0
LPCN.US,5,20250923,215000,2.7699,2.7699,2.75,2.75,1531,0
LPCN.US,5,20250923,215500,2.77,2.77,2.76,2.76,990,0
LPCN.US,5,20250924,154000,2.8299,2.8299,2.78,2.78,1353,0
LPCN.US,5,20250924,154500,2.78,2.78,2.78,2.78,353,0
LPCN.US,5,20250924,163500,2.74,2.75,2.74,2.75,2152,0
LPCN.US,5,20250924,165500,2.7389,2.7389,2.7389,2.7389,1000,0
LPCN.US,5,20250924,172500,2.78,2.78,2.78,2.78,200,0
LPCN.US,5,20250924,175000,2.76,2.76,2.76,2.76,100,0
LPCN.US,5,20250924,182500,2.7846,2.7846,2.7846,2.7846,400,0
LPCN.US,5,20250924,200000,2.7625,2.7625,2.7625,2.7625,500,0
LPCN.US,5,20250924,201000,2.7349,2.7349,2.7349,2.7349,500,0
LPCN.US,5,20250924,202000,2.75,2.75,2.75,2.75,361,0
LPCN.US,5,20250924,202500,2.75,2.7543,2.75,2.7543,1639,0
LPCN.US,5,20250924,203000,2.73,2.7374,2.73,2.7374,355,0
LPCN.US,5,20250924,205500,2.7699,2.7699,2.7699,2.7699,1000,0
LPCN.US,5,20250924,210500,2.7659,2.7659,2.73,2.7659,1800,0
LPCN.US,5,20250924,213000,2.73,2.7578,2.72,2.72,2784,0
LPCN.US,5,20250924,213500,2.7,2.7,2.7,2.7,164,0
LPCN.US,5,20250924,214000,2.68,2.68,2.68,2.68,171,0
LPCN.US,5,20250924,215000,2.71,2.71,2.71,2.71,1000,0
LPCN.US,5,20250924,215500,2.72,2.76,2.7,2.76,1079,0
LPCN.US,5,20250925,153000,2.72,2.72,2.72,2.72,734,0
LPCN.US,5,20250925,153500,2.7287,2.7287,2.7287,2.7287,500,0
LPCN.US,5,20250925,154000,2.7141,2.7141,2.7141,2.7141,500,0
LPCN.US,5,20250925,160000,2.755,2.755,2.755,2.755,2000,0
LPCN.US,5,20250925,160500,2.7893,2.7893,2.7893,2.7893,235,0
LPCN.US,5,20250925,161000,2.72,2.73,2.72,2.72,490,0
LPCN.US,5,20250925,164500,2.77319,2.77319,2.77319,2.77319,100,0
LPCN.US,5,20250925,165500,2.73,2.73,2.72,2.72,425,0
LPCN.US,5,20250925,175000,2.7,2.7,2.7,2.7,1350,0
LPCN.US,5,20250925,180500,2.6999,2.6999,2.6999,2.6999,500,0
LPCN.US,5,20250925,181500,2.68,2.68,2.68,2.68,500,0
LPCN.US,5,20250925,182000,2.68,2.68,2.68,2.68,155,0
LPCN.US,5,20250925,182500,2.6752,2.7,2.65,2.7,2900,0
LPCN.US,5,20250925,183000,2.6996,2.6996,2.6996,2.6996,200,0
LPCN.US,5,20250925,183500,2.68,2.68,2.66,2.66,329,0
LPCN.US,5,20250925,185000,2.68,2.68,2.68,2.68,100,0
LPCN.US,5,20250925,185500,2.68,2.68,2.68,2.68,100,0
LPCN.US,5,20250925,190500,2.68,2.6813,2.68,2.6813,300,0
LPCN.US,5,20250925,191500,2.69,2.7,2.69,2.7,2400,0
LPCN.US,5,20250925,194000,2.68,2.68,2.68,2.68,100,0
LPCN.US,5,20250925,200500,2.68,2.68,2.68,2.68,1912,0
LPCN.US,5,20250925,203500,2.67,2.6991,2.67,2.6991,893,0
LPCN.US,5,20250925,204500,2.675,2.6887,2.6741,2.6741,1000,0
LPCN.US,5,20250925,205500,2.69,2.69,2.6741,2.6741,1600,0
LPCN.US,5,20250925,211500,2.6601,2.6601,2.6601,2.6601,240,0
LPCN.US,5,20250925,213000,2.67,2.67,2.67,2.67,100,0
LPCN.US,5,20250925,215000,2.6998,2.6998,2.6998,2.6998,250,0
LPCN.US,5,20250925,215500,2.68,2.68,2.68,2.68,100,0
LPCN.US,5,20250926,153000,2.78,2.83,2.76,2.76,3140,0
LPCN.US,5,20250926,153500,2.8,2.8,2.8,2.8,100,0
LPCN.US,5,20250926,154000,2.7275,2.7275,2.7275,2.7275,100,0
LPCN.US,5,20250926,155500,2.74,2.74,2.68,2.68,4300,0
LPCN.US,5,20250926,160000,2.71,2.71,2.71,2.71,2197,0
LPCN.US,5,20250926,161500,2.73,2.73,2.73,2.73,400,0
LPCN.US,5,20250926,162000,2.78,2.78,2.78,2.78,2000,0
LPCN.US,5,20250926,164000,2.73,2.73,2.73,2.73,400,0
LPCN.US,5,20250926,173500,2.69,2.69,2.69,2.69,200,0
LPCN.US,5,20250926,174500,2.745,2.75,2.74,2.74,2000,0
LPCN.US,5,20250926,175000,2.75,2.75,2.75,2.75,200,0
LPCN.US,5,20250926,181000,2.71,2.71,2.71,2.71,209,0
LPCN.US,5,20250926,182000,2.73,2.73,2.73,2.73,200,0
LPCN.US,5,20250926,185500,2.71,2.71,2.71,2.71,128,0
LPCN.US,5,20250926,195000,2.6818,2.6818,2.6818,2.6818,100,0
LPCN.US,5,20250926,203000,2.68,2.68,2.68,2.68,750,0
LPCN.US,5,20250926,205500,2.7,2.72,2.7,2.72,500,0
LPCN.US,5,20250926,210000,2.7438,2.7438,2.7438,2.7438,200,0
LPCN.US,5,20250926,211000,2.68,2.68,2.68,2.68,1000,0
LPCN.US,5,20250926,211500,2.69,2.69,2.69,2.69,100,0
LPCN.US,5,20250926,214000,2.68,2.68,2.68,2.68,400,0
LPCN.US,5,20250926,215000,2.7,2.7,2.7,2.7,100,0
LPCN.US,5,20250926,215500,2.7,2.73,2.69,2.73,2600,0
LPCN.US,5,20250929,160500,2.75,2.75,2.73,2.73,3116,0
LPCN.US,5,20250929,165000,2.8149,2.8149,2.795,2.8094,1619,0
LPCN.US,5,20250929,171000,2.81,2.81,2.81,2.81,462,0
LPCN.US,5,20250929,172500,2.77,2.77,2.77,2.77,326,0
LPCN.US,5,20250929,182500,2.79,2.79,2.79,2.79,266,0
LPCN.US,5,20250929,183500,2.81,2.81,2.81,2.81,100,0
LPCN.US,5,20250929,184000,2.8,2.8,2.8,2.8,100,0
LPCN.US,5,20250929,202500,2.81,2.81,2.81,2.81,135,0
LPCN.US,5,20250929,212000,2.8,2.8,2.8,2.8,921,0
LPCN.US,5,20250929,213000,2.7925,2.7925,2.7925,2.7925,100,0
LPCN.US,5,20250929,214500,2.8,2.8,2.8,2.8,100,0
LPCN.US,5,20250929,215500,2.8,2.81,2.8,2.81,431,0
LPCN.US,5,20250930,153000,2.77,2.77,2.77,2.77,1000,0
LPCN.US,5,20250930,154000,2.8304,2.8304,2.8304,2.8304,130,0
LPCN.US,5,20250930,160000,2.82,2.82,2.82,2.82,500,0
LPCN.US,5,20250930,162000,2.8469,2.85,2.8469,2.85,500,0
LPCN.US,5,20250930,163000,2.85,2.85,2.82,2.85,1900,0
LPCN.US,5,20250930,164500,2.835,2.85,2.82,2.82,4636,0
LPCN.US,5,20250930,172500,2.8694,2.8694,2.8694,2.8694,400,0
LPCN.US,5,20250930,174000,2.94,2.94,2.94,2.94,100,0
LPCN.US,5,20250930,174500,2.9,2.9,2.9,2.9,100,0
LPCN.US,5,20250930,181000,2.855,2.89,2.83,2.86,1400,0
LPCN.US,5,20250930,181500,2.85,2.85,2.85,2.85,100,0
LPCN.US,5,20250930,184000,2.84,2.84,2.84,2.84,100,0
LPCN.US,5,20250930,193000,2.8324,2.8324,2.8324,2.8324,650,0
LPCN.US,5,20250930,193500,2.83,2.83,2.83,2.83,100,0
LPCN.US,5,20250930,194500,2.8324,2.8324,2.8324,2.8324,1000,0
LPCN.US,5,20250930,195500,2.8276,2.8276,2.8276,2.8276,500,0
LPCN.US,5,20250930,200000,2.8202,2.8202,2.8202,2.8202,149,0
LPCN.US,5,20250930,201000,2.84,2.84,2.84,2.84,100,0
LPCN.US,5,20250930,204500,2.83,2.84,2.83,2.84,600,0
LPCN.US,5,20250930,205000,2.8492,2.8492,2.8492,2.8492,500,0
LPCN.US,5,20250930,213500,2.85,2.85,2.85,2.85,329,0
LPCN.US,5,20250930,214500,2.8498,2.85,2.8498,2.85,250,0
LPCN.US,5,20250930,215500,2.846,2.85,2.846,2.85,400,0
LPCN.US,5,20251001,153000,2.93,2.94,2.83,2.83,3389,0
LPCN.US,5,20251001,153500,2.8918,2.8918,2.8918,2.8918,100,0
LPCN.US,5,20251001,154000,2.86,2.86,2.86,2.86,100,0
LPCN.US,5,20251001,155000,2.8966,2.8966,2.89,2.89,707,0
LPCN.US,5,20251001,170500,2.905,2.905,2.905,2.905,706,0
LPCN.US,5,20251001,172500,2.9347,2.9347,2.9347,2.9347,850,0
LPCN.US,5,20251001,173500,2.92,2.935,2.92,2.935,530,0
LPCN.US,5,20251001,174000,2.935,2.935,2.935,2.935,600,0
LPCN.US,5,20251001,174500,2.94,2.94,2.94,2.94,130,0
LPCN.US,5,20251001,175000,2.93,2.93,2.93,2.93,1619,0
LPCN.US,5,20251001,180000,2.93,2.93,2.9,2.9,2455,0
LPCN.US,5,20251001,181000,2.91,2.91,2.91,2.91,172,0
LPCN.US,5,20251001,191000,2.9,2.9,2.9,2.9,150,0
LPCN.US,5,20251001,191500,2.885,2.9,2.885,2.885,654,0
LPCN.US,5,20251001,192000,2.931,2.931,2.931,2.931,100,0
LPCN.US,5,20251001,193500,2.93,2.94,2.93,2.94,1763,0
LPCN.US,5,20251001,194000,2.94,2.94,2.94,2.94,300,0
LPCN.US,5,20251001,204500,2.935,2.935,2.93,2.93,875,0
LPCN.US,5,20251001,211500,2.94,2.94,2.94,2.94,1314,0
LPCN.US,5,20251001,212500,2.95,2.95,2.947,2.95,1773,0
LPCN.US,5,20251001,215500,2.96,2.97,2.95,2.97,760,0
LPCN.US,5,20251002,153000,3,3,3,3,1015,0
LPCN.US,5,20251002,154000,3,3,3,3,100,0
LPCN.US,5,20251002,155000,2.9822,2.9822,2.9691,2.9691,4319,0
LPCN.US,5,20251002,160000,2.97,2.97,2.97,2.97,1000,0
LPCN.US,5,20251002,160500,2.97,2.97,2.9594,2.9594,1622,0
LPCN.US,5,20251002,162500,2.97,2.97,2.961,2.97,1496,0
LPCN.US,5,20251002,163000,2.965,2.9692,2.965,2.9692,600,0
LPCN.US,5,20251002,163500,2.97,3,2.96,2.9699,4088,0
LPCN.US,5,20251002,164500,3,3,2.9963,2.9963,645,0
LPCN.US,5,20251002,165000,3.0406,3.0406,3.0406,3.0406,100,0
LPCN.US,5,20251002,165500,3.0466,3.0466,3.0466,3.0466,1500,0
LPCN.US,5,20251002,171500,3.025,3.025,3.025,3.025,1000,0
LPCN.US,5,20251002,172000,3.05,3.05,3.05,3.05,100,0
LPCN.US,5,20251002,172500,3.04,3.05,3.04,3.05,928,0
LPCN.US,5,20251002,173000,3.03,3.03,3.03,3.03,100,0
LPCN.US,5,20251002,174500,3.02,3.02,3.02,3.02,100,0
LPCN.US,5,20251002,175500,3.05,3.05,3.0201,3.0244,5208,0
LPCN.US,5,20251002,180000,3.035,3.035,3.035,3.035,400,0
LPCN.US,5,20251002,180500,3.02,3.02,3,3,1356,0
LPCN.US,5,20251002,181000,3.014,3.014,3.014,3.014,500,0
LPCN.US,5,20251002,182500,3.0344,3.0344,3.0344,3.0344,225,0
LPCN.US,5,20251002,183500,3.03,3.03,3.03,3.03,100,0
LPCN.US,5,20251002,184000,3.02,3.02,3.02,3.02,350,0
LPCN.US,5,20251002,190500,3.0333,3.0333,3.0333,3.0333,2000,0
LPCN.US,5,20251002,191500,3.025,3.025,3.025,3.025,900,0
LPCN.US,5,20251002,192000,3.05,3.05,3.045,3.045,3000,0
LPCN.US,5,20251002,192500,3.0401,3.05,3.0401,3.05,3311,0
LPCN.US,5,20251002,193000,3.0718,3.0718,3.0718,3.0718,1000,0
LPCN.US,5,20251002,193500,3.075,3.075,3.06,3.06,588,0
LPCN.US,5,20251002,200000,3.08,3.08,3.08,3.08,322,0
LPCN.US,5,20251002,202500,3.08,3.08,3.08,3.08,1000,0
LPCN.US,5,20251002,203000,3.0753,3.08,3.0753,3.08,2578,0
LPCN.US,5,20251002,204000,3.0999,3.0999,3.08,3.08,1100,0
LPCN.US,5,20251002,204500,3.09,3.09,3.0815,3.0815,1300,0
LPCN.US,5,20251002,205000,3.0802,3.0802,3.0802,3.0802,1000,0
LPCN.US,5,20251002,205500,3.0855,3.0855,3.08,3.08,450,0
LPCN.US,5,20251002,210000,3.08,3.08,3.08,3.08,162,0
LPCN.US,5,20251002,212000,3.0899,3.09,3.0896,3.09,1900,0
LPCN.US,5,20251002,212500,3.09,3.09,3.09,3.09,427,0
LPCN.US,5,20251002,213000,3.09,3.09,3.09,3.09,100,0
LPCN.US,5,20251002,213500,3.084,3.084,3.08,3.08,1000,0
LPCN.US,5,20251002,214500,3.0812,3.0812,3.0786,3.0786,400,0
LPCN.US,5,20251002,215000,3.08,3.08,3.07,3.07,600,0
LPCN.US,5,20251002,215500,3.075,3.09,3.075,3.09,651,0
LPCN.US,5,20251003,153000,3.15,3.18,3.1,3.18,3889,0
LPCN.US,5,20251003,153500,3.16,3.18,3.109,3.109,1710,0
LPCN.US,5,20251003,154000,3.18,3.18,3.15,3.165,2234,0
LPCN.US,5,20251003,154500,3.1654,3.1654,3.1654,3.1654,257,0
LPCN.US,5,20251003,155500,3.175,3.18,3.1735,3.1735,1520,0
LPCN.US,5,20251003,160500,3.1745,3.1745,3.1745,3.1745,400,0
LPCN.US,5,20251003,161000,3.18,3.18,3.18,3.18,1100,0
LPCN.US,5,20251003,161500,3.1783,3.2,3.1783,3.2,3045,0
LPCN.US,5,20251003,162000,3.22,3.2656,3.22,3.265,4573,0
LPCN.US,5,20251003,163500,3.3,3.316,3.28,3.316,2506,0
LPCN.US,5,20251003,164000,3.3299,3.3299,3.3208,3.3208,1818,0
LPCN.US,5,20251003,164500,3.32,3.33,3.32,3.33,10840,0
LPCN.US,5,20251003,165000,3.356,3.3699,3.33,3.3699,2554,0
LPCN.US,5,20251003,165500,3.33,3.3689,3.33,3.3689,2300,0
LPCN.US,5,20251003,170000,3.34,3.34,3.34,3.34,2000,0
LPCN.US,5,20251003,171000,3.3574,3.3574,3.3574,3.3574,2000,0
LPCN.US,5,20251003,171500,3.37,3.39,3.37,3.39,2022,0
LPCN.US,5,20251003,172000,3.37,3.4299,3.37,3.4,5560,0
LPCN.US,5,20251003,172500,3.42,3.42,3.3651,3.4127,3521,0
LPCN.US,5,20251003,173000,3.43,3.44,3.41,3.41,9160,0
LPCN.US,5,20251003,173500,3.42,3.42,3.42,3.42,495,0
LPCN.US,5,20251003,174000,3.4224,3.4224,3.42,3.42,500,0
LPCN.US,5,20251003,174500,3.4204,3.4204,3.4112,3.4112,1200,0
LPCN.US,5,20251003,175000,3.42,3.42,3.3,3.3,17438,0
LPCN.US,5,20251003,175500,3.39,3.39,3.345,3.38,2690,0
LPCN.US,5,20251003,180500,3.35,3.3899,3.31,3.31,3100,0
LPCN.US,5,20251003,181500,3.3836,3.3836,3.3836,3.3836,150,0
LPCN.US,5,20251003,182000,3.3434,3.3434,3.3434,3.3434,1000,0
LPCN.US,5,20251003,182500,3.36,3.37,3.32,3.32,2200,0
LPCN.US,5,20251003,183500,3.3526,3.36,3.3526,3.36,208,0
LPCN.US,5,20251003,184500,3.335,3.37,3.3,3.3,8150,0
LPCN.US,5,20251003,185000,3.3,3.36,3.3,3.3,2200,0
LPCN.US,5,20251003,185500,3.329397,3.34,3.3,3.3,3350,0
LPCN.US,5,20251003,190000,3.3,3.3244,3.26,3.3244,6214,0
LPCN.US,5,20251003,190500,3.26,3.26,3.26,3.26,700,0
LPCN.US,5,20251003,191000,3.26,3.26,3.26,3.26,800,0
LPCN.US,5,20251003,191500,3.26,3.2668,3.26,3.26,2523,0
LPCN.US,5,20251003,192000,3.26,3.2882,3.2,3.2,1902,0
LPCN.US,5,20251003,192500,3.2,3.25,3.2,3.23,1800,0
LPCN.US,5,20251003,193000,3.2297,3.251786,3.2297,3.251786,300,0
LPCN.US,5,20251003,194000,3.2,3.2,3.2,3.2,100,0
LPCN.US,5,20251003,194500,3.23,3.23,3.23,3.23,100,0
LPCN.US,5,20251003,200000,3.24,3.24,3.24,3.24,100,0
LPCN.US,5,20251003,201000,3.24,3.24,3.225,3.225,200,0
LPCN.US,5,20251003,201500,3.249,3.249,3.249,3.249,100,0
LPCN.US,5,20251003,202000,3.25,3.26,3.24,3.24,600,0
LPCN.US,5,20251003,203000,3.3,3.3,3.3,3.3,195,0
LPCN.US,5,20251003,204000,3.3,3.3,3.3,3.3,100,0
LPCN.US,5,20251003,205000,3.3,3.3,3.3,3.3,100,0
LPCN.US,5,20251003,210000,3.262,3.262,3.262,3.262,300,0
LPCN.US,5,20251003,210500,3.29,3.3153,3.2696,3.3153,744,0
LPCN.US,5,20251003,211000,3.285,3.285,3.27,3.27,1000,0
LPCN.US,5,20251003,211500,3.305,3.305,3.305,3.305,300,0
LPCN.US,5,20251003,212000,3.3301,3.3301,3.3301,3.3301,1200,0
LPCN.US,5,20251003,212500,3.3235,3.3235,3.3235,3.3235,932,0
LPCN.US,5,20251003,213000,3.3,3.3,3.3,3.3,985,0
LPCN.US,5,20251003,213500,3.2915,3.2915,3.28,3.28,433,0
LPCN.US,5,20251003,214000,3.3379,3.3379,3.3379,3.3379,300,0
LPCN.US,5,20251003,214500,3.3,3.38,3.3,3.38,12950,0
LPCN.US,5,20251003,215500,3.305,3.35,3.26,3.35,2493,0
LPCN.US,5,20251006,153000,3.4,3.4699,3.3765,3.45,18983,0
LPCN.US,5,20251006,153500,3.4377,3.45,3.37,3.45,2577,0
LPCN.US,5,20251006,154000,3.425,3.45,3.4,3.405,15799,0
LPCN.US,5,20251006,154500,3.44,3.48,3.37,3.47,11222,0
LPCN.US,5,20251006,155000,3.4382,3.4382,3.37,3.37,400,0
LPCN.US,5,20251006,155500,3.42,3.435,3.37,3.4,3730,0
LPCN.US,5,20251006,160000,3.435,3.4693,3.37,3.4693,3276,0
LPCN.US,5,20251006,160500,3.435,3.46,3.37,3.42,7420,0
LPCN.US,5,20251006,161000,3.42,3.42,3.37,3.37,2989,0
LPCN.US,5,20251006,161500,3.4005,3.47,3.38,3.4,3093,0
LPCN.US,5,20251006,162000,3.4,3.45,3.4,3.41,1351,0
LPCN.US,5,20251006,162500,3.41,3.43,3.4,3.42,900,0
LPCN.US,5,20251006,163000,3.46,3.46,3.42,3.42,2400,0
LPCN.US,5,20251006,163500,3.42,3.455,3.42,3.42,500,0
LPCN.US,5,20251006,164000,3.42,3.42,3.42,3.42,400,0
LPCN.US,5,20251006,164500,3.42,3.48,3.42,3.43,6052,0
LPCN.US,5,20251006,165000,3.4201,3.425,3.4,3.4,1384,0
LPCN.US,5,20251006,165500,3.4072,3.47,3.4,3.4,5300,0
LPCN.US,5,20251006,170000,3.4,3.44,3.4,3.4,1087,0
LPCN.US,5,20251006,170500,3.4,3.44,3.4,3.44,500,0
LPCN.US,5,20251006,171000,3.44,3.44,3.4,3.44,900,0
LPCN.US,5,20251006,171500,3.4,3.48,3.4,3.4,615,0
LPCN.US,5,20251006,172000,3.4,3.408,3.4,3.4,1250,0
LPCN.US,5,20251006,172500,3.4,3.479,3.4,3.479,1082,0
LPCN.US,5,20251006,173000,3.4,3.478,3.4,3.4,1050,0
LPCN.US,5,20251006,173500,3.4,3.46,3.4,3.4,600,0
LPCN.US,5,20251006,174000,3.4,3.4,3.4,3.4,2900,0
LPCN.US,5,20251006,174500,3.4,3.45,3.37,3.38,8896,0
LPCN.US,5,20251006,175000,3.39,3.4,3.38,3.4,5800,0
LPCN.US,5,20251006,175500,3.44,3.4799,3.37,3.38,10400,0
LPCN.US,5,20251006,180000,3.43,3.442,3.38,3.41,8400,0
LPCN.US,5,20251006,180500,3.41,3.52,3.4,3.5,14765,0
LPCN.US,5,20251006,181000,3.5,3.5,3.4,3.4,2841,0
LPCN.US,5,20251006,181500,3.4,3.4,3.4,3.4,1200,0
LPCN.US,5,20251006,182000,3.4,3.4,3.4,3.4,1000,0
LPCN.US,5,20251006,182500,3.4,3.44,3.4,3.4,1300,0
LPCN.US,5,20251006,183000,3.4,3.4799,3.38,3.38,6048,0
LPCN.US,5,20251006,183500,3.38,3.38,3.37,3.37,700,0
LPCN.US,5,20251006,184000,3.375,3.375,3.37,3.37,700,0
LPCN.US,5,20251006,184500,3.37,3.38,3.37,3.37,900,0
LPCN.US,5,20251006,185000,3.37,3.37,3.37,3.37,400,0
LPCN.US,5,20251006,185500,3.37,3.52,3.37,3.505,14295,0
LPCN.US,5,20251006,190000,3.51,3.51,3.38,3.38,1400,0
LPCN.US,5,20251006,190500,3.38,3.41,3.38,3.41,1400,0
LPCN.US,5,20251006,191000,3.42,3.45,3.42,3.44,1900,0
LPCN.US,5,20251006,191500,3.44,3.47,3.42,3.42,2000,0
LPCN.US,5,20251006,192000,3.42,3.43,3.4,3.4,4183,0
LPCN.US,5,20251006,192500,3.48,3.49,3.42,3.42,3444,0
LPCN.US,5,20251006,193000,3.42,3.45,3.4,3.4,6641,0
LPCN.US,5,20251006,193500,3.4,3.415,3.4,3.4,1800,0
LPCN.US,5,20251006,194000,3.41,3.42,3.4,3.4,1900,0
LPCN.US,5,20251006,194500,3.4,3.41,3.37,3.37,5106,0
LPCN.US,5,20251006,195000,3.37,3.37,3.37,3.37,400,0
LPCN.US,5,20251006,195500,3.37,3.37,3.37,3.37,400,0
LPCN.US,5,20251006,200000,3.37,3.3701,3.3,3.31,8851,0
LPCN.US,5,20251006,200500,3.31,3.31,3.31,3.31,600,0
LPCN.US,5,20251006,201000,3.31,3.34,3.31,3.31,1930,0
LPCN.US,5,20251006,201500,3.35,3.38,3.35,3.35,1950,0
LPCN.US,5,20251006,202000,3.31,3.36,3.31,3.31,3476,0
LPCN.US,5,20251006,202500,3.37,3.37,3.3,3.3,1129,0
LPCN.US,5,20251006,203000,3.3,3.3,3.3,3.3,900,0
LPCN.US,5,20251006,203500,3.3,3.3,3.3,3.3,100,0
LPCN.US,5,20251006,204000,3.31,3.3366,3.3,3.3,4359,0
LPCN.US,5,20251006,204500,3.3,3.3,3.3,3.3,800,0
LPCN.US,5,20251006,205000,3.2601,3.2601,3.13,3.13,20437,0
LPCN.US,5,20251006,205500,3.215,3.215,3.13,3.14,1000,0
LPCN.US,5,20251006,211500,3.2,3.21,3.2,3.21,2100,0
LPCN.US,5,20251006,212000,3.2936,3.2936,3.2936,3.2936,685,0
LPCN.US,5,20251006,213000,3.27,3.28,3.25,3.27,591,0
LPCN.US,5,20251006,213500,3.29,3.34,3.29,3.3,6719,0
LPCN.US,5,20251006,214000,3.25,3.26,3.25,3.25,3311,0
LPCN.US,5,20251006,214500,3.25,3.26,3.2,3.2,19012,0
LPCN.US,5,20251006,215000,3.2,3.2,3.2,3.2,6185,0
LPCN.US,5,20251006,215500,3.2,3.24,3.2,3.2,7361,0
LPCN.US,5,20251007,153000,3.22,3.22,3.21,3.21,2526,0
LPCN.US,5,20251007,153500,3.22,3.4136,3.22,3.4136,1295,0
LPCN.US,5,20251007,154000,3.33,3.33,3.33,3.33,200,0
LPCN.US,5,20251007,154500,3.2585,3.2585,3.21,3.21,4494,0
LPCN.US,5,20251007,155000,3.17,3.17,3.166,3.166,1248,0
LPCN.US,5,20251007,155500,3.17,3.22,3.17,3.22,812,0
LPCN.US,5,20251007,160000,3.2382,3.2382,3.2382,3.2382,2000,0
LPCN.US,5,20251007,160500,3.23,3.23,3.225,3.225,2600,0
LPCN.US,5,20251007,161000,3.24,3.28,3.2,3.2,2800,0
LPCN.US,5,20251007,161500,3.2,3.2,3.2,3.2,200,0
LPCN.US,5,20251007,162000,3.2,3.2,3.178,3.178,1113,0
LPCN.US,5,20251007,162500,3.1713,3.21,3.1713,3.21,860,0
LPCN.US,5,20251007,163000,3.21,3.21,3.17,3.2005,2205,0
LPCN.US,5,20251007,163500,3.205,3.2491,3.205,3.23,1445,0
LPCN.US,5,20251007,164000,3.205,3.205,3.205,3.205,100,0
LPCN.US,5,20251007,164500,3.2,3.2,3.2,3.2,500,0
LPCN.US,5,20251007,174000,3.2,3.24,3.2,3.2,2900,0
LPCN.US,5,20251007,175000,3.21,3.21,3.21,3.21,100,0
LPCN.US,5,20251007,175500,3.2097,3.2097,3.2097,3.2097,150,0
LPCN.US,5,20251007,180500,3.1941,3.1941,3.1941,3.1941,118,0
LPCN.US,5,20251007,181000,3.1931,3.1931,3.1931,3.1931,200,0
LPCN.US,5,20251007,181500,3.1901,3.1901,3.1901,3.1901,750,0
LPCN.US,5,20251007,185000,3.23,3.23,3.23,3.23,153,0
LPCN.US,5,20251007,191500,3.225,3.225,3.2,3.2,300,0
LPCN.US,5,20251007,194000,3.21,3.22,3.19,3.19,1100,0
LPCN.US,5,20251007,200000,3.22,3.22,3.2,3.2,1010,0
LPCN.US,5,20251007,201500,3.2,3.2,3.2,3.2,750,0
LPCN.US,5,20251007,204000,3.2,3.22,3.195,3.22,6308,0
LPCN.US,5,20251007,204500,3.21,3.23,3.19,3.22,12575,0
LPCN.US,5,20251007,205000,3.2,3.22,3.1825,3.1825,4383,0
LPCN.US,5,20251007,205500,3.2,3.21,3.2,3.2,3146,0
LPCN.US,5,20251007,210500,3.2,3.22,3.2,3.2,3300,0
LPCN.US,5,20251007,212500,3.2,3.2,3.2,3.2,100,0
LPCN.US,5,20251007,214500,3.24,3.24,3.24,3.24,225,0
LPCN.US,5,20251007,215000,3.215,3.215,3.215,3.215,500,0
LPCN.US,5,20251007,215500,3.225,3.23,3.22,3.22,546,0
LPCN.US,5,20251008,153000,3.22,3.25,3.22,3.25,6107,0
LPCN.US,5,20251008,153500,3.235,3.235,3.235,3.235,200,0
LPCN.US,5,20251008,154500,3.24,3.24,3.24,3.24,100,0
LPCN.US,5,20251008,155000,3.24,3.24,3.18,3.18,1060,0
LPCN.US,5,20251008,155500,3.243,3.25,3.2301,3.25,3321,0
LPCN.US,5,20251008,160000,3.2533,3.2533,3.2533,3.2533,700,0
LPCN.US,5,20251008,160500,3.255,3.2812,3.23,3.23,2500,0
LPCN.US,5,20251008,161000,3.22,3.22,3.22,3.22,1700,0
LPCN.US,5,20251008,161500,3.255,3.255,3.255,3.255,100,0
LPCN.US,5,20251008,162000,3.255,3.255,3.22,3.22,800,0
LPCN.US,5,20251008,164000,3.23,3.235,3.23,3.235,200,0
LPCN.US,5,20251008,165000,3.2,3.2,3.2,3.2,100,0
LPCN.US,5,20251008,165500,3.21,3.21,3.18,3.18,2753,0
LPCN.US,5,20251008,170000,3.2,3.2,3.2,3.2,138,0
LPCN.US,5,20251008,170500,3.19,3.19,3.19,3.19,100,0
LPCN.US,5,20251008,171000,3.19,3.19,3.18,3.18,5865,0
LPCN.US,5,20251008,173500,3.19,3.19,3.19,3.19,200,0
LPCN.US,5,20251008,174000,3.18,3.2058,3.18,3.2058,3224,0
LPCN.US,5,20251008,175000,3.2305,3.2305,3.1932,3.195,868,0
LPCN.US,5,20251008,180000,3.17,3.17,3.17,3.17,100,0
LPCN.US,5,20251008,181000,3.2,3.2,3.2,3.2,100,0
LPCN.US,5,20251008,181500,3.17,3.17,3.17,3.17,100,0
LPCN.US,5,20251008,183000,3.2392,3.2392,3.17,3.17,495,0
LPCN.US,5,20251008,183500,3.2,3.2,3.1601,3.1601,395,0
LPCN.US,5,20251008,184500,3.17,3.17,3.17,3.17,100,0
LPCN.US,5,20251008,185500,3.1724,3.1724,3.17,3.17,200,0
LPCN.US,5,20251008,193500,3.17,3.17,3.17,3.17,100,0
LPCN.US,5,20251008,194500,3.1752,3.1752,3.1752,3.1752,1000,0
LPCN.US,5,20251008,200000,3.18,3.18,3.17,3.17,200,0
LPCN.US,5,20251008,202000,3.1738,3.18,3.11,3.143,6500,0
LPCN.US,5,20251008,202500,3.12,3.12,3.12,3.12,100,0
LPCN.US,5,20251008,203500,3.16,3.16,3.16,3.16,100,0
LPCN.US,5,20251008,204000,3.14,3.14,3.14,3.14,100,0
LPCN.US,5,20251008,205000,3.14,3.14,3.14,3.14,100,0
LPCN.US,5,20251008,214000,3.1873,3.19,3.1873,3.19,1600,0
LPCN.US,5,20251008,214500,3.19,3.1971,3.17,3.195,2700,0
LPCN.US,5,20251008,215000,3.19,3.19,3.16,3.16,900,0
LPCN.US,5,20251009,153000,3.15,3.15,3.15,3.15,1225,0
LPCN.US,5,20251009,155000,3.14,3.14,3.13,3.13,1600,0
LPCN.US,5,20251009,160500,3.135,3.135,3.135,3.135,280,0
LPCN.US,5,20251009,165000,3.1149,3.135,3.1149,3.135,389,0
LPCN.US,5,20251009,172000,3.145,3.1495,3.145,3.1495,400,0
LPCN.US,5,20251009,175000,3.13,3.13,3.13,3.13,200,0
LPCN.US,5,20251009,175500,3.13,3.14,3.11,3.135,10417,0
LPCN.US,5,20251009,180000,3.14,3.14,3.14,3.14,400,0
LPCN.US,5,20251009,180500,3.13,3.13,3.13,3.13,100,0
LPCN.US,5,20251009,181500,3.1313,3.1313,3.1313,3.1313,1952,0
LPCN.US,5,20251009,182000,3.14,3.14,3.12,3.12,1800,0
LPCN.US,5,20251009,182500,3.1104,3.1104,3.1104,3.1104,300,0
LPCN.US,5,20251009,183000,3.12,3.12,3.12,3.12,100,0
LPCN.US,5,20251009,184500,3.12,3.14,3.1105,3.14,770,0
LPCN.US,5,20251009,193000,3.13,3.13,3.13,3.13,140,0
LPCN.US,5,20251009,193500,3.11,3.11,3.11,3.11,100,0
LPCN.US,5,20251009,195000,3.11,3.11,3.11,3.11,300,0
LPCN.US,5,20251009,200000,3.1,3.1,3.1,3.1,535,0
LPCN.US,5,20251009,204000,3.11,3.11,3.11,3.11,1000,0
LPCN.US,5,20251009,204500,3.1014,3.1014,3.08,3.095,1107,0
LPCN.US,5,20251009,205000,3.1,3.1,3.1,3.1,200,0
LPCN.US,5,20251009,205500,3.1,3.1,3.08,3.08,1157,0
LPCN.US,5,20251009,212000,3.1,3.11,3.09,3.11,2214,0
LPCN.US,5,20251009,213000,3.12,3.12,3.12,3.12,100,0
LPCN.US,5,20251009,213500,3.13,3.13,3.13,3.13,100,0
LPCN.US,5,20251009,214000,3.13,3.13,3.13,3.13,300,0
LPCN.US,5,20251009,215000,3.15,3.15,3.15,3.15,300,0
LPCN.US,5,20251009,215500,3.15,3.15,3.15,3.15,255,0
LPCN.US,5,20251010,153000,3.16,3.2017,3.16,3.2,826,0
LPCN.US,5,20251010,162000,3.18,3.18,3.18,3.18,174,0
LPCN.US,5,20251010,162500,3.1885,3.1885,3.15,3.155,6329,0
LPCN.US,5,20251010,163000,3.19,3.22,3.19,3.22,300,0
LPCN.US,5,20251010,164500,3.1497,3.1497,3.1497,3.1497,100,0
LPCN.US,5,20251010,171000,3.15,3.155,3.15,3.155,409,0
LPCN.US,5,20251010,172000,3.165,3.165,3.165,3.165,100,0
LPCN.US,5,20251010,173500,3.1187,3.1187,3.1109,3.1109,2400,0
LPCN.US,5,20251010,174500,3.1187,3.1187,3.1187,3.1187,400,0
LPCN.US,5,20251010,180500,3.155,3.155,3.1,3.1,6009,0
LPCN.US,5,20251010,183500,3.1,3.115,3.07,3.115,2205,0
LPCN.US,5,20251010,191500,3.13,3.13,3.13,3.13,100,0
LPCN.US,5,20251010,193500,3.12,3.135,3.12,3.135,788,0
LPCN.US,5,20251010,194500,3.11,3.11,3.11,3.11,275,0
LPCN.US,5,20251010,200000,3.08,3.08,3.08,3.08,500,0
LPCN.US,5,20251010,203000,3.09,3.09,3.09,3.09,100,0
LPCN.US,5,20251010,204000,3.09,3.09,3.09,3.09,118,0
LPCN.US,5,20251010,205500,3.07,3.07,3.07,3.07,236,0
LPCN.US,5,20251010,214000,3.1,3.1,3.1,3.1,150,0
LPCN.US,5,20251010,215000,3.1,3.1,3.1,3.1,1134,0
LPCN.US,5,20251013,153000,3.05,3.06,3.05,3.06,471,0
LPCN.US,5,20251013,160000,3.0747,3.0747,3.0747,3.0747,390,0
LPCN.US,5,20251013,160500,3.0968,3.0968,3.095,3.095,321,0
LPCN.US,5,20251013,164000,3.0758,3.0758,3.0758,3.0758,100,0
LPCN.US,5,20251013,165000,3.08,3.08,3.08,3.08,100,0
LPCN.US,5,20251013,175000,3.08,3.08,3.08,3.08,200,0
LPCN.US,5,20251013,175500,3.08,3.08,3.08,3.08,100,0
LPCN.US,5,20251013,180500,3.0893,3.0893,3.0893,3.0893,100,0
LPCN.US,5,20251013,182500,3.1,3.1,3.1,3.1,750,0
LPCN.US,5,20251013,192500,3.125,3.125,3.12,3.12,800,0
LPCN.US,5,20251013,193500,3.12,3.12,3.12,3.12,100,0
LPCN.US,5,20251013,195000,3.12,3.12,3.12,3.12,200,0
LPCN.US,5,20251013,195500,3.12,3.12,3.12,3.12,279,0
LPCN.US,5,20251013,201500,3.13,3.13,3.13,3.13,500,0
LPCN.US,5,20251013,202500,3.13,3.135,3.13,3.135,493,0
LPCN.US,5,20251013,205000,3.12,3.12,3.12,3.12,100,0
LPCN.US,5,20251013,211500,3.07,3.07,3.07,3.07,1250,0
LPCN.US,5,20251013,213500,3.11,3.11,3.11,3.11,100,0
LPCN.US,5,20251013,215000,3.12,3.12,3.12,3.12,400,0
LPCN.US,5,20251013,215500,3.09,3.09,3.09,3.09,100,0
LPCN.US,5,20251014,153000,3.05,3.05,3.05,3.05,181,0
LPCN.US,5,20251014,153500,3.05,3.0503,3.05,3.0503,310,0
LPCN.US,5,20251014,154000,3.05,3.05,3.03,3.03,3363,0
LPCN.US,5,20251014,155000,3.0356,3.0695,3.0356,3.0695,796,0
LPCN.US,5,20251014,161000,3.0301,3.0301,3.0301,3.0301,500,0
LPCN.US,5,20251014,163500,3.04,3.04,3.04,3.04,140,0
LPCN.US,5,20251014,165500,3.07,3.07,3.07,3.07,100,0
LPCN.US,5,20251014,170500,3.03,3.03,3.03,3.03,300,0
LPCN.US,5,20251014,174500,3.0685,3.0685,3.0685,3.0685,1148,0
LPCN.US,5,20251014,183500,3.08,3.1,3.08,3.1,1400,0
LPCN.US,5,20251014,184000,3.1,3.1,3.1,3.1,200,0
LPCN.US,5,20251014,195000,3.1199,3.18,3.1199,3.18,6800,0
LPCN.US,5,20251014,200500,3.185,3.185,3.185,3.185,100,0
LPCN.US,5,20251014,203000,3.18,3.18,3.18,3.18,300,0
LPCN.US,5,20251014,213000,3.19,3.21,3.19,3.21,954,0
LPCN.US,5,20251014,215000,3.21,3.21,3.21,3.21,100,0
LPCN.US,5,20251015,153500,3.15,3.15,3.14,3.14,1850,0
LPCN.US,5,20251015,155500,3.2,3.2,3.2,3.2,200,0
LPCN.US,5,20251015,162000,3.1295,3.1295,3.1295,3.1295,100,0
LPCN.US,5,20251015,171000,3.17,3.17,3.17,3.17,1000,0
LPCN.US,5,20251015,181000,3.1401,3.1401,3.1401,3.1401,181,0
LPCN.US,5,20251015,185500,3.155,3.155,3.155,3.155,100,0
LPCN.US,5,20251015,190000,3.17,3.17,3.17,3.17,200,0
LPCN.US,5,20251015,190500,3.1699,3.1699,3.1699,3.1699,250,0
LPCN.US,5,20251015,192500,3.13,3.13,3.13,3.13,139,0
LPCN.US,5,20251015,195500,3.1265,3.1265,3.1265,3.1265,100,0
LPCN.US,5,20251015,200000,3.11,3.11,3.11,3.11,500,0
LPCN.US,5,20251015,205500,3.12,3.12,3.11,3.12,2427,0
LPCN.US,5,20251015,210500,3.0773,3.0773,3.0773,3.0773,1809,0
LPCN.US,5,20251015,213000,3.11,3.1101,3.11,3.1101,800,0
LPCN.US,5,20251016,153000,3.13,3.13,3.13,3.13,502,0
LPCN.US,5,20251016,153500,3.13,3.13,3.13,3.13,1000,0
LPCN.US,5,20251016,154000,3.11,3.125,3.07,3.0701,7630,0
LPCN.US,5,20251016,154500,3.0712,3.0712,3.0712,3.0712,400,0
LPCN.US,5,20251016,162500,3.1149,3.115,3.07,3.09,9881,0
LPCN.US,5,20251016,163000,3.13,3.13,3.05,3.05,9959,0
LPCN.US,5,20251016,163500,3.04,3.0401,3,3,4420,0
LPCN.US,5,20251016,164000,3.15,3.15,2.93,2.95,17101,0
LPCN.US,5,20251016,164500,2.985,2.985,2.9201,2.9201,18000,0
LPCN.US,5,20251016,171000,3.04,3.04,3.04,3.04,1925,0
LPCN.US,5,20251016,171500,3.09,3.09,3.09,3.09,200,0
LPCN.US,5,20251016,173000,3.08,3.11,3.08,3.1,583,0
LPCN.US,5,20251016,174500,3.11,3.11,3.11,3.11,629,0
LPCN.US,5,20251016,175000,3.11,3.11,3.11,3.11,400,0
LPCN.US,5,20251016,181500,3.11,3.14,3.11,3.14,4101,0
LPCN.US,5,20251016,182500,3.14,3.14,3.14,3.14,200,0
LPCN.US,5,20251016,183500,3.13,3.13,3.13,3.13,100,0
LPCN.US,5,20251016,184000,3.14,3.14,3.14,3.14,100,0
LPCN.US,5,20251016,190000,3.14,3.15,3.14,3.15,600,0
LPCN.US,5,20251016,190500,3.18,3.18,3.145,3.18,405,0
LPCN.US,5,20251016,192000,3.145,3.155,3.145,3.155,400,0
LPCN.US,5,20251016,192500,3.155,3.155,3.155,3.155,100,0
LPCN.US,5,20251016,193500,3.1861,3.1861,3.1861,3.1861,100,0
LPCN.US,5,20251016,194000,3.18,3.18,3.14,3.14,200,0
LPCN.US,5,20251016,195000,3.13,3.1314,3.13,3.1314,5366,0
LPCN.US,5,20251016,202500,3.19,3.19,3.19,3.19,180,0
LPCN.US,5,20251016,203000,3.1557,3.1557,3.1,3.1,1150,0
LPCN.US,5,20251016,203500,3.15,3.15,3.15,3.15,100,0
LPCN.US,5,20251016,204500,3.15,3.15,3.15,3.15,300,0
LPCN.US,5,20251016,205000,3.1501,3.1501,3.1501,3.1501,300,0
LPCN.US,5,20251016,210000,3.15,3.15,3.15,3.15,300,0
LPCN.US,5,20251016,212000,3.15,3.15,3.03,3.11,10488,0
LPCN.US,5,20251017,153000,3.14,3.14,3.14,3.14,501,0
LPCN.US,5,20251017,161000,3.1,3.1,3.051,3.051,1267,0
LPCN.US,5,20251017,161500,3.05,3.05,3.05,3.05,1623,0
LPCN.US,5,20251017,165000,3.03,3.03,3.03,3.03,100,0
LPCN.US,5,20251017,170500,3.035,3.035,3.035,3.035,100,0
LPCN.US,5,20251017,173000,3.02,3.02,3,3,1200,0
LPCN.US,5,20251017,175000,3,3,3,3,786,0
LPCN.US,5,20251017,184500,3.0094,3.01,3.0094,3.01,2000,0
LPCN.US,5,20251017,185000,2.98,2.98,2.98,2.98,200,0
LPCN.US,5,20251017,192500,3.0062,3.0062,3.0062,3.0062,100,0
LPCN.US,5,20251017,202500,3,3,3,3,100,0
LPCN.US,5,20251017,203500,3.01,3.01,3.01,3.01,300,0
LPCN.US,5,20251017,205000,3,3,3,3,200,0
LPCN.US,5,20251017,212000,2.995,2.995,2.995,2.995,1000,0
LPCN.US,5,20251017,213500,2.9944,2.9944,2.9944,2.9944,767,0
LPCN.US,5,20251017,214500,3.01,3.02,3.01,3.02,599,0
LPCN.US,5,20251020,153000,2.9501,2.9501,2.9501,2.9501,589,0
LPCN.US,5,20251020,154000,3.03,3.03,3.03,3.03,100,0
LPCN.US,5,20251020,154500,3.0308,3.0484,3.0308,3.0484,350,0
LPCN.US,5,20251020,155000,3.0499,3.05,3.0499,3.05,1489,0
LPCN.US,5,20251020,162000,3.041,3.075,3.041,3.075,400,0
LPCN.US,5,20251020,164000,3.05,3.05,3.05,3.05,150,0
LPCN.US,5,20251020,165000,3.04,3.04,3.04,3.04,100,0
LPCN.US,5,20251020,170000,3.04,3.04,3.04,3.04,1201,0
LPCN.US,5,20251020,172000,3.04,3.04,3.04,3.04,655,0
LPCN.US,5,20251020,173000,3.06,3.06,3.0483,3.053,2900,0
LPCN.US,5,20251020,173500,3.06,3.06,3.04,3.04,400,0
LPCN.US,5,20251020,175500,3.04,3.04,3.04,3.04,300,0
LPCN.US,5,20251020,182500,3.06,3.06,3.06,3.06,500,0
LPCN.US,5,20251020,183000,3.06,3.08,3.04,3.07,19825,0
LPCN.US,5,20251020,183500,3.06,3.06,3.01,3.055,11602,0
LPCN.US,5,20251020,185000,3.04,3.0549,3,3.03,3662,0
LPCN.US,5,20251020,191500,3.03,3.03,2.9,2.96,25163,0
LPCN.US,5,20251020,192000,2.96,2.99,2.93,2.93,1083,0
LPCN.US,5,20251020,192500,2.98,2.98,2.97,2.97,200,0
LPCN.US,5,20251020,194500,2.95,2.95,2.95,2.95,100,0
LPCN.US,5,20251020,195000,2.955,2.96,2.95,2.96,1000,0
LPCN.US,5,20251020,195500,2.965,2.965,2.965,2.965,300,0
LPCN.US,5,20251020,200500,2.96,2.99,2.96,2.99,386,0
LPCN.US,5,20251020,201000,2.9501,2.9501,2.925,2.93,1647,0
LPCN.US,5,20251020,202000,2.93,2.93,2.93,2.93,745,0
LPCN.US,5,20251020,202500,2.965,2.965,2.965,2.965,300,0
LPCN.US,5,20251020,205000,2.94,2.94,2.94,2.94,300,0
LPCN.US,5,20251020,214000,2.93,2.93,2.93,2.93,1100,0
LPCN.US,5,20251020,215500,2.9307,2.95,2.92,2.92,1050,0
LPCN.US,5,20251021,153000,3.01,3.01,3.01,3.01,5813,0
LPCN.US,5,20251021,154000,2.9462,2.9462,2.9462,2.9462,108,0
LPCN.US,5,20251021,154500,2.93,2.94,2.93,2.94,700,0
LPCN.US,5,20251021,155500,2.9702,2.9702,2.9702,2.9702,350,0
LPCN.US,5,20251021,164000,2.93,2.93,2.93,2.93,200,0
LPCN.US,5,20251021,165000,2.95,2.95,2.95,2.95,383,0
LPCN.US,5,20251021,165500,2.93,2.93,2.93,2.93,231,0
LPCN.US,5,20251021,171000,2.925,2.925,2.925,2.925,245,0
LPCN.US,5,20251021,174000,2.9299,2.9299,2.9299,2.9299,750,0
LPCN.US,5,20251021,175000,2.91,2.91,2.91,2.91,100,0
LPCN.US,5,20251021,175500,2.9,2.9,2.86,2.8917,1898,0
LPCN.US,5,20251021,190500,2.88,2.88,2.88,2.88,100,0
LPCN.US,5,20251021,193500,2.88,2.88,2.88,2.88,299,0
LPCN.US,5,20251021,194000,2.9098,2.93,2.9098,2.93,2000,0
LPCN.US,5,20251021,194500,2.93,2.93,2.93,2.93,100,0
LPCN.US,5,20251021,210000,2.93,2.93,2.915,2.915,4207,0
LPCN.US,5,20251021,210500,2.915,2.915,2.915,2.915,100,0
LPCN.US,5,20251021,215500,2.915,2.93,2.915,2.93,438,0
LPCN.US,5,20251022,153000,2.91,2.93,2.91,2.93,1051,0
LPCN.US,5,20251022,153500,2.91,2.91,2.91,2.91,3001,0
LPCN.US,5,20251022,154500,2.8758,2.8758,2.8758,2.8758,431,0
LPCN.US,5,20251022,155500,2.89,2.89,2.89,2.89,200,0
LPCN.US,5,20251022,160000,2.87,2.8765,2.86,2.8765,1405,0
LPCN.US,5,20251022,160500,2.86,2.86,2.86,2.86,800,0
LPCN.US,5,20251022,161000,2.8799,2.8799,2.85,2.85,584,0
LPCN.US,5,20251022,161500,2.85,2.85,2.85,2.85,290,0
LPCN.US,5,20251022,162500,2.8639,2.8639,2.8639,2.8639,300,0
LPCN.US,5,20251022,163000,2.85,2.87,2.85,2.87,2500,0
LPCN.US,5,20251022,164000,2.8673,2.8673,2.8673,2.8673,500,0
LPCN.US,5,20251022,170500,2.84,2.85,2.84,2.85,1015,0
LPCN.US,5,20251022,172000,2.8531,2.8531,2.8531,2.8531,100,0
LPCN.US,5,20251022,172500,2.85,2.85,2.85,2.85,1000,0
LPCN.US,5,20251022,173000,2.9,2.9,2.9,2.9,300,0
LPCN.US,5,20251022,174500,2.83,2.85,2.83,2.84,464,0
LPCN.US,5,20251022,183500,2.83,2.83,2.83,2.83,1586,0
LPCN.US,5,20251022,184000,2.83,2.83,2.77,2.77,15744,0
LPCN.US,5,20251022,191000,2.77,2.8099,2.77,2.8099,1100,0
LPCN.US,5,20251022,192000,2.79,2.79,2.77,2.77,671,0
LPCN.US,5,20251022,193000,2.77,2.78,2.77,2.77,316,0
LPCN.US,5,20251022,193500,2.75,2.75,2.75,2.75,100,0
LPCN.US,5,20251022,194000,2.77,2.77,2.77,2.77,485,0
LPCN.US,5,20251022,195000,2.7701,2.7701,2.7701,2.7701,144,0
LPCN.US,5,20251022,200000,2.78,2.78,2.77,2.77,672,0
LPCN.US,5,20251022,200500,2.77,2.77,2.77,2.77,180,0
LPCN.US,5,20251022,201000,2.77,2.77,2.77,2.77,100,0
LPCN.US,5,20251022,205000,2.78,2.78,2.78,2.78,100,0
LPCN.US,5,20251022,205500,2.77,2.79,2.77,2.79,200,0
LPCN.US,5,20251022,210500,2.77,2.77,2.77,2.77,100,0
LPCN.US,5,20251022,211000,2.77,2.79,2.77,2.79,789,0
LPCN.US,5,20251022,211500,2.76,2.76,2.76,2.76,1200,0
LPCN.US,5,20251022,212500,2.8399,2.8399,2.8399,2.8399,2000,0
LPCN.US,5,20251022,214000,2.8,2.8,2.8,2.8,100,0
LPCN.US,5,20251022,215500,2.8374,2.84,2.81,2.81,1400,0
LPCN.US,5,20251023,154000,2.85,2.85,2.85,2.85,190,0
LPCN.US,5,20251023,160000,2.8061,2.8061,2.76,2.76,882,0
LPCN.US,5,20251023,160500,2.77,2.77,2.76,2.76,1900,0
LPCN.US,5,20251023,161000,2.805,2.805,2.805,2.805,400,0
LPCN.US,5,20251023,163500,2.8,2.8,2.8,2.8,600,0
LPCN.US,5,20251023,164000,2.8,2.8,2.76,2.785,800,0
LPCN.US,5,20251023,165000,2.76,2.76,2.76,2.76,100,0
LPCN.US,5,20251023,173000,2.79,2.79,2.79,2.79,100,0
LPCN.US,5,20251023,175500,2.7746,2.7746,2.7746,2.7746,1353,0
LPCN.US,5,20251023,182500,2.794,2.794,2.794,2.794,500,0
LPCN.US,5,20251023,183000,2.78,2.78,2.78,2.78,100,0
LPCN.US,5,20251023,190500,2.78,2.78,2.78,2.78,110,0
LPCN.US,5,20251023,191000,2.76,2.76,2.76,2.76,882,0
LPCN.US,5,20251023,192500,2.7897,2.7897,2.7897,2.7897,400,0
LPCN.US,5,20251023,195000,2.7778,2.7778,2.7778,2.7778,2500,0
LPCN.US,5,20251023,195500,2.795,2.795,2.795,2.795,200,0
LPCN.US,5,20251023,200000,2.8,2.84,2.79,2.82,2010,0
LPCN.US,5,20251023,200500,2.83,2.83,2.79,2.8,3127,0
LPCN.US,5,20251023,201000,2.83,2.83,2.83,2.83,711,0
LPCN.US,5,20251023,205000,2.79,2.8,2.79,2.8,958,0
LPCN.US,5,20251023,211500,2.78,2.78,2.78,2.78,190,0
LPCN.US,5,20251023,212500,2.7861,2.7898,2.7861,2.7861,558,0
LPCN.US,5,20251023,213000,2.7886,2.838,2.78,2.8,1580,0
LPCN.US,5,20251023,215000,2.771,2.7711,2.771,2.7711,210,0
LPCN.US,5,20251023,215500,2.79,2.79,2.777,2.79,1943,0
LPCN.US,5,20251024,153000,2.8,2.8,2.8,2.8,200,0
LPCN.US,5,20251024,153500,2.76,2.7607,2.76,2.7607,1050,0
LPCN.US,5,20251024,165500,2.8164,2.8164,2.8164,2.8164,400,0
LPCN.US,5,20251024,170000,2.79,2.79,2.79,2.79,100,0
LPCN.US,5,20251024,173000,2.8,2.8,2.8,2.8,214,0
LPCN.US,5,20251024,175000,2.81,2.84,2.81,2.84,1206,0
LPCN.US,5,20251024,175500,2.85,2.9012,2.85,2.9012,200,0
LPCN.US,5,20251024,180000,2.9004,2.9004,2.885,2.885,5200,0
LPCN.US,5,20251024,180500,2.89,2.89,2.88,2.89,1661,0
LPCN.US,5,20251024,181000,2.89,2.89,2.89,2.89,3639,0
LPCN.US,5,20251024,190000,2.83,2.83,2.83,2.83,1000,0
LPCN.US,5,20251024,195000,2.86,2.865,2.86,2.865,462,0
LPCN.US,5,20251024,195500,2.909468,2.909468,2.909468,2.909468,100,0
LPCN.US,5,20251024,201000,2.9,2.9048,2.9,2.9048,2000,0
LPCN.US,5,20251024,203500,2.86,2.8658,2.84,2.8658,3811,0
LPCN.US,5,20251024,211000,2.86,2.88,2.86,2.88,2330,0
LPCN.US,5,20251024,211500,2.87,2.87,2.87,2.87,1100,0
LPCN.US,5,20251024,212500,2.9,2.9,2.9,2.9,100,0
LPCN.US,5,20251024,215500,2.9,2.9,2.9,2.9,257,0
LPCN.US,5,20251027,143000,2.9,2.9,2.9,2.9,483,0
LPCN.US,5,20251027,143500,2.83,2.9199,2.83,2.9199,1200,0
LPCN.US,5,20251027,151000,2.86,2.86,2.86,2.86,160,0
LPCN.US,5,20251027,151500,2.85,2.86,2.85,2.86,470,0
LPCN.US,5,20251027,152000,2.85,2.85,2.85,2.85,200,0
LPCN.US,5,20251027,153500,2.8323,2.8323,2.82,2.82,691,0
LPCN.US,5,20251027,155500,2.8329,2.8329,2.8329,2.8329,1000,0
LPCN.US,5,20251027,160000,2.84,2.84,2.84,2.84,702,0
LPCN.US,5,20251027,163500,2.8601,2.8601,2.8601,2.8601,1257,0
LPCN.US,5,20251027,164000,2.885,2.885,2.885,2.885,100,0
LPCN.US,5,20251027,165500,2.88,2.88,2.88,2.88,210,0
LPCN.US,5,20251027,171000,2.877,2.877,2.87,2.87,200,0
LPCN.US,5,20251027,180500,2.86,2.86253,2.81,2.86,15656,0
LPCN.US,5,20251027,182500,2.86,2.86,2.86,2.86,100,0
LPCN.US,5,20251027,185500,2.86,2.88,2.86,2.88,1100,0
LPCN.US,5,20251027,190000,2.86,2.86,2.86,2.86,100,0
LPCN.US,5,20251027,200500,2.82,2.82,2.82,2.82,389,0
LPCN.US,5,20251027,203500,2.835,2.835,2.835,2.835,275,0
LPCN.US,5,20251027,205500,2.82,2.82,2.82,2.82,491,0
LPCN.US,5,20251028,143000,2.83,2.83,2.83,2.83,141,0
LPCN.US,5,20251028,143500,2.7914,2.8,2.7914,2.8,1525,0
LPCN.US,5,20251028,144500,2.79,2.795,2.78,2.79,2178,0
LPCN.US,5,20251028,150500,2.79,2.79,2.79,2.79,500,0
LPCN.US,5,20251028,153000,2.783,2.783,2.783,2.783,118,0
LPCN.US,5,20251028,155500,2.7788,2.7788,2.7788,2.7788,1100,0
LPCN.US,5,20251028,161500,2.774,2.78,2.77,2.77,1897,0
LPCN.US,5,20251028,163500,2.765,2.765,2.76,2.76,700,0
LPCN.US,5,20251028,164500,2.7836,2.7836,2.7836,2.7836,430,0
LPCN.US,5,20251028,171000,2.76,2.7908,2.75,2.7908,4752,0
LPCN.US,5,20251028,172500,2.7631,2.7631,2.7631,2.7631,200,0
LPCN.US,5,20251028,174000,2.7825,2.7825,2.7825,2.7825,250,0
LPCN.US,5,20251028,181000,2.79,2.79,2.79,2.79,300,0
LPCN.US,5,20251028,185500,2.75,2.75,2.75,2.75,200,0
LPCN.US,5,20251028,191500,2.79,2.79,2.79,2.79,110,0
LPCN.US,5,20251028,200000,2.76,2.76,2.75,2.75,2380,0
LPCN.US,5,20251028,200500,2.74,2.74,2.74,2.74,1438,0
LPCN.US,5,20251028,201000,2.75,2.75,2.75,2.75,100,0
LPCN.US,5,20251028,201500,2.73,2.73,2.73,2.73,141,0
LPCN.US,5,20251028,202000,2.73,2.73,2.73,2.73,185,0
LPCN.US,5,20251028,202500,2.73,2.73,2.72,2.72,623,0
LPCN.US,5,20251028,203000,2.7322,2.7322,2.7322,2.7322,500,0
LPCN.US,5,20251028,204000,2.72,2.72,2.72,2.72,100,0
LPCN.US,5,20251028,205500,2.74,2.7799,2.73,2.75,5400,0
LPCN.US,5,20251029,143000,2.8,2.8,2.8,2.8,5131,0
LPCN.US,5,20251029,143500,2.75,2.75,2.75,2.75,100,0
LPCN.US,5,20251029,145500,2.74,2.74,2.74,2.74,1995,0
LPCN.US,5,20251029,150500,2.74,2.74,2.74,2.74,100,0
LPCN.US,5,20251029,153500,2.74,2.74,2.74,2.74,372,0
LPCN.US,5,20251029,162000,2.7532,2.7532,2.745,2.745,1648,0
LPCN.US,5,20251029,164500,2.75,2.75,2.75,2.75,200,0
LPCN.US,5,20251029,165500,2.73,2.73,2.73,2.73,198,0
LPCN.US,5,20251029,171500,2.745,2.76,2.745,2.76,1000,0
LPCN.US,5,20251029,173000,2.7382,2.7382,2.7382,2.7382,118,0
LPCN.US,5,20251029,180000,2.7288,2.76,2.7288,2.76,1595,0
LPCN.US,5,20251029,180500,2.764,2.764,2.764,2.764,300,0
LPCN.US,5,20251029,181500,2.7201,2.74,2.72,2.72,5891,0
LPCN.US,5,20251029,184500,2.71,2.71,2.71,2.71,100,0
LPCN.US,5,20251029,190000,2.72,2.72,2.72,2.72,259,0
LPCN.US,5,20251029,192500,2.7186,2.7186,2.7105,2.7105,300,0
LPCN.US,5,20251029,193000,2.7,2.7,2.7,2.7,1264,0
LPCN.US,5,20251029,193500,2.68,2.68,2.68,2.68,1141,0
LPCN.US,5,20251029,194000,2.7,2.7,2.7,2.7,500,0
LPCN.US,5,20251029,195000,2.6951,2.6951,2.66,2.66,1167,0
LPCN.US,5,20251029,200500,2.66,2.66,2.66,2.66,100,0
LPCN.US,5,20251029,201500,2.65,2.69,2.65,2.68,6497,0
LPCN.US,5,20251029,202500,2.6764,2.6764,2.6764,2.6764,286,0
LPCN.US,5,20251029,203000,2.68,2.68,2.665,2.68,6296,0
LPCN.US,5,20251029,204500,2.67,2.67,2.67,2.67,100,0
LPCN.US,5,20251029,205500,2.68,2.69,2.68,2.69,450,0
LPCN.US,5,20251030,143000,2.7092,2.7365,2.68,2.7365,10649,0
LPCN.US,5,20251030,144000,2.6501,2.7,2.6501,2.7,6730,0
LPCN.US,5,20251030,144500,2.65,2.65,2.65,2.65,100,0
LPCN.US,5,20251030,145000,2.65,2.695,2.65,2.66,10200,0
LPCN.US,5,20251030,145500,2.695,2.695,2.695,2.695,100,0
LPCN.US,5,20251030,150000,2.695,2.695,2.695,2.695,100,0
LPCN.US,5,20251030,150500,2.69,2.69,2.66,2.66,300,0
LPCN.US,5,20251030,151000,2.69,2.72,2.69,2.72,200,0
LPCN.US,5,20251030,152000,2.685,2.69,2.685,2.69,200,0
LPCN.US,5,20251030,153000,2.69,2.69,2.69,2.69,100,0
LPCN.US,5,20251030,155000,2.66,2.66,2.65,2.65,300,0
LPCN.US,5,20251030,160000,2.65,2.65,2.625,2.625,2454,0
LPCN.US,5,20251030,161500,2.63,2.69,2.63,2.69,1071,0
LPCN.US,5,20251030,171000,2.62,2.62,2.62,2.62,1298,0
LPCN.US,5,20251030,174000,2.63,2.63,2.63,2.63,590,0
LPCN.US,5,20251030,174500,2.625,2.625,2.62,2.62,1100,0
LPCN.US,5,20251030,175000,2.625,2.625,2.625,2.625,100,0
LPCN.US,5,20251030,181500,2.6299,2.6299,2.6299,2.6299,230,0
LPCN.US,5,20251030,183000,2.63,2.63,2.63,2.63,405,0
LPCN.US,5,20251030,184000,2.61,2.615,2.61,2.615,200,0
LPCN.US,5,20251030,184500,2.615,2.62,2.615,2.615,1437,0
LPCN.US,5,20251030,185000,2.6599,2.6599,2.6599,2.6599,100,0
LPCN.US,5,20251030,191500,2.63,2.66,2.63,2.66,5100,0
LPCN.US,5,20251030,192000,2.64,2.64,2.63,2.63,210,0
LPCN.US,5,20251030,193000,2.63,2.63,2.63,2.63,100,0
LPCN.US,5,20251030,195500,2.62,2.62,2.62,2.62,100,0
LPCN.US,5,20251030,200000,2.62,2.62,2.6,2.6,3575,0
LPCN.US,5,20251030,200500,2.6,2.6,2.6,2.6,200,0
LPCN.US,5,20251030,203500,2.57,2.57,2.57,2.57,245,0
LPCN.US,5,20251030,205500,2.59,2.59,2.57,2.59,1200,0
LPCN.US,5,20251031,143000,2.63,2.63,2.63,2.63,1500,0
LPCN.US,5,20251031,144000,2.58,2.58,2.58,2.58,100,0
LPCN.US,5,20251031,145000,2.6389,2.6389,2.5827,2.5827,600,0
LPCN.US,5,20251031,145500,2.57,2.605,2.57,2.605,2200,0
LPCN.US,5,20251031,151000,2.615,2.615,2.615,2.615,500,0
LPCN.US,5,20251031,152500,2.6168,2.6168,2.6168,2.6168,187,0
LPCN.US,5,20251031,153500,2.6105,2.6105,2.6105,2.6105,2000,0
LPCN.US,5,20251031,160500,2.6154,2.6154,2.6154,2.6154,100,0
LPCN.US,5,20251031,161000,2.615,2.615,2.609,2.609,928,0
LPCN.US,5,20251031,162500,2.61,2.65,2.61,2.65,8945,0
LPCN.US,5,20251031,164500,2.65,2.66,2.65,2.66,2264,0
LPCN.US,5,20251031,170500,2.64,2.64,2.64,2.64,100,0
LPCN.US,5,20251031,172000,2.7055,2.7055,2.7055,2.7055,1000,0
LPCN.US,5,20251031,172500,2.7,2.7,2.7,2.7,100,0
LPCN.US,5,20251031,173000,2.71,2.72,2.71,2.72,300,0
LPCN.US,5,20251031,173500,2.7711,2.7711,2.7711,2.7711,900,0
LPCN.US,5,20251031,181000,2.67,2.67,2.67,2.67,100,0
LPCN.US,5,20251031,184500,2.63,2.63,2.63,2.63,100,0
LPCN.US,5,20251031,194500,2.67,2.67,2.67,2.67,100,0
LPCN.US,5,20251031,201500,2.61,2.61,2.61,2.61,100,0
LPCN.US,5,20251031,203500,2.64,2.64,2.63,2.63,200,0
LPCN.US,5,20251031,204000,2.6005,2.6005,2.6005,2.6005,200,0
LPCN.US,5,20251031,205000,2.65,2.65,2.65,2.65,300,0
LPCN.US,5,20251031,205500,2.6455,2.7226,2.6455,2.6933,5580,0
LPCN.US,5,20251103,153000,2.66,2.66,2.66,2.66,300,0
LPCN.US,5,20251103,154500,2.66,2.66,2.64,2.64,1000,0
LPCN.US,5,20251103,160000,2.71,2.71,2.71,2.71,129,0
LPCN.US,5,20251103,185500,2.6739,2.6739,2.6739,2.6739,300,0
LPCN.US,5,20251103,191500,2.66,2.66,2.66,2.66,100,0
LPCN.US,5,20251103,192000,2.66,2.66,2.66,2.66,455,0
LPCN.US,5,20251103,195500,2.634,2.634,2.634,2.634,1000,0
LPCN.US,5,20251103,203000,2.63,2.63,2.63,2.63,200,0
LPCN.US,5,20251103,215500,2.64,2.65,2.64,2.65,320,0
LPCN.US,5,20251104,153000,2.57,2.6031,2.57,2.6031,2496,0
LPCN.US,5,20251104,153500,2.6247,2.6247,2.6247,2.6247,300,0
LPCN.US,5,20251104,154000,2.6367,2.6367,2.6367,2.6367,106,0
LPCN.US,5,20251104,162000,2.6193,2.6193,2.6193,2.6193,600,0
LPCN.US,5,20251104,163500,2.58,2.58,2.58,2.58,200,0
LPCN.US,5,20251104,165500,2.58,2.58,2.58,2.58,400,0
LPCN.US,5,20251104,170000,2.6,2.6,2.6,2.6,2223,0
LPCN.US,5,20251104,173500,2.6387,2.6387,2.6387,2.6387,300,0
LPCN.US,5,20251104,175500,2.6238,2.6238,2.6238,2.6238,100,0
LPCN.US,5,20251104,180500,2.595,2.63,2.595,2.6299,712,0
LPCN.US,5,20251104,205500,2.6245,2.6245,2.6245,2.6245,1000,0
LPCN.US,5,20251104,211000,2.62,2.62,2.62,2.62,600,0
LPCN.US,5,20251104,215000,2.5999,2.5999,2.5999,2.5999,200,0
LPCN.US,5,20251104,215500,2.56,2.56,2.52,2.53,6667,0
LPCN.US,5,20251105,153000,2.55,2.55,2.55,2.55,185,0
LPCN.US,5,20251105,153500,2.6,2.6,2.6,2.6,1300,0
LPCN.US,5,20251105,154000,2.5698,2.6,2.5698,2.6,1347,0
LPCN.US,5,20251105,154500,2.6,2.6,2.6,2.6,500,0
LPCN.US,5,20251105,155000,2.62,2.69,2.61,2.69,363,0
LPCN.US,5,20251105,160000,2.58,2.58,2.58,2.58,1800,0
LPCN.US,5,20251105,160500,2.63,2.63,2.63,2.63,100,0
LPCN.US,5,20251105,161000,2.63,2.63,2.63,2.63,377,0
LPCN.US,5,20251105,163000,2.62,2.62,2.6024,2.6024,637,0
LPCN.US,5,20251105,164000,2.58,2.58,2.58,2.58,300,0
LPCN.US,5,20251105,165500,2.6,2.6,2.6,2.6,441,0
LPCN.US,5,20251105,171000,2.6,2.6,2.6,2.6,300,0
LPCN.US,5,20251105,171500,2.6,2.6,2.58,2.58,1141,0
LPCN.US,5,20251105,173000,2.5707,2.5707,2.5707,2.5707,100,0
LPCN.US,5,20251105,173500,2.58,2.58,2.58,2.58,100,0
LPCN.US,5,20251105,175500,2.63,2.63,2.63,2.63,135,0
LPCN.US,5,20251105,180000,2.62,2.62,2.62,2.62,582,0
LPCN.US,5,20251105,181500,2.595,2.595,2.595,2.595,500,0
LPCN.US,5,20251105,182500,2.6,2.6,2.6,2.6,608,0
LPCN.US,5,20251105,184000,2.6,2.6,2.6,2.6,664,0
LPCN.US,5,20251105,193500,2.58,2.58,2.58,2.58,295,0
LPCN.US,5,20251105,195500,2.5734,2.5734,2.5734,2.5734,147,0
LPCN.US,5,20251105,201000,2.57,2.58,2.57,2.58,521,0
LPCN.US,5,20251105,201500,2.57,2.5768,2.57,2.57,480,0
LPCN.US,5,20251105,203500,2.5419,2.5419,2.5419,2.5419,5750,0
LPCN.US,5,20251105,204500,2.54,2.54,2.54,2.54,100,0
LPCN.US,5,20251105,214000,2.57,2.57,2.57,2.57,100,0
LPCN.US,5,20251105,215500,2.56,2.56,2.56,2.56,236,0
LPCN.US,5,20251106,153000,2.6,2.6,2.6,2.6,3086,0
LPCN.US,5,20251106,153500,2.67,2.68,2.67,2.68,400,0
LPCN.US,5,20251106,154000,2.66,2.66,2.66,2.66,896,0
LPCN.US,5,20251106,154500,2.69,2.78,2.69,2.7686,1358,0
LPCN.US,5,20251106,155500,2.67,2.67,2.67,2.67,1800,0
LPCN.US,5,20251106,160000,2.69,2.76,2.69,2.73,1496,0
LPCN.US,5,20251106,170500,2.685,2.72,2.685,2.72,1000,0
LPCN.US,5,20251106,171500,2.7099,2.7099,2.7099,2.7099,480,0
LPCN.US,5,20251106,172000,2.71,2.72,2.71,2.71,706,0
LPCN.US,5,20251106,174500,2.7,2.71,2.7,2.71,602,0
LPCN.US,5,20251106,180000,2.6761,2.6761,2.6761,2.6761,101,0
LPCN.US,5,20251106,181000,2.68,2.68,2.68,2.68,906,0
LPCN.US,5,20251106,181500,2.6743,2.6743,2.6743,2.6743,2986,0
LPCN.US,5,20251106,185000,2.66,2.66,2.66,2.66,100,0
LPCN.US,5,20251106,185500,2.66,2.66,2.65,2.66,1030,0
LPCN.US,5,20251106,192500,2.62,2.62,2.62,2.62,100,0
LPCN.US,5,20251106,193000,2.62,2.62,2.62,2.62,998,0
LPCN.US,5,20251106,193500,2.61,2.6398,2.6,2.6398,1718,0
LPCN.US,5,20251106,205000,2.66,2.66,2.66,2.66,100,0
LPCN.US,5,20251106,212000,2.6218,2.6218,2.615,2.615,3100,0
LPCN.US,5,20251106,212500,2.6172,2.6172,2.6172,2.6172,495,0
LPCN.US,5,20251106,213500,2.6001,2.6001,2.6001,2.6001,1600,0
LPCN.US,5,20251106,215500,2.6,2.625,2.6,2.625,432,0
LPCN.US,5,20251107,153000,2.63,2.63,2.56,2.56,1600,0
LPCN.US,5,20251107,153500,2.55,2.6099,2.55,2.6099,800,0
LPCN.US,5,20251107,154000,2.58,2.58,2.57,2.57,919,0
LPCN.US,5,20251107,155000,2.57,2.57,2.57,2.57,197,0
LPCN.US,5,20251107,155500,2.63,2.63,2.63,2.63,100,0
LPCN.US,5,20251107,161500,2.5701,2.5701,2.5701,2.5701,1900,0
LPCN.US,5,20251107,163000,2.594,2.594,2.594,2.594,200,0
LPCN.US,5,20251107,165000,2.58,2.58,2.58,2.58,100,0
LPCN.US,5,20251107,165500,2.59,2.59,2.59,2.59,345,0
LPCN.US,5,20251107,171500,2.59,2.59,2.5306,2.5306,841,0
LPCN.US,5,20251107,173500,2.5899,2.5899,2.56,2.56,1738,0
LPCN.US,5,20251107,174500,2.575,2.575,2.575,2.575,100,0
LPCN.US,5,20251107,190000,2.6,2.6,2.6,2.6,270,0
LPCN.US,5,20251107,191500,2.6,2.6,2.6,2.6,100,0
LPCN.US,5,20251107,204500,2.56,2.59,2.56,2.59,1224,0
LPCN.US,5,20251107,210000,2.5895,2.5895,2.5895,2.5895,128,0
LPCN.US,5,20251107,211000,2.5402,2.55,2.5402,2.55,300,0
LPCN.US,5,20251107,211500,2.565,2.565,2.53,2.53,4614,0
LPCN.US,5,20251107,212000,2.5274,2.5274,2.5274,2.5274,102,0
LPCN.US,5,20251107,213500,2.54,2.55,2.54,2.55,200,0
LPCN.US,5,20251107,214500,2.55,2.55,2.53,2.53,1206,0
LPCN.US,5,20251107,215000,2.5398,2.5398,2.5398,2.5398,245,0
LPCN.US,5,20251107,215500,2.5894,2.5894,2.54,2.54,501,0
LPCN.US,5,20251110,153000,2.58,2.58,2.58,2.58,551,0
LPCN.US,5,20251110,153500,2.57,2.58,2.57,2.58,500,0
LPCN.US,5,20251110,154000,2.58,2.5849,2.58,2.5849,1006,0
LPCN.US,5,20251110,163000,2.58,2.58,2.58,2.58,2186,0
LPCN.US,5,20251110,163500,2.58,2.6799,2.58,2.6475,10230,0
LPCN.US,5,20251110,164000,2.66,2.66,2.66,2.66,200,0
LPCN.US,5,20251110,172000,2.68,2.68,2.68,2.68,464,0
LPCN.US,5,20251110,172500,2.69,2.71,2.69,2.71,2307,0
LPCN.US,5,20251110,173000,2.6504,2.6504,2.6504,2.6504,200,0
LPCN.US,5,20251110,181500,2.71,2.71,2.71,2.71,100,0
LPCN.US,5,20251110,182000,2.7001,2.7001,2.7,2.7,500,0
LPCN.US,5,20251110,182500,2.7,2.7,2.7,2.7,1100,0
LPCN.US,5,20251110,184000,2.7,2.7,2.7,2.7,139,0
LPCN.US,5,20251110,185000,2.7099,2.7099,2.7099,2.7099,160,0
LPCN.US,5,20251110,190500,2.695,2.72,2.695,2.72,1943,0
LPCN.US,5,20251110,191000,2.7295,2.7295,2.7295,2.7295,100,0
LPCN.US,5,20251110,192500,2.73,2.73,2.73,2.73,300,0
LPCN.US,5,20251110,193000,2.73,2.7776,2.73,2.768,1239,0
LPCN.US,5,20251110,194000,2.7502,2.7502,2.7502,2.7502,150,0
LPCN.US,5,20251110,194500,2.76,2.76,2.76,2.76,100,0
LPCN.US,5,20251110,195000,2.76,2.8499,2.76,2.805,5702,0
LPCN.US,5,20251110,195500,2.79,2.8399,2.79,2.8399,300,0
LPCN.US,5,20251110,200000,2.8281,2.8281,2.79,2.79,354,0
LPCN.US,5,20251110,201000,2.82,2.82,2.81,2.81,200,0
LPCN.US,5,20251110,201500,2.79,2.81,2.77,2.771,850,0
LPCN.US,5,20251110,203000,2.8099,2.8099,2.8099,2.8099,355,0
LPCN.US,5,20251110,203500,2.71,2.71,2.71,2.71,313,0
LPCN.US,5,20251110,205500,2.8,2.8,2.8,2.8,382,0
LPCN.US,5,20251110,210000,2.7892,2.79,2.78,2.78,1300,0
LPCN.US,5,20251110,210500,2.785,2.785,2.785,2.785,100,0
LPCN.US,5,20251110,211000,2.8174,2.82,2.8,2.805,1042,0
LPCN.US,5,20251110,211500,2.8025,2.8025,2.8025,2.8025,300,0
LPCN.US,5,20251110,212000,2.82,2.84,2.805,2.81,1133,0
LPCN.US,5,20251110,213000,2.82,2.82,2.82,2.82,300,0
LPCN.US,5,20251110,214500,2.83,2.917,2.81,2.905,6965,0
LPCN.US,5,20251110,215000,2.88,2.88,2.88,2.88,100,0
LPCN.US,5,20251110,215500,2.88,2.89,2.87,2.89,601,0
LPCN.US,5,20251111,153000,2.91,2.91,2.89,2.9099,2767,0
LPCN.US,5,20251111,153500,2.91,2.91,2.91,2.91,1156,0
LPCN.US,5,20251111,154500,2.8602,2.8602,2.8602,2.8602,500,0
LPCN.US,5,20251111,155500,2.835,2.835,2.835,2.835,100,0
LPCN.US,5,20251111,160000,2.83,2.9,2.83,2.9,1829,0
LPCN.US,5,20251111,160500,2.8553,2.8553,2.8553,2.8553,1900,0
LPCN.US,5,20251111,161500,2.85,2.85,2.85,2.85,200,0
LPCN.US,5,20251111,162000,2.85,2.85,2.85,2.85,356,0
LPCN.US,5,20251111,162500,2.85,2.9,2.85,2.9,529,0
LPCN.US,5,20251111,163500,2.89,2.89,2.89,2.89,200,0
LPCN.US,5,20251111,164000,2.89,2.89,2.89,2.89,100,0
LPCN.US,5,20251111,171500,2.92,2.98,2.8899,2.98,5622,0
LPCN.US,5,20251111,172500,2.9619,2.99,2.96,2.96,1482,0
LPCN.US,5,20251111,173000,2.99,2.99,2.99,2.99,300,0
LPCN.US,5,20251111,174000,3.01,3.01,3.01,3.01,300,0
LPCN.US,5,20251111,174500,3.0227,3.0227,3.0227,3.0227,200,0
LPCN.US,5,20251111,175000,3.0122,3.0745,3.01,3.03,2454,0
LPCN.US,5,20251111,175500,3.03,3.03,3.03,3.03,100,0
LPCN.US,5,20251111,181500,2.9622,2.9622,2.9603,2.9603,433,0
LPCN.US,5,20251111,182000,2.9577,2.97,2.95,2.95,10329,0
LPCN.US,5,20251111,183000,2.97,2.98,2.9675,2.9675,1230,0
LPCN.US,5,20251111,184000,2.98,2.98,2.98,2.98,100,0
LPCN.US,5,20251111,184500,2.965,2.965,2.965,2.965,100,0
LPCN.US,5,20251111,185000,2.96,2.97,2.96,2.97,1964,0
LPCN.US,5,20251111,185500,2.99,2.99,2.99,2.99,100,0
LPCN.US,5,20251111,190000,2.98,2.9899,2.9765,2.9765,960,0
LPCN.US,5,20251111,191000,2.95,2.95,2.95,2.95,100,0
LPCN.US,5,20251111,191500,2.98,2.98,2.95,2.95,300,0
LPCN.US,5,20251111,192000,2.95,2.95,2.95,2.95,100,0
LPCN.US,5,20251111,194000,2.95,2.98,2.95,2.98,200,0
LPCN.US,5,20251111,195500,2.9,2.955,2.89,2.955,800,0
LPCN.US,5,20251111,200500,2.9,2.9485,2.9,2.9485,400,0
LPCN.US,5,20251111,201000,2.9,2.9,2.9,2.9,100,0
LPCN.US,5,20251111,202000,2.955,2.955,2.955,2.955,100,0
LPCN.US,5,20251111,203000,2.9,2.9,2.9,2.9,100,0
LPCN.US,5,20251111,204000,2.955,2.955,2.955,2.955,100,0
LPCN.US,5,20251111,210000,2.955,2.955,2.955,2.955,100,0
LPCN.US,5,20251111,211500,2.955,2.9736,2.955,2.9736,1950,0
LPCN.US,5,20251111,212000,2.955,2.955,2.955,2.955,100,0
LPCN.US,5,20251111,212500,2.91,2.91,2.91,2.91,100,0
LPCN.US,5,20251111,215500,2.91,2.91,2.89,2.89,1503,0
LPCN.US,5,20251112,153000,2.89,2.985,2.89,2.985,900,0
LPCN.US,5,20251112,154000,2.945,2.945,2.945,2.945,1500,0
LPCN.US,5,20251112,154500,2.9,2.9,2.9,2.9,1000,0
LPCN.US,5,20251112,155500,2.9296,2.9296,2.9296,2.9296,2000,0
LPCN.US,5,20251112,160000,2.92,2.92,2.92,2.92,100,0
LPCN.US,5,20251112,160500,2.9494,2.9494,2.9494,2.9494,1000,0
LPCN.US,5,20251112,162500,2.97,3.005,2.97,3.005,500,0
LPCN.US,5,20251112,164000,2.9447,2.9447,2.944,2.944,600,0
LPCN.US,5,20251112,164500,2.955,2.9721,2.955,2.9721,2450,0
LPCN.US,5,20251112,165500,2.955,2.955,2.955,2.955,123,0
LPCN.US,5,20251112,170000,2.93,2.93,2.93,2.93,100,0
LPCN.US,5,20251112,170500,2.965,2.965,2.965,2.965,100,0
LPCN.US,5,20251112,171000,2.977,2.98,2.9721,2.9721,890,0
LPCN.US,5,20251112,172000,2.9201,2.9201,2.9201,2.9201,500,0
LPCN.US,5,20251112,173500,3.005,3.005,3.005,3.005,100,0
LPCN.US,5,20251112,180000,3.005,3.005,3.005,3.005,100,0
LPCN.US,5,20251112,184000,2.93,2.93,2.93,2.93,100,0
LPCN.US,5,20251112,184500,2.955,2.955,2.955,2.955,100,0
LPCN.US,5,20251112,185500,2.91,2.91,2.91,2.91,100,0
LPCN.US,5,20251112,191500,2.955,2.955,2.955,2.955,635,0
LPCN.US,5,20251112,193000,2.923117,2.923117,2.9,2.9,2554,0
LPCN.US,5,20251112,194500,2.945,2.945,2.91,2.91,200,0
LPCN.US,5,20251112,195000,2.96,2.96,2.96,2.96,400,0
LPCN.US,5,20251112,201000,2.9,2.9,2.89,2.89,8175,0
LPCN.US,5,20251112,201500,2.89,2.89,2.89,2.89,250,0
LPCN.US,5,20251112,202000,2.9,2.9,2.87,2.87,200,0
LPCN.US,5,20251112,203000,2.9,2.9,2.9,2.9,139,0
LPCN.US,5,20251112,203500,2.9,2.9,2.9,2.9,295,0
LPCN.US,5,20251112,204000,2.9,2.9,2.9,2.9,153,0
LPCN.US,5,20251112,205000,2.87,2.9015,2.87,2.9015,1500,0
LPCN.US,5,20251112,205500,2.9015,2.905,2.9008,2.905,372,0
LPCN.US,5,20251112,212500,2.94,3,2.94,3,1094,0
LPCN.US,5,20251112,213000,2.96,2.96,2.95,2.95,400,0
LPCN.US,5,20251112,213500,2.95,2.95,2.95,2.95,1521,0
LPCN.US,5,20251112,215000,2.95,2.95,2.95,2.95,200,0
LPCN.US,5,20251112,215500,2.96,2.96,2.96,2.96,100,0
LPCN.US,5,20251113,154000,2.8851,2.8851,2.8851,2.8851,125,0
LPCN.US,5,20251113,155500,2.97,2.97,2.95,2.95,500,0
LPCN.US,5,20251113,172500,2.92,2.92,2.92,2.92,100,0
LPCN.US,5,20251113,174000,2.86,2.86,2.83,2.83,1500,0
LPCN.US,5,20251113,175000,2.87,2.87,2.87,2.87,1932,0
LPCN.US,5,20251113,182000,2.86,2.86,2.86,2.86,500,0
LPCN.US,5,20251113,182500,2.845,2.845,2.845,2.845,2295,0
LPCN.US,5,20251113,183500,2.8473,2.8473,2.8473,2.8473,700,0
LPCN.US,5,20251113,185000,2.88,2.888,2.88,2.888,500,0
LPCN.US,5,20251113,191000,2.8,2.8,2.8,2.8,100,0
LPCN.US,5,20251113,192000,2.88,2.88,2.88,2.88,105,0
LPCN.US,5,20251113,193500,2.8376,2.8376,2.8376,2.8376,300,0
LPCN.US,5,20251113,194000,2.87,2.87,2.87,2.87,500,0
LPCN.US,5,20251113,194500,2.835,2.835,2.835,2.835,177,0
LPCN.US,5,20251113,195000,2.84,2.84,2.84,2.84,400,0
LPCN.US,5,20251113,201500,2.85,2.85,2.85,2.85,410,0
LPCN.US,5,20251113,203500,2.87,2.88,2.87,2.88,500,0
LPCN.US,5,20251113,205000,2.835,2.835,2.835,2.835,125,0
LPCN.US,5,20251113,210500,2.8413,2.8413,2.8413,2.8413,500,0
LPCN.US,5,20251113,211000,2.835,2.835,2.835,2.835,340,0
LPCN.US,5,20251113,211500,2.835,2.835,2.835,2.835,340,0
LPCN.US,5,20251113,214500,2.84,2.84,2.84,2.84,751,0
LPCN.US,5,20251113,215000,2.8464,2.85,2.84,2.84,916,0
LPCN.US,5,20251113,215500,2.85,2.85,2.8482,2.8482,600,0
LPCN.US,5,20251114,153000,2.82,2.9,2.82,2.9,1196,0
LPCN.US,5,20251114,153500,2.9,2.9,2.9,2.9,300,0
LPCN.US,5,20251114,155000,2.84,2.84,2.81,2.8387,1422,0
LPCN.US,5,20251114,160000,2.83,2.83,2.82,2.82,1411,0
LPCN.US,5,20251114,161000,2.88,2.88,2.88,2.88,100,0
LPCN.US,5,20251114,161500,2.8788,2.8788,2.8788,2.8788,200,0
LPCN.US,5,20251114,163500,2.8569,2.88,2.8569,2.88,400,0
LPCN.US,5,20251114,164500,2.85,2.85,2.85,2.85,110,0
LPCN.US,5,20251114,165500,2.86,2.86,2.86,2.86,327,0
LPCN.US,5,20251114,170000,2.86,2.86,2.86,2.86,400,0
LPCN.US,5,20251114,174000,2.848,2.848,2.848,2.848,1000,0
LPCN.US,5,20251114,181500,2.85,2.85,2.85,2.85,170,0
LPCN.US,5,20251114,184500,2.8899,2.8899,2.8899,2.8899,150,0
LPCN.US,5,20251114,190000,2.89,2.89,2.89,2.89,1642,0
LPCN.US,5,20251114,195000,2.89,2.9,2.88,2.9,350,0
LPCN.US,5,20251114,202000,2.8346,2.8346,2.8346,2.8346,589,0
LPCN.US,5,20251114,203500,2.8631,2.8631,2.8631,2.8631,100,0
LPCN.US,5,20251114,204000,2.9,2.9,2.9,2.9,500,0
LPCN.US,5,20251114,210000,2.8726,2.8726,2.8726,2.8726,100,0
LPCN.US,5,20251114,211000,2.87,2.87,2.87,2.87,460,0
LPCN.US,5,20251114,212500,2.8918,2.8918,2.8805,2.8805,1020,0
LPCN.US,5,20251114,213000,2.8827,2.8827,2.8827,2.8827,500,0
LPCN.US,5,20251114,215500,2.8999,2.9,2.885,2.9,7985,0
LPCN.US,5,20251117,154500,2.8504,2.89,2.8504,2.89,259,0
LPCN.US,5,20251117,163000,2.89,2.89,2.88,2.88,370,0
LPCN.US,5,20251117,163500,2.88,2.89,2.88,2.89,425,0
LPCN.US,5,20251117,164000,2.9,2.9,2.9,2.9,4873,0
LPCN.US,5,20251117,164500,2.9,2.93,2.9,2.93,3324,0
LPCN.US,5,20251117,171500,2.95,2.95,2.95,2.95,100,0
LPCN.US,5,20251117,172500,2.9384,2.9384,2.9384,2.9384,1077,0
LPCN.US,5,20251117,174000,2.95,2.95,2.95,2.95,100,0
LPCN.US,5,20251117,174500,2.95,2.96,2.9346,2.94,4416,0
LPCN.US,5,20251117,175000,2.96,2.96,2.93,2.93,1927,0
LPCN.US,5,20251117,181500,2.97,2.98,2.97,2.98,205,0
LPCN.US,5,20251117,182500,2.96,2.96,2.96,2.96,100,0
LPCN.US,5,20251117,183500,2.98,2.98,2.98,2.98,583,0
LPCN.US,5,20251117,190500,2.98,2.98,2.98,2.98,100,0
LPCN.US,5,20251117,192000,2.98,2.98,2.98,2.98,100,0
LPCN.US,5,20251117,192500,2.9789,2.9789,2.9789,2.9789,105,0
LPCN.US,5,20251117,193500,2.95,2.95,2.95,2.95,1000,0
LPCN.US,5,20251117,194000,2.98,2.98,2.98,2.98,100,0
LPCN.US,5,20251117,200000,2.9734,2.9734,2.9734,2.9734,1850,0
LPCN.US,5,20251117,201000,2.98,2.98,2.98,2.98,100,0
LPCN.US,5,20251117,203000,2.98,2.98,2.98,2.98,100,0
LPCN.US,5,20251117,210000,2.9755,3.0041,2.9755,3.0041,8423,0
LPCN.US,5,20251117,210500,2.985,2.985,2.985,2.985,100,0
LPCN.US,5,20251117,213500,3.03,3.04,3.03,3.04,5100,0
LPCN.US,5,20251117,214000,3.0146,3.0146,3.0146,3.0146,200,0
LPCN.US,5,20251117,215000,2.99,3.05,2.99,3.05,1628,0
LPCN.US,5,20251117,215500,3.0327,3.0327,3,3,800,0
LPCN.US,5,20251118,153000,3.1,3.34,3.09,3.33,27326,0
LPCN.US,5,20251118,153500,3.33,3.38,3.23,3.37,21252,0
LPCN.US,5,20251118,154000,3.364,3.4199,3.3,3.355,24868,0
LPCN.US,5,20251118,154500,3.3,3.3479,3.3,3.32,3500,0
LPCN.US,5,20251118,155000,3.33,3.33,3.2574,3.2574,1000,0
LPCN.US,5,20251118,155500,3.293,3.33,3.293,3.3288,3792,0
LPCN.US,5,20251118,160000,3.3413,3.59,3.32,3.51,47032,0
LPCN.US,5,20251118,160500,3.5181,3.52,3.39,3.45,33733,0
LPCN.US,5,20251118,161000,3.49,3.49,3.21,3.26,18909,0
LPCN.US,5,20251118,161500,3.24,3.245,3.2,3.2401,5677,0
LPCN.US,5,20251118,162000,3.2,3.21,3.159,3.205,3324,0
LPCN.US,5,20251118,162500,3.205,3.24,3.17,3.2164,2027,0
LPCN.US,5,20251118,163000,3.21,3.21,3.1518,3.16,4295,0
LPCN.US,5,20251118,163500,3.18,3.2,3.15,3.2,2211,0
LPCN.US,5,20251118,164500,3.168,3.21,3.12,3.21,5836,0
LPCN.US,5,20251118,165500,3.2,3.2,3.2,3.2,170,0
LPCN.US,5,20251118,170500,3.1878,3.1878,3.1878,3.1878,230,0
LPCN.US,5,20251118,171000,3.2031,3.25,3.1905,3.195,2806,0
LPCN.US,5,20251118,172000,3.215,3.23,3.2,3.2,4800,0
LPCN.US,5,20251118,173000,3.2023,3.2023,3.2023,3.2023,1927,0
LPCN.US,5,20251118,173500,3.225,3.275,3.225,3.275,11195,0
LPCN.US,5,20251118,174000,3.2932,3.2932,3.2932,3.2932,500,0
LPCN.US,5,20251118,174500,3.2239,3.2239,3.2101,3.2101,1153,0
LPCN.US,5,20251118,175000,3.287,3.287,3.275,3.275,1189,0
LPCN.US,5,20251118,175500,3.2267,3.2267,3.2267,3.2267,1000,0
LPCN.US,5,20251118,180500,3.28,3.28,3.28,3.28,950,0
LPCN.US,5,20251118,181500,3.27,3.35,3.27,3.29,21675,0
LPCN.US,5,20251118,182000,3.3,3.34,3.3,3.34,3325,0
LPCN.US,5,20251118,182500,3.3499,3.3499,3.3499,3.3499,1000,0
LPCN.US,5,20251118,183000,3.3,3.3,3.27,3.27,1501,0
LPCN.US,5,20251118,185500,3.33,3.33,3.33,3.33,100,0
LPCN.US,5,20251118,190500,3.3,3.3,3.3,3.3,427,0
LPCN.US,5,20251118,191000,3.3,3.3,3.3,3.3,499,0
LPCN.US,5,20251118,191500,3.34,3.35,3.27,3.35,12042,0
LPCN.US,5,20251118,192000,3.3,3.35,3.27,3.35,1742,0
LPCN.US,5,20251118,192500,3.35,3.35,3.27,3.28,600,0
LPCN.US,5,20251118,193000,3.29,3.29,3.29,3.29,300,0
LPCN.US,5,20251118,193500,3.35,3.35,3.29,3.35,1200,0
LPCN.US,5,20251118,194000,3.35,3.35,3.29,3.3,500,0
LPCN.US,5,20251118,194500,3.3,3.355,3.3,3.3,962,0
LPCN.US,5,20251118,195000,3.3369,3.35,3.3,3.3,700,0
LPCN.US,5,20251118,195500,3.32,3.335,3.32,3.335,300,0
LPCN.US,5,20251118,200000,3.32,3.35,3.32,3.35,900,0
LPCN.US,5,20251118,200500,3.32,3.3702,3.32,3.32,800,0
LPCN.US,5,20251118,201000,3.32,3.355,3.32,3.355,300,0
LPCN.US,5,20251118,201500,3.32,3.32,3.32,3.32,300,0
LPCN.US,5,20251118,202000,3.35,3.35,3.32,3.34,8734,0
LPCN.US,5,20251118,202500,3.34,3.35,3.34,3.35,4103,0
LPCN.US,5,20251118,203000,3.35,3.36,3.34,3.35,2468,0
LPCN.US,5,20251118,203500,3.35,3.365,3.25,3.25,12085,0
LPCN.US,5,20251118,204000,3.305,3.305,3.25,3.26,1700,0
LPCN.US,5,20251118,204500,3.26,3.28,3.26,3.28,1700,0
LPCN.US,5,20251118,205000,3.33,3.34,3.27,3.34,8026,0
LPCN.US,5,20251118,205500,3.34,3.34,3.34,3.34,800,0
LPCN.US,5,20251118,210000,3.33,3.33,3.33,3.33,684,0
LPCN.US,5,20251118,210500,3.34,3.34,3.27,3.31,1500,0
LPCN.US,5,20251118,211000,3.34,3.34,3.2548,3.2548,2650,0
LPCN.US,5,20251118,211500,3.34,3.34,3.28,3.29,4300,0
LPCN.US,5,20251118,212000,3.315,3.34,3.29,3.29,3126,0
LPCN.US,5,20251118,212500,3.315,3.37,3.2634,3.37,15380,0
LPCN.US,5,20251118,213000,3.31,3.38,3.31,3.36,11334,0
LPCN.US,5,20251118,213500,3.37,3.375,3.32,3.32,4763,0
LPCN.US,5,20251118,214000,3.32,3.36,3.3,3.3,5524,0
LPCN.US,5,20251118,214500,3.33,3.5,3.22,3.3,30822,0
LPCN.US,5,20251118,215000,3.385,3.47,3.29,3.29,1300,0
LPCN.US,5,20251118,215500,3.4,3.4,3.23,3.23,900,0
LPCN.US,5,20251119,153000,3.11,3.1999,3.07,3.07,7163,0
LPCN.US,5,20251119,153500,3.1,3.16,3.07,3.15,2770,0
LPCN.US,5,20251119,154000,3.15,3.16,3.15,3.15,1266,0
LPCN.US,5,20251119,154500,3.15,3.15,3.07,3.11,679,0
LPCN.US,5,20251119,155000,3.146,3.146,3.146,3.146,100,0
LPCN.US,5,20251119,160500,3.0802,3.0802,3.0802,3.0802,1500,0
LPCN.US,5,20251119,161000,3.16,3.2,3.1383,3.1383,2935,0
LPCN.US,5,20251119,161500,3.2,3.2,3.2,3.2,2132,0
LPCN.US,5,20251119,162500,3.2,3.23,3.2,3.23,2006,0
LPCN.US,5,20251119,163500,3.21,3.21,3.2,3.2,1399,0
LPCN.US,5,20251119,171000,3.2,3.2,3.175,3.175,2000,0
LPCN.US,5,20251119,172000,3.2,3.2,3.2,3.2,1000,0
LPCN.US,5,20251119,173000,3.2,3.2,3.2,3.2,500,0
LPCN.US,5,20251119,174500,3.2043,3.2043,3.2043,3.2043,450,0
LPCN.US,5,20251119,175000,3.2,3.2,3.16,3.17,3787,0
LPCN.US,5,20251119,184000,3.2,3.2,3.19,3.2,2073,0
LPCN.US,5,20251119,184500,3.2,3.2,3.2,3.2,172,0
LPCN.US,5,20251119,185000,3.2,3.2,3.2,3.2,716,0
LPCN.US,5,20251119,190000,3.2,3.2,3.2,3.2,700,0
LPCN.US,5,20251119,190500,3.2001,3.2001,3.2001,3.2001,300,0
LPCN.US,5,20251119,192000,3.2,3.2,3.2,3.2,1400,0
LPCN.US,5,20251119,193500,3.2,3.2,3.2,3.2,300,0
LPCN.US,5,20251119,195000,3.2,3.2,3.2,3.2,1199,0
LPCN.US,5,20251119,200000,3.19,3.2077,3.19,3.2077,1183,0
LPCN.US,5,20251119,201000,3.21,3.21,3.21,3.21,200,0
LPCN.US,5,20251119,204500,3.2,3.31,3.16,3.3,10015,0
LPCN.US,5,20251119,210000,3.23,3.23,3.23,3.23,200,0
LPCN.US,5,20251119,211000,3.165,3.165,3.165,3.165,150,0
LPCN.US,5,20251119,211500,3.1986,3.21,3.19,3.21,825,0
LPCN.US,5,20251119,212000,3.22,3.255,3.19,3.1901,4300,0
LPCN.US,5,20251119,214000,3.19,3.2697,3.19,3.2697,250,0
LPCN.US,5,20251119,214500,3.2483,3.2483,3.19,3.19,1262,0
LPCN.US,5,20251119,215500,3.21,3.21,3.21,3.21,534,0
LPCN.US,5,20251120,153000,3.21,3.22,3.21,3.22,492,0
LPCN.US,5,20251120,153500,3.32,3.32,3.3037,3.3037,3100,0
LPCN.US,5,20251120,154000,3.2728,3.2728,3.2728,3.2728,300,0
LPCN.US,5,20251120,155000,3.26,3.26,3.26,3.26,3100,0
LPCN.US,5,20251120,155500,3.2201,3.2797,3.2201,3.2797,1045,0
LPCN.US,5,20251120,160000,3.2201,3.2201,3.2201,3.2201,350,0
LPCN.US,5,20251120,162000,3.2413,3.2413,3.2413,3.2413,300,0
LPCN.US,5,20251120,165500,3.26,3.26,3.26,3.26,333,0
LPCN.US,5,20251120,170000,3.26,3.26,3.26,3.26,100,0
LPCN.US,5,20251120,171500,3.2629,3.2629,3.2629,3.2629,305,0
LPCN.US,5,20251120,175500,3.25,3.25,3.25,3.25,230,0
LPCN.US,5,20251120,180000,3.27,3.27,3.27,3.27,100,0
LPCN.US,5,20251120,182500,3.2456,3.2456,3.2456,3.2456,100,0
LPCN.US,5,20251120,184000,3.23,3.23,3.23,3.23,100,0
LPCN.US,5,20251120,184500,3.2601,3.2601,3.2601,3.2601,2000,0
LPCN.US,5,20251120,185500,3.26,3.26,3.26,3.26,100,0
LPCN.US,5,20251120,191000,3.3,3.3,3.3,3.3,100,0
LPCN.US,5,20251120,201000,3.22,3.22,3.155,3.155,3762,0
LPCN.US,5,20251120,201500,3.21,3.21,3.21,3.21,100,0
LPCN.US,5,20251120,204500,3.2,3.2,3.2,3.2,761,0
LPCN.US,5,20251120,205000,3.11,3.11,3.11,3.11,1000,0
LPCN.US,5,20251120,210500,3.1814,3.1814,3.1814,3.1814,5000,0
LPCN.US,5,20251120,211000,3.155,3.19,3.155,3.19,200,0
LPCN.US,5,20251120,212000,3.155,3.155,3.155,3.155,100,0
LPCN.US,5,20251120,213000,3.1444,3.1444,3.1444,3.1444,500,0
LPCN.US,5,20251120,214500,3.164,3.164,3.164,3.164,245,0
LPCN.US,5,20251120,215000,3.175,3.175,3.175,3.175,100,0
LPCN.US,5,20251120,215500,3.17,3.17,3.1525,3.1525,714,0
LPCN.US,5,20251121,153000,3.16,3.16,3.16,3.16,200,0
LPCN.US,5,20251121,154000,3.135,3.17,3.135,3.17,2570,0
LPCN.US,5,20251121,154500,3.155,3.155,3.155,3.155,100,0
LPCN.US,5,20251121,160000,3.1819,3.1819,3.1819,3.1819,467,0
LPCN.US,5,20251121,160500,3.2,3.2,3.2,3.2,900,0
LPCN.US,5,20251121,161000,3.155,3.155,3.155,3.155,200,0
LPCN.US,5,20251121,161500,3.1638,3.1638,3.1638,3.1638,623,0
LPCN.US,5,20251121,163500,3.1462,3.1462,3.1462,3.1462,171,0
LPCN.US,5,20251121,164000,3.155,3.155,3.155,3.155,100,0
LPCN.US,5,20251121,165000,3.1308,3.1308,3.1308,3.1308,123,0
LPCN.US,5,20251121,170000,3.1303,3.1303,3.1303,3.1303,200,0
LPCN.US,5,20251121,173000,3.155,3.155,3.155,3.155,300,0
LPCN.US,5,20251121,174000,3.155,3.155,3.155,3.155,118,0
LPCN.US,5,20251121,174500,3.11,3.11,3.11,3.11,200,0
LPCN.US,5,20251121,175500,3.11,3.11,3.11,3.11,1000,0
LPCN.US,5,20251121,180500,3.12,3.15,3.11,3.15,3044,0
LPCN.US,5,20251121,181000,3.15,3.15,3.15,3.15,2000,0
LPCN.US,5,20251121,182000,3.19,3.19,3.19,3.19,420,0
LPCN.US,5,20251121,184000,3.15,3.15,3.15,3.15,100,0
LPCN.US,5,20251121,185000,3.15,3.19,3.15,3.19,500,0
LPCN.US,5,20251121,191500,3.2,3.2,3.2,3.2,500,0
LPCN.US,5,20251121,192000,3.2,3.2,3.2,3.2,1000,0
LPCN.US,5,20251121,193500,3.2,3.2,3.1873,3.1873,200,0
LPCN.US,5,20251121,194500,3.2,3.2,3.2,3.2,880,0
LPCN.US,5,20251121,203000,3.18,3.18,3.18,3.18,100,0
LPCN.US,5,20251121,203500,3.18,3.18,3.18,3.18,799,0
LPCN.US,5,20251121,215500,3.19,3.19,3.19,3.19,120,0
LPCN.US,5,20251124,153000,3.16,3.16,3.16,3.16,231,0
LPCN.US,5,20251124,153500,3.176,3.176,3.176,3.176,1000,0
LPCN.US,5,20251124,154000,3.2,3.2,3.18,3.18,200,0
LPCN.US,5,20251124,164000,3.2,3.2,3.2,3.2,100,0
LPCN.US,5,20251124,164500,3.19,3.19,3.19,3.19,200,0
LPCN.US,5,20251124,171000,3.1857,3.1857,3.1857,3.1857,200,0
LPCN.US,5,20251124,174500,3.19,3.2,3.19,3.2,500,0
LPCN.US,5,20251124,180000,3.19,3.23,3.19,3.225,1480,0
LPCN.US,5,20251124,183500,3.245,3.245,3.2201,3.2201,417,0
LPCN.US,5,20251124,202000,3.25,3.25,3.25,3.25,100,0
LPCN.US,5,20251124,203000,3.2329,3.2329,3.2329,3.2329,400,0
LPCN.US,5,20251124,205000,3.25,3.25,3.22,3.24,5447,0
LPCN.US,5,20251124,212000,3.25,3.25,3.25,3.25,100,0
LPCN.US,5,20251124,215500,3.2268,3.2268,3.2268,3.2268,118,0
LPCN.US,5,20251125,153000,3.26,3.26,3.26,3.26,778,0
LPCN.US,5,20251125,154000,3.26,3.26,3.23,3.23,2100,0
LPCN.US,5,20251125,155000,3.33,3.3699,3.33,3.3699,3250,0
LPCN.US,5,20251125,162500,3.3421,3.37,3.34,3.34,1000,0
LPCN.US,5,20251125,164000,3.25,3.25,3.25,3.25,100,0
LPCN.US,5,20251125,175000,3.230425,3.230425,3.230425,3.230425,100,0
LPCN.US,5,20251125,180000,3.289,3.289,3.2849,3.2849,200,0
LPCN.US,5,20251125,182000,3.3364,3.3364,3.3364,3.3364,100,0
LPCN.US,5,20251125,182500,3.3201,3.3201,3.3201,3.3201,200,0
LPCN.US,5,20251125,183000,3.34,3.34,3.34,3.34,132,0
LPCN.US,5,20251125,183500,3.33,3.33,3.33,3.33,127,0
LPCN.US,5,20251125,184500,3.36,3.36,3.36,3.36,353,0
LPCN.US,5,20251125,190500,3.34,3.36,3.34,3.35,5901,0
LPCN.US,5,20251125,191000,3.37,3.37,3.35,3.35,1326,0
LPCN.US,5,20251125,194000,3.3171,3.3171,3.3171,3.3171,1471,0
LPCN.US,5,20251125,194500,3.295,3.295,3.295,3.295,689,0
LPCN.US,5,20251125,200500,3.323,3.323,3.2617,3.27,3272,0
LPCN.US,5,20251125,201000,3.35,3.35,3.35,3.35,4900,0
LPCN.US,5,20251125,201500,3.32,3.32,3.27,3.27,200,0
LPCN.US,5,20251125,202000,3.32,3.32,3.27,3.27,600,0
LPCN.US,5,20251125,202500,3.32,3.32,3.27,3.27,400,0
LPCN.US,5,20251125,203000,3.32,3.32,3.27,3.27,400,0
LPCN.US,5,20251125,203500,3.27,3.27,3.27,3.27,300,0
LPCN.US,5,20251125,204000,3.2951,3.2951,3.2951,3.2951,1000,0
LPCN.US,5,20251125,213000,3.25,3.25,3.25,3.25,326,0
LPCN.US,5,20251125,214000,3.3,3.3,3.3,3.3,502,0
LPCN.US,5,20251125,215500,3.27,3.27,3.27,3.27,483,0
LPCN.US,5,20251126,153000,3.27,3.355,3.21,3.23,1911,0
LPCN.US,5,20251126,153500,3.3695,3.3695,3.3695,3.3695,500,0
LPCN.US,5,20251126,154000,3.3,3.3,3.22,3.22,800,0
LPCN.US,5,20251126,154500,3.285,3.285,3.22,3.22,500,0
LPCN.US,5,20251126,164000,3.31,3.31,3.27,3.27,600,0
LPCN.US,5,20251126,164500,3.26,3.26,3.26,3.26,450,0
LPCN.US,5,20251126,170000,3.3365,3.47,3.3365,3.47,4584,0
LPCN.US,5,20251126,170500,3.3592,3.3592,3.3592,3.3592,1162,0
LPCN.US,5,20251126,173500,3.39,3.39,3.39,3.39,1983,0
LPCN.US,5,20251126,175500,3.42,3.42,3.39,3.39,5006,0
LPCN.US,5,20251126,180000,3.3114,3.3114,3.24,3.26,2402,0
LPCN.US,5,20251126,180500,3.25,3.25,3.24,3.24,1500,0
LPCN.US,5,20251126,181500,3.25,3.25,3.25,3.25,165,0
LPCN.US,5,20251126,183500,3.3741,3.3741,3.3741,3.3741,586,0
LPCN.US,5,20251126,185500,3.2891,3.2891,3.2891,3.2891,100,0
LPCN.US,5,20251126,191000,3.31,3.31,3.31,3.31,160,0
LPCN.US,5,20251126,191500,3.305,3.305,3.305,3.305,100,0
LPCN.US,5,20251126,192000,3.33,3.3364,3.33,3.3364,800,0
LPCN.US,5,20251126,200500,3.326,3.326,3.326,3.326,588,0
LPCN.US,5,20251126,201000,3.33,3.4,3.33,3.395,1725,0
LPCN.US,5,20251126,204500,3.38,3.39,3.35,3.35,535,0
LPCN.US,5,20251126,210500,3.3344,3.3344,3.3344,3.3344,100,0
LPCN.US,5,20251126,212500,3.3396,3.3396,3.3396,3.3396,177,0
LPCN.US,5,20251126,215000,3.33,3.33,3.3115,3.3115,300,0
LPCN.US,5,20251126,215500,3.335,3.35,3.335,3.35,896,0
LPCN.US,5,20251128,153000,3.33,3.3861,3.33,3.3861,1192,0
LPCN.US,5,20251128,153500,3.4,3.42,3.3702,3.3702,1391,0
LPCN.US,5,20251128,160000,3.3704,3.38,3.3704,3.38,700,0
LPCN.US,5,20251128,160500,3.4499,3.4499,3.4499,3.4499,580,0
LPCN.US,5,20251128,161000,3.4148,3.4148,3.4148,3.4148,300,0
LPCN.US,5,20251128,161500,3.37,3.37,3.37,3.37,800,0
LPCN.US,5,20251128,162000,3.39,3.39,3.39,3.39,100,0
LPCN.US,5,20251128,163500,3.395,3.395,3.395,3.395,250,0
LPCN.US,5,20251128,164000,3.398,3.4,3.398,3.4,350,0
LPCN.US,5,20251128,165000,3.41,3.42,3.41,3.42,200,0
LPCN.US,5,20251128,171000,3.42,3.43,3.42,3.43,3950,0
LPCN.US,5,20251128,171500,3.4256,3.43,3.4256,3.43,6000,0
LPCN.US,5,20251128,172000,3.4155,3.4155,3.4155,3.4155,200,0
LPCN.US,5,20251128,172500,3.415,3.415,3.39,3.415,868,0
LPCN.US,5,20251128,174500,3.4275,3.4275,3.4275,3.4275,300,0
LPCN.US,5,20251128,175000,3.39,3.39,3.39,3.39,100,0
LPCN.US,5,20251128,184000,3.3889,3.3889,3.3889,3.3889,145,0
LPCN.US,5,20251128,185500,3.41,3.44,3.41,3.425,1842,0
LPCN.US,5,20251128,190000,3.44,3.44,3.44,3.44,276,0
LPCN.US,5,20251201,162000,3.3381,3.3381,3.3381,3.3381,299,0
LPCN.US,5,20251201,164000,3.33,3.33,3.33,3.33,100,0
LPCN.US,5,20251201,171000,3.335,3.335,3.335,3.335,200,0
LPCN.US,5,20251201,174500,3.3291,3.3291,3.3291,3.3291,500,0
LPCN.US,5,20251201,181000,3.3799,3.3799,3.3799,3.3799,253,0
LPCN.US,5,20251201,182000,3.2884,3.2884,3.2884,3.2884,729,0
LPCN.US,5,20251201,184000,3.2961,3.2961,3.2961,3.2961,150,0
LPCN.US,5,20251201,185500,3.33,3.33,3.33,3.33,100,0
LPCN.US,5,20251201,194000,3.335,3.335,3.335,3.335,132,0
LPCN.US,5,20251201,201000,3.3151,3.3151,3.3151,3.3151,330,0
LPCN.US,5,20251201,203500,3.3386,3.3386,3.3386,3.3386,194,0
LPCN.US,5,20251201,210000,3.315,3.315,3.315,3.315,300,0
LPCN.US,5,20251201,211500,3.3128,3.3328,3.3128,3.3328,3000,0
LPCN.US,5,20251201,215500,3.34,3.34,3.31,3.31,378,0
LPCN.US,5,20251202,161000,3.3416,3.3416,3.3416,3.3416,100,0
LPCN.US,5,20251202,164000,3.34,3.3401,3.33,3.33,6446,0
LPCN.US,5,20251202,170000,3.33,3.33,3.33,3.33,7365,0
LPCN.US,5,20251202,171500,3.3,3.3,3.3,3.3,100,0
LPCN.US,5,20251202,175000,3.2801,3.2801,3.245,3.245,2096,0
LPCN.US,5,20251202,181500,3.2101,3.2344,3.2101,3.2344,3000,0
LPCN.US,5,20251202,200500,3.22,3.2333,3.22,3.2332,3538,0
LPCN.US,5,20251202,201000,3.26,3.26,3.26,3.26,100,0
LPCN.US,5,20251202,211000,3.24,3.24,3.24,3.24,200,0
LPCN.US,5,20251202,212500,3.245,3.245,3.245,3.245,300,0
LPCN.US,5,20251202,213500,3.26,3.26,3.26,3.26,200,0
LPCN.US,5,20251202,215000,3.25,3.25,3.25,3.25,100,0
LPCN.US,5,20251202,215500,3.2304,3.2548,3.2304,3.25,500,0
LPCN.US,5,20251203,153000,3.25,3.25,3.25,3.25,153,0
LPCN.US,5,20251203,155500,3.25,3.25,3.25,3.25,450,0
LPCN.US,5,20251203,160500,3.2508,3.2508,3.2508,3.2508,100,0
LPCN.US,5,20251203,163000,3.26,3.26,3.26,3.26,1000,0
LPCN.US,5,20251203,163500,3.2775,3.2775,3.2775,3.2775,100,0
LPCN.US,5,20251203,171000,3.2592,3.2592,3.2592,3.2592,145,0
LPCN.US,5,20251203,172000,3.25,3.25,3.23,3.23,1500,0
LPCN.US,5,20251203,173500,3.23,3.23,3.23,3.23,298,0
LPCN.US,5,20251203,175500,3.23,3.23,3.23,3.23,225,0
LPCN.US,5,20251203,181500,3.245,3.245,3.245,3.245,1000,0
LPCN.US,5,20251203,182500,3.2746,3.2746,3.2746,3.2746,342,0
LPCN.US,5,20251203,193000,3.25,3.25,3.25,3.25,100,0
LPCN.US,5,20251203,193500,3.2749,3.2749,3.2749,3.2749,410,0
LPCN.US,5,20251203,200000,3.265,3.265,3.265,3.265,882,0
LPCN.US,5,20251203,204000,3.23,3.23,3.23,3.23,9089,0
LPCN.US,5,20251203,211000,3.175,3.175,3.15,3.151,979,0
LPCN.US,5,20251203,212000,3.1724,3.1724,3.1724,3.1724,300,0
LPCN.US,5,20251203,213000,3.15,3.15,3.15,3.15,2051,0
LPCN.US,5,20251203,215000,3.11,3.1327,3.07,3.1,8033,0
LPCN.US,5,20251203,215500,3.115,3.115,3.09,3.09,1914,0
LPCN.US,5,20251204,153000,3.06,3.06,3.06,3.06,1250,0
LPCN.US,5,20251204,160000,3.055,3.055,3.055,3.055,270,0
LPCN.US,5,20251204,160500,3.0418,3.0418,3.0418,3.0418,136,0
LPCN.US,5,20251204,162500,3.022,3.05,2.98,3,2249,0
LPCN.US,5,20251204,164500,3.0101,3.0357,3,3.0357,1447,0
LPCN.US,5,20251204,165500,3.01,3.01,3.01,3.01,141,0
LPCN.US,5,20251204,170000,3.011,3.013,3.011,3.013,200,0
LPCN.US,5,20251204,171500,3.149,3.149,3.149,3.149,100,0
LPCN.US,5,20251204,172000,3.1159,3.1159,3.1159,3.1159,100,0
LPCN.US,5,20251204,173000,3.1,3.1,3.1,3.1,100,0
LPCN.US,5,20251204,174000,3.06,3.06,3.06,3.06,100,0
LPCN.US,5,20251204,174500,3.0911,3.0911,3.0911,3.0911,100,0
LPCN.US,5,20251204,182000,3.1,3.1,3.1,3.1,100,0
LPCN.US,5,20251204,182500,3.1,3.1,3.1,3.1,200,0
LPCN.US,5,20251204,190500,3.1389,3.1389,3.06,3.06,3800,0
LPCN.US,5,20251204,192000,3.0778,3.0778,3.04,3.04,303,0
LPCN.US,5,20251204,193000,3.0935,3.0935,3.0935,3.0935,100,0
LPCN.US,5,20251204,194500,3.04,3.08,3.04,3.08,200,0
LPCN.US,5,20251204,201000,3.07,3.07,3.03,3.03,400,0
LPCN.US,5,20251204,202000,3.07,3.07,3.07,3.07,144,0
LPCN.US,5,20251204,211500,3.13,3.13,3.11,3.11,450,0
LPCN.US,5,20251204,212500,3.13,3.13,3.13,3.13,100,0
LPCN.US,5,20251204,214000,3.11,3.11,3.11,3.11,1000,0
LPCN.US,5,20251204,215500,3.13,3.13,3.1,3.1,331,0
LPCN.US,5,20251205,153000,3.14,3.15,3.14,3.15,1785,0
LPCN.US,5,20251205,154000,3.2,3.2,3.2,3.2,215,0
LPCN.US,5,20251205,155500,3.19,3.2,3.18,3.18,3293,0
LPCN.US,5,20251205,161500,3.16,3.16,3.16,3.16,100,0
LPCN.US,5,20251205,162500,3.1573,3.1573,3.1573,3.1573,125,0
LPCN.US,5,20251205,164500,3.2,3.2,3.2,3.2,100,0
LPCN.US,5,20251205,165500,3.2,3.2,3.2,3.2,118,0
LPCN.US,5,20251205,171500,3.15,3.175,3.15,3.175,1212,0
LPCN.US,5,20251205,172500,3.1602,3.1602,3.1602,3.1602,3747,0
LPCN.US,5,20251205,174500,3.205,3.23,3.205,3.21,2277,0
LPCN.US,5,20251205,175000,3.25,3.25,3.25,3.25,100,0
LPCN.US,5,20251205,180500,3.26,3.26,3.25,3.25,300,0
LPCN.US,5,20251205,183000,3.25,3.25,3.25,3.25,100,0
LPCN.US,5,20251205,183500,3.28,3.28,3.28,3.28,448,0
LPCN.US,5,20251205,184500,3.26,3.26,3.26,3.26,100,0
LPCN.US,5,20251205,185500,3.275,3.275,3.275,3.275,400,0
LPCN.US,5,20251205,194000,3.265,3.265,3.265,3.265,540,0
LPCN.US,5,20251205,195000,3.3,3.3,3.3,3.3,100,0
LPCN.US,5,20251205,202500,3.2815,3.2815,3.2815,3.2815,100,0
LPCN.US,5,20251205,203000,3.2782,3.2782,3.2782,3.2782,100,0
LPCN.US,5,20251205,211000,3.31,3.31,3.31,3.31,650,0
LPCN.US,5,20251205,211500,3.28,3.28,3.28,3.28,500,0
LPCN.US,5,20251205,212500,3.24,3.24,3.24,3.24,222,0
LPCN.US,5,20251205,214000,3.248,3.248,3.248,3.248,294,0
LPCN.US,5,20251205,215500,3.19,3.21,3.15,3.15,300,0
LPCN.US,5,20251208,153000,3.2,3.2,3.2,3.2,213,0
LPCN.US,5,20251208,153500,3.192,3.192,3.192,3.192,150,0
LPCN.US,5,20251208,154000,3.27,3.27,3.27,3.27,300,0
LPCN.US,5,20251208,154500,3.27,3.27,3.26,3.27,1200,0
LPCN.US,5,20251208,161500,3.27,3.28,3.27,3.28,300,0
LPCN.US,5,20251208,170500,3.2301,3.2301,3.2301,3.2301,500,0
LPCN.US,5,20251208,172000,3.1656,3.1656,3.1656,3.1656,1000,0
LPCN.US,5,20251208,183500,3.2288,3.2288,3.2288,3.2288,100,0
LPCN.US,5,20251208,193000,3.2,3.2,3.2,3.2,159,0
LPCN.US,5,20251208,193500,3.1801,3.1801,3.1801,3.1801,406,0
LPCN.US,5,20251208,200500,3.22,3.22,3.22,3.22,1230,0
LPCN.US,5,20251208,201500,3.25,3.25,3.25,3.25,100,0
LPCN.US,5,20251208,215000,3.285,3.285,3.28,3.28,200,0
LPCN.US,5,20251208,215500,3.27,3.27,3.25,3.26,865,0
LPCN.US,5,20251209,153000,3.23,3.23,3.23,3.23,242,0
LPCN.US,5,20251209,161000,3.275,3.275,3.275,3.275,200,0
LPCN.US,5,20251209,163500,3.27,3.29,3.27,3.29,689,0
LPCN.US,5,20251209,172000,3.278,3.278,3.278,3.278,123,0
LPCN.US,5,20251209,181500,3.29,3.3,3.29,3.3,326,0
LPCN.US,5,20251209,182000,3.29,3.31,3.29,3.31,200,0
LPCN.US,5,20251209,183500,3.3,3.3,3.3,3.3,100,0
LPCN.US,5,20251209,192500,3.3,3.3,3.3,3.3,200,0
LPCN.US,5,20251209,195000,3.28,3.285,3.28,3.285,200,0
LPCN.US,5,20251209,200500,3.29,3.29,3.29,3.29,223,0
LPCN.US,5,20251209,213000,3.3,3.3341,3.3,3.3341,1116,0
LPCN.US,5,20251209,213500,3.33,3.33,3.33,3.33,100,0
LPCN.US,5,20251209,214000,3.34,3.34,3.313,3.313,399,0
LPCN.US,5,20251209,215500,3.3,3.3088,3.27,3.27,525,0
LPCN.US,5,20251210,153000,3.27,3.27,3.27,3.27,178,0
LPCN.US,5,20251210,153500,3.27,3.27,3.26,3.26,300,0
LPCN.US,5,20251210,154000,3.3322,3.3322,3.3322,3.3322,200,0
LPCN.US,5,20251210,155000,3.2614,3.2614,3.2614,3.2614,295,0
LPCN.US,5,20251210,160500,3.27,3.27,3.27,3.27,200,0
LPCN.US,5,20251210,161000,3.2698,3.27,3.2698,3.27,300,0
LPCN.US,5,20251210,185500,3.35,3.35,3.35,3.35,100,0
LPCN.US,5,20251210,201000,3.37,3.3745,3.36,3.3745,1960,0
LPCN.US,5,20251210,201500,3.35,3.35,3.35,3.35,272,0
LPCN.US,5,20251210,205500,3.33,3.33,3.33,3.33,200,0
LPCN.US,5,20251210,211000,3.34,3.34,3.34,3.34,250,0
LPCN.US,5,20251211,154500,3.39,3.39,3.39,3.39,520,0
LPCN.US,5,20251211,155500,3.2791,3.2791,3.2791,3.2791,1081,0
LPCN.US,5,20251211,160000,3.3674,3.3674,3.3674,3.3674,110,0
LPCN.US,5,20251211,162500,3.3266,3.3266,3.3266,3.3266,300,0
LPCN.US,5,20251211,163000,3.33,3.33,3.3,3.3,927,0
LPCN.US,5,20251211,164000,3.28,3.28,3.27,3.27,200,0
LPCN.US,5,20251211,165000,3.27,3.27,3.25,3.25,600,0
LPCN.US,5,20251211,171500,3.26,3.26,3.26,3.26,250,0
LPCN.US,5,20251211,173000,3.2999,3.2999,3.2999,3.2999,620,0
LPCN.US,5,20251211,182000,3.235,3.235,3.2285,3.2285,710,0
LPCN.US,5,20251211,193000,3.26,3.26,3.26,3.26,100,0
LPCN.US,5,20251211,193500,3.27,3.27,3.25,3.25,1801,0
LPCN.US,5,20251211,202500,3.27,3.27,3.27,3.27,100,0
LPCN.US,5,20251211,203500,3.27,3.27,3.25,3.26,6861,0
LPCN.US,5,20251211,205000,3.294,3.294,3.26,3.26,424,0
LPCN.US,5,20251211,210500,3.29,3.29,3.29,3.29,100,0
LPCN.US,5,20251211,211000,3.25,3.25,3.25,3.25,294,0
LPCN.US,5,20251211,213500,3.29,3.3,3.29,3.3,300,0
LPCN.US,5,20251211,214500,3.25,3.25,3.25,3.25,100,0
LPCN.US,5,20251211,215500,3.24,3.24,3.18,3.18,300,0
LPCN.US,5,20251212,153000,3.15,3.18,3.15,3.18,4628,0
LPCN.US,5,20251212,153500,3.19,3.19,3.19,3.19,300,0
LPCN.US,5,20251212,154000,3.12,3.12,3.12,3.12,100,0
LPCN.US,5,20251212,155500,3.11,3.11,3.11,3.11,7000,0
LPCN.US,5,20251212,160000,3.19,3.19,3.19,3.19,300,0
LPCN.US,5,20251212,163000,3.1206,3.1206,3.1206,3.1206,118,0
LPCN.US,5,20251212,170000,3.14,3.1811,3.14,3.1811,1027,0
LPCN.US,5,20251212,182000,3.19,3.19,3.19,3.19,100,0
LPCN.US,5,20251212,190000,3.1675,3.1675,3.1675,3.1675,300,0
LPCN.US,5,20251212,193000,3.165,3.165,3.165,3.165,150,0
LPCN.US,5,20251212,200000,3.1401,3.1401,3.1401,3.1401,563,0
LPCN.US,5,20251212,202500,3.1603,3.1603,3.1603,3.1603,100,0
LPCN.US,5,20251212,211000,3.16,3.16,3.16,3.16,800,0
LPCN.US,5,20251212,211500,3.16,3.16,3.16,3.16,200,0
LPCN.US,5,20251212,215500,3.16,3.17,3.15,3.17,357,0
LPCN.US,5,20251215,153000,3.17,3.17,3.17,3.17,1108,0
LPCN.US,5,20251215,155000,3.17,3.17,3.17,3.17,350,0
LPCN.US,5,20251215,160500,3.15,3.15,3.13,3.13,400,0
LPCN.US,5,20251215,161000,3.1,3.1065,3.1,3.1065,413,0
LPCN.US,5,20251215,163500,3.1221,3.1244,3.1221,3.1244,450,0
LPCN.US,5,20251215,164000,3.125,3.125,3.125,3.125,500,0
LPCN.US,5,20251215,164500,3.125,3.16,3.125,3.16,800,0
LPCN.US,5,20251215,165500,3.1406,3.1406,3.1406,3.1406,222,0
LPCN.US,5,20251215,171500,3.1,3.11,3.06,3.06,2995,0
LPCN.US,5,20251215,172500,3.05,3.05,3.05,3.05,200,0
LPCN.US,5,20251215,173000,3.09,3.09,3.09,3.09,100,0
LPCN.US,5,20251215,174000,3.15,3.15,3.15,3.15,100,0
LPCN.US,5,20251215,175000,3.13,3.14,3.13,3.14,1463,0
LPCN.US,5,20251215,183000,3.13,3.13,3.13,3.13,100,0
LPCN.US,5,20251215,184000,3.13,3.13,3.13,3.13,100,0
LPCN.US,5,20251215,190000,3.13,3.13,3.13,3.13,100,0
LPCN.US,5,20251215,192000,3.14,3.14,3.0979,3.0979,200,0
LPCN.US,5,20251215,193500,3.08,3.11,3.07,3.11,635,0
LPCN.US,5,20251215,195500,3.09,3.09,3.09,3.09,100,0
LPCN.US,5,20251215,200000,3.08,3.11,3.07,3.11,3821,0
LPCN.US,5,20251215,200500,3.07,3.07,3.07,3.07,700,0
LPCN.US,5,20251215,201000,3.085,3.085,3.085,3.085,500,0
LPCN.US,5,20251215,201500,3.11,3.11,3.11,3.11,100,0
LPCN.US,5,20251215,202000,3.1,3.125,3.1,3.125,655,0
LPCN.US,5,20251215,202500,3.1,3.1,3.075,3.1,3326,0
LPCN.US,5,20251215,203000,3.115,3.13,3.115,3.13,2848,0
LPCN.US,5,20251215,203500,3.14,3.14,3.14,3.14,100,0
LPCN.US,5,20251215,204000,3.14,3.168,3.14,3.16,2000,0
LPCN.US,5,20251215,204500,3.135,3.135,3.135,3.135,588,0
LPCN.US,5,20251215,212000,3.102,3.1112,3.1,3.1,3000,0
LPCN.US,5,20251215,212500,3.135,3.135,3.1,3.13,2600,0
LPCN.US,5,20251215,215000,3.135,3.135,3.11,3.135,889,0
LPCN.US,5,20251215,215500,3.14,3.15,3.14,3.14,500,0
LPCN.US,5,20251216,153000,3.1459,3.15,3.1459,3.15,325,0
LPCN.US,5,20251216,153500,3.1485,3.15,3.1485,3.15,350,0
LPCN.US,5,20251216,154000,3.14,3.14,3.14,3.14,1000,0
LPCN.US,5,20251216,154500,3.15,3.15,3.15,3.15,500,0
LPCN.US,5,20251216,155000,3.15,3.15,3.15,3.15,300,0
LPCN.US,5,20251216,155500,3.1499,3.15,3.1499,3.1499,1400,0
LPCN.US,5,20251216,161000,3.15,3.15,3.15,3.15,200,0
LPCN.US,5,20251216,174500,3.275,3.275,3.275,3.275,1021,0
LPCN.US,5,20251216,181500,3.16,3.16,3.15,3.1517,6187,0
LPCN.US,5,20251216,212500,3.1501,3.1501,3.1501,3.1501,1013,0
LPCN.US,5,20251216,214000,3.25,3.25,3.1931,3.1931,400,0
LPCN.US,5,20251216,215500,3.19,3.19,3.15,3.15,1060,0
LPCN.US,5,20251217,153000,3.19,3.19,3.19,3.19,1000,0
LPCN.US,5,20251217,153500,3.2,3.28,3.2,3.28,500,0
LPCN.US,5,20251217,154000,3.1613,3.39,3.1613,3.39,7094,0
LPCN.US,5,20251217,154500,3.39,3.39,3.39,3.39,806,0
LPCN.US,5,20251217,155500,3.325,3.39,3.325,3.39,200,0
LPCN.US,5,20251217,160000,3.39,3.42,3.39,3.42,1403,0
LPCN.US,5,20251217,160500,3.3771,3.3771,3.3771,3.3771,500,0
LPCN.US,5,20251217,161000,3.3301,3.3301,3.3301,3.3301,1000,0
LPCN.US,5,20251217,163000,3.42,3.49,3.42,3.49,300,0
LPCN.US,5,20251217,163500,3.4466,3.4466,3.4466,3.4466,185,0
LPCN.US,5,20251217,164000,3.5,3.61,3.49,3.59,9910,0
LPCN.US,5,20251217,164500,3.57,3.6495,3.5694,3.6495,7457,0
LPCN.US,5,20251217,165000,3.61,3.68,3.61,3.61,1300,0
LPCN.US,5,20251217,165500,3.64,3.75,3.63,3.75,20048,0
LPCN.US,5,20251217,170000,3.74,3.77,3.69,3.7507,3950,0
LPCN.US,5,20251217,170500,3.6897,3.75,3.6298,3.685,2712,0
LPCN.US,5,20251217,171000,3.685,3.73,3.4932,3.73,1350,0
LPCN.US,5,20251217,171500,3.4201,3.6,3.4201,3.6,1600,0
LPCN.US,5,20251217,172000,3.6001,3.8246,3.6001,3.7838,5822,0
LPCN.US,5,20251217,172500,3.8394,3.9,3.75,3.85,17153,0
LPCN.US,5,20251217,173000,3.85,3.93,3.56,3.7,17514,0
LPCN.US,5,20251217,173500,3.61,3.8,3.61,3.6853,18106,0
LPCN.US,5,20251217,174000,3.69,3.71,3.69,3.71,2643,0
LPCN.US,5,20251217,174500,3.75,3.75,3.71,3.71,700,0
LPCN.US,5,20251217,175000,3.7,3.7,3.6,3.62,5761,0
LPCN.US,5,20251217,175500,3.67,3.68,3.66,3.67,8450,0
LPCN.US,5,20251217,180000,3.7,3.7,3.7,3.7,300,0
LPCN.US,5,20251217,180500,3.7,3.73,3.7,3.73,541,0
LPCN.US,5,20251217,181000,3.635,3.65,3.5145,3.56,2131,0
LPCN.US,5,20251217,181500,3.59,3.59,3.59,3.59,100,0
LPCN.US,5,20251217,182000,3.59,3.64,3.59,3.64,516,0
LPCN.US,5,20251217,182500,3.65,3.7,3.53,3.615,700,0
LPCN.US,5,20251217,183000,3.7,3.73,3.58,3.58,3200,0
LPCN.US,5,20251217,183500,3.665,3.665,3.66,3.66,1400,0
LPCN.US,5,20251217,184500,3.705,3.84,3.705,3.77,14005,0
LPCN.US,5,20251217,185000,3.79,3.88,3.79,3.88,2300,0
LPCN.US,5,20251217,185500,3.79,3.9,3.78,3.805,15435,0
LPCN.US,5,20251217,190000,3.87,3.88,3.8463,3.8463,1235,0
LPCN.US,5,20251217,190500,3.84,3.92,3.79,3.81,14121,0
LPCN.US,5,20251217,191000,3.81,3.81,3.77,3.77,334,0
LPCN.US,5,20251217,191500,3.73,3.79,3.72,3.755,2662,0
LPCN.US,5,20251217,192000,3.74,3.74,3.73,3.73,300,0
LPCN.US,5,20251217,192500,3.64,3.74,3.63,3.74,1663,0
LPCN.US,5,20251217,193000,3.6822,3.8376,3.6822,3.8376,4891,0
LPCN.US,5,20251217,193500,3.68,3.8499,3.68,3.8,1340,0
LPCN.US,5,20251217,194500,3.79,3.86,3.7368,3.81,6280,0
LPCN.US,5,20251217,195000,3.82,3.82,3.805,3.818,2308,0
LPCN.US,5,20251217,200500,3.8,3.8,3.8,3.8,319,0
LPCN.US,5,20251217,201000,3.75,3.76,3.75,3.76,1100,0
LPCN.US,5,20251217,201500,3.728,3.76,3.69,3.69,4590,0
LPCN.US,5,20251217,203000,3.7,3.7,3.7,3.7,200,0
LPCN.US,5,20251217,203500,3.6698,3.6698,3.5282,3.5282,13221,0
LPCN.US,5,20251217,205500,3.66,3.66,3.66,3.66,7000,0
LPCN.US,5,20251217,210000,3.58,3.58,3.58,3.58,125,0
LPCN.US,5,20251217,211000,3.6,3.67,3.6,3.65,986,0
LPCN.US,5,20251217,211500,3.635,3.64,3.635,3.64,200,0
LPCN.US,5,20251217,212000,3.66,3.66,3.66,3.66,100,0
LPCN.US,5,20251217,213500,3.66,3.66,3.66,3.66,359,0
LPCN.US,5,20251217,214500,3.68,3.68,3.6516,3.6516,300,0
LPCN.US,5,20251217,215000,3.67,3.67,3.66,3.66,419,0
LPCN.US,5,20251217,215500,3.7,3.72,3.67,3.67,515,0
LPCN.US,5,20251218,153000,3.71,3.72,3.71,3.72,4269,0
LPCN.US,5,20251218,153500,3.6926,3.7,3.6926,3.7,1742,0
LPCN.US,5,20251218,154000,3.7,3.8,3.62,3.715,2492,0
LPCN.US,5,20251218,154500,3.655,3.7,3.655,3.68,900,0
LPCN.US,5,20251218,155500,3.73,3.73,3.655,3.655,435,0
LPCN.US,5,20251218,160000,3.6645,3.6645,3.6645,3.6645,269,0
LPCN.US,5,20251218,161000,3.7,3.75,3.7,3.75,1599,0
LPCN.US,5,20251218,161500,3.69,3.69,3.5662,3.5842,1950,0
LPCN.US,5,20251218,162000,3.58,3.685,3.57,3.685,7056,0
LPCN.US,5,20251218,162500,3.56,3.685,3.56,3.59,1000,0
LPCN.US,5,20251218,163000,3.71,3.71,3.7,3.7,200,0
LPCN.US,5,20251218,163500,3.71,3.94,3.6966,3.84,16960,0
LPCN.US,5,20251218,164000,3.895,4,3.85,4,33342,0
LPCN.US,5,20251218,164500,3.99,4.1199,3.84,3.915,33704,0
LPCN.US,5,20251218,165000,3.92,4.12,3.9,3.9,10499,0
LPCN.US,5,20251218,165500,3.9861,4.14,3.9,4.07,20925,0
LPCN.US,5,20251218,170000,4,4.13,3.93,4.01,31928,0
LPCN.US,5,20251218,170500,4.11,4.17,3.97,4.07,16018,0
LPCN.US,5,20251218,171000,4.075,4.17,3.98,4.01,10956,0
LPCN.US,5,20251218,171500,4.01,4.04,3.99,4.02,8410,0
LPCN.US,5,20251218,172000,4.01,4.01,3.96,3.9616,5986,0
LPCN.US,5,20251218,172500,4.01,4.06,3.9916,3.9916,6286,0
LPCN.US,5,20251218,173000,4.04,4.05,4,4.05,2000,0
LPCN.US,5,20251218,173500,4.04,4.05,3.93,3.995,3706,0
LPCN.US,5,20251218,175000,3.9722,4.09,3.9722,4,11050,0
LPCN.US,5,20251218,175500,4.04,4.04,4,4,2725,0
LPCN.US,5,20251218,180000,4.015,4.015,3.93,3.93,718,0
LPCN.US,5,20251218,181000,3.947,4.05,3.947,4.05,1012,0
LPCN.US,5,20251218,181500,4.05,4.05,4.0106,4.0106,778,0
LPCN.US,5,20251218,182500,4.04,4.05,4.04,4.05,200,0
LPCN.US,5,20251218,183000,4.05,4.05,4.04,4.04,385,0
LPCN.US,5,20251218,184000,4.03,4.07,4,4.0534,10658,0
LPCN.US,5,20251218,184500,4.11,4.11,4.01,4.01,3636,0
LPCN.US,5,20251218,185000,4.01,4.075,4.01,4.075,200,0
LPCN.US,5,20251218,185500,4.02,4.05,4.02,4.0499,2456,0
LPCN.US,5,20251218,191000,3.9779,3.9779,3.9779,3.9779,100,0
LPCN.US,5,20251218,193500,4.04,4.04,3.985,3.985,200,0
LPCN.US,5,20251218,194000,4.03,4.06,4,4.06,4805,0
LPCN.US,5,20251218,194500,4.04,4.05,3.94,4.01,1630,0
LPCN.US,5,20251218,195000,3.99,3.99,3.99,3.99,200,0
LPCN.US,5,20251218,195500,4.04,4.1,4,4.08,14700,0
LPCN.US,5,20251218,200000,4.1,4.1,4.08,4.0888,1300,0
LPCN.US,5,20251218,200500,4,4.11,4,4.11,473,0
LPCN.US,5,20251218,202000,4.11,4.3,4.11,4.3,22680,0
LPCN.US,5,20251218,202500,4.3,4.35,4.13,4.28,22131,0
LPCN.US,5,20251218,203000,4.27,4.35,4.02,4.04,36555,0
LPCN.US,5,20251218,203500,4.105,4.15,4.08,4.1024,7624,0
LPCN.US,5,20251218,204000,4.1,4.1,4.085,4.085,8000,0
LPCN.US,5,20251218,205500,4.085,4.085,4.085,4.085,1800,0
LPCN.US,5,20251218,210500,4.11,4.22,4.11,4.22,6775,0
LPCN.US,5,20251218,211000,4.28,4.28,4.06,4.25,5401,0
LPCN.US,5,20251218,211500,4.17,4.25,4.08,4.22,4025,0
LPCN.US,5,20251218,212000,4.2,4.25,4.2,4.205,2649,0
LPCN.US,5,20251218,212500,4.1849,4.28,4.0909,4.2,12941,0
LPCN.US,5,20251218,213500,4.2,4.24,4.2,4.2,588,0
LPCN.US,5,20251218,214000,4.2,4.22,4.2,4.2,4100,0
LPCN.US,5,20251218,214500,4.2,4.2218,4.2,4.2218,37517,0
LPCN.US,5,20251218,215000,4.215,4.215,4.14,4.2,6093,0
LPCN.US,5,20251218,215500,4.21,4.23,4.195,4.195,51852,0
LPCN.US,5,20251219,153000,4.23,4.35,4.16,4.16,18348,0
LPCN.US,5,20251219,153500,4.16,4.23,4.16,4.16,2526,0
LPCN.US,5,20251219,154000,4.2019,4.2019,4.16,4.16,3212,0
LPCN.US,5,20251219,155500,4.2,4.2,4.2,4.2,842,0
LPCN.US,5,20251219,160000,4.2,4.2,4.2,4.2,100,0
LPCN.US,5,20251219,160500,4.1601,4.24,4.1601,4.24,1103,0
LPCN.US,5,20251219,161000,4.2625,4.265,4.2575,4.265,692,0
LPCN.US,5,20251219,161500,4.27,4.348,4.27,4.348,3919,0
LPCN.US,5,20251219,162000,4.3,4.3,4.3,4.3,200,0
LPCN.US,5,20251219,162500,4.31,4.336,4.31,4.336,200,0
LPCN.US,5,20251219,163000,4.312,4.312,4.3041,4.3041,600,0
LPCN.US,5,20251219,163500,4.3,4.33,4.265,4.265,2500,0
LPCN.US,5,20251219,164000,4.2787,4.2787,4.2106,4.2106,800,0
LPCN.US,5,20251219,165000,4.24,4.24,4.24,4.24,500,0
LPCN.US,5,20251219,165500,4.2052,4.2052,4.2052,4.2052,500,0
LPCN.US,5,20251219,170000,4.2577,4.2577,4.2577,4.2577,250,0
LPCN.US,5,20251219,170500,4.22,4.25,4.2,4.25,5895,0
LPCN.US,5,20251219,172500,4.18,4.18,4.16,4.164,1108,0
LPCN.US,5,20251219,173000,4.1601,4.1601,4.1601,4.1601,1471,0
LPCN.US,5,20251219,173500,4.16,4.16,4.16,4.16,304,0
LPCN.US,5,20251219,175000,4.14,4.14,4.14,4.14,200,0
LPCN.US,5,20251219,175500,4.2,4.21,4.185,4.185,702,0
LPCN.US,5,20251219,180000,4.15,4.17,4.15,4.17,1101,0
LPCN.US,5,20251219,181000,4.101,4.101,4.101,4.101,100,0
LPCN.US,5,20251219,182500,4.16,4.17,4.16,4.17,500,0
LPCN.US,5,20251219,184000,4.22,4.24,4.21,4.24,1034,0
LPCN.US,5,20251219,184500,4.24,4.24,4.24,4.24,1000,0
LPCN.US,5,20251219,190000,4.185,4.185,4.185,4.185,161,0
LPCN.US,5,20251219,191000,4.185,4.185,4.18,4.18,300,0
LPCN.US,5,20251219,193000,4.18,4.18,4.18,4.18,300,0
LPCN.US,5,20251219,201000,4.16,4.16,4.14,4.1401,3274,0
LPCN.US,5,20251219,201500,4.1596,4.1596,4.1596,4.1596,100,0
LPCN.US,5,20251219,203000,4.16,4.16,4.16,4.16,100,0
LPCN.US,5,20251219,204500,4.18,4.2,4.17,4.2,1000,0
LPCN.US,5,20251219,205500,4.1923,4.1923,4.1923,4.1923,200,0
LPCN.US,5,20251219,211000,4.22,4.26,4.22,4.26,500,0
LPCN.US,5,20251219,211500,4.29,4.33,4.29,4.33,1095,0
LPCN.US,5,20251219,212000,4.28,4.28,4.28,4.28,300,0
LPCN.US,5,20251219,212500,4.3,4.33,4.28,4.28,2003,0
LPCN.US,5,20251219,213000,4.2821,4.33,4.2821,4.3,1448,0
LPCN.US,5,20251219,213500,4.305,4.305,4.305,4.305,134,0
LPCN.US,5,20251219,214000,4.305,4.33,4.305,4.33,455,0
LPCN.US,5,20251219,215000,4.325,4.34,4.19,4.24,21134,0
LPCN.US,5,20251219,215500,4.18,4.31,4.18,4.23,900,0
LPCN.US,5,20251222,153000,4.19,4.19,4.19,4.19,1280,0
LPCN.US,5,20251222,153500,4.2,4.2,4.14,4.14,8141,0
LPCN.US,5,20251222,154500,4.1219,4.1219,4.1219,4.1219,224,0
LPCN.US,5,20251222,155000,4.1,4.1177,4.07,4.1177,4279,0
LPCN.US,5,20251222,160000,4.25,4.25,4.25,4.25,871,0
LPCN.US,5,20251222,162000,4.165,4.165,4.16,4.16,208,0
LPCN.US,5,20251222,164000,4.11,4.11,4.1,4.1,1400,0
LPCN.US,5,20251222,164500,4.09,4.165,4.09,4.09,1477,0
LPCN.US,5,20251222,165000,4.08,4.08,4.08,4.08,110,0
LPCN.US,5,20251222,170000,4.165,4.1657,4.165,4.1657,795,0
LPCN.US,5,20251222,172500,4.2,4.2,4.2,4.2,118,0
LPCN.US,5,20251222,173000,4.17,4.17,4.1,4.1001,8216,0
LPCN.US,5,20251222,173500,4.12,4.12,4.12,4.12,200,0
LPCN.US,5,20251222,180000,4.1101,4.12,4.1101,4.12,1847,0
LPCN.US,5,20251222,181000,4.12,4.12,4.12,4.12,200,0
LPCN.US,5,20251222,184000,4.13,4.13,4.13,4.13,118,0
LPCN.US,5,20251222,184500,4.12,4.13,4.12,4.13,500,0
LPCN.US,5,20251222,185000,4.11,4.11,4.11,4.11,100,0
LPCN.US,5,20251222,185500,4.155,4.155,4.155,4.155,100,0
LPCN.US,5,20251222,190500,4.11,4.11,4.11,4.11,100,0
LPCN.US,5,20251222,191000,4.1127,4.1127,4.1,4.1,722,0
LPCN.US,5,20251222,192500,4.1,4.13,4.1,4.1,1686,0
LPCN.US,5,20251222,194000,4.11,4.12,4.11,4.12,1428,0
LPCN.US,5,20251222,195500,4.13,4.13,4.11,4.11,300,0
LPCN.US,5,20251222,200500,4.17,4.17,4.12,4.14,1200,0
LPCN.US,5,20251222,202000,4.14,4.14,4.14,4.14,200,0
LPCN.US,5,20251222,203000,4.15,4.15,4.15,4.15,1000,0
LPCN.US,5,20251222,204000,4.18,4.18,4.18,4.18,1000,0
LPCN.US,5,20251222,204500,4.12,4.12,4.11,4.11,300,0
LPCN.US,5,20251222,205000,4.1097,4.1097,4.1097,4.1097,278,0
LPCN.US,5,20251222,205500,4.115,4.13,4.115,4.13,1300,0
LPCN.US,5,20251222,211000,4.17,4.27,4.155,4.27,3465,0
LPCN.US,5,20251222,214000,4.29,4.29,4.29,4.29,100,0
LPCN.US,5,20251222,214500,4.29,4.29,4.27,4.27,400,0
LPCN.US,5,20251222,215000,4.26,4.26,4.26,4.26,411,0
LPCN.US,5,20251222,215500,4.28,4.31,4.252,4.26,2068,0
LPCN.US,5,20251223,153000,4.23,4.23,4.23,4.23,201,0
LPCN.US,5,20251223,153500,4.1836,4.1836,4.1836,4.1836,200,0
LPCN.US,5,20251223,160500,4.22,4.22,4.22,4.22,1146,0
LPCN.US,5,20251223,161500,4.17,4.26,4.17,4.26,893,0
LPCN.US,5,20251223,163500,4.23,4.26,4.23,4.26,1310,0
LPCN.US,5,20251223,164000,4.26,4.2735,4.25,4.25,2600,0
LPCN.US,5,20251223,165500,4.25,4.2765,4.25,4.2765,1700,0
LPCN.US,5,20251223,170000,4.25,4.34,4.23,4.23,1400,0
LPCN.US,5,20251223,170500,4.33,4.36,4.3,4.35,3126,0
LPCN.US,5,20251223,174000,4.3176,4.3176,4.2978,4.2978,1000,0
LPCN.US,5,20251223,192000,4.2432,4.2432,4.2432,4.2432,148,0
LPCN.US,5,20251223,202500,4.23,4.27,4.23,4.27,400,0
LPCN.US,5,20251223,203000,4.28,4.28,4.21,4.22,7894,0
LPCN.US,5,20251223,203500,4.24,4.34,4.23,4.24,1931,0
LPCN.US,5,20251223,204000,4.2652,4.3004,4.2652,4.3004,250,0
LPCN.US,5,20251223,205500,4.31,4.44,4.29,4.4,8884,0
LPCN.US,5,20251223,212500,4.2914,4.2914,4.245,4.245,524,0
LPCN.US,5,20251223,213000,4.39,4.39,4.39,4.39,300,0
LPCN.US,5,20251223,213500,4.37,4.4,4.36,4.395,2008,0
LPCN.US,5,20251223,214000,4.405,4.405,4.405,4.405,139,0
LPCN.US,5,20251223,214500,4.43,4.43,4.415,4.415,200,0
LPCN.US,5,20251223,215000,4.43,4.55,4.43,4.5153,3687,0
LPCN.US,5,20251223,215500,4.55,4.66,4.51,4.61,8136,0
LPCN.US,5,20251224,153000,4.63,4.63,4.2135,4.6038,527,0
LPCN.US,5,20251224,153500,4.575,4.6009,4.57,4.57,1700,0
LPCN.US,5,20251224,154000,4.57,4.57,4.57,4.57,500,0
LPCN.US,5,20251224,154500,4.6,4.6,4.57,4.57,600,0
LPCN.US,5,20251224,155000,4.67,4.67,4.62,4.64,3164,0
LPCN.US,5,20251224,160000,4.57,4.6293,4.5,4.5,820,0
LPCN.US,5,20251224,161000,4.57,4.57,4.57,4.57,161,0
LPCN.US,5,20251224,162500,4.397072,4.397072,4.397072,4.397072,100,0
LPCN.US,5,20251224,165500,4.4495,4.61,4.4495,4.6,1816,0
LPCN.US,5,20251224,170000,4.59,4.59,4.59,4.59,200,0
LPCN.US,5,20251224,170500,4.59,4.64,4.57,4.59,3717,0
LPCN.US,5,20251224,171000,4.6,4.6,4.59,4.59,600,0
LPCN.US,5,20251224,171500,4.58,4.59,4.58,4.59,200,0
LPCN.US,5,20251224,173500,4.56,4.56,4.56,4.56,1000,0
LPCN.US,5,20251224,174500,4.57,4.58,4.57,4.58,235,0
LPCN.US,5,20251224,182000,4.63,4.65,4.61,4.61,3200,0
LPCN.US,5,20251224,184000,4.695,4.695,4.695,4.695,100,0
LPCN.US,5,20251224,184500,4.72,4.72,4.7,4.7,200,0
LPCN.US,5,20251224,185000,4.6944,4.6944,4.6944,4.6944,200,0
LPCN.US,5,20251224,185500,4.7,4.71,4.7,4.7,721,0
LPCN.US,5,20251224,190000,4.65,4.65,4.65,4.65,361,0
LPCN.US,5,20251226,153000,4.68,4.68,4.575,4.575,2350,0
LPCN.US,5,20251226,153500,4.7,4.72,4.7,4.72,400,0
LPCN.US,5,20251226,154000,4.5601,4.6304,4.5601,4.6304,706,0
LPCN.US,5,20251226,154500,4.71,4.71,4.71,4.71,200,0
LPCN.US,5,20251226,155000,4.65,4.71,4.6,4.71,400,0
LPCN.US,5,20251226,155500,4.61,4.61,4.58,4.6,2977,0
LPCN.US,5,20251226,160000,4.67,4.67,4.67,4.67,300,0
LPCN.US,5,20251226,160500,4.67,4.67,4.67,4.67,300,0
LPCN.US,5,20251226,162000,4.63,4.67,4.59,4.6,1406,0
LPCN.US,5,20251226,162500,4.63,4.65,4.63,4.65,200,0
LPCN.US,5,20251226,163000,4.645,4.7,4.645,4.7,400,0
LPCN.US,5,20251226,163500,4.71,4.75,4.71,4.7397,1142,0
LPCN.US,5,20251226,164000,4.68,4.78,4.68,4.77,3276,0
LPCN.US,5,20251226,164500,4.86,4.9,4.74,4.84,5236,0
LPCN.US,5,20251226,165000,4.83,4.92,4.83,4.86,1451,0
LPCN.US,5,20251226,165500,4.8365,5.07,4.8365,4.99,22839,0
LPCN.US,5,20251226,170000,5.03,5.06,4.99,5.03,2204,0
LPCN.US,5,20251226,170500,5.03,5.05,5.02,5.05,2677,0
LPCN.US,5,20251226,171000,5.08,5.08,5.03,5.03,2178,0
LPCN.US,5,20251226,171500,4.9821,5.02,4.9821,5.02,474,0
LPCN.US,5,20251226,172000,4.9941,5.0608,4.9941,5,2571,0
LPCN.US,5,20251226,172500,5.03,5.03,5.03,5.03,500,0
LPCN.US,5,20251226,173500,5,5,4.9579,4.9684,374,0
LPCN.US,5,20251226,174500,4.9854,4.9854,4.9854,4.9854,200,0
LPCN.US,5,20251226,175000,4.9896,4.9896,4.9896,4.9896,200,0
LPCN.US,5,20251226,175500,5,5,5,5,300,0
LPCN.US,5,20251226,180000,5,5.02,5,5.01,1299,0
LPCN.US,5,20251226,181000,5.005,5.005,5,5.002,1400,0
LPCN.US,5,20251226,182000,4.99,5.005,4.98,4.98,3156,0
LPCN.US,5,20251226,182500,4.98,4.98,4.98,4.98,400,0
LPCN.US,5,20251226,183000,4.9801,5,4.9801,5,377,0
LPCN.US,5,20251226,183500,5,5,4.995,4.995,800,0
LPCN.US,5,20251226,185000,5,5.02,5,5.02,6502,0
LPCN.US,5,20251226,185500,5.05,5.05,5.04,5.04,3403,0
LPCN.US,5,20251226,190000,5.04,5.05,5.04,5.05,3439,0
LPCN.US,5,20251226,190500,5.03,5.03,5.03,5.03,401,0
LPCN.US,5,20251226,192000,5.02,5.04,5,5.04,9234,0
LPCN.US,5,20251226,193500,5.015,5.04,5.015,5.04,1825,0
LPCN.US,5,20251226,194500,5.04,5.1,5.04,5.04,9847,0
LPCN.US,5,20251226,195000,5.05,5.0613,5.05,5.0613,200,0
LPCN.US,5,20251226,195500,5.075,5.09,5.075,5.09,996,0
LPCN.US,5,20251226,200000,5.1275,5.1275,5.0491,5.0491,1000,0
LPCN.US,5,20251226,200500,5.1,5.1,5.075,5.1,600,0
LPCN.US,5,20251226,201000,5.075,5.075,5.075,5.075,250,0
LPCN.US,5,20251226,201500,5.1001,5.1001,5.1001,5.1001,265,0
LPCN.US,5,20251226,202000,5.1119,5.12,5.1,5.1,1726,0
LPCN.US,5,20251226,202500,5.095,5.095,5.095,5.095,589,0
LPCN.US,5,20251226,203000,5.09,5.09,5.09,5.09,1000,0
LPCN.US,5,20251226,203500,5.09,5.09,5.09,5.09,1200,0
LPCN.US,5,20251226,204000,5.09,5.0901,5.09,5.0901,501,0
LPCN.US,5,20251226,204500,5.1,5.1,5.09,5.09,500,0
LPCN.US,5,20251226,205000,5.09,5.13,5.09,5.13,500,0
LPCN.US,5,20251226,210000,5.1,5.12,5.1,5.12,200,0
LPCN.US,5,20251226,210500,5.11,5.12,5.11,5.12,404,0
LPCN.US,5,20251226,211000,5.14,5.14,5.14,5.14,471,0
LPCN.US,5,20251226,211500,5.0901,5.0901,5.0901,5.0901,100,0
LPCN.US,5,20251226,212000,5.14,5.15,5.12,5.13,6040,0
LPCN.US,5,20251226,212500,5.13,5.1999,5.13,5.1999,571,0
LPCN.US,5,20251226,213000,5.1002,5.1002,5.1002,5.1002,102,0
LPCN.US,5,20251226,213500,5.12,5.1282,5.1125,5.1125,850,0
LPCN.US,5,20251226,214000,5.15,5.15,5.14,5.14,400,0
LPCN.US,5,20251226,214500,5.1629,5.24,5.1629,5.2313,3700,0
LPCN.US,5,20251226,215000,5.24,5.25,5.23,5.23,2227,0
LPCN.US,5,20251226,215500,5.225,5.23,5.225,5.23,842,0
LPCN.US,5,20251229,153000,5.26,5.26,5.2,5.21,4125,0
LPCN.US,5,20251229,153500,5.21,5.5,5.21,5.49,16329,0
LPCN.US,5,20251229,154000,5.3823,5.48,5.3823,5.48,1121,0
LPCN.US,5,20251229,154500,5.4774,5.49,5.3101,5.48,2160,0
LPCN.US,5,20251229,155000,5.4774,5.49,5.3113,5.4,3700,0
LPCN.US,5,20251229,155500,5.48,5.48,5.48,5.48,500,0
LPCN.US,5,20251229,160000,5.46,5.46,5.31,5.45,1222,0
LPCN.US,5,20251229,160500,5.48,5.48,5.4101,5.435,1400,0
LPCN.US,5,20251229,161000,5.41,5.505,5.41,5.505,4602,0
LPCN.US,5,20251229,161500,5.49,5.65,5.48,5.65,10785,0
LPCN.US,5,20251229,162000,5.54,5.6,5.54,5.54,5547,0
LPCN.US,5,20251229,162500,5.5702,5.61,5.54,5.6,3580,0
LPCN.US,5,20251229,163000,5.54,5.61,5.54,5.58,1499,0
LPCN.US,5,20251229,163500,5.55,5.595,5.5,5.5,2341,0
LPCN.US,5,20251229,164000,5.49,5.51,5.48,5.49,896,0
LPCN.US,5,20251229,164500,5.49,5.6,5.49,5.5788,7865,0
LPCN.US,5,20251229,165000,5.61,5.65,5.53,5.5715,1820,0
LPCN.US,5,20251229,165500,5.64,5.74,5.51,5.53,4241,0
LPCN.US,5,20251229,170000,5.61,5.71,5.53,5.71,6176,0
LPCN.US,5,20251229,170500,5.7082,5.7082,5.53,5.7,3647,0
LPCN.US,5,20251229,171000,5.53,5.75,5.53,5.7305,9224,0
LPCN.US,5,20251229,171500,5.77,5.8,5.68,5.7,10454,0
LPCN.US,5,20251229,172000,5.69,5.75,5.6,5.75,7980,0
LPCN.US,5,20251229,172500,5.7662,5.79,5.7,5.78,2954,0
LPCN.US,5,20251229,173000,5.72,5.8,5.66,5.8,1705,0
LPCN.US,5,20251229,173500,5.8,5.87,5.8,5.8,11403,0
LPCN.US,5,20251229,174000,5.7,5.8,5.7,5.7,1448,0
LPCN.US,5,20251229,174500,5.755,5.81,5.72,5.81,3144,0
LPCN.US,5,20251229,175000,5.77,5.8099,5.73,5.77,5372,0
LPCN.US,5,20251229,175500,5.73,5.76,5.64,5.64,3807,0
LPCN.US,5,20251229,180000,5.71,5.77,5.63,5.77,2769,0
LPCN.US,5,20251229,180500,5.71,5.93,5.7,5.93,9126,0
LPCN.US,5,20251229,181000,5.8834,5.915,5.81,5.847,6820,0
LPCN.US,5,20251229,181500,5.81,5.865,5.74,5.85,43646,0
LPCN.US,5,20251229,182000,5.85,5.93,5.74,5.8748,9602,0
LPCN.US,5,20251229,182500,5.865,5.95,5.82,5.916,7457,0
LPCN.US,5,20251229,183000,5.94,6.04,5.86,5.985,22321,0
LPCN.US,5,20251229,183500,5.985,6.027,5.96,5.97,4511,0
LPCN.US,5,20251229,184000,5.9832,5.9832,5.89,5.89,8366,0
LPCN.US,5,20251229,184500,5.89,6,5.89,5.97,7624,0
LPCN.US,5,20251229,185000,5.97,6.02,5.93,5.99,5816,0
LPCN.US,5,20251229,185500,6.01,6.14,6,6.01,8013,0
LPCN.US,5,20251229,190000,6.05,6.0891,5.97,6.0891,26690,0
LPCN.US,5,20251229,190500,6.08,6.11,6,6.08,10099,0
LPCN.US,5,20251229,191000,6.085,6.18,6.08,6.18,1729,0
LPCN.US,5,20251229,191500,6.1459,6.17,6.13,6.17,1154,0
LPCN.US,5,20251229,192000,6.1,6.27,6.0857,6.27,14989,0
LPCN.US,5,20251229,192500,6.27,6.27,6.1797,6.1998,4921,0
LPCN.US,5,20251229,193000,6.22,6.32,6.18,6.24,18429,0
LPCN.US,5,20251229,193500,6.275,6.34,6.2246,6.2809,2850,0
LPCN.US,5,20251229,194000,6.33,6.37,6.284,6.37,29624,0
LPCN.US,5,20251229,194500,6.3508,6.3508,6.2681,6.2681,2200,0
LPCN.US,5,20251229,195000,6.3025,6.72,6.24,6.42,42644,0
LPCN.US,5,20251229,195500,6.45,6.5999,6.4,6.45,52381,0
LPCN.US,5,20251229,200000,6.445,6.5,6.2,6.37,41497,0
LPCN.US,5,20251229,200500,6.3847,6.45,6.35,6.35,15489,0
LPCN.US,5,20251229,201000,6.3416,6.5,6.3416,6.48,5730,0
LPCN.US,5,20251229,201500,6.48,6.5499,6.34,6.4378,20232,0
LPCN.US,5,20251229,202000,6.4492,6.5,6.4,6.42,3692,0
LPCN.US,5,20251229,202500,6.475,6.5282,6.4,6.4508,6318,0
LPCN.US,5,20251229,203000,6.3944,6.5,6.3944,6.41,9721,0
LPCN.US,5,20251229,203500,6.41,6.41,6.32,6.3732,3497,0
LPCN.US,5,20251229,204000,6.33,6.33,6.1203,6.19,29433,0
LPCN.US,5,20251229,204500,6.2484,6.28,6.22,6.22,1901,0
LPCN.US,5,20251229,205000,6.25,6.25,6.25,6.25,250,0
LPCN.US,5,20251229,205500,6.25,6.25,6.25,6.25,380,0
LPCN.US,5,20251229,210000,6.275,6.32,6.16,6.1637,2659,0
LPCN.US,5,20251229,210500,6.2,6.2201,6.19,6.2001,4201,0
LPCN.US,5,20251229,211000,6.325,6.325,6.2122,6.25,1294,0
LPCN.US,5,20251229,211500,6.2248,6.41,6.2248,6.3269,8025,0
LPCN.US,5,20251229,212000,6.257,6.27,6.18,6.21,10256,0
LPCN.US,5,20251229,212500,6.2899,6.2899,6.2539,6.2568,700,0
LPCN.US,5,20251229,213000,6.245,6.32,6.2,6.3,7554,0
LPCN.US,5,20251229,213500,6.275,6.35,6.25,6.3,5189,0
LPCN.US,5,20251229,214000,6.335,6.39,6.335,6.39,1018,0
LPCN.US,5,20251229,214500,6.3389,6.4,6.2883,6.4,7816,0
LPCN.US,5,20251229,215000,6.3147,6.44,6.28,6.325,4054,0
LPCN.US,5,20251229,215500,6.29,6.37,6.27,6.29,19095,0
LPCN.US,5,20251230,153000,6.13,6.29,6.06,6.28,18573,0
LPCN.US,5,20251230,153500,6.3,6.32,6.19,6.19,4719,0
LPCN.US,5,20251230,154000,6.2,6.2,6.145,6.145,2136,0
LPCN.US,5,20251230,154500,6.145,6.1451,6.14,6.14,1274,0
LPCN.US,5,20251230,155000,6.18,6.18,6.17,6.17,580,0
LPCN.US,5,20251230,155500,6.11,6.117719,5.88,5.96,18810,0
LPCN.US,5,20251230,160000,6,6.23,6,6.23,2616,0
LPCN.US,5,20251230,160500,6.2,6.2,6.2,6.2,500,0
LPCN.US,5,20251230,161000,6.2198,6.2198,6.2198,6.2198,643,0
LPCN.US,5,20251230,161500,6.1952,6.1952,6.1952,6.1952,1090,0
LPCN.US,5,20251230,162500,6.0756,6.13,6.0756,6.13,800,0
LPCN.US,5,20251230,163000,6.13,6.2,6.13,6.19,1200,0
LPCN.US,5,20251230,163500,6.1948,6.1948,6.18,6.18,211,0
LPCN.US,5,20251230,165000,6.17,6.17,6.17,6.17,150,0
LPCN.US,5,20251230,170000,6.16,6.16,6.16,6.16,100,0
LPCN.US,5,20251230,170500,6.1,6.1,6.1,6.1,900,0
LPCN.US,5,20251230,171000,6.0659,6.4,6.0659,6.4,6918,0
LPCN.US,5,20251230,171500,6.23,6.23,6.09,6.23,1795,0
LPCN.US,5,20251230,173500,6.06,6.35,6.06,6.345,1583,0
LPCN.US,5,20251230,174000,6.2672,6.2732,6.2,6.2732,380,0
LPCN.US,5,20251230,174500,6.2,6.37,6.2,6.37,1700,0
LPCN.US,5,20251230,175000,6.35,6.36,6.29,6.29,2097,0
LPCN.US,5,20251230,175500,6.35,6.4,6.34,6.35,2837,0
LPCN.US,5,20251230,180000,6.37,6.37,6.173,6.173,1274,0
LPCN.US,5,20251230,181000,6.35,6.37,6.35,6.37,1513,0
LPCN.US,5,20251230,181500,6.3599,6.3599,6.3599,6.3599,500,0
LPCN.US,5,20251230,182000,6.34,6.34,6.34,6.34,872,0
LPCN.US,5,20251230,182500,6.2309,6.2309,6.2309,6.2309,300,0
LPCN.US,5,20251230,183500,6.263693,6.3,6.263693,6.3,3339,0
LPCN.US,5,20251230,184500,6.305,6.415,6.305,6.415,2002,0
LPCN.US,5,20251230,185000,6.36,6.36,6.36,6.36,200,0
LPCN.US,5,20251230,185500,6.44,6.44,6.44,6.44,500,0
LPCN.US,5,20251230,190000,6.36,6.38,6.36,6.38,634,0
LPCN.US,5,20251230,190500,6.376,6.376,6.305,6.305,2740,0
LPCN.US,5,20251230,192000,6.3042,6.3042,6.3,6.3,762,0
LPCN.US,5,20251230,192500,6.2501,6.2501,6.25,6.2501,2304,0
LPCN.US,5,20251230,194000,6.26,6.26,6.145,6.2,5089,0
LPCN.US,5,20251230,195500,6.14,6.15,6.14,6.15,300,0
LPCN.US,5,20251230,200000,6.15,6.2,6.141,6.2,3411,0
LPCN.US,5,20251230,201500,6.14,6.14,6.14,6.14,105,0
LPCN.US,5,20251230,202000,6.2356,6.35,6.2,6.2,1575,0
LPCN.US,5,20251230,202500,6.2039,6.2039,6.2039,6.2039,600,0
LPCN.US,5,20251230,204500,6.25,6.25,6.25,6.25,250,0
LPCN.US,5,20251230,210000,6.265,6.29,6.265,6.27,401,0
LPCN.US,5,20251230,210500,6.28,6.28,6.28,6.28,100,0
LPCN.US,5,20251230,211000,6.29,6.3,6.29,6.3,3493,0
LPCN.US,5,20251230,212000,6.29,6.45,6.29,6.45,13546,0
LPCN.US,5,20251230,212500,6.46,6.58,6.44,6.44,8841,0
LPCN.US,5,20251230,213000,6.5,6.64,6.5,6.56,2920,0
LPCN.US,5,20251230,213500,6.56,6.57,6.44,6.57,25714,0
LPCN.US,5,20251230,214000,6.495,6.52,6.495,6.52,1931,0
LPCN.US,5,20251230,215000,6.52,6.55,6.51,6.54,4184,0
LPCN.US,5,20251230,215500,6.46,6.57,6.46,6.57,6180,0
LPCN.US,5,20251231,153000,6.64,6.64,6.4937,6.4937,5022,0
LPCN.US,5,20251231,153500,6.3801,6.3801,6.301,6.38,5124,0
LPCN.US,5,20251231,154000,6.38,6.38,6.3101,6.3542,4104,0
LPCN.US,5,20251231,154500,6.45,6.64,6.45,6.62,1151,0
LPCN.US,5,20251231,155000,6.62,6.8299,6.6,6.8,22373,0
LPCN.US,5,20251231,155500,6.7,6.79,6.5353,6.5353,850,0
LPCN.US,5,20251231,160000,6.74,6.77,6.7239,6.77,5273,0
LPCN.US,5,20251231,160500,6.67,6.7,6.63,6.6701,5717,0
LPCN.US,5,20251231,161000,6.665,6.665,6.6,6.6,851,0
LPCN.US,5,20251231,163000,6.72,6.72,6.62,6.62,1364,0
LPCN.US,5,20251231,163500,6.5101,6.5101,6.5101,6.5101,140,0
LPCN.US,5,20251231,164000,6.55,6.55,6.52,6.55,899,0
LPCN.US,5,20251231,164500,6.56,6.56,6.56,6.56,100,0
LPCN.US,5,20251231,165000,6.62,6.62,6.595,6.595,2200,0
LPCN.US,5,20251231,170000,6.605,6.605,6.56,6.56,2002,0
LPCN.US,5,20251231,170500,6.61,6.78,6.61,6.7,2832,0
LPCN.US,5,20251231,171000,6.745,6.78,6.74,6.78,737,0
LPCN.US,5,20251231,171500,6.75,6.79,6.7495,6.79,934,0
LPCN.US,5,20251231,172000,6.75,6.9391,6.75,6.89,6063,0
LPCN.US,5,20251231,172500,6.825,6.86,6.825,6.86,246,0
LPCN.US,5,20251231,173000,6.81,6.84,6.81,6.82,2314,0
LPCN.US,5,20251231,173500,6.7932,6.89,6.7854,6.89,1699,0
LPCN.US,5,20251231,174000,6.89,6.89,6.8849,6.8849,300,0
LPCN.US,5,20251231,174500,6.8781,6.8781,6.8781,6.8781,302,0
LPCN.US,5,20251231,175000,6.85,6.94,6.85,6.9393,2380,0
LPCN.US,5,20251231,175500,6.885,6.91,6.885,6.91,1100,0
LPCN.US,5,20251231,180000,6.94,6.97,6.9,6.9,9299,0
LPCN.US,5,20251231,180500,6.94,7.07,6.93,7.07,8664,0
LPCN.US,5,20251231,181000,7.0652,7.1,7.02,7.025,2871,0
LPCN.US,5,20251231,181500,7.03,7.0601,7.01,7.0601,778,0
LPCN.US,5,20251231,182000,7.0131,7.07,7.0131,7.0245,1940,0
LPCN.US,5,20251231,182500,7.1,7.1,7.0451,7.0898,3105,0
LPCN.US,5,20251231,183000,7.045,7.05,7.0001,7.045,4036,0
LPCN.US,5,20251231,183500,7.03,7.07,7.03,7.06,2300,0
LPCN.US,5,20251231,184000,7.08,7.21,7.08,7.21,5743,0
LPCN.US,5,20251231,184500,7.23,7.2494,7.0796,7.0796,7751,0
LPCN.US,5,20251231,185000,7.16,7.16,7.1069,7.1176,998,0
LPCN.US,5,20251231,185500,7.14,7.24,7.14,7.1496,2323,0
LPCN.US,5,20251231,190000,7.175,7.2,7.1225,7.1225,3424,0
LPCN.US,5,20251231,190500,7.1101,7.22,7.1,7.1,9674,0
LPCN.US,5,20251231,191000,7.1899,7.2,7.15,7.19,1544,0
LPCN.US,5,20251231,192000,7.145,7.145,7.145,7.145,240,0
LPCN.US,5,20251231,192500,7.19,7.2,7.19,7.2,1462,0
LPCN.US,5,20251231,193000,7.2,7.28,7.1785,7.25,4646,0
LPCN.US,5,20251231,193500,7.3112,7.3112,7.2501,7.2587,1100,0
LPCN.US,5,20251231,194000,7.25,7.25,7.21,7.21,833,0
LPCN.US,5,20251231,194500,7.2019,7.2019,7.2019,7.2019,300,0
LPCN.US,5,20251231,195000,7.15,7.175,7.04,7.165,16062,0
LPCN.US,5,20251231,195500,7.2471,7.2471,7.2471,7.2471,273,0
LPCN.US,5,20251231,200000,7.185,7.22,7.185,7.22,2000,0
LPCN.US,5,20251231,200500,7.19,7.29,7.19,7.23,6627,0
LPCN.US,5,20251231,201500,7.25,7.25,7.1,7.14,4150,0
LPCN.US,5,20251231,202000,7.28,7.32,7.22,7.32,12484,0
LPCN.US,5,20251231,202500,7.276,7.35,7.2101,7.2101,4292,0
LPCN.US,5,20251231,203000,7.35,7.48,7.3,7.4092,5309,0
LPCN.US,5,20251231,203500,7.39,7.39,7.3544,7.365,1391,0
LPCN.US,5,20251231,204000,7.25,7.525,7.25,7.525,7434,0
LPCN.US,5,20251231,204500,7.48,7.5,7.4168,7.43,5767,0
LPCN.US,5,20251231,205000,7.4,7.525,7.3401,7.525,3226,0
LPCN.US,5,20251231,205500,7.34,7.55,7.34,7.55,26381,0
LPCN.US,5,20251231,210000,7.4261,7.5309,7.4261,7.4689,3249,0
LPCN.US,5,20251231,210500,7.485,7.55,7.485,7.55,3176,0
LPCN.US,5,20251231,211000,7.5,7.675,7.5,7.66,10024,0
LPCN.US,5,20251231,211500,7.565,7.7365,7.565,7.71,1143,0
LPCN.US,5,20251231,212000,7.73,7.8,7.6977,7.6977,5287,0
LPCN.US,5,20251231,212500,7.7899,7.8338,7.67,7.67,7131,0
LPCN.US,5,20251231,213000,7.73,7.9,7.73,7.87,7287,0
LPCN.US,5,20251231,213500,7.93,8.1,7.8,7.93,16249,0
LPCN.US,5,20251231,214000,7.87,7.98,7.84,7.8976,9793,0
LPCN.US,5,20251231,214500,7.883,7.883,7.6001,7.8197,7363,0
LPCN.US,5,20251231,215000,7.7,7.72,7.65,7.72,8225,0
LPCN.US,5,20251231,215500,7.7084,8.29,7.6242,8.03,52580,0
LPCN.US,5,20260102,153000,8.01,8.32,7.95,8.275,24112,0
LPCN.US,5,20260102,153500,8.259,8.3472,7.93,8.08,17382,0
LPCN.US,5,20260102,154000,7.98,8.12,7.8519,7.9,6539,0
LPCN.US,5,20260102,154500,7.9993,7.9993,7.9,7.91,1048,0
LPCN.US,5,20260102,155000,7.945,7.95,7.7701,7.93,12408,0
LPCN.US,5,20260102,155500,7.961,7.99,7.961,7.99,1233,0
LPCN.US,5,20260102,160000,7.97,7.97,7.909,7.909,1100,0
LPCN.US,5,20260102,160500,7.945,7.98,7.9,7.98,1200,0
LPCN.US,5,20260102,161000,8,8.0899,7.9638,7.99,7924,0
LPCN.US,5,20260102,161500,7.936,8.09,7.936,8.0098,4300,0
LPCN.US,5,20260102,162000,8.01,8.09,7.94,8.01,2241,0
LPCN.US,5,20260102,162500,7.99,7.99,7.81,7.85,5684,0
LPCN.US,5,20260102,163000,7.9,8,7.8882,8,1300,0
LPCN.US,5,20260102,163500,8.05,8.05,8.05,8.05,100,0
LPCN.US,5,20260102,164000,8.045,8.05,7.97,8.0295,3000,0
LPCN.US,5,20260102,164500,8.06,8.1,8,8,3250,0
LPCN.US,5,20260102,165000,8.08,8.2399,7.95,7.95,6160,0
LPCN.US,5,20260102,165500,8.2087,8.2399,8,8.2399,1300,0
LPCN.US,5,20260102,170000,8.1,8.12,8.025,8.12,787,0
LPCN.US,5,20260102,170500,8.05,8.07,7.955,7.99,10416,0
LPCN.US,5,20260102,171000,8,8.01,7.74,7.74,18422,0
LPCN.US,5,20260102,171500,7.7014,7.78,7.701,7.7703,4802,0
LPCN.US,5,20260102,172000,7.78,7.8,7.78,7.8,4499,0
LPCN.US,5,20260102,172500,7.8,7.8,7.8,7.8,599,0
LPCN.US,5,20260102,173000,7.8,7.92,7.8,7.902,1060,0
LPCN.US,5,20260102,173500,7.72,7.81,7.72,7.72,300,0
LPCN.US,5,20260102,174000,7.77,7.795,7.77,7.795,450,0
LPCN.US,5,20260102,174500,7.8045,7.8045,7.58,7.6,3242,0
LPCN.US,5,20260102,175000,7.61,7.68,7.51,7.67,5482,0
LPCN.US,5,20260102,175500,7.6624,7.7,7.6,7.66,1910,0
LPCN.US,5,20260102,180000,7.7455,7.75,7.7455,7.75,2130,0
LPCN.US,5,20260102,180500,7.75,7.8,7.75,7.8,1390,0
LPCN.US,5,20260102,181500,7.9,7.9,7.9,7.9,180,0
LPCN.US,5,20260102,182000,7.85,7.94,7.85,7.94,1619,0
LPCN.US,5,20260102,183000,7.94,7.94,7.94,7.94,200,0
LPCN.US,5,20260102,183500,7.9177,7.9177,7.9177,7.9177,200,0
LPCN.US,5,20260102,184000,7.845,7.845,7.845,7.845,500,0
LPCN.US,5,20260102,184500,7.84,7.9,7.84,7.9,1019,0
LPCN.US,5,20260102,185000,7.9,7.91,7.9,7.91,400,0
LPCN.US,5,20260102,185500,7.94,8,7.9399,7.9559,9698,0
LPCN.US,5,20260102,190000,7.875,7.92,7.86,7.86,1482,0
LPCN.US,5,20260102,191000,7.85,7.98,7.85,7.98,2036,0
LPCN.US,5,20260102,191500,7.98,7.98,7.98,7.98,1000,0
LPCN.US,5,20260102,192000,7.85,7.85,7.75,7.795,3135,0
LPCN.US,5,20260102,192500,7.75,7.79,7.6488,7.6488,1100,0
LPCN.US,5,20260102,193000,7.77,7.79,7.67,7.79,1175,0
LPCN.US,5,20260102,194000,7.7861,7.8,7.75,7.8,3128,0
LPCN.US,5,20260102,194500,7.78,7.8,7.78,7.8,1400,0
LPCN.US,5,20260102,195000,7.835,7.835,7.7277,7.7277,460,0
LPCN.US,5,20260102,195500,7.8,7.98,7.8,7.8652,5295,0
LPCN.US,5,20260102,200000,7.85,7.85,7.85,7.85,1000,0
LPCN.US,5,20260102,201500,7.88,7.93,7.86,7.86,3346,0
LPCN.US,5,20260102,202500,7.8894,7.94,7.8894,7.94,800,0
LPCN.US,5,20260102,203000,7.94,7.94,7.94,7.94,100,0
LPCN.US,5,20260102,203500,7.9,7.9,7.8685,7.8685,717,0
LPCN.US,5,20260102,204500,7.895,7.94,7.86,7.94,2330,0
LPCN.US,5,20260102,205000,7.9264,8,7.9,8,22299,0
LPCN.US,5,20260102,205500,7.97,7.97,7.97,7.97,100,0
LPCN.US,5,20260102,210500,7.87,7.945,7.87,7.945,847,0
LPCN.US,5,20260102,212000,7.875,7.875,7.875,7.875,200,0
LPCN.US,5,20260102,212500,7.91,7.9478,7.91,7.91,1199,0
LPCN.US,5,20260102,213500,7.92,7.97,7.915,7.97,1213,0
LPCN.US,5,20260102,214000,7.935,7.935,7.92,7.92,1562,0
LPCN.US,5,20260102,214500,7.9,7.965,7.9,7.915,1956,0
LPCN.US,5,20260102,215500,7.97,8,7.96,8,7260,0
LPCN.US,5,20260105,153000,7.8,7.98,7.65,7.8,45351,0
LPCN.US,5,20260105,153500,7.8,7.805,7.7227,7.775,1446,0
LPCN.US,5,20260105,154000,7.78,7.9299,7.67,7.775,3724,0
LPCN.US,5,20260105,154500,7.7,7.705,7.61,7.61,7158,0
LPCN.US,5,20260105,155000,7.6375,7.6375,7.175,7.2762,30774,0
LPCN.US,5,20260105,155500,7.24,7.33,7.15,7.33,3205,0
LPCN.US,5,20260105,160000,7.33,7.33,7.3247,7.3247,482,0
LPCN.US,5,20260105,160500,7.36,7.4221,7.35,7.4148,1116,0
LPCN.US,5,20260105,161000,7.3995,7.4,7.22,7.22,2231,0
LPCN.US,5,20260105,161500,7.29,7.29,7.28,7.28,200,0
LPCN.US,5,20260105,162000,7.37,7.4,7.21,7.21,1504,0
LPCN.US,5,20260105,162500,7.23,7.3255,7.07,7.245,15983,0
LPCN.US,5,20260105,163000,7.1354,7.2,7.1337,7.18,1678,0
LPCN.US,5,20260105,163500,7.18,7.18,7.164,7.164,279,0
LPCN.US,5,20260105,164000,7.16,7.199,7.16,7.199,300,0
LPCN.US,5,20260105,164500,7.1601,7.1601,7.1601,7.1601,100,0
LPCN.US,5,20260105,165000,7.2205,7.2205,7.215,7.215,300,0
LPCN.US,5,20260105,170000,7.215,7.215,7.15,7.15,1818,0
LPCN.US,5,20260105,170500,7.172,7.172,7.13,7.13,3171,0
LPCN.US,5,20260105,171000,7.1027,7.11,7.0801,7.0801,499,0
LPCN.US,5,20260105,171500,7.08,7.08,6.93,6.9713,7931,0
LPCN.US,5,20260105,172000,7.015,7.14,7.01,7.05,2310,0
LPCN.US,5,20260105,172500,7.1,7.31,7.1,7.31,4746,0
LPCN.US,5,20260105,173000,7.143,7.23,7.143,7.215,650,0
LPCN.US,5,20260105,173500,7.3,7.3,7.2,7.2,1352,0
LPCN.US,5,20260105,174000,7.165,7.24,7.165,7.23,455,0
LPCN.US,5,20260105,174500,7.28,7.32,7.27,7.2815,700,0
LPCN.US,5,20260105,175000,7.3,7.33,7.3,7.33,728,0
LPCN.US,5,20260105,175500,7.36,7.4303,7.36,7.375,1150,0
LPCN.US,5,20260105,180000,7.375,7.375,7.3,7.35,2270,0
LPCN.US,5,20260105,180500,7.3276,7.3276,7.3276,7.3276,452,0
LPCN.US,5,20260105,181000,7.44,7.44,7.44,7.44,2000,0
LPCN.US,5,20260105,182000,7.35,7.365,7.35,7.365,400,0
LPCN.US,5,20260105,182500,7.38,7.38,7.38,7.38,103,0
LPCN.US,5,20260105,185000,7.37,7.5,7.37,7.5,7694,0
LPCN.US,5,20260105,185500,7.5549,7.57,7.5549,7.57,1665,0
LPCN.US,5,20260105,190000,7.57,7.57,7.5,7.5,2055,0
LPCN.US,5,20260105,191000,7.3958,7.3958,7.3958,7.3958,126,0
LPCN.US,5,20260105,191500,7.4,7.4,7.4,7.4,200,0
LPCN.US,5,20260105,192500,7.357,7.357,7.357,7.357,162,0
LPCN.US,5,20260105,193500,7.395,7.48,7.35,7.35,1175,0
LPCN.US,5,20260105,194000,7.4162,7.4162,7.4162,7.4162,100,0
LPCN.US,5,20260105,195000,7.387,7.387,7.387,7.387,310,0
LPCN.US,5,20260105,200000,7.39,7.39,7.39,7.39,234,0
LPCN.US,5,20260105,200500,7.425,7.425,7.425,7.425,100,0
LPCN.US,5,20260105,204000,7.39,7.4,7.39,7.4,200,0
LPCN.US,5,20260105,204500,7.47,7.49,7.425,7.48,1100,0
LPCN.US,5,20260105,205500,7.4315,7.4315,7.3761,7.3761,391,0
LPCN.US,5,20260105,210000,7.436,7.436,7.436,7.436,200,0
LPCN.US,5,20260105,211000,7.4633,7.4633,7.4077,7.4077,252,0
LPCN.US,5,20260105,212500,7.43,7.43,7.43,7.43,1000,0
LPCN.US,5,20260105,213000,7.38,7.38,7.36,7.36,2500,0
LPCN.US,5,20260105,213500,7.3866,7.4011,7.3866,7.4011,1395,0
LPCN.US,5,20260105,214000,7.39,7.4,7.38,7.38,2205,0
LPCN.US,5,20260105,214500,7.36,7.38,7.33,7.342882,979,0
LPCN.US,5,20260105,215000,7.3419,7.3419,7.31,7.31,246,0
LPCN.US,5,20260105,215500,7.3899,7.3899,7.3,7.3,2365,0
LPCN.US,5,20260106,153000,7.29,7.5,7.211,7.47,13055,0
LPCN.US,5,20260106,153500,7.518,7.6235,7.518,7.6235,1200,0
LPCN.US,5,20260106,154000,7.6235,7.6235,7.6235,7.6235,400,0
LPCN.US,5,20260106,154500,7.63,7.63,7.515,7.515,810,0
LPCN.US,5,20260106,155000,7.5847,7.69,7.5847,7.69,3916,0
LPCN.US,5,20260106,155500,7.69,7.71,7.69,7.71,1270,0
LPCN.US,5,20260106,160000,7.686,7.7199,7.5704,7.7199,1981,0
LPCN.US,5,20260106,160500,7.72,7.83,7.72,7.82,3778,0
LPCN.US,5,20260106,161000,7.83,7.95,7.78,7.88,3771,0
LPCN.US,5,20260106,161500,7.8396,7.8947,7.8396,7.8947,1750,0
LPCN.US,5,20260106,162000,7.85,7.94,7.85,7.88,3308,0
LPCN.US,5,20260106,162500,7.88,7.88,7.845,7.852,1492,0
LPCN.US,5,20260106,163000,7.94,7.94,7.94,7.94,150,0
LPCN.US,5,20260106,163500,7.95,8,7.89,7.99,10865,0
LPCN.US,5,20260106,164000,7.895,7.895,7.895,7.895,650,0
LPCN.US,5,20260106,164500,7.895,7.895,7.895,7.895,900,0
LPCN.US,5,20260106,165000,7.89,7.89,7.81,7.81,1269,0
LPCN.US,5,20260106,165500,7.8,7.81,7.8,7.81,300,0
LPCN.US,5,20260106,170000,7.7601,7.7601,7.7601,7.7601,1000,0
LPCN.US,5,20260106,171000,7.9,7.9,7.8001,7.8001,200,0
LPCN.US,5,20260106,171500,7.82,7.8302,7.82,7.8302,1400,0
LPCN.US,5,20260106,172000,7.84,7.9173,7.84,7.9173,1100,0
LPCN.US,5,20260106,172500,7.9038,7.9038,7.79,7.79,226,0
LPCN.US,5,20260106,173000,7.8,7.8,7.8,7.8,100,0
LPCN.US,5,20260106,173500,7.745,7.745,7.745,7.745,500,0
LPCN.US,5,20260106,174000,7.7,7.7,7.65,7.65,483,0
LPCN.US,5,20260106,174500,7.6,7.6,7.6,7.6,100,0
LPCN.US,5,20260106,181000,7.57,7.57,7.55,7.55,300,0
LPCN.US,5,20260106,182000,7.5457,7.5457,7.5457,7.5457,100,0
LPCN.US,5,20260106,183000,7.5845,7.5884,7.565,7.5741,1800,0
LPCN.US,5,20260106,183500,7.57,7.57,7.57,7.57,100,0
LPCN.US,5,20260106,184000,7.63,7.63,7.6259,7.6259,500,0
LPCN.US,5,20260106,185000,7.63,7.63,7.595,7.6062,2498,0
LPCN.US,5,20260106,185500,7.65,7.65,7.65,7.65,705,0
LPCN.US,5,20260106,190000,7.57,7.57,7.5,7.51,3519,0
LPCN.US,5,20260106,190500,7.5001,7.5001,7.5001,7.5001,1000,0
LPCN.US,5,20260106,191500,7.5222,7.5222,7.5222,7.5222,180,0
LPCN.US,5,20260106,192000,7.595,7.595,7.5,7.5,1350,0
LPCN.US,5,20260106,193000,7.48,7.5,7.48,7.49,600,0
LPCN.US,5,20260106,193500,7.525,7.525,7.4062,7.4062,400,0
LPCN.US,5,20260106,194500,7.5,7.5,7.5,7.5,200,0
LPCN.US,5,20260106,200000,7.52,7.55,7.4,7.4,862,0
LPCN.US,5,20260106,201000,7.4756,7.4756,7.4756,7.4756,765,0
LPCN.US,5,20260106,201500,7.47,7.47,7.47,7.47,1000,0
LPCN.US,5,20260106,202000,7.5966,7.5966,7.5966,7.5966,110,0
LPCN.US,5,20260106,203500,7.61,7.74,7.61,7.74,5202,0
LPCN.US,5,20260106,213500,7.5853,7.61,7.565,7.6,890,0
LPCN.US,5,20260106,214000,7.6,7.6,7.6,7.6,100,0
LPCN.US,5,20260106,214500,7.6085,7.68,7.5612,7.5853,1000,0
LPCN.US,5,20260106,215000,7.57,7.64,7.57,7.5815,500,0
LPCN.US,5,20260106,215500,7.61,7.63,7.515,7.515,600,0
LPCN.US,5,20260107,153000,7.61,7.61,7.5,7.5,3885,0
LPCN.US,5,20260107,154000,7.5,7.5,7.5,7.5,200,0
LPCN.US,5,20260107,154500,7.5387,7.5387,7.5387,7.5387,1104,0
LPCN.US,5,20260107,155000,7.605,7.605,7.605,7.605,468,0
LPCN.US,5,20260107,155500,7.7099,7.7099,7.5051,7.565922,3894,0
LPCN.US,5,20260107,160000,7.655,7.655,7.6,7.6,2381,0
LPCN.US,5,20260107,161000,7.5557,7.5557,7.5557,7.5557,100,0
LPCN.US,5,20260107,161500,7.6,7.6,7.6,7.6,500,0
LPCN.US,5,20260107,162000,7.5,7.59,7.5,7.59,3220,0
LPCN.US,5,20260107,162500,7.59,7.59,7.58,7.59,1650,0
LPCN.US,5,20260107,164000,7.6299,7.6299,7.6299,7.6299,500,0
LPCN.US,5,20260107,164500,7.62,7.62,7.61,7.61,1693,0
LPCN.US,5,20260107,165500,7.59,7.59,7.5,7.5,16632,0
LPCN.US,5,20260107,170500,7.51,7.565,7.45,7.4506,4135,0
LPCN.US,5,20260107,171500,7.5404,7.5404,7.505,7.505,1500,0
LPCN.US,5,20260107,173000,7.535,7.62,7.535,7.62,1300,0
LPCN.US,5,20260107,175000,7.52,7.52,7.52,7.52,600,0
LPCN.US,5,20260107,175500,7.57,7.57,7.57,7.57,582,0
LPCN.US,5,20260107,180000,7.57,7.57,7.52,7.52,404,0
LPCN.US,5,20260107,181000,7.56,7.56,7.5,7.56,3300,0
LPCN.US,5,20260107,183500,7.5,7.5,7.5,7.5,6500,0
LPCN.US,5,20260107,185000,7.5,7.5,7.5,7.5,100,0
LPCN.US,5,20260107,185500,7.5017,7.5017,7.47,7.47,900,0
LPCN.US,5,20260107,190000,7.5,7.5295,7.5,7.5295,329,0
LPCN.US,5,20260107,191500,7.5127,7.5127,7.5127,7.5127,300,0
LPCN.US,5,20260107,192000,7.54,7.55,7.54,7.55,800,0
LPCN.US,5,20260107,194500,7.52,7.53,7.51,7.51,1280,0
LPCN.US,5,20260107,195000,7.62,7.62,7.62,7.62,1000,0
LPCN.US,5,20260107,195500,7.51,7.51,7.5048,7.5048,200,0
LPCN.US,5,20260107,201500,7.6,7.6,7.6,7.6,300,0
LPCN.US,5,20260107,202000,7.51,7.51,7.51,7.51,100,0
LPCN.US,5,20260107,202500,7.565,7.5836,7.565,7.5836,200,0
LPCN.US,5,20260107,203000,7.5725,7.5725,7.5725,7.5725,200,0
LPCN.US,5,20260107,205000,7.6061,7.6061,7.6061,7.6061,100,0
LPCN.US,5,20260107,210000,7.63,7.64,7.55,7.55,3000,0
LPCN.US,5,20260107,211000,7.52,7.52,7.52,7.52,175,0
LPCN.US,5,20260107,211500,7.54,7.55,7.54,7.55,1344,0
LPCN.US,5,20260107,212000,7.51,7.51,7.51,7.51,100,0
LPCN.US,5,20260107,213000,7.53,7.53,7.52,7.52,280,0
LPCN.US,5,20260107,214000,7.54,7.54,7.54,7.54,127,0
LPCN.US,5,20260107,214500,7.54,7.55,7.54,7.55,291,0
LPCN.US,5,20260107,215000,7.5001,7.525,7.5,7.525,2241,0
LPCN.US,5,20260107,215500,7.525,7.55,7.51,7.52,697,0
LPCN.US,5,20260108,153000,7.46,7.46,7.32,7.34,2700,0
LPCN.US,5,20260108,153500,7.2212,7.2212,6.96,7.14,5948,0
LPCN.US,5,20260108,155500,7.45,7.45,7.3,7.35,2025,0
LPCN.US,5,20260108,160500,7.35,7.4,7.349,7.4,987,0
LPCN.US,5,20260108,161000,7.4101,7.4101,7.4,7.4,1223,0
LPCN.US,5,20260108,162000,7.36,7.36,7.36,7.36,101,0
LPCN.US,5,20260108,162500,7.36,7.36,7.32,7.32,1400,0
LPCN.US,5,20260108,163500,7.362,7.362,7.35,7.35,700,0
LPCN.US,5,20260108,164500,7.3729,7.3729,7.3729,7.3729,150,0
LPCN.US,5,20260108,171000,7.39,7.5,7.38,7.4025,5366,0
LPCN.US,5,20260108,171500,7.5,7.5,7.5,7.5,1454,0
LPCN.US,5,20260108,172000,7.505,7.505,7.4815,7.5,1921,0
LPCN.US,5,20260108,172500,7.5,7.5,7.49,7.5,9125,0
LPCN.US,5,20260108,173000,7.5,7.5,7.5,7.5,389,0
LPCN.US,5,20260108,174000,7.52,7.66,7.5,7.5,9248,0
LPCN.US,5,20260108,175500,7.5,7.535,7.5,7.535,200,0
LPCN.US,5,20260108,180000,7.57,7.57,7.55,7.56,300,0
LPCN.US,5,20260108,180500,7.4901,7.4901,7.4901,7.4901,500,0
LPCN.US,5,20260108,181000,7.55,7.55,7.55,7.55,100,0
LPCN.US,5,20260108,181500,7.54,7.55,7.54,7.55,500,0
LPCN.US,5,20260108,183000,7.552,7.552,7.5,7.535,5021,0
LPCN.US,5,20260108,183500,7.55,7.55,7.48,7.515,4509,0
LPCN.US,5,20260108,185000,7.52,7.52,7.52,7.52,100,0
LPCN.US,5,20260108,185500,7.52,7.55,7.52,7.55,200,0
LPCN.US,5,20260108,190000,7.525,7.525,7.525,7.525,100,0
LPCN.US,5,20260108,191000,7.5,7.535,7.5,7.535,8421,0
LPCN.US,5,20260108,191500,7.53,7.55,7.53,7.55,200,0
LPCN.US,5,20260108,192500,7.53,7.53,7.482,7.53,1581,0
LPCN.US,5,20260108,193000,7.53,7.53,7.53,7.53,200,0
LPCN.US,5,20260108,193500,7.526,7.53,7.526,7.53,600,0
LPCN.US,5,20260108,200000,7.55,7.55,7.55,7.55,100,0
LPCN.US,5,20260108,200500,7.5,7.55,7.5,7.55,300,0
LPCN.US,5,20260108,201000,7.55,7.55,7.55,7.55,100,0
LPCN.US,5,20260108,201500,7.55,7.55,7.48,7.525,3118,0
LPCN.US,5,20260108,202000,7.525,7.525,7.5,7.5,500,0
LPCN.US,5,20260108,202500,7.5,7.5,7.48,7.5,8060,0
LPCN.US,5,20260108,203000,7.5,7.5,7.5,7.5,229,0
LPCN.US,5,20260108,203500,7.51,7.51,7.51,7.51,100,0
LPCN.US,5,20260108,204000,7.51,7.51,7.51,7.51,100,0
LPCN.US,5,20260108,204500,7.51,7.51,7.51,7.51,100,0
LPCN.US,5,20260108,205000,7.51,7.51,7.36,7.435,2300,0
LPCN.US,5,20260108,205500,7.4725,7.4725,7.385,7.39,550,0
LPCN.US,5,20260108,210000,7.44,7.44,7.44,7.44,100,0
LPCN.US,5,20260108,210500,7.495,7.5,7.435,7.5,2900,0
LPCN.US,5,20260108,211500,7.51,7.51,7.51,7.51,100,0
LPCN.US,5,20260108,212000,7.52,7.52,7.52,7.52,100,0
LPCN.US,5,20260108,212500,7.48,7.51,7.4027,7.51,1500,0
LPCN.US,5,20260108,213000,7.5,7.51,7.5,7.51,200,0
LPCN.US,5,20260108,213500,7.51,7.51,7.51,7.51,100,0
LPCN.US,5,20260108,214000,7.51,7.51,7.51,7.51,200,0
LPCN.US,5,20260108,214500,7.5,7.5,7.43,7.49,1621,0
LPCN.US,5,20260108,215000,7.49,7.5,7.49,7.5,562,0
LPCN.US,5,20260108,215500,7.5,7.53,7.44,7.53,4309,0
