<TICKER>,<PER>,<DATE>,<TIME>,<OPEN>,<HIGH>,<LOW>,<CLOSE>,<VOL>,<OPENINT>
MLEC.US,5,20250813,153000,39.9585,39.9585,39.9585,39.9585,146.66666674,0
MLEC.US,5,20250813,153500,40.2,40.2,39.4575,39.4575,31.6666666825,0
MLEC.US,5,20250813,155500,39.3,39.3,39.3,39.3,26.666666680000002,0
MLEC.US,5,20250813,160000,38.4,38.4,38.4,38.4,6.666666670000001,0
MLEC.US,5,20250813,160500,38.4,38.4,37.5,37.5,174.7333334207,0
MLEC.US,5,20250813,161000,36.9,39,36.9,38.313,73.33333337,0
MLEC.US,5,20250813,161500,38.9865,38.9865,38.25,38.25,33.333333350000004,0
MLEC.US,5,20250813,162000,38.7,38.7,38.7,38.7,6.666666670000001,0
MLEC.US,5,20250813,162500,38.7,38.7,38.7,38.7,18.2666666758,0
MLEC.US,5,20250813,163500,38.25,38.25,37.65,37.725,265.1333334659,0
MLEC.US,5,20250813,164000,37.65,37.8,37.65,37.65,186.33333342650002,0
MLEC.US,5,20250813,164500,37.65,37.65,34.65,34.8,150.8666667421,0
MLEC.US,5,20250813,165500,36.3,36.3,36.3,36.3,33.0666666832,0
MLEC.US,5,20250813,170000,37.113,37.113,37.113,37.113,33.333333350000004,0
MLEC.US,5,20250813,173000,37.05,37.2,37.05,37.2,26.666666680000002,0
MLEC.US,5,20250813,173500,37.35,37.5,37.35,37.5,206.66666677,0
MLEC.US,5,20250813,175000,37.5,37.5,37.275,37.4985,225.7333334462,0
MLEC.US,5,20250813,180000,37.5,37.5,37.5,37.5,96.9333333818,0
MLEC.US,5,20250813,191000,37.5,39,37.5,39,313.46666682340003,0
MLEC.US,5,20250813,193000,39.825,39.825,39.825,39.825,133.33333340000001,0
MLEC.US,5,20250813,195000,39.9,39.9,39.825,39.9,46.66666669,0
MLEC.US,5,20250813,195500,40.497,41.7,40.497,41.7,51.8666666926,0
MLEC.US,5,20250813,200500,40.65,40.65,39.3015,39.975,26.666666680000002,0
MLEC.US,5,20250813,204000,39.486,39.486,39.486,39.486,123.333333395,0
MLEC.US,5,20250813,212000,40.35,40.35,40.35,40.35,6.666666670000001,0
MLEC.US,5,20250814,153000,39.15,43.05,37.5,37.65,148.666666741,0
MLEC.US,5,20250814,153500,37.65,37.65,37.5,37.5,40.00000002,0
MLEC.US,5,20250814,155000,37.5,38.55,37.5,38.55,60.00000003,0
MLEC.US,5,20250814,155500,39.3,39.3,39.3,39.3,6.666666670000001,0
MLEC.US,5,20250814,162500,37.2,37.95,37.2,37.5,123.4666667284,0
MLEC.US,5,20250814,163000,37.05,37.05,37.05,37.05,101.9333333843,0
MLEC.US,5,20250814,163500,37.4985,37.4985,36.78,37.05,73.33333337,0
MLEC.US,5,20250814,164000,36.8025,37.05,36.78,36.78,33.333333350000004,0
MLEC.US,5,20250814,164500,37.5,37.5,36.9,37.5,60.00000003,0
MLEC.US,5,20250814,165000,36.975,36.975,36.9,36.9,33.333333350000004,0
MLEC.US,5,20250814,165500,37.5,37.5,37.5,37.5,75.6000000378,0
MLEC.US,5,20250814,170000,36.75,37.05,36.75,37.05,33.333333350000004,0
MLEC.US,5,20250814,170500,37.05,37.05,36.78,36.78,66.66666670000001,0
MLEC.US,5,20250814,171000,36.8025,36.8025,36.75,36.75,33.333333350000004,0
MLEC.US,5,20250814,171500,37.2,37.2,37.125,37.125,66.66666670000001,0
MLEC.US,5,20250814,174000,37.032,37.281,36.96,37.281,26.666666680000002,0
MLEC.US,5,20250814,175500,36.6,36.75,36.6,36.75,24.4666666789,0
MLEC.US,5,20250814,180500,36,36.15,36,36.15,33.333333350000004,0
MLEC.US,5,20250814,181000,36.6,36.6,36.5355,36.5985,29.8000000149,0
MLEC.US,5,20250814,182000,36.5205,36.6,36.5205,36.6,13.333333340000001,0
MLEC.US,5,20250814,183500,36.75,36.75,36.75,36.75,6.666666670000001,0
MLEC.US,5,20250814,184000,36.6,36.6,36.6,36.6,6.666666670000001,0
MLEC.US,5,20250814,184500,36.375,36.375,36.375,36.375,6.666666670000001,0
MLEC.US,5,20250814,185500,36.0015,36.0015,36.0015,36.0015,6.666666670000001,0
MLEC.US,5,20250814,190500,36.282,36.3,36.0015,36.3,60.00000003,0
MLEC.US,5,20250814,191000,36.6,37.2,36.0015,36.0015,208.0666667707,0
MLEC.US,5,20250814,191500,36.6885,36.6885,36.6885,36.6885,6.666666670000001,0
MLEC.US,5,20250814,192000,37.2,37.2,37.2,37.2,13.333333340000001,0
MLEC.US,5,20250814,192500,36.0015,36.0015,36.0015,36.0015,168.666666751,0
MLEC.US,5,20250814,193000,37.2,37.2,36,36,693.2666670133,0
MLEC.US,5,20250814,193500,35.85,35.9835,35.85,35.9835,113.33333339,0
MLEC.US,5,20250814,194000,36,36,35.7015,35.9775,106.66666672000001,0
MLEC.US,5,20250814,195500,35.7,35.7555,35.55,35.7555,71.00000003550001,0
MLEC.US,5,20250814,200000,35.7,35.85,35.7,35.85,80.00000004,0
MLEC.US,5,20250814,200500,35.7,35.7,35.7,35.7,100.00000005,0
MLEC.US,5,20250814,201000,35.85,35.85,35.85,35.85,12.866666673100001,0
MLEC.US,5,20250814,201500,35.55,36,35.55,36,300.5333334836,0
MLEC.US,5,20250814,202000,36,36,35.9025,36,145.4000000727,0
MLEC.US,5,20250814,202500,36,36,36,36,100.00000005,0
MLEC.US,5,20250814,204000,36.2505,36.2505,36.2505,36.2505,66.66666670000001,0
MLEC.US,5,20250814,210000,36.45,36.45,36.45,36.45,10.800000005400001,0
MLEC.US,5,20250814,211000,36.75,37.35,36.3,36.3,325.333333496,0
MLEC.US,5,20250814,211500,37.05,37.05,37.05,37.05,66.66666670000001,0
MLEC.US,5,20250814,212500,37.2,37.2,37.05,37.05,13.333333340000001,0
MLEC.US,5,20250814,214000,37.326,37.326,37.326,37.326,133.2666667333,0
MLEC.US,5,20250814,215500,36.675,36.675,36.675,36.675,16.666666675000002,0
MLEC.US,5,20250815,154500,36.4515,36.4515,36.4515,36.4515,13.6000000068,0
MLEC.US,5,20250815,155000,36.75,36.75,36.75,36.75,6.666666670000001,0
MLEC.US,5,20250815,155500,36.456,36.456,36.456,36.456,6.666666670000001,0
MLEC.US,5,20250815,163500,36.4665,36.4665,36.4665,36.4665,11.6666666725,0
MLEC.US,5,20250815,164500,37.926,37.935,37.926,37.935,133.33333340000001,0
MLEC.US,5,20250815,170000,37.125,37.125,37.125,37.125,6.666666670000001,0
MLEC.US,5,20250815,171500,36.45,36.45,36.45,36.45,16.6000000083,0
MLEC.US,5,20250815,173000,35.85,35.9985,35.5425,35.9985,60.00000003,0
MLEC.US,5,20250815,174500,35.7,35.85,35.7,35.85,58.9333333628,0
MLEC.US,5,20250815,175000,36.786,36.786,36.786,36.786,45.000000022500004,0
MLEC.US,5,20250815,180000,36.375,36.375,36.375,36.375,6.666666670000001,0
MLEC.US,5,20250815,180500,36,36.2985,36,36.15,100.00000005,0
MLEC.US,5,20250815,205000,35.982,35.982,35.982,35.982,6.666666670000001,0
MLEC.US,5,20250815,213000,36,36,35.7,36,20.00000001,0
MLEC.US,5,20250815,215000,36.9195,36.9195,36.9195,36.9195,13.4666666734,0
MLEC.US,5,20250818,154500,37.272,37.4985,36.45,37.497,225.9333334463,0
MLEC.US,5,20250818,155500,37.5,37.5,37.35,37.35,40.8666666871,0
MLEC.US,5,20250818,160500,36.9,36.9,36.9,36.9,6.666666670000001,0
MLEC.US,5,20250818,161500,37.35,37.5,37.35,37.35,1093.2000005466,0
MLEC.US,5,20250818,164000,36.75,36.75,36.75,36.75,16.666666675000002,0
MLEC.US,5,20250818,165500,36.5985,36.5985,36.5985,36.5985,66.66666670000001,0
MLEC.US,5,20250818,180500,36.75,36.75,36.75,36.75,99.6000000498,0
MLEC.US,5,20250818,181500,36.6,36.6,36.6,36.6,6.666666670000001,0
MLEC.US,5,20250818,191000,36,36.15,36,36.0045,20.00000001,0
MLEC.US,5,20250818,205000,36.0945,36.738,36.0945,36.15,430.2666668818,0
MLEC.US,5,20250818,211500,36,36,36,36,100.00000005,0
MLEC.US,5,20250818,214000,36.75,36.75,36.75,36.75,6.666666670000001,0
MLEC.US,5,20250818,214500,37.4985,37.4985,37.4985,37.4985,26.666666680000002,0
MLEC.US,5,20250818,215500,37.2,37.5,37.2,37.5,120.00000006,0
MLEC.US,5,20250819,153000,38.1,38.1,37.5,37.5,277.7333334722,0
MLEC.US,5,20250819,153500,38.1,38.1,38.1,38.1,43.6666666885,0
MLEC.US,5,20250819,154500,38.25,38.25,38.25,38.25,24.8666666791,0
MLEC.US,5,20250819,155000,38.175,38.175,38.175,38.175,33.333333350000004,0
MLEC.US,5,20250819,160000,37.35,37.35,36.7605,36.7605,260.4000001302,0
MLEC.US,5,20250819,160500,37.725,37.725,36.9,36.9,20.00000001,0
MLEC.US,5,20250819,162500,36.75,36.9,36.75,36.9,189.2000000946,0
MLEC.US,5,20250819,171000,37.2,37.35,37.2,37.35,126.66666673,0
MLEC.US,5,20250819,172500,37.35,37.35,37.35,37.35,96.666666715,0
MLEC.US,5,20250819,174500,36.783,36.783,36.675,36.675,266.66666680000003,0
MLEC.US,5,20250819,175000,36.675,37.2,36.675,37.05,40.00000002,0
MLEC.US,5,20250819,180500,36,36.15,36,36,368.3333335175,0
MLEC.US,5,20250819,184000,36,36,34.95,34.95,534.5333336006,0
MLEC.US,5,20250819,184500,35.202,35.7495,34.65,35.202,93.33333338,0
MLEC.US,5,20250819,185000,35.25,35.8485,34.8,35.8485,54.666666694,0
MLEC.US,5,20250819,185500,34.8,35.85,34.8,35.85,214.2666667738,0
MLEC.US,5,20250819,190000,35.25,35.283,34.8,35.283,26.666666680000002,0
MLEC.US,5,20250819,191000,35.283,35.283,35.283,35.283,6.666666670000001,0
MLEC.US,5,20250819,191500,35.25,35.55,34.8225,35.55,20.00000001,0
MLEC.US,5,20250819,192500,35.175,35.5485,34.818,35.5485,26.666666680000002,0
MLEC.US,5,20250819,194000,35.325,35.3985,35.325,35.3985,26.666666680000002,0
MLEC.US,5,20250819,201000,35.4,35.4,35.4,35.4,31.9333333493,0
MLEC.US,5,20250819,201500,35.475,36,35.475,36,51.1333333589,0
MLEC.US,5,20250819,210500,35.4,35.625,35.4,35.625,100.00000005,0
MLEC.US,5,20250819,211000,35.85,35.85,35.85,35.85,6.666666670000001,0
MLEC.US,5,20250819,214000,35.85,35.85,35.85,35.85,6.666666670000001,0
MLEC.US,5,20250819,214500,35.85,35.85,35.85,35.85,100.00000005,0
MLEC.US,5,20250819,215500,36.675,37.5,36.675,37.35,239.333333453,0
MLEC.US,5,20250820,153500,38.058,38.55,35.85,35.85,241.46666678740002,0
MLEC.US,5,20250820,154500,36,36,36,36,49.000000024500004,0
MLEC.US,5,20250820,155000,36,36,36,36,11.6000000058,0
MLEC.US,5,20250820,155500,35.4,35.4,35.4,35.4,46.66666669,0
MLEC.US,5,20250820,160500,35.253,35.253,35.253,35.253,266.66666680000003,0
MLEC.US,5,20250820,161000,35.55,35.55,35.55,35.55,20.00000001,0
MLEC.US,5,20250820,162000,35.55,35.55,35.55,35.55,6.666666670000001,0
MLEC.US,5,20250820,172000,35.55,35.55,35.55,35.55,8.4000000042,0
MLEC.US,5,20250820,174000,34.65,34.65,34.65,34.65,120.9333333938,0
MLEC.US,5,20250820,174500,34.65,34.65,34.5,34.5,169.8000000849,0
MLEC.US,5,20250820,175000,34.5,34.5,33.9,34.125,186.66666676,0
MLEC.US,5,20250820,175500,34.3905,34.3905,34.3905,34.3905,6.666666670000001,0
MLEC.US,5,20250820,180000,34.446,34.5,34.446,34.5,84.0666667087,0
MLEC.US,5,20250820,181000,34.5,34.5,34.5,34.5,83.93333337530001,0
MLEC.US,5,20250820,181500,34.5,34.5,34.5,34.5,40.00000002,0
MLEC.US,5,20250820,182000,34.5,34.5,34.5,34.5,53.333333360000005,0
MLEC.US,5,20250820,183000,34.5,34.5,34.5,34.5,20.00000001,0
MLEC.US,5,20250820,190500,34.35,34.35,33.957,33.957,20.00000001,0
MLEC.US,5,20250820,191000,33.75,33.9,32.31,32.31,130.000000065,0
MLEC.US,5,20250820,191500,32.46,33,32.46,33,40.00000002,0
MLEC.US,5,20250820,192000,33.63,33.663,33.15,33.15,33.333333350000004,0
MLEC.US,5,20250820,192500,34.485,34.485,34.485,34.485,7.333333337,0
MLEC.US,5,20250820,193500,33.6,34.4805,33.6,34.446,192.8666667631,0
MLEC.US,5,20250820,195000,34.2,34.2,34.2,34.2,66.7333333667,0
MLEC.US,5,20250820,200000,33.15,33.15,33,33.15,73.33333337,0
MLEC.US,5,20250820,200500,32.9985,33,32.9445,33,112.0666667227,0
MLEC.US,5,20250820,201500,34.35,34.35,33.75,33.75,18.200000009100002,0
MLEC.US,5,20250820,202000,33,33,32.4,32.4,205.86666676960002,0
MLEC.US,5,20250820,202500,32.4,32.4,32.4,32.4,135.86666673460002,0
MLEC.US,5,20250820,203000,33.45,33.45,32.55,32.55,66.66666670000001,0
MLEC.US,5,20250820,204000,32.4,33,32.25,32.775,158.3333334125,0
MLEC.US,5,20250820,213500,33.6,33.6,33.6,33.6,20.00000001,0
MLEC.US,5,20250820,214500,35.7,35.85,34.725,35.85,754.8666670441,0
MLEC.US,5,20250821,153000,30.9,31.2,30.438,31.1985,226.2000001131,0
MLEC.US,5,20250821,153500,30.9,31.092,30.45,30.609,787.4666670604,0
MLEC.US,5,20250821,154000,30.4635,30.6,30,30,647.6666669905001,0
MLEC.US,5,20250821,154500,30,30,28.6515,28.8,718.9333336928,0
MLEC.US,5,20250821,155000,28.95,29.7,28.95,28.9545,220.66666677700002,0
MLEC.US,5,20250821,155500,29.25,29.25,27.75,28.35,498.2666669158,0
MLEC.US,5,20250821,160000,28.125,28.4145,28.05,28.4145,99.86666671660001,0
MLEC.US,5,20250821,160500,28.5,29.25,28.5,28.8,249.9333334583,0
MLEC.US,5,20250821,161000,28.8,28.95,28.65,28.95,112.80000005640001,0
MLEC.US,5,20250821,161500,28.908,29.4,28.908,29.142,331.0666668322,0
MLEC.US,5,20250821,162000,29.175,29.175,28.95,28.95,271.60000013580003,0
MLEC.US,5,20250821,162500,29.25,29.7,29.25,29.55,63.6666666985,0
MLEC.US,5,20250821,163000,30,30.15,30,30,152.8666667431,0
MLEC.US,5,20250821,163500,29.7,29.7,29.55,29.55,83.4000000417,0
MLEC.US,5,20250821,164000,29.55,29.625,29.4,29.4,192.8666667631,0
MLEC.US,5,20250821,164500,29.4,29.4,29.4,29.4,150.2000000751,0
MLEC.US,5,20250821,165000,29.4135,29.547,29.4135,29.547,71.4666667024,0
MLEC.US,5,20250821,165500,29.5395,29.547,29.475,29.475,49.0666666912,0
MLEC.US,5,20250821,170000,29.4,29.4,28.95,28.989,185.1333334259,0
MLEC.US,5,20250821,174000,29.7,29.7,29.7,29.7,6.666666670000001,0
MLEC.US,5,20250821,174500,29.1,29.1,28.125,28.5,302.000000151,0
MLEC.US,5,20250821,175000,28.4235,28.4235,26.7,26.8005,609.333333638,0
MLEC.US,5,20250821,175500,26.85,26.85,26.85,26.85,126.66666673,0
MLEC.US,5,20250821,180000,27.7875,27.7875,27.3,27.3,222.8000001114,0
MLEC.US,5,20250821,180500,27.708,27.75,27.708,27.75,26.666666680000002,0
MLEC.US,5,20250821,181000,28.029,28.05,27.99,27.99,80.00000004,0
MLEC.US,5,20250821,181500,28.0485,28.0485,27.78,27.9,213.4666667734,0
MLEC.US,5,20250821,182000,27.975,27.975,27.975,27.975,6.666666670000001,0
MLEC.US,5,20250821,183000,28.335,28.335,28.335,28.335,6.666666670000001,0
MLEC.US,5,20250821,183500,28.3185,28.3245,28.3185,28.3185,26.666666680000002,0
MLEC.US,5,20250821,185000,28.35,28.35,28.2945,28.2945,13.333333340000001,0
MLEC.US,5,20250821,185500,28.3305,28.35,28.3305,28.35,40.00000002,0
MLEC.US,5,20250821,191000,28.0515,28.0515,28.0515,28.0515,66.66666670000001,0
MLEC.US,5,20250821,193500,28.197,28.197,28.197,28.197,9.0666666712,0
MLEC.US,5,20250821,194000,28.05,28.05,27.75,27.87,126.6000000633,0
MLEC.US,5,20250821,194500,27.837,27.837,27.837,27.837,13.333333340000001,0
MLEC.US,5,20250821,195000,27.75,27.9885,27.75,27.9885,70.0666667017,0
MLEC.US,5,20250821,200000,28.074,28.074,28.074,28.074,6.666666670000001,0
MLEC.US,5,20250821,200500,28.05,28.05,28.05,28.05,12.5333333396,0
MLEC.US,5,20250821,201000,28.05,28.05,28.05,28.05,47.6666666905,0
MLEC.US,5,20250821,203000,28.125,28.35,28.125,28.347,93.2000000466,0
MLEC.US,5,20250821,203500,28.2,28.2,28.2,28.2,26.666666680000002,0
MLEC.US,5,20250821,204000,28.2,28.2,28.2,28.2,6.666666670000001,0
MLEC.US,5,20250821,204500,28.05,28.05,28.05,28.05,8.333333337500001,0
MLEC.US,5,20250821,210000,28.05,28.05,28.05,28.05,20.1333333434,0
MLEC.US,5,20250821,210500,28.0515,28.0515,28.0515,28.0515,33.333333350000004,0
MLEC.US,5,20250821,211500,28.2,28.2,27.75,27.75,166.8666667501,0
MLEC.US,5,20250821,212000,27.7395,27.7395,27.72,27.72,20.00000001,0
MLEC.US,5,20250821,213000,27.675,27.675,27.3,27.3015,371.26666685230003,0
MLEC.US,5,20250821,214000,27.6,27.6,27.45,27.45,93.33333338,0
MLEC.US,5,20250821,214500,27.45,27.45,27.375,27.375,23.2000000116,0
MLEC.US,5,20250821,215000,27.42,28.425,27.375,28.425,390.9333335288,0
MLEC.US,5,20250821,215500,28.5,28.5,27.6735,28.5,401.6666668675,0
MLEC.US,5,20250822,153000,24.15,27,24.15,26.7435,4656.1333356614,0
MLEC.US,5,20250822,153500,26.25,26.25,25.2,25.809,178.666666756,0
MLEC.US,5,20250822,154000,25.35,26.25,25.35,26.25,69.4666667014,0
MLEC.US,5,20250822,154500,25.65,26.25,25.65,26.25,201.7333334342,0
MLEC.US,5,20250822,155000,26.25,28.3305,24.15,25.35,1525.6666674295,0
MLEC.US,5,20250822,155500,25.8975,25.8975,25.8975,25.8975,37.666666685500005,0
MLEC.US,5,20250822,160500,26.55,27,25.8,26.1225,273.00000013650003,0
MLEC.US,5,20250822,161500,27.75,28.35,27.1515,27.1515,543.4000002717,0
MLEC.US,5,20250822,164000,27.3,27.3,27.3,27.3,13.333333340000001,0
MLEC.US,5,20250822,164500,27.45,28.2,27.45,27.468,100.00000005,0
MLEC.US,5,20250822,165000,28.05,28.2,27.9,27.9,373.33333352,0
MLEC.US,5,20250822,165500,27.825,27.825,27.219,27.219,62.000000031,0
MLEC.US,5,20250822,170000,27.8985,27.8985,27.8985,27.8985,10.4000000052,0
MLEC.US,5,20250822,170500,27.9,27.9,27.9,27.9,6.666666670000001,0
MLEC.US,5,20250822,171000,27.525,27.525,24.3,25.95,1410.4000007052,0
MLEC.US,5,20250822,172000,26.775,26.775,26.775,26.775,66.000000033,0
MLEC.US,5,20250822,174500,25.9515,25.9515,25.9515,25.9515,12.2000000061,0
MLEC.US,5,20250822,180500,25.95,25.95,25.95,25.95,20.00000001,0
MLEC.US,5,20250822,184500,27.15,27.15,27.15,27.15,6.666666670000001,0
MLEC.US,5,20250822,191000,27,27.15,27,27.15,146.66666674,0
MLEC.US,5,20250822,193000,27,27,27,27,6.666666670000001,0
MLEC.US,5,20250822,195500,26.2515,26.2515,26.2515,26.2515,12.5333333396,0
MLEC.US,5,20250822,200500,27.582,27.582,27.582,27.582,20.3333333435,0
MLEC.US,5,20250822,201000,27.6,27.6,27.6,27.6,133.33333340000001,0
MLEC.US,5,20250822,202000,27,27,27,27,13.333333340000001,0
MLEC.US,5,20250822,202500,27.6,27.6,26.4015,26.4015,93.8666667136,0
MLEC.US,5,20250822,203000,26.4,26.4,26.4,26.4,7.7333333372,0
MLEC.US,5,20250822,204500,26.4705,27.501,26.4705,26.508,156.66666674500001,0
MLEC.US,5,20250822,210000,27,27,27,27,13.333333340000001,0
MLEC.US,5,20250822,211000,27.096,27.096,27,27,24.5333333456,0
MLEC.US,5,20250822,212000,27.3405,27.3405,27.3405,27.3405,60.00000003,0
MLEC.US,5,20250822,213000,27,27,27,27,6.666666670000001,0
MLEC.US,5,20250822,213500,26.925,26.925,26.55,26.55,60.00000003,0
MLEC.US,5,20250822,215500,26.7,26.85,26.25,26.25,512.2666669228,0
MLEC.US,5,20250825,153000,26.4,26.4,25.515,25.515,202.8000001014,0
MLEC.US,5,20250825,153500,25.5,25.5,24.9,25.05,126.5333333966,0
MLEC.US,5,20250825,154000,25.6485,25.875,23.55,23.55,1095.4666672144,0
MLEC.US,5,20250825,154500,23.775,26.85,23.775,26.85,3488.9333350778,0
MLEC.US,5,20250825,155000,24.972,26.4,24.972,25.5,186.66666676,0
MLEC.US,5,20250825,155500,25.65,25.65,25.65,25.65,13.333333340000001,0
MLEC.US,5,20250825,160000,25.3695,25.3695,25.05,25.05,607.0666669702,0
MLEC.US,5,20250825,160500,25.05,25.35,25.05,25.2,206.3333334365,0
MLEC.US,5,20250825,161000,25.2,25.275,25.2,25.275,13.333333340000001,0
MLEC.US,5,20250825,161500,25.2,25.2,25.2,25.2,6.666666670000001,0
MLEC.US,5,20250825,162500,25.431,25.5,25.425,25.5,40.0666666867,0
MLEC.US,5,20250825,163500,25.5,25.5,25.5,25.5,6.7333333367,0
MLEC.US,5,20250825,165000,25.35,25.35,25.35,25.35,13.333333340000001,0
MLEC.US,5,20250825,172000,25.05,25.05,25.05,25.05,6.666666670000001,0
MLEC.US,5,20250825,172500,25.35,25.35,25.35,25.35,6.666666670000001,0
MLEC.US,5,20250825,174500,25.05,25.05,25.05,25.05,6.666666670000001,0
MLEC.US,5,20250825,175000,25.425,25.425,25.425,25.425,26.666666680000002,0
MLEC.US,5,20250825,180000,25.35,25.35,25.35,25.35,13.333333340000001,0
MLEC.US,5,20250825,181000,25.275,25.275,25.275,25.275,66.66666670000001,0
MLEC.US,5,20250825,181500,25.65,25.65,25.65,25.65,7.4666666704,0
MLEC.US,5,20250825,183500,25.05,25.05,25.05,25.05,26.000000013,0
MLEC.US,5,20250825,185000,24.9,24.9,24.9,24.9,13.333333340000001,0
MLEC.US,5,20250825,185500,25.125,25.125,25.125,25.125,6.666666670000001,0
MLEC.US,5,20250825,193000,24.9,24.9,24.9,24.9,140.00000007,0
MLEC.US,5,20250825,201500,24.606,24.9,24.6,24.9,130.5333333986,0
MLEC.US,5,20250825,202000,24.6,24.6,24.6,24.6,46.2000000231,0
MLEC.US,5,20250825,203000,24.3,24.3,23.7,24,455.2666668943,0
MLEC.US,5,20250825,203500,23.757,23.7585,23.55,23.7585,133.33333340000001,0
MLEC.US,5,20250825,205000,23.703,23.703,22.8,23.4,602.000000301,0
MLEC.US,5,20250825,205500,23.1,23.55,23.1,23.55,73.33333337,0
MLEC.US,5,20250825,210000,23.55,23.85,23.55,23.85,66.7333333667,0
MLEC.US,5,20250825,210500,23.526,23.8485,23.526,23.8485,13.333333340000001,0
MLEC.US,5,20250825,211000,23.55,23.85,23.2515,23.85,246.7333334567,0
MLEC.US,5,20250825,211500,23.4,23.4,23.175,23.25,80.00000004,0
MLEC.US,5,20250825,212000,23.25,23.25,23.175,23.175,78.7333333727,0
MLEC.US,5,20250825,212500,23.169,23.169,23.169,23.169,66.66666670000001,0
MLEC.US,5,20250825,213000,23.1,23.25,22.95,23.1,368.60000018430003,0
MLEC.US,5,20250825,213500,23.055,23.2485,23.055,23.2215,60.00000003,0
MLEC.US,5,20250825,214000,23.175,23.25,23.175,23.175,223.5333334451,0
MLEC.US,5,20250825,214500,23.175,23.4,23.1525,23.25,213.8666667736,0
MLEC.US,5,20250825,215000,23.1525,23.175,23.1525,23.175,13.333333340000001,0
MLEC.US,5,20250825,215500,23.175,23.25,22.95,22.95,544.000000272,0
MLEC.US,5,20250826,153000,19.05,20.1,18.6,20.1,3199.8000015999,0
MLEC.US,5,20250826,153500,19.65,19.725,19.056,19.65,193.8666667636,0
MLEC.US,5,20250826,154000,19.65,19.797,19.5,19.707,523.6000002618,0
MLEC.US,5,20250826,154500,19.6605,19.8,19.65,19.8,106.2000000531,0
MLEC.US,5,20250826,155000,19.725,19.8,19.5,19.5,349.0666668412,0
MLEC.US,5,20250826,155500,19.353,19.446,19.2,19.203,412.5333335396,0
MLEC.US,5,20250826,160000,19.305,19.476,19.305,19.476,166.66666675000002,0
MLEC.US,5,20250826,160500,19.35,19.35,19.35,19.35,6.666666670000001,0
MLEC.US,5,20250826,161000,19.5,19.5,19.425,19.425,20.00000001,0
MLEC.US,5,20250826,161500,19.5,19.65,19.5,19.5,100.1333333834,0
MLEC.US,5,20250826,162000,19.5,19.5,19.5,19.5,13.1333333399,0
MLEC.US,5,20250826,163000,19.7955,19.8,19.65,19.65,76.9333333718,0
MLEC.US,5,20250826,164000,19.779,20.7,19.779,20.7,336.6000001683,0
MLEC.US,5,20250826,164500,20.625,20.8485,20.1,20.4,526.3333335965,0
MLEC.US,5,20250826,165000,20.175,20.55,19.92,20.55,80.4000000402,0
MLEC.US,5,20250826,165500,20.7,20.85,20.7,20.85,63.333333365,0
MLEC.US,5,20250826,170000,20.916,20.916,20.25,20.25,160.666666747,0
MLEC.US,5,20250826,171000,20.25,20.25,20.25,20.25,135.6666667345,0
MLEC.US,5,20250826,171500,20.25,20.25,20.25,20.25,23.333333345,0
MLEC.US,5,20250826,172000,20.1,20.1,20.0385,20.0385,56.666666695,0
MLEC.US,5,20250826,173000,20.439,20.439,20.439,20.439,333.33333350000004,0
MLEC.US,5,20250826,173500,20.25,20.25,20.1015,20.1015,62.8000000314,0
MLEC.US,5,20250826,174000,20.4,20.4,20.1015,20.1015,412.00000020600004,0
MLEC.US,5,20250826,174500,20.55,20.55,20.55,20.55,6.666666670000001,0
MLEC.US,5,20250826,175000,20.7,20.7,20.193,20.193,184.7333334257,0
MLEC.US,5,20250826,180000,20.25,20.25,20.25,20.25,7.8666666706,0
MLEC.US,5,20250826,180500,20.25,20.25,20.25,20.25,41.2000000206,0
MLEC.US,5,20250826,181000,20.325,20.325,20.325,20.325,66.66666670000001,0
MLEC.US,5,20250826,182000,20.1,20.55,20.1,20.55,289.6000001448,0
MLEC.US,5,20250826,183000,20.25,20.25,20.25,20.25,7.7333333372,0
MLEC.US,5,20250826,184000,20.4,20.4,20.1,20.1,103.8666667186,0
MLEC.US,5,20250826,184500,19.9515,19.9515,19.9515,19.9515,17.9333333423,0
MLEC.US,5,20250826,185000,19.9515,19.9515,19.95,19.95,20.00000001,0
MLEC.US,5,20250826,185500,19.8,19.8,19.725,19.725,238.8000001194,0
MLEC.US,5,20250826,190500,19.65,19.6515,19.65,19.6515,80.7333333737,0
MLEC.US,5,20250826,191000,19.95,19.95,19.95,19.95,13.333333340000001,0
MLEC.US,5,20250826,192000,19.65,19.65,19.5,19.5,66.9333333668,0
MLEC.US,5,20250826,193000,19.5,19.5,19.4985,19.4985,80.4000000402,0
MLEC.US,5,20250826,193500,19.419,19.95,19.2,19.95,1435.4000007177,0
MLEC.US,5,20250826,194500,19.875,19.875,19.875,19.875,12.2000000061,0
MLEC.US,5,20250826,195000,20.1,20.1,20.1,20.1,14.5333333406,0
MLEC.US,5,20250826,195500,20.25,20.25,20.25,20.25,7.8666666706,0
MLEC.US,5,20250826,200000,19.65,19.725,19.65,19.65,67.6666667005,0
MLEC.US,5,20250826,200500,19.5,19.689,19.5,19.689,203.1333334349,0
MLEC.US,5,20250826,201000,19.5,19.6485,19.5,19.6485,138.666666736,0
MLEC.US,5,20250826,202000,19.425,19.5,19.425,19.5,36.8000000184,0
MLEC.US,5,20250826,202500,19.698,19.698,19.698,19.698,100.00000005,0
MLEC.US,5,20250826,203500,19.35,19.35,19.35,19.35,6.666666670000001,0
MLEC.US,5,20250826,204000,19.5,19.5,19.5,19.5,20.00000001,0
MLEC.US,5,20250826,204500,19.4835,19.4835,19.4835,19.4835,6.666666670000001,0
MLEC.US,5,20250826,205500,19.3515,19.3515,19.3515,19.3515,66.66666670000001,0
MLEC.US,5,20250826,210000,19.5,19.5,19.425,19.5,220.00000011,0
MLEC.US,5,20250826,210500,19.35,19.35,19.35,19.35,33.333333350000004,0
MLEC.US,5,20250826,211000,19.35,19.35,19.2,19.35,163.333333415,0
MLEC.US,5,20250826,211500,19.2,19.2015,19.2,19.2015,67.4000000337,0
MLEC.US,5,20250826,212000,19.2,19.35,19.2,19.35,298.66666681600003,0
MLEC.US,5,20250826,212500,19.2,19.347,19.2,19.347,45.4666666894,0
MLEC.US,5,20250826,213000,19.2,19.2,19.2,19.2,30.800000015400002,0
MLEC.US,5,20250826,213500,19.2,19.2,19.125,19.125,140.00000007,0
MLEC.US,5,20250826,214000,19.2,19.2,19.2,19.2,362.1333335144,0
MLEC.US,5,20250826,215000,19.494,19.494,19.494,19.494,26.666666680000002,0
MLEC.US,5,20250826,215500,19.2225,19.4925,19.05,19.05,237.0666667852,0
MLEC.US,5,20250827,153000,19.5,19.5,19.05,19.05,100.7333333837,0
MLEC.US,5,20250827,154000,19.05,19.05,19.05,19.05,8.333333337500001,0
MLEC.US,5,20250827,154500,19.05,19.0575,19.05,19.0575,60.00000003,0
MLEC.US,5,20250827,155000,19.05,19.05,19.05,19.05,30.666666682000002,0
MLEC.US,5,20250827,155500,18.9,18.9,18.75,18.9,116.000000058,0
MLEC.US,5,20250827,160000,18.825,18.825,18.75,18.75,143.333333405,0
MLEC.US,5,20250827,160500,18.75,18.75,18.75,18.75,146.3333334065,0
MLEC.US,5,20250827,161000,18.9,18.9,18.825,18.9,101.66666671750001,0
MLEC.US,5,20250827,161500,19.05,19.05,19.05,19.05,153.33333341,0
MLEC.US,5,20250827,163000,18.9,19.275,18.9,19.275,179.333333423,0
MLEC.US,5,20250827,163500,19.2,19.5,18.75,18.75,922.8666671281001,0
MLEC.US,5,20250827,164500,19.125,19.125,19.125,19.125,7.666666670500001,0
MLEC.US,5,20250827,165500,18.7575,18.7575,18.7575,18.7575,29.6666666815,0
MLEC.US,5,20250827,170000,18.825,18.825,18.753,18.753,36.000000018,0
MLEC.US,5,20250827,171000,18.8415,18.9,18.8415,18.9,76.666666705,0
MLEC.US,5,20250827,172000,19.0485,19.2015,19.0485,19.2,546.3333336065,0
MLEC.US,5,20250827,173000,19.323,19.323,19.323,19.323,33.333333350000004,0
MLEC.US,5,20250827,174000,19.35,19.35,19.35,19.35,16.666666675000002,0
MLEC.US,5,20250827,174500,19.2,20.25,19.2,20.025,1246.9333339568,0
MLEC.US,5,20250827,175000,20.5395,20.5395,20.5395,20.5395,12.800000006400001,0
MLEC.US,5,20250827,175500,20.175,20.175,20.175,20.175,6.666666670000001,0
MLEC.US,5,20250827,180500,20.25,20.4,20.25,20.4,85.13333337590001,0
MLEC.US,5,20250827,181000,20.25,20.2965,20.25,20.2965,20.0666666767,0
MLEC.US,5,20250827,182000,19.875,20.85,19.875,20.25,363.66666684850003,0
MLEC.US,5,20250827,182500,20.739,21.45,20.739,21.4425,299.0666668162,0
MLEC.US,5,20250827,183000,21.45,21.45,21.075,21.075,49.933333358300004,0
MLEC.US,5,20250827,183500,21,21,20.7645,20.7645,73.33333337,0
MLEC.US,5,20250827,184000,21.075,21.075,20.85,20.85,319.4000001597,0
MLEC.US,5,20250827,184500,21.075,21.6,20.85,21,288.4666668109,0
MLEC.US,5,20250827,185000,21,21.15,20.85,21.075,497.0666669152,0
MLEC.US,5,20250827,185500,21.45,21.75,21.0015,21.3,1116.8000005584001,0
MLEC.US,5,20250827,190000,21.3,21.45,20.55,20.7,486.86666691010004,0
MLEC.US,5,20250827,191000,20.7,20.7,20.7,20.7,6.666666670000001,0
MLEC.US,5,20250827,192500,20.7,20.7,20.55,20.7,82.7333333747,0
MLEC.US,5,20250827,194000,20.55,20.55,20.55,20.55,42.4000000212,0
MLEC.US,5,20250827,194500,20.4,20.4,20.4,20.4,22.7333333447,0
MLEC.US,5,20250827,195000,20.4,20.4,20.4,20.4,38.9333333528,0
MLEC.US,5,20250827,200500,20.25,21,20.25,20.9139,573.9333336203,0
MLEC.US,5,20250827,201500,20.85,20.85,20.325,20.325,276.66666680500003,0
MLEC.US,5,20250827,202500,20.1,20.1,20.1,20.1,7.8666666706,0
MLEC.US,5,20250827,203000,20.25,20.25,20.25,20.25,10.000000005,0
MLEC.US,5,20250827,203500,20.25,20.25,20.25,20.25,52.2666666928,0
MLEC.US,5,20250827,204500,20.4705,20.4705,20.4705,20.4705,6.666666670000001,0
MLEC.US,5,20250827,205500,19.95,20.25,19.95,20.25,13.333333340000001,0
MLEC.US,5,20250827,212500,20.1,20.1,20.1,20.1,20.8000000104,0
MLEC.US,5,20250827,213500,20.1,20.1,19.95,19.95,266.66666680000003,0
MLEC.US,5,20250827,214000,20.0985,20.1,20.0985,20.1,343.2000001716,0
MLEC.US,5,20250827,214500,20.1,20.1,19.95,20.1,397.7333335322,0
MLEC.US,5,20250827,215500,20.1,20.85,19.65,19.8,1817.1333342419,0
MLEC.US,5,20250828,153000,19.35,19.35,19.2045,19.2045,32.2666666828,0
MLEC.US,5,20250828,153500,19.35,19.35,19.35,19.35,84.666666709,0
MLEC.US,5,20250828,154500,19.35,19.35,19.35,19.35,79.2666667063,0
MLEC.US,5,20250828,155000,19.2795,19.2795,19.2795,19.2795,12.6000000063,0
MLEC.US,5,20250828,155500,19.5,19.5,19.35,19.35,20.00000001,0
MLEC.US,5,20250828,160000,19.65,19.725,19.65,19.725,26.666666680000002,0
MLEC.US,5,20250828,160500,19.65,19.65,19.65,19.65,6.666666670000001,0
MLEC.US,5,20250828,161500,19.65,19.65,19.5,19.593,178.80000008940002,0
MLEC.US,5,20250828,162500,19.5,19.5,19.5,19.5,6.666666670000001,0
MLEC.US,5,20250828,163000,19.5,19.575,19.437,19.5,54.000000027,0
MLEC.US,5,20250828,163500,19.4025,19.5,19.4025,19.4025,53.333333360000005,0
MLEC.US,5,20250828,164000,19.3515,19.3515,19.3515,19.3515,406.93333353680003,0
MLEC.US,5,20250828,164500,19.3875,19.3875,19.3875,19.3875,73.2000000366,0
MLEC.US,5,20250828,165500,19.35,19.35,19.2015,19.2015,262.0666667977,0
MLEC.US,5,20250828,170000,19.2075,19.35,19.125,19.35,82.5333333746,0
MLEC.US,5,20250828,171500,19.5,19.5,19.5,19.5,33.333333350000004,0
MLEC.US,5,20250828,172000,19.35,19.35,19.35,19.35,30.4000000152,0
MLEC.US,5,20250828,173000,19.35,19.35,19.35,19.35,48.0666666907,0
MLEC.US,5,20250828,173500,19.4925,19.4925,19.4925,19.4925,33.333333350000004,0
MLEC.US,5,20250828,174000,19.5,19.5,19.5,19.5,41.7333333542,0
MLEC.US,5,20250828,175000,19.5,19.65,19.5,19.5,184.5333334256,0
MLEC.US,5,20250828,180500,19.5,19.5,19.5,19.5,47.9333333573,0
MLEC.US,5,20250828,181500,19.485,19.485,19.485,19.485,13.333333340000001,0
MLEC.US,5,20250828,182000,19.4835,19.4835,19.4835,19.4835,11.4666666724,0
MLEC.US,5,20250828,182500,19.5,19.593,19.5,19.593,101.4000000507,0
MLEC.US,5,20250828,183000,19.8,19.8,19.8,19.8,25.4666666794,0
MLEC.US,5,20250828,183500,19.5,19.575,19.5,19.5,46.66666669,0
MLEC.US,5,20250828,184500,19.5,19.5,19.5,19.5,79.7333333732,0
MLEC.US,5,20250828,185500,19.575,19.575,19.575,19.575,10.333333338500001,0
MLEC.US,5,20250828,191000,19.8,19.8,19.8,19.8,6.666666670000001,0
MLEC.US,5,20250828,194000,19.65,19.65,19.65,19.65,66.66666670000001,0
MLEC.US,5,20250828,200000,19.8,19.8,19.8,19.8,14.8000000074,0
MLEC.US,5,20250828,202000,19.8,19.8,19.8,19.8,6.666666670000001,0
MLEC.US,5,20250828,202500,19.65,19.65,19.65,19.65,40.00000002,0
MLEC.US,5,20250828,204500,19.8,19.8,19.65,19.8,73.9333333703,0
MLEC.US,5,20250828,211000,19.95,19.95,19.95,19.95,46.66666669,0
MLEC.US,5,20250828,212000,19.8,19.95,19.8,19.95,13.333333340000001,0
MLEC.US,5,20250828,212500,20.5485,20.7,20.1,20.25,715.6000003578,0
MLEC.US,5,20250828,213000,20.325,20.325,20.325,20.325,6.666666670000001,0
MLEC.US,5,20250828,214000,20.2125,20.25,19.725,19.8,320.00000016,0
MLEC.US,5,20250828,214500,19.8,19.8,19.8,19.8,65.7333333662,0
MLEC.US,5,20250828,215500,19.725,19.7985,19.725,19.7985,43.333333355,0
MLEC.US,5,20250829,153000,19.05,19.05,18,18,590.2000002951,0
MLEC.US,5,20250829,153500,19.2,19.2,19.2,19.2,6.666666670000001,0
MLEC.US,5,20250829,154000,18.597,19.155,18.597,19.155,272.9333334698,0
MLEC.US,5,20250829,154500,18.72,19.8,18.72,19.8,226.80000011340002,0
MLEC.US,5,20250829,155000,19.3125,19.425,19.3125,19.3575,93.33333338,0
MLEC.US,5,20250829,160000,19.35,19.35,19.35,19.35,6.666666670000001,0
MLEC.US,5,20250829,162500,19.2,19.2,19.2,19.2,13.4666666734,0
MLEC.US,5,20250829,163000,19.425,19.425,19.2255,19.2255,229.8000001149,0
MLEC.US,5,20250829,163500,19.2015,19.2015,19.2015,19.2015,13.333333340000001,0
MLEC.US,5,20250829,164500,19.65,19.65,19.425,19.65,60.00000003,0
MLEC.US,5,20250829,165500,19.65,20.25,19.65,20.25,304.0666668187,0
MLEC.US,5,20250829,170000,20.1,20.85,19.5,20.85,207.8000001039,0
MLEC.US,5,20250829,170500,20.7,20.85,20.25,20.25,370.666666852,0
MLEC.US,5,20250829,171000,20.25,20.7,20.25,20.7,168.4000000842,0
MLEC.US,5,20250829,171500,20.67,20.7,20.55,20.7,25.333333346,0
MLEC.US,5,20250829,172000,20.7,20.7,20.7,20.7,9.6666666715,0
MLEC.US,5,20250829,173000,20.4,20.4,20.4,20.4,20.00000001,0
MLEC.US,5,20250829,173500,20.85,20.85,20.8485,20.8485,133.33333340000001,0
MLEC.US,5,20250829,174500,20.4,20.4,20.4,20.4,41.666666687500005,0
MLEC.US,5,20250829,175500,20.1,20.1,20.1,20.1,133.33333340000001,0
MLEC.US,5,20250829,180500,20.076,20.076,19.95,19.95,96.666666715,0
MLEC.US,5,20250829,200500,20.4015,20.4015,20.4015,20.4015,66.66666670000001,0
MLEC.US,5,20250829,204000,20.25,20.25,20.175,20.175,26.666666680000002,0
MLEC.US,5,20250829,204500,19.95,19.95,19.95,19.95,20.00000001,0
MLEC.US,5,20250829,205500,19.95,19.95,19.95,19.95,26.666666680000002,0
MLEC.US,5,20250829,214500,19.5105,19.65,19.5105,19.65,78.6000000393,0
MLEC.US,5,20250829,215500,19.65,19.662,19.65,19.662,33.333333350000004,0
MLEC.US,5,20250902,153000,20.85,21.15,20.85,21.15,1404.8000007024,0
MLEC.US,5,20250902,153500,21,21,21,21,296.666666815,0
MLEC.US,5,20250902,154000,21,21,20.85,20.9895,1276.2000006381,0
MLEC.US,5,20250902,155500,20.4,20.4,20.4,20.4,73.33333337,0
MLEC.US,5,20250902,160000,20.127,20.4,19.95,20.178,183.73333342520002,0
MLEC.US,5,20250902,161000,20.0985,20.0985,19.6695,19.6695,133.33333340000001,0
MLEC.US,5,20250902,162000,20.097,20.097,19.8,19.8,337.6666668355,0
MLEC.US,5,20250902,162500,19.8,19.8,19.8,19.8,12.6000000063,0
MLEC.US,5,20250902,165000,19.575,19.65,19.575,19.65,20.00000001,0
MLEC.US,5,20250902,171000,19.5,19.5,19.5,19.5,33.333333350000004,0
MLEC.US,5,20250902,171500,19.5,19.5,19.5,19.5,6.666666670000001,0
MLEC.US,5,20250902,173000,19.5,19.5,19.35,19.35,93.33333338,0
MLEC.US,5,20250902,180500,19.35,19.35,19.35,19.35,6.666666670000001,0
MLEC.US,5,20250902,181500,19.05,19.2,18.9,18.9,643.8000003219,0
MLEC.US,5,20250902,183500,18.75,18.75,18.75,18.75,6.666666670000001,0
MLEC.US,5,20250902,184000,18.5985,18.5985,18.45,18.45,14.666666674,0
MLEC.US,5,20250902,184500,18.585,18.747,18.45,18.555,33.333333350000004,0
MLEC.US,5,20250902,185000,18.588,18.7425,18.45,18.7425,87.60000004380001,0
MLEC.US,5,20250902,185500,18.6525,18.9,18.6525,18.9,346.66666684,0
MLEC.US,5,20250902,190000,18.633,18.633,18.633,18.633,78.6000000393,0
MLEC.US,5,20250902,195500,18.6,18.6,18.45,18.525,742.6000003713,0
MLEC.US,5,20250902,200000,18.504,18.504,18.504,18.504,6.666666670000001,0
MLEC.US,5,20250902,201000,18.585,18.6,18.525,18.525,60.00000003,0
MLEC.US,5,20250902,201500,18.525,18.525,18.525,18.525,58.4000000292,0
MLEC.US,5,20250902,202000,18.6,18.6,18.6,18.6,6.666666670000001,0
MLEC.US,5,20250902,202500,18.5865,18.5865,18.5865,18.5865,11.6666666725,0
MLEC.US,5,20250902,203000,18.585,18.585,18.585,18.585,6.666666670000001,0
MLEC.US,5,20250902,203500,18.6,18.6,18.6,18.6,90.06666671170001,0
MLEC.US,5,20250902,205000,18.5835,18.5835,18.5835,18.5835,6.666666670000001,0
MLEC.US,5,20250902,205500,18.45,18.585,18.45,18.519,26.666666680000002,0
MLEC.US,5,20250902,210000,18.6,18.6,18.6,18.6,6.666666670000001,0
MLEC.US,5,20250902,211000,18.6,18.6,18.6,18.6,57.0666666952,0
MLEC.US,5,20250902,213000,18.732,18.732,18.732,18.732,333.33333350000004,0
MLEC.US,5,20250902,215500,18.7095,18.9,18.6,18.9,516.3333335915,0
MLEC.US,5,20250903,153000,18.3,18.9,18.15,18.15,310.93333348880003,0
MLEC.US,5,20250903,155500,18.45,18.45,18.45,18.45,16.5333333416,0
MLEC.US,5,20250903,160000,18.75,18.75,18.75,18.75,6.666666670000001,0
MLEC.US,5,20250903,161500,18.675,18.675,18.675,18.675,98.00000004900001,0
MLEC.US,5,20250903,162000,18.675,18.75,18.6,18.6,142.4000000712,0
MLEC.US,5,20250903,162500,18.6,18.6,18.6,18.6,6.666666670000001,0
MLEC.US,5,20250903,163000,18.675,18.675,18.6,18.675,133.33333340000001,0
MLEC.US,5,20250903,164000,18.45,18.75,18.45,18.75,40.00000002,0
MLEC.US,5,20250903,164500,18.9,18.9,18.6,18.9,310.000000155,0
MLEC.US,5,20250903,165500,18.7815,18.7815,18.7815,18.7815,17.133333341900002,0
MLEC.US,5,20250903,171000,18.978,18.978,18.978,18.978,8.000000004,0
MLEC.US,5,20250903,171500,18.9,18.9,18.9,18.9,13.333333340000001,0
MLEC.US,5,20250903,172000,18.9,18.9,18.9,18.9,26.666666680000002,0
MLEC.US,5,20250903,173000,18.9,18.9,18.9,18.9,20.00000001,0
MLEC.US,5,20250903,173500,18.9,18.9,18.9,18.9,10.000000005,0
MLEC.US,5,20250903,181500,18.975,18.975,18.7605,18.7605,26.666666680000002,0
MLEC.US,5,20250903,185500,18.75,18.75,18.75,18.75,340.00000017,0
MLEC.US,5,20250903,190500,18.45,18.4515,18.45,18.45,545.9333336063,0
MLEC.US,5,20250903,191500,18.591,18.591,18.519,18.519,55.4000000277,0
MLEC.US,5,20250903,193000,18.6,18.6,18.6,18.6,6.666666670000001,0
MLEC.US,5,20250903,194000,18.45,18.45,18,18.447,949.2000004746001,0
MLEC.US,5,20250903,195500,18.447,18.447,18.447,18.447,53.333333360000005,0
MLEC.US,5,20250903,201500,18.375,18.375,18.375,18.375,6.666666670000001,0
MLEC.US,5,20250903,202500,18.45,18.45,18.3,18.45,33.333333350000004,0
MLEC.US,5,20250903,213500,18.45,18.75,18.45,18.45,572.2666669528,0
MLEC.US,5,20250903,215500,18.18,18.3,18.15,18.3,44.6000000223,0
MLEC.US,5,20250904,153500,17.7,17.7,17.7,17.7,33.0000000165,0
MLEC.US,5,20250904,154000,17.7,17.7,17.7,17.7,7.1333333369,0
MLEC.US,5,20250904,154500,17.8185,17.85,17.745,17.745,86.66666671,0
MLEC.US,5,20250904,155500,17.55,17.55,17.4,17.4,40.00000002,0
MLEC.US,5,20250904,160000,17.493,17.493,17.493,17.493,133.33333340000001,0
MLEC.US,5,20250904,161000,17.775,17.775,17.7,17.7,200.0000001,0
MLEC.US,5,20250904,161500,17.625,17.625,17.625,17.625,8.000000004,0
MLEC.US,5,20250904,163500,17.625,17.625,17.625,17.625,26.666666680000002,0
MLEC.US,5,20250904,164000,17.85,17.925,17.85,17.925,26.666666680000002,0
MLEC.US,5,20250904,165000,18.21,18.21,18,18,13.333333340000001,0
MLEC.US,5,20250904,165500,18.3735,18.3735,18.3735,18.3735,13.0000000065,0
MLEC.US,5,20250904,170000,18.4365,18.4365,18.4365,18.4365,6.666666670000001,0
MLEC.US,5,20250904,172000,17.925,17.925,17.925,17.925,18.6000000093,0
MLEC.US,5,20250904,174500,17.85,17.85,17.85,17.85,16.666666675000002,0
MLEC.US,5,20250904,181000,17.85,17.85,17.85,17.85,20.00000001,0
MLEC.US,5,20250904,182500,17.85,17.85,17.85,17.85,27.0666666802,0
MLEC.US,5,20250904,190500,17.775,17.775,17.775,17.775,66.66666670000001,0
MLEC.US,5,20250904,193000,17.6625,17.949,17.6625,17.949,30.000000015,0
MLEC.US,5,20250904,193500,18,18,18,18,32.5333333496,0
MLEC.US,5,20250904,194000,17.9265,17.97,17.9265,17.9265,54.0666666937,0
MLEC.US,5,20250904,194500,17.652,17.652,17.652,17.652,6.666666670000001,0
MLEC.US,5,20250904,200000,18,18,18,18,6.666666670000001,0
MLEC.US,5,20250904,203500,17.7,17.7,17.7,17.7,20.00000001,0
MLEC.US,5,20250904,205000,17.7,17.85,17.7,17.7,70.8000000354,0
MLEC.US,5,20250904,205500,17.7,17.85,17.7,17.85,162.4666667479,0
MLEC.US,5,20250904,210000,17.7,17.7,17.7,17.7,6.666666670000001,0
MLEC.US,5,20250904,210500,17.7,17.7,17.6985,17.6985,13.333333340000001,0
MLEC.US,5,20250904,212500,17.691,17.691,17.5785,17.5785,73.6666667035,0
MLEC.US,5,20250904,215000,17.7,17.7,17.55,17.6985,143.0666667382,0
MLEC.US,5,20250905,153000,18,18,17.4,17.4015,81.7333333742,0
MLEC.US,5,20250905,153500,17.4,17.412,17.4,17.412,23.8666666786,0
MLEC.US,5,20250905,154000,17.625,17.625,17.625,17.625,6.666666670000001,0
MLEC.US,5,20250905,155000,17.55,17.55,17.55,17.55,6.666666670000001,0
MLEC.US,5,20250905,155500,17.4135,17.4135,17.403,17.403,49.8666666916,0
MLEC.US,5,20250905,160000,17.4,17.4,16.8,17.025,658.4666669959,0
MLEC.US,5,20250905,160500,17.379,17.397,17.25,17.379,47.800000023900004,0
MLEC.US,5,20250905,161000,17.25,17.3985,17.25,17.3985,66.66666670000001,0
MLEC.US,5,20250905,161500,17.235,17.3985,17.1,17.3925,89.0666667112,0
MLEC.US,5,20250905,163000,17.4,17.4,17.4,17.4,6.666666670000001,0
MLEC.US,5,20250905,163500,17.4,17.4,17.4,17.4,20.00000001,0
MLEC.US,5,20250905,164000,17.115,17.115,17.1,17.1,66.66666670000001,0
MLEC.US,5,20250905,165000,17.5065,17.5065,17.5065,17.5065,10.9333333388,0
MLEC.US,5,20250905,171500,17.55,18,17.55,18,453.60000022680003,0
MLEC.US,5,20250905,172500,18,18.3,18,18.3,88.3333333775,0
MLEC.US,5,20250905,173000,18.45,18.45,18.15,18.435,54.266666693800005,0
MLEC.US,5,20250905,175500,18.15,18.15,18.15,18.15,27.5333333471,0
MLEC.US,5,20250905,182000,18.15,18.15,18.15,18.15,13.333333340000001,0
MLEC.US,5,20250905,185000,17.7,17.7,17.7,17.7,15.333333341000001,0
MLEC.US,5,20250905,185500,17.775,17.775,17.703,17.703,13.333333340000001,0
MLEC.US,5,20250905,191500,18,18.15,18,18.15,39.333333353,0
MLEC.US,5,20250905,194000,18.15,18.591,18.15,18.591,113.33333339,0
MLEC.US,5,20250905,194500,18.6,18.6,18.6,18.6,13.333333340000001,0
MLEC.US,5,20250905,195000,18.375,18.483,18.15,18.483,300.06666681670004,0
MLEC.US,5,20250905,200000,17.7,17.7,17.7,17.7,64.0666666987,0
MLEC.US,5,20250905,201500,17.625,17.625,17.25,17.2515,542.6000002713,0
MLEC.US,5,20250905,202000,17.625,17.625,17.625,17.625,333.33333350000004,0
MLEC.US,5,20250905,202500,17.4,17.4,17.25,17.25,1312.7333339897,0
MLEC.US,5,20250905,203000,17.925,17.925,17.925,17.925,13.333333340000001,0
MLEC.US,5,20250905,203500,17.4,17.4,17.4,17.4,666.6666670000001,0
MLEC.US,5,20250905,204000,17.4,18.453,17.4,18.453,36.666666685,0
MLEC.US,5,20250905,210500,18.15,18.15,18.15,18.15,13.333333340000001,0
MLEC.US,5,20250905,211000,18.15,18.15,18,18,110.4000000552,0
MLEC.US,5,20250905,212500,18,18,18,18,73.33333337,0
MLEC.US,5,20250905,215000,18.2895,18.2895,18.2895,18.2895,16.666666675000002,0
MLEC.US,5,20250905,215500,17.775,17.775,17.775,17.775,6.666666670000001,0
MLEC.US,5,20250908,153000,17.4,17.4,17.4,17.4,6.666666670000001,0
MLEC.US,5,20250908,153500,17.1,17.1,17.1,17.1,18.200000009100002,0
MLEC.US,5,20250908,154500,17.4,17.4,17.379,17.379,49.7333333582,0
MLEC.US,5,20250908,155000,17.4,17.4,17.4,17.4,20.00000001,0
MLEC.US,5,20250908,161000,17.4,17.403,17.4,17.403,180.00000009000001,0
MLEC.US,5,20250908,161500,17.625,17.625,17.625,17.625,22.4000000112,0
MLEC.US,5,20250908,162000,17.4,17.4,17.4,17.4,6.666666670000001,0
MLEC.US,5,20250908,162500,17.388,17.388,17.388,17.388,13.333333340000001,0
MLEC.US,5,20250908,164500,17.4,17.4,17.4,17.4,33.333333350000004,0
MLEC.US,5,20250908,172500,17.5455,17.5455,17.5455,17.5455,8.666666671,0
MLEC.US,5,20250908,173500,17.4,17.4,17.4,17.4,11.0000000055,0
MLEC.US,5,20250908,181500,17.25,17.25,17.25,17.25,6.666666670000001,0
MLEC.US,5,20250908,182500,17.25,17.25,17.25,17.25,6.666666670000001,0
MLEC.US,5,20250908,183000,17.1945,17.397,17.1945,17.397,123.333333395,0
MLEC.US,5,20250908,190500,17.4,17.55,17.4,17.4,402.5333335346,0
MLEC.US,5,20250908,191000,17.55,17.55,17.55,17.55,18.000000009,0
MLEC.US,5,20250908,195500,17.475,17.475,17.475,17.475,8.666666671,0
MLEC.US,5,20250908,201000,17.25,17.25,17.25,17.25,33.0000000165,0
MLEC.US,5,20250908,203500,17.25,17.25,17.25,17.25,150.53333340860001,0
MLEC.US,5,20250908,204000,17.25,17.25,17.25,17.25,19.6666666765,0
MLEC.US,5,20250908,205500,17.55,17.55,17.4,17.4,34.0666666837,0
MLEC.US,5,20250908,212000,17.55,17.55,17.1,17.4,215.80000010790002,0
MLEC.US,5,20250908,212500,17.25,17.2515,17.25,17.2515,483.4666669084,0
MLEC.US,5,20250908,215000,17.25,17.4,16.5,17.046,1954.666667644,0
MLEC.US,5,20250908,215500,17.244,17.244,16.8,16.95,141.0666667372,0
MLEC.US,5,20250909,153000,17.4,17.4,17.25,17.25,69.8666667016,0
MLEC.US,5,20250909,154000,17.325,17.55,17.325,17.55,470.6000002353,0
MLEC.US,5,20250909,154500,17.2605,17.2605,17.2605,17.2605,6.666666670000001,0
MLEC.US,5,20250909,155500,17.4,17.4,17.4,17.4,6.666666670000001,0
MLEC.US,5,20250909,161000,17.475,17.475,17.475,17.475,24.666666679000002,0
MLEC.US,5,20250909,161500,17.55,17.55,17.55,17.55,6.666666670000001,0
MLEC.US,5,20250909,163000,17.55,17.7,17.55,17.7,94.6000000473,0
MLEC.US,5,20250909,165000,17.55,17.55,17.55,17.55,22.4000000112,0
MLEC.US,5,20250909,170000,17.7,17.7,17.679,17.679,13.333333340000001,0
MLEC.US,5,20250909,175000,17.55,17.625,17.55,17.625,66.6000000333,0
MLEC.US,5,20250909,180500,17.7,17.7,17.7,17.7,13.333333340000001,0
MLEC.US,5,20250909,182000,17.85,18,17.85,18,93.33333338,0
MLEC.US,5,20250909,182500,18,18,17.9865,18,569.0666669512,0
MLEC.US,5,20250909,193500,18,18,17.85,17.85,26.666666680000002,0
MLEC.US,5,20250909,194500,17.85,17.85,17.85,17.85,15.0000000075,0
MLEC.US,5,20250909,195500,18,18,18,18,58.666666696,0
MLEC.US,5,20250909,200500,18,18,18,18,33.333333350000004,0
MLEC.US,5,20250909,213000,17.85,17.85,17.7,17.7,41.2666666873,0
MLEC.US,5,20250909,213500,17.85,17.925,17.85,17.925,17.333333342,0
MLEC.US,5,20250909,214000,17.85,17.85,17.85,17.85,118.7333333927,0
MLEC.US,5,20250909,215000,17.85,17.85,17.85,17.85,20.00000001,0
MLEC.US,5,20250909,215500,17.85,17.85,17.7,17.7,25.4666666794,0
MLEC.US,5,20250910,153000,17.85,17.85,17.25,17.25,158.5333334126,0
MLEC.US,5,20250910,153500,17.625,17.625,17.625,17.625,28.800000014400002,0
MLEC.US,5,20250910,154000,17.55,18,17.55,17.55,65.0666666992,0
MLEC.US,5,20250910,155000,17.55,17.55,17.55,17.55,41.7333333542,0
MLEC.US,5,20250910,160500,17.625,18,17.4,18,79.1333333729,0
MLEC.US,5,20250910,161000,18.15,18.45,17.85,18.4485,997.6666671655,0
MLEC.US,5,20250910,161500,18.9,19.2,18.6,19.1865,896.2000004481,0
MLEC.US,5,20250910,162000,18.504,18.504,18.45,18.45,13.333333340000001,0
MLEC.US,5,20250910,170000,18.15,18.15,18.009,18.009,120.00000006,0
MLEC.US,5,20250910,171500,18,18.6,17.7,18.15,2366.5333345166,0
MLEC.US,5,20250910,172000,18.3,18.3,18.3,18.3,16.666666675000002,0
MLEC.US,5,20250910,174000,18.15,18.15,18.15,18.15,66.66666670000001,0
MLEC.US,5,20250910,174500,18.375,18.375,18.375,18.375,8.1333333374,0
MLEC.US,5,20250910,175000,18.3,18.3,18.3,18.3,13.333333340000001,0
MLEC.US,5,20250910,180500,18.45,18.7095,18.45,18.7095,56.666666695,0
MLEC.US,5,20250910,182500,18.7485,18.7485,18.7485,18.7485,33.333333350000004,0
MLEC.US,5,20250910,183000,18.525,18.75,18.525,18.747,702.666667018,0
MLEC.US,5,20250910,184000,18.525,18.525,18.525,18.525,25.6666666795,0
MLEC.US,5,20250910,185000,18.6,18.6,18.6,18.6,11.866666672600001,0
MLEC.US,5,20250910,185500,18.6,18.741,18.6,18.741,66.66666670000001,0
MLEC.US,5,20250910,190500,18.678,18.678,18.678,18.678,13.333333340000001,0
MLEC.US,5,20250910,193500,18.3015,18.3015,18.3015,18.3015,66.66666670000001,0
MLEC.US,5,20250910,200000,18.3,18.3,18.15,18.2985,153.33333341,0
MLEC.US,5,20250910,200500,18.15,18.15,18.075,18.075,82.9333333748,0
MLEC.US,5,20250910,203000,18.45,18.75,18.15,18.6,450.4666668919,0
MLEC.US,5,20250910,203500,18.6,18.6,18.6,18.6,24.000000012,0
MLEC.US,5,20250910,205500,18.5235,18.5235,18.5235,18.5235,8.000000004,0
MLEC.US,5,20250910,211500,18.45,18.75,18.45,18.45,266.8666668001,0
MLEC.US,5,20250910,213000,18.75,18.75,18.3,18.3,153.33333341,0
MLEC.US,5,20250910,214500,18.45,18.6,18.45,18.6,73.33333337,0
MLEC.US,5,20250910,215000,18.45,18.45,18.45,18.45,6.666666670000001,0
MLEC.US,5,20250910,215500,18.9,18.9,18.6,18.6,140.5333334036,0
MLEC.US,5,20250911,153000,19.5,20.844,19.5,20.1,147.333333407,0
MLEC.US,5,20250911,154000,18.927,19.35,18.075,18.3,874.0666671037001,0
MLEC.US,5,20250911,154500,18.15,18.3,18.15,18.1905,1210.7333339387,0
MLEC.US,5,20250911,155000,19.7985,19.7985,19.7985,19.7985,46.66666669,0
MLEC.US,5,20250911,155500,19.107,19.8,19.107,19.8,73.33333337,0
MLEC.US,5,20250911,160000,19.2,19.2,18.123,19.05,153.9333334103,0
MLEC.US,5,20250911,160500,19.9335,19.9335,19.05,19.2,267.4000001337,0
MLEC.US,5,20250911,161000,18.9,19.05,18.7485,18.75,66.5333333666,0
MLEC.US,5,20250911,162000,18.75,18.75,18.75,18.75,66.7333333667,0
MLEC.US,5,20250911,162500,18.663,18.75,18.663,18.75,49.0666666912,0
MLEC.US,5,20250911,164500,18.6,18.6015,18.6,18.6,373.33333352,0
MLEC.US,5,20250911,172000,18.6,18.6,18.3,18.3,122.9333333948,0
MLEC.US,5,20250911,172500,18.66,18.66,18.66,18.66,6.666666670000001,0
MLEC.US,5,20250911,182500,18.3,18.3,17.772,17.772,962.000000481,0
MLEC.US,5,20250911,183000,18.696,18.696,18.696,18.696,66.66666670000001,0
MLEC.US,5,20250911,184000,18.1005,18.1005,18.1005,18.1005,7.0000000035,0
MLEC.US,5,20250911,185500,18.165,18.6,18.165,18.6,106.7333333867,0
MLEC.US,5,20250911,192500,18.375,18.4485,18.375,18.4485,13.333333340000001,0
MLEC.US,5,20250911,194000,18.6,18.75,18.525,18.75,1004.1333338354,0
MLEC.US,5,20250911,201500,19.824,19.824,19.824,19.824,10.666666672,0
MLEC.US,5,20250911,204500,19.5,19.5,19.5,19.5,68.4000000342,0
MLEC.US,5,20250911,205000,19.125,19.125,19.125,19.125,53.333333360000005,0
MLEC.US,5,20250911,210500,18.9,18.9,18.75,18.9,68.4000000342,0
MLEC.US,5,20250911,212000,19.125,19.125,19.125,19.125,46.66666669,0
MLEC.US,5,20250911,212500,19.125,19.125,19.125,19.125,112.000000056,0
MLEC.US,5,20250911,213000,19.125,19.95,19.125,19.95,608.4000003042,0
MLEC.US,5,20250911,213500,20.0985,20.625,19.875,20.625,401.9333335343,0
MLEC.US,5,20250911,214000,20.4,20.847,20.4,20.4,205.93333343630002,0
MLEC.US,5,20250911,214500,20.85,20.85,20.4,20.8485,600.0000003,0
MLEC.US,5,20250911,215500,20.4,20.85,20.4,20.7,196.3333334315,0
MLEC.US,5,20250912,153000,20.7,21,20.7,21,73.0666667032,0
MLEC.US,5,20250912,153500,20.4,20.7,20.25,20.25,187.9333334273,0
MLEC.US,5,20250912,154000,19.725,20.1,19.5,19.65,559.1333336129001,0
MLEC.US,5,20250912,154500,19.503,19.575,18.75,19.275,1006.2000005031,0
MLEC.US,5,20250912,155500,19.755,20.7,19.35,20.025,1288.3333339775,0
MLEC.US,5,20250912,160000,20.55,20.55,20.088,20.25,366.66666685,0
MLEC.US,5,20250912,160500,20.4,20.4,20.4,20.4,146.66666674,0
MLEC.US,5,20250912,161000,19.5,19.5,19.4175,19.4175,73.33333337,0
MLEC.US,5,20250912,161500,20.4,20.4,19.935,19.935,140.00000007,0
MLEC.US,5,20250912,162500,20.403,20.5155,20.403,20.5155,73.33333337,0
MLEC.US,5,20250912,164000,20.1195,20.37,20.1195,20.37,73.33333337,0
MLEC.US,5,20250912,165000,19.8,19.8,19.8,19.8,6.666666670000001,0
MLEC.US,5,20250912,171500,19.95,19.95,19.95,19.95,13.333333340000001,0
MLEC.US,5,20250912,172000,19.95,19.95,19.95,19.95,6.666666670000001,0
MLEC.US,5,20250912,173500,20.025,20.025,19.53,19.68,115.7333333912,0
MLEC.US,5,20250912,175500,19.5015,19.5015,19.5015,19.5015,13.6000000068,0
MLEC.US,5,20250912,182500,19.65,19.65,19.5,19.5,71.6666667025,0
MLEC.US,5,20250912,183500,19.425,19.485,19.4025,19.485,51.333333359,0
MLEC.US,5,20250912,184000,19.35,19.35,19.35,19.35,13.6666666735,0
MLEC.US,5,20250912,185500,19.8,19.8,19.8,19.8,10.000000005,0
MLEC.US,5,20250912,191500,19.5,19.5,19.5,19.5,6.666666670000001,0
MLEC.US,5,20250912,201000,19.3725,19.5,19.3725,19.5,46.66666669,0
MLEC.US,5,20250912,201500,19.5,19.5,19.425,19.425,118.1333333924,0
MLEC.US,5,20250912,202000,19.65,20.1525,19.3515,19.548,40.00000002,0
MLEC.US,5,20250912,205000,19.65,19.65,19.35,19.5,133.33333340000001,0
MLEC.US,5,20250912,205500,19.2,19.35,18.813,19.2,529.5333335981001,0
MLEC.US,5,20250912,210000,19.5,21.75,19.5,20.4,705.0000003525,0
MLEC.US,5,20250912,210500,20.4,21.75,20.1015,20.271,681.3333336740001,0
MLEC.US,5,20250912,211000,20.25,20.25,20.25,20.25,6.666666670000001,0
MLEC.US,5,20250912,211500,20.1,20.55,20.1,20.4,33.333333350000004,0
MLEC.US,5,20250912,213000,19.5,19.8,19.35,19.425,166.66666675000002,0
MLEC.US,5,20250912,213500,19.5,19.8,19.275,19.8,73.33333337,0
MLEC.US,5,20250912,215000,20.1,21.15,20.1,20.7,284.00000014200003,0
MLEC.US,5,20250912,215500,20.475,20.7,20.2935,20.7,244.4000001222,0
MLEC.US,5,20250915,153000,20.4,20.4,20.25,20.4,40.8666666871,0
MLEC.US,5,20250915,153500,20.1,20.1,19.05,19.5,493.4666669134,0
MLEC.US,5,20250915,154500,20.1,20.1,20.1,20.1,27.5333333471,0
MLEC.US,5,20250915,155000,19.8,19.8,19.8,19.8,13.333333340000001,0
MLEC.US,5,20250915,160500,20.4,20.4,20.4,20.4,6.666666670000001,0
MLEC.US,5,20250915,162500,20.4,20.4,20.4,20.4,20.00000001,0
MLEC.US,5,20250915,172000,19.6515,19.6515,19.6515,19.6515,35.2666666843,0
MLEC.US,5,20250915,173000,19.83,19.95,19.83,19.95,14.2666666738,0
MLEC.US,5,20250915,182500,19.8,19.8,19.8,19.8,10.0666666717,0
MLEC.US,5,20250915,183000,19.8,19.8,19.8,19.8,6.666666670000001,0
MLEC.US,5,20250915,184000,19.725,19.725,19.725,19.725,20.00000001,0
MLEC.US,5,20250915,200500,19.8,19.944,19.8,19.944,13.333333340000001,0
MLEC.US,5,20250915,211500,19.7475,19.95,19.725,19.95,233.33333345,0
MLEC.US,5,20250915,212000,19.725,19.95,19.725,19.95,26.666666680000002,0
MLEC.US,5,20250916,153000,19.65,19.65,19.65,19.65,66.7333333667,0
MLEC.US,5,20250916,153500,19.65,19.65,19.5,19.5,296.3333334815,0
MLEC.US,5,20250916,154000,19.5,19.5,19.5,19.5,33.333333350000004,0
MLEC.US,5,20250916,155000,19.5,19.5,19.5,19.5,14.5333333406,0
MLEC.US,5,20250916,160000,19.35,19.35,19.05,19.2,20.00000001,0
MLEC.US,5,20250916,161000,19.245,19.245,19.245,19.245,6.666666670000001,0
MLEC.US,5,20250916,163000,19.083,19.083,19.083,19.083,6.666666670000001,0
MLEC.US,5,20250916,171000,19.2,19.2,19.2,19.2,100.00000005,0
MLEC.US,5,20250916,173000,19.2,19.35,19.2,19.35,30.4666666819,0
MLEC.US,5,20250916,174000,19.35,19.35,19.35,19.35,6.666666670000001,0
MLEC.US,5,20250916,180500,19.35,19.35,19.35,19.35,13.333333340000001,0
MLEC.US,5,20250916,182000,19.35,19.35,19.35,19.35,6.666666670000001,0
MLEC.US,5,20250916,192000,19.4115,19.4115,19.4115,19.4115,13.333333340000001,0
MLEC.US,5,20250916,195000,19.5,19.5,19.5,19.5,70.7333333687,0
MLEC.US,5,20250916,200000,19.5,19.5,19.425,19.425,73.0000000365,0
MLEC.US,5,20250916,201500,19.485,19.5,19.425,19.425,666.6666670000001,0
MLEC.US,5,20250916,202000,19.5,19.5,19.425,19.425,40.00000002,0
MLEC.US,5,20250916,202500,19.5,19.5,19.35,19.35,406.66666687000003,0
MLEC.US,5,20250916,203000,19.35,19.35,19.35,19.35,11.333333339000001,0
MLEC.US,5,20250916,205500,19.35,19.35,19.35,19.35,20.00000001,0
MLEC.US,5,20250916,210000,19.35,19.35,19.2,19.2,62.1333333644,0
MLEC.US,5,20250916,211000,19.05,19.2,18.75,18.75,1152.7333339097,0
MLEC.US,5,20250916,214500,19.2,19.2405,19.05,19.05,548.7333336077,0
MLEC.US,5,20250916,215500,19.05,19.05,19.05,19.05,6.666666670000001,0
MLEC.US,5,20250917,153000,18.75,19.05,18.75,19.05,414.8000002074,0
MLEC.US,5,20250917,162000,19.05,19.269,18.9,18.9,86.66666671,0
MLEC.US,5,20250917,162500,18.969,18.969,18.969,18.969,6.666666670000001,0
MLEC.US,5,20250917,172000,19.071,19.071,18.75,18.75,72.666666703,0
MLEC.US,5,20250917,172500,18.75,18.75,18.45,18.45,471.6666669025,0
MLEC.US,5,20250917,174500,18.75,18.75,18.75,18.75,13.333333340000001,0
MLEC.US,5,20250917,183000,18.9,18.9,18.75,18.75,13.333333340000001,0
MLEC.US,5,20250917,191000,18.7545,18.7545,18.6,18.6,109.2000000546,0
MLEC.US,5,20250917,195500,18.6,18.6,18.45,18.45,153.33333341,0
MLEC.US,5,20250917,201000,18.45,18.45,18.45,18.45,23.333333345,0
MLEC.US,5,20250917,210500,18.15,18.15,18.15,18.15,20.00000001,0
MLEC.US,5,20250917,211500,18.3,18.3,18.3,18.3,66.66666670000001,0
MLEC.US,5,20250917,212000,18.2175,18.3,18.2175,18.3,235.53333345110002,0
MLEC.US,5,20250917,212500,18.6,18.6,18.366,18.366,73.33333337,0
MLEC.US,5,20250917,215000,18.3,18.45,18.3,18.45,20.00000001,0
MLEC.US,5,20250917,215500,18.3,18.3,18.15,18.15,129.4666667314,0
MLEC.US,5,20250918,161500,18.45,18.9,18.45,18.45,284.5333334756,0
MLEC.US,5,20250918,162000,18.6,18.6,18.6,18.6,6.666666670000001,0
MLEC.US,5,20250918,163000,18.75,18.75,18.45,18.45,26.666666680000002,0
MLEC.US,5,20250918,163500,18.45,18.45,18.45,18.45,20.0666666767,0
MLEC.US,5,20250918,164000,18.45,18.45,18.45,18.45,13.400000006700001,0
MLEC.US,5,20250918,170000,18.75,19.05,18.225,18.411,462.666666898,0
MLEC.US,5,20250918,170500,18.15,18.45,18.15,18.45,71.8666667026,0
MLEC.US,5,20250918,172000,18.15,18.4005,18.15,18.4002,272.3333334695,0
MLEC.US,5,20250918,172500,18.1965,18.1965,18.1965,18.1965,20.00000001,0
MLEC.US,5,20250918,180500,18.6,18.6,18.6,18.6,20.4000000102,0
MLEC.US,5,20250918,184000,18.45,18.6,18.375,18.6,215.0666667742,0
MLEC.US,5,20250918,194000,18.6,18.6,18.3,18.3,617.2000003086,0
MLEC.US,5,20250918,194500,18.4935,18.4935,18.4935,18.4935,66.66666670000001,0
MLEC.US,5,20250918,200000,18.3,18.3,18,18.15,346.8000001734,0
MLEC.US,5,20250918,200500,18.264,18.264,18.264,18.264,6.666666670000001,0
MLEC.US,5,20250918,203000,18.15,18.15,17.85,17.85,676.4000003382,0
MLEC.US,5,20250918,210000,17.925,18,17.925,18,283.0000001415,0
MLEC.US,5,20250918,210500,17.9175,18,17.9175,18,50.266666691800005,0
MLEC.US,5,20250919,153000,18.15,18.8325,18.15,18.8325,13.6666666735,0
MLEC.US,5,20250919,153500,18.675,18.675,18.675,18.675,6.666666670000001,0
MLEC.US,5,20250919,154000,18.4425,18.4425,18.4425,18.4425,21.333333344,0
MLEC.US,5,20250919,154500,18.45,18.45,18.3,18.402,53.333333360000005,0
MLEC.US,5,20250919,155500,18.6,18.6,18.6,18.6,53.333333360000005,0
MLEC.US,5,20250919,163500,18.75,18.75,18.75,18.75,13.333333340000001,0
MLEC.US,5,20250919,165500,18.3,18.3,18.177,18.3,602.9333336348,0
MLEC.US,5,20250919,170500,18.45,18.45,18.45,18.45,13.333333340000001,0
MLEC.US,5,20250919,171500,18.3,18.3,18.3,18.3,10.000000005,0
MLEC.US,5,20250919,172000,18.15,18.15,18.15,18.15,13.7333333402,0
MLEC.US,5,20250919,172500,18.15,18.15,18.15,18.15,6.666666670000001,0
MLEC.US,5,20250919,173000,18.15,18.15,18.15,18.15,11.333333339000001,0
MLEC.US,5,20250919,174500,18.15,18.15,17.7,17.7,571.8000002859001,0
MLEC.US,5,20250919,175500,17.55,18,17.55,18,153.33333341,0
MLEC.US,5,20250919,180000,17.7,17.838,17.7,17.838,32.000000016,0
MLEC.US,5,20250919,182500,17.8545,17.8545,17.8545,17.8545,13.333333340000001,0
MLEC.US,5,20250919,183500,17.838,17.9985,17.838,17.9985,33.333333350000004,0
MLEC.US,5,20250919,184000,17.9985,17.9985,17.7,17.835,142.00000007100002,0
MLEC.US,5,20250919,185000,17.8425,17.8425,17.8425,17.8425,13.333333340000001,0
MLEC.US,5,20250919,190000,17.7,17.7,17.688,17.688,13.333333340000001,0
MLEC.US,5,20250919,191500,17.7,17.7,17.7,17.7,13.333333340000001,0
MLEC.US,5,20250919,193000,17.6925,17.7,17.6925,17.7,13.333333340000001,0
MLEC.US,5,20250919,200500,17.7,17.85,17.55,17.55,233.33333345,0
MLEC.US,5,20250919,202500,17.8305,17.8305,17.8305,17.8305,11.2000000056,0
MLEC.US,5,20250919,203500,17.7,17.7,17.7,17.7,6.666666670000001,0
MLEC.US,5,20250919,204000,17.55,17.7,17.55,17.7,737.6000003688,0
MLEC.US,5,20250919,204500,17.6025,17.6025,17.6025,17.6025,13.333333340000001,0
MLEC.US,5,20250919,210000,17.55,17.5515,16.2015,17.475,126.4666667299,0
MLEC.US,5,20250919,211500,17.475,17.55,17.4,17.55,209.66666677150002,0
MLEC.US,5,20250919,213500,17.7,17.7,17.7,17.7,33.333333350000004,0
MLEC.US,5,20250919,214500,17.6835,17.7,17.55,17.7,116.666666725,0
MLEC.US,5,20250919,215500,17.55,17.55,17.55,17.55,50.3333333585,0
MLEC.US,5,20250922,153500,18,18,18,18,6.666666670000001,0
MLEC.US,5,20250922,162500,18,18,18,18,13.333333340000001,0
MLEC.US,5,20250922,181000,18,18,17.7015,17.7015,339.0000001695,0
MLEC.US,5,20250922,181500,17.85,17.85,17.85,17.85,6.666666670000001,0
MLEC.US,5,20250922,200000,17.85,17.85,17.85,17.85,13.333333340000001,0
MLEC.US,5,20250922,200500,17.85,17.85,17.85,17.85,6.666666670000001,0
MLEC.US,5,20250922,204500,17.7,17.85,17.7,17.85,221.80000011090002,0
MLEC.US,5,20250922,212500,17.85,17.85,17.85,17.85,6.666666670000001,0
MLEC.US,5,20250922,213500,18,18.3,17.85,17.85,326.4000001632,0
MLEC.US,5,20250922,214000,18.15,18.15,18.15,18.15,100.00000005,0
MLEC.US,5,20250922,214500,18.15,18.15,18.15,18.15,33.333333350000004,0
MLEC.US,5,20250922,215000,18.15,18.15,18.15,18.15,66.66666670000001,0
MLEC.US,5,20250922,215500,18.15,18.15,18.15,18.15,37.0000000185,0
MLEC.US,5,20250923,165000,19.2,19.2,19.05,19.05,120.00000006,0
MLEC.US,5,20250923,171500,19.2,19.2,19.2,19.2,8.6000000043,0
MLEC.US,5,20250923,172000,18.9,19.047,18.9,19.047,43.6000000218,0
MLEC.US,5,20250923,173000,19.047,19.047,18.15,18.15,148.7333334077,0
MLEC.US,5,20250923,174000,18.75,18.75,18.75,18.75,20.00000001,0
MLEC.US,5,20250923,174500,18.9,18.9,18.9,18.9,18.3333333425,0
MLEC.US,5,20250923,175000,18.9045,18.9045,18.9045,18.9045,66.66666670000001,0
MLEC.US,5,20250923,182500,18.9,19.5,18.9,19.5,1457.4666673954,0
MLEC.US,5,20250923,185000,19.5,19.5,19.5,19.5,166.66666675000002,0
MLEC.US,5,20250923,191000,19.05,19.05,19.05,19.05,6.666666670000001,0
MLEC.US,5,20250923,194500,19.2375,19.2375,19.2375,19.2375,6.666666670000001,0
MLEC.US,5,20250923,195500,19.05,19.05,19.05,19.05,6.666666670000001,0
MLEC.US,5,20250923,201500,19.35,19.35,19.35,19.35,6.666666670000001,0
MLEC.US,5,20250923,205500,19.125,19.125,19.125,19.125,13.333333340000001,0
MLEC.US,5,20250923,210500,18.9,19.125,18.9,18.9,360.00000018000003,0
MLEC.US,5,20250923,211500,19.125,19.125,18.9,19.125,340.00000017,0
MLEC.US,5,20250923,212000,19.11,19.11,19.11,19.11,40.00000002,0
MLEC.US,5,20250923,212500,18.9,19.2,18.9,19.2,20.00000001,0
MLEC.US,5,20250923,214000,18.75,18.75,18.6,18.6,146.66666674,0
MLEC.US,5,20250923,214500,18.525,18.525,18.3,18.3,133.33333340000001,0
MLEC.US,5,20250923,215500,18.45,18.6,18.45,18.6,80.00000004,0
MLEC.US,5,20250924,153000,18.6,18.6,18.6,18.6,36.3333333515,0
MLEC.US,5,20250924,160500,19.2255,19.2255,18.75,18.75,13.333333340000001,0
MLEC.US,5,20250924,161000,19.35,19.35,18.75,18.75,13.333333340000001,0
MLEC.US,5,20250924,164000,18.9,18.9,18.9,18.9,6.666666670000001,0
MLEC.US,5,20250924,174500,18.6,18.6,18.6,18.6,53.333333360000005,0
MLEC.US,5,20250924,180500,18.6,18.6,18,18,160.00000008,0
MLEC.US,5,20250924,183000,18.0015,18.0015,18.0015,18.0015,9.800000004900001,0
MLEC.US,5,20250924,190500,18.375,18.375,18.375,18.375,40.00000002,0
MLEC.US,5,20250924,201000,18.75,18.75,18.75,18.75,6.666666670000001,0
MLEC.US,5,20250924,210000,18.438,18.438,18,18,36.666666685,0
MLEC.US,5,20250924,212000,18.3,18.3,18.3,18.3,6.666666670000001,0
MLEC.US,5,20250924,214500,18.3,18.3,18,18,98.60000004930001,0
MLEC.US,5,20250925,155000,19.032,19.032,19.032,19.032,16.666666675000002,0
MLEC.US,5,20250925,160000,18.3,18.3,18,18,26.4000000132,0
MLEC.US,5,20250925,160500,18.8205,18.8205,18,18,40.00000002,0
MLEC.US,5,20250925,161500,18.486,18.486,18.486,18.486,6.666666670000001,0
MLEC.US,5,20250925,162000,18.3,18.4215,18.075,18.4215,126.4000000632,0
MLEC.US,5,20250925,163500,18,18,18,18,6.666666670000001,0
MLEC.US,5,20250925,164500,18,18,18,18,6.666666670000001,0
MLEC.US,5,20250925,165000,18.2985,18.2985,18.2985,18.2985,20.00000001,0
MLEC.US,5,20250925,170500,17.7,18,17.55,18,96.20000004810001,0
MLEC.US,5,20250925,173000,17.775,17.775,17.775,17.775,8.000000004,0
MLEC.US,5,20250925,173500,17.55,17.55,17.55,17.55,13.333333340000001,0
MLEC.US,5,20250925,174000,17.7,17.8455,17.7,17.8455,40.00000002,0
MLEC.US,5,20250925,180000,17.8305,17.8305,17.55,17.55,66.66666670000001,0
MLEC.US,5,20250925,180500,17.5605,17.5605,17.5605,17.5605,33.333333350000004,0
MLEC.US,5,20250925,181000,17.55,17.55,17.4,17.4,537.7333336022,0
MLEC.US,5,20250925,184500,17.55,17.55,17.55,17.55,6.666666670000001,0
MLEC.US,5,20250925,185000,17.625,17.625,17.55,17.55,21.133333343900002,0
MLEC.US,5,20250925,185500,17.55,17.55,17.55,17.55,20.00000001,0
MLEC.US,5,20250925,190000,17.55,17.55,17.55,17.55,33.333333350000004,0
MLEC.US,5,20250925,193000,17.475,17.475,17.4,17.4,63.6000000318,0
MLEC.US,5,20250925,193500,17.4,17.4,17.4,17.4,6.666666670000001,0
MLEC.US,5,20250925,194000,17.4,17.4,17.1,17.1,75.6666667045,0
MLEC.US,5,20250925,195000,17.1,17.1,17.1,17.1,20.00000001,0
MLEC.US,5,20250925,195500,17.1,17.1,16.95,16.95,88.9333333778,0
MLEC.US,5,20250925,200000,16.95,16.95,16.95,16.95,33.333333350000004,0
MLEC.US,5,20250925,201500,16.95,16.95,16.875,16.875,203.33333343500001,0
MLEC.US,5,20250925,202000,17.2455,17.2455,17.2455,17.2455,6.666666670000001,0
MLEC.US,5,20250925,202500,17.091,17.091,17.091,17.091,6.666666670000001,0
MLEC.US,5,20250925,204000,17.25,17.25,16.95,17.1075,80.00000004,0
MLEC.US,5,20250925,204500,17.1615,17.175,17.1285,17.1615,32.666666683,0
MLEC.US,5,20250925,205500,17.25,17.25,17.1255,17.1255,140.00000007,0
MLEC.US,5,20250925,210000,17.1615,17.1615,17.1615,17.1615,13.333333340000001,0
MLEC.US,5,20250925,211000,17.4,17.4,17.325,17.325,19.333333343,0
MLEC.US,5,20250925,212000,17.1075,17.1075,17.1075,17.1075,6.666666670000001,0
MLEC.US,5,20250925,212500,17.4,17.4,17.4,17.4,6.666666670000001,0
MLEC.US,5,20250925,213000,17.25,17.25,17.241,17.241,13.333333340000001,0
MLEC.US,5,20250925,213500,17.3415,17.3415,17.1,17.25,49.333333358000004,0
MLEC.US,5,20250925,214000,17.4,17.4,17.1,17.1,18.1333333424,0
MLEC.US,5,20250925,214500,17.229,17.4,17.229,17.241,40.00000002,0
MLEC.US,5,20250925,215000,17.397,17.397,17.397,17.397,70.000000035,0
MLEC.US,5,20250925,215500,17.1,17.1,17.1,17.1,59.6666666965,0
MLEC.US,5,20250926,153000,17.1,17.1,17.1,17.1,150.3333334085,0
MLEC.US,5,20250926,153500,17.4,17.4,17.4,17.4,6.666666670000001,0
MLEC.US,5,20250926,155500,17.3445,17.3445,17.3445,17.3445,10.000000005,0
MLEC.US,5,20250926,160500,17.25,17.25,17.25,17.25,28.666666681000002,0
MLEC.US,5,20250926,162500,17.4,17.4,17.4,17.4,6.666666670000001,0
MLEC.US,5,20250926,164500,17.364,17.4,17.364,17.4,33.333333350000004,0
MLEC.US,5,20250926,165000,17.1,17.25,17.1,17.1,96.3333333815,0
MLEC.US,5,20250926,165500,17.247,17.247,17.175,17.175,31.266666682300002,0
MLEC.US,5,20250926,170500,17.1015,17.175,17.1015,17.175,26.666666680000002,0
MLEC.US,5,20250926,171500,17.175,17.175,17.175,17.175,6.666666670000001,0
MLEC.US,5,20250926,172500,17.25,17.25,17.25,17.25,6.666666670000001,0
MLEC.US,5,20250926,174000,17.397,17.397,17.166,17.166,60.666666697000004,0
MLEC.US,5,20250926,175000,17.4,17.4,17.4,17.4,13.333333340000001,0
MLEC.US,5,20250926,181500,17.1,17.3985,17.1,17.241,20.00000001,0
MLEC.US,5,20250926,182000,17.205,17.205,17.205,17.205,6.666666670000001,0
MLEC.US,5,20250926,183500,17.388,17.388,17.388,17.388,20.00000001,0
MLEC.US,5,20250926,184500,17.1,17.4,17.1,17.4,37.666666685500005,0
MLEC.US,5,20250926,185000,17.1,17.3985,17.1,17.3985,13.333333340000001,0
MLEC.US,5,20250926,190500,17.241,17.397,17.1,17.397,20.00000001,0
MLEC.US,5,20250926,191000,17.3985,17.3985,17.3985,17.3985,18.666666676000002,0
MLEC.US,5,20250926,195500,17.1,17.1,16.95,16.95,113.33333339,0
MLEC.US,5,20250926,201500,17.25,17.25,17.25,17.25,6.666666670000001,0
MLEC.US,5,20250926,204500,17.328,17.328,17.328,17.328,6.666666670000001,0
MLEC.US,5,20250926,205000,17.361,17.361,16.95,16.95,93.33333338,0
MLEC.US,5,20250926,205500,17.1,17.1,17.1,17.1,13.333333340000001,0
MLEC.US,5,20250926,210500,16.95,16.95,16.95,16.95,53.333333360000005,0
MLEC.US,5,20250926,211000,16.95,17.025,16.65,17.025,393.33333353,0
MLEC.US,5,20250926,213500,17.025,17.025,17.025,17.025,6.666666670000001,0
MLEC.US,5,20250926,214500,16.8,17.0985,16.65,17.0985,140.00000007,0
MLEC.US,5,20250929,153500,16.95,17.1,16.95,17.1,13.333333340000001,0
MLEC.US,5,20250929,154000,16.95,16.95,16.8,16.8,35.6666666845,0
MLEC.US,5,20250929,155000,16.8,16.8,16.65,16.65,158.666666746,0
MLEC.US,5,20250929,155500,16.65,16.65,16.5,16.5,100.00000005,0
MLEC.US,5,20250929,161000,16.725,16.725,16.725,16.725,13.333333340000001,0
MLEC.US,5,20250929,161500,16.725,16.8,16.5,16.5,194.5333334306,0
MLEC.US,5,20250929,162500,16.575,16.575,16.575,16.575,6.666666670000001,0
MLEC.US,5,20250929,165500,16.575,16.575,16.575,16.575,6.666666670000001,0
MLEC.US,5,20250929,173500,16.575,16.575,16.575,16.575,20.00000001,0
MLEC.US,5,20250929,174000,16.575,16.65,16.575,16.575,53.333333360000005,0
MLEC.US,5,20250929,175500,16.5,16.65,16.5,16.65,67.26666670030001,0
MLEC.US,5,20250929,180000,16.5525,16.5525,16.5525,16.5525,6.666666670000001,0
MLEC.US,5,20250929,181000,16.5,16.5,16.05,16.1985,732.8666670331,0
MLEC.US,5,20250929,181500,16.2,16.2,16.125,16.2,70.6000000353,0
MLEC.US,5,20250929,182500,16.197,16.197,16.05,16.125,120.00000006,0
MLEC.US,5,20250929,183500,16.185,16.185,16.185,16.185,6.666666670000001,0
MLEC.US,5,20250929,184500,16.182,16.182,16.1205,16.125,20.00000001,0
MLEC.US,5,20250929,185000,16.05,16.125,16.05,16.05,93.33333338,0
MLEC.US,5,20250929,185500,16.125,16.125,16.125,16.125,6.666666670000001,0
MLEC.US,5,20250929,190500,16.125,16.125,16.125,16.125,6.666666670000001,0
MLEC.US,5,20250929,193000,16.1865,16.1865,16.125,16.125,33.2000000166,0
MLEC.US,5,20250929,194000,16.167,16.1955,16.05,16.1955,153.9333334103,0
MLEC.US,5,20250929,195500,16.05,16.05,16.05,16.05,40.733333353700004,0
MLEC.US,5,20250929,201000,15.9,15.9,15.9,15.9,63.333333365,0
MLEC.US,5,20250929,201500,15.975,15.975,15.975,15.975,6.666666670000001,0
MLEC.US,5,20250929,202500,15.9,15.9975,15.9,15.975,105.46666671940001,0
MLEC.US,5,20250929,204500,15.975,16.1985,15.975,16.1985,53.933333360300004,0
MLEC.US,5,20250929,205000,16.05,16.05,16.05,16.05,20.00000001,0
MLEC.US,5,20250929,210500,16.1835,16.1955,16.1835,16.1955,13.333333340000001,0
MLEC.US,5,20250929,212500,16.125,16.2,16.125,16.1865,99.0000000495,0
MLEC.US,5,20250929,213000,16.125,16.125,16.125,16.125,13.333333340000001,0
MLEC.US,5,20250929,215000,16.125,16.125,16.125,16.125,66.66666670000001,0
MLEC.US,5,20250930,153000,16.2,16.6815,15.75,16.6815,173.33333342,0
MLEC.US,5,20250930,153500,16.275,16.275,15.75,15.75,26.666666680000002,0
MLEC.US,5,20250930,154500,16.215,16.215,15.9,16.05,115.0666667242,0
MLEC.US,5,20250930,161000,15.975,15.975,15.975,15.975,13.333333340000001,0
MLEC.US,5,20250930,161500,16.2,16.2,16.2,16.2,6.666666670000001,0
MLEC.US,5,20250930,162000,16.2,16.2,16.2,16.2,13.333333340000001,0
MLEC.US,5,20250930,162500,15.975,16.2,15.975,16.2,20.00000001,0
MLEC.US,5,20250930,164500,15.9,15.9,15.6,15.6075,505.06666691920003,0
MLEC.US,5,20250930,171500,15.603,15.615,15.3,15.4575,448.4000002242,0
MLEC.US,5,20250930,172000,15.6405,15.6405,15.6405,15.6405,33.333333350000004,0
MLEC.US,5,20250930,174000,15.6,15.6,15.6,15.6,6.666666670000001,0
MLEC.US,5,20250930,175000,15.7485,15.7485,15.6,15.6,77.8666667056,0
MLEC.US,5,20250930,180000,15.45,15.45,15.3,15.3,84.1333333754,0
MLEC.US,5,20250930,182000,15.4395,15.4485,15.375,15.4485,133.33333340000001,0
MLEC.US,5,20250930,182500,15.15,15.3,15.15,15.15,30.000000015,0
MLEC.US,5,20250930,183000,15.15,15.1515,14.631,14.784,929.8666671316,0
MLEC.US,5,20250930,183500,14.7,14.7,14.7,14.7,20.00000001,0
MLEC.US,5,20250930,184000,14.7015,15.1935,14.7015,15.1935,131.333333399,0
MLEC.US,5,20250930,184500,15.075,15.075,15.075,15.075,10.5333333386,0
MLEC.US,5,20250930,185000,15.2955,15.2955,14.8635,14.9235,220.2000001101,0
MLEC.US,5,20250930,185500,14.997,14.9985,14.9505,14.9505,20.00000001,0
MLEC.US,5,20250930,190000,14.925,14.925,14.8508,14.8515,80.00000004,0
MLEC.US,5,20250930,190500,14.8515,14.8515,14.8515,14.8515,13.333333340000001,0
MLEC.US,5,20250930,191500,15,15,15,15,86.1333333764,0
MLEC.US,5,20250930,192500,15.6,15.6,15.6,15.6,6.666666670000001,0
MLEC.US,5,20250930,200000,15.3,15.3,15.15,15.15,26.666666680000002,0
MLEC.US,5,20250930,200500,15.3735,15.3735,15.3735,15.3735,10.000000005,0
MLEC.US,5,20250930,201000,15.03,15.15,14.6332,14.691,417.93333354230003,0
MLEC.US,5,20250930,202500,14.7015,14.7015,14.7015,14.7015,38.3333333525,0
MLEC.US,5,20250930,203500,15.048,15.048,15.0435,15.0435,100.00000005,0
MLEC.US,5,20250930,205500,15.1485,15.1485,14.7,14.7,73.33333337,0
MLEC.US,5,20250930,212000,15.15,15.15,15.15,15.15,6.666666670000001,0
MLEC.US,5,20250930,213500,15.2985,15.2985,15.2985,15.2985,333.33333350000004,0
MLEC.US,5,20250930,215000,15.144,15.144,14.718,14.718,86.66666671,0
MLEC.US,5,20250930,215500,14.7045,14.709,14.7045,14.709,26.666666680000002,0
MLEC.US,5,20251001,153000,15.3,15.45,15.15,15.15,438.4666668859,0
MLEC.US,5,20251001,161500,15.3945,15.3945,15.3945,15.3945,66.66666670000001,0
MLEC.US,5,20251001,162500,15.15,15.15,15,15,278.1333334724,0
MLEC.US,5,20251001,163000,15,15,14.481,14.481,54.4666666939,0
MLEC.US,5,20251001,163500,14.2515,14.7,14.2515,14.325,987.8000004939,0
MLEC.US,5,20251001,164000,14.34,14.34,14.34,14.34,23.133333344900002,0
MLEC.US,5,20251001,164500,14.34,14.34,14.133,14.133,153.33333341,0
MLEC.US,5,20251001,165000,14.1735,14.1735,14.1735,14.1735,6.666666670000001,0
MLEC.US,5,20251001,165500,14.175,14.175,14.175,14.175,13.333333340000001,0
MLEC.US,5,20251001,170000,14.1765,14.178,14.1765,14.178,16.666666675000002,0
MLEC.US,5,20251001,170500,14.178,14.2005,14.1765,14.2005,79.2000000396,0
MLEC.US,5,20251001,171000,14.1855,14.1855,13.8,13.8,200.0000001,0
MLEC.US,5,20251001,171500,13.8015,13.9485,13.5525,13.5525,599.2666669663,0
MLEC.US,5,20251001,172000,13.5735,13.575,13.2,13.3065,837.6000004188,0
MLEC.US,5,20251001,172500,13.3065,13.416,13.287,13.305,573.6000002868,0
MLEC.US,5,20251001,173000,13.263,13.311,13.263,13.287,665.8666669996,0
MLEC.US,5,20251001,173500,13.446,13.4535,13.323,13.323,46.66666669,0
MLEC.US,5,20251001,174000,13.3125,13.3125,13.3125,13.3125,60.2666666968,0
MLEC.US,5,20251001,174500,13.35,13.35,13.263,13.2645,314.4000001572,0
MLEC.US,5,20251001,175500,13.275,13.275,13.275,13.275,20.00000001,0
MLEC.US,5,20251001,180000,13.326,13.3335,13.281,13.281,116.8000000584,0
MLEC.US,5,20251001,180500,13.2765,13.3875,13.275,13.3875,659.2000003296,0
MLEC.US,5,20251001,181000,13.434,13.497,13.434,13.4355,26.666666680000002,0
MLEC.US,5,20251001,181500,13.434,13.434,13.392,13.392,13.333333340000001,0
MLEC.US,5,20251001,182000,13.3515,13.3515,13.3515,13.3515,6.666666670000001,0
MLEC.US,5,20251001,184000,13.422,13.422,13.422,13.422,6.666666670000001,0
MLEC.US,5,20251001,184500,13.4002,13.4002,13.38,13.38,180.5333334236,0
MLEC.US,5,20251001,185500,13.38,13.3815,13.38,13.3815,40.00000002,0
MLEC.US,5,20251001,190000,13.3815,13.3815,13.3815,13.3815,141.93333340430001,0
MLEC.US,5,20251001,191500,13.4002,13.4002,13.4002,13.4002,30.1333333484,0
MLEC.US,5,20251001,193500,14.6865,14.6865,14.6865,14.6865,21.6666666775,0
MLEC.US,5,20251001,194500,13.5765,13.5765,13.5765,13.5765,7.5333333371,0
MLEC.US,5,20251001,200000,13.62,13.62,13.62,13.62,11.2666666723,0
MLEC.US,5,20251001,202000,13.839,14.1382,13.839,14.1382,19.9333333433,0
MLEC.US,5,20251001,203000,13.95,13.95,13.95,13.95,10.666666672,0
MLEC.US,5,20251001,214000,14.202,14.202,14.202,14.202,129.8666667316,0
MLEC.US,5,20251001,214500,13.701,13.701,13.641,13.641,13.7333333402,0
MLEC.US,5,20251001,215500,13.9515,13.9515,13.9515,13.9515,73.33333337,0
MLEC.US,5,20251002,153000,14.6505,14.6985,14.6505,14.6505,147.0000000735,0
MLEC.US,5,20251002,154000,14.2095,14.2095,14.2095,14.2095,7.5333333371,0
MLEC.US,5,20251002,155000,14.1,14.1,14.1,14.1,32.5333333496,0
MLEC.US,5,20251002,160500,14.4,14.484,14.4,14.484,62.866666698100005,0
MLEC.US,5,20251002,161500,14.193,14.25,14.193,14.25,73.33333337,0
MLEC.US,5,20251002,162500,14.1015,14.106,13.1595,13.3545,460.6000002303,0
MLEC.US,5,20251002,163000,13.5255,13.5255,13.437,13.5255,26.666666680000002,0
MLEC.US,5,20251002,163500,13.524,13.524,13.524,13.524,31.5333333491,0
MLEC.US,5,20251002,172000,14.0985,14.0985,14.0977,14.0977,73.33333337,0
MLEC.US,5,20251002,175500,14.0977,14.0977,14.0977,14.0977,66.66666670000001,0
MLEC.US,5,20251002,180000,14.2455,14.2455,14.2455,14.2455,20.00000001,0
MLEC.US,5,20251002,183500,14.244,14.244,14.244,14.244,13.333333340000001,0
MLEC.US,5,20251002,190500,14.1345,14.1345,14.1345,14.1345,179.2000000896,0
MLEC.US,5,20251002,193500,14.1345,14.244,14.1345,14.244,40.00000002,0
MLEC.US,5,20251002,201000,13.95,14.2095,13.95,13.9695,233.33333345,0
MLEC.US,5,20251002,201500,13.9695,13.9695,13.9695,13.9695,30.666666682000002,0
MLEC.US,5,20251002,211000,14.244,14.244,14.244,14.244,6.666666670000001,0
MLEC.US,5,20251003,153000,14.85,14.85,13.998,13.998,95.7333333812,0
MLEC.US,5,20251003,153500,14.2845,14.2845,14.2845,14.2845,6.666666670000001,0
MLEC.US,5,20251003,154500,14.4,14.4,14.4,14.4,6.666666670000001,0
MLEC.US,5,20251003,160000,14.4,14.6985,14.4,14.6985,21.0000000105,0
MLEC.US,5,20251003,161000,14.7,14.7,14.7,14.7,70.8000000354,0
MLEC.US,5,20251003,162000,14.142,14.142,14.142,14.142,66.66666670000001,0
MLEC.US,5,20251003,163000,14.664,14.6985,14.664,14.6985,33.333333350000004,0
MLEC.US,5,20251003,164000,14.55,14.55,14.2582,14.2582,21.333333344,0
MLEC.US,5,20251003,165000,14.2582,14.2582,14.2582,14.2582,40.00000002,0
MLEC.US,5,20251003,170000,14.4,14.4137,14.3947,14.4137,95.4000000477,0
MLEC.US,5,20251003,175000,14.25,14.25,14.25,14.25,13.333333340000001,0
MLEC.US,5,20251003,184000,14.2395,14.2395,13.9665,13.9665,516.4666669249,0
MLEC.US,5,20251003,185000,14.2582,14.2582,13.9665,13.9665,196.666666765,0
MLEC.US,5,20251003,190000,14.25,14.25,14.25,14.25,186.66666676,0
MLEC.US,5,20251003,192000,13.9665,13.9665,13.95,13.95,780.00000039,0
MLEC.US,5,20251003,200000,13.95,14.175,13.95,14.175,333.33333350000004,0
MLEC.US,5,20251003,211500,14.0566,14.0566,13.95,13.95,86.66666671,0
MLEC.US,5,20251006,153000,14.1765,14.1765,13.8705,13.8705,175.0666667542,0
MLEC.US,5,20251006,160000,14.2365,14.2365,14.2365,14.2365,22.000000011,0
MLEC.US,5,20251006,161500,14.3962,14.3962,13.944,13.9447,35.6000000178,0
MLEC.US,5,20251006,165500,14.0122,14.013,14.0122,14.013,13.333333340000001,0
MLEC.US,5,20251006,170500,13.65,13.974,13.65,13.9455,93.33333338,0
MLEC.US,5,20251006,171000,13.8,13.8,13.8,13.8,6.666666670000001,0
MLEC.US,5,20251006,171500,13.8,13.8,13.8,13.8,22.3333333445,0
MLEC.US,5,20251006,172000,13.95,13.95,13.95,13.95,26.666666680000002,0
MLEC.US,5,20251006,172500,14.031,14.031,13.65,13.65,266.66666680000003,0
MLEC.US,5,20251006,175000,13.65,13.65,13.65,13.65,33.333333350000004,0
MLEC.US,5,20251006,181500,13.875,13.875,13.875,13.875,9.0666666712,0
MLEC.US,5,20251006,192000,14.0955,14.0955,14.0955,14.0955,6.666666670000001,0
MLEC.US,5,20251006,193000,13.6725,13.6725,13.6725,13.6725,10.000000005,0
MLEC.US,5,20251006,203000,13.884,13.884,13.884,13.884,6.666666670000001,0
MLEC.US,5,20251006,212500,13.884,13.884,13.6725,13.6725,126.66666673,0
MLEC.US,5,20251006,213000,13.884,13.884,13.884,13.884,14.333333340500001,0
MLEC.US,5,20251006,215000,14.0955,14.0955,14.0955,14.0955,33.333333350000004,0
MLEC.US,5,20251007,153000,14.3909,14.3909,13.8045,13.8045,89.6000000448,0
MLEC.US,5,20251007,161000,13.6515,13.77,13.6515,13.77,44.666666689,0
MLEC.US,5,20251007,164000,13.8,13.8,13.8,13.8,12.000000006,0
MLEC.US,5,20251007,164500,13.9455,13.9455,13.665,13.6755,91.26666671230001,0
MLEC.US,5,20251007,165500,13.6695,13.947,13.6515,13.6515,36.666666685,0
MLEC.US,5,20251007,175500,13.785,13.785,13.6515,13.6545,122.8000000614,0
MLEC.US,5,20251007,180000,13.7998,13.7998,13.7998,13.7998,7.2000000036000005,0
MLEC.US,5,20251007,181000,13.7265,13.7265,13.7265,13.7265,13.333333340000001,0
MLEC.US,5,20251007,183500,13.7265,13.7265,13.7265,13.7265,6.666666670000001,0
MLEC.US,5,20251007,185500,13.761,13.761,13.425,13.425,564.666666949,0
MLEC.US,5,20251007,190000,13.4325,13.4325,13.398,13.398,99.7333333832,0
MLEC.US,5,20251007,191500,13.824,13.824,13.824,13.824,20.1333333434,0
MLEC.US,5,20251007,194500,13.4625,13.5,12.507,12.6435,1166.4666672499,0
MLEC.US,5,20251007,195000,12.687,12.732,12.6435,12.6877,118.0666667257,0
MLEC.US,5,20251007,200500,13.1167,13.1167,13.1167,13.1167,6.666666670000001,0
MLEC.US,5,20251007,201000,13.443,13.443,13.116,13.116,13.333333340000001,0
MLEC.US,5,20251007,201500,13.1805,13.1805,12.6285,12.675,576.3333336215001,0
MLEC.US,5,20251007,202000,12.7485,12.768,12.675,12.768,129.6000000648,0
MLEC.US,5,20251007,202500,12.7575,12.7575,12.7155,12.7155,128.3333333975,0
MLEC.US,5,20251007,204000,13.1865,13.1865,13.1865,13.1865,6.666666670000001,0
MLEC.US,5,20251007,210500,13.1865,13.1865,12.9,12.9,306.66666682,0
MLEC.US,5,20251007,212000,13.2615,13.2615,13.2615,13.2615,20.00000001,0
MLEC.US,5,20251007,213000,13.044,13.044,13.044,13.044,6.666666670000001,0
MLEC.US,5,20251007,215500,12.8295,13.0498,12.507,12.54,684.2666670088,0
MLEC.US,5,20251008,153000,12.45,12.6075,12.45,12.54,379.4666668564,0
MLEC.US,5,20251008,153500,12.75,12.75,12.555,12.555,80.4666667069,0
MLEC.US,5,20251008,154000,12.54,12.54,12.54,12.54,69.5333333681,0
MLEC.US,5,20251008,154500,12.54,12.54,12.3,12.3,206.6000001033,0
MLEC.US,5,20251008,155000,12.4215,12.4215,12.4215,12.4215,6.666666670000001,0
MLEC.US,5,20251008,155500,12.3,12.3,12.3,12.3,6.666666670000001,0
MLEC.US,5,20251008,160000,12.3,12.3,12.012,12.1132,500.9333335838,0
MLEC.US,5,20251008,160500,12,12.0015,11.973,11.973,378.73333352270004,0
MLEC.US,5,20251008,161000,11.865,11.865,11.7,11.7015,546.8666669401,0
MLEC.US,5,20251008,161500,11.7375,11.7375,11.2755,11.2755,1045.6000005228,0
MLEC.US,5,20251008,162000,11.2755,11.3854,11.2755,11.3325,350.000000175,0
MLEC.US,5,20251008,162500,11.3325,12,11.3325,12,138.4666667359,0
MLEC.US,5,20251008,163000,11.7292,11.73,11.7292,11.73,33.333333350000004,0
MLEC.US,5,20251008,163500,11.85,11.85,11.85,11.85,13.333333340000001,0
MLEC.US,5,20251008,164000,11.85,11.8515,11.73,11.73,23.4000000117,0
MLEC.US,5,20251008,164500,11.7315,11.7315,11.7315,11.7315,20.00000001,0
MLEC.US,5,20251008,165000,11.802,11.85,11.802,11.85,64.000000032,0
MLEC.US,5,20251008,165500,11.91,11.91,11.8815,11.886,53.333333360000005,0
MLEC.US,5,20251008,170000,11.55,11.6085,11.4615,11.4615,97.2000000486,0
MLEC.US,5,20251008,170500,11.466,11.55,11.4585,11.55,488.6000002443,0
MLEC.US,5,20251008,171500,11.4757,11.4757,11.4757,11.4757,158.8666667461,0
MLEC.US,5,20251008,172000,11.4015,11.4015,11.325,11.325,333.1333334999,0
MLEC.US,5,20251008,175000,11.5485,11.5485,11.4487,11.4487,59.466666696400004,0
MLEC.US,5,20251008,180500,11.5185,11.5185,11.37,11.37,421.333333544,0
MLEC.US,5,20251008,181000,11.4,11.4,11.34,11.3415,172.000000086,0
MLEC.US,5,20251008,181500,11.34,11.6625,11.325,11.6625,289.4666668114,0
MLEC.US,5,20251008,183500,11.6775,11.6775,11.6775,11.6775,8.6000000043,0
MLEC.US,5,20251008,184000,11.6775,11.6775,11.6775,11.6775,40.4666666869,0
MLEC.US,5,20251008,184500,11.85,11.85,11.85,11.85,106.2000000531,0
MLEC.US,5,20251008,185500,11.8312,11.832,11.8305,11.832,279.1333334729,0
MLEC.US,5,20251008,190000,12,12,11.9985,11.9985,333.33333350000004,0
MLEC.US,5,20251008,190500,11.9985,12,11.988,12,283.333333475,0
MLEC.US,5,20251008,191500,11.85,11.9592,11.85,11.9592,20.00000001,0
MLEC.US,5,20251008,192500,11.9565,11.9565,11.9565,11.9565,26.666666680000002,0
MLEC.US,5,20251008,193500,11.829,11.829,11.829,11.829,6.666666670000001,0
MLEC.US,5,20251008,195500,11.7615,11.7615,11.7015,11.7615,283.7333334752,0
MLEC.US,5,20251008,200000,11.8215,11.8215,11.8215,11.8215,22.200000011100002,0
MLEC.US,5,20251008,200500,11.751,11.751,11.7465,11.7465,74.2000000371,0
MLEC.US,5,20251008,201000,11.7465,11.7465,11.7465,11.7465,110.666666722,0
MLEC.US,5,20251008,201500,11.85,11.85,11.7,11.7,106.66666672000001,0
MLEC.US,5,20251008,202500,11.7,11.7,11.7,11.7,66.66666670000001,0
MLEC.US,5,20251008,204500,11.775,11.775,11.775,11.775,9.1333333379,0
MLEC.US,5,20251008,205000,11.7015,11.775,11.7,11.775,491.4666669124,0
MLEC.US,5,20251008,211500,11.8875,11.8875,11.8875,11.8875,39.200000019600004,0
MLEC.US,5,20251008,212500,11.8875,11.8875,11.8875,11.8875,13.333333340000001,0
MLEC.US,5,20251008,213500,11.8875,11.8875,11.8875,11.8875,200.0000001,0
MLEC.US,5,20251009,153000,12,13.065,12,12,738.0000003690001,0
MLEC.US,5,20251009,153500,12.015,12.123,11.886,11.886,793.4000003967,0
MLEC.US,5,20251009,154000,12.1215,12.1215,12.1215,12.1215,10.2666666718,0
MLEC.US,5,20251009,154500,12.1215,12.1215,12.1215,12.1215,40.00000002,0
MLEC.US,5,20251009,155000,12.174,12.174,12.174,12.174,42.4666666879,0
MLEC.US,5,20251009,155500,11.898,11.898,11.898,11.898,42.7333333547,0
MLEC.US,5,20251009,160500,12.414,12.414,12.414,12.414,6.666666670000001,0
MLEC.US,5,20251009,161000,12.6963,12.6963,12.6963,12.6963,33.333333350000004,0
MLEC.US,5,20251009,161500,12.0405,12.0405,11.9265,11.9265,43.7333333552,0
MLEC.US,5,20251009,162000,11.94,12.12,11.9025,11.9025,324.666666829,0
MLEC.US,5,20251009,162500,11.901,11.901,11.901,11.901,30.5333333486,0
MLEC.US,5,20251009,163000,11.901,11.901,11.901,11.901,86.66666671,0
MLEC.US,5,20251009,163500,11.898,11.901,11.898,11.901,74.06666670370001,0
MLEC.US,5,20251009,164000,11.9025,11.9025,11.9025,11.9025,47.2666666903,0
MLEC.US,5,20251009,164500,11.901,12.0465,11.8965,12,2640.5333346536,0
MLEC.US,5,20251009,165500,12,12.3,11.904,11.9745,1531.9333340993,0
MLEC.US,5,20251009,170500,12,12.0195,11.9955,12.0195,140.73333340370002,0
MLEC.US,5,20251009,171000,12.0202,12.171,11.997,12,700.00000035,0
MLEC.US,5,20251009,171500,12.3,12.348,12,12.198,1492.2666674128,0
MLEC.US,5,20251009,172000,12.2025,12.2722,12.2025,12.2722,66.66666670000001,0
MLEC.US,5,20251009,172500,12.162,12.162,12.162,12.162,102.7333333847,0
MLEC.US,5,20251009,173000,12.2685,12.2685,12.2685,12.2685,14.0666666737,0
MLEC.US,5,20251009,173500,12.24,12.24,12.24,12.24,40.00000002,0
MLEC.US,5,20251009,174000,12.246,12.3157,12.2385,12.3135,246.66666679,0
MLEC.US,5,20251009,174500,12.237,12.3,12,12.0075,1507.4666674204,0
MLEC.US,5,20251009,175000,12.075,12.075,12.075,12.075,8.000000004,0
MLEC.US,5,20251009,175500,11.904,11.904,11.904,11.904,6.666666670000001,0
MLEC.US,5,20251009,180000,12.03,12.03,12.0015,12.0015,60.00000003,0
MLEC.US,5,20251009,181500,12.0075,12.0075,12.0075,12.0075,95.2000000476,0
MLEC.US,5,20251009,182000,12.0555,13.347,12.0075,12.153,929.6666671315,0
MLEC.US,5,20251009,182500,12.153,12.75,12.153,12.75,98.66666671600001,0
MLEC.US,5,20251009,183500,12.75,12.75,12.45,12.75,181.26666675730002,0
MLEC.US,5,20251009,185000,12.6,12.6,12.6,12.6,100.00000005,0
MLEC.US,5,20251009,190000,12.5985,12.5985,12.5985,12.5985,26.666666680000002,0
MLEC.US,5,20251009,193000,12.5985,12.5985,12.3825,12.3825,186.66666676,0
MLEC.US,5,20251009,194000,12.3,12.3,12.3,12.3,86.66666671,0
MLEC.US,5,20251009,194500,12.381,12.381,12.165,12.165,130.000000065,0
MLEC.US,5,20251009,204000,12.5985,12.5985,12.5985,12.5985,79.333333373,0
MLEC.US,5,20251009,205500,12.39,12.4656,12.174,12.174,1178.9333339228,0
MLEC.US,5,20251009,210000,12.198,12.363,12.1575,12.1635,593.0000002965,0
MLEC.US,5,20251009,210500,12.1635,12.165,12.1635,12.165,86.93333337680001,0
MLEC.US,5,20251009,211500,12.6,12.6,12.3997,12.5145,200.6000001003,0
MLEC.US,5,20251009,213000,12.3,12.3,12.195,12.195,719.7333336932,0
MLEC.US,5,20251009,214000,12.3,12.3975,12.225,12.3975,444.5333335556,0
MLEC.US,5,20251009,215000,12.5146,12.6,12.195,12.2272,981.3333338240001,0
MLEC.US,5,20251009,215500,12.435,12.483,12.195,12.3,161.8000000809,0
MLEC.US,5,20251010,153000,12.546,13.7835,12.546,12.6,354.4000001772,0
MLEC.US,5,20251010,154500,12.6,12.756,12.6,12.6,53.933333360300004,0
MLEC.US,5,20251010,155000,12.5789,12.6,12.3,12.3,382.0666668577,0
MLEC.US,5,20251010,155500,12.6075,12.7725,12.03,12.045,380.0666668567,0
MLEC.US,5,20251010,160000,12.675,12.675,12.075,12.075,76.666666705,0
MLEC.US,5,20251010,160500,12.1545,12.5625,12.075,12.5625,327.0666668302,0
MLEC.US,5,20251010,161000,12.6,12.6,12.6,12.6,66.4000000332,0
MLEC.US,5,20251010,161500,12.825,12.825,12.075,12.225,755.8666670446,0
MLEC.US,5,20251010,163000,12.3015,12.3015,12.3,12.3,46.66666669,0
MLEC.US,5,20251010,163500,12.3375,12.3375,12.3,12.3,20.00000001,0
MLEC.US,5,20251010,164000,12.3,12.3015,12.3,12.3,479.4666669064,0
MLEC.US,5,20251010,165000,12.375,12.375,12.375,12.375,40.00000002,0
MLEC.US,5,20251010,170500,12.3,12.3,12.3,12.3,8.000000004,0
MLEC.US,5,20251010,171000,12.675,12.675,12.675,12.675,12.7333333397,0
MLEC.US,5,20251010,171500,13.05,13.05,12.3,13.05,116.8666667251,0
MLEC.US,5,20251010,172000,12.8985,12.8985,12.3,12.3,186.8666667601,0
MLEC.US,5,20251010,172500,12.3045,12.3045,12.3045,12.3045,40.1333333534,0
MLEC.US,5,20251010,173500,12.3045,12.3045,12.093,12.1412,297.8666668156,0
MLEC.US,5,20251010,174000,12.105,12.3,12.093,12.3,106.66666672000001,0
MLEC.US,5,20251010,180500,12.1035,12.183,12.1035,12.183,134.000000067,0
MLEC.US,5,20251010,184000,12.2985,12.3,12.198,12.198,113.33333339,0
MLEC.US,5,20251010,185000,12.075,12.075,12.075,12.075,14.5333333406,0
MLEC.US,5,20251010,185500,12.075,12.075,12.075,12.075,13.333333340000001,0
MLEC.US,5,20251010,190500,12.3,12.3,12.087,12.087,402.8000002014,0
MLEC.US,5,20251010,191000,12.075,12.075,12.075,12.075,117.2666667253,0
MLEC.US,5,20251010,191500,12.2535,12.2535,12.18,12.18,22.5333333446,0
MLEC.US,5,20251010,193000,12.06,12.0607,12.06,12.0607,120.00000006,0
MLEC.US,5,20251010,195000,12.06,12.06,12.06,12.06,308.1333334874,0
MLEC.US,5,20251010,195500,12.06,12.06,12.06,12.06,6.666666670000001,0
MLEC.US,5,20251010,200000,12.0375,12.0375,12.0375,12.0375,18.8666666761,0
MLEC.US,5,20251010,200500,12.015,12.0375,11.9355,11.9355,474.33333357050003,0
MLEC.US,5,20251010,201000,11.9505,12,11.9025,12,201.1333334339,0
MLEC.US,5,20251010,201500,11.9025,11.9025,11.9025,11.9025,64.86666669910001,0
MLEC.US,5,20251010,202500,11.8875,11.8875,11.8875,11.8875,133.33333340000001,0
MLEC.US,5,20251010,204000,12.045,12.045,12.045,12.045,13.333333340000001,0
MLEC.US,5,20251010,204500,12,12,12,12,48.000000024,0
MLEC.US,5,20251010,205000,11.901,11.9722,11.901,11.9722,20.00000001,0
MLEC.US,5,20251010,210500,12,12,11.985,11.9925,62.866666698100005,0
MLEC.US,5,20251010,211000,11.9925,12,11.9925,11.9925,50.866666692100004,0
MLEC.US,5,20251010,211500,12.042,12.048,12.042,12.048,30.666666682000002,0
MLEC.US,5,20251010,212000,12.054,12.054,12.054,12.054,26.666666680000002,0
MLEC.US,5,20251010,212500,12.057,12.057,12.057,12.057,66.66666670000001,0
MLEC.US,5,20251010,213000,12.057,12.057,12.0525,12.057,63.333333365,0
MLEC.US,5,20251010,214000,12.0375,12.0375,11.85,11.9085,1224.7333339457,0
MLEC.US,5,20251010,214500,11.925,11.991,11.79,11.85,373.2000001866,0
MLEC.US,5,20251010,215000,12.0585,12.0585,11.7765,12.0285,380.6000001903,0
MLEC.US,5,20251010,215500,11.8515,11.94,11.85,11.85,66.66666670000001,0
MLEC.US,5,20251013,153000,11.4165,11.7615,10.6545,10.665,958.8666671461,0
MLEC.US,5,20251013,153500,11.025,11.025,10.452,10.65,472.666666903,0
MLEC.US,5,20251013,154000,10.515,10.515,10.0935,10.3485,853.2666670933,0
MLEC.US,5,20251013,154500,10.3515,10.3515,9.7575,9.771,1696.9333341818,0
MLEC.US,5,20251013,155000,9.888,10.5,9.888,10.5,61.600000030800004,0
MLEC.US,5,20251013,155500,10.2,10.284,10.0665,10.0665,148.3333334075,0
MLEC.US,5,20251013,160000,10.125,10.125,10.125,10.125,119.60000005980001,0
MLEC.US,5,20251013,161000,10.125,10.125,10.0665,10.068,114.9333333908,0
MLEC.US,5,20251013,161500,10.0665,10.2,9.888,10.2,461.4000002307,0
MLEC.US,5,20251013,162000,10.2645,10.35,10.2645,10.35,60.00000003,0
MLEC.US,5,20251013,162500,10.3485,10.35,10.167,10.167,1434.3333340505,0
MLEC.US,5,20251013,163000,10.17,10.209,10.17,10.2,323.33333349500003,0
MLEC.US,5,20251013,163500,10.245,10.245,9.99151,9.99151,128.6000000643,0
MLEC.US,5,20251013,164000,10.494,10.5,10.494,10.5,152.6000000763,0
MLEC.US,5,20251013,164500,10.3612,10.3612,10.3612,10.3612,66.66666670000001,0
MLEC.US,5,20251013,165000,10.5,10.5,10.2,10.2,183.333333425,0
MLEC.US,5,20251013,165500,10.4985,11.0625,10.4175,10.6702,573.2666669533,0
MLEC.US,5,20251013,170000,10.671,10.845,10.671,10.671,41.7333333542,0
MLEC.US,5,20251013,171000,10.6695,10.9304,10.6695,10.9304,113.33333339,0
MLEC.US,5,20251013,171500,10.77,10.77,10.6695,10.7347,54.2000000271,0
MLEC.US,5,20251013,172000,10.6695,10.842,10.6695,10.6695,404.40000020220003,0
MLEC.US,5,20251013,173000,10.68,10.7337,10.68,10.7337,20.00000001,0
MLEC.US,5,20251013,174500,10.521,10.521,10.521,10.521,6.666666670000001,0
MLEC.US,5,20251013,175500,10.521,10.6515,10.521,10.6515,73.9333333703,0
MLEC.US,5,20251013,180000,10.8,11.1,10.8,11.1,654.5333336606,0
MLEC.US,5,20251013,180500,11.4,11.7,11.25,11.625,93.33333338,0
MLEC.US,5,20251013,181000,11.325,11.7,11.1,11.5365,536.9333336018,0
MLEC.US,5,20251013,181500,11.5275,11.5485,11.475,11.5485,246.66666679,0
MLEC.US,5,20251013,182000,11.5485,11.847,11.5485,11.847,59.0000000295,0
MLEC.US,5,20251013,182500,11.7,11.7,11.7,11.7,31.0666666822,0
MLEC.US,5,20251013,183000,11.7,11.7,11.6925,11.6992,104.80000005240001,0
MLEC.US,5,20251013,184000,11.6985,11.6985,11.5185,11.5185,333.33333350000004,0
MLEC.US,5,20251013,185000,11.796,11.8425,11.796,11.8125,66.66666670000001,0
MLEC.US,5,20251013,185500,11.8439,11.8439,11.8439,11.8439,66.66666670000001,0
MLEC.US,5,20251013,190000,11.85,11.859,11.8485,11.859,36.0666666847,0
MLEC.US,5,20251013,190500,11.8627,11.9925,11.8627,11.991,360.00000018000003,0
MLEC.US,5,20251013,191000,11.991,11.991,11.991,11.991,166.66666675000002,0
MLEC.US,5,20251013,191500,11.9925,12,11.9925,11.9925,193.7333334302,0
MLEC.US,5,20251013,192000,12,12,12,12,57.0666666952,0
MLEC.US,5,20251013,193500,11.9985,11.9985,11.9985,11.9985,6.666666670000001,0
MLEC.US,5,20251013,195000,12,12,11.9985,11.9985,174.1333334204,0
MLEC.US,5,20251013,195500,11.9985,11.9985,11.9985,11.9985,16.3333333415,0
MLEC.US,5,20251013,200000,11.9985,11.9985,11.9985,11.9985,73.33333337,0
MLEC.US,5,20251013,200500,12,12,11.9985,11.9985,249.333333458,0
MLEC.US,5,20251013,201000,11.9992,11.9992,11.9992,11.9992,16.7333333417,0
MLEC.US,5,20251013,201500,11.9985,11.9985,11.9985,11.9985,20.00000001,0
MLEC.US,5,20251013,202000,12,12,12,12,200.0000001,0
MLEC.US,5,20251013,203000,11.9985,12,11.9985,11.9992,85.8000000429,0
MLEC.US,5,20251013,205000,11.9985,11.9985,11.9715,11.9715,403.4666668684,0
MLEC.US,5,20251013,210000,11.9715,11.9715,11.97,11.9715,141.8666667376,0
MLEC.US,5,20251013,210500,11.979,11.979,11.979,11.979,6.666666670000001,0
MLEC.US,5,20251013,214000,12,12,11.979,11.9805,474.2666669038,0
MLEC.US,5,20251013,214500,11.982,12,11.742,11.742,1546.9333341068,0
MLEC.US,5,20251013,215000,11.8875,11.8875,11.49,11.49,207.8666667706,0
MLEC.US,5,20251013,215500,12,12,11.25,11.25,985.5333338261,0
MLEC.US,5,20251014,153000,12,12.4515,12,12.1125,340.0666668367,0
MLEC.US,5,20251014,153500,12.054,12.054,11.85,11.85,155.0000000775,0
MLEC.US,5,20251014,154000,11.85,11.85,11.85,11.85,26.666666680000002,0
MLEC.US,5,20251014,154500,11.7015,11.7015,11.7015,11.7015,133.33333340000001,0
MLEC.US,5,20251014,155000,11.7015,11.8485,11.7015,11.7742,341.7333335042,0
MLEC.US,5,20251014,155500,11.7015,11.7735,11.7015,11.7555,226.66666678,0
MLEC.US,5,20251014,160000,11.7735,11.8485,11.7735,11.8485,153.33333341,0
MLEC.US,5,20251014,160500,11.8485,11.8485,11.7,11.7,70.2666667018,0
MLEC.US,5,20251014,161000,11.7015,11.7015,11.7015,11.7015,28.8666666811,0
MLEC.US,5,20251014,161500,11.8485,11.8485,11.7742,11.7742,406.66666687000003,0
MLEC.US,5,20251014,162000,11.847,11.847,11.847,11.847,133.33333340000001,0
MLEC.US,5,20251014,164000,11.8485,11.85,11.8125,11.85,151.0666667422,0
MLEC.US,5,20251014,165000,11.9985,11.9985,11.911,11.911,166.66666675000002,0
MLEC.US,5,20251014,165500,11.985,11.985,11.985,11.985,13.333333340000001,0
MLEC.US,5,20251014,170500,11.9805,11.9865,11.9805,11.9865,15.1333333409,0
MLEC.US,5,20251014,171000,11.9925,12,11.9925,12,113.33333339,0
MLEC.US,5,20251014,171500,11.994,12,11.994,12,204.4666667689,0
MLEC.US,5,20251014,172000,11.9992,11.9992,11.9992,11.9992,6.666666670000001,0
MLEC.US,5,20251014,173500,12,12,12,12,10.333333338500001,0
MLEC.US,5,20251014,174000,12,12,12,12,6.666666670000001,0
MLEC.US,5,20251014,175500,12,12,11.9985,11.9985,25.733333346200002,0
MLEC.US,5,20251014,180000,11.994,11.994,11.994,11.994,64.4666666989,0
MLEC.US,5,20251014,181000,12,12,11.925,11.925,1279.6666673065001,0
MLEC.US,5,20251014,185000,11.9985,11.9985,11.9985,11.9985,133.33333340000001,0
MLEC.US,5,20251014,185500,12,12,11.9992,12,333.33333350000004,0
MLEC.US,5,20251014,190000,11.9985,11.9985,11.9985,11.9985,13.333333340000001,0
MLEC.US,5,20251014,192000,11.9985,11.9985,11.9985,11.9985,66.66666670000001,0
MLEC.US,5,20251014,192500,11.9985,12,11.775,11.775,899.3333337830001,0
MLEC.US,5,20251014,202000,11.997,11.997,11.997,11.997,6.666666670000001,0
MLEC.US,5,20251014,203000,11.997,11.997,11.688,11.88,668.8666670011,0
MLEC.US,5,20251014,203500,11.9977,11.9977,11.9977,11.9977,6.666666670000001,0
MLEC.US,5,20251014,210000,11.9985,11.9985,11.9985,11.9985,66.66666670000001,0
MLEC.US,5,20251014,212500,11.9985,11.9985,11.7,11.7,672.2666670028,0
MLEC.US,5,20251014,213000,11.7285,11.7615,11.475,11.7375,1716.3333341915,0
MLEC.US,5,20251014,213500,11.5545,11.5545,11.55,11.55,171.7333334192,0
MLEC.US,5,20251014,215000,11.553,11.553,11.553,11.553,80.6000000403,0
MLEC.US,5,20251014,215500,11.265,11.5485,11.265,11.5485,18.6000000093,0
MLEC.US,5,20251015,153000,11.661,11.9745,11.661,11.8515,1464.1333340654,0
MLEC.US,5,20251015,153500,11.8545,11.8545,11.427,11.5395,2501.1333345839003,0
MLEC.US,5,20251015,154000,11.604,11.7,10.8975,11.0333,1605.9333341363001,0
MLEC.US,5,20251015,154500,11.1,11.97,10.8765,11.7,2806.0666680697,0
MLEC.US,5,20251015,155000,11.4015,11.85,11.4015,11.85,452.0666668927,0
MLEC.US,5,20251015,155500,11.757,11.9985,11.5515,11.9985,1784.4666675589,0
MLEC.US,5,20251015,160000,11.6467,11.9985,11.6467,11.781,228.666666781,0
MLEC.US,5,20251015,160500,11.775,11.793,11.769,11.769,213.33333344000002,0
MLEC.US,5,20251015,161000,11.769,11.925,11.5515,11.5515,377.8000001889,0
MLEC.US,5,20251015,161500,11.625,11.7,11.1,11.313,3114.1333348904,0
MLEC.US,5,20251015,162000,11.6985,11.6985,11.6985,11.6985,6.666666670000001,0
MLEC.US,5,20251015,162500,11.6715,11.6715,11.25,11.25,264.6000001323,0
MLEC.US,5,20251015,163000,11.175,11.4945,10.95,11.4945,939.4666671364,0
MLEC.US,5,20251015,163500,11.2815,11.5295,10.998,11.25,2385.2000011926,0
MLEC.US,5,20251015,164000,11.55,11.7,11.25,11.55,613.5333336401001,0
MLEC.US,5,20251015,164500,11.5875,11.5875,11.355,11.49,33.333333350000004,0
MLEC.US,5,20251015,165000,11.838,11.8485,10.65,10.8165,4328.4000021642005,0
MLEC.US,5,20251015,165500,10.8165,11.7,10.8,11.364,665.6666669995,0
MLEC.US,5,20251015,170000,10.8,11.1,10.8,11.1,33.333333350000004,0
MLEC.US,5,20251015,170500,10.8,11.1,10.8,10.8015,213.33333344000002,0
MLEC.US,5,20251015,171000,10.95,11.1,10.8765,10.8856,404.8000002024,0
MLEC.US,5,20251015,171500,10.887,11.1,10.8001,11.1,466.5333335666,0
MLEC.US,5,20251015,172000,10.8765,11.1,10.7865,10.7865,362.80000018140004,0
MLEC.US,5,20251015,172500,10.8195,10.95,10.8,10.95,137.00000006850001,0
MLEC.US,5,20251015,173000,10.9485,10.9485,10.623,10.623,845.4000004227,0
MLEC.US,5,20251015,173500,10.653,10.95,10.653,10.6732,1004.666667169,0
MLEC.US,5,20251015,174000,10.83,10.83,10.725,10.7985,407.2000002036,0
MLEC.US,5,20251015,174500,10.797,10.83,10.65,10.83,174.3333334205,0
MLEC.US,5,20251015,175000,10.821,10.83,10.488,10.6485,1637.4000008187,0
MLEC.US,5,20251015,175500,10.647,10.8,10.1415,10.8,169.5333334181,0
MLEC.US,5,20251015,180000,10.5,10.515,10.425,10.515,100.00000005,0
MLEC.US,5,20251015,180500,10.59,10.59,10.3575,10.3575,200.0000001,0
MLEC.US,5,20251015,181000,10.347,10.347,10.2,10.296,202.8000001014,0
MLEC.US,5,20251015,181500,10.296,10.5225,10.2,10.5225,178.86666675610002,0
MLEC.US,5,20251015,183000,10.284,10.35,10.2225,10.275,61.8666666976,0
MLEC.US,5,20251015,183500,10.215,10.35,10.2,10.2,197.9333334323,0
MLEC.US,5,20251015,184000,10.3717,10.4216,10.2,10.4216,162.7333334147,0
MLEC.US,5,20251015,184500,10.2,10.2015,10.1265,10.1265,1133.3333339,0
MLEC.US,5,20251015,185000,10.2,10.4266,10.2,10.2,113.33333339,0
MLEC.US,5,20251015,185500,10.2,10.2,10.11,10.137,3488.5333350776,0
MLEC.US,5,20251015,190000,10.08,10.08,10.05,10.05,14.7333333407,0
MLEC.US,5,20251015,190500,10.197,10.1985,10.125,10.197,140.00000007,0
MLEC.US,5,20251015,191000,10.0935,10.1835,10.05,10.08,398.9333335328,0
MLEC.US,5,20251015,191500,10.05,10.1415,10.05,10.1415,73.33333337,0
MLEC.US,5,20251015,192500,10.173,10.173,10.0545,10.0545,33.333333350000004,0
MLEC.US,5,20251015,193000,10.125,10.125,10.125,10.125,74.06666670370001,0
MLEC.US,5,20251015,193500,10.125,10.125,10.0515,10.053,104.7333333857,0
MLEC.US,5,20251015,194000,10.0515,10.0515,10.0507,10.0515,106.66666672000001,0
MLEC.US,5,20251015,194500,10.1955,10.1985,10.1955,10.1985,33.333333350000004,0
MLEC.US,5,20251015,195000,10.1205,10.1205,10.1205,10.1205,6.666666670000001,0
MLEC.US,5,20251015,195500,10.197,10.2,10.197,10.2,165.4666667494,0
MLEC.US,5,20251015,200000,10.1265,10.1565,10.0545,10.0545,234.8000001174,0
MLEC.US,5,20251015,200500,10.131,10.2,10.1115,10.1895,74.7333333707,0
MLEC.US,5,20251015,201000,10.1985,10.1985,10.194,10.194,80.7333333737,0
MLEC.US,5,20251015,201500,10.1985,10.2,10.1985,10.2,1659.8666674966,0
MLEC.US,5,20251015,202000,10.1595,10.2,10.1595,10.2,74.5333333706,0
MLEC.US,5,20251015,202500,10.2,10.2465,10.2,10.2465,34.6000000173,0
MLEC.US,5,20251015,203000,10.1865,10.4221,10.1865,10.4221,137.6000000688,0
MLEC.US,5,20251015,203500,10.2,10.2,10.1565,10.2,104.000000052,0
MLEC.US,5,20251015,204000,10.1865,10.1985,10.125,10.125,369.6000001848,0
MLEC.US,5,20251015,204500,10.119,10.128,10.1175,10.128,53.2000000266,0
MLEC.US,5,20251015,205500,10.1235,10.125,10.1175,10.125,207.6666667705,0
MLEC.US,5,20251015,210000,10.125,10.35,10.119,10.296,2206.0666677697,0
MLEC.US,5,20251015,210500,10.229,10.347,10.229,10.347,81.9333333743,0
MLEC.US,5,20251015,211000,10.347,10.347,10.347,10.347,6.666666670000001,0
MLEC.US,5,20251015,211500,10.3485,10.3485,10.3485,10.3485,15.8000000079,0
MLEC.US,5,20251015,212000,10.2,10.341,10.2,10.341,35.6000000178,0
MLEC.US,5,20251015,212500,10.347,10.4985,10.3335,10.35,431.8000002159,0
MLEC.US,5,20251015,213000,10.5,10.5,10.35,10.35,166.66666675000002,0
MLEC.US,5,20251015,213500,10.3125,10.3125,10.3125,10.3125,241.2666667873,0
MLEC.US,5,20251015,214000,10.3125,10.3875,10.2795,10.3875,635.4000003177,0
MLEC.US,5,20251015,215000,10.3305,10.3305,10.314,10.329,408.000000204,0
MLEC.US,5,20251015,215500,10.317,10.35,10.203,10.203,655.6666669945,0
MLEC.US,5,20251016,153000,9.9,10.05,9.9,9.96,509.5333335881,0
MLEC.US,5,20251016,153500,9.975,9.975,9.4545,9.747,643.2000003216,0
MLEC.US,5,20251016,154000,9.69,9.69,9.465,9.6,251.33333345900002,0
MLEC.US,5,20251016,154500,9.75,10.1655,9.75,9.765,312.20000015610003,0
MLEC.US,5,20251016,155000,10.1058,10.1058,9.9675,9.9675,106.66666672000001,0
MLEC.US,5,20251016,155500,9.84,10.0485,9.69789,10.0485,310.6000001553,0
MLEC.US,5,20251016,160000,9.75,10.0485,9.6,10.0485,317.13333349190003,0
MLEC.US,5,20251016,160500,9.75,9.75,9.75,9.75,40.00000002,0
MLEC.US,5,20251016,161000,9.94384,10.05,9.94384,10.035,54.666666694,0
MLEC.US,5,20251016,162500,9.75,9.75,9.75,9.75,578.666666956,0
MLEC.US,5,20251016,163000,10.0425,10.0425,10.0425,10.0425,13.333333340000001,0
MLEC.US,5,20251016,163500,9.81235,9.81235,9.81235,9.81235,119.9333333933,0
MLEC.US,5,20251016,164000,10.041,10.041,10.041,10.041,13.333333340000001,0
MLEC.US,5,20251016,165000,9.84,10.047,9.84,10.047,40.00000002,0
MLEC.US,5,20251016,165500,9.84,9.84,9.84,9.84,7.4000000037,0
MLEC.US,5,20251016,170000,10.0425,10.0425,10.0425,10.0425,13.333333340000001,0
MLEC.US,5,20251016,170500,9.6225,9.6225,9.6225,9.6225,13.333333340000001,0
MLEC.US,5,20251016,171000,10.041,10.041,9.95413,9.95413,96.666666715,0
MLEC.US,5,20251016,172500,9.75,9.75,9.75,9.75,178.666666756,0
MLEC.US,5,20251016,174000,9.954,9.954,9.9,9.9,206.66666677,0
MLEC.US,5,20251016,174500,9.9525,9.9525,9.9525,9.9525,6.9333333368000005,0
MLEC.US,5,20251016,175000,9.9525,9.9525,9.9525,9.9525,6.666666670000001,0
MLEC.US,5,20251016,175500,9.9,9.9,9.615,9.9,1232.666667283,0
MLEC.US,5,20251016,180000,9.792,9.792,9.792,9.792,13.333333340000001,0
MLEC.US,5,20251016,181000,9.8175,9.8175,9.8175,9.8175,8.5333333376,0
MLEC.US,5,20251016,181500,9.7875,9.7875,9.7875,9.7875,6.666666670000001,0
MLEC.US,5,20251016,182000,9.825,9.9,9.825,9.9,285.6000001428,0
MLEC.US,5,20251016,182500,9.9,9.9,9.8925,9.8925,13.333333340000001,0
MLEC.US,5,20251016,183000,9.849,9.849,9.8475,9.8475,16.666666675000002,0
MLEC.US,5,20251016,183500,9.9525,9.9525,9.9525,9.9525,6.666666670000001,0
MLEC.US,5,20251016,184500,9.87,9.87,9.87,9.87,30.000000015,0
MLEC.US,5,20251016,185500,9.8925,9.954,9.8925,9.9525,33.333333350000004,0
MLEC.US,5,20251016,190000,9.9045,9.9525,9.9045,9.9375,26.666666680000002,0
MLEC.US,5,20251016,191000,10.05,10.1985,10.0455,10.185,80.00000004,0
MLEC.US,5,20251016,191500,10.059,10.059,10.059,10.059,265.2000001326,0
MLEC.US,5,20251016,192000,10.185,10.185,10.092,10.092,20.00000001,0
MLEC.US,5,20251016,193000,10.185,10.185,10.185,10.185,46.66666669,0
MLEC.US,5,20251016,193500,10.185,10.185,10.185,10.185,13.333333340000001,0
MLEC.US,5,20251016,194000,10.185,10.185,10.185,10.185,13.333333340000001,0
MLEC.US,5,20251016,194500,10.1265,10.1985,10.1265,10.185,201.4666667674,0
MLEC.US,5,20251016,195000,10.35,10.425,10.206,10.425,69.333333368,0
MLEC.US,5,20251016,195500,10.425,10.506,10.41,10.506,136.666666735,0
MLEC.US,5,20251016,200000,10.506,10.65,10.5,10.65,278.2666668058,0
MLEC.US,5,20251016,200500,10.647,10.65,10.5,10.5,93.33333338,0
MLEC.US,5,20251016,201000,10.5,10.65,10.5,10.6425,102.000000051,0
MLEC.US,5,20251016,201500,10.6395,10.6395,10.6395,10.6395,13.333333340000001,0
MLEC.US,5,20251016,202000,10.5,10.5,10.5,10.5,40.00000002,0
MLEC.US,5,20251016,203000,10.65,10.65,10.6455,10.6462,26.666666680000002,0
MLEC.US,5,20251016,203500,10.5735,10.575,10.425,10.575,226.6000001133,0
MLEC.US,5,20251016,204000,10.647,10.65,10.4415,10.65,66.66666670000001,0
MLEC.US,5,20251016,204500,10.5,10.65,10.458,10.458,120.00000006,0
MLEC.US,5,20251016,205000,10.65,10.65,10.65,10.65,13.333333340000001,0
MLEC.US,5,20251016,210500,10.65,10.65,10.635,10.635,13.333333340000001,0
MLEC.US,5,20251016,211500,10.5,10.5,10.482,10.482,93.33333338,0
MLEC.US,5,20251016,214000,10.4655,10.4655,10.4655,10.4655,46.66666669,0
MLEC.US,5,20251016,215000,10.281,10.326,10.2,10.3132,603.6666669685001,0
MLEC.US,5,20251016,215500,10.2,10.2,10.2,10.2,13.333333340000001,0
MLEC.US,5,20251017,153000,9.8655,10.014,9.6045,9.6045,340.8666668371,0
MLEC.US,5,20251017,154000,9.795,9.795,9.615,9.615,180.13333342340002,0
MLEC.US,5,20251017,155000,9.93066,9.93066,9.618,9.8175,86.66666671,0
MLEC.US,5,20251017,160500,9.8235,9.8235,9.8235,9.8235,66.66666670000001,0
MLEC.US,5,20251017,161500,9.7305,9.75,9.6435,9.6435,641.6666669875,0
MLEC.US,5,20251017,163500,10.0065,10.0155,10.0065,10.0155,13.333333340000001,0
MLEC.US,5,20251017,164500,9.8295,10.014,9.8295,9.8295,73.8000000369,0
MLEC.US,5,20251017,172000,9.8085,9.8685,9.8085,9.8295,58.8000000294,0
MLEC.US,5,20251017,173500,9.7935,9.8175,9.66,9.81,280.6000001403,0
MLEC.US,5,20251017,174000,9.6585,9.6585,9.6585,9.6585,13.333333340000001,0
MLEC.US,5,20251017,180000,9.7545,9.7545,9.75,9.75,86.66666671,0
MLEC.US,5,20251017,180500,9.66,9.66,9.66,9.66,33.333333350000004,0
MLEC.US,5,20251017,181500,9.8295,9.8295,9.75,9.75,54.4000000272,0
MLEC.US,5,20251017,182000,9.8295,9.8295,9.6525,9.66,91.8000000459,0
MLEC.US,5,20251017,182500,9.8295,9.93517,9.66,9.66,319.0666668262,0
MLEC.US,5,20251017,185500,9.66,9.66,9.6435,9.6435,341.66666683750003,0
MLEC.US,5,20251017,191000,9.9,10.0155,9.6945,9.6975,956.5333338116001,0
MLEC.US,5,20251017,191500,9.765,9.9555,9.732,9.732,659.1333336629,0
MLEC.US,5,20251017,192000,9.75,9.75,9.75,9.75,56.666666695,0
MLEC.US,5,20251017,193000,9.75,9.75,9.75,9.75,13.333333340000001,0
MLEC.US,5,20251017,194000,9.732,9.732,9.675,9.675,440.8000002204,0
MLEC.US,5,20251017,203500,9.94875,10.05,9.94875,10.05,50.000000025,0
MLEC.US,5,20251017,210000,9.75415,9.75415,9.75415,9.75415,66.66666670000001,0
MLEC.US,5,20251017,210500,9.825,9.834,9.675,9.675,318.4666668259,0
MLEC.US,5,20251017,211000,9.9375,9.9375,9.9375,9.9375,6.666666670000001,0
MLEC.US,5,20251017,213500,9.7515,9.7725,9.6765,9.6765,419.6666668765,0
MLEC.US,5,20251017,214000,10.0881,10.0881,9.9,9.9,73.33333337,0
MLEC.US,5,20251017,214500,9.9,9.9,9.9,9.9,6.666666670000001,0
MLEC.US,5,20251017,215000,9.753,9.915,9.75,9.75,448.4000002242,0
MLEC.US,5,20251017,215500,9.7785,9.7785,9.6765,9.75,660.00000033,0
MLEC.US,5,20251020,153000,9.669,9.75,9.4845,9.4845,650.0666669917,0
MLEC.US,5,20251020,153500,9.63717,9.63717,9.63717,9.63717,60.00000003,0
MLEC.US,5,20251020,154000,9.6375,9.78676,9.525,9.525,360.5333335136,0
MLEC.US,5,20251020,154500,9.78676,9.78676,9.4875,9.4875,198.666666766,0
MLEC.US,5,20251020,155000,9.525,9.57,9.375,9.3765,573.6666669535,0
MLEC.US,5,20251020,160500,9.45,9.4515,9.45,9.45,133.33333340000001,0
MLEC.US,5,20251020,161000,9.6,9.6,9.45,9.6,104.4666667189,0
MLEC.US,5,20251020,163000,10.0485,10.0485,9.45,9.45,83.33333337500001,0
MLEC.US,5,20251020,164000,9.7605,9.7605,9.7605,9.7605,6.666666670000001,0
MLEC.US,5,20251020,170000,9.6,9.6,9.6,9.6,166.66666675000002,0
MLEC.US,5,20251020,171500,9.6375,9.7605,9.6375,9.7605,66.66666670000001,0
MLEC.US,5,20251020,173000,9.78,9.91425,9.75,9.75,273.33333347,0
MLEC.US,5,20251020,174000,10.0485,10.0485,9.75,10.0483,100.00000005,0
MLEC.US,5,20251020,182000,9.6795,9.6795,9.6795,9.6795,66.66666670000001,0
MLEC.US,5,20251020,183000,9.9,9.9,9.9,9.9,16.666666675000002,0
MLEC.US,5,20251020,184500,9.75,9.75,9.75,9.75,40.00000002,0
MLEC.US,5,20251020,185500,9.75,9.75,9.75,9.75,73.33333337,0
MLEC.US,5,20251020,193000,9.75,9.75,9.75,9.75,13.333333340000001,0
MLEC.US,5,20251020,195000,9.87,9.9,9.765,9.9,73.33333337,0
MLEC.US,5,20251020,202500,9.9,9.90075,9.753,9.753,193.33333343,0
MLEC.US,5,20251020,203500,9.936,9.936,9.936,9.936,19.333333343,0
MLEC.US,5,20251020,213000,9.804,9.804,9.804,9.804,23.333333345,0
MLEC.US,5,20251020,215500,9.9225,9.9225,9.9225,9.9225,20.00000001,0
MLEC.US,5,20251021,153000,9.9,9.9675,9.9,9.9225,84.4000000422,0
MLEC.US,5,20251021,153500,10.275,10.275,10.1745,10.1745,40.400000020200004,0
MLEC.US,5,20251021,155500,10.2,10.2,9.95025,9.9615,73.6666667035,0
MLEC.US,5,20251021,160000,9.9675,9.9675,9.8175,9.8175,164.5333334156,0
MLEC.US,5,20251021,160500,9.89026,9.89026,9.8175,9.8175,286.66666681,0
MLEC.US,5,20251021,161000,9.8175,9.8175,9.75,9.75,20.00000001,0
MLEC.US,5,20251021,161500,9.6,9.825,9.45,9.6,1668.5333341676,0
MLEC.US,5,20251021,163500,9.6,9.609,9.4185,9.4185,1039.6666671865,0
MLEC.US,5,20251021,165500,9.858,9.858,9.858,9.858,10.4666666719,0
MLEC.US,5,20251021,171000,10.1745,10.1745,10.1745,10.1745,33.333333350000004,0
MLEC.US,5,20251021,174000,9.6015,9.6015,9.6015,9.6015,26.666666680000002,0
MLEC.US,5,20251021,174500,9.888,9.888,9.888,9.888,54.7333333607,0
MLEC.US,5,20251021,175000,10.05,10.05,9.6015,9.654,165.26666674930001,0
MLEC.US,5,20251021,181000,10.1745,10.1745,9.97971,9.97971,66.66666670000001,0
MLEC.US,5,20251021,181500,9.639,9.6435,9.612,9.612,80.00000004,0
MLEC.US,5,20251021,182000,9.75,9.75,9.75,9.75,6.666666670000001,0
MLEC.US,5,20251021,184000,9.7935,9.7935,9.7935,9.7935,6.666666670000001,0
MLEC.US,5,20251021,190500,9.84679,9.84679,9.612,9.615,200.0000001,0
MLEC.US,5,20251021,194000,10.0731,10.0731,10.0731,10.0731,66.66666670000001,0
MLEC.US,5,20251021,204000,9.615,9.75,9.615,9.6825,379.86666685660003,0
MLEC.US,5,20251021,204500,9.75,9.9075,9.615,9.891,1391.2666673623,0
MLEC.US,5,20251021,212500,9.906,9.906,9.7515,9.7515,13.333333340000001,0
MLEC.US,5,20251021,213000,9.612,9.906,9.612,9.615,320.0666668267,0
MLEC.US,5,20251021,215000,9.888,9.888,9.888,9.888,6.666666670000001,0
MLEC.US,5,20251021,215500,9.618,9.618,9.615,9.6165,27.4000000137,0
MLEC.US,5,20251022,153000,9.6,9.6,9.45,9.45,47.9333333573,0
MLEC.US,5,20251022,153500,9.45,9.7485,9.3765,9.7485,446.66666689,0
MLEC.US,5,20251022,154500,9.6,9.6,9.39,9.39,586.66666696,0
MLEC.US,5,20251022,155500,9.3915,9.3915,9.3915,9.3915,10.000000005,0
MLEC.US,5,20251022,160000,9.9525,9.9525,9.9525,9.9525,83.33333337500001,0
MLEC.US,5,20251022,160500,9.951,9.951,9.951,9.951,20.00000001,0
MLEC.US,5,20251022,161000,9.978,9.978,9.4545,9.5175,320.00000016,0
MLEC.US,5,20251022,161500,10.0125,10.05,10.0125,10.05,79.333333373,0
MLEC.US,5,20251022,163000,9.8355,9.8355,9.8355,9.8355,8.333333337500001,0
MLEC.US,5,20251022,165500,10.05,10.05,9.6225,9.6225,1846.66666759,0
MLEC.US,5,20251022,170000,10.005,10.08,9.9,9.99,436.4666668849,0
MLEC.US,5,20251022,171000,10.1985,10.1985,9.975,9.975,106.66666672000001,0
MLEC.US,5,20251022,171500,9.975,10.05,9.75,9.975,979.2000004896,0
MLEC.US,5,20251022,173000,9.7515,9.7515,9.7515,9.7515,6.666666670000001,0
MLEC.US,5,20251022,180000,10.134,10.17,9.768,9.768,183.9333334253,0
MLEC.US,5,20251022,180500,10.134,10.134,10.134,10.134,6.666666670000001,0
MLEC.US,5,20251022,181500,10.134,10.299,9.768,10.299,321.0666668272,0
MLEC.US,5,20251022,182000,10.1422,10.1422,10.1422,10.1422,13.333333340000001,0
MLEC.US,5,20251022,182500,10.4925,10.4925,10.4925,10.4925,13.333333340000001,0
MLEC.US,5,20251022,183000,10.1422,10.1422,9.7845,9.7845,66.66666670000001,0
MLEC.US,5,20251022,185000,9.8415,10.2405,9.8415,10.2405,466.6666669,0
MLEC.US,5,20251022,191000,9.819,9.828,9.7845,9.7845,73.33333337,0
MLEC.US,5,20251022,201000,9.7845,9.819,9.7845,9.78525,200.0000001,0
MLEC.US,5,20251022,201500,9.7845,9.7845,9.7845,9.7845,6.666666670000001,0
MLEC.US,5,20251022,202000,9.786,9.786,9.786,9.786,9.9333333383,0
MLEC.US,5,20251022,203500,9.7995,9.804,9.786,9.804,100.00000005,0
MLEC.US,5,20251022,205500,9.7845,9.786,9.7845,9.786,13.333333340000001,0
MLEC.US,5,20251022,210500,9.975,10.3454,9.9435,10.3454,180.00000009000001,0
MLEC.US,5,20251022,211500,10.125,10.125,10.125,10.125,6.666666670000001,0
MLEC.US,5,20251022,212000,10.1422,10.1422,10.1422,10.1422,6.666666670000001,0
MLEC.US,5,20251022,213000,10.4775,10.4775,10.4775,10.4775,6.666666670000001,0
MLEC.US,5,20251022,214000,10.5,10.5,9.9,9.93,70.000000035,0
MLEC.US,5,20251022,215000,9.975,10.056,9.975,10.005,20.00000001,0
MLEC.US,5,20251023,153000,9.9,9.9,9.75,9.75151,82.2000000411,0
MLEC.US,5,20251023,154000,9.765,10.3815,9.75,10.0125,517.8666669256,0
MLEC.US,5,20251023,154500,10.383,10.383,10.383,10.383,6.666666670000001,0
MLEC.US,5,20251023,160500,10.0815,10.0815,10.0815,10.0815,13.333333340000001,0
MLEC.US,5,20251023,161000,10.0815,10.2825,10.0815,10.0815,383.9333335253,0
MLEC.US,5,20251023,163500,10.275,10.2915,10.05,10.05,200.0000001,0
MLEC.US,5,20251023,165000,10.05,10.05,9.915,9.915,40.00000002,0
MLEC.US,5,20251023,165500,10.05,10.05,10.05,10.05,26.666666680000002,0
MLEC.US,5,20251023,170500,9.915,9.915,9.915,9.915,26.666666680000002,0
MLEC.US,5,20251023,171000,9.915,9.915,9.915,9.915,46.866666690100004,0
MLEC.US,5,20251023,171500,10.035,10.0462,9.915,10.0462,454.1333335604,0
MLEC.US,5,20251023,172000,9.915,9.915,9.915,9.915,6.666666670000001,0
MLEC.US,5,20251023,173500,9.915,9.93,9.915,9.915,173.33333342,0
MLEC.US,5,20251023,174000,9.915,9.915,9.915,9.915,26.000000013,0
MLEC.US,5,20251023,174500,9.93,9.93,9.915,9.915,60.00000003,0
MLEC.US,5,20251023,175000,9.92749,9.97575,9.92749,9.97575,13.333333340000001,0
MLEC.US,5,20251023,175500,10.014,10.05,10.014,10.05,66.66666670000001,0
MLEC.US,5,20251023,180000,10.05,10.053,9.9765,9.978,1116.4000005582,0
MLEC.US,5,20251023,180500,10.2,10.254,10.2,10.2,106.66666672000001,0
MLEC.US,5,20251023,181500,10.17,10.17,10.17,10.17,6.666666670000001,0
MLEC.US,5,20251023,183500,9.9765,10.125,9.75,9.7665,1773.5333342201,0
MLEC.US,5,20251023,184000,9.858,9.858,9.795,9.795,24.000000012,0
MLEC.US,5,20251023,190500,10.1025,10.1775,9.822,9.822,220.00000011,0
MLEC.US,5,20251023,191000,10.1025,10.1025,10.1025,10.1025,6.666666670000001,0
MLEC.US,5,20251023,194500,10.125,10.125,9.822,9.9735,410.9333335388,0
MLEC.US,5,20251023,195000,10.1055,10.1055,10.1055,10.1055,13.333333340000001,0
MLEC.US,5,20251023,195500,9.96465,10.05,9.96465,10.05,93.33333338,0
MLEC.US,5,20251023,200000,10.05,10.05,10.05,10.05,40.00000002,0
MLEC.US,5,20251023,201500,10.1745,10.248,9.9645,9.9645,113.33333339,0
MLEC.US,5,20251023,205000,9.975,10.1737,9.975,10.1737,206.66666677,0
MLEC.US,5,20251023,205500,10.0236,10.0236,10.0236,10.0236,6.666666670000001,0
MLEC.US,5,20251023,212000,9.9645,10.1737,9.9645,10.1737,133.33333340000001,0
MLEC.US,5,20251023,212500,10.1445,10.248,9.9645,9.9645,513.33333359,0
MLEC.US,5,20251023,213000,9.9645,10.1737,9.9645,10.1737,80.00000004,0
MLEC.US,5,20251023,215000,10.35,10.35,10.173,10.1737,140.00000007,0
MLEC.US,5,20251023,215500,10.173,10.173,10.173,10.173,6.666666670000001,0
MLEC.US,5,20251024,153000,10.05,10.05,9.873,9.873,158.00000007900002,0
MLEC.US,5,20251024,153500,9.795,10.137,9.7725,10.137,63.6666666985,0
MLEC.US,5,20251024,154000,10.113,10.113,10.113,10.113,46.66666669,0
MLEC.US,5,20251024,155500,10.05,10.2,9.99,10.0935,120.00000006,0
MLEC.US,5,20251024,160500,10.3065,10.3065,10.3065,10.3065,14.333333340500001,0
MLEC.US,5,20251024,162000,10.2,10.2,10.0935,10.0935,39.0666666862,0
MLEC.US,5,20251024,165000,10.125,10.1955,10.092,10.14,806.5333337366001,0
MLEC.US,5,20251024,165500,10.2195,10.2195,10.11,10.11,53.333333360000005,0
MLEC.US,5,20251024,170500,10.11,10.1205,9.9,9.948,427.93333354730004,0
MLEC.US,5,20251024,173500,9.9495,10.3815,9.948,9.948,163.2000000816,0
MLEC.US,5,20251024,181000,10.05,10.05,10.05,10.05,33.666666683500004,0
MLEC.US,5,20251024,181500,10.1655,10.1655,10.1655,10.1655,52.8000000264,0
MLEC.US,5,20251024,184000,9.9495,9.9495,9.9495,9.9495,6.666666670000001,0
MLEC.US,5,20251024,201500,10.0785,10.0785,10.0785,10.0785,66.66666670000001,0
MLEC.US,5,20251024,213500,10.3785,10.3785,10.11,10.11,76.53333337160001,0
MLEC.US,5,20251024,214000,10.23,10.3785,10.23,10.3642,68.000000034,0
MLEC.US,5,20251024,215500,10.1947,10.1947,10.194,10.194,33.333333350000004,0
MLEC.US,5,20251027,143000,10.7985,10.7985,10.194,10.194,383.7333335252,0
MLEC.US,5,20251027,144000,10.461,10.461,10.461,10.461,33.333333350000004,0
MLEC.US,5,20251027,145500,10.5,10.5,10.5,10.5,6.666666670000001,0
MLEC.US,5,20251027,155500,10.5,10.5015,10.2015,10.2015,186.6000000933,0
MLEC.US,5,20251027,161000,10.395,10.395,10.395,10.395,15.6666666745,0
MLEC.US,5,20251027,161500,10.3935,10.3935,10.3935,10.3935,6.666666670000001,0
MLEC.US,5,20251027,163500,10.482,10.5,10.395,10.3957,342.5333335046,0
MLEC.US,5,20251027,170500,10.65,10.65,10.65,10.65,60.666666697000004,0
MLEC.US,5,20251027,171000,10.65,10.65,10.5,10.65,460.00000023,0
MLEC.US,5,20251027,173500,10.6485,10.6485,10.6485,10.6485,6.666666670000001,0
MLEC.US,5,20251027,183000,10.5015,10.575,10.395,10.395,350.000000175,0
MLEC.US,5,20251027,190000,10.4985,10.4985,10.395,10.395,66.66666670000001,0
MLEC.US,5,20251027,191000,10.575,10.575,10.395,10.4595,466.2000002331,0
MLEC.US,5,20251027,193500,10.3965,10.3965,10.395,10.395,26.666666680000002,0
MLEC.US,5,20251027,201500,10.3935,10.3935,10.2,10.2007,148.000000074,0
MLEC.US,5,20251027,205000,10.203,10.203,10.2016,10.2016,13.333333340000001,0
MLEC.US,5,20251027,205500,10.203,10.203,10.2015,10.2015,40.00000002,0
MLEC.US,5,20251028,143000,10.23,10.23,10.08,10.08,310.000000155,0
MLEC.US,5,20251028,144000,10.425,10.635,10.425,10.635,33.333333350000004,0
MLEC.US,5,20251028,144500,10.5,10.5,10.5,10.5,6.666666670000001,0
MLEC.US,5,20251028,145000,10.3275,10.3275,10.095,10.1145,116.666666725,0
MLEC.US,5,20251028,145500,10.5435,10.5435,10.5435,10.5435,10.800000005400001,0
MLEC.US,5,20251028,151500,10.4985,10.4985,10.4985,10.4985,7.4000000037,0
MLEC.US,5,20251028,152000,10.29,10.29,10.29,10.29,16.666666675000002,0
MLEC.US,5,20251028,152500,10.08,10.104,10.08,10.095,40.00000002,0
MLEC.US,5,20251028,154500,10.095,10.1205,10.08,10.08,368.4000001842,0
MLEC.US,5,20251028,161000,10.08,10.08,10.08,10.08,6.666666670000001,0
MLEC.US,5,20251028,161500,10.0875,10.0875,10.0875,10.0875,6.666666670000001,0
MLEC.US,5,20251028,174000,10.104,10.104,10.104,10.104,6.666666670000001,0
MLEC.US,5,20251028,182000,10.125,10.1257,10.125,10.1257,124.1333333954,0
MLEC.US,5,20251028,184500,10.1355,10.1355,9.819,9.8205,627.8666669806,0
MLEC.US,5,20251028,194000,9.8805,9.888,9.3765,9.3765,1717.2000008586,0
MLEC.US,5,20251028,195000,9.8385,9.8385,9.8385,9.8385,26.666666680000002,0
MLEC.US,5,20251028,201000,9.567,9.6075,9.1515,9.207,779.0000003895,0
MLEC.US,5,20251028,202000,9.45,9.45,9.45,9.45,33.333333350000004,0
MLEC.US,5,20251028,202500,9.38325,9.38325,9.38325,9.38325,13.333333340000001,0
MLEC.US,5,20251028,203000,9.75,9.75,9.75,9.75,11.866666672600001,0
MLEC.US,5,20251028,204000,9.5265,9.5265,9.525,9.525,113.33333339,0
MLEC.US,5,20251028,204500,9.525,9.525,9.15,9.1815,2053.33333436,0
MLEC.US,5,20251028,205000,9.1515,9.825,9.1515,9.156,1730.4000008652001,0
MLEC.US,5,20251028,205500,9.15751,9.5925,9.15751,9.4965,171.7333334192,0
MLEC.US,5,20251029,143000,9.018,9.4935,9.018,9.25725,35.4000000177,0
MLEC.US,5,20251029,143500,9.222,9.222,9.075,9.075,116.9333333918,0
MLEC.US,5,20251029,144000,9.03,9.3,9.018,9.3,83.2000000416,0
MLEC.US,5,20251029,145000,9.45,9.45,9.018,9.018,571.333333619,0
MLEC.US,5,20251029,150000,9.15001,9.15001,9.15,9.15,149.33333340800002,0
MLEC.US,5,20251029,150500,9.15,9.15,9.15,9.15,26.5333333466,0
MLEC.US,5,20251029,151000,9.171,9.1755,9.0225,9.0225,192.5333334296,0
MLEC.US,5,20251029,152500,9.0255,9.0255,9.0255,9.0255,66.66666670000001,0
MLEC.US,5,20251029,153000,9.033,9.033,9.033,9.033,72.7333333697,0
MLEC.US,5,20251029,153500,9.222,9.237,9.027,9.201,173.33333342,0
MLEC.US,5,20251029,154000,9.027,9.2625,9.027,9.2625,73.33333337,0
MLEC.US,5,20251029,155000,9.2355,9.2355,9.0345,9.0345,13.333333340000001,0
MLEC.US,5,20251029,155500,9.027,9.231,9.027,9.027,614.4000003072,0
MLEC.US,5,20251029,160000,9.261,9.49048,9.0255,9.27,326.1333334964,0
MLEC.US,5,20251029,160500,9.0255,9.0255,9.0255,9.0255,6.666666670000001,0
MLEC.US,5,20251029,162500,9.129,9.2325,9.129,9.129,100.00000005,0
MLEC.US,5,20251029,163000,9.15,9.15,9.15,9.15,33.333333350000004,0
MLEC.US,5,20251029,170000,9.129,9.129,9.129,9.129,11.5333333391,0
MLEC.US,5,20251029,170500,9.129,9.129,9.129,9.129,23.0666666782,0
MLEC.US,5,20251029,171000,9.2025,9.2025,9.2025,9.2025,407.2000002036,0
MLEC.US,5,20251029,171500,9.2025,9.2175,9.11398,9.11398,46.66666669,0
MLEC.US,5,20251029,173000,9.117,9.117,9.0255,9.0255,66.66666670000001,0
MLEC.US,5,20251029,173500,9.12898,9.12898,9.12898,9.12898,6.666666670000001,0
MLEC.US,5,20251029,174500,9.231,9.2325,9.1305,9.2325,184.6000000923,0
MLEC.US,5,20251029,175000,9.225,9.225,9.225,9.225,60.00000003,0
MLEC.US,5,20251029,180500,9.81,9.81,9.81,9.81,86.66666671,0
MLEC.US,5,20251029,184500,9.4545,9.4545,9.366,9.4215,143.6666667385,0
MLEC.US,5,20251029,190000,9.3,9.3,9.3,9.3,6.666666670000001,0
MLEC.US,5,20251029,190500,9.3,9.3,9.186,9.186,65.333333366,0
MLEC.US,5,20251029,193500,9.1965,9.2085,9.1875,9.1875,326.66666683,0
MLEC.US,5,20251029,195500,9.189,9.189,9.189,9.189,67.0666667002,0
MLEC.US,5,20251029,201000,9.2175,9.2175,9.2175,9.2175,13.333333340000001,0
MLEC.US,5,20251029,202000,9.2175,9.2175,9.2175,9.2175,44.1333333554,0
MLEC.US,5,20251029,204500,9.5505,9.5745,9.3,9.3,73.33333337,0
MLEC.US,5,20251029,205500,9.351,9.7365,9.3495,9.3495,717.2666670253,0
MLEC.US,5,20251030,143000,9.6,9.72001,9.3495,9.3495,43.2666666883,0
MLEC.US,5,20251030,143500,9.3,9.3,9.018,9.018,1246.7333339567,0
MLEC.US,5,20251030,144000,9.48444,9.48444,9.0375,9.042,140.9333334038,0
MLEC.US,5,20251030,144500,9.06,9.06,9.06,9.06,58.666666696,0
MLEC.US,5,20251030,145000,9.207,9.207,9.207,9.207,56.000000028,0
MLEC.US,5,20251030,145500,9.207,9.207,9.207,9.207,60.00000003,0
MLEC.US,5,20251030,150000,9.603,9.603,9.603,9.603,6.666666670000001,0
MLEC.US,5,20251030,150500,9.207,9.495,9.207,9.495,82.66666670800001,0
MLEC.US,5,20251030,151000,9.375,9.375,9.0375,9.0375,192.666666763,0
MLEC.US,5,20251030,151500,9.168,9.168,9.0375,9.057,329.40000016470003,0
MLEC.US,5,20251030,152000,9.0465,9.0465,9.0375,9.039,220.00000011,0
MLEC.US,5,20251030,152500,9.045,10.173,9.045,9.324,316.00000015800003,0
MLEC.US,5,20251030,153000,9.0495,9.1725,9.045,9.1725,29.333333348,0
MLEC.US,5,20251030,153500,9.06,9.06,9.06,9.06,82.66666670800001,0
MLEC.US,5,20251030,154000,9.25567,9.25567,9.25567,9.25567,49.2666666913,0
MLEC.US,5,20251030,154500,9.045,9.045,9.045,9.045,58.666666696,0
MLEC.US,5,20251030,155000,9.1725,9.1725,9.1725,9.1725,6.666666670000001,0
MLEC.US,5,20251030,155500,9.045,9.045,9.045,9.045,60.00000003,0
MLEC.US,5,20251030,160500,9.1725,9.1725,9.045,9.045,62.666666698,0
MLEC.US,5,20251030,162000,9.045,9.045,9.045,9.045,58.666666696,0
MLEC.US,5,20251030,162500,9.1725,9.1725,9.1725,9.1725,6.666666670000001,0
MLEC.US,5,20251030,163000,9.0465,9.126,9,9,275.26666680430003,0
MLEC.US,5,20251030,163500,9,9.045,8.85,8.85,642.4666669879,0
MLEC.US,5,20251030,164000,8.838,8.97,8.799,8.97,159.5333334131,0
MLEC.US,5,20251030,164500,8.865,8.94,8.865,8.94,60.00000003,0
MLEC.US,5,20251030,165000,9,9,9,9,26.666666680000002,0
MLEC.US,5,20251030,165500,9,9,9,9,6.666666670000001,0
MLEC.US,5,20251030,170000,9,9,9,9,67.33333336700001,0
MLEC.US,5,20251030,170500,9.0015,9.084,9.0015,9.084,37.0000000185,0
MLEC.US,5,20251030,171000,9,9.3,9,9.039,116.2666667248,0
MLEC.US,5,20251030,172000,9.06256,9.06256,9.06256,9.06256,33.333333350000004,0
MLEC.US,5,20251030,172500,9,9.0015,8.9565,8.9565,69.5333333681,0
MLEC.US,5,20251030,173000,8.9565,8.9565,8.955,8.955,46.66666669,0
MLEC.US,5,20251030,173500,8.85,8.8515,8.85,8.85075,42.666666688,0
MLEC.US,5,20251030,174000,8.88,8.88,8.88,8.88,26.666666680000002,0
MLEC.US,5,20251030,175000,8.865,8.865,8.865,8.865,60.666666697000004,0
MLEC.US,5,20251030,180000,8.8755,8.8755,8.8755,8.8755,26.666666680000002,0
MLEC.US,5,20251030,180500,8.895,8.895,8.895,8.895,58.666666696,0
MLEC.US,5,20251030,181500,8.9475,9,8.9475,9,872.4000004362,0
MLEC.US,5,20251030,182000,8.89515,8.89515,8.89515,8.89515,533.3333336000001,0
MLEC.US,5,20251030,184500,9.15,9.1725,9,9,60.00000003,0
MLEC.US,5,20251030,190000,9.15,9.225,9,9,62.000000031,0
MLEC.US,5,20251030,192000,9.15,9.15,9,9,54.666666694,0
MLEC.US,5,20251030,193000,9.297,9.297,9.297,9.297,55.5333333611,0
MLEC.US,5,20251030,194000,9.0015,9.15,9.0015,9.0015,37.333333352000004,0
MLEC.US,5,20251030,195500,9,9.15,8.8515,8.89575,230.2666667818,0
MLEC.US,5,20251030,200000,8.88,8.8815,8.88,8.88075,46.66666669,0
MLEC.US,5,20251030,201500,9.0225,9.024,9,9,303.9333334853,0
MLEC.US,5,20251030,202000,8.85375,8.8545,8.853,8.85375,58.666666696,0
MLEC.US,5,20251030,203000,9.0075,9.0075,9.0075,9.0075,60.00000003,0
MLEC.US,5,20251030,203500,9.0105,9.0105,9.0075,9.0105,287.4666668104,0
MLEC.US,5,20251030,204000,9.0075,9.009,8.925,9.0015,253.33333346,0
MLEC.US,5,20251030,204500,9.0015,9.30226,9.0015,9.30226,256.80000012840003,0
MLEC.US,5,20251030,205500,9.0345,9.26325,9.003,9.003,215.4000001077,0
MLEC.US,5,20251031,151000,9.4455,9.4455,9.4455,9.4455,33.333333350000004,0
MLEC.US,5,20251031,151500,9.594,9.594,9.594,9.594,39.200000019600004,0
MLEC.US,5,20251031,152000,9.594,9.594,9.594,9.594,146.66666674,0
MLEC.US,5,20251031,153500,9.6,9.6,9.48,9.48,35.8666666846,0
MLEC.US,5,20251031,154500,9.735,9.735,9.735,9.735,6.666666670000001,0
MLEC.US,5,20251031,160500,9.1515,9.45,9.003,9.19575,366.4000001832,0
MLEC.US,5,20251031,162500,9.04458,9.04458,9.04458,9.04458,6.666666670000001,0
MLEC.US,5,20251031,163500,9.003,9.102,9.003,9.0045,450.8000002254,0
MLEC.US,5,20251031,171500,9.15,9.15,9.15,9.15,33.333333350000004,0
MLEC.US,5,20251031,172000,9.0825,9.195,9.0495,9.195,296.666666815,0
MLEC.US,5,20251031,172500,9.29998,9.29998,9.29998,9.29998,6.666666670000001,0
MLEC.US,5,20251031,173500,9.17475,9.17475,9.17475,9.17475,6.666666670000001,0
MLEC.US,5,20251031,181000,9.3,9.3,9.3,9.3,13.333333340000001,0
MLEC.US,5,20251031,184500,9.3,9.303,9.3,9.303,46.66666669,0
MLEC.US,5,20251031,185500,9.3045,9.63,9.0765,9.0765,213.33333344000002,0
MLEC.US,5,20251031,190000,9.645,9.645,9.645,9.645,6.666666670000001,0
MLEC.US,5,20251031,194000,9.3045,9.3045,9.1515,9.1515,400.0000002,0
MLEC.US,5,20251031,194500,9.5265,9.5265,9.45225,9.45225,360.9333335138,0
MLEC.US,5,20251031,200500,9.735,9.918,9.585,9.585,418.3333335425,0
MLEC.US,5,20251031,201500,10.056,10.056,9.585,9.585,273.33333347,0
MLEC.US,5,20251031,202000,9.585,9.585,9.3795,9.5265,179.333333423,0
MLEC.US,5,20251031,202500,9.675,10.056,9.66,10.056,100.00000005,0
MLEC.US,5,20251031,203000,10.062,10.062,10.062,10.062,266.66666680000003,0
MLEC.US,5,20251031,203500,9.585,10.182,9.585,9.585,693.33333368,0
MLEC.US,5,20251031,204000,10.1715,10.1715,9.834,9.834,13.333333340000001,0
MLEC.US,5,20251031,204500,9.5385,10.0965,9.5385,9.606,310.4000001552,0
MLEC.US,5,20251031,205000,9.6045,9.6045,9.6045,9.6045,6.666666670000001,0
MLEC.US,5,20251031,205500,9.894,10.1025,9.654,9.66,685.5333336761,0
MLEC.US,5,20251103,153000,9.582,9.582,9.582,9.582,11.0666666722,0
MLEC.US,5,20251103,153500,9.3015,9.9,9.3015,9.9,66.6000000333,0
MLEC.US,5,20251103,154000,9.9,9.9,9.3465,9.3495,99.6666667165,0
MLEC.US,5,20251103,154500,9.585,10.4985,9.585,9.75,97.46666671540001,0
MLEC.US,5,20251103,155000,9.7605,9.7605,9.7605,9.7605,16.666666675000002,0
MLEC.US,5,20251103,155500,9.753,9.753,9.3225,9.3225,357.6666668455,0
MLEC.US,5,20251103,160500,9.747,9.795,9.7245,9.7605,67.93333336730001,0
MLEC.US,5,20251103,161000,10.0255,10.1985,10.0255,10.1985,151.2666667423,0
MLEC.US,5,20251103,161500,9.975,9.975,9.975,9.975,264.000000132,0
MLEC.US,5,20251103,162000,9.97498,9.97498,9.97498,9.97498,146.66666674,0
MLEC.US,5,20251103,162500,10.05,10.05,10.05,10.05,129.66666673150002,0
MLEC.US,5,20251103,163500,9.8355,10.014,9.834,10.014,37.0000000185,0
MLEC.US,5,20251103,164500,9.8385,9.8385,9.8385,9.8385,6.666666670000001,0
MLEC.US,5,20251103,165000,9.8385,9.8385,9.8385,9.8385,8.333333337500001,0
MLEC.US,5,20251103,165500,9.8385,9.8385,9.8385,9.8385,6.666666670000001,0
MLEC.US,5,20251103,170500,10.014,10.014,10.014,10.014,144.3333334055,0
MLEC.US,5,20251103,171500,9.828,9.9,9.828,9.9,28.6000000143,0
MLEC.US,5,20251103,175000,10.0132,10.2,10.0132,10.2,13.333333340000001,0
MLEC.US,5,20251103,175500,10.014,10.014,10.014,10.014,6.666666670000001,0
MLEC.US,5,20251103,180500,10.014,10.014,10.014,10.014,6.666666670000001,0
MLEC.US,5,20251103,190500,10.0125,10.0125,9.8265,9.8265,153.33333341,0
MLEC.US,5,20251103,191000,9.5355,9.8535,9.3585,9.759,1193.33333393,0
MLEC.US,5,20251103,191500,9.7785,9.7785,9.7785,9.7785,13.333333340000001,0
MLEC.US,5,20251103,194000,9.82498,9.82498,9.82498,9.82498,6.666666670000001,0
MLEC.US,5,20251103,211000,9.8535,9.8535,9.825,9.82501,86.66666671,0
MLEC.US,5,20251103,215500,9.639,9.735,9.639,9.735,36.9333333518,0
MLEC.US,5,20251104,153000,9.7515,9.7515,9.75,9.75,44.5333333556,0
MLEC.US,5,20251104,154000,9.459,9.4605,9.459,9.4605,13.333333340000001,0
MLEC.US,5,20251104,162000,10.1685,10.1685,9.87,9.87,40.00000002,0
MLEC.US,5,20251104,171500,9.75,9.75,9.75,9.75,200.0000001,0
MLEC.US,5,20251104,183500,9.5445,9.5445,9.5445,9.5445,6.666666670000001,0
MLEC.US,5,20251104,192500,9.66,9.66,9.66,9.66,466.3333335665,0
MLEC.US,5,20251104,194500,9.4515,9.465,9.45,9.45,226.66666678,0
MLEC.US,5,20251104,203500,9.45,9.45,9.4485,9.4485,66.66666670000001,0
MLEC.US,5,20251104,215500,9.3015,9.3225,9.3015,9.3225,13.333333340000001,0
MLEC.US,5,20251105,153000,9.225,9.225,9.0075,9.0075,113.0666667232,0
MLEC.US,5,20251105,153500,9.0255,9.0255,9.0075,9.015,100.3333333835,0
MLEC.US,5,20251105,160500,9.3885,9.3885,9.1665,9.1665,13.333333340000001,0
MLEC.US,5,20251105,161500,9.2025,9.2025,9.2025,9.2025,12.0666666727,0
MLEC.US,5,20251105,170000,9.0165,9.15,9,9,481.0666669072,0
MLEC.US,5,20251105,170500,8.8815,8.8815,8.7915,8.865,200.6000001003,0
MLEC.US,5,20251105,171000,8.745,8.745,8.7,8.7,564.8000002824,0
MLEC.US,5,20251105,171500,8.7,8.7,8.55525,8.5965,589.333333628,0
MLEC.US,5,20251105,172500,9.1185,9.1185,9.1185,9.1185,61.000000030500004,0
MLEC.US,5,20251105,174500,9,9,8.655,8.7015,400.0000002,0
MLEC.US,5,20251105,175000,8.886,8.886,8.886,8.886,6.666666670000001,0
MLEC.US,5,20251105,183000,8.733,8.733,8.733,8.733,6.666666670000001,0
MLEC.US,5,20251105,190500,9.066,9.066,9.066,9.066,9.333333338000001,0
MLEC.US,5,20251105,191000,8.88675,8.88675,8.88675,8.88675,10.4666666719,0
MLEC.US,5,20251105,191500,8.7525,8.7525,8.751,8.751,26.666666680000002,0
MLEC.US,5,20251105,192000,8.7945,8.7945,8.7945,8.7945,33.333333350000004,0
MLEC.US,5,20251105,194500,8.7075,8.7075,8.7075,8.7075,6.666666670000001,0
MLEC.US,5,20251105,203000,8.745,8.745,8.712,8.7225,78.7333333727,0
MLEC.US,5,20251105,205000,8.718,9.17398,8.718,9.17398,130.2666667318,0
MLEC.US,5,20251105,205500,8.712,8.736,8.712,8.736,40.00000002,0
MLEC.US,5,20251105,210000,8.943,8.943,8.943,8.943,80.00000004,0
MLEC.US,5,20251105,215500,8.7645,8.7645,8.7195,8.7195,13.333333340000001,0
MLEC.US,5,20251106,153000,8.7,9.45,8.7,9.45,110.6000000553,0
MLEC.US,5,20251106,154000,8.775,8.775,8.775,8.775,6.666666670000001,0
MLEC.US,5,20251106,154500,8.727,8.775,8.7,8.775,100.3333333835,0
MLEC.US,5,20251106,160000,9.1125,9.1125,9.1125,9.1125,59.8666666966,0
MLEC.US,5,20251106,160500,9.14848,9.15,8.85,9.1095,1406.6666673700001,0
MLEC.US,5,20251106,161000,9.441,9.441,9.441,9.441,333.33333350000004,0
MLEC.US,5,20251106,161500,9.2985,9.3,9.2985,9.3,89.9333333783,0
MLEC.US,5,20251106,162500,9.375,9.42,9.375,9.42,26.666666680000002,0
MLEC.US,5,20251106,163500,9.15,9.4485,9.15,9.35461,606.1333336364,0
MLEC.US,5,20251106,164000,9.42,9.4485,9.42,9.4485,163.8000000819,0
MLEC.US,5,20251106,164500,9.447,9.63537,9.447,9.63537,343.8666668386,0
MLEC.US,5,20251106,165000,9.15,9.63675,9.15,9.63675,585.6000002928,0
MLEC.US,5,20251106,170000,9.22651,9.22651,9.22651,9.22651,6.666666670000001,0
MLEC.US,5,20251106,170500,9.2265,9.2265,9.2265,9.2265,22.8000000114,0
MLEC.US,5,20251106,171500,9.6375,9.6375,9.2265,9.2265,175.4000000877,0
MLEC.US,5,20251106,172000,9.15451,9.2325,9.15451,9.2325,133.33333340000001,0
MLEC.US,5,20251106,174500,9.3,9.3,9.3,9.3,7.666666670500001,0
MLEC.US,5,20251106,175500,9.396,9.396,9.396,9.396,6.666666670000001,0
MLEC.US,5,20251106,182000,9.4905,9.492,9.444,9.444,378.1333335224,0
MLEC.US,5,20251106,182500,9.4485,9.4485,9.4215,9.4215,186.66666676,0
MLEC.US,5,20251106,183500,9.4215,9.4215,9.396,9.396,62.3333333645,0
MLEC.US,5,20251106,185000,9.423,9.423,9.423,9.423,6.666666670000001,0
MLEC.US,5,20251106,190500,9.414,9.414,9.414,9.414,9.0666666712,0
MLEC.US,5,20251106,191500,9.396,9.396,9.396,9.396,9.0666666712,0
MLEC.US,5,20251106,192000,9.396,9.414,9.348,9.414,132.13333339940002,0
MLEC.US,5,20251106,192500,9.39298,9.3945,9.3465,9.393,340.00000017,0
MLEC.US,5,20251106,193000,9.34725,9.34725,9.34725,9.34725,80.666666707,0
MLEC.US,5,20251106,194000,9.35625,9.35625,9.35625,9.35625,13.0666666732,0
MLEC.US,5,20251106,195500,9.354,9.354,9.354,9.354,15.333333341000001,0
MLEC.US,5,20251106,203000,9.354,9.354,9.32625,9.32625,29.733333348200002,0
MLEC.US,5,20251106,212500,9.3255,9.3255,9.3255,9.3255,66.66666670000001,0
MLEC.US,5,20251106,214000,9.3525,9.3525,9.3525,9.3525,105.8000000529,0
MLEC.US,5,20251106,215000,9.3,9.3525,9,9.3525,1996.2000009981,0
MLEC.US,5,20251106,215500,9.231,9.231,9.15,9.15,154.8666667441,0
MLEC.US,5,20251107,153000,9.1275,9.1275,8.8515,8.8515,303.4000001517,0
MLEC.US,5,20251107,155500,8.8545,8.8545,8.8545,8.8545,8.7333333377,0
MLEC.US,5,20251107,160000,9.093,9.093,8.865,8.865,40.00000002,0
MLEC.US,5,20251107,164500,9.144,9.144,9.144,9.144,266.66666680000003,0
MLEC.US,5,20251107,170500,9.3315,9.3885,9.306,9.3885,500.7333335837,0
MLEC.US,5,20251107,171000,9.549,9.681,9.054,9.168,133.33333340000001,0
MLEC.US,5,20251107,174000,9.168,9.168,9.0495,9.111,99.6000000498,0
MLEC.US,5,20251107,174500,9.111,9.111,9.111,9.111,6.666666670000001,0
MLEC.US,5,20251107,175500,9.40801,9.558,9.40801,9.558,106.66666672000001,0
MLEC.US,5,20251107,180000,9.435,9.45,9.1155,9.1155,96.2666667148,0
MLEC.US,5,20251107,181000,9.456,9.456,9.456,9.456,14.2666666738,0
MLEC.US,5,20251107,182000,9.1515,9.1515,9.1515,9.1515,13.333333340000001,0
MLEC.US,5,20251107,194500,9.5085,9.5085,9.5085,9.5085,6.666666670000001,0
MLEC.US,5,20251107,201000,9.5325,9.5325,9.1515,9.34549,193.60000009680002,0
MLEC.US,5,20251107,202500,9.4575,9.4575,9.4575,9.4575,13.333333340000001,0
MLEC.US,5,20251107,203000,9.696,9.7635,9.4575,9.6015,545.1333336059,0
MLEC.US,5,20251107,203500,10.026,10.0485,9.8985,9.9,280.00000014,0
MLEC.US,5,20251107,204000,9.9,10.05,9.87,10.05,401.5333335341,0
MLEC.US,5,20251107,204500,9.891,10.05,9.891,10.047,400.2000002001,0
MLEC.US,5,20251107,211500,10.0305,10.0305,10.0305,10.0305,6.666666670000001,0
MLEC.US,5,20251107,213000,9.75,9.75,9.75,9.75,71.5333333691,0
MLEC.US,5,20251107,214500,9.996,10.005,9.996,10.005,93.6000000468,0
MLEC.US,5,20251107,215000,9.8025,10.035,9.8025,10.035,69.73333336820001,0
MLEC.US,5,20251107,215500,10.0335,10.0335,9.8175,9.8175,20.00000001,0
MLEC.US,5,20251110,153000,10.17,10.17,10.02,10.02,188.4000000942,0
MLEC.US,5,20251110,153500,10.005,10.185,10.005,10.185,39.1333333529,0
MLEC.US,5,20251110,154000,10.18,10.18,9.999,10.0005,406.8666668701,0
MLEC.US,5,20251110,154500,10.092,10.185,9.999,10.176,246.66666679,0
MLEC.US,5,20251110,155500,10.0935,10.1565,10.0935,10.1565,66.66666670000001,0
MLEC.US,5,20251110,160000,10.176,10.176,10.176,10.176,86.66666671,0
MLEC.US,5,20251110,161000,10.2,10.2,10.176,10.176,109.333333388,0
MLEC.US,5,20251110,161500,10.176,10.176,10.176,10.176,6.666666670000001,0
MLEC.US,5,20251110,162000,10.185,10.185,10.185,10.185,33.333333350000004,0
MLEC.US,5,20251110,163000,10.1835,10.1835,10.176,10.176,36.666666685,0
MLEC.US,5,20251110,163500,10.176,10.176,10.176,10.176,16.666666675000002,0
MLEC.US,5,20251110,164000,10.1715,10.1715,10.1595,10.1595,33.333333350000004,0
MLEC.US,5,20251110,165000,10.1715,10.1715,10.158,10.158,26.666666680000002,0
MLEC.US,5,20251110,165500,10.158,10.158,9.999,10.0366,346.0666668397,0
MLEC.US,5,20251110,170000,9.999,9.999,9.999,9.999,30.333333348500002,0
MLEC.US,5,20251110,170500,9.8295,9.8295,9.8295,9.8295,133.33333340000001,0
MLEC.US,5,20251110,172000,10.0977,10.0977,9.9,9.9654,60.00000003,0
MLEC.US,5,20251110,172500,9.9,9.9,9.9,9.9,200.0000001,0
MLEC.US,5,20251110,183500,10.14,10.14,10.11,10.11,80.00000004,0
MLEC.US,5,20251110,184500,10.11,10.11,10.11,10.11,10.000000005,0
MLEC.US,5,20251110,185000,10.1085,10.11,10.1085,10.11,123.6000000618,0
MLEC.US,5,20251110,191000,10.062,10.062,10.062,10.062,6.666666670000001,0
MLEC.US,5,20251110,192000,10.155,10.155,10.155,10.155,6.666666670000001,0
MLEC.US,5,20251110,192500,10.0605,10.0605,10.0275,10.0605,125.0000000625,0
MLEC.US,5,20251110,194000,9.903,9.915,9.903,9.915,13.333333340000001,0
MLEC.US,5,20251110,202000,10.1235,10.1235,10.1235,10.1235,6.666666670000001,0
MLEC.US,5,20251110,203000,9.9765,10.1505,9.825,9.8265,414.000000207,0
MLEC.US,5,20251110,204500,10.158,10.158,10.158,10.158,143.333333405,0
MLEC.US,5,20251110,210000,10.155,10.158,10.143,10.158,190.666666762,0
MLEC.US,5,20251110,211500,9.9915,9.99225,9.9915,9.99225,60.00000003,0
MLEC.US,5,20251110,215500,10.1505,10.152,10.1505,10.152,17.333333342,0
MLEC.US,5,20251111,153000,9.75,9.75,9.4335,9.615,301.6666668175,0
MLEC.US,5,20251111,153500,9.6,9.735,9.4575,9.735,337.9333335023,0
MLEC.US,5,20251111,154000,9.6255,9.6255,9.5925,9.5925,333.33333350000004,0
MLEC.US,5,20251111,154500,9.6645,9.75,9.594,9.75,219.7333334432,0
MLEC.US,5,20251111,155000,9.75,9.75,9.75,9.75,152.2000000761,0
MLEC.US,5,20251111,160000,9.6,9.75,9.59998,9.75,326.66666683,0
MLEC.US,5,20251111,161000,9.675,9.75,9.675,9.75,17.5333333421,0
MLEC.US,5,20251111,163500,9.6675,9.675,9.6675,9.6735,66.66666670000001,0
MLEC.US,5,20251111,164500,9.75,9.75,9.75,9.75,6.666666670000001,0
MLEC.US,5,20251111,165500,9.7395,9.7395,9.7395,9.7395,66.7333333667,0
MLEC.US,5,20251111,170500,9.4515,9.4515,9.4515,9.4515,10.000000005,0
MLEC.US,5,20251111,171000,9.45001,9.4515,9.45001,9.4515,16.5333333416,0
MLEC.US,5,20251111,171500,9.738,9.738,9.738,9.738,6.666666670000001,0
MLEC.US,5,20251111,174000,9.7395,9.7395,9.7395,9.7395,6.666666670000001,0
MLEC.US,5,20251111,181000,9.6,9.6,9.6,9.6,6.666666670000001,0
MLEC.US,5,20251111,182000,9.7485,9.7485,9.69717,9.69717,180.00000009000001,0
MLEC.US,5,20251111,182500,9.75,9.75,9.75,9.75,6.666666670000001,0
MLEC.US,5,20251111,192500,9.75,9.75,9.75,9.75,6.666666670000001,0
MLEC.US,5,20251111,193000,9.573,9.573,9.573,9.573,6.666666670000001,0
MLEC.US,5,20251111,202000,9.6975,9.6975,9.6975,9.6975,6.666666670000001,0
MLEC.US,5,20251111,203000,9.585,9.585,9.45,9.45,47.200000023600005,0
MLEC.US,5,20251111,203500,9.45,9.45,9.45,9.45,51.2666666923,0
MLEC.US,5,20251111,204000,9.6945,9.6945,9.6945,9.6945,6.666666670000001,0
MLEC.US,5,20251111,210500,9.6975,9.6975,9.6975,9.6975,6.666666670000001,0
MLEC.US,5,20251111,211000,9.696,9.696,9.696,9.696,6.666666670000001,0
MLEC.US,5,20251111,212500,9.465,9.57375,9.4335,9.4995,738.0000003690001,0
MLEC.US,5,20251111,213000,9.3,9.4335,9.1575,9.1575,1025.7333338462001,0
MLEC.US,5,20251111,213500,9.15901,9.15901,9.15901,9.15901,34.2000000171,0
MLEC.US,5,20251111,215500,9.168,9.30706,9.165,9.30706,77.5333333721,0
MLEC.US,5,20251112,153000,9.693,9.693,9.693,9.693,51.8666666926,0
MLEC.US,5,20251112,153500,9.45,9.4515,9.45,9.4515,36.6000000183,0
MLEC.US,5,20251112,161000,9.9,9.9,9.9,9.9,6.666666670000001,0
MLEC.US,5,20251112,163000,9.8835,9.8835,9.8835,9.8835,6.666666670000001,0
MLEC.US,5,20251112,163500,9.4815,9.4875,9.4815,9.4875,153.33333341,0
MLEC.US,5,20251112,164000,9.75,9.75,9.4515,9.4515,86.66666671,0
MLEC.US,5,20251112,164500,9.45,9.4515,9.15,9.15,1032.2666671828001,0
MLEC.US,5,20251112,165000,9.1905,9.1905,9.15,9.15,525.7333335962,0
MLEC.US,5,20251112,165500,9.0315,9.06,9,9.0315,97.333333382,0
MLEC.US,5,20251112,170000,9.0315,9.0315,9,9,210.666666772,0
MLEC.US,5,20251112,170500,9.015,9.015,8.895,8.895,36.000000018,0
MLEC.US,5,20251112,171000,9,9,8.9415,8.9415,13.333333340000001,0
MLEC.US,5,20251112,171500,9,9,8.94,9,989.333333828,0
MLEC.US,5,20251112,172500,9,9,9,9,153.33333341,0
MLEC.US,5,20251112,173000,8.883,8.883,8.883,8.883,61.4666666974,0
MLEC.US,5,20251112,174000,9,9,9,9,333.33333350000004,0
MLEC.US,5,20251112,181500,8.886,8.895,8.886,8.895,28.666666681000002,0
MLEC.US,5,20251112,183000,8.9985,8.9985,8.9985,8.9985,133.33333340000001,0
MLEC.US,5,20251112,185500,8.994,9,8.94,8.94,26.666666680000002,0
MLEC.US,5,20251112,190000,9,9,8.94,8.94,15.333333341000001,0
MLEC.US,5,20251112,192000,8.9415,8.9415,8.8995,8.8995,426.3333335465,0
MLEC.US,5,20251112,192500,8.8995,8.8995,8.8995,8.8995,26.666666680000002,0
MLEC.US,5,20251112,193500,8.8995,8.8995,8.8995,8.8995,126.66666673,0
MLEC.US,5,20251112,194000,8.8845,8.886,8.7,8.85,451.0000002255,0
MLEC.US,5,20251112,200500,8.78775,8.78775,8.787,8.787,119.0666667262,0
MLEC.US,5,20251112,201500,8.85,8.85,8.85,8.85,6.666666670000001,0
MLEC.US,5,20251112,202000,8.787,8.787,8.787,8.787,6.666666670000001,0
MLEC.US,5,20251112,202500,8.787,8.787,8.787,8.787,6.666666670000001,0
MLEC.US,5,20251112,203500,8.7525,8.7525,8.7525,8.7525,49.6666666915,0
MLEC.US,5,20251112,210000,8.7885,8.7885,8.787,8.787,73.33333337,0
MLEC.US,5,20251112,212000,8.7885,8.7885,8.7885,8.7885,47.0666666902,0
MLEC.US,5,20251112,213000,8.7045,8.8755,8.7,8.8755,94.4666667139,0
MLEC.US,5,20251112,213500,8.79,8.8785,8.79,8.8785,74.4666667039,0
MLEC.US,5,20251112,214000,8.8785,8.87925,8.8785,8.87925,146.66666674,0
MLEC.US,5,20251112,214500,8.8785,8.87998,8.85,8.85,153.33333341,0
MLEC.US,5,20251112,215000,8.88,8.88,8.8515,8.868,86.66666671,0
MLEC.US,5,20251112,215500,9,9,8.9415,8.9985,400.2666668668,0
MLEC.US,5,20251113,153000,8.9715,8.9715,8.9715,8.9715,173.33333342,0
MLEC.US,5,20251113,153500,8.8515,8.8515,8.8515,8.8515,13.333333340000001,0
MLEC.US,5,20251113,154500,8.91,8.91,8.8515,8.8515,150.000000075,0
MLEC.US,5,20251113,155000,8.85075,8.85075,8.85075,8.85075,66.66666670000001,0
MLEC.US,5,20251113,155500,8.85,8.8515,8.85,8.8515,33.0666666832,0
MLEC.US,5,20251113,160000,8.85,8.85,8.85,8.85,100.1333333834,0
MLEC.US,5,20251113,161500,8.81325,8.81325,8.775,8.775,66.66666670000001,0
MLEC.US,5,20251113,162500,8.75625,8.757,8.75625,8.757,26.666666680000002,0
MLEC.US,5,20251113,163500,8.70001,8.70001,8.70001,8.70001,166.66666675000002,0
MLEC.US,5,20251113,170000,8.8125,8.8125,8.8125,8.8125,26.666666680000002,0
MLEC.US,5,20251113,171000,8.715,8.715,8.6955,8.6955,112.6000000563,0
MLEC.US,5,20251113,172500,8.69848,8.69848,8.69848,8.69848,36.666666685,0
MLEC.US,5,20251113,174000,8.625,8.625,8.439,8.568,514.666666924,0
MLEC.US,5,20251113,174500,8.52,8.52,8.52,8.52,13.0666666732,0
MLEC.US,5,20251113,175000,8.568,8.568,8.568,8.568,33.333333350000004,0
MLEC.US,5,20251113,180500,8.565,8.5665,8.5245,8.5245,163.1333334149,0
MLEC.US,5,20251113,181000,8.5245,8.5245,8.5245,8.5245,13.333333340000001,0
MLEC.US,5,20251113,184500,8.5665,8.5665,8.5455,8.5455,26.666666680000002,0
MLEC.US,5,20251113,185500,8.5245,8.568,8.5245,8.5665,759.8000003799,0
MLEC.US,5,20251113,190000,8.532,8.568,8.5245,8.568,184.8666667591,0
MLEC.US,5,20251113,191000,8.5215,8.5215,8.5215,8.5215,10.6000000053,0
MLEC.US,5,20251113,192500,8.4855,8.4855,8.4855,8.4855,17.333333342,0
MLEC.US,5,20251113,201000,8.4855,8.4855,8.4855,8.4855,112.73333338970001,0
MLEC.US,5,20251113,203000,8.55,8.55,8.55,8.55,6.666666670000001,0
MLEC.US,5,20251113,204500,8.55,8.55,8.547,8.547,46.66666669,0
MLEC.US,5,20251113,205000,8.5485,8.5485,8.5485,8.5485,66.66666670000001,0
MLEC.US,5,20251113,210000,8.547,8.547,8.517,8.517,53.333333360000005,0
MLEC.US,5,20251113,211500,8.4855,8.4855,8.4855,8.4855,33.333333350000004,0
MLEC.US,5,20251113,212000,8.517,8.55,8.517,8.517,1162.4666672479,0
MLEC.US,5,20251113,213000,8.583,8.583,8.583,8.583,46.66666669,0
MLEC.US,5,20251113,213500,8.583,8.7165,8.583,8.7165,483.06666690820003,0
MLEC.US,5,20251113,215000,8.517,8.7375,8.517,8.625,53.000000026500004,0
MLEC.US,5,20251113,215500,8.7,8.7,8.55,8.55,1078.2000005391,0
MLEC.US,5,20251114,153000,8.55,8.55,8.442,8.4855,275.0000001375,0
MLEC.US,5,20251114,153500,8.63325,8.63325,8.63325,8.63325,66.66666670000001,0
MLEC.US,5,20251114,155000,8.55,8.55,8.55,8.55,63.2666666983,0
MLEC.US,5,20251114,160000,8.625,8.625,8.625,8.625,6.666666670000001,0
MLEC.US,5,20251114,161500,8.4015,8.4015,8.4015,8.4015,220.66666677700002,0
MLEC.US,5,20251114,162000,8.4,8.4,8.2995,8.2995,381.00000019050003,0
MLEC.US,5,20251114,162500,8.301,8.397,8.301,8.397,40.00000002,0
MLEC.US,5,20251114,163000,8.3985,8.3985,8.3985,8.3985,20.00000001,0
MLEC.US,5,20251114,163500,8.2995,8.4,8.2995,8.3985,30.000000015,0
MLEC.US,5,20251114,164000,8.3985,8.4,8.3985,8.4,33.333333350000004,0
MLEC.US,5,20251114,171500,8.475,8.6625,8.475,8.6625,35.0666666842,0
MLEC.US,5,20251114,173000,8.6625,8.835,8.6625,8.826,121.2666667273,0
MLEC.US,5,20251114,173500,8.6625,8.6625,8.6625,8.6625,20.00000001,0
MLEC.US,5,20251114,175000,8.4795,8.4795,8.4795,8.4795,40.00000002,0
MLEC.US,5,20251114,180000,8.4765,8.4765,8.4765,8.4765,7.5333333371,0
MLEC.US,5,20251114,181000,8.6625,8.6625,8.55,8.55,80.00000004,0
MLEC.US,5,20251114,183000,8.487,8.505,8.487,8.505,76.000000038,0
MLEC.US,5,20251114,183500,8.55,8.55,8.55,8.55,13.333333340000001,0
MLEC.US,5,20251114,185000,8.487,8.487,8.4765,8.4765,14.000000007,0
MLEC.US,5,20251114,190000,8.475,8.475,8.475,8.475,25.133333345900002,0
MLEC.US,5,20251114,190500,8.6265,8.6265,8.403,8.403,467.7333335672,0
MLEC.US,5,20251114,192000,8.625,8.625,8.625,8.625,144.8666667391,0
MLEC.US,5,20251114,193000,8.463,8.463,8.463,8.463,33.333333350000004,0
MLEC.US,5,20251114,193500,8.625,8.625,8.625,8.625,9.333333338000001,0
MLEC.US,5,20251114,194000,8.4,8.4,8.3265,8.3265,18.200000009100002,0
MLEC.US,5,20251114,195000,8.3295,8.4,8.3295,8.4,23.0000000115,0
MLEC.US,5,20251114,200500,8.3325,8.3325,8.3325,8.3325,15.4666666744,0
MLEC.US,5,20251114,201000,8.75745,8.75745,8.75745,8.75745,6.666666670000001,0
MLEC.US,5,20251114,202000,8.337,8.337,8.3355,8.3355,13.333333340000001,0
MLEC.US,5,20251114,202500,8.7735,8.7735,8.7735,8.7735,6.666666670000001,0
MLEC.US,5,20251114,203500,8.3385,8.3385,8.3385,8.3385,6.666666670000001,0
MLEC.US,5,20251114,204000,8.3385,8.3385,8.3385,8.3385,6.666666670000001,0
MLEC.US,5,20251114,205500,8.337,8.34,8.337,8.34,20.00000001,0
MLEC.US,5,20251114,211500,8.4,8.4,8.4,8.4,20.00000001,0
MLEC.US,5,20251114,213000,8.346,8.346,8.346,8.346,6.666666670000001,0
MLEC.US,5,20251114,214000,8.346,8.346,8.346,8.346,6.666666670000001,0
MLEC.US,5,20251114,215000,8.625,8.625,8.625,8.625,22.8666666781,0
MLEC.US,5,20251117,153000,8.7,8.7,8.7,8.7,12.000000006,0
MLEC.US,5,20251117,153500,8.70001,8.70001,8.70001,8.70001,43.333333355,0
MLEC.US,5,20251117,154000,8.7,8.7,8.7,8.7,6.666666670000001,0
MLEC.US,5,20251117,154500,8.766,8.766,8.7,8.7,86.66666671,0
MLEC.US,5,20251117,155000,8.70001,8.70001,8.28,8.28,525.6000002628,0
MLEC.US,5,20251117,160500,8.4,8.4,8.4,8.4,15.7333333412,0
MLEC.US,5,20251117,163000,8.5935,8.5935,8.5935,8.5935,133.33333340000001,0
MLEC.US,5,20251117,173500,8.4,8.4,8.4,8.4,6.666666670000001,0
MLEC.US,5,20251117,181500,8.454,8.454,8.454,8.454,9.0000000045,0
MLEC.US,5,20251117,182500,8.59198,8.59198,8.59198,8.59198,6.666666670000001,0
MLEC.US,5,20251117,185000,8.28,8.28,8.28,8.28,6.666666670000001,0
MLEC.US,5,20251117,204000,8.325,8.325,8.2665,8.2665,32.6000000163,0
MLEC.US,5,20251117,214500,8.325,8.325,8.325,8.325,73.33333337,0
MLEC.US,5,20251117,215000,8.3316,8.3316,8.3316,8.3316,6.666666670000001,0
MLEC.US,5,20251118,153500,8.4015,8.4015,8.4015,8.4015,6.666666670000001,0
MLEC.US,5,20251118,154000,8.5935,8.5935,8.5935,8.5935,66.66666670000001,0
MLEC.US,5,20251118,154500,8.439,8.5665,8.439,8.5665,133.33333340000001,0
MLEC.US,5,20251118,160500,8.6655,8.6655,8.6655,8.6655,50.000000025,0
MLEC.US,5,20251118,164000,8.475,8.6625,8.475,8.6625,36.666666685,0
MLEC.US,5,20251118,170000,8.493,8.532,8.493,8.532,42.000000021,0
MLEC.US,5,20251118,171000,8.5545,8.694,8.5545,8.694,26.666666680000002,0
MLEC.US,5,20251118,172000,8.5695,8.5695,8.5695,8.5695,6.666666670000001,0
MLEC.US,5,20251118,172500,8.70001,8.70001,8.5515,8.5515,33.333333350000004,0
MLEC.US,5,20251118,175500,8.6745,8.6745,8.6745,8.6745,26.666666680000002,0
MLEC.US,5,20251118,180000,8.6475,8.6475,8.6475,8.6475,6.666666670000001,0
MLEC.US,5,20251118,180500,8.628,8.628,8.628,8.628,6.666666670000001,0
MLEC.US,5,20251118,181500,8.5695,8.5695,8.55,8.55,75.0000000375,0
MLEC.US,5,20251118,182500,8.55,8.58,8.55,8.58,80.00000004,0
MLEC.US,5,20251118,183500,8.55,8.55,8.55,8.55,6.666666670000001,0
MLEC.US,5,20251118,190000,8.55,8.55,8.55,8.55,6.666666670000001,0
MLEC.US,5,20251118,190500,8.55,8.55,8.55,8.55,13.333333340000001,0
MLEC.US,5,20251118,191000,8.58181,8.58181,8.4,8.4,459.0666668962,0
MLEC.US,5,20251118,191500,8.355,8.355,8.355,8.355,6.666666670000001,0
MLEC.US,5,20251118,193500,8.3565,8.67,8.3565,8.67,13.333333340000001,0
MLEC.US,5,20251118,201500,8.355,8.355,8.355,8.355,166.66666675000002,0
MLEC.US,5,20251118,203500,8.355,8.355,8.355,8.355,12.666666673,0
MLEC.US,5,20251118,215500,8.3565,8.3565,8.3565,8.3565,17.0000000085,0
MLEC.US,5,20251119,153500,8.403,8.55,8.382,8.55,42.000000021,0
MLEC.US,5,20251119,155000,8.60325,8.60325,8.60325,8.60325,53.333333360000005,0
MLEC.US,5,20251119,160000,8.3835,8.3835,8.3835,8.3835,26.8666666801,0
MLEC.US,5,20251119,162000,8.60325,8.60325,8.60325,8.60325,26.666666680000002,0
MLEC.US,5,20251119,165000,8.721,8.721,8.721,8.721,316.666666825,0
MLEC.US,5,20251119,171000,8.52973,8.52973,8.52973,8.52973,6.666666670000001,0
MLEC.US,5,20251119,172500,8.529,8.529,8.529,8.529,6.666666670000001,0
MLEC.US,5,20251119,174000,8.5515,8.5515,8.5515,8.5515,6.666666670000001,0
MLEC.US,5,20251119,175500,8.55,8.55,8.55,8.55,168.4000000842,0
MLEC.US,5,20251119,180000,8.484,8.5305,8.4015,8.466,80.2666667068,0
MLEC.US,5,20251119,180500,8.532,8.55,8.44425,8.55,511.26666692230003,0
MLEC.US,5,20251119,182500,8.4915,8.4915,8.4915,8.4915,6.666666670000001,0
MLEC.US,5,20251119,190500,8.4915,8.544,8.4915,8.4915,413.33333354,0
MLEC.US,5,20251119,194000,8.4915,8.4915,8.4915,8.4915,13.333333340000001,0
MLEC.US,5,20251119,213500,8.49,8.5245,8.3565,8.5245,313.33333349000003,0
MLEC.US,5,20251120,153000,8.55,8.55,8.442,8.442,35.200000017600004,0
MLEC.US,5,20251120,153500,8.442,8.442,8.4405,8.442,198.9333334328,0
MLEC.US,5,20251120,154500,8.2935,8.2935,8.2935,8.2935,6.666666670000001,0
MLEC.US,5,20251120,155000,8.7525,8.7525,8.7525,8.7525,6.666666670000001,0
MLEC.US,5,20251120,155500,8.7,8.7,8.7,8.7,21.333333344,0
MLEC.US,5,20251120,161000,8.5725,8.5725,8.5725,8.5725,66.66666670000001,0
MLEC.US,5,20251120,170000,8.5725,8.5725,8.5725,8.5725,33.333333350000004,0
MLEC.US,5,20251120,175500,8.295,8.304,8.2665,8.2875,190.00000009500002,0
MLEC.US,5,20251120,180000,8.5395,8.5395,8.2665,8.268,300.00000015,0
MLEC.US,5,20251120,181000,8.49,8.49,8.49,8.49,6.666666670000001,0
MLEC.US,5,20251120,183500,8.367,8.397,8.367,8.397,40.00000002,0
MLEC.US,5,20251120,184000,8.3985,8.49,8.28,8.4675,1423.6000007118,0
MLEC.US,5,20251120,184500,8.481,8.481,8.28,8.4675,806.66666707,0
MLEC.US,5,20251120,185000,8.28015,8.3265,8.28,8.28,506.66666692,0
MLEC.US,5,20251120,190000,8.28,8.28,8.28,8.28,25.5333333461,0
MLEC.US,5,20251120,191000,8.2665,8.2665,7.65,8.09848,2837.4666680854,0
MLEC.US,5,20251120,193000,7.9875,7.9875,7.9875,7.9875,37.0000000185,0
MLEC.US,5,20251120,193500,8.1,8.1,8.1,8.1,6.666666670000001,0
MLEC.US,5,20251120,194500,7.875,7.875,7.875,7.875,6.666666670000001,0
MLEC.US,5,20251120,202000,7.8,7.95,7.8,7.8,99.2000000496,0
MLEC.US,5,20251120,203000,7.8,7.8,7.8,7.8,6.666666670000001,0
MLEC.US,5,20251120,205000,7.95,7.95,7.95,7.95,13.333333340000001,0
MLEC.US,5,20251120,205500,7.8,7.8,7.8,7.8,33.333333350000004,0
MLEC.US,5,20251120,210500,7.677,7.716,7.0575,7.074,2479.0000012395,0
MLEC.US,5,20251120,211000,7.395,7.395,7.074,7.074,100.00000005,0
MLEC.US,5,20251120,211500,7.2,7.2,7.0665,7.0665,918.5333337926,0
MLEC.US,5,20251120,212000,7.2,7.401,7.2,7.206,318.0666668257,0
MLEC.US,5,20251120,213000,7.446,7.446,7.446,7.446,6.666666670000001,0
MLEC.US,5,20251120,213500,7.3515,7.3515,7.1265,7.1265,682.7333336747,0
MLEC.US,5,20251120,214500,7.182,7.182,7.05,7.101,964.3333338155,0
MLEC.US,5,20251120,215000,7.1835,7.1835,6.765,7.059,132.666666733,0
MLEC.US,5,20251120,215500,6.9525,6.9525,6.855,6.855,66.1333333664,0
MLEC.US,5,20251121,153000,7.17,7.17,7.077,7.0785,35.0666666842,0
MLEC.US,5,20251121,153500,7.071,7.083,7.059,7.059,219.0000001095,0
MLEC.US,5,20251121,160500,7.458,7.458,7.458,7.458,6.666666670000001,0
MLEC.US,5,20251121,161500,7.269,7.269,7.269,7.269,33.333333350000004,0
MLEC.US,5,20251121,162000,7.2675,7.2675,7.2675,7.2675,9.2666666713,0
MLEC.US,5,20251121,163500,7.2,7.2,7.2,7.2,133.33333340000001,0
MLEC.US,5,20251121,164500,7.1655,7.1655,7.1655,7.1655,21.333333344,0
MLEC.US,5,20251121,165000,6.96,7.0485,6.96,7.0485,26.5333333466,0
MLEC.US,5,20251121,170000,6.7695,6.7695,6.7665,6.7665,105.8666667196,0
MLEC.US,5,20251121,170500,6.9,6.9,6.7665,6.7665,648.5333336576,0
MLEC.US,5,20251121,171500,6.7665,6.7665,6.7665,6.7665,66.66666670000001,0
MLEC.US,5,20251121,172500,6.9,6.9,6.9,6.9,26.666666680000002,0
MLEC.US,5,20251121,173000,7.08477,7.08477,6.9,6.9,173.33333342,0
MLEC.US,5,20251121,190500,6.9,6.9,6.9,6.9,33.2000000166,0
MLEC.US,5,20251121,191500,6.7665,6.7665,6.7665,6.7665,6.666666670000001,0
MLEC.US,5,20251121,193000,6.7665,6.7665,6.75,6.75,355.8666668446,0
MLEC.US,5,20251121,195500,6.7515,6.7515,6.615,6.615,95.6666667145,0
MLEC.US,5,20251121,200500,6.9,6.9,6.753,6.753,20.00000001,0
MLEC.US,5,20251121,201000,6.82576,6.82576,6.82576,6.82576,6.666666670000001,0
MLEC.US,5,20251121,201500,6.82573,6.82573,6.82573,6.82573,66.66666670000001,0
MLEC.US,5,20251121,214000,6.7995,6.7995,6.75,6.7875,53.0666666932,0
MLEC.US,5,20251121,214500,6.8235,6.8985,6.756,6.756,511.6000002558,0
MLEC.US,5,20251121,215500,6.7515,6.753,6.7515,6.753,106.66666672000001,0
MLEC.US,5,20251124,153000,6.7275,6.7275,6.636,6.7065,157.8666667456,0
MLEC.US,5,20251124,153500,6.648,6.648,6.4545,6.456,296.666666815,0
MLEC.US,5,20251124,154000,6.5295,6.594,6.5295,6.5325,173.33333342,0
MLEC.US,5,20251124,154500,6.5955,6.6255,6.4545,6.525,198.3333334325,0
MLEC.US,5,20251124,155000,6.6075,6.6555,6.3,6.3,2142.0666677377,0
MLEC.US,5,20251124,155500,6.3,6.4635,6,6,1444.4666673889,0
MLEC.US,5,20251124,160000,6.18,6.3,6.18,6.3,266.5333334666,0
MLEC.US,5,20251124,160500,6.3,6.30975,6.048,6.054,205.0000001025,0
MLEC.US,5,20251124,161000,6.249,6.249,6.2475,6.2475,46.66666669,0
MLEC.US,5,20251124,162000,6.249,6.249,6.249,6.249,6.666666670000001,0
MLEC.US,5,20251124,162500,6.249,6.249,6.249,6.249,93.33333338,0
MLEC.US,5,20251124,163000,6.225,6.225,6.225,6.225,137.4000000687,0
MLEC.US,5,20251124,165000,6.225,6.225,6.225,6.225,6.666666670000001,0
MLEC.US,5,20251124,165500,6.33748,6.33748,6.33748,6.33748,33.333333350000004,0
MLEC.US,5,20251124,170500,6.44848,6.44848,6.44848,6.44848,6.666666670000001,0
MLEC.US,5,20251124,171500,6.225,6.2805,6.225,6.2805,36.666666685,0
MLEC.US,5,20251124,173000,6.33748,6.33748,6.33748,6.33748,100.00000005,0
MLEC.US,5,20251124,174000,6.22575,6.22575,6.22575,6.22575,6.666666670000001,0
MLEC.US,5,20251124,174500,6.15,6.15,6.15,6.15,132.666666733,0
MLEC.US,5,20251124,175500,6.15,6.15,6.15,6.15,6.666666670000001,0
MLEC.US,5,20251124,181000,6.3,6.435,6.3,6.303,96.0666667147,0
MLEC.US,5,20251124,181500,6.37575,6.4485,6.3,6.3,248.80000012440001,0
MLEC.US,5,20251124,183000,6.3,6.3,6.3,6.3,6.666666670000001,0
MLEC.US,5,20251124,184000,6.3765,6.3765,6.3765,6.3765,71.00000003550001,0
MLEC.US,5,20251124,184500,6.378,6.378,6.375,6.375,50.2000000251,0
MLEC.US,5,20251124,190000,6.44998,6.44998,6.44998,6.44998,50.000000025,0
MLEC.US,5,20251124,191500,6.3,6.3,6.21,6.21,456.666666895,0
MLEC.US,5,20251124,192500,6.198,6.198,6.15,6.15,33.333333350000004,0
MLEC.US,5,20251124,193000,6.15,6.285,6.15,6.159,173.1333334199,0
MLEC.US,5,20251124,193500,6.159,6.159,6.0195,6.0285,306.66666682,0
MLEC.US,5,20251124,194000,6.258,6.258,6.1095,6.1095,64.8000000324,0
MLEC.US,5,20251124,194500,6.1095,6.3,6.1095,6.3,522.2000002611001,0
MLEC.US,5,20251124,201500,6.2625,6.4485,6.2625,6.435,120.00000006,0
MLEC.US,5,20251124,203000,6.4485,6.45,6.4485,6.45,34.4000000172,0
MLEC.US,5,20251124,203500,6.45,6.45,6.3,6.3,570.8666669521,0
MLEC.US,5,20251124,204000,6.3,6.45,6.3,6.3,46.66666669,0
MLEC.US,5,20251124,204500,6.3,6.45,6.3,6.3,34.4000000172,0
MLEC.US,5,20251124,205000,6.45,6.45,6.45,6.45,14.400000007200001,0
MLEC.US,5,20251124,205500,6.45,6.45,6.45,6.45,100.00000005,0
MLEC.US,5,20251124,210000,6.30075,6.30075,6.30075,6.30075,6.666666670000001,0
MLEC.US,5,20251124,210500,6.3,6.45,6.3,6.45,21.0666666772,0
MLEC.US,5,20251124,211500,6.3,6.45,6.3,6.45,47.2666666903,0
MLEC.US,5,20251124,212500,6.579,6.579,6.579,6.579,6.666666670000001,0
MLEC.US,5,20251124,213000,6.57,6.6,6.57,6.6,40.00000002,0
MLEC.US,5,20251124,213500,6.6,6.6,6.5955,6.5955,27.8000000139,0
MLEC.US,5,20251124,214000,6.48,6.6,6.48,6.6,20.666666677000002,0
MLEC.US,5,20251124,214500,6.6,6.6,6.6,6.6,14.4666666739,0
MLEC.US,5,20251124,215000,6.597,6.597,6.3825,6.39,186.9333334268,0
MLEC.US,5,20251124,215500,6.6,6.645,6.525,6.645,167.73333341720001,0
MLEC.US,5,20251125,153000,6.3525,6.57525,6.15,6.57525,1148.7333339077,0
MLEC.US,5,20251125,154500,6.1515,6.3615,6.1515,6.171,561.4000002807,0
MLEC.US,5,20251125,160000,6.56998,6.56998,6.15,6.15,210.000000105,0
MLEC.US,5,20251125,161000,6.15,6.1626,6.075,6.075,172.0666667527,0
MLEC.US,5,20251125,162500,6.1785,6.1785,6.1785,6.1785,200.0000001,0
MLEC.US,5,20251125,163500,6.09,6.09,6.081,6.081,329.2000001646,0
MLEC.US,5,20251125,165000,6.078,6.078,6.075,6.075,104.6000000523,0
MLEC.US,5,20251125,165500,6.07575,6.07575,5.88,5.961,631.1333336489,0
MLEC.US,5,20251125,171000,5.97675,6.003,5.964,5.964,199.66666676650001,0
MLEC.US,5,20251125,171500,6.0825,6.0945,6.0825,6.0825,292.666666813,0
MLEC.US,5,20251125,172500,6.285,6.285,6.285,6.285,6.666666670000001,0
MLEC.US,5,20251125,173000,6.4305,6.4305,6.4305,6.4305,6.7333333367,0
MLEC.US,5,20251125,174000,6.285,6.285,6.285,6.285,6.666666670000001,0
MLEC.US,5,20251125,174500,6.285,6.285,6.285,6.285,6.666666670000001,0
MLEC.US,5,20251125,175000,6.285,6.56848,6.285,6.56848,230.1333334484,0
MLEC.US,5,20251125,180500,6.35998,6.36,6.35998,6.36,348.4666668409,0
MLEC.US,5,20251125,182000,6.4425,6.4425,6.378,6.378,20.00000001,0
MLEC.US,5,20251125,182500,6.4425,6.4425,6.315,6.315,366.66666685,0
MLEC.US,5,20251125,183000,6.3135,6.315,6.309,6.309,100.00000005,0
MLEC.US,5,20251125,191000,6.39,6.39,6.39,6.39,32.133333349400004,0
MLEC.US,5,20251125,192500,6.4125,6.4125,6.285,6.285,247.8666667906,0
MLEC.US,5,20251125,200000,6.393,6.393,6.393,6.393,13.333333340000001,0
MLEC.US,5,20251125,205500,6.285,6.285,6.285,6.285,7.333333337,0
MLEC.US,5,20251125,213500,6.285,6.285,6.183,6.183,180.00000009000001,0
MLEC.US,5,20251125,214500,6.18375,6.195,6.18375,6.195,253.33333346,0
MLEC.US,5,20251125,215000,6.21274,6.21274,6.21274,6.21274,40.00000002,0
MLEC.US,5,20251125,215500,6.231,6.285,6.195,6.285,357.2000001786,0
MLEC.US,5,20251126,153000,6.195,6.2835,6.165,6.165,88.0666667107,0
MLEC.US,5,20251126,153500,6.219,6.219,6.15,6.15,257.4666667954,0
MLEC.US,5,20251126,154000,6.15,6.15,6.15,6.15,6.666666670000001,0
MLEC.US,5,20251126,161000,6.2175,6.285,6.18,6.18,81.333333374,0
MLEC.US,5,20251126,162000,6.18,6.18,6.021,6.027,230.0666667817,0
MLEC.US,5,20251126,162500,6.0015,6.021,6,6.021,33.1333333499,0
MLEC.US,5,20251126,164500,6.015,6.015,6.015,6.015,12.9333333398,0
MLEC.US,5,20251126,165500,6.0195,6.0195,6,6,73.4000000367,0
MLEC.US,5,20251126,170500,6.00001,6.00001,6,6,15.333333341000001,0
MLEC.US,5,20251126,171000,6,6,6,6,31.0666666822,0
MLEC.US,5,20251126,174500,5.96323,5.96323,5.96323,5.96323,133.33333340000001,0
MLEC.US,5,20251126,175000,5.9265,5.9265,5.9265,5.9265,6.8000000034,0
MLEC.US,5,20251126,175500,5.9265,5.9265,5.874,5.874,46.66666669,0
MLEC.US,5,20251126,180000,5.9265,5.9265,5.8875,5.8875,61.000000030500004,0
MLEC.US,5,20251126,180500,5.8875,5.9025,5.8875,5.9025,93.33333338,0
MLEC.US,5,20251126,181000,5.892,6.024,5.8905,6,1342.7333340047,0
MLEC.US,5,20251126,181500,6.28348,6.28348,5.97601,5.97601,33.333333350000004,0
MLEC.US,5,20251126,185500,5.976,6.1515,5.976,6.0795,176.666666755,0
MLEC.US,5,20251126,193000,6,6,6,6,62.666666698,0
MLEC.US,5,20251126,194500,6.1515,6.1515,6.1515,6.1515,6.666666670000001,0
MLEC.US,5,20251126,195000,6.204,6.24,6.1755,6.1755,265.333333466,0
MLEC.US,5,20251126,202000,6.1155,6.285,6.0855,6.285,118.2000000591,0
MLEC.US,5,20251126,202500,6.1707,6.1707,6.087,6.087,133.33333340000001,0
MLEC.US,5,20251126,203500,6.18525,6.18525,6,6,259.7333334632,0
MLEC.US,5,20251126,204500,6,6,6,6,6.666666670000001,0
MLEC.US,5,20251126,205000,6.1425,6.1425,6,6,86.66666671,0
MLEC.US,5,20251126,205500,6,6,6,6,6.666666670000001,0
MLEC.US,5,20251126,210000,6,6,6,6,6.666666670000001,0
MLEC.US,5,20251126,211000,6.1425,6.2835,6,6.072,935.333333801,0
MLEC.US,5,20251126,211500,6.072,6.1425,6.072,6.072,32.000000016,0
MLEC.US,5,20251126,213000,6.0015,6.0015,6.0015,6.0015,6.666666670000001,0
MLEC.US,5,20251126,213500,6.0045,6.06,6.0045,6.06,20.00000001,0
MLEC.US,5,20251126,214000,6.012,6.012,6.012,6.012,6.666666670000001,0
MLEC.US,5,20251126,214500,6.0135,6.0135,6.0135,6.0135,6.666666670000001,0
MLEC.US,5,20251126,215000,6.009,6.009,6.009,6.009,6.666666670000001,0
MLEC.US,5,20251126,215500,6.0075,6.0075,6.0075,6.0075,6.666666670000001,0
MLEC.US,5,20251128,153000,6.42,6.42,6.063,6.063,258.8000001294,0
MLEC.US,5,20251128,153500,6.165,6.165,6.075,6.075,21.2666666773,0
MLEC.US,5,20251128,154500,6.13725,6.13725,6.1095,6.1095,46.66666669,0
MLEC.US,5,20251128,161500,6.1095,6.1365,6.075,6.1365,114.4666667239,0
MLEC.US,5,20251128,162500,6.1365,6.1365,6.1365,6.1365,6.666666670000001,0
MLEC.US,5,20251128,163000,6.1365,6.1365,6.003,6.0615,589.8000002949,0
MLEC.US,5,20251128,163500,6.0195,6.036,6.0195,6.036,13.333333340000001,0
MLEC.US,5,20251128,165500,6.0045,6.0045,6,6,129.0666667312,0
MLEC.US,5,20251128,170000,6,6,5.958,5.958,100.00000005,0
MLEC.US,5,20251128,171000,6.0015,6.0015,6.0015,6.0015,280.00000014,0
MLEC.US,5,20251128,180000,6.15,6.15,6.15,6.15,18.000000009,0
MLEC.US,5,20251128,183000,6.0045,6.0045,6.0015,6.003,66.66666670000001,0
MLEC.US,5,20251128,183500,6.063,6.063,6,6,156.66666674500001,0
MLEC.US,5,20251128,184000,6.003,6.003,6.003,6.003,133.33333340000001,0
MLEC.US,5,20251128,184500,5.958,6.006,5.958,6.006,519.7333335932,0
MLEC.US,5,20251128,185000,6,6,6,6,40.00000002,0
MLEC.US,5,20251128,185500,6,6,6,6,26.666666680000002,0
MLEC.US,5,20251201,153000,6.3,6.3,6,6,171.40000008570001,0
MLEC.US,5,20251201,154000,6.3,6.3,6.0075,6.0075,28.7333333477,0
MLEC.US,5,20251201,161500,6.0015,6.0015,6.0015,6.0015,6.666666670000001,0
MLEC.US,5,20251201,162000,6.0015,6.0015,6.0015,6.0015,6.666666670000001,0
MLEC.US,5,20251201,162500,6.0015,6.0015,6.0015,6.0015,6.666666670000001,0
MLEC.US,5,20251201,163000,6.0015,6.0015,6.0015,6.0015,6.666666670000001,0
MLEC.US,5,20251201,164000,6.0075,6.0075,6.0075,6.0075,6.666666670000001,0
MLEC.US,5,20251201,165000,6.0015,6.0015,6.0015,6.0015,6.666666670000001,0
MLEC.US,5,20251201,165500,6.0015,6.0015,6.0015,6.0015,6.666666670000001,0
MLEC.US,5,20251201,170500,6.024,6.024,6.024,6.024,6.666666670000001,0
MLEC.US,5,20251201,171000,6.15,6.15,6.0015,6.0015,155.8666667446,0
MLEC.US,5,20251201,172500,6.27148,6.27148,6.0015,6.0015,179.333333423,0
MLEC.US,5,20251201,173500,6.0015,6.0015,6.0015,6.0015,6.666666670000001,0
MLEC.US,5,20251201,180500,6.1365,6.225,6.0015,6.0555,598.6000002993001,0
MLEC.US,5,20251201,181500,6.111,6.111,6.0285,6.06075,544.000000272,0
MLEC.US,5,20251201,183000,6.084,6.084,6.084,6.084,11.333333339000001,0
MLEC.US,5,20251201,192000,6.06,6.06,6.06,6.06,6.666666670000001,0
MLEC.US,5,20251201,194500,6.0015,6.0015,6.0015,6.0015,33.333333350000004,0
MLEC.US,5,20251201,213500,6.174,6.174,6.174,6.174,12.000000006,0
MLEC.US,5,20251201,214000,6.099,6.129,6.099,6.129,20.00000001,0
MLEC.US,5,20251201,214500,6.225,6.29998,6.099,6.099,795.4000003977001,0
MLEC.US,5,20251201,215000,6.099,6.252,6.099,6.1365,471.1333335689,0
MLEC.US,5,20251201,215500,6.1755,6.2715,6.1755,6.2715,470.66666690200003,0
MLEC.US,5,20251202,153000,6.8235,6.8235,6.8235,6.8235,10.000000005,0
MLEC.US,5,20251202,161000,6.675,6.675,6.675,6.675,6.666666670000001,0
MLEC.US,5,20251202,161500,6.675,6.675,6.675,6.675,6.666666670000001,0
MLEC.US,5,20251202,162000,6.675,6.675,6.675,6.675,6.666666670000001,0
MLEC.US,5,20251202,162500,6.7485,6.7485,6.7485,6.7485,6.666666670000001,0
MLEC.US,5,20251202,163000,6.77413,6.77413,6.675,6.675,13.333333340000001,0
MLEC.US,5,20251202,163500,6.675,6.774,6.6,6.6,580.00000029,0
MLEC.US,5,20251202,164000,6.6,6.6,6.6,6.6,46.66666669,0
MLEC.US,5,20251202,165000,6.66675,6.66675,6.66675,6.66675,6.666666670000001,0
MLEC.US,5,20251202,165500,6.6,6.6,6.6,6.6,66.66666670000001,0
MLEC.US,5,20251202,170500,6.6,6.6,6.6,6.6,13.333333340000001,0
MLEC.US,5,20251202,171500,6.666,6.666,6.666,6.666,6.666666670000001,0
MLEC.US,5,20251202,173500,6.6645,6.6645,6.6645,6.6645,13.333333340000001,0
MLEC.US,5,20251202,174000,6.6,6.6,6.6,6.6,200.0000001,0
MLEC.US,5,20251202,174500,6.6015,6.6015,6.6015,6.6015,9.333333338000001,0
MLEC.US,5,20251202,175500,6.6645,6.6645,6.6645,6.6645,6.666666670000001,0
MLEC.US,5,20251202,185500,6.663,6.663,6.663,6.663,6.666666670000001,0
MLEC.US,5,20251202,191500,6.6,6.6,6.6,6.6,161.66666674750002,0
MLEC.US,5,20251202,192000,6.6,6.6,6.6,6.6,103.333333385,0
MLEC.US,5,20251202,193000,6.6615,6.6615,6.6615,6.6615,6.666666670000001,0
MLEC.US,5,20251202,195000,6.723,6.723,6.6615,6.6615,340.00000017,0
MLEC.US,5,20251202,200000,6.66075,6.7215,6.6,6.66075,733.3333337,0
MLEC.US,5,20251202,201000,6.66,6.825,6.66,6.7125,282.9333334748,0
MLEC.US,5,20251202,201500,6.81,6.81,6.81,6.81,6.666666670000001,0
MLEC.US,5,20251202,202500,6.7905,6.825,6.72,6.72,374.666666854,0
MLEC.US,5,20251202,203000,6.7815,6.81,6.615,6.6825,215.4000001077,0
MLEC.US,5,20251202,203500,6.825,6.9,6.8235,6.9,626.2666669798,0
MLEC.US,5,20251202,204000,7.1775,7.1775,7.1775,7.1775,6.666666670000001,0
MLEC.US,5,20251202,204500,7.1985,7.305,7.0755,7.0755,60.00000003,0
MLEC.US,5,20251202,210000,7.329,7.329,7.329,7.329,6.666666670000001,0
MLEC.US,5,20251202,211500,7.302,7.65,7.302,7.476,1194.9333339308,0
MLEC.US,5,20251202,212000,7.575,8.1,7.5,7.911,5791.4666695624,0
MLEC.US,5,20251202,212500,8.1,8.55,7.4115,7.5315,13450.666673392001,0
MLEC.US,5,20251202,213000,7.857,8.097,7.4655,7.5015,6272.8000031364,0
MLEC.US,5,20251202,213500,7.725,7.725,6.78,7.167,5700.666669517,0
MLEC.US,5,20251202,214000,7.2495,7.3245,6.9285,6.945,5047.5333358571,0
MLEC.US,5,20251202,214500,6.945,7.254,6.945,7.254,269.0000001345,0
MLEC.US,5,20251202,215000,7.2,7.2,6.75,6.78001,1192.8000005964,0
MLEC.US,5,20251202,215500,6.7815,7.245,6.78,7.245,1512.1333340894,0
MLEC.US,5,20251203,153000,6.9,7.5,6.9,7.49848,309.0666668212,0
MLEC.US,5,20251203,153500,6.9015,6.915,6.9,6.9,366.66666685,0
MLEC.US,5,20251203,154000,6.9165,6.9165,6.9165,6.9165,6.666666670000001,0
MLEC.US,5,20251203,154500,6.915,7.2075,6.855,6.855,306.66666682,0
MLEC.US,5,20251203,155000,6.855,6.9015,6.855,6.9015,13.333333340000001,0
MLEC.US,5,20251203,155500,6.9015,6.9795,6.8475,6.8475,538.5333336026,0
MLEC.US,5,20251203,160000,6.8475,6.9375,6.72,6.9375,562.1333336144,0
MLEC.US,5,20251203,160500,6.72,7.497,6.72,6.75,1217.9333339423001,0
MLEC.US,5,20251203,161000,6.75,6.7515,6.75,6.75,933.3333338,0
MLEC.US,5,20251203,161500,6.75,7.12423,6.75,6.75,34.666666684,0
MLEC.US,5,20251203,162000,6.75,6.75,6.75,6.75,13.333333340000001,0
MLEC.US,5,20251203,162500,6.7665,6.7665,6.7665,6.7665,13.333333340000001,0
MLEC.US,5,20251203,163000,7.269,7.269,6.7665,6.7665,13.333333340000001,0
MLEC.US,5,20251203,163500,6.903,6.903,6.903,6.903,6.666666670000001,0
MLEC.US,5,20251203,164000,6.9015,6.9015,6.9015,6.9015,6.666666670000001,0
MLEC.US,5,20251203,164500,6.9405,6.9405,6.9405,6.9405,6.666666670000001,0
MLEC.US,5,20251203,171000,6.939,6.939,6.9195,6.939,102.8000000514,0
MLEC.US,5,20251203,171500,7.209,7.209,7.209,7.209,95.2000000476,0
MLEC.US,5,20251203,172000,6.9195,6.9195,6.9195,6.9195,6.666666670000001,0
MLEC.US,5,20251203,172500,6.924,6.924,6.924,6.924,6.666666670000001,0
MLEC.US,5,20251203,173000,6.9195,6.9195,6.9195,6.9195,6.666666670000001,0
MLEC.US,5,20251203,173500,6.9195,6.9195,6.9195,6.9195,6.666666670000001,0
MLEC.US,5,20251203,174000,6.9195,6.9195,6.9195,6.9195,6.666666670000001,0
MLEC.US,5,20251203,174500,6.9195,6.9195,6.9195,6.9195,6.666666670000001,0
MLEC.US,5,20251203,175500,6.9015,7.35,6.9015,7.35,73.33333337,0
MLEC.US,5,20251203,180000,6.921,7.09665,6.9015,7.09665,86.7333333767,0
MLEC.US,5,20251203,181000,6.9945,6.9945,6.9945,6.9945,6.666666670000001,0
MLEC.US,5,20251203,183000,6.918,6.918,6.918,6.918,6.666666670000001,0
MLEC.US,5,20251203,183500,6.918,6.918,6.918,6.918,6.666666670000001,0
MLEC.US,5,20251203,184000,6.918,6.918,6.918,6.918,6.666666670000001,0
MLEC.US,5,20251203,185000,6.918,6.918,6.918,6.918,6.666666670000001,0
MLEC.US,5,20251203,185500,7.059,7.059,6.91801,6.91801,66.66666670000001,0
MLEC.US,5,20251203,190500,6.918,6.918,6.918,6.918,6.666666670000001,0
MLEC.US,5,20251203,191000,6.918,6.918,6.918,6.918,13.333333340000001,0
MLEC.US,5,20251203,191500,6.918,6.918,6.918,6.918,13.333333340000001,0
MLEC.US,5,20251203,192000,6.9,6.918,6.9,6.9,265.6000001328,0
MLEC.US,5,20251203,192500,6.9,6.9,6.9,6.9,6.666666670000001,0
MLEC.US,5,20251203,193000,6.9,6.9,6.9,6.9,13.333333340000001,0
MLEC.US,5,20251203,194000,6.9,6.9,6.765,6.765,75.26666670430001,0
MLEC.US,5,20251203,195500,6.795,6.795,6.795,6.795,6.666666670000001,0
MLEC.US,5,20251203,200000,6.9135,6.915,6.91275,6.9135,93.33333338,0
MLEC.US,5,20251203,201000,7.14148,7.14148,7.14148,7.14148,12.666666673,0
MLEC.US,5,20251203,201500,7.05,7.05,7.05,7.05,14.333333340500001,0
MLEC.US,5,20251203,203000,6.7845,6.7845,6.7845,6.7845,6.666666670000001,0
MLEC.US,5,20251203,204500,6.9,6.9,6.9,6.9,6.666666670000001,0
MLEC.US,5,20251203,205000,7.05,7.05,6.9,6.9,19.333333343,0
MLEC.US,5,20251203,205500,6.9,6.9,6.9,6.9,6.666666670000001,0
MLEC.US,5,20251203,211500,6.915,6.915,6.9015,6.9015,20.00000001,0
MLEC.US,5,20251203,212500,6.9,6.9,6.615,6.834,936.8000004684001,0
MLEC.US,5,20251203,215500,6.7545,6.7545,6.75,6.75,49.8000000249,0
MLEC.US,5,20251204,153000,6.6975,6.6975,6.6975,6.6975,8.666666671,0
MLEC.US,5,20251204,153500,6.8775,6.8775,6.75,6.8775,112.9333333898,0
MLEC.US,5,20251204,155000,6.8865,6.8865,6.768,6.768,139.9333334033,0
MLEC.US,5,20251204,155500,6.7995,6.7995,6.7995,6.7995,6.666666670000001,0
MLEC.US,5,20251204,161500,6.891,6.891,6.7995,6.7995,33.333333350000004,0
MLEC.US,5,20251204,163000,6.79954,6.801,6.7995,6.7995,326.66666683,0
MLEC.US,5,20251204,165500,6.90223,6.90223,6.7995,6.7995,46.66666669,0
MLEC.US,5,20251204,170000,6.90225,7.005,6.75,6.75,432.9333335498,0
MLEC.US,5,20251204,170500,6.756,6.756,6.75,6.756,153.33333341,0
MLEC.US,5,20251204,171000,6.75,6.75,6.75,6.75,6.666666670000001,0
MLEC.US,5,20251204,171500,6.753,6.753,6.75,6.75,13.333333340000001,0
MLEC.US,5,20251204,172000,6.75,6.75,6.75,6.75,6.666666670000001,0
MLEC.US,5,20251204,172500,6.8775,6.8775,6.75,6.75,13.333333340000001,0
MLEC.US,5,20251204,173000,6.768,6.768,6.7515,6.7515,35.4000000177,0
MLEC.US,5,20251204,173500,6.768,6.768,6.768,6.768,60.00000003,0
MLEC.US,5,20251204,175500,6.9,7.05,6.9,7.026,892.0000004460001,0
MLEC.US,5,20251204,180000,7.2,7.2,7.0515,7.0515,378.1333335224,0
MLEC.US,5,20251204,181500,6.99,6.99,6.99,6.99,26.9333333468,0
MLEC.US,5,20251204,182000,6.78,6.78,6.78,6.78,6.666666670000001,0
MLEC.US,5,20251204,183000,6.795,6.795,6.795,6.795,6.666666670000001,0
MLEC.US,5,20251204,183500,6.795,6.795,6.795,6.795,6.666666670000001,0
MLEC.US,5,20251204,184000,6.795,6.795,6.795,6.795,6.666666670000001,0
MLEC.US,5,20251204,184500,6.795,6.9975,6.795,6.9975,13.333333340000001,0
MLEC.US,5,20251204,185000,6.795,6.795,6.795,6.795,13.333333340000001,0
MLEC.US,5,20251204,185500,6.795,6.795,6.795,6.795,26.666666680000002,0
MLEC.US,5,20251204,190000,6.795,6.795,6.795,6.795,20.00000001,0
MLEC.US,5,20251204,190500,6.795,6.795,6.795,6.795,20.00000001,0
MLEC.US,5,20251204,191000,6.795,6.795,6.795,6.795,20.00000001,0
MLEC.US,5,20251204,191500,6.795,6.795,6.795,6.795,13.333333340000001,0
MLEC.US,5,20251204,192000,6.795,6.795,6.795,6.795,6.666666670000001,0
MLEC.US,5,20251204,192500,6.795,6.795,6.795,6.795,6.666666670000001,0
MLEC.US,5,20251204,194500,7.092,7.122,6.795,6.795,953.7333338102001,0
MLEC.US,5,20251204,195000,6.795,6.795,6.795,6.795,13.333333340000001,0
MLEC.US,5,20251204,195500,6.795,6.795,6.795,6.795,6.666666670000001,0
MLEC.US,5,20251204,200500,6.795,6.795,6.795,6.795,6.666666670000001,0
MLEC.US,5,20251204,201000,6.9975,6.9975,6.795,6.795,20.00000001,0
MLEC.US,5,20251204,202000,6.795,6.795,6.795,6.795,200.7333334337,0
MLEC.US,5,20251204,205500,6.9975,6.9975,6.795,6.795,93.33333338,0
MLEC.US,5,20251204,211500,7.0425,7.0425,6.8055,6.8055,30.000000015,0
MLEC.US,5,20251204,213500,7.00275,7.00275,7.00275,7.00275,13.333333340000001,0
MLEC.US,5,20251204,215500,7.0035,7.38,6.8055,7.38,563.4666669484,0
MLEC.US,5,20251205,153000,7.02,7.02,7.02,7.02,6.666666670000001,0
MLEC.US,5,20251205,154000,7.5,7.5,7.5,7.5,34.000000017,0
MLEC.US,5,20251205,154500,7.125,7.125,6.798,7.125,26.666666680000002,0
MLEC.US,5,20251205,155000,6.9315,6.9315,6.915,6.915,20.00000001,0
MLEC.US,5,20251205,155500,7.20151,7.2075,7.2,7.2,56.666666695,0
MLEC.US,5,20251205,160000,7.49985,7.49985,7.2,7.2015,160.00000008,0
MLEC.US,5,20251205,160500,7.2,7.2,7.2,7.2,6.666666670000001,0
MLEC.US,5,20251205,161000,7.2,7.2,7.2,7.2,6.666666670000001,0
MLEC.US,5,20251205,161500,7.095,7.2,6.75,6.7515,1676.0666675047,0
MLEC.US,5,20251205,162000,6.7515,6.7515,6.75,6.75,13.333333340000001,0
MLEC.US,5,20251205,162500,6.9,6.9,6.825,6.8985,293.8000001469,0
MLEC.US,5,20251205,171500,6.7515,6.7515,6.7515,6.7515,1264.2666672988,0
MLEC.US,5,20251205,174000,6.8265,6.8265,6.78,6.78,49.333333358000004,0
MLEC.US,5,20251205,181000,6.7515,6.7815,6.75,6.75,975.6000004878,0
MLEC.US,5,20251205,181500,7.125,7.125,6.753,6.753,13.333333340000001,0
MLEC.US,5,20251205,185000,6.7575,6.7575,6.7575,6.7575,6.666666670000001,0
MLEC.US,5,20251205,191000,7.497,7.497,6.7575,6.7575,746.8000003734,0
MLEC.US,5,20251205,192000,6.7575,6.7575,6.7575,6.7575,51.6666666925,0
MLEC.US,5,20251205,200000,6.7575,6.7575,6.7575,6.7575,120.00000006,0
MLEC.US,5,20251205,205000,7.08525,7.08525,6.7605,6.7605,40.00000002,0
MLEC.US,5,20251205,213000,7.41,7.41,6.7605,6.7605,93.33333338,0
MLEC.US,5,20251205,214500,6.813,7.185,6.75,7.185,775.6666670545001,0
MLEC.US,5,20251205,215500,7.008,7.0155,7.008,7.0095,273.8000001369,0
MLEC.US,5,20251208,153500,7.113,7.1385,6.75,6.87,375.4000001877,0
MLEC.US,5,20251208,155000,6.72997,6.75,6.72997,6.75,13.333333340000001,0
MLEC.US,5,20251208,155500,7.13998,7.13998,6.75,6.75,93.33333338,0
MLEC.US,5,20251208,160000,6.6015,6.87,6.6015,6.75,551.0000002755,0
MLEC.US,5,20251208,165500,6.87,6.87,6.75,6.75,216.666666775,0
MLEC.US,5,20251208,173000,6.765,6.765,6.6,6.6,113.33333339,0
MLEC.US,5,20251208,173500,6.6,6.6,6.6,6.6,6.666666670000001,0
MLEC.US,5,20251208,174500,6.75,6.75,6.6,6.6,26.666666680000002,0
MLEC.US,5,20251208,175000,6.75,6.75,6.642,6.642,20.00000001,0
MLEC.US,5,20251208,180000,6.615,6.615,6.50115,6.5325,201.6666667675,0
MLEC.US,5,20251208,181000,6.8235,6.8235,6.6,6.6,46.66666669,0
MLEC.US,5,20251208,185000,6.6,6.6,6.6,6.6,6.666666670000001,0
MLEC.US,5,20251208,185500,6.8235,6.8235,6.8235,6.8235,6.666666670000001,0
MLEC.US,5,20251208,194000,6.6,6.6015,6.345,6.345,1742.9333342048,0
MLEC.US,5,20251208,194500,6.393,6.58501,6.3465,6.585,420.00000021,0
MLEC.US,5,20251208,201500,6.5475,6.5475,6.5475,6.5475,6.666666670000001,0
MLEC.US,5,20251208,205500,6.6,6.6,6.45,6.45,67.0666667002,0
MLEC.US,5,20251208,211000,6.6,6.6,6.345,6.345,474.4000002372,0
MLEC.US,5,20251208,213000,6.75,6.75,6.4515,6.4515,93.33333338,0
MLEC.US,5,20251208,214500,6.525,6.525,6.525,6.525,20.00000001,0
MLEC.US,5,20251208,215500,6.525,6.63825,6.4515,6.4515,133.33333340000001,0
MLEC.US,5,20251209,153000,6.4515,6.4515,6.4515,6.4515,74.4666667039,0
MLEC.US,5,20251209,154000,6.6,6.6015,6.6,6.6015,79.4000000397,0
MLEC.US,5,20251209,170000,6.735,6.735,6.735,6.735,6.666666670000001,0
MLEC.US,5,20251209,181500,6.609,6.609,6.6045,6.6045,40.00000002,0
MLEC.US,5,20251209,182500,6.6045,6.6045,6.6045,6.6045,6.666666670000001,0
MLEC.US,5,20251209,191000,6.75,6.75,6.606,6.6375,106.66666672000001,0
MLEC.US,5,20251209,201000,6.735,6.735,6.6375,6.6375,13.333333340000001,0
MLEC.US,5,20251209,213000,6.7485,6.7485,6.747,6.747,20.00000001,0
MLEC.US,5,20251209,213500,6.63901,6.69451,6.6375,6.6375,135.7333334012,0
MLEC.US,5,20251209,214500,6.6405,6.7065,6.6375,6.663,286.66666681,0
MLEC.US,5,20251209,215500,6.735,6.735,6.735,6.735,55.9333333613,0
MLEC.US,5,20251210,153000,6.735,6.8235,6.4575,6.4575,848.8666670911,0
MLEC.US,5,20251210,153500,6.4575,6.825,6.4575,6.7515,121.6666667275,0
MLEC.US,5,20251210,154000,6.6,6.6,6.6,6.6,26.666666680000002,0
MLEC.US,5,20251210,154500,6.7365,6.7365,6.7365,6.7365,6.666666670000001,0
MLEC.US,5,20251210,155000,6.75,6.75,6.735,6.7365,561.7333336142,0
MLEC.US,5,20251210,155500,6.7365,6.825,6.45,6.6,1757.6666675455,0
MLEC.US,5,20251210,160000,6.81,6.825,6.81,6.825,26.666666680000002,0
MLEC.US,5,20251210,161500,6.8235,6.825,6.7125,6.7125,657.6000003288,0
MLEC.US,5,20251210,162000,6.7125,6.807,6.7125,6.807,53.333333360000005,0
MLEC.US,5,20251210,162500,6.82575,6.93,6.75,6.93,1301.0666673172,0
MLEC.US,5,20251210,163000,7.0515,7.0515,7.0515,7.0515,6.666666670000001,0
MLEC.US,5,20251210,163500,7.12425,7.12425,7.12425,7.12425,31.333333349,0
MLEC.US,5,20251210,164000,7.05,7.05,7.05,7.05,6.666666670000001,0
MLEC.US,5,20251210,165000,7.05,7.05,7.05,7.05,13.7333333402,0
MLEC.US,5,20251210,172000,7.05,7.05001,7.05,7.05001,21.333333344,0
MLEC.US,5,20251210,183000,7.1955,7.1955,7.1955,7.1955,9.7333333382,0
MLEC.US,5,20251210,184000,7.17,7.17,7.17,7.17,259.2000001296,0
MLEC.US,5,20251210,184500,7.0515,7.1715,6.999,6.999,74.8666667041,0
MLEC.US,5,20251210,185000,6.975,7.0575,6.9,6.9,284.4000001422,0
MLEC.US,5,20251210,185500,6.9,6.9,6.9,6.9,6.666666670000001,0
MLEC.US,5,20251210,190000,6.765,6.765,6.765,6.765,6.666666670000001,0
MLEC.US,5,20251210,190500,6.7725,6.7725,6.7725,6.7725,6.666666670000001,0
MLEC.US,5,20251210,191000,6.7725,6.7725,6.7725,6.7725,6.666666670000001,0
MLEC.US,5,20251210,191500,6.7725,6.7725,6.7725,6.7725,6.666666670000001,0
MLEC.US,5,20251210,192000,6.795,6.975,6.795,6.975,13.333333340000001,0
MLEC.US,5,20251210,192500,6.765,6.765,6.765,6.765,6.666666670000001,0
MLEC.US,5,20251210,193000,6.9015,7.0275,6.9015,7.0275,13.333333340000001,0
MLEC.US,5,20251210,193500,6.903,6.903,6.903,6.903,6.666666670000001,0
MLEC.US,5,20251210,195500,6.903,6.903,6.9015,6.9015,80.00000004,0
MLEC.US,5,20251210,200000,6.97575,6.97575,6.9,6.9,66.66666670000001,0
MLEC.US,5,20251210,200500,6.9,6.9,6.9,6.9,6.666666670000001,0
MLEC.US,5,20251210,201000,6.9015,6.9015,6.9015,6.9015,6.666666670000001,0
MLEC.US,5,20251210,201500,6.9,6.9,6.9,6.9,6.666666670000001,0
MLEC.US,5,20251210,202000,6.9,6.9,6.9,6.9,6.666666670000001,0
MLEC.US,5,20251210,202500,6.9,6.9,6.783,6.783,13.333333340000001,0
MLEC.US,5,20251210,203000,6.825,6.9,6.783,6.783,80.00000004,0
MLEC.US,5,20251210,211000,6.783,6.78301,6.783,6.78301,87.7333333772,0
MLEC.US,5,20251210,214000,6.783,6.8235,6.783,6.8235,13.333333340000001,0
MLEC.US,5,20251210,215500,6.783,6.9915,6.783,6.9915,125.4000000627,0
MLEC.US,5,20251211,154000,7.05,7.05,7.05,7.05,6.666666670000001,0
MLEC.US,5,20251211,155000,7.05,7.05,7.05,7.05,6.666666670000001,0
MLEC.US,5,20251211,160500,6.975,6.975,6.75,6.771,2342.666667838,0
MLEC.US,5,20251211,161000,6.792,6.792,6.792,6.792,6.666666670000001,0
MLEC.US,5,20251211,161500,6.7845,6.7845,6.7845,6.7845,6.666666670000001,0
MLEC.US,5,20251211,162000,6.7935,6.9675,6.7785,6.7785,66.66666670000001,0
MLEC.US,5,20251211,162500,6.7785,6.7785,6.7785,6.7785,6.666666670000001,0
MLEC.US,5,20251211,170000,6.768,6.768,6.6405,6.6405,872.9333337698,0
MLEC.US,5,20251211,170500,6.6345,6.6405,6.6195,6.6195,24.000000012,0
MLEC.US,5,20251211,171000,6.615,6.615,6.615,6.615,6.666666670000001,0
MLEC.US,5,20251211,171500,6.546,6.546,6.546,6.546,6.666666670000001,0
MLEC.US,5,20251211,172000,6.5385,6.5385,6.5385,6.5385,6.666666670000001,0
MLEC.US,5,20251211,172500,6.537,6.537,6.537,6.537,6.666666670000001,0
MLEC.US,5,20251211,173000,6.5355,6.5355,6.5355,6.5355,6.666666670000001,0
MLEC.US,5,20251211,173500,6.549,6.549,6.549,6.549,6.666666670000001,0
MLEC.US,5,20251211,174000,6.549,6.549,6.51,6.51,40.00000002,0
MLEC.US,5,20251211,174500,6.501,6.501,6.501,6.501,6.666666670000001,0
MLEC.US,5,20251211,175000,6.5355,6.5355,6.522,6.522,63.6666666985,0
MLEC.US,5,20251211,175500,6.522,6.522,6.522,6.522,6.666666670000001,0
MLEC.US,5,20251211,180000,6.522,6.522,6.522,6.522,6.666666670000001,0
MLEC.US,5,20251211,180500,6.522,6.63,6.45,6.45,500.8666669171,0
MLEC.US,5,20251211,181000,6.4575,6.4575,6.4575,6.4575,6.666666670000001,0
MLEC.US,5,20251211,181500,6.4575,6.4575,6.4575,6.4575,6.666666670000001,0
MLEC.US,5,20251211,182000,6.4575,6.4575,6.4575,6.4575,6.666666670000001,0
MLEC.US,5,20251211,182500,6.4575,6.4575,6.45,6.45,42.666666688,0
MLEC.US,5,20251211,183000,6.45,6.45,6.45,6.45,26.666666680000002,0
MLEC.US,5,20251211,183500,6.45,6.45,6.45,6.45,6.666666670000001,0
MLEC.US,5,20251211,184000,6.45,6.45,6.45,6.45,20.00000001,0
MLEC.US,5,20251211,184500,6.45,6.5145,6.3,6.3,511.8666669226,0
MLEC.US,5,20251211,190500,6.2715,6.2715,6.27,6.27,13.333333340000001,0
MLEC.US,5,20251211,191000,6.2715,6.2715,6.2715,6.2715,6.666666670000001,0
MLEC.US,5,20251211,191500,6.57,6.57,6.57,6.57,13.333333340000001,0
MLEC.US,5,20251211,192000,6.2415,6.2415,6.2415,6.2415,6.666666670000001,0
MLEC.US,5,20251211,193500,6.39,6.39,6.39,6.39,6.666666670000001,0
MLEC.US,5,20251211,194000,6.39,6.39,6.39,6.39,6.666666670000001,0
MLEC.US,5,20251211,194500,6.39,6.39,6.39,6.39,20.00000001,0
MLEC.US,5,20251211,195000,6.39,6.39,6.39,6.39,6.666666670000001,0
MLEC.US,5,20251211,195500,6.39,6.39,6.39,6.39,6.666666670000001,0
MLEC.US,5,20251211,200000,6.39,6.39,6.39,6.39,6.666666670000001,0
MLEC.US,5,20251211,200500,6.39,6.39,6.39,6.39,6.666666670000001,0
MLEC.US,5,20251211,201000,6.39,6.39,6.39,6.39,6.666666670000001,0
MLEC.US,5,20251211,201500,6.39,6.39,6.39,6.39,20.00000001,0
MLEC.US,5,20251211,202000,6.39,6.39,6.39,6.39,20.00000001,0
MLEC.US,5,20251211,203000,6.39,6.39,6.39,6.39,6.666666670000001,0
MLEC.US,5,20251211,203500,6.39,6.39,6.39,6.39,6.666666670000001,0
MLEC.US,5,20251211,204000,6.57,6.57,6.3,6.3,46.66666669,0
MLEC.US,5,20251211,205500,6.4035,6.4035,6.4035,6.4035,6.666666670000001,0
MLEC.US,5,20251211,210000,6.4005,6.45,6.4005,6.45,13.333333340000001,0
MLEC.US,5,20251211,211000,6.4515,6.4515,6.4515,6.4515,6.666666670000001,0
MLEC.US,5,20251211,212000,6.4515,6.4515,6.4515,6.4515,6.666666670000001,0
MLEC.US,5,20251211,212500,6.4515,6.675,6.45,6.4545,73.33333337,0
MLEC.US,5,20251211,213000,6.4545,6.4545,6.4545,6.4545,20.00000001,0
MLEC.US,5,20251211,213500,6.4545,6.465,6.4545,6.465,13.333333340000001,0
MLEC.US,5,20251211,214000,6.45,6.4665,6.45,6.4665,20.00000001,0
MLEC.US,5,20251211,214500,6.4665,6.48,6.45,6.48,46.66666669,0
MLEC.US,5,20251211,215000,6.48,6.48,6.48,6.48,26.666666680000002,0
MLEC.US,5,20251211,215500,6.48,6.9,6.15,6.525,3750.6000018753,0
MLEC.US,5,20251212,160000,6.6615,6.6615,6.3,6.3,120.00000006,0
MLEC.US,5,20251212,160500,6.363,6.363,6.3,6.3,157.333333412,0
MLEC.US,5,20251212,163000,6.534,6.534,6.534,6.534,8.4000000042,0
MLEC.US,5,20251212,164000,6.318,6.3195,6.318,6.3195,13.333333340000001,0
MLEC.US,5,20251212,165500,6.7485,6.7485,6.7485,6.7485,6.666666670000001,0
MLEC.US,5,20251212,170000,6.318,6.318,6.318,6.318,6.666666670000001,0
MLEC.US,5,20251212,170500,6.318,6.321,6.318,6.321,26.666666680000002,0
MLEC.US,5,20251212,171000,6.318,6.318,6.318,6.318,20.00000001,0
MLEC.US,5,20251212,171500,6.534,6.534,6.534,6.534,6.666666670000001,0
MLEC.US,5,20251212,173000,6.318,6.318,6.318,6.318,13.333333340000001,0
MLEC.US,5,20251212,173500,6.318,6.318,6.318,6.318,6.666666670000001,0
MLEC.US,5,20251212,174000,6.318,6.318,6.318,6.318,13.333333340000001,0
MLEC.US,5,20251212,174500,6.318,6.318,6.318,6.318,6.666666670000001,0
MLEC.US,5,20251212,175000,6.318,6.318,6.318,6.318,20.00000001,0
MLEC.US,5,20251212,181000,6.3195,6.3195,6.318,6.318,20.00000001,0
MLEC.US,5,20251212,181500,6.74848,6.74848,6.318,6.318,13.333333340000001,0
MLEC.US,5,20251212,191000,6.348,6.348,6.348,6.348,6.666666670000001,0
MLEC.US,5,20251212,195500,6.348,6.348,6.348,6.348,6.666666670000001,0
MLEC.US,5,20251212,203500,6.348,6.348,6.348,6.348,6.666666670000001,0
MLEC.US,5,20251212,204000,6.348,6.348,6.348,6.348,6.666666670000001,0
MLEC.US,5,20251212,204500,6.348,6.348,6.348,6.348,6.666666670000001,0
MLEC.US,5,20251212,205000,6.348,6.348,6.348,6.348,6.666666670000001,0
MLEC.US,5,20251212,205500,6.348,6.549,6.348,6.549,36.666666685,0
MLEC.US,5,20251212,211500,6.549,6.549,6.549,6.549,53.7333333602,0
MLEC.US,5,20251212,212000,6.549,6.549,6.321,6.321,13.333333340000001,0
MLEC.US,5,20251212,213000,6.318,6.318,6.318,6.318,6.666666670000001,0
MLEC.US,5,20251212,213500,6.318,6.318,6.318,6.318,6.666666670000001,0
MLEC.US,5,20251212,214000,6.318,6.318,6.318,6.318,6.666666670000001,0
MLEC.US,5,20251212,215000,6.318,6.318,6.318,6.318,6.666666670000001,0
MLEC.US,5,20251212,215500,6.534,6.534,6.534,6.534,85.4000000427,0
MLEC.US,5,20251215,154500,6.225,6.24,6.225,6.24,77.6000000388,0
MLEC.US,5,20251215,161000,6.2265,6.228,6.15,6.15,460.80000023040003,0
MLEC.US,5,20251215,161500,6.1605,6.1605,6.1605,6.1605,6.666666670000001,0
MLEC.US,5,20251215,162500,6.1605,6.1605,6.1605,6.1605,13.333333340000001,0
MLEC.US,5,20251215,163000,6.168,6.168,6.1605,6.1605,26.666666680000002,0
MLEC.US,5,20251215,163500,6.1605,6.1605,6.15,6.15,105.0666667192,0
MLEC.US,5,20251215,164000,6.15,6.15,6.15,6.15,20.00000001,0
MLEC.US,5,20251215,164500,6.15,6.15,6.15,6.15,13.333333340000001,0
MLEC.US,5,20251215,165000,6.15,6.15,6.15,6.15,221.4000001107,0
MLEC.US,5,20251215,165500,6.15,6.15,6,6,784.5333337256001,0
MLEC.US,5,20251215,170000,5.925,5.925,5.925,5.925,103.333333385,0
MLEC.US,5,20251215,170500,5.85,5.85,5.85,5.85,6.666666670000001,0
MLEC.US,5,20251215,172500,5.7225,5.7225,5.7225,5.7225,6.666666670000001,0
MLEC.US,5,20251215,173000,6,6,6,6,20.00000001,0
MLEC.US,5,20251215,173500,5.84998,5.84998,5.7,5.7,23.333333345,0
MLEC.US,5,20251215,174000,5.6385,5.7,5.6385,5.7,692.6000003463,0
MLEC.US,5,20251215,174500,5.99998,5.99998,5.775,5.9985,124.000000062,0
MLEC.US,5,20251215,182500,5.55,5.706,5.55,5.706,13.333333340000001,0
MLEC.US,5,20251215,183500,5.77275,5.77275,5.77275,5.77275,6.666666670000001,0
MLEC.US,5,20251215,190000,5.565,5.565,5.565,5.565,6.666666670000001,0
MLEC.US,5,20251215,192500,5.553,5.553,5.553,5.553,6.666666670000001,0
MLEC.US,5,20251215,194500,5.55,5.55,5.55,5.55,6.666666670000001,0
MLEC.US,5,20251215,195000,5.69548,5.742,5.69548,5.742,333.33333350000004,0
MLEC.US,5,20251215,200500,5.55,5.55,5.55,5.55,6.666666670000001,0
MLEC.US,5,20251215,201000,5.742,5.742,5.742,5.742,200.0000001,0
MLEC.US,5,20251215,202000,5.625,5.625,5.625,5.625,6.666666670000001,0
MLEC.US,5,20251215,202500,5.625,5.625,5.625,5.625,6.666666670000001,0
MLEC.US,5,20251215,203500,5.5875,5.5875,5.5875,5.5875,6.666666670000001,0
MLEC.US,5,20251215,204500,5.625,5.625,5.625,5.625,6.666666670000001,0
MLEC.US,5,20251215,205000,5.643,5.643,5.643,5.643,76.000000038,0
MLEC.US,5,20251215,205500,5.5875,5.5875,5.5875,5.5875,100.00000005,0
MLEC.US,5,20251215,210000,5.643,5.643,5.643,5.643,6.666666670000001,0
MLEC.US,5,20251215,211000,5.5875,5.62425,5.55,5.62425,481.0666669072,0
MLEC.US,5,20251215,212000,5.55,5.55,5.55,5.55,27.6000000138,0
MLEC.US,5,20251215,213000,5.55,5.628,5.4375,5.628,740.0000003700001,0
MLEC.US,5,20251215,214000,5.5575,5.577,5.475,5.577,1079.9333338733,0
MLEC.US,5,20251215,214500,5.454,5.5305,5.4,5.4,340.00000017,0
MLEC.US,5,20251215,215000,5.4,5.499,5.2665,5.2665,113.33333339,0
MLEC.US,5,20251215,215500,5.286,5.415,5.28,5.28,159.7333334132,0
MLEC.US,5,20251216,153000,5.4,5.4615,5.4,5.4615,76.2666667048,0
MLEC.US,5,20251216,153500,5.40001,5.40001,5.12475,5.12475,1535.7333341012,0
MLEC.US,5,20251216,154000,5.1255,5.1255,5.1255,5.1255,20.00000001,0
MLEC.US,5,20251216,155000,5.127,5.127,4.5,4.65,3725.0000018625,0
MLEC.US,5,20251216,155500,4.71,4.722,4.5,4.57125,1387.4000006937001,0
MLEC.US,5,20251216,160000,4.57125,4.572,4.5,4.5,850.666667092,0
MLEC.US,5,20251216,160500,4.5,4.5,4.425,4.425,1797.2666675653,0
MLEC.US,5,20251216,161000,4.425,4.4835,4.3275,4.4835,473.33333357000004,0
MLEC.US,5,20251216,161500,4.335,4.35,4.3125,4.3125,60.00000003,0
MLEC.US,5,20251216,162000,4.3125,4.4925,4.3125,4.341,213.33333344000002,0
MLEC.US,5,20251216,162500,4.341,4.341,4.302,4.317,315.1333334909,0
MLEC.US,5,20251216,163000,4.317,4.317,4.317,4.317,26.666666680000002,0
MLEC.US,5,20251216,163500,4.317,4.32001,4.317,4.32001,60.00000003,0
MLEC.US,5,20251216,164000,4.32,4.32,4.161,4.161,1288.5333339776,0
MLEC.US,5,20251216,164500,4.125,4.2795,4.125,4.2795,319.9333334933,0
MLEC.US,5,20251216,165000,4.257,4.257,4.257,4.257,33.333333350000004,0
MLEC.US,5,20251216,170000,4.257,4.257,4.257,4.257,6.666666670000001,0
MLEC.US,5,20251216,171000,4.2735,4.2735,4.2735,4.2735,104.2666667188,0
MLEC.US,5,20251216,172000,4.266,4.2675,4.266,4.2675,13.333333340000001,0
MLEC.US,5,20251216,172500,4.266,4.26748,4.257,4.257,101.06666671720001,0
MLEC.US,5,20251216,173000,4.2645,4.2645,4.2645,4.2645,6.666666670000001,0
MLEC.US,5,20251216,173500,4.26225,4.26225,4.257,4.257,18.7333333427,0
MLEC.US,5,20251216,174500,4.2585,4.2615,4.2585,4.2615,406.66666687000003,0
MLEC.US,5,20251216,175000,4.26,4.2735,4.25998,4.2735,901.2000004506,0
MLEC.US,5,20251216,180000,4.2675,4.2675,4.2675,4.2675,6.666666670000001,0
MLEC.US,5,20251216,181500,4.272,4.2735,4.2705,4.2735,546.66666694,0
MLEC.US,5,20251216,182000,4.3155,4.3155,4.3155,4.3155,20.00000001,0
MLEC.US,5,20251216,182500,4.3125,4.3125,4.3125,4.3125,128.40000006420001,0
MLEC.US,5,20251216,183000,4.314,4.314,4.314,4.314,33.333333350000004,0
MLEC.US,5,20251216,184000,4.278,4.278,4.278,4.278,17.8666666756,0
MLEC.US,5,20251216,184500,4.31698,4.31698,4.27801,4.27801,26.666666680000002,0
MLEC.US,5,20251216,185000,4.2945,4.29525,4.278,4.29525,260.00000013,0
MLEC.US,5,20251216,190500,4.278,4.3065,4.278,4.3065,253.93333346030002,0
MLEC.US,5,20251216,191000,4.3035,4.4265,4.3035,4.416,133.33333340000001,0
MLEC.US,5,20251216,192500,4.3815,4.383,4.3815,4.383,66.66666670000001,0
MLEC.US,5,20251216,193000,4.41,4.41,4.41,4.41,6.666666670000001,0
MLEC.US,5,20251216,194500,4.416,4.425,4.416,4.425,82.6000000413,0
MLEC.US,5,20251216,195000,4.41001,4.44526,4.41001,4.44526,107.5333333871,0
MLEC.US,5,20251216,195500,4.4445,4.4445,4.4445,4.4445,69.8666667016,0
MLEC.US,5,20251216,200000,4.4415,4.4685,4.4415,4.4685,428.0666668807,0
MLEC.US,5,20251216,201000,4.467,4.467,4.467,4.467,533.3333336000001,0
MLEC.US,5,20251216,201500,4.47,4.47,4.47,4.47,226.66666678,0
MLEC.US,5,20251216,202000,4.4685,4.5225,4.4685,4.5225,80.666666707,0
MLEC.US,5,20251216,203500,4.46623,4.46623,4.46623,4.46623,6.666666670000001,0
MLEC.US,5,20251216,212000,4.4625,4.4655,4.4625,4.4655,65.9333333663,0
MLEC.US,5,20251216,213000,4.395,4.395,4.395,4.395,6.666666670000001,0
MLEC.US,5,20251216,213500,4.464,4.464,4.464,4.464,6.666666670000001,0
MLEC.US,5,20251216,214500,4.4655,4.545,4.4655,4.545,168.8000000844,0
MLEC.US,5,20251216,215000,4.6335,4.7055,4.6335,4.704,934.2000004671,0
MLEC.US,5,20251216,215500,4.7055,4.79775,4.7055,4.79775,20.00000001,0
MLEC.US,5,20251217,153000,4.95,4.95,4.3305,4.425,298.9333334828,0
MLEC.US,5,20251217,153500,4.65,4.65,4.2795,4.5015,428.3333335475,0
MLEC.US,5,20251217,154000,4.6995,4.725,4.692,4.725,145.2666667393,0
MLEC.US,5,20251217,160000,4.8,4.8,4.8,4.8,6.666666670000001,0
MLEC.US,5,20251217,161000,4.8,4.8,4.7985,4.7985,161.0000000805,0
MLEC.US,5,20251217,161500,4.86,4.9485,4.86,4.9455,68.000000034,0
MLEC.US,5,20251217,162000,4.935,4.935,4.935,4.935,6.666666670000001,0
MLEC.US,5,20251217,164000,4.935,4.935,4.935,4.935,33.2000000166,0
MLEC.US,5,20251217,170000,4.749,4.749,4.749,4.749,166.66666675000002,0
MLEC.US,5,20251217,173000,4.83975,4.83975,4.74751,4.83975,200.0000001,0
MLEC.US,5,20251217,175000,4.83975,4.83975,4.83975,4.83975,13.9333333403,0
MLEC.US,5,20251217,175500,4.842,4.917,4.842,4.917,429.333333548,0
MLEC.US,5,20251217,180000,4.842,4.842,4.842,4.842,89.9333333783,0
MLEC.US,5,20251217,180500,4.842,4.845,4.842,4.845,27.0000000135,0
MLEC.US,5,20251217,183500,4.749,4.749,4.749,4.749,7.333333337,0
MLEC.US,5,20251217,190000,4.755,4.755,4.755,4.755,6.666666670000001,0
MLEC.US,5,20251217,190500,4.75201,4.75201,4.75201,4.75201,100.00000005,0
MLEC.US,5,20251217,195500,4.8405,4.842,4.8375,4.8375,301.8666668176,0
MLEC.US,5,20251217,200000,4.7745,4.905,4.7745,4.905,82.4000000412,0
MLEC.US,5,20251217,211000,4.875,4.875,4.875,4.875,6.666666670000001,0
MLEC.US,5,20251217,212500,4.875,4.875,4.875,4.875,102.5333333846,0
MLEC.US,5,20251217,214500,4.905,4.905,4.9035,4.9035,13.333333340000001,0
MLEC.US,5,20251217,215000,4.905,4.905,4.90125,4.90125,24.8666666791,0
MLEC.US,5,20251217,215500,4.92,4.92,4.92,4.92,6.666666670000001,0
MLEC.US,5,20251218,153000,4.875,4.875,4.875,4.875,15.0000000075,0
MLEC.US,5,20251218,153500,4.749,4.749,4.749,4.749,13.333333340000001,0
MLEC.US,5,20251218,154000,4.8735,5.175,4.8735,5.175,279.1333334729,0
MLEC.US,5,20251218,161500,5.157,5.157,5.157,5.157,6.666666670000001,0
MLEC.US,5,20251218,163000,4.9845,5.157,4.9845,5.1555,46.8000000234,0
MLEC.US,5,20251218,172500,5.08575,5.08575,5.08575,5.08575,6.666666670000001,0
MLEC.US,5,20251218,173000,5.0865,5.109,5.0865,5.109,86.66666671,0
MLEC.US,5,20251218,175500,5.109,5.109,5.109,5.109,6.666666670000001,0
MLEC.US,5,20251218,181500,5.0235,5.0235,5.0235,5.0235,20.00000001,0
MLEC.US,5,20251218,182000,5.0925,5.0925,5.0925,5.0925,6.666666670000001,0
MLEC.US,5,20251218,182500,5.0235,5.0235,5.0235,5.0235,13.333333340000001,0
MLEC.US,5,20251218,191000,4.953,4.953,4.9515,4.9515,133.33333340000001,0
MLEC.US,5,20251218,191500,5.22,5.22,5.22,5.22,13.2000000066,0
MLEC.US,5,20251218,195500,5.09625,5.09625,5.09625,5.09625,6.8000000034,0
MLEC.US,5,20251218,201000,5.0955,5.175,5.0955,5.175,225.333333446,0
MLEC.US,5,20251218,204500,5.205,5.205,5.205,5.205,19.2000000096,0
MLEC.US,5,20251218,215500,5.0865,5.0865,5.01,5.01,40.2000000201,0
MLEC.US,5,20251219,153000,5.1,5.1,5.1,5.1,16.066666674700002,0
MLEC.US,5,20251219,155500,4.9485,4.9485,4.9485,4.9485,294.2000001471,0
MLEC.US,5,20251219,163000,5.016,5.07,5.016,5.07,20.00000001,0
MLEC.US,5,20251219,164500,4.9905,4.9905,4.9905,4.9905,33.333333350000004,0
MLEC.US,5,20251219,165500,4.9335,4.9335,4.9335,4.9335,20.00000001,0
MLEC.US,5,20251219,172500,5.07,5.0835,5.07,5.0835,20.00000001,0
MLEC.US,5,20251219,173000,4.818,4.926,4.7955,4.8,139.60000006980002,0
MLEC.US,5,20251219,173500,5.0565,5.0565,5.0565,5.0565,6.666666670000001,0
MLEC.US,5,20251219,182000,4.752,4.752,4.752,4.752,13.333333340000001,0
MLEC.US,5,20251219,183500,4.911,4.911,4.911,4.911,66.66666670000001,0
MLEC.US,5,20251219,185000,4.917,4.917,4.917,4.917,53.333333360000005,0
MLEC.US,5,20251219,191500,4.94025,4.94025,4.9395,4.9395,80.86666670710001,0
MLEC.US,5,20251219,193500,4.9395,4.9395,4.9395,4.9395,6.666666670000001,0
MLEC.US,5,20251219,194500,4.7985,4.8585,4.7985,4.8585,66.6000000333,0
MLEC.US,5,20251219,204000,4.9395,4.9395,4.9395,4.9395,6.666666670000001,0
MLEC.US,5,20251219,211000,4.9395,4.9395,4.9395,4.9395,12.2666666728,0
MLEC.US,5,20251219,212500,4.9395,4.9395,4.884,4.884,13.333333340000001,0
MLEC.US,5,20251219,215000,4.9395,4.9395,4.9395,4.9395,47.333333357,0
MLEC.US,5,20251219,215500,4.8885,4.9395,4.8375,4.9395,55.333333361,0
MLEC.US,5,20251222,153500,5.085,5.1255,4.9575,5.1255,393.33333353,0
MLEC.US,5,20251222,154000,5.1255,5.1255,5.1255,5.1255,6.666666670000001,0
MLEC.US,5,20251222,154500,5.037,5.037,5.037,5.037,240.00000012,0
MLEC.US,5,20251222,155000,5.037,5.037,4.95,4.9515,1095.0666672142,0
MLEC.US,5,20251222,155500,4.9485,4.95,4.92975,4.92975,155.9333334113,0
MLEC.US,5,20251222,160000,4.92976,4.92976,4.92976,4.92976,6.666666670000001,0
MLEC.US,5,20251222,160500,4.929,4.929,4.929,4.929,30.000000015,0
MLEC.US,5,20251222,162000,4.95,4.95,4.95,4.95,20.00000001,0
MLEC.US,5,20251222,163000,4.95,4.95,4.95,4.95,6.666666670000001,0
MLEC.US,5,20251222,163500,4.938,4.938,4.938,4.938,8.000000004,0
MLEC.US,5,20251222,164500,4.95,4.95,4.95,4.95,6.666666670000001,0
MLEC.US,5,20251222,165000,4.94526,4.94526,4.94526,4.94526,22.2666666778,0
MLEC.US,5,20251222,165500,4.9095,4.95,4.9095,4.95,216.7333334417,0
MLEC.US,5,20251222,171500,4.911,4.911,4.749,4.7625,3957.8000019789,0
MLEC.US,5,20251222,174000,4.7877,4.83,4.7877,4.83,288.2666668108,0
MLEC.US,5,20251222,181000,4.83,4.83,4.83,4.83,60.00000003,0
MLEC.US,5,20251222,190500,4.947,4.947,4.947,4.947,6.666666670000001,0
MLEC.US,5,20251222,191500,4.9485,4.9485,4.9485,4.9485,6.666666670000001,0
MLEC.US,5,20251222,194000,4.9485,4.9485,4.9485,4.9485,6.666666670000001,0
MLEC.US,5,20251222,200000,4.8525,4.8525,4.8525,4.8525,203.33333343500001,0
MLEC.US,5,20251222,202500,4.947,4.947,4.947,4.947,6.666666670000001,0
MLEC.US,5,20251222,203500,4.944,4.944,4.944,4.944,6.666666670000001,0
MLEC.US,5,20251222,205000,4.872,4.872,4.872,4.872,66.66666670000001,0
MLEC.US,5,20251222,215500,4.9485,4.9485,4.8855,4.8855,95.4666667144,0
MLEC.US,5,20251223,153000,4.7475,4.839,4.509,4.572,2575.8666679546,0
MLEC.US,5,20251223,153500,4.5105,4.5105,4.125,4.2,2307.2000011536,0
MLEC.US,5,20251223,154000,4.1295,4.446,4.1295,4.446,1010.0666671717,0
MLEC.US,5,20251223,154500,4.473,4.95,4.473,4.95,643.7333336552,0
MLEC.US,5,20251223,155000,4.887,4.9155,4.722,4.722,123.0000000615,0
MLEC.US,5,20251223,160000,4.539,4.539,4.518,4.518,492.8666669131,0
MLEC.US,5,20251223,160500,4.5165,4.5165,4.4055,4.4055,193.7333334302,0
MLEC.US,5,20251223,161000,4.23,4.326,4.1265,4.272,2146.66666774,0
MLEC.US,5,20251223,162500,4.206,4.206,4.1775,4.1775,311.6666668225,0
MLEC.US,5,20251223,163000,4.1295,4.164,4.05,4.14138,886.7333337767001,0
MLEC.US,5,20251223,163500,4.059,4.062,4.059,4.062,59.9333333633,0
MLEC.US,5,20251223,164500,4.0605,4.089,4.05,4.089,304.666666819,0
MLEC.US,5,20251223,165000,4.05,4.05,4.05,4.05,86.40000004320001,0
MLEC.US,5,20251223,165500,4.05,4.05,4.05,4.05,109.66666672150001,0
MLEC.US,5,20251223,170000,4.0515,4.0515,4.05,4.05,143.20000007160002,0
MLEC.US,5,20251223,170500,4.065,4.065,4.065,4.065,33.333333350000004,0
MLEC.US,5,20251223,171000,4.065,4.065,4.065,4.065,12.2000000061,0
MLEC.US,5,20251223,171500,4.065,4.065,4.065,4.065,26.666666680000002,0
MLEC.US,5,20251223,172000,4.065,4.08831,4.065,4.07998,40.6000000203,0
MLEC.US,5,20251223,173500,4.1385,4.197,4.1385,4.14,128.8000000644,0
MLEC.US,5,20251223,174000,4.131,4.131,4.131,4.131,6.666666670000001,0
MLEC.US,5,20251223,180000,4.125,4.125,4.0515,4.0515,66.66666670000001,0
MLEC.US,5,20251223,180500,4.0515,4.0515,4.0515,4.0515,6.666666670000001,0
MLEC.US,5,20251223,182000,4.197,4.197,4.197,4.197,7.8000000039,0
MLEC.US,5,20251223,183500,4.0545,4.0545,4.0545,4.0545,6.666666670000001,0
MLEC.US,5,20251223,184000,4.125,4.125,4.125,4.125,333.33333350000004,0
MLEC.US,5,20251223,184500,4.1955,4.1955,4.1955,4.1955,100.00000005,0
MLEC.US,5,20251223,191000,4.0515,4.0575,3.975,3.975,867.9333337673,0
MLEC.US,5,20251223,191500,3.9195,3.9195,3.9195,3.9195,6.666666670000001,0
MLEC.US,5,20251223,192000,3.957,3.957,3.957,3.957,13.333333340000001,0
MLEC.US,5,20251223,193000,3.951,3.951,3.951,3.951,12.2666666728,0
MLEC.US,5,20251223,194000,3.90015,3.975,3.90015,3.975,180.00000009000001,0
MLEC.US,5,20251223,194500,3.975,3.975,3.975,3.975,7.666666670500001,0
MLEC.US,5,20251223,201500,3.903,3.903,3.903,3.903,50.2000000251,0
MLEC.US,5,20251223,202000,3.9,3.9,3.765,3.765,133.33333340000001,0
MLEC.US,5,20251223,202500,3.792,3.792,3.579,3.7875,1681.2666675073,0
MLEC.US,5,20251223,203000,3.684,3.684,3.684,3.684,113.6666667235,0
MLEC.US,5,20251223,203500,3.6765,3.6765,3.6765,3.6765,13.333333340000001,0
MLEC.US,5,20251223,204000,3.6045,3.6045,3.55575,3.57,240.40000012020002,0
MLEC.US,5,20251223,204500,3.585,3.585,3.555,3.57,100.00000005,0
MLEC.US,5,20251223,205000,3.585,3.585,3.525,3.579,166.66666675000002,0
MLEC.US,5,20251223,205500,3.5235,3.579,3.5235,3.573,71.333333369,0
MLEC.US,5,20251223,210000,3.5715,3.6135,3.555,3.5715,431.60000021580004,0
MLEC.US,5,20251223,210500,3.585,3.5985,3.585,3.5985,52.066666692700004,0
MLEC.US,5,20251223,212000,3.60805,3.60805,3.60805,3.60805,32.000000016,0
MLEC.US,5,20251223,212500,3.612,3.612,3.60126,3.6015,240.33333345350002,0
MLEC.US,5,20251223,213500,3.5625,3.5625,3.5625,3.5625,62.7333333647,0
MLEC.US,5,20251223,214000,3.56173,3.5955,3.5235,3.5235,324.666666829,0
MLEC.US,5,20251223,214500,3.576,3.5805,3.3765,3.3765,2291.0666678122,0
MLEC.US,5,20251223,215000,3.3765,3.4485,3.0765,3.336,3309.8666683216,0
MLEC.US,5,20251223,215500,3.3435,3.474,3.2835,3.474,403.9333335353,0
MLEC.US,5,20251224,153000,3.3705,3.45,3.1902,3.2985,674.8666670041,0
MLEC.US,5,20251224,153500,3.159,3.22875,3.159,3.174,294.8000001474,0
MLEC.US,5,20251224,154000,3.2985,3.2985,3.2985,3.2985,63.466666698400005,0
MLEC.US,5,20251224,154500,3.285,3.285,3.195,3.195,577.5333336221,0
MLEC.US,5,20251224,155000,3.1965,3.198,3.1965,3.198,21.733333344200002,0
MLEC.US,5,20251224,161000,3.2055,3.2055,3.2055,3.2055,166.66666675000002,0
MLEC.US,5,20251224,161500,3.1995,3.2055,3.1995,3.2055,88.7333333777,0
MLEC.US,5,20251224,162000,3.2205,3.2205,3.2205,3.2205,333.33333350000004,0
MLEC.US,5,20251224,163000,3.2205,3.2205,3.1995,3.1995,452.666666893,0
MLEC.US,5,20251224,163500,3.201,3.207,3.201,3.207,87.0666667102,0
MLEC.US,5,20251224,170000,3.2055,3.2055,3.2055,3.2055,6.666666670000001,0
MLEC.US,5,20251224,170500,3.2025,3.2085,3.2025,3.2085,20.00000001,0
MLEC.US,5,20251224,171000,3.2085,3.2085,3.2085,3.2085,19.7333333432,0
MLEC.US,5,20251224,174000,3.2085,3.2085,3.2085,3.2085,355.8000001779,0
MLEC.US,5,20251224,180000,3.21825,3.264,3.21825,3.264,2815.0000014075,0
MLEC.US,5,20251224,182000,3.2625,3.2625,3.2625,3.2625,317.8666668256,0
MLEC.US,5,20251224,182500,3.2655,3.3,3.264,3.2985,373.4000001867,0
MLEC.US,5,20251224,184000,3.2985,3.3105,3.168,3.2835,2986.66666816,0
MLEC.US,5,20251224,184500,3.33,3.3315,3.33,3.3315,99.4000000497,0
MLEC.US,5,20251224,185500,3.42,3.42,3.42,3.42,80.00000004,0
MLEC.US,5,20251224,190000,3.369,3.369,3.369,3.369,63.8666666986,0
MLEC.US,5,20251226,153000,3.48,3.48,3.48,3.48,27.0000000135,0
MLEC.US,5,20251226,153500,3.225,3.225,3.225,3.225,66.4666666999,0
MLEC.US,5,20251226,155500,3.1875,3.1875,3.1875,3.1875,53.000000026500004,0
MLEC.US,5,20251226,160500,3.255,3.255,3.255,3.255,12.333333339500001,0
MLEC.US,5,20251226,161500,3.2115,3.2115,3.2115,3.2115,14.5333333406,0
MLEC.US,5,20251226,162000,3.243,3.243,3.23175,3.23175,13.333333340000001,0
MLEC.US,5,20251226,164000,3.2025,3.2025,3.2025,3.2025,6.666666670000001,0
MLEC.US,5,20251226,165000,3.207,3.207,3.207,3.207,6.666666670000001,0
MLEC.US,5,20251226,165500,3.2625,3.2625,3.2625,3.2625,11.866666672600001,0
MLEC.US,5,20251226,172500,3.237,3.237,3.237,3.237,600.0000003,0
MLEC.US,5,20251226,173000,3.237,3.237,3.20365,3.20365,30.4666666819,0
MLEC.US,5,20251226,174000,3.23625,3.23625,3.207,3.207,13.333333340000001,0
MLEC.US,5,20251226,185000,3.216,3.216,3.216,3.216,6.666666670000001,0
MLEC.US,5,20251226,191000,3.3,3.351,3.3,3.351,731.7333336992,0
MLEC.US,5,20251226,193000,3.31351,3.3795,3.31351,3.3795,286.66666681,0
MLEC.US,5,20251226,195500,3.327,3.327,3.3255,3.327,149.4666667414,0
MLEC.US,5,20251226,212000,3.327,3.327,3.327,3.327,6.666666670000001,0
MLEC.US,5,20251226,212500,3.327,3.327,3.327,3.327,6.666666670000001,0
MLEC.US,5,20251226,215000,3.447,3.54,3.435,3.54,314.3333334905,0
MLEC.US,5,20251226,215500,3.54,3.6045,3.54,3.6045,119.6666667265,0
MLEC.US,5,20251229,153000,3.3705,3.6345,3.3705,3.6345,3477.7333350722,0
MLEC.US,5,20251229,153500,3.36901,3.6105,3.3225,3.6105,3082.3333348745,0
MLEC.US,5,20251229,154000,3.6345,3.6345,3.6345,3.6345,66.66666670000001,0
MLEC.US,5,20251229,160500,3.5055,3.5055,3.5055,3.5055,246.66666679,0
MLEC.US,5,20251229,164000,3.52615,3.52615,3.52615,3.52615,13.333333340000001,0
MLEC.US,5,20251229,164500,3.5025,3.5025,3.5025,3.5025,13.333333340000001,0
MLEC.US,5,20251229,165000,3.588,3.852,3.5205,3.8505,3887.9333352773,0
MLEC.US,5,20251229,165500,3.852,4.46398,3.7515,4.0635,18790.533342728602,0
MLEC.US,5,20251229,170000,3.9525,4.0005,3.7755,3.8145,4561.8666689476,0
MLEC.US,5,20251229,170500,3.804,3.9735,3.804,3.9375,736.1333337014,0
MLEC.US,5,20251229,171000,3.9015,3.9015,3.6015,3.81,3113.1333348899,0
MLEC.US,5,20251229,171500,3.83923,3.83923,3.7875,3.79425,507.2666669203,0
MLEC.US,5,20251229,172000,3.7875,3.798,3.7125,3.798,141.6666667375,0
MLEC.US,5,20251229,172500,3.7965,3.8865,3.7965,3.8865,353.33333351,0
MLEC.US,5,20251229,173000,3.8865,3.8865,3.825,3.8805,120.00000006,0
MLEC.US,5,20251229,173500,3.81,3.84075,3.795,3.84075,58.2000000291,0
MLEC.US,5,20251229,174000,3.8175,3.8235,3.8175,3.822,46.66666669,0
MLEC.US,5,20251229,174500,3.828,3.882,3.45,3.465,5040.6000025203,0
MLEC.US,5,20251229,175000,3.4695,3.48,3.321,3.4485,3202.2000016011,0
MLEC.US,5,20251229,175500,3.4485,3.4485,3.3,3.3,3752.5333352096,0
MLEC.US,5,20251229,180000,3.318,3.318,3.3,3.318,457.0666668952,0
MLEC.US,5,20251229,180500,3.318,3.357,3.318,3.318,69.2000000346,0
MLEC.US,5,20251229,181000,3.357,3.4005,3.357,3.4005,2856.2666680948,0
MLEC.US,5,20251229,191000,3.4305,3.435,3.4305,3.435,40.00000002,0
MLEC.US,5,20251229,192500,3.4215,3.4215,3.4035,3.4035,106.60000005330001,0
MLEC.US,5,20251229,193500,3.39,3.3915,3.2715,3.315,3202.5333349346,0
MLEC.US,5,20251229,194000,3.3,3.35401,3.3,3.35401,14.7333333407,0
MLEC.US,5,20251229,194500,3.408,3.408,3.408,3.408,6.666666670000001,0
MLEC.US,5,20251229,195000,3.408,3.5985,3.35698,3.597,2017.6000010088,0
MLEC.US,5,20251229,195500,3.59998,3.59998,3.594,3.5955,620.00000031,0
MLEC.US,5,20251229,200000,3.585,3.5955,3.585,3.585,1593.3333341300001,0
MLEC.US,5,20251229,201000,3.5865,3.5865,3.5865,3.5865,6.666666670000001,0
MLEC.US,5,20251229,201500,3.54748,3.54748,3.54748,3.54748,6.8000000034,0
MLEC.US,5,20251229,203000,3.5085,3.51,3.5085,3.51,698.9333336828,0
MLEC.US,5,20251229,204000,3.54,3.54,3.54,3.54,78.666666706,0
MLEC.US,5,20251229,205500,3.585,3.58648,3.585,3.58648,40.00000002,0
MLEC.US,5,20251229,210500,3.5865,3.5865,3.5865,3.5865,900.00000045,0
MLEC.US,5,20251229,211000,3.528,3.537,3.519,3.537,53.333333360000005,0
MLEC.US,5,20251229,211500,3.537,3.588,3.534,3.588,546.66666694,0
MLEC.US,5,20251229,212000,3.585,3.627,3.585,3.627,1007.8000005039,0
MLEC.US,5,20251229,212500,3.6735,3.87,3.6735,3.8235,364.2000001821,0
MLEC.US,5,20251229,213000,3.7545,3.897,3.7545,3.86025,1418.8666673761,0
MLEC.US,5,20251229,215000,3.87,3.87,3.822,3.822,677.7333336722,0
MLEC.US,5,20251229,215500,3.756,3.8895,3.756,3.7995,146.66666674,0
MLEC.US,5,20251230,153000,3.6,3.825,3.5985,3.666,1483.6666674085,0
MLEC.US,5,20251230,153500,3.6,3.732,3.6,3.6015,1105.4666672194,0
MLEC.US,5,20251230,154000,3.66825,3.732,3.66825,3.732,98.5333333826,0
MLEC.US,5,20251230,154500,3.6675,3.7305,3.6675,3.717,373.6000001868,0
MLEC.US,5,20251230,155000,3.7215,4.197,3.7215,3.9345,3597.1333351319,0
MLEC.US,5,20251230,155500,3.93598,4.0455,3.93598,3.936,471.80000023590003,0
MLEC.US,5,20251230,160000,4.03348,4.03348,3.9,3.9,80.00000004,0
MLEC.US,5,20251230,161500,3.91875,3.975,3.91875,3.975,440.5333335536,0
MLEC.US,5,20251230,162000,3.9915,4.035,3.9525,4.035,53.333333360000005,0
MLEC.US,5,20251230,162500,4.02,4.026,3.9975,4.02,86.66666671,0
MLEC.US,5,20251230,163000,4.02,4.02,4.02,4.02,29.6000000148,0
MLEC.US,5,20251230,163500,4.02,4.02,4.02,4.02,66.66666670000001,0
MLEC.US,5,20251230,164000,4.02724,4.02724,3.99675,4.026,52.9333333598,0
MLEC.US,5,20251230,164500,3.9975,3.9975,3.7665,3.78,615.4000003077,0
MLEC.US,5,20251230,165000,3.711,3.75,3.711,3.7485,390.3333335285,0
MLEC.US,5,20251230,170000,3.711,3.711,3.711,3.711,76.8666667051,0
MLEC.US,5,20251230,170500,3.711,3.711,3.621,3.6735,1434.3333340505,0
MLEC.US,5,20251230,171000,3.6255,3.63,3.603,3.603,1914.8666676241,0
MLEC.US,5,20251230,171500,3.6045,3.6045,3.603,3.603,200.0000001,0
MLEC.US,5,20251230,172000,3.66375,3.66375,3.66375,3.66375,103.333333385,0
MLEC.US,5,20251230,173500,3.6645,3.6645,3.6645,3.6645,63.2666666983,0
MLEC.US,5,20251230,174500,3.789,3.7905,3.7245,3.7905,37.8666666856,0
MLEC.US,5,20251230,175500,3.78,3.78,3.78,3.78,33.333333350000004,0
MLEC.US,5,20251230,180500,3.7245,3.7455,3.7245,3.7455,93.33333338,0
MLEC.US,5,20251230,181500,3.7245,3.7245,3.7245,3.7245,1986.66666766,0
MLEC.US,5,20251230,183500,3.771,3.7755,3.717,3.717,1471.8000007359,0
MLEC.US,5,20251230,184000,3.7755,3.885,3.7755,3.885,33.333333350000004,0
MLEC.US,5,20251230,185000,3.897,3.897,3.837,3.837,83.4666667084,0
MLEC.US,5,20251230,191000,3.9,3.9,3.828,3.828,988.000000494,0
MLEC.US,5,20251230,192000,3.80775,3.80775,3.80775,3.80775,66.66666670000001,0
MLEC.US,5,20251230,193000,3.823,3.823,3.80775,3.80775,74.5333333706,0
MLEC.US,5,20251230,193500,3.828,3.828,3.828,3.828,13.333333340000001,0
MLEC.US,5,20251230,194000,3.831,3.831,3.831,3.831,10.000000005,0
MLEC.US,5,20251230,194500,3.8055,3.8055,3.8055,3.8055,227.4666667804,0
MLEC.US,5,20251230,195000,3.9195,3.92098,3.9195,3.92098,13.333333340000001,0
MLEC.US,5,20251230,200000,3.9015,3.9015,3.9015,3.9015,32.666666683,0
MLEC.US,5,20251230,201000,3.87675,3.915,3.8385,3.8385,58.9333333628,0
MLEC.US,5,20251230,203500,3.909,3.909,3.909,3.909,6.666666670000001,0
MLEC.US,5,20251230,204000,3.873,3.873,3.873,3.873,18.666666676000002,0
MLEC.US,5,20251230,204500,3.9075,3.96,3.906,3.9255,121.4666667274,0
MLEC.US,5,20251230,205000,3.9585,3.9585,3.9585,3.9585,6.666666670000001,0
MLEC.US,5,20251230,205500,3.9585,3.9585,3.9585,3.9585,8.000000004,0
MLEC.US,5,20251230,210000,3.95847,3.9585,3.957,3.957,765.0666670492001,0
MLEC.US,5,20251230,210500,3.957,3.9585,3.957,3.9585,33.333333350000004,0
MLEC.US,5,20251230,211000,3.9585,3.9585,3.9465,3.9465,40.00000002,0
MLEC.US,5,20251230,212000,3.9315,3.9405,3.8385,3.8385,490.3333335785,0
MLEC.US,5,20251230,212500,3.8385,3.8385,3.81,3.81,254.2000001271,0
MLEC.US,5,20251230,213000,3.82425,3.8295,3.82425,3.8295,44.4666666889,0
MLEC.US,5,20251230,213500,3.831,3.831,3.831,3.831,8.666666671,0
MLEC.US,5,20251230,214500,3.8295,3.831,3.8295,3.831,501.66666691750004,0
MLEC.US,5,20251230,215500,3.9855,3.9855,3.9855,3.9855,389.9333335283,0
MLEC.US,5,20251231,153000,3.6645,3.6645,3.5265,3.63075,2483.333334575,0
MLEC.US,5,20251231,153500,3.6315,3.65401,3.603,3.65401,581.333333624,0
MLEC.US,5,20251231,154000,3.654,3.882,3.654,3.7695,2932.000001466,0
MLEC.US,5,20251231,154500,3.8985,3.8985,3.666,3.666,1044.7333338557,0
MLEC.US,5,20251231,155000,3.7815,3.7815,3.7815,3.7815,10.000000005,0
MLEC.US,5,20251231,155500,3.669,3.759,3.669,3.7185,89.9333333783,0
MLEC.US,5,20251231,160000,3.7215,3.7215,3.6885,3.6885,13.333333340000001,0
MLEC.US,5,20251231,160500,3.681,3.681,3.6015,3.6015,77.2666667053,0
MLEC.US,5,20251231,161000,3.6375,3.6735,3.63,3.63,819.1333337429,0
MLEC.US,5,20251231,161500,3.609,3.6405,3.4215,3.4335,3057.4000015287,0
MLEC.US,5,20251231,162000,3.432,3.6,3.432,3.6,600.8000003004,0
MLEC.US,5,20251231,162500,3.432,3.438,3.432,3.438,663.4666669984,0
MLEC.US,5,20251231,163000,3.453,3.52651,3.453,3.4665,458.9333335628,0
MLEC.US,5,20251231,163500,3.6,3.672,3.6,3.6375,35.4666666844,0
MLEC.US,5,20251231,164500,3.6015,3.6015,3.6015,3.6015,6.666666670000001,0
MLEC.US,5,20251231,165000,3.6015,3.6675,3.6015,3.6675,543.4666669384001,0
MLEC.US,5,20251231,165500,3.51,3.579,3.453,3.579,254.5333334606,0
MLEC.US,5,20251231,170000,3.453,3.6525,3.3645,3.4335,1206.7333339367,0
MLEC.US,5,20251231,170500,3.4995,3.4995,3.345,3.495,793.6000003968,0
MLEC.US,5,20251231,171000,3.46275,3.4965,3.405,3.4965,99.333333383,0
MLEC.US,5,20251231,171500,3.4485,3.53058,3.441,3.53058,4050.000002025,0
MLEC.US,5,20251231,172000,3.54,3.54,3.513,3.513,120.00000006,0
MLEC.US,5,20251231,172500,3.51,3.51,3.51,3.51,83.26666670830001,0
MLEC.US,5,20251231,173000,3.513,3.513,3.4155,3.5025,226.66666678,0
MLEC.US,5,20251231,173500,3.504,3.6525,3.5025,3.6525,3000.7333348337,0
MLEC.US,5,20251231,174500,3.6705,3.744,3.6705,3.7425,79.7333333732,0
MLEC.US,5,20251231,175500,3.69151,3.765,3.69151,3.765,138.7333334027,0
MLEC.US,5,20251231,180000,3.76498,3.76498,3.7605,3.7605,20.00000001,0
MLEC.US,5,20251231,180500,3.76048,3.76048,3.75,3.75,40.00000002,0
MLEC.US,5,20251231,181000,3.753,3.765,3.753,3.7605,91.8000000459,0
MLEC.US,5,20251231,182000,3.675,3.675,3.66,3.66,169.333333418,0
MLEC.US,5,20251231,182500,3.7215,3.7215,3.6615,3.717,263.00000013150003,0
MLEC.US,5,20251231,183000,3.69,3.69,3.66151,3.66151,80.00000004,0
MLEC.US,5,20251231,184000,3.7065,3.717,3.6885,3.6885,40.00000002,0
MLEC.US,5,20251231,185000,3.708,3.7125,3.68623,3.68623,33.333333350000004,0
MLEC.US,5,20251231,185500,3.66,3.7125,3.66,3.7125,20.00000001,0
MLEC.US,5,20251231,190000,3.66,3.66,3.6585,3.6585,40.00000002,0
MLEC.US,5,20251231,191000,3.636,3.654,3.636,3.654,18.6000000093,0
MLEC.US,5,20251231,192000,3.6,3.6585,3.5295,3.6585,203.7333334352,0
MLEC.US,5,20251231,192500,3.615,3.66,3.6,3.66,2663.8666679986,0
MLEC.US,5,20251231,193000,3.7485,3.75,3.7125,3.75,793.33333373,0
MLEC.US,5,20251231,193500,3.75,3.75,3.735,3.74775,606.9333336368001,0
MLEC.US,5,20251231,194000,3.7485,3.765,3.7485,3.7635,833.3333337500001,0
MLEC.US,5,20251231,194500,3.75975,3.801,3.7545,3.801,276.6000001383,0
MLEC.US,5,20251231,195000,3.801,3.825,3.801,3.825,449.66666689150003,0
MLEC.US,5,20251231,195500,3.8235,3.8235,3.816,3.816,366.66666685,0
MLEC.US,5,20251231,200000,3.8175,3.8175,3.81675,3.8175,20.00000001,0
MLEC.US,5,20251231,200500,3.8175,3.8175,3.8175,3.8175,421.73333354420004,0
MLEC.US,5,20251231,201000,3.81675,3.81675,3.801,3.81,580.9333336238,0
MLEC.US,5,20251231,201500,3.8085,3.81,3.8085,3.81,546.66666694,0
MLEC.US,5,20251231,202000,3.81,3.81,3.81,3.81,39.200000019600004,0
MLEC.US,5,20251231,202500,3.81,3.816,3.80925,3.816,653.8000003269,0
MLEC.US,5,20251231,203000,3.8175,3.8175,3.81675,3.8175,135.333333401,0
MLEC.US,5,20251231,203500,3.8175,3.8175,3.8175,3.8175,340.00000017,0
MLEC.US,5,20251231,204000,3.8175,3.8175,3.816,3.8175,33.333333350000004,0
MLEC.US,5,20251231,204500,3.8175,3.8175,3.8175,3.8175,266.66666680000003,0
MLEC.US,5,20251231,205000,3.8175,3.8175,3.8175,3.8175,6.666666670000001,0
MLEC.US,5,20251231,205500,3.81675,3.8175,3.8115,3.8175,713.7333336902,0
MLEC.US,5,20251231,210000,3.8175,3.8175,3.8175,3.8175,87.60000004380001,0
MLEC.US,5,20251231,210500,3.8175,3.8175,3.81675,3.81675,283.9333334753,0
MLEC.US,5,20251231,211000,3.8175,3.846,3.81675,3.846,756.000000378,0
MLEC.US,5,20251231,211500,3.846,3.9525,3.846,3.9525,430.6000002153,0
MLEC.US,5,20251231,212000,3.9525,3.9525,3.9525,3.9525,24.000000012,0
MLEC.US,5,20251231,212500,3.9525,4.05,3.9525,4.05,922.8000004614,0
MLEC.US,5,20251231,213000,4.05,4.1235,4.05,4.12275,533.7333336002,0
MLEC.US,5,20251231,213500,4.104,4.122,4.068,4.10395,53.333333360000005,0
MLEC.US,5,20251231,214000,4.11,4.11,3.9135,3.9405,3759.5333352131,0
MLEC.US,5,20251231,214500,3.9495,3.9495,3.765,3.765,1235.8000006179,0
MLEC.US,5,20251231,215000,3.765,3.765,3.525,3.69001,2764.1333347154,0
MLEC.US,5,20251231,215500,3.723,3.819,3.6,3.819,962.0666671477001,0
MLEC.US,5,20260102,153000,3.432,3.432,3.15,3.1635,1683.0000008415,0
MLEC.US,5,20260102,153500,3.213,3.2145,3.1665,3.1875,1142.7333339047,0
MLEC.US,5,20260102,154000,3.189,3.189,3.18825,3.18825,19.2666666763,0
MLEC.US,5,20260102,154500,3.18,3.21,3.168,3.18825,515.8666669246,0
MLEC.US,5,20260102,155000,3.21,3.423,3.19575,3.4185,2089.7333343782,0
MLEC.US,5,20260102,155500,3.429,3.429,3.3765,3.402,816.2000004081,0
MLEC.US,5,20260102,160000,3.375,3.375,3.375,3.375,393.6666668635,0
MLEC.US,5,20260102,160500,3.40275,3.40275,3.369,3.375,1112.4666672229,0
MLEC.US,5,20260102,161000,3.402,3.402,3.402,3.402,17.2666666753,0
MLEC.US,5,20260102,161500,3.402,3.402,3.32925,3.345,272.4000001362,0
MLEC.US,5,20260102,162000,3.321,3.321,3.27,3.27,512.666666923,0
MLEC.US,5,20260102,162500,3.2745,3.3285,3.24,3.24,436.40000021820003,0
MLEC.US,5,20260102,163000,3.27001,3.27001,3.24,3.24,169.2666667513,0
MLEC.US,5,20260102,163500,3.22501,3.3135,3.1995,3.1995,534.9333336008,0
MLEC.US,5,20260102,164000,3.165,3.2175,3.165,3.18,136.8000000684,0
MLEC.US,5,20260102,164500,3.2085,3.216,3.15,3.2055,2257.333334462,0
MLEC.US,5,20260102,165000,3.15,3.2115,3.15,3.1515,94.2666667138,0
MLEC.US,5,20260102,165500,3.1845,3.2175,3.1845,3.2175,271.2000001356,0
MLEC.US,5,20260102,170000,3.315,3.315,3.156,3.2775,91.333333379,0
MLEC.US,5,20260102,171000,3.22425,3.22425,3.183,3.183,406.66666687000003,0
MLEC.US,5,20260102,171500,3.183,3.2055,3.1395,3.18,2166.9333344168,0
MLEC.US,5,20260102,172000,3.2325,3.2325,3.15,3.201,2362.4000011812,0
MLEC.US,5,20260102,172500,3.21,3.2385,3.1815,3.225,379.8000001899,0
MLEC.US,5,20260102,173000,3.2385,3.24,3.21,3.2385,600.0000003,0
MLEC.US,5,20260102,173500,3.234,3.2385,3.228,3.2385,186.66666676,0
MLEC.US,5,20260102,174000,3.237,3.237,3.237,3.237,6.666666670000001,0
MLEC.US,5,20260102,174500,3.2355,3.3495,3.225,3.348,886.6000004433,0
MLEC.US,5,20260102,175000,3.34948,3.3495,3.321,3.3495,426.2666668798,0
MLEC.US,5,20260102,175500,3.3495,3.3495,3.2085,3.33673,1612.2000008061,0
MLEC.US,5,20260102,180000,3.3375,3.34801,3.3,3.3,777.333333722,0
MLEC.US,5,20260102,180500,3.3495,3.396,3.34725,3.396,472.06666690270004,0
MLEC.US,5,20260102,181000,3.3975,3.399,3.3975,3.3975,343.2666668383,0
MLEC.US,5,20260102,181500,3.399,3.423,3.399,3.423,93.9333333803,0
MLEC.US,5,20260102,182000,3.411,3.4245,3.3975,3.4245,894.5333337806001,0
MLEC.US,5,20260102,182500,3.4245,3.4245,3.423,3.423,174.8000000874,0
MLEC.US,5,20260102,183000,3.423,3.4245,3.423,3.423,26.7333333467,0
MLEC.US,5,20260102,183500,3.4215,3.4215,3.417,3.417,118.666666726,0
MLEC.US,5,20260102,184000,3.4155,3.4155,3.315,3.315,1512.1333340894,0
MLEC.US,5,20260102,184500,3.32998,3.3495,3.138,3.3495,3044.666668189,0
MLEC.US,5,20260102,185000,3.363,3.402,3.3,3.3,1917.2000009586,0
MLEC.US,5,20260102,185500,3.315,3.32925,3.315,3.32925,73.33333337,0
MLEC.US,5,20260102,190000,3.33,3.333,3.33,3.33,735.2000003676001,0
MLEC.US,5,20260102,190500,3.32925,3.33,3.3285,3.3285,72.4000000362,0
MLEC.US,5,20260102,191000,3.33,3.41248,3.33,3.41248,1251.2666672923,0
MLEC.US,5,20260102,191500,3.405,3.45,3.405,3.438,586.5333336266,0
MLEC.US,5,20260102,192000,3.45,3.6,3.45,3.5265,3215.5333349411003,0
MLEC.US,5,20260102,192500,3.504,3.59398,3.4815,3.5865,265.66666679950004,0
MLEC.US,5,20260102,193000,3.5475,3.5475,3.507,3.507,314.73333349070003,0
MLEC.US,5,20260102,193500,3.531,3.5355,3.4875,3.501,173.33333342,0
MLEC.US,5,20260102,194000,3.5235,3.5235,3.4995,3.4995,196.4666667649,0
MLEC.US,5,20260102,194500,3.522,3.525,3.5025,3.5025,26.666666680000002,0
MLEC.US,5,20260102,195000,3.51,3.51,3.48,3.4935,571.4000002857,0
MLEC.US,5,20260102,195500,3.51525,3.525,3.48,3.51,535.8000002679,0
MLEC.US,5,20260102,200000,3.51,3.5175,3.51,3.51,51.800000025900005,0
MLEC.US,5,20260102,200500,3.51,3.525,3.51,3.5235,60.00000003,0
MLEC.US,5,20260102,201000,3.51,3.52275,3.51,3.513,69.2666667013,0
MLEC.US,5,20260102,201500,3.5355,3.5355,3.52875,3.531,106.66666672000001,0
MLEC.US,5,20260102,202000,3.53325,3.53325,3.522,3.522,120.00000006,0
MLEC.US,5,20260102,202500,3.5235,3.5235,3.507,3.5085,255.06666679420002,0
MLEC.US,5,20260102,203000,3.5085,3.5085,3.48,3.48,80.0666667067,0
MLEC.US,5,20260102,203500,3.5055,3.507,3.4935,3.504,33.333333350000004,0
MLEC.US,5,20260102,204000,3.4755,3.5055,3.46501,3.4995,245.6666667895,0
MLEC.US,5,20260102,204500,3.4965,3.4965,3.48,3.48,519.8666669266,0
MLEC.US,5,20260102,205000,3.507,3.507,3.4275,3.4665,395.4666668644,0
MLEC.US,5,20260102,205500,3.5025,3.54,3.4995,3.54,302.5333334846,0
MLEC.US,5,20260102,210000,3.5385,3.54,3.5055,3.5055,1383.1333340249,0
MLEC.US,5,20260102,210500,3.5385,3.6795,3.5385,3.65775,1437.9333340523,0
MLEC.US,5,20260102,211000,3.65775,3.684,3.6555,3.6795,2063.0000010315002,0
MLEC.US,5,20260102,211500,3.6795,3.714,3.6795,3.7095,1778.6000008893,0
MLEC.US,5,20260102,212000,3.714,3.714,3.71325,3.714,188.9333334278,0
MLEC.US,5,20260102,212500,3.7125,3.714,3.7125,3.714,257.8000001289,0
MLEC.US,5,20260102,213000,3.714,3.7485,3.714,3.7485,172.2000000861,0
MLEC.US,5,20260102,213500,3.7425,3.747,3.7425,3.747,57.2000000286,0
MLEC.US,5,20260102,214000,3.747,3.747,3.74625,3.747,409.1333335379,0
MLEC.US,5,20260102,214500,3.747,3.747,3.714,3.7425,5309.4000026547,0
MLEC.US,5,20260102,215000,3.7305,3.75,3.546,3.75,6785.666670059501,0
MLEC.US,5,20260102,215500,3.7755,4.14,3.7755,4.14,1602.3333341345,0
MLEC.US,5,20260105,153000,4.02,4.02,3.74,3.74,2150,0
MLEC.US,5,20260105,153500,3.73,4.04,3.552,3.805,8016,0
MLEC.US,5,20260105,154000,3.71,3.83,3.71,3.83,768,0
MLEC.US,5,20260105,155500,3.88,3.88,3.88,3.88,100,0
MLEC.US,5,20260105,160000,4.16,4.215,3.91,4.06,20146,0
MLEC.US,5,20260105,160500,4,4.06,3.96,3.96,992,0
MLEC.US,5,20260105,161000,3.965,4.0761,3.945,4.0761,733,0
MLEC.US,5,20260105,161500,4.09,4.24,4.09,4.21,3268,0
MLEC.US,5,20260105,162000,4.1671,4.77,4.1671,4.68,7845,0
MLEC.US,5,20260105,162500,4.57,4.57,4.35,4.5,7005,0
MLEC.US,5,20260105,163000,4.4001,4.5099,4.4,4.4995,1593,0
MLEC.US,5,20260105,163500,4.4,4.4,4.4,4.4,500,0
MLEC.US,5,20260105,164000,4.3,4.3632,4.24,4.24,2111,0
MLEC.US,5,20260105,164500,4.24,4.24,4.13,4.22,791,0
MLEC.US,5,20260105,165000,4.2705,4.2705,4.1759,4.1759,286,0
MLEC.US,5,20260105,170000,4.22,4.265,4.22,4.265,740,0
MLEC.US,5,20260105,170500,4.2104,4.281,4.2104,4.281,1100,0
MLEC.US,5,20260105,171000,4.19,4.19,4.19,4.19,100,0
MLEC.US,5,20260105,172500,4.1805,4.1805,4.1805,4.1805,276,0
MLEC.US,5,20260105,173500,4.11,4.2172,4.11,4.11,2800,0
MLEC.US,5,20260105,175000,4.22,4.22,4.22,4.22,200,0
MLEC.US,5,20260105,180000,4.22,4.22,4.22,4.22,100,0
MLEC.US,5,20260105,180500,4.21,4.21,4.21,4.21,100,0
MLEC.US,5,20260105,182000,4.25,4.25,4.25,4.25,100,0
MLEC.US,5,20260105,182500,4.3167,4.3167,4.21,4.21,521,0
MLEC.US,5,20260105,183000,4.06,4.1931,4.06,4.1931,1450,0
MLEC.US,5,20260105,183500,4.173,4.173,4.173,4.173,213,0
MLEC.US,5,20260105,184000,4.12,4.12,4.12,4.12,192,0
MLEC.US,5,20260105,184500,4.11,4.11,4.0001,4.0001,3427,0
MLEC.US,5,20260105,185000,4.11,4.155,4.11,4.155,1628,0
MLEC.US,5,20260105,185500,4.1637,4.21,4.155,4.18,5262,0
MLEC.US,5,20260105,190000,4.12,4.23,4.12,4.23,1699,0
MLEC.US,5,20260105,190500,4.32,4.35,4.29,4.35,2252,0
MLEC.US,5,20260105,191000,4.18,4.18,4.18,4.18,123,0
MLEC.US,5,20260105,192000,4.18,4.18,4.18,4.18,532,0
MLEC.US,5,20260105,193000,4.2541,4.2606,4.2541,4.2606,3000,0
MLEC.US,5,20260105,193500,4.32,4.32,4.32,4.32,200,0
MLEC.US,5,20260105,194000,4.3159,4.3159,4.18,4.18,665,0
MLEC.US,5,20260105,194500,4.2092,4.26,4.18,4.26,2000,0
MLEC.US,5,20260105,200000,4.27,4.27,4.27,4.27,200,0
MLEC.US,5,20260105,201000,4.255,4.255,4.255,4.255,100,0
MLEC.US,5,20260105,201500,4.2999,4.58,4.24,4.4611,15682,0
MLEC.US,5,20260105,202000,4.45,4.45,4.44,4.45,952,0
MLEC.US,5,20260105,202500,4.46,4.4897,4.42,4.4433,1500,0
MLEC.US,5,20260105,203000,4.45,4.51,4.44,4.44,3015,0
MLEC.US,5,20260105,203500,4.44,4.44,4.44,4.44,261,0
MLEC.US,5,20260105,210000,4.465,4.465,4.465,4.465,100,0
MLEC.US,5,20260105,210500,4.44,4.44,4.2694,4.2694,6043,0
MLEC.US,5,20260105,211000,4.32,4.32,4.32,4.32,100,0
MLEC.US,5,20260105,212000,4.36,4.36,4.36,4.36,100,0
MLEC.US,5,20260105,212500,4.34,4.34,4.34,4.34,100,0
MLEC.US,5,20260105,213000,4.3301,4.3301,4.3301,4.3301,120,0
MLEC.US,5,20260105,213500,4.34,4.34,4.34,4.34,100,0
MLEC.US,5,20260105,214000,4.31,4.32,4.2,4.22,1669,0
MLEC.US,5,20260105,214500,4.07,4.392,4.07,4.392,3362,0
MLEC.US,5,20260105,215000,4.39,4.44,4.37,4.37,2100,0
MLEC.US,5,20260105,215500,4.36,4.4,4.3,4.3,4667,0
MLEC.US,5,20260106,153000,4.23,4.35,4.2,4.24,9323,0
MLEC.US,5,20260106,153500,4.21,4.24,4.2,4.2,3815,0
MLEC.US,5,20260106,154000,4.15,4.15,4.11,4.11,400,0
MLEC.US,5,20260106,154500,4.13,4.13,4.13,4.13,100,0
MLEC.US,5,20260106,155000,4.12,4.12,4.1,4.11,1692,0
MLEC.US,5,20260106,155500,4.09,4.11,4.09,4.1,611,0
MLEC.US,5,20260106,160500,4.09,4.09,4.09,4.09,100,0
MLEC.US,5,20260106,161500,4.08,4.09,3.97,3.97,1854,0
MLEC.US,5,20260106,162000,3.9687,3.9687,3.8001,3.93,1546,0
MLEC.US,5,20260106,162500,3.8,3.8891,3.8,3.8891,1201,0
MLEC.US,5,20260106,163000,3.84,3.84,3.81,3.81,950,0
MLEC.US,5,20260106,163500,3.81,3.81,3.75,3.75,592,0
MLEC.US,5,20260106,164000,3.8478,3.8478,3.8478,3.8478,300,0
MLEC.US,5,20260106,165000,3.78,3.8899,3.78,3.8899,1496,0
MLEC.US,5,20260106,165500,3.76,3.76,3.76,3.76,200,0
MLEC.US,5,20260106,174000,3.795,3.8399,3.78,3.795,3500,0
MLEC.US,5,20260106,175000,3.76,3.77,3.76,3.77,200,0
MLEC.US,5,20260106,175500,3.75,3.75,3.75,3.75,151,0
MLEC.US,5,20260106,180000,3.7587,3.85,3.7587,3.85,3605,0
MLEC.US,5,20260106,181500,3.8001,3.8017,3.8001,3.8017,377,0
MLEC.US,5,20260106,182000,3.885,3.885,3.885,3.885,495,0
MLEC.US,5,20260106,182500,3.8896,3.89,3.8896,3.89,301,0
MLEC.US,5,20260106,183000,3.93,3.93,3.93,3.93,400,0
MLEC.US,5,20260106,183500,3.9,3.9,3.9,3.9,100,0
MLEC.US,5,20260106,184000,3.9,3.9,3.89,3.9,451,0
MLEC.US,5,20260106,185000,3.86,3.87,3.86,3.86,800,0
MLEC.US,5,20260106,190000,3.8514,3.8514,3.8514,3.8514,200,0
MLEC.US,5,20260106,191500,3.85,3.85,3.85,3.85,124,0
MLEC.US,5,20260106,192000,3.92,3.92,3.92,3.92,100,0
MLEC.US,5,20260106,192500,3.85,3.85,3.85,3.85,100,0
MLEC.US,5,20260106,194000,3.99,3.99,3.955,3.9899,13240,0
MLEC.US,5,20260106,200000,4.095,4.095,4.095,4.095,200,0
MLEC.US,5,20260106,200500,4.095,4.095,4.095,4.095,540,0
MLEC.US,5,20260106,201500,4.095,4.095,4.095,4.095,100,0
MLEC.US,5,20260106,202500,4.0673,4.0673,4.01,4.01,550,0
MLEC.US,5,20260106,210000,3.86,3.86,3.86,3.86,373,0
MLEC.US,5,20260106,210500,3.94,4,3.94,4,1200,0
MLEC.US,5,20260106,212000,3.93,3.93,3.93,3.93,272,0
MLEC.US,5,20260106,214000,3.9692,3.9692,3.9692,3.9692,200,0
MLEC.US,5,20260106,214500,3.94,3.99,3.94,3.99,400,0
MLEC.US,5,20260106,215000,3.8626,3.8626,3.8626,3.8626,2000,0
MLEC.US,5,20260106,215500,3.8707,3.89,3.8,3.8,3544,0
MLEC.US,5,20260107,153000,3.77,3.8,3.77,3.8,569,0
MLEC.US,5,20260107,154000,3.76,3.76,3.76,3.76,250,0
MLEC.US,5,20260107,161500,3.76,3.76,3.76,3.76,484,0
MLEC.US,5,20260107,162000,3.77429,3.77429,3.77429,3.77429,500,0
MLEC.US,5,20260107,162500,3.76,3.76,3.76,3.76,100,0
MLEC.US,5,20260107,163000,3.83,3.905,3.82,3.82,600,0
MLEC.US,5,20260107,163500,3.93,3.97,3.93,3.97,300,0
MLEC.US,5,20260107,164000,3.98,4.2,3.9705,4.2,2289,0
MLEC.US,5,20260107,164500,4.15,4.15,4.15,4.15,600,0
MLEC.US,5,20260107,165000,4.15,4.15,4.07,4.11,3186,0
MLEC.US,5,20260107,171000,4,4,4,4,121,0
MLEC.US,5,20260107,171500,3.9354,3.9354,3.9354,3.9354,395,0
MLEC.US,5,20260107,173500,3.9,3.9,3.9,3.9,251,0
MLEC.US,5,20260107,174500,3.81,3.83,3.81,3.83,515,0
MLEC.US,5,20260107,181500,3.88,3.88,3.88,3.88,1112,0
MLEC.US,5,20260107,183500,3.88,3.88,3.88,3.88,100,0
MLEC.US,5,20260107,184500,3.9816,3.9816,3.9816,3.9816,500,0
MLEC.US,5,20260107,185000,4.0399,4.0399,3.96,3.96,7467,0
MLEC.US,5,20260107,185500,3.968,3.968,3.968,3.968,500,0
MLEC.US,5,20260107,192500,4.03,4.03,4.03,4.03,100,0
MLEC.US,5,20260107,193500,4,4,4,4,400,0
MLEC.US,5,20260107,194000,4,4,4,4,400,0
MLEC.US,5,20260107,194500,4,4.17,4,4.125,5213,0
MLEC.US,5,20260107,195000,4.115,4.115,4.115,4.115,100,0
MLEC.US,5,20260107,200000,4.11,4.11,4.11,4.11,121,0
MLEC.US,5,20260107,201000,4.11,4.11,4.1,4.1,500,0
MLEC.US,5,20260107,202000,4.05,4.05,4.05,4.05,293,0
MLEC.US,5,20260107,202500,4.0732,4.0732,3.8501,3.8501,2750,0
MLEC.US,5,20260107,205500,3.93,3.93,3.93,3.93,100,0
MLEC.US,5,20260107,210500,4.065,4.065,4.065,4.065,100,0
MLEC.US,5,20260107,211500,4.06,4.06,4.06,4.06,100,0
MLEC.US,5,20260107,215000,4.06,4.06,4.06,4.06,100,0
MLEC.US,5,20260107,215500,3.99,3.99,3.99,3.99,333,0
MLEC.US,5,20260108,153000,4,4,4,4,500,0
MLEC.US,5,20260108,153500,4.007,4.01,4.007,4.01,200,0
MLEC.US,5,20260108,154000,4.09,4.0999,4.0412,4.0412,906,0
MLEC.US,5,20260108,160000,4.18,4.18,4.18,4.18,1000,0
MLEC.US,5,20260108,160500,4.2,4.4,4.2,4.4,1008,0
MLEC.US,5,20260108,161000,4.45,4.45,4.45,4.45,100,0
MLEC.US,5,20260108,162000,4.3296,4.45,4.3296,4.45,200,0
MLEC.US,5,20260108,163500,4.345,4.35,4.25,4.35,800,0
MLEC.US,5,20260108,164000,4.45,4.45,4.45,4.45,192,0
MLEC.US,5,20260108,165000,4.47,4.47,4.47,4.47,1012,0
MLEC.US,5,20260108,170000,4.41,4.41,4.41,4.41,150,0
MLEC.US,5,20260108,170500,4.45,4.45,4.41,4.41,341,0
MLEC.US,5,20260108,171000,4.45,4.47,4.45,4.46,508,0
MLEC.US,5,20260108,171500,4.47,4.47,4.47,4.47,547,0
MLEC.US,5,20260108,172000,4.46,4.5332,4.44,4.5332,1800,0
MLEC.US,5,20260108,173000,4.54,4.54,4.38,4.38,200,0
MLEC.US,5,20260108,173500,4.495,4.6,4.4561,4.6,10300,0
MLEC.US,5,20260108,175000,4.555,4.66,4.555,4.66,2158,0
MLEC.US,5,20260108,175500,4.67,4.67,4.46,4.525,1598,0
MLEC.US,5,20260108,180000,4.5,4.5,4.48,4.48,772,0
MLEC.US,5,20260108,180500,4.4739,4.4739,4.4739,4.4739,100,0
MLEC.US,5,20260108,181000,4.61,4.655,4.6,4.655,300,0
MLEC.US,5,20260108,182000,4.56,4.56,4.56,4.56,277,0
MLEC.US,5,20260108,182500,4.655,4.655,4.58,4.58,200,0
MLEC.US,5,20260108,183000,4.67,4.67,4.67,4.67,100,0
MLEC.US,5,20260108,183500,4.5916,4.5916,4.5916,4.5916,537,0
MLEC.US,5,20260108,184000,4.62,4.65,4.62,4.65,400,0
MLEC.US,5,20260108,184500,4.64,4.64,4.52,4.52,1421,0
MLEC.US,5,20260108,185000,4.585,4.585,4.585,4.585,100,0
MLEC.US,5,20260108,190500,4.48,4.48,4.48,4.48,600,0
MLEC.US,5,20260108,192000,4.52,4.595,4.5105,4.595,300,0
MLEC.US,5,20260108,193000,4.62,4.62,4.5,4.5,200,0
MLEC.US,5,20260108,194000,4.63,4.63,4.63,4.63,100,0
MLEC.US,5,20260108,195500,4.52,4.52,4.4,4.4,3092,0
MLEC.US,5,20260108,200000,4.51,4.51,4.51,4.51,143,0
MLEC.US,5,20260108,200500,4.38,4.565,4.38,4.565,765,0
MLEC.US,5,20260108,201500,4.575,4.575,4.575,4.575,100,0
MLEC.US,5,20260108,202000,4.575,4.575,4.575,4.575,100,0
MLEC.US,5,20260108,203000,4.55,4.55,4.55,4.55,100,0
MLEC.US,5,20260108,210500,4.68,4.69,4.6,4.6,300,0
MLEC.US,5,20260108,212000,4.72,4.72,4.7024,4.7024,360,0
MLEC.US,5,20260108,212500,4.4,4.4,4.4,4.4,547,0
MLEC.US,5,20260108,213000,4.6,4.6,4.6,4.6,120,0
MLEC.US,5,20260108,213500,4.595,4.72,4.4834,4.72,300,0
MLEC.US,5,20260108,214500,4.65,4.65,4.65,4.65,100,0
MLEC.US,5,20260108,215000,4.72,4.72,4.61,4.61,1000,0
MLEC.US,5,20260108,215500,4.47,4.47,4.47,4.47,600,0
