<TICKER>,<PER>,<DATE>,<TIME>,<OPEN>,<HIGH>,<LOW>,<CLOSE>,<VOL>,<OPENINT>
OCG.US,5,20250813,154500,4.1733,4.1733,4.1733,4.1733,100,0
OCG.US,5,20250813,160500,4.105,4.17,4.06,4.17,2497,0
OCG.US,5,20250813,162500,4.21,4.21,4.2,4.2,2129,0
OCG.US,5,20250813,164500,4.15,4.15,4.0546,4.0546,1967,0
OCG.US,5,20250813,170500,4.12,4.12,4.03,4.03,2842,0
OCG.US,5,20250813,172500,4.04,4.04,4.04,4.04,2946,0
OCG.US,5,20250813,185000,4.04,4.04,4.04,4.04,1999,0
OCG.US,5,20250814,153000,3.95,4.22,3.74,4.22,1899,0
OCG.US,5,20250814,155500,3.8,3.8,3.8,3.8,380,0
OCG.US,5,20250814,162000,3.97,3.97,3.97,3.97,200,0
OCG.US,5,20250814,162500,3.8,3.801,3.8,3.8,3470,0
OCG.US,5,20250814,184500,3.9242,3.9242,3.9242,3.9242,300,0
OCG.US,5,20250814,185500,3.91,3.92,3.8,3.8,1000,0
OCG.US,5,20250815,171500,3.755,3.78,3.755,3.78,300,0
OCG.US,5,20250815,185500,3.755,3.755,3.755,3.755,1000,0
OCG.US,5,20250815,191500,3.8,3.8,3.51,3.5101,4263,0
OCG.US,5,20250815,192000,3.21,3.21,3.21,3.21,200,0
OCG.US,5,20250815,193000,2.88,3.3,2.88,3.22,1783,0
OCG.US,5,20250815,193500,3.31,3.4,3.31,3.4,706,0
OCG.US,5,20250815,200500,3.27,3.6,3.27,3.6,1343,0
OCG.US,5,20250815,201000,3.51,3.564,3.51,3.564,300,0
OCG.US,5,20250818,161000,3.56,3.56,3.56,3.56,100,0
OCG.US,5,20250819,153000,3.3,3.3,3.3,3.3,1223,0
OCG.US,5,20250819,155000,3.41,3.41,3.4,3.4,1144,0
OCG.US,5,20250819,160500,3.4,3.4,3.4,3.4,2876,0
OCG.US,5,20250819,173500,3.49,3.498,3.46,3.49,1928,0
OCG.US,5,20250819,174000,3.15,3.15,3.15,3.15,100,0
OCG.US,5,20250820,153000,3.09,3.09,3.09,3.09,100,0
OCG.US,5,20250820,154000,3.15,3.15,3.15,3.15,102,0
OCG.US,5,20250820,195500,2.88,2.88,2.88,2.88,100,0
OCG.US,5,20250820,202500,2.85,2.85,2.85,2.85,129,0
OCG.US,5,20250820,203000,3.09,3.11,3.06,3.11,1656,0
OCG.US,5,20250820,204500,2.83,3.09,2.83,3.09,541,0
OCG.US,5,20250821,160000,3,3,3,3,1000,0
OCG.US,5,20250821,160500,2.9998,3,2.9706,3,1351,0
OCG.US,5,20250821,161500,2.9544,2.9544,2.84,2.92,5300,0
OCG.US,5,20250821,163000,3,3,3,3,100,0
OCG.US,5,20250821,164000,2.965,3,2.965,2.99,996,0
OCG.US,5,20250821,164500,2.94,2.96,2.92,2.92,1095,0
OCG.US,5,20250821,165500,2.96,2.96,2.96,2.96,300,0
OCG.US,5,20250821,170500,2.83,2.83,2.83,2.83,100,0
OCG.US,5,20250821,172000,2.83,2.83,2.83,2.83,200,0
OCG.US,5,20250821,202000,2.62,2.82,2.59,2.75,1900,0
OCG.US,5,20250821,202500,2.7498,2.7498,2.6101,2.6101,1000,0
OCG.US,5,20250821,203000,2.75,2.75,2.75,2.75,364,0
OCG.US,5,20250821,204000,2.75,2.75,2.75,2.75,891,0
OCG.US,5,20250822,182500,2.8,2.8,2.47,2.47,48724,0
OCG.US,5,20250822,183000,2.515,2.515,2.45,2.47,8142,0
OCG.US,5,20250822,183500,2.47,2.55,2.4,2.4,6775,0
OCG.US,5,20250822,184000,2.4,2.41,2.4,2.4,4943,0
OCG.US,5,20250822,185000,2.88,2.88,2.88,2.88,250,0
OCG.US,5,20250822,191500,2.46,2.46,2.4,2.45,10475,0
OCG.US,5,20250822,192000,2.4,2.4,2.4,2.4,140,0
OCG.US,5,20250822,193000,2.47,2.47,2.45,2.45,10160,0
OCG.US,5,20250822,193500,2.43,2.43,2.42,2.42,13065,0
OCG.US,5,20250822,194000,2.4188,2.42,2.4188,2.42,1713,0
OCG.US,5,20250822,195000,2.4,2.5832,2.4,2.5832,4267,0
OCG.US,5,20250822,195500,2.45,2.45,2.45,2.45,10000,0
OCG.US,5,20250822,200000,2.34,2.35,2.3358,2.34,2032,0
OCG.US,5,20250822,200500,2.32,2.34,2.32,2.33,6192,0
OCG.US,5,20250822,201000,2.34,2.35,2.33,2.34,5861,0
OCG.US,5,20250822,201500,2.34,2.34,2.26,2.26,7600,0
OCG.US,5,20250822,202000,2.26,2.26,2.2563,2.2563,7221,0
OCG.US,5,20250822,202500,2.26,2.26,2.26,2.26,300,0
OCG.US,5,20250822,203000,2.25,2.43,2.22,2.43,1471,0
OCG.US,5,20250822,203500,2.26,2.26,2.235,2.25,8000,0
OCG.US,5,20250822,204000,2.25,2.435,2.25,2.3702,25579,0
OCG.US,5,20250822,204500,2.3702,2.3702,2.26,2.27,12624,0
OCG.US,5,20250822,205000,2.44,2.65,2.44,2.55,3226,0
OCG.US,5,20250822,205500,2.56,2.87,2.43,2.615,3065,0
OCG.US,5,20250822,210000,2.6,2.615,2.48,2.55,4000,0
OCG.US,5,20250822,210500,2.6599,2.66,2.615,2.615,2500,0
OCG.US,5,20250822,211500,2.72,2.72,2.72,2.72,1100,0
OCG.US,5,20250822,212000,2.74,2.74,2.74,2.74,459,0
OCG.US,5,20250822,212500,2.35,2.61,2.35,2.48,20434,0
OCG.US,5,20250822,213000,2.6,2.7,2.35,2.635,8099,0
OCG.US,5,20250822,213500,2.81,2.81,2.605,2.73,3635,0
OCG.US,5,20250822,214000,2.73,2.775,2.7,2.71,2100,0
OCG.US,5,20250822,214500,2.79,2.8,2.57,2.73,9221,0
OCG.US,5,20250822,215000,2.8,2.83,2.41,2.69,10777,0
OCG.US,5,20250822,215500,2.715,3.49,2.63,3.4899,16740,0
OCG.US,5,20250825,153000,3.29,3.29,3.2,3.2,12360,0
OCG.US,5,20250825,153500,3.25,3.36,3.25,3.36,3210,0
OCG.US,5,20250825,154000,3.46,3.47,3.46,3.47,546,0
OCG.US,5,20250825,162500,3.14,3.21,3,3.07,700,0
OCG.US,5,20250825,163000,3.04,3.1,2.84,2.84,1806,0
OCG.US,5,20250825,163500,2.97,2.97,2.97,2.97,104,0
OCG.US,5,20250825,164000,2.97,3.16,2.9098,3.16,13613,0
OCG.US,5,20250825,164500,3.11,3.11,3,3,16066,0
OCG.US,5,20250825,165000,3.01,3.05,3,3.05,15010,0
OCG.US,5,20250825,165500,3.01,3.11,2.97,3.01,16108,0
OCG.US,5,20250825,170000,3.015,3.015,2.98,2.98,1518,0
OCG.US,5,20250825,172500,3.04,3.04,2.95,2.95,13237,0
OCG.US,5,20250825,173000,2.98,3.28,2.95,3.18,13145,0
OCG.US,5,20250825,173500,3.04,3.04,2.99,2.99,2300,0
OCG.US,5,20250825,174000,3.03,3.19,3.03,3.15,3177,0
OCG.US,5,20250825,174500,3.22,3.22,2.96,3.01,17211,0
OCG.US,5,20250825,175000,3.01,3.09,2.99,3.03,2800,0
OCG.US,5,20250825,175500,2.95,3.025,2.95,2.98,10168,0
OCG.US,5,20250825,180000,2.97,2.97,2.97,2.97,3000,0
OCG.US,5,20250825,180500,2.98,2.98,2.98,2.98,1932,0
OCG.US,5,20250825,181000,2.98,2.9894,2.97,2.97,3962,0
OCG.US,5,20250825,181500,2.9799,2.9799,2.9,2.9,9656,0
OCG.US,5,20250825,182000,2.9,2.9,2.9,2.9,1200,0
OCG.US,5,20250825,182500,2.88,2.88,2.88,2.88,3250,0
OCG.US,5,20250825,183000,2.67,2.8924,2.67,2.8924,1418,0
OCG.US,5,20250825,184000,2.85,2.88,2.84,2.88,300,0
OCG.US,5,20250825,184500,2.88,2.88,2.88,2.88,347,0
OCG.US,5,20250825,185000,2.8818,2.8818,2.8818,2.8818,131,0
OCG.US,5,20250825,190000,2.92,2.93,2.92,2.93,300,0
OCG.US,5,20250825,190500,2.94,2.94,2.94,2.94,100,0
OCG.US,5,20250825,191000,2.92,2.92,2.86,2.92,1660,0
OCG.US,5,20250825,191500,2.9,2.9,2.9,2.9,140,0
OCG.US,5,20250825,194500,2.95,2.99,2.95,2.99,557,0
OCG.US,5,20250825,195000,2.99,2.99,2.94,2.94,1100,0
OCG.US,5,20250825,195500,2.93,2.99,2.93,2.94,800,0
OCG.US,5,20250825,200000,3.02,3.02,3.02,3.02,200,0
OCG.US,5,20250825,202000,2.92,2.92,2.92,2.92,2200,0
OCG.US,5,20250825,202500,3.01,3.01,3.01,3.01,331,0
OCG.US,5,20250825,210500,3.04,3.04,3.04,3.04,100,0
OCG.US,5,20250825,213500,3.06,3.06,3.06,3.06,119,0
OCG.US,5,20250825,214000,3.28,3.28,3.28,3.28,767,0
OCG.US,5,20250825,215500,3.08,3.08,2.89,2.89,200,0
OCG.US,5,20250826,153000,2.84,2.84,2.71,2.72,620,0
OCG.US,5,20250826,155500,2.7514,2.7514,2.75,2.75,4400,0
OCG.US,5,20250826,161000,2.82,2.82,2.75,2.75,600,0
OCG.US,5,20250826,162500,2.87,2.89,2.87,2.89,25700,0
OCG.US,5,20250826,163000,2.89,2.89,2.88,2.88,10580,0
OCG.US,5,20250826,164000,2.955,2.955,2.955,2.955,142,0
OCG.US,5,20250826,165500,2.91,2.91,2.91,2.91,100,0
OCG.US,5,20250826,174500,2.9,3.01,2.9,3.01,34604,0
OCG.US,5,20250826,175000,3.02,3.02,3.01,3.01,9855,0
OCG.US,5,20250826,175500,3.1,3.16,2.98,2.98,22679,0
OCG.US,5,20250826,180000,3,3.21,3,3.085,15093,0
OCG.US,5,20250826,180500,3.0576,3.3,3.0576,3.28,27630,0
OCG.US,5,20250826,181500,3.35,3.35,3.35,3.35,7424,0
OCG.US,5,20250826,182000,3.25,3.26,3.2,3.23,3084,0
OCG.US,5,20250826,182500,3.31,3.3292,3.3,3.3,1599,0
OCG.US,5,20250826,183000,3.3,3.68,3.3,3.4113,6340,0
OCG.US,5,20250826,183500,3.67,4.1,3.61,3.8588,54448,0
OCG.US,5,20250826,184000,3.86,3.9099,3.38,3.686,35598,0
OCG.US,5,20250826,184500,3.68,3.71,3.54,3.5759,3543,0
OCG.US,5,20250826,185000,3.67,4.35,3.67,4.04,144662,0
OCG.US,5,20250826,185500,4.03,4.2699,3.73,4.04,149038,0
OCG.US,5,20250826,190000,4.03,4.0381,3.7,3.85,78723,0
OCG.US,5,20250826,190500,3.8114,3.8114,3.5,3.51,31664,0
OCG.US,5,20250826,191000,3.5101,3.69,3.4137,3.56,31998,0
OCG.US,5,20250826,191500,3.51,3.559,3.4201,3.54,18689,0
OCG.US,5,20250826,192000,3.56,3.58,3.4201,3.4799,14668,0
OCG.US,5,20250826,192500,3.48,3.56,3.42,3.56,6481,0
OCG.US,5,20250826,193000,3.54,3.54,3.45,3.48,1599,0
OCG.US,5,20250826,193500,3.4791,3.5764,3.475,3.48,1050,0
OCG.US,5,20250826,194000,3.54,3.61,3.54,3.6,4910,0
OCG.US,5,20250826,194500,3.61,3.62,3.565,3.565,1435,0
OCG.US,5,20250826,195000,3.62,3.62,3.55,3.56,3874,0
OCG.US,5,20250826,195500,3.67,3.8453,3.595,3.6,11170,0
OCG.US,5,20250826,200000,3.56,3.56,3.55,3.551,1912,0
OCG.US,5,20250826,200500,3.56,3.6158,3.56,3.6,454,0
OCG.US,5,20250826,201000,3.68,3.75,3.66,3.66,2871,0
OCG.US,5,20250826,202000,3.63,3.63,3.63,3.63,271,0
OCG.US,5,20250826,202500,3.69,3.74,3.6,3.665,1830,0
OCG.US,5,20250826,203000,3.66,3.66,3.6,3.66,1404,0
OCG.US,5,20250826,203500,3.685,3.75,3.685,3.74,2200,0
OCG.US,5,20250826,204000,3.745,3.79,3.745,3.79,2037,0
OCG.US,5,20250826,204500,3.75,3.828,3.64,3.828,26094,0
OCG.US,5,20250826,205000,3.71,3.75,3.66,3.7,4681,0
OCG.US,5,20250826,205500,3.7,3.76,3.7,3.75,2652,0
OCG.US,5,20250826,210000,3.75,3.75,3.7,3.7,823,0
OCG.US,5,20250826,210500,3.73,3.73,3.73,3.73,100,0
OCG.US,5,20250826,211000,3.6527,3.75,3.6527,3.75,4393,0
OCG.US,5,20250826,212000,3.81,3.88,3.81,3.88,200,0
OCG.US,5,20250826,212500,3.88,3.98,3.7185,3.87,15832,0
OCG.US,5,20250826,213000,3.91,4,3.85,3.86,7374,0
OCG.US,5,20250826,213500,3.86,3.87,3.84,3.87,441,0
OCG.US,5,20250826,214000,3.87,3.9399,3.87,3.9203,8325,0
OCG.US,5,20250826,214500,3.9238,3.9238,3.6475,3.83,5961,0
OCG.US,5,20250826,215000,3.83,3.92,3.6246,3.6652,4110,0
OCG.US,5,20250826,215500,3.8679,3.88,3.69,3.85,3939,0
OCG.US,5,20250827,153000,3.85,3.8641,3.75,3.75,4729,0
OCG.US,5,20250827,153500,3.76,3.88,3.76,3.88,1136,0
OCG.US,5,20250827,154000,3.8695,3.8695,3.55,3.7955,4849,0
OCG.US,5,20250827,154500,3.5658,3.5658,3.5658,3.5658,152,0
OCG.US,5,20250827,155000,3.61,3.61,3.61,3.61,200,0
OCG.US,5,20250827,155500,3.6253,3.6253,3.6253,3.6253,100,0
OCG.US,5,20250827,160000,3.6178,3.6178,3.6178,3.6178,400,0
OCG.US,5,20250827,160500,3.62,3.705,3.61,3.66,1992,0
OCG.US,5,20250827,161000,3.8,3.8,3.65,3.705,834,0
OCG.US,5,20250827,161500,3.71,3.71,3.71,3.71,100,0
OCG.US,5,20250827,162000,3.72,3.72,3.7101,3.7102,2500,0
OCG.US,5,20250827,162500,3.71,3.71,3.71,3.71,152,0
OCG.US,5,20250827,163000,3.71,3.8,3.71,3.8,2282,0
OCG.US,5,20250827,163500,3.8,3.8,3.742,3.742,200,0
OCG.US,5,20250827,164000,3.742,3.742,3.742,3.742,100,0
OCG.US,5,20250827,164500,3.74,3.74,3.74,3.74,300,0
OCG.US,5,20250827,165000,3.7,3.7,3.6337,3.6337,224,0
OCG.US,5,20250827,170000,3.6,3.6,3.6,3.6,428,0
OCG.US,5,20250827,171000,3.665,3.73,3.665,3.73,393,0
OCG.US,5,20250827,173000,3.64,3.64,3.64,3.64,100,0
OCG.US,5,20250827,174500,3.61,3.61,3.61,3.61,409,0
OCG.US,5,20250827,175000,3.68,3.75,3.642,3.75,2902,0
OCG.US,5,20250827,180500,3.6624,3.6624,3.6624,3.6624,400,0
OCG.US,5,20250827,181500,3.75,3.75,3.75,3.75,100,0
OCG.US,5,20250827,182000,3.755,3.84,3.7501,3.84,5747,0
OCG.US,5,20250827,182500,3.8137,3.8137,3.8137,3.8137,172,0
OCG.US,5,20250827,184000,3.85,3.95,3.84,3.9496,5622,0
OCG.US,5,20250827,184500,3.94,3.94,3.94,3.94,150,0
OCG.US,5,20250827,185500,3.98,3.98,3.98,3.98,475,0
OCG.US,5,20250827,191000,3.97,4.1645,3.97,4.0948,2403,0
OCG.US,5,20250827,191500,4.13,4.15,3.7692,4.079,13577,0
OCG.US,5,20250827,192000,4.08,4.15,4.01,4.15,4976,0
OCG.US,5,20250827,192500,4.14,4.14,4.14,4.14,200,0
OCG.US,5,20250827,194000,4.09,4.14,4.085,4.085,2000,0
OCG.US,5,20250827,200000,4.085,4.14,4.085,4.13,1148,0
OCG.US,5,20250827,200500,4.2,4.225,4.2,4.225,1330,0
OCG.US,5,20250827,201000,4.24,4.26,4.185,4.185,900,0
OCG.US,5,20250827,204000,4.02,4.02,4.02,4.02,300,0
OCG.US,5,20250827,204500,4.02,4.02,4.02,4.02,276,0
OCG.US,5,20250827,210000,4.2,4.2,4.03,4.03,1250,0
OCG.US,5,20250827,210500,4.03,4.22,4.03,4.22,1222,0
OCG.US,5,20250827,211000,4.21,4.21,4.21,4.21,100,0
OCG.US,5,20250827,212000,4.1,4.1,4.1,4.1,100,0
OCG.US,5,20250827,212500,4.03,4.11,4.03,4.09,570,0
OCG.US,5,20250827,213500,4.0624,4.07,4.0624,4.07,600,0
OCG.US,5,20250827,214000,4.07,4.11,4.07,4.11,300,0
OCG.US,5,20250827,215500,4.22,4.22,4.22,4.22,1812,0
OCG.US,5,20250828,153000,4.12,4.12,3.6208,3.6208,1454,0
OCG.US,5,20250828,153500,3.97,3.97,3.97,3.97,500,0
OCG.US,5,20250828,154000,4.02,4.1894,4.02,4.1894,700,0
OCG.US,5,20250828,154500,4.1847,4.1847,4.18,4.18,1042,0
OCG.US,5,20250828,155000,4.19,4.19,4.19,4.19,100,0
OCG.US,5,20250828,161000,4.145,4.145,4.0904,4.0904,1304,0
OCG.US,5,20250828,162000,4.1173,4.145,4.09,4.145,3219,0
OCG.US,5,20250828,162500,4.1,4.1,4.1,4.1,3635,0
OCG.US,5,20250828,163500,4.1,4.1,4.1,4.1,516,0
OCG.US,5,20250828,164000,3.9736,3.9736,3.9736,3.9736,200,0
OCG.US,5,20250828,172500,4.035,4.035,4.035,4.035,300,0
OCG.US,5,20250828,173000,4.04,4.055,4.04,4.055,800,0
OCG.US,5,20250828,175000,4,4,4,4,350,0
OCG.US,5,20250828,180500,4,4,4,4,1000,0
OCG.US,5,20250828,181000,4,4,4,4,500,0
OCG.US,5,20250828,183000,4.02,4.02,3.92,3.92,200,0
OCG.US,5,20250828,184000,4,4,4,4,500,0
OCG.US,5,20250828,191500,4.13,4.1999,4.0518,4.0739,6074,0
OCG.US,5,20250828,195000,4.2,4.2,4.2,4.2,100,0
OCG.US,5,20250828,203500,4.08,4.08,4.08,4.08,169,0
OCG.US,5,20250828,210000,4.06,4.06,4.06,4.06,100,0
OCG.US,5,20250828,211500,4.06,4.06,4.06,4.06,1100,0
OCG.US,5,20250828,212000,4.1961,4.1961,4.1961,4.1961,500,0
OCG.US,5,20250828,213500,4.07,4.07,4.07,4.07,2183,0
OCG.US,5,20250828,214000,4.07,4.07,4.07,4.07,409,0
OCG.US,5,20250828,215000,4.09,4.09,4.09,4.09,100,0
OCG.US,5,20250828,215500,4.06,4.06,4.03,4.06,1427,0
OCG.US,5,20250829,153000,4.06,4.22,4.06,4.22,852,0
OCG.US,5,20250829,153500,4.09,4.28,4.09,4.28,215,0
OCG.US,5,20250829,154000,4.28,4.28,4.1413,4.182,3454,0
OCG.US,5,20250829,154500,4.15,4.15,4.15,4.15,389,0
OCG.US,5,20250829,155500,4.18,4.18,4.18,4.18,300,0
OCG.US,5,20250829,160500,4.17,4.17,4.17,4.17,300,0
OCG.US,5,20250829,161000,4.1467,4.1467,4.1467,4.1467,100,0
OCG.US,5,20250829,161500,4.18,4.18,4.18,4.18,704,0
OCG.US,5,20250829,163000,4.09,4.11,3.98,4.025,2864,0
OCG.US,5,20250829,163500,4.19,4.19,4.19,4.19,200,0
OCG.US,5,20250829,164000,4.24,4.24,4.2,4.2,502,0
OCG.US,5,20250829,164500,4.2,4.2,4.15,4.15,200,0
OCG.US,5,20250829,165500,4.15,4.15,4.15,4.15,306,0
OCG.US,5,20250829,170500,4.15,4.15,4.15,4.15,535,0
OCG.US,5,20250829,172000,4.14,4.15,4.14,4.15,1194,0
OCG.US,5,20250829,182000,4.14,4.277,4.14,4.277,3234,0
OCG.US,5,20250829,192500,4.2,4.2,4.2,4.2,1540,0
OCG.US,5,20250829,193000,4.25,4.25,4.25,4.25,100,0
OCG.US,5,20250829,194500,4.212338,4.212338,4.212338,4.212338,180,0
OCG.US,5,20250829,200500,4.21,4.211,4.21,4.21,1438,0
OCG.US,5,20250829,201000,4.21,4.21,4.21,4.21,200,0
OCG.US,5,20250829,203500,4.23,4.23,4.23,4.23,347,0
OCG.US,5,20250829,204500,4.22,4.23,4.22,4.23,600,0
OCG.US,5,20250829,210500,4.2899,4.2899,4.2899,4.2899,116,0
OCG.US,5,20250829,211000,4.245,4.245,4.2063,4.21,800,0
OCG.US,5,20250829,211500,4.21,4.245,4.2,4.2,741,0
OCG.US,5,20250829,212000,4.2,4.2,4.2,4.2,505,0
OCG.US,5,20250829,214500,4.14,4.14,4.14,4.14,255,0
OCG.US,5,20250902,153000,3.99,3.99,3.99,3.99,221,0
OCG.US,5,20250902,154000,3.9,3.9,3.84,3.879,1809,0
OCG.US,5,20250902,154500,4,4,4,4,475,0
OCG.US,5,20250902,155000,3.8801,3.8801,3.8801,3.8801,500,0
OCG.US,5,20250902,161500,3.99,3.99,3.99,3.99,200,0
OCG.US,5,20250902,171500,3.9226,3.9226,3.9226,3.9226,105,0
OCG.US,5,20250902,173000,3.963764,3.963764,3.963764,3.963764,300,0
OCG.US,5,20250902,205000,3.9407,3.9407,3.9407,3.9407,1000,0
OCG.US,5,20250902,214000,3.965,3.965,3.9,3.92,950,0
OCG.US,5,20250902,215500,3.89,3.97,3.89,3.97,700,0
OCG.US,5,20250903,153000,3.94,3.94,3.47,3.47,935,0
OCG.US,5,20250903,154500,3.57,3.93,3.57,3.93,991,0
OCG.US,5,20250903,155000,3.94,3.94,3.68,3.68,1200,0
OCG.US,5,20250903,155500,3.72,3.97,3.6324,3.79,996,0
OCG.US,5,20250903,162500,3.825,3.825,3.7906,3.7906,636,0
OCG.US,5,20250903,163500,3.81,3.814,3.79,3.814,363,0
OCG.US,5,20250903,173000,3.7997,3.7997,3.7997,3.7997,302,0
OCG.US,5,20250903,175500,3.85,3.89,3.85,3.89,300,0
OCG.US,5,20250903,180500,3.89,3.92,3.89,3.92,300,0
OCG.US,5,20250903,181000,3.87,3.87,3.87,3.87,100,0
OCG.US,5,20250903,185500,3.79,3.79,3.57,3.57,2228,0
OCG.US,5,20250903,190500,3.705,3.705,3.68,3.68,200,0
OCG.US,5,20250903,213500,3.7464,3.7464,3.7464,3.7464,700,0
OCG.US,5,20250903,215500,3.74,3.7545,3.73,3.73,1087,0
OCG.US,5,20250904,153000,3.66,3.66,3.66,3.66,146,0
OCG.US,5,20250904,153500,3.55,3.55,3.55,3.55,100,0
OCG.US,5,20250904,154000,3.62,3.62,3.55,3.55,400,0
OCG.US,5,20250904,154500,3.47,3.53,3.47,3.53,600,0
OCG.US,5,20250904,155000,3.5,3.5,3.5,3.5,100,0
OCG.US,5,20250904,155500,3.51,3.53,3.51,3.52,300,0
OCG.US,5,20250904,160000,3.51,3.51,3.51,3.51,200,0
OCG.US,5,20250904,162500,3.32,3.51,3.32,3.51,1100,0
OCG.US,5,20250904,163000,3.48,3.59,3.48,3.59,800,0
OCG.US,5,20250904,165500,3.59,3.59,3.59,3.59,100,0
OCG.US,5,20250904,172000,3.59,3.8,3.55,3.76,7109,0
OCG.US,5,20250904,172500,3.85,3.85,3.56,3.65,10831,0
OCG.US,5,20250904,173500,3.665,3.665,3.665,3.665,1000,0
OCG.US,5,20250904,174000,3.67,3.67,3.655,3.655,200,0
OCG.US,5,20250904,181000,3.635,3.635,3.635,3.635,100,0
OCG.US,5,20250904,181500,3.615,3.74,3.615,3.655,1000,0
OCG.US,5,20250904,190500,3.65,3.65,3.65,3.65,100,0
OCG.US,5,20250904,191500,3.715,3.715,3.715,3.715,100,0
OCG.US,5,20250904,192500,3.61,3.62,3.61,3.62,212,0
OCG.US,5,20250904,205000,3.77,3.77,3.77,3.77,100,0
OCG.US,5,20250904,205500,3.71,3.71,3.71,3.71,151,0
OCG.US,5,20250904,211000,3.62,3.9,3.62,3.9,1510,0
OCG.US,5,20250904,211500,3.95,3.95,3.775,3.775,1204,0
OCG.US,5,20250904,213000,3.78,3.78,3.78,3.78,100,0
OCG.US,5,20250904,214000,3.815,3.815,3.57,3.6,9298,0
OCG.US,5,20250904,214500,3.77,3.78,3.6,3.65,5871,0
OCG.US,5,20250904,215000,3.685,3.72,3.685,3.72,1600,0
OCG.US,5,20250904,215500,3.66,3.68,3.66,3.67,610,0
OCG.US,5,20250905,153000,3.78,3.78,3.78,3.78,797,0
OCG.US,5,20250905,154000,3.8,3.8,3.8,3.8,500,0
OCG.US,5,20250905,155500,3.78,3.8,3.625,3.77,1135,0
OCG.US,5,20250905,161500,3.7,3.7,3.7,3.7,100,0
OCG.US,5,20250905,162500,3.7708,3.9421,3.7708,3.9421,200,0
OCG.US,5,20250905,163000,3.73,3.77,3.73,3.753,800,0
OCG.US,5,20250905,163500,3.76,3.76,3.76,3.76,100,0
OCG.US,5,20250905,164000,3.76,3.76,3.76,3.76,100,0
OCG.US,5,20250905,170500,3.8999,3.8999,3.8999,3.8999,500,0
OCG.US,5,20250905,180000,3.91,3.95,3.89,3.95,673,0
OCG.US,5,20250905,184000,3.88,3.88,3.88,3.88,200,0
OCG.US,5,20250905,184500,3.92,3.92,3.92,3.92,100,0
OCG.US,5,20250905,194500,3.93,3.93,3.93,3.93,100,0
OCG.US,5,20250905,200500,3.89,3.89,3.8801,3.8801,500,0
OCG.US,5,20250905,204500,3.88,3.93,3.88,3.93,300,0
OCG.US,5,20250905,205000,3.93,3.93,3.93,3.93,100,0
OCG.US,5,20250905,205500,3.845,3.89,3.845,3.89,300,0
OCG.US,5,20250905,215500,3.91,3.91,3.91,3.91,100,0
OCG.US,5,20250908,172500,3.919,4.15,3.919,4.15,350,0
OCG.US,5,20250908,180500,4.05,4.05,4.05,4.05,208,0
OCG.US,5,20250908,182000,4.02,4.02,4.02,4.02,100,0
OCG.US,5,20250908,184500,4,4,3.99,3.99,200,0
OCG.US,5,20250908,185000,4.05,4.05,4.03,4.03,200,0
OCG.US,5,20250908,191500,4.12,4.12,4.12,4.12,100,0
OCG.US,5,20250908,192500,3.922,3.922,3.922,3.922,250,0
OCG.US,5,20250908,203000,3.96,4,3.95,3.95,300,0
OCG.US,5,20250908,204000,3.97,3.97,3.89,3.89,1255,0
OCG.US,5,20250909,153000,3.9354,4.1076,3.9354,4.0761,1800,0
OCG.US,5,20250909,155000,3.93,3.93,3.93,3.93,200,0
OCG.US,5,20250909,155500,3.83,3.96,3.83,3.94,1395,0
OCG.US,5,20250909,160000,3.98,3.98,3.98,3.98,100,0
OCG.US,5,20250909,161000,3.9,3.9,3.9,3.9,100,0
OCG.US,5,20250909,162000,3.89,3.89,3.89,3.89,200,0
OCG.US,5,20250909,162500,3.89,3.89,3.88,3.88,200,0
OCG.US,5,20250909,163500,3.895,3.895,3.89,3.89,300,0
OCG.US,5,20250909,173000,3.85,3.905,3.81,3.85,1651,0
OCG.US,5,20250909,190000,3.976,3.976,3.976,3.976,1500,0
OCG.US,5,20250909,191000,3.73,3.73,3.73,3.73,185,0
OCG.US,5,20250909,193000,3.98,3.98,3.98,3.98,100,0
OCG.US,5,20250909,213500,4.03,4.03,4.03,4.03,100,0
OCG.US,5,20250909,214000,3.7565,3.7565,3.7565,3.7565,114,0
OCG.US,5,20250910,153500,4.05,4.15,4.05,4.15,200,0
OCG.US,5,20250910,154000,4.01,4.02,3.95,3.95,758,0
OCG.US,5,20250910,170500,3.95,4,3.95,4,900,0
OCG.US,5,20250910,191500,3.9609,3.9609,3.9609,3.9609,100,0
OCG.US,5,20250910,211000,3.9385,3.9385,3.9385,3.9385,150,0
OCG.US,5,20250910,212000,3.92,3.92,3.92,3.92,192,0
OCG.US,5,20250910,212500,3.9,3.9,3.86,3.88,800,0
OCG.US,5,20250910,213500,3.86,3.87,3.86,3.86,400,0
OCG.US,5,20250910,214000,3.86,3.86,3.86,3.86,200,0
OCG.US,5,20250910,214500,3.86,3.86,3.86,3.86,500,0
OCG.US,5,20250910,215500,3.94,3.94,3.94,3.94,193,0
OCG.US,5,20250911,154000,3.86,3.86,3.86,3.86,100,0
OCG.US,5,20250911,154500,3.7,3.7,3.7,3.7,200,0
OCG.US,5,20250911,155000,3.9,3.9,3.9,3.9,200,0
OCG.US,5,20250911,161500,3.7329,3.9,3.7329,3.89,2100,0
OCG.US,5,20250911,162000,3.89,3.89,3.85,3.85,1659,0
OCG.US,5,20250911,162500,3.84,3.84,3.84,3.84,100,0
OCG.US,5,20250911,165000,3.785,3.785,3.7301,3.7301,400,0
OCG.US,5,20250911,175000,3.821,3.821,3.821,3.821,1000,0
OCG.US,5,20250911,180500,3.85,4.12,3.85,4.12,3944,0
OCG.US,5,20250911,181000,4,4,4,4,1471,0
OCG.US,5,20250911,183500,4.09,4.09,4.09,4.09,100,0
OCG.US,5,20250911,185500,4.13,4.17,4.13,4.14,894,0
OCG.US,5,20250911,190000,4.18,4.18,4.13,4.14,400,0
OCG.US,5,20250911,190500,4.14,4.14,4.02,4.02,300,0
OCG.US,5,20250911,191000,4.03,4.115,4.03,4.115,431,0
OCG.US,5,20250911,191500,4.05,4.05,4.05,4.05,100,0
OCG.US,5,20250911,192000,4.14,4.14,4.14,4.14,200,0
OCG.US,5,20250911,192500,4.1,4.1,4.1,4.1,200,0
OCG.US,5,20250911,193000,4.06,4.07,4.06,4.07,300,0
OCG.US,5,20250911,193500,4.05,4.05,4,4,300,0
OCG.US,5,20250911,205500,4.05,4.05,4,4,348,0
OCG.US,5,20250911,211500,4.055,4.055,4.0506,4.0506,200,0
OCG.US,5,20250911,214000,4.04,4.04,4.04,4.04,100,0
OCG.US,5,20250911,214500,4,4,4,4,102,0
OCG.US,5,20250911,215500,4.03,4.06,4.02,4.06,500,0
OCG.US,5,20250912,170500,3.95,3.95,3.95,3.95,572,0
OCG.US,5,20250912,191500,3.85,3.85,3.81,3.82,1001,0
OCG.US,5,20250912,203500,3.92,3.92,3.92,3.92,100,0
OCG.US,5,20250912,204000,3.985,3.985,3.92,3.9566,1253,0
OCG.US,5,20250912,212500,4.02,4.02,4.02,4.02,196,0
OCG.US,5,20250915,164000,3.92,3.92,3.92,3.92,100,0
OCG.US,5,20250915,170500,4.02,4.02,4.02,4.02,100,0
OCG.US,5,20250915,171500,4.055,4.055,3.94,3.94,200,0
OCG.US,5,20250915,172500,3.81,3.98,3.81,3.98,2000,0
OCG.US,5,20250915,185000,3.9816,3.9816,3.9816,3.9816,500,0
OCG.US,5,20250915,190500,3.89,3.91,3.89,3.91,300,0
OCG.US,5,20250915,191500,3.96,4.05,3.96,4.05,1400,0
OCG.US,5,20250915,192000,4,4,3.98,3.98,1045,0
OCG.US,5,20250915,192500,3.92,4.02,3.91,3.98,2824,0
OCG.US,5,20250915,193500,3.98,3.98,3.96,3.96,301,0
OCG.US,5,20250915,203000,4.1,4.1,3.98,3.98,301,0
OCG.US,5,20250915,213000,3.915,3.915,3.915,3.915,200,0
OCG.US,5,20250915,214000,3.96,3.96,3.96,3.96,200,0
OCG.US,5,20250916,170500,3.955,3.955,3.955,3.955,300,0
OCG.US,5,20250916,173500,3.96,4,3.95,3.95,600,0
OCG.US,5,20250916,184500,3.93,3.93,3.93,3.93,551,0
OCG.US,5,20250916,214500,3.92,3.92,3.92,3.92,200,0
OCG.US,5,20250916,215500,3.81,3.94,3.81,3.94,200,0
OCG.US,5,20250917,154000,4.07,4.13,4.07,4.13,300,0
OCG.US,5,20250917,162000,4.05,4.05,4.05,4.05,100,0
OCG.US,5,20250917,175000,4.18,4.18,4.06,4.06,399,0
OCG.US,5,20250917,180500,4.05,4.05,4.05,4.05,100,0
OCG.US,5,20250917,181500,3.98,4.085,3.98,4.085,702,0
OCG.US,5,20250917,183000,4.085,4.085,3.983,4.085,300,0
OCG.US,5,20250917,184000,3.99,3.99,3.98,3.98,400,0
OCG.US,5,20250917,185500,3.93,3.93,3.93,3.93,166,0
OCG.US,5,20250918,153000,4.28,4.28,4.07,4.07,350,0
OCG.US,5,20250918,161500,3.85,3.85,3.85,3.85,100,0
OCG.US,5,20250918,194000,3.9,3.9,3.9,3.9,112,0
OCG.US,5,20250918,201000,3.89,3.89,3.89,3.89,195,0
OCG.US,5,20250918,205500,3.93,3.93,3.93,3.93,100,0
OCG.US,5,20250918,211000,3.94,3.94,3.94,3.94,168,0
OCG.US,5,20250919,162000,3.97,4.05,3.965,4.05,1241,0
OCG.US,5,20250919,181000,4.0484,4.05,4.0484,4.05,783,0
OCG.US,5,20250919,184500,4.04,4.04,4.04,4.04,100,0
OCG.US,5,20250919,190500,4.07,4.07,4.07,4.07,150,0
OCG.US,5,20250919,201500,4.06,4.06,4.06,4.06,100,0
OCG.US,5,20250922,171000,4.08,4.08,4.08,4.08,332,0
OCG.US,5,20250924,155000,3.88,3.88,3.88,3.88,300,0
OCG.US,5,20250924,162000,4.1009,4.1009,4.1009,4.1009,100,0
OCG.US,5,20250924,185500,3.9712,3.9712,3.9712,3.9712,150,0
OCG.US,5,20250924,190000,3.9319,3.9319,3.9319,3.9319,100,0
OCG.US,5,20250924,213500,4.1,4.1,4,4,2112,0
OCG.US,5,20250924,215500,4,4,4,4,100,0
OCG.US,5,20250925,153000,3.88,3.88,3.88,3.88,100,0
OCG.US,5,20250925,162000,3.7089,3.7089,3.7089,3.7089,500,0
OCG.US,5,20250925,171500,3.909,3.909,3.87,3.909,951,0
OCG.US,5,20250926,200000,3.81,3.81,3.81,3.81,638,0
OCG.US,5,20250926,201500,4.18,4.18,4.05,4.16,899,0
OCG.US,5,20250926,215500,3.99,4.01,3.99,4.01,442,0
OCG.US,5,20250929,153000,3.78,4.07,3.78,4.07,1947,0
OCG.US,5,20250929,155000,3.85,3.85,3.8001,3.8002,401,0
OCG.US,5,20250929,155500,4.01,4.01,4.01,4.01,200,0
OCG.US,5,20250929,160000,4.01,4.01,4.01,4.01,200,0
OCG.US,5,20250929,210000,4,4,4,4,100,0
OCG.US,5,20250930,174000,4.1,4.1,4.0801,4.0801,807,0
OCG.US,5,20250930,181500,4.08,4.08,4.08,4.08,100,0
OCG.US,5,20250930,201000,4.21,4.2598,4.21,4.21,900,0
OCG.US,5,20250930,202000,3.945,4.01,3.7,3.7,872,0
OCG.US,5,20251001,174000,3.98,3.98,3.98,3.98,264,0
OCG.US,5,20251001,183000,4.025,4.025,4.025,4.025,400,0
OCG.US,5,20251002,154000,3.82,3.82,3.82,3.82,199,0
OCG.US,5,20251002,162000,4.18,4.18,4.18,4.18,120,0
OCG.US,5,20251002,181500,3.96,3.98,3.96,3.98,200,0
OCG.US,5,20251002,182000,4,4,4,4,200,0
OCG.US,5,20251002,202500,3.82,4,3.82,4,205,0
OCG.US,5,20251002,204000,3.91,3.91,3.91,3.91,150,0
OCG.US,5,20251003,154500,4.1,4.1,4.1,4.1,100,0
OCG.US,5,20251003,155500,4,4,4,4,256,0
OCG.US,5,20251003,173000,4.02,4.02,4.02,4.02,100,0
OCG.US,5,20251003,174500,4.05,4.05,4,4.0001,1730,0
OCG.US,5,20251006,153000,3.9,3.9,3.88,3.88,700,0
OCG.US,5,20251006,155500,4.05,4.05,4.05,4.05,100,0
OCG.US,5,20251006,162500,4.08,4.1,4.08,4.08,602,0
OCG.US,5,20251006,214000,3.9988,3.9988,3.9988,3.9988,130,0
OCG.US,5,20251007,154000,3.9,3.9,3.9,3.9,300,0
OCG.US,5,20251007,155500,3.8825,3.8825,3.8825,3.8825,100,0
OCG.US,5,20251007,160000,3.92,3.92,3.9,3.92,500,0
OCG.US,5,20251007,160500,3.95,3.95,3.93,3.95,400,0
OCG.US,5,20251007,163000,4,4.08,4,4,400,0
OCG.US,5,20251007,184500,4,4,4,4,922,0
OCG.US,5,20251007,185500,4,4,4,4,383,0
OCG.US,5,20251007,192000,4,4,4,4,100,0
OCG.US,5,20251007,192500,3.88,3.89,3.88,3.89,798,0
OCG.US,5,20251007,201000,3.8919,3.8919,3.8919,3.8919,138,0
OCG.US,5,20251007,215500,3.93,3.93,3.93,3.93,112,0
OCG.US,5,20251008,160500,4.08,4.08,3.9242,3.9242,536,0
OCG.US,5,20251008,163000,4.05,4.05,4.05,4.05,209,0
OCG.US,5,20251008,180500,3.98,3.98,3.925,3.925,269,0
OCG.US,5,20251008,210500,4,4,4,4,100,0
OCG.US,5,20251008,211500,4,4.05,4,4.05,410,0
OCG.US,5,20251008,213000,3.995,3.995,3.995,3.995,1037,0
OCG.US,5,20251009,153500,3.92,3.92,3.92,3.92,100,0
OCG.US,5,20251009,161000,3.98,3.98,3.98,3.98,200,0
OCG.US,5,20251009,174000,4.165,4.165,4.165,4.165,100,0
OCG.US,5,20251009,174500,4,4,4,4,619,0
OCG.US,5,20251009,180500,3.9,3.9,3.9,3.9,100,0
OCG.US,5,20251009,192000,3.9,3.9,3.9,3.9,100,0
OCG.US,5,20251009,200500,3.92,3.92,3.92,3.92,100,0
OCG.US,5,20251009,205000,4.05,4.05,4.05,4.05,100,0
OCG.US,5,20251010,153000,3.66,3.66,3.66,3.66,100,0
OCG.US,5,20251010,153500,4.02,4.03,4,4.03,770,0
OCG.US,5,20251010,163000,3.85,3.86,3.84,3.84,400,0
OCG.US,5,20251010,163500,4,4,4,4,100,0
OCG.US,5,20251010,164000,4,4,4,4,200,0
OCG.US,5,20251010,172000,3.98,3.98,3.98,3.98,200,0
OCG.US,5,20251010,181500,3.83,3.86,3.83,3.86,1600,0
OCG.US,5,20251010,183000,3.8,3.8,3.8,3.8,100,0
OCG.US,5,20251010,183500,3.85,3.99,3.85,3.99,684,0
OCG.US,5,20251010,184000,3.8,3.8,3.8,3.8,201,0
OCG.US,5,20251010,190500,3.73,3.73,3.73,3.73,266,0
OCG.US,5,20251010,194000,3.81,3.82,3.81,3.82,680,0
OCG.US,5,20251010,195000,3.9,3.9,3.9,3.9,600,0
OCG.US,5,20251010,201000,3.9577,3.9577,3.9577,3.9577,100,0
OCG.US,5,20251013,153500,3.8,3.8,3.8,3.8,199,0
OCG.US,5,20251013,154000,3.8234,3.8234,3.8234,3.8234,200,0
OCG.US,5,20251013,155000,3.95,4.1746,3.95,4.1746,300,0
OCG.US,5,20251013,155500,3.95,3.95,3.95,3.95,100,0
OCG.US,5,20251013,160500,3.95,3.95,3.95,3.95,100,0
OCG.US,5,20251013,164000,3.95,3.95,3.95,3.95,100,0
OCG.US,5,20251013,203500,3.9,3.9,3.9,3.9,100,0
OCG.US,5,20251013,205500,3.9,3.92,3.9,3.92,639,0
OCG.US,5,20251014,155000,3.71,3.84,3.71,3.84,361,0
OCG.US,5,20251014,161000,3.7573,3.7573,3.7573,3.7573,100,0
OCG.US,5,20251014,171500,3.644,3.644,3.644,3.644,100,0
OCG.US,5,20251014,183500,3.75,3.77,3.75,3.77,400,0
OCG.US,5,20251014,184500,3.78,3.8,3.78,3.8,537,0
OCG.US,5,20251014,185500,3.94,3.94,3.9,3.9,900,0
OCG.US,5,20251014,215000,3.8474,3.8474,3.8474,3.8474,250,0
OCG.US,5,20251015,154000,3.85,3.85,3.85,3.85,100,0
OCG.US,5,20251015,155500,3.78,3.78,3.77,3.77,600,0
OCG.US,5,20251015,160500,3.91,3.91,3.91,3.91,100,0
OCG.US,5,20251015,170500,3.8001,3.8001,3.8001,3.8001,100,0
OCG.US,5,20251015,171000,3.85,3.85,3.85,3.85,109,0
OCG.US,5,20251015,171500,3.85,3.85,3.85,3.85,278,0
OCG.US,5,20251015,184000,3.8,3.8,3.8,3.8,200,0
OCG.US,5,20251015,184500,3.88,3.88,3.88,3.88,300,0
OCG.US,5,20251015,203000,3.75,3.75,3.75,3.75,179,0
OCG.US,5,20251015,210000,3.6558,3.6558,3.6558,3.6558,176,0
OCG.US,5,20251015,211000,3.73,3.73,3.73,3.73,307,0
OCG.US,5,20251015,215500,3.85,3.855,3.85,3.85,595,0
OCG.US,5,20251016,160000,3.57,3.67,3.57,3.67,282,0
OCG.US,5,20251016,160500,3.57,3.57,3.57,3.57,200,0
OCG.US,5,20251016,165500,3.7,3.73,3.68,3.72,12049,0
OCG.US,5,20251016,170000,3.68,3.7,3.68,3.6999,4479,0
OCG.US,5,20251016,170500,3.68,3.7,3.68,3.7,8723,0
OCG.US,5,20251016,171000,3.42,3.69,3.42,3.68,8180,0
OCG.US,5,20251016,171500,3.68,3.68,3.68,3.68,7300,0
OCG.US,5,20251016,172000,3.67,3.67,3.67,3.67,9600,0
OCG.US,5,20251016,172500,3.67,3.67,3.67,3.67,5400,0
OCG.US,5,20251016,173000,3.67,3.68,3.67,3.68,6982,0
OCG.US,5,20251016,173500,3.67,3.68,3.67,3.68,8994,0
OCG.US,5,20251016,174000,3.67,3.67,3.66,3.67,6900,0
OCG.US,5,20251016,174500,3.66,3.67,3.66,3.67,8658,0
OCG.US,5,20251016,175000,3.66,3.67,3.65,3.65,13700,0
OCG.US,5,20251016,175500,3.66,3.66,3.65,3.65,6900,0
OCG.US,5,20251016,180000,3.64,3.65,3.64,3.6499,3900,0
OCG.US,5,20251016,180500,3.65,3.65,3.64,3.65,15235,0
OCG.US,5,20251016,181000,3.65,3.65,3.6421,3.6421,8900,0
OCG.US,5,20251016,181500,3.73,3.73,3.73,3.73,1704,0
OCG.US,5,20251016,215500,3.7,3.7,3.56,3.56,210,0
OCG.US,5,20251017,163000,3.55,3.55,3.511,3.511,1957,0
OCG.US,5,20251017,163500,3.51,3.69,3.51,3.69,460,0
OCG.US,5,20251017,170000,3.55,3.55,3.55,3.55,100,0
OCG.US,5,20251017,203500,3.55,3.55,3.55,3.55,100,0
OCG.US,5,20251017,215500,3.52,3.54,3.51,3.51,1500,0
OCG.US,5,20251020,153000,3.52,3.54,3.52,3.53,300,0
OCG.US,5,20251020,181000,3.51,3.51,3.51,3.51,199,0
OCG.US,5,20251020,184500,3.52,3.52,3.52,3.52,100,0
OCG.US,5,20251020,185000,3.51,3.51,3.51,3.51,179,0
OCG.US,5,20251021,153000,3.3,3.36,3.3,3.36,214,0
OCG.US,5,20251021,153500,3.31,3.35,3.3,3.35,650,0
OCG.US,5,20251021,154000,3.35,3.35,3.35,3.35,200,0
OCG.US,5,20251021,162500,3.556,3.556,3.556,3.556,475,0
OCG.US,5,20251021,171000,3.34,3.51,3.34,3.51,220,0
OCG.US,5,20251021,215500,3.34,3.34,3.34,3.34,106,0
OCG.US,5,20251022,153000,3.3,3.3,3.3,3.3,100,0
OCG.US,5,20251022,185000,3.421,3.421,3.38,3.38,483,0
OCG.US,5,20251022,214000,3.35,3.35,3.3,3.3,1044,0
OCG.US,5,20251023,153000,3.27,3.27,3.27,3.27,103,0
OCG.US,5,20251023,170500,3.12,3.3,3.12,3.3,220,0
OCG.US,5,20251023,171000,3.1738,3.1738,3.1738,3.1738,100,0
OCG.US,5,20251023,213500,3.26,3.26,3.26,3.26,200,0
OCG.US,5,20251023,214500,3.36,3.36,3.36,3.36,200,0
OCG.US,5,20251023,215500,3.26,3.26,3.26,3.26,104,0
OCG.US,5,20251024,155500,3.24,3.24,3.24,3.24,100,0
OCG.US,5,20251024,162000,3.18,3.18,3.18,3.18,200,0
OCG.US,5,20251024,215000,3.1173,3.1173,3.1173,3.1173,100,0
OCG.US,5,20251024,215500,3.13,3.16,3.13,3.16,503,0
OCG.US,5,20251027,145000,3.34,3.55,3.34,3.55,1902,0
OCG.US,5,20251027,145500,3.55,3.55,3.55,3.55,399,0
OCG.US,5,20251027,163000,3.38,3.38,3.38,3.38,2000,0
OCG.US,5,20251027,163500,3.5,3.5,3.11,3.11,2900,0
OCG.US,5,20251027,164000,3.38,3.38,3,3.09,10481,0
OCG.US,5,20251027,164500,3.13,3.13,3.13,3.13,100,0
OCG.US,5,20251027,192500,3.16,3.16,3.14,3.14,1900,0
OCG.US,5,20251028,143000,3.06,3.15,3.06,3.15,501,0
OCG.US,5,20251028,164000,3.15,3.15,3.15,3.15,1800,0
OCG.US,5,20251028,205500,3.24,3.24,3.24,3.24,277,0
OCG.US,5,20251030,143500,3.15,3.15,3.15,3.15,129,0
OCG.US,5,20251030,144500,3.04,3.04,3.04,3.04,100,0
OCG.US,5,20251030,151000,3.1,3.2,3.1,3.2,1200,0
OCG.US,5,20251031,143000,3.13,3.19,3.13,3.17,519,0
OCG.US,5,20251031,150500,3.16,3.17,3.16,3.16,500,0
OCG.US,5,20251031,153500,3.23,3.23,3.23,3.23,300,0
OCG.US,5,20251031,154000,3.2,3.2,3.2,3.2,100,0
OCG.US,5,20251031,174500,3.15,3.15,3.15,3.15,172,0
OCG.US,5,20251103,153000,3.1,3.1,3.1,3.1,117,0
OCG.US,5,20251103,153500,3.0886,3.0886,3.0886,3.0886,200,0
OCG.US,5,20251103,165000,3.01,3.05,3.01,3.05,447,0
OCG.US,5,20251103,165500,3,3,2.9,2.9,3455,0
OCG.US,5,20251103,173000,2.9711,2.9711,2.9711,2.9711,100,0
OCG.US,5,20251103,174500,2.91,2.91,2.91,2.91,1662,0
OCG.US,5,20251103,181500,2.91,2.91,2.91,2.91,100,0
OCG.US,5,20251103,183000,2.91,2.91,2.91,2.91,114,0
OCG.US,5,20251104,172000,2.8438,2.8438,2.8438,2.8438,100,0
OCG.US,5,20251105,153000,3.12,3.25,2.985,2.985,2954,0
OCG.US,5,20251106,153500,2.799,2.8,2.79,2.8,1000,0
OCG.US,5,20251106,154000,2.7,2.7,2.7,2.7,26193,0
OCG.US,5,20251106,155000,2.7002,2.7002,2.7,2.7,527,0
OCG.US,5,20251106,163000,2.56,2.56,2.5,2.5,3075,0
OCG.US,5,20251106,163500,2.45,2.45,2.45,2.45,200,0
OCG.US,5,20251106,164000,2.4,2.4,2.3,2.3,3214,0
OCG.US,5,20251106,164500,2.3,2.335,2.3,2.335,1600,0
OCG.US,5,20251106,165000,2.27,2.3,2.24,2.25,24509,0
OCG.US,5,20251106,165500,2.24,2.33,2.24,2.33,19628,0
OCG.US,5,20251106,170000,2.3,2.33,2.3,2.33,857,0
OCG.US,5,20251106,170500,2.3299,2.35,2.3299,2.35,2764,0
OCG.US,5,20251106,171000,2.27,2.27,2.27,2.27,236,0
OCG.US,5,20251106,171500,2.3,2.31,2.3,2.31,423,0
OCG.US,5,20251106,172000,2.3,2.3,2.25,2.3,1324,0
OCG.US,5,20251106,173500,2.25,2.25,2.25,2.25,521,0
OCG.US,5,20251106,175000,2.25,2.25,2.25,2.25,200,0
OCG.US,5,20251106,180000,2.3,2.3,2.3,2.3,530,0
OCG.US,5,20251106,180500,2.29,2.3,2.29,2.3,1796,0
OCG.US,5,20251106,202000,2.3,2.35,2.3,2.35,400,0
OCG.US,5,20251106,203000,2.2501,2.2501,2.25,2.25,899,0
OCG.US,5,20251106,204000,2.35,2.35,2.28,2.28,800,0
OCG.US,5,20251106,214500,2.25,2.25,2.25,2.25,842,0
OCG.US,5,20251106,215000,2.24,2.24,2.24,2.24,305,0
OCG.US,5,20251106,215500,2.24,2.24,2.24,2.24,291,0
OCG.US,5,20251107,153000,2.25,2.25,2.25,2.25,429,0
OCG.US,5,20251107,153500,2.25,2.25,2.25,2.25,797,0
OCG.US,5,20251107,155000,2.24,2.24,2.24,2.24,1000,0
OCG.US,5,20251107,160000,2.24,2.24,2.24,2.24,127,0
OCG.US,5,20251107,161000,2.25,2.25,2.24,2.24,675,0
OCG.US,5,20251107,172500,2.27,2.27,2.27,2.27,100,0
OCG.US,5,20251107,184500,2.24,2.24,2.24,2.24,500,0
OCG.US,5,20251107,185000,2.24,2.24,2.24,2.24,500,0
OCG.US,5,20251110,153000,2.19,2.19,2.19,2.19,100,0
OCG.US,5,20251110,171500,2.25,2.25,2.24,2.24,326,0
OCG.US,5,20251110,175000,2.24,2.24,2.24,2.24,400,0
OCG.US,5,20251110,180500,2.26,2.26,2.26,2.26,100,0
OCG.US,5,20251110,192500,2.24,2.24,2.24,2.24,168,0
OCG.US,5,20251110,193000,2.24,2.24,2.24,2.24,300,0
OCG.US,5,20251110,194000,2.24,2.24,2.24,2.24,100,0
OCG.US,5,20251110,195000,2.24,2.24,2.24,2.24,190,0
OCG.US,5,20251110,212500,2.24,2.25,2.24,2.25,3630,0
OCG.US,5,20251110,214000,2.2,2.242,2.18,2.24,9149,0
OCG.US,5,20251110,215500,2.24,2.24,2.24,2.24,392,0
OCG.US,5,20251111,165000,2.24,2.24,2.24,2.24,1178,0
OCG.US,5,20251112,191500,2.5517,2.5517,2.5517,2.5517,114,0
OCG.US,5,20251113,214000,2.38,2.39,2.38,2.38,600,0
OCG.US,5,20251114,174000,2.32,2.32,2.32,2.32,100,0
OCG.US,5,20251117,155000,2.36,2.36,2.36,2.36,198,0
OCG.US,5,20251118,155000,2.36,2.36,2.36,2.36,150,0
OCG.US,5,20251118,164000,2.4,2.41,2.4,2.41,250,0
OCG.US,5,20251118,213000,2.36,2.36,2.35,2.35,545,0
OCG.US,5,20251118,215500,2.4,2.4,2.4,2.4,132,0
OCG.US,5,20251119,161500,2.48,2.48,2.4,2.4,800,0
OCG.US,5,20251119,162000,2.4,2.4,2.3998,2.3998,311,0
OCG.US,5,20251119,162500,2.41,2.45,2.4064,2.4064,1100,0
OCG.US,5,20251119,163000,2.45,2.45,2.4002,2.4002,392,0
OCG.US,5,20251119,163500,2.401,2.401,2.401,2.401,300,0
OCG.US,5,20251119,164500,2.6,2.6,2.6,2.6,701,0
OCG.US,5,20251119,165000,2.41,2.41,2.41,2.41,230,0
OCG.US,5,20251119,204000,2.6,2.6,2.58,2.6,300,0
OCG.US,5,20251119,214000,2.5,2.5,2.5,2.5,500,0
OCG.US,5,20251120,153000,2.37,2.37,2.37,2.37,129,0
OCG.US,5,20251120,154000,2.5,2.73,2.5,2.73,1200,0
OCG.US,5,20251120,155000,2.66,2.68,2.66,2.68,300,0
OCG.US,5,20251120,160000,2.7,2.73,2.7,2.73,300,0
OCG.US,5,20251120,175000,2.65,2.65,2.65,2.65,100,0
OCG.US,5,20251120,190000,2.41,2.41,2.35,2.35,500,0
OCG.US,5,20251120,202500,2.4,2.45,2.4,2.45,800,0
OCG.US,5,20251120,203000,2.56,2.65,2.525,2.65,537,0
OCG.US,5,20251120,212000,2.41,2.41,2.41,2.41,800,0
OCG.US,5,20251121,154500,2.8,2.8,2.8,2.8,1861,0
OCG.US,5,20251121,155000,2.4,2.73,2.34,2.7,2013,0
OCG.US,5,20251121,155500,2.64,2.6999,2.64,2.64,4079,0
OCG.US,5,20251121,165000,2.2401,2.43,2.24,2.2986,3489,0
OCG.US,5,20251121,165500,2.43,2.43,2.24,2.24,411,0
OCG.US,5,20251124,164000,2.4,2.4,2.39,2.39,300,0
OCG.US,5,20251124,165000,2.43,2.43,2.43,2.43,100,0
OCG.US,5,20251124,165500,2.44,2.44,2.44,2.44,200,0
OCG.US,5,20251124,171000,2.43,2.43,2.43,2.43,100,0
OCG.US,5,20251124,171500,2.44,2.44,2.44,2.44,207,0
OCG.US,5,20251124,175000,2.51,2.8,2.51,2.8,211,0
OCG.US,5,20251124,183500,2.9468,2.9468,2.75,2.76,4712,0
OCG.US,5,20251124,191500,2.8,2.8,2.75,2.75,489,0
OCG.US,5,20251124,192500,2.75,2.75,2.75,2.75,100,0
OCG.US,5,20251124,200500,2.83,2.83,2.83,2.83,100,0
OCG.US,5,20251124,201000,2.75,2.75,2.75,2.75,138,0
OCG.US,5,20251124,210000,2.77,2.77,2.75,2.75,1000,0
OCG.US,5,20251124,213000,2.92,2.92,2.92,2.92,100,0
OCG.US,5,20251124,213500,2.73,2.73,2.6,2.73,1731,0
OCG.US,5,20251124,214000,2.48,2.8,2.24,2.65,5806,0
OCG.US,5,20251124,214500,2.75,2.75,2.7,2.7,200,0
OCG.US,5,20251124,215000,2.7,2.7,2.7,2.7,100,0
OCG.US,5,20251124,215500,2.7,2.73,2.7,2.73,500,0
OCG.US,5,20251125,164000,2.67,2.67,2.67,2.67,100,0
OCG.US,5,20251125,170000,2.2895,2.2895,2.2895,2.2895,3571,0
OCG.US,5,20251125,170500,2.42,2.42,2.42,2.42,100,0
OCG.US,5,20251125,171000,2.395,2.395,2.395,2.395,846,0
OCG.US,5,20251125,172000,2.42,2.42,2.42,2.42,100,0
OCG.US,5,20251125,180000,2.5,2.5,2.5,2.5,600,0
OCG.US,5,20251125,203500,2.53,2.53,2.53,2.53,100,0
OCG.US,5,20251125,205000,2.8,2.81,2.8,2.8,506,0
OCG.US,5,20251125,205500,2.71,2.71,2.71,2.71,476,0
OCG.US,5,20251125,210000,2.53,2.53,2.53,2.53,100,0
OCG.US,5,20251125,215500,2.69,2.69,2.69,2.69,200,0
OCG.US,5,20251126,165000,2.48,2.8,2.48,2.73,7798,0
OCG.US,5,20251126,165500,2.55,2.7,2.55,2.62,695,0
OCG.US,5,20251126,170000,2.72,2.75,2.5,2.5,3992,0
OCG.US,5,20251126,170500,2.62,2.68,2.6,2.6,1428,0
OCG.US,5,20251126,171000,2.53,2.7,2.53,2.7,3200,0
OCG.US,5,20251126,171500,2.7,2.71,2.7,2.7,900,0
OCG.US,5,20251126,172000,2.75,2.89,2.7,2.89,9350,0
OCG.US,5,20251126,181000,2.77,2.77,2.77,2.77,646,0
OCG.US,5,20251126,182500,2.76,2.76,2.76,2.76,223,0
OCG.US,5,20251126,185500,2.79,2.79,2.79,2.79,212,0
OCG.US,5,20251126,202000,2.8,2.8,2.8,2.8,100,0
OCG.US,5,20251128,161000,2.47,2.47,2.47,2.47,100,0
OCG.US,5,20251128,161500,2.5,2.5,2.5,2.5,100,0
OCG.US,5,20251128,163500,2.6,2.6,2.55,2.55,441,0
OCG.US,5,20251128,165000,2.62,2.62,2.62,2.62,100,0
OCG.US,5,20251201,162000,2.685,2.71,2.62,2.62,12650,0
OCG.US,5,20251201,191500,2.46,2.46,2.46,2.46,100,0
OCG.US,5,20251201,204000,2.45,2.45,2.45,2.45,100,0
OCG.US,5,20251202,193000,2.45,2.45,2.45,2.45,151,0
OCG.US,5,20251202,203500,2.47,2.47,2.4501,2.4501,3270,0
OCG.US,5,20251203,172500,2.55,2.55,2.55,2.55,200,0
OCG.US,5,20251204,202500,2.645,2.645,2.645,2.645,190,0
OCG.US,5,20251204,205000,2.75,2.75,2.74,2.74,800,0
OCG.US,5,20251204,205500,2.75,3.01,2.75,3.01,4591,0
OCG.US,5,20251204,210000,2.95,2.95,2.91,2.91,400,0
OCG.US,5,20251204,210500,2.99,2.99,2.91,2.91,300,0
OCG.US,5,20251204,212500,3.01,3.01,3.01,3.01,184,0
OCG.US,5,20251204,214000,3,3.01,3,3.01,352,0
OCG.US,5,20251205,160500,2.73,2.73,2.73,2.73,260,0
OCG.US,5,20251205,214500,2.73,2.8,2.73,2.8,5253,0
OCG.US,5,20251208,153000,2.78,2.78,2.78,2.78,102,0
OCG.US,5,20251208,154500,2.6,2.6,2.6,2.6,618,0
OCG.US,5,20251208,160500,2.6,2.6,2.6,2.6,400,0
OCG.US,5,20251208,161500,2.6,2.6,2.6,2.6,200,0
OCG.US,5,20251209,153000,3.33,3.7499,3.12,3.25,404184,0
OCG.US,5,20251209,153500,3.25,3.25,2.96,3.02,128786,0
OCG.US,5,20251209,154000,3.0001,3.18,3,3.13,52769,0
OCG.US,5,20251209,154500,3.125,3.18,3.01,3.13,61051,0
OCG.US,5,20251209,155000,3.11,3.3,3.0735,3.2069,83989,0
OCG.US,5,20251209,155500,3.2499,3.2799,3.05,3.22,119062,0
OCG.US,5,20251209,160000,3.23,3.23,3.05,3.11,92692,0
OCG.US,5,20251209,160500,3.1029,3.12,3.0702,3.0801,24404,0
OCG.US,5,20251209,161000,3.09,3.2,3.084,3.15,25557,0
OCG.US,5,20251209,161500,3.19,3.52,3.1301,3.51,45550,0
OCG.US,5,20251209,162000,3.49,3.65,3.4501,3.65,131294,0
OCG.US,5,20251209,162500,3.6301,4.36,3.6301,4.0091,632860,0
OCG.US,5,20251209,163000,4.005,4.3999,3.84,4.26,451409,0
OCG.US,5,20251209,163500,4.2438,4.85,4.23,4.78,863360,0
OCG.US,5,20251209,164000,4.81,4.8499,4.3,4.45,727961,0
OCG.US,5,20251209,164500,4.45,5.45,4.45,5.16,1009316,0
OCG.US,5,20251209,165000,5.14,5.33,4.84,5.06,784703,0
OCG.US,5,20251209,165500,5.038,5.18,4.58,4.65,612611,0
OCG.US,5,20251209,170000,4.65,5.08,4.44,4.51,671261,0
OCG.US,5,20251209,170500,4.5,4.82,4.33,4.77,451730,0
OCG.US,5,20251209,171000,4.78,4.97,4.7,4.8553,374066,0
OCG.US,5,20251209,171500,4.8785,4.95,4.66,4.95,188684,0
OCG.US,5,20251209,172000,4.94,5,4.8,4.9,195708,0
OCG.US,5,20251209,172500,4.9,5.89,4.88,5.6701,1076814,0
OCG.US,5,20251209,173000,5.6701,6.36,5.3606,6.2,904327,0
OCG.US,5,20251209,173500,6.2001,6.28,5.73,6.1051,816006,0
OCG.US,5,20251209,174000,6.1001,6.21,5.52,5.72,636355,0
OCG.US,5,20251209,174500,5.72,6.6899,5.72,6.49,968303,0
OCG.US,5,20251209,175000,6.5,7.98,6.3,7.3895,1260975,0
OCG.US,5,20251209,175500,7.3675,7.41,6.39,6.62,1168034,0
OCG.US,5,20251209,180000,6.6,7.03,6.1701,6.57,907614,0
OCG.US,5,20251209,180500,6.56,6.92,6.51,6.6099,487014,0
OCG.US,5,20251209,181000,6.6082,7.29,6.5,6.5284,715440,0
OCG.US,5,20251209,181500,6.52,6.53,5.75,6.05,881763,0
OCG.US,5,20251209,182000,6.05,6.2099,5.86,5.92,330961,0
OCG.US,5,20251209,182500,5.92,6.0999,5.7,5.8701,282121,0
OCG.US,5,20251209,183000,5.9,5.93,5.57,5.8299,234998,0
OCG.US,5,20251209,183500,5.8049,6.3099,5.7871,6.2,410451,0
OCG.US,5,20251209,184000,6.2,6.22,6.01,6.0799,198042,0
OCG.US,5,20251209,184500,6.06,6.07,5.61,5.7099,288822,0
OCG.US,5,20251209,185000,5.6897,5.99,5.67,5.99,270501,0
OCG.US,5,20251209,185500,5.97,6.05,5.8,5.89,157205,0
OCG.US,5,20251209,190000,5.86,6.54,5.85,6.2062,397732,0
OCG.US,5,20251209,190500,6.2,6.64,6.13,6.56,265464,0
OCG.US,5,20251209,191000,6.57,6.81,6.5,6.5101,398911,0
OCG.US,5,20251209,191500,6.514,6.68,6.23,6.43,256080,0
OCG.US,5,20251209,192000,6.4301,7.59,6.336,7.36,990934,0
OCG.US,5,20251209,192500,7.3549,7.4,6.72,6.81,495003,0
OCG.US,5,20251209,193000,6.84,7.5,6.8,7.18,533336,0
OCG.US,5,20251209,193500,7.20309,8.33,7.20309,7.8583,948024,0
OCG.US,5,20251209,194000,7.87,8.415,7.73,8.11,650754,0
OCG.US,5,20251209,194500,8.115,8.92,7.44,8.9199,1179310,0
OCG.US,5,20251209,195000,8.93,8.96,8.06,8.2593,555014,0
OCG.US,5,20251209,195500,8.26,8.49,7.7,8.24,429576,0
OCG.US,5,20251209,200000,8.175,8.175,7.46,7.6707,494858,0
OCG.US,5,20251209,200500,7.65,8.17,7.53,7.82,284020,0
OCG.US,5,20251209,201000,7.82,8.27,7.15,7.41,513663,0
OCG.US,5,20251209,201500,7.41,7.6599,7.34,7.57,286680,0
OCG.US,5,20251209,202000,7.5977,9.41,7.5699,9.41,709178,0
OCG.US,5,20251209,203000,10.5,11.55,9.53,10.1601,432359,0
OCG.US,5,20251209,203500,10.28,12.8,9.84,11.29,1739536,0
OCG.US,5,20251209,204000,11.05,11.65,10.55,11.2982,554110,0
OCG.US,5,20251209,204500,11.24,13,10.85,11.725,905408,0
OCG.US,5,20251209,205000,11.7001,11.74,10.5,11.05,625534,0
OCG.US,5,20251209,205500,11.058,11.34,10.51,10.92,469044,0
OCG.US,5,20251209,210000,10.89,11.43,10.59,11,365879,0
OCG.US,5,20251209,210500,10.97,11.74,9.59,9.7,760575,0
OCG.US,5,20251209,211000,9.73,9.73,8.52,9.0086,715089,0
OCG.US,5,20251209,211500,9,9.8,8.85,9.4705,420899,0
OCG.US,5,20251209,212000,9.45,11.38,9.33,11.38,420541,0
OCG.US,5,20251209,212500,11.22,11.85,10.57,10.8701,525858,0
OCG.US,5,20251209,213000,10.89,11.85,10.82,11.0501,447420,0
OCG.US,5,20251209,213500,11.0751,11.38,10.3586,10.72,367280,0
OCG.US,5,20251209,214000,10.7,11.3,10.21,10.9857,244756,0
OCG.US,5,20251209,214500,10.9915,11.34,10.62,10.99,205603,0
OCG.US,5,20251209,215000,11.03,11.3,10.18,10.8697,230046,0
OCG.US,5,20251209,215500,10.8696,11.21,10.18,10.27,318583,0
OCG.US,5,20251210,153000,7.15,8.04,7.1,7.1,134666,0
OCG.US,5,20251210,153500,7.025,7.55,7.01,7.47,32184,0
OCG.US,5,20251210,154000,7.47,8.22,7.34,8.12,41633,0
OCG.US,5,20251210,154500,7.66,7.98,7.65,7.8,32173,0
OCG.US,5,20251210,155000,7.8,7.9,7.12,7.2073,27825,0
OCG.US,5,20251210,155500,7.18,7.31,7.01,7.26,23262,0
OCG.US,5,20251210,160000,7.26,7.7,7.251,7.5601,8056,0
OCG.US,5,20251210,160500,7.4156,7.65,7.4,7.4,7712,0
OCG.US,5,20251210,161000,7.4001,7.69,7.4,7.6899,25776,0
OCG.US,5,20251210,161500,7.69,8.4,7.66,8.03,36304,0
OCG.US,5,20251210,162000,7.88,7.99,7.7214,7.7214,29828,0
OCG.US,5,20251210,162500,7.7,7.8,7.5,7.69,20114,0
OCG.US,5,20251210,163000,7.6998,8.03,7.6,7.94,10606,0
OCG.US,5,20251210,163500,7.95,7.95,7.48,7.7799,9380,0
OCG.US,5,20251210,164000,7.7,7.898,7.6513,7.8,9762,0
OCG.US,5,20251210,164500,7.7988,7.7988,7.63,7.695,2737,0
OCG.US,5,20251210,165000,7.6201,7.77,7.53,7.7313,9733,0
OCG.US,5,20251210,165500,7.77,7.79,7.65,7.65,3504,0
OCG.US,5,20251210,170000,7.75,8.1,7.75,8.1,14422,0
OCG.US,5,20251210,170500,8.14,8.3481,8.1084,8.31,13355,0
OCG.US,5,20251210,171000,8.36,8.72,8.09,8.37,60590,0
OCG.US,5,20251210,171500,8.27,9.4,8.27,9.4,20411,0
OCG.US,5,20251210,172000,9.72,10.3199,9.1,10.12,177647,0
OCG.US,5,20251210,172500,10.045,10.48,9.5,9.6623,98496,0
OCG.US,5,20251210,173000,9.71,10.49,9.51,10.4699,112752,0
OCG.US,5,20251210,173500,10.45,10.72,9.73,10.35,89218,0
OCG.US,5,20251210,174000,10.31,10.7094,9.9301,10.7094,92210,0
OCG.US,5,20251210,174500,10.65,11.3,10.55,10.72,177359,0
OCG.US,5,20251210,175000,10.73,10.99,10.13,10.4999,86090,0
OCG.US,5,20251210,175500,10.365,11.2,10.2001,10.9303,84195,0
OCG.US,5,20251210,180000,10.925,11.0101,10.5,11,94944,0
OCG.US,5,20251210,180500,10.8617,11.3,10.62,11.21,106894,0
OCG.US,5,20251210,181000,11.11,11.81,10.81,11.78,136434,0
OCG.US,5,20251210,181500,11.76,11.81,11.29,11.56,53603,0
OCG.US,5,20251210,182000,11.39,11.48,10.63,10.8001,67196,0
OCG.US,5,20251210,182500,11.1156,12,10.83,11.9136,91476,0
OCG.US,5,20251210,183000,12,12.45,11.52,12.35,127230,0
OCG.US,5,20251210,183500,12.35,12.39,11.5,11.9585,106771,0
OCG.US,5,20251210,184000,12.12,14.06,11.84,13.855,392224,0
OCG.US,5,20251210,184500,13.66,14.5,12.6908,14.2797,346074,0
OCG.US,5,20251210,185000,14.2,14.5,13.14,13.73,160384,0
OCG.US,5,20251210,185500,13.65,14.15,13.1301,13.92,104805,0
OCG.US,5,20251210,190000,13.83,14.5,13.8,14.3004,254005,0
OCG.US,5,20251210,190500,14.305,15.69,13.4,15.62,426771,0
OCG.US,5,20251210,191000,15.53,16.92,15.032,16.92,410030,0
OCG.US,5,20251210,191500,16.93,18.6899,15.94,17.32,361803,0
OCG.US,5,20251210,192000,17.29,18.88,16.28,18.88,395790,0
OCG.US,5,20251210,192500,18.9,19.29,17.57,18.18,131120,0
OCG.US,5,20251210,193000,18.13,18.42,16.51,17.5,337126,0
OCG.US,5,20251210,193500,17.5,17.58,15.46,15.46,70495,0
OCG.US,5,20251210,194000,15.1,15.2,13.01,13.02,558480,0
OCG.US,5,20251210,194500,13.02,14.05,12.09,12.09,305221,0
OCG.US,5,20251210,195000,12.91,13.02,10.84,10.84,250068,0
OCG.US,5,20251210,195500,10.85,10.85,9.77,9.77,117611,0
OCG.US,5,20251210,200000,9.47,9.47,8.52,8.54,87392,0
OCG.US,5,20251210,200500,8.52,8.52,8.52,8.52,81838,0
OCG.US,5,20251210,201000,8.25,8.25,7.43,7.43,275933,0
OCG.US,5,20251210,201500,7.8,8.58,7.51,8.58,208162,0
OCG.US,5,20251210,203000,10.3,11,8.76,8.76,389867,0
OCG.US,5,20251210,203500,8.86,9.4,8.2,8.95,177393,0
OCG.US,5,20251210,204000,8.98,9.04,7.99,7.99,71604,0
OCG.US,5,20251210,204500,7.6001,8.65,7.5,8.29,183444,0
OCG.US,5,20251210,205000,8.29,8.47,7.22,7.22,117560,0
OCG.US,5,20251210,205500,7.21,8.47,7.18,8.2,86792,0
OCG.US,5,20251210,210000,8.204,9.03,7.805,9.03,66035,0
OCG.US,5,20251210,210500,8.9962,9.03,8.99,9.03,13758,0
OCG.US,5,20251210,211000,9.04,9.94,9.04,9.94,106569,0
OCG.US,5,20251210,211500,9.66,10.74,9.3,10.25,255093,0
OCG.US,5,20251210,212000,10.375,10.72,9,9.6619,63446,0
OCG.US,5,20251210,212500,9.6511,9.93,9.2727,9.43,45771,0
OCG.US,5,20251210,213000,9.475,9.6,8.765,9.2,82113,0
OCG.US,5,20251210,213500,9.205,9.3482,8.3,8.96,67957,0
OCG.US,5,20251210,214000,8.83,9.41,8.51,8.57,77625,0
OCG.US,5,20251210,214500,8.5101,8.86,8.4101,8.63,61641,0
OCG.US,5,20251210,215000,8.66,9.18,8.6,8.6101,62896,0
OCG.US,5,20251210,215500,8.6101,9.1794,8.58,8.59,155825,0
OCG.US,5,20251211,153000,10,10,8.33,8.33,82680,0
OCG.US,5,20251211,153500,8.27,8.27,7.44,7.44,21552,0
OCG.US,5,20251211,154000,7.16,7.5,6.44,6.44,93963,0
OCG.US,5,20251211,154500,6.8,7.65,6.6124,7.15,29673,0
OCG.US,5,20251211,155000,7.1501,8.23,7.1501,7.18,85323,0
OCG.US,5,20251211,155500,7.21,7.9,7.03,7.4,61661,0
OCG.US,5,20251211,160000,7.4,7.5272,7.04,7.09,38296,0
OCG.US,5,20251211,160500,7.085,7.33,6.5,6.62,48535,0
OCG.US,5,20251211,161000,6.6465,6.7234,6.06,6.1,87747,0
OCG.US,5,20251211,161500,6.1,6.1,5.19,5.19,110335,0
OCG.US,5,20251211,162000,5.19,5.26,5.09,5.09,33553,0
OCG.US,5,20251211,162500,5.58,5.6,4.74,4.84,124435,0
OCG.US,5,20251211,163000,4.77,4.825,4.59,4.59,40205,0
OCG.US,5,20251211,163500,4.59,4.84,3.8,4.47,222792,0
OCG.US,5,20251211,164000,4.3801,4.4699,3.53,3.5999,152908,0
OCG.US,5,20251211,164500,3.56,3.68,3.11,3.1177,252238,0
OCG.US,5,20251211,165000,3.2075,3.32,2.8,2.8,239450,0
OCG.US,5,20251211,165500,2.81,2.95,2.69,2.69,42100,0
OCG.US,5,20251211,170000,2.69,2.69,2.15,2.3001,417860,0
OCG.US,5,20251211,170500,2.3266,2.3827,2.13,2.13,145570,0
OCG.US,5,20251211,171000,2.11,2.12,1.78,1.78,246421,0
OCG.US,5,20251211,171500,1.78,1.81,1.78,1.78,41658,0
OCG.US,5,20251211,172000,2,2.2,1.89,2.2,89041,0
OCG.US,5,20251211,173000,2.5,2.75,2.5,2.75,109685,0
OCG.US,5,20251211,173500,2.4,2.64,2.09,2.09,417161,0
OCG.US,5,20251211,174000,2.15,2.53,2.05,2.4301,220012,0
OCG.US,5,20251211,174500,2.4279,2.57,2.32,2.57,131757,0
OCG.US,5,20251211,175500,2.75,2.89,2.4,2.54,360660,0
OCG.US,5,20251211,180000,2.54,2.6,2.3,2.32,329124,0
OCG.US,5,20251211,180500,2.34,2.3984,2.24,2.2491,291561,0
OCG.US,5,20251211,181000,2.2409,2.49,2.23,2.305,195715,0
OCG.US,5,20251211,181500,2.28,2.3277,2.22,2.26,150626,0
OCG.US,5,20251211,182000,2.27,2.275,2.23,2.235,94903,0
OCG.US,5,20251211,182500,2.23,2.26,2.04,2.1501,245645,0
OCG.US,5,20251211,183000,2.15,2.19,2.055,2.055,108869,0
OCG.US,5,20251211,183500,2.0583,2.06,1.93,2.0084,296183,0
OCG.US,5,20251211,184000,2.0001,2.1291,1.96,2.09,155977,0
OCG.US,5,20251211,184500,2.12,2.16,2.03,2.1,88803,0
OCG.US,5,20251211,185000,2.0808,2.0817,1.87,1.94,121720,0
OCG.US,5,20251211,185500,1.9345,1.95,1.85,1.95,46070,0
OCG.US,5,20251211,190000,1.95,1.98,1.88,1.89,66275,0
OCG.US,5,20251211,190500,1.9,1.99,1.88,1.9026,86180,0
OCG.US,5,20251211,191000,1.9099,2.17,1.9,2.17,112523,0
OCG.US,5,20251211,191500,2.27,2.27,2.19,2.27,19031,0
OCG.US,5,20251211,192000,2.2301,2.4,2.13,2.1499,146394,0
OCG.US,5,20251211,192500,2.13,2.17,1.97,2,88464,0
OCG.US,5,20251211,193000,1.98,2.006322,1.88,1.88,188197,0
OCG.US,5,20251211,193500,1.88,1.88,1.59,1.6,448735,0
OCG.US,5,20251211,194000,1.59,1.5996,1.56,1.56,53844,0
OCG.US,5,20251211,194500,1.56,1.74,1.56,1.7,311664,0
OCG.US,5,20251211,195000,1.7001,1.73,1.6,1.62,142035,0
OCG.US,5,20251211,195500,1.6301,1.66,1.56,1.5685,130797,0
OCG.US,5,20251211,200000,1.56,1.6,1.53,1.5606,126532,0
OCG.US,5,20251211,200500,1.56,1.57,1.37,1.46,308185,0
OCG.US,5,20251211,201000,1.46,1.51,1.43,1.44,117343,0
OCG.US,5,20251211,201500,1.4498,1.53,1.4,1.43,188376,0
OCG.US,5,20251211,202000,1.445,1.445,1.3599,1.3613,154853,0
OCG.US,5,20251211,202500,1.36,1.47,1.25,1.32,284166,0
OCG.US,5,20251211,203000,1.32,1.38,1.25,1.2779,165753,0
OCG.US,5,20251211,203500,1.26,1.29,1.2199,1.2199,171644,0
OCG.US,5,20251211,204000,1.22,1.25,1.16,1.21,305939,0
OCG.US,5,20251211,204500,1.21,1.22,1.16,1.2,187722,0
OCG.US,5,20251211,205000,1.21,1.27,1.2,1.21,235774,0
OCG.US,5,20251211,205500,1.21,1.24,1.18,1.18,160568,0
OCG.US,5,20251211,210000,1.195,1.21,1.14,1.1401,264279,0
OCG.US,5,20251211,210500,1.145,1.18,1.1,1.13,275557,0
OCG.US,5,20251211,211000,1.1297,1.14,1.1,1.11,169385,0
OCG.US,5,20251211,211500,1.1191,1.25,1.115,1.25,119514,0
OCG.US,5,20251211,212000,1.335,1.35,1.26,1.31,291575,0
OCG.US,5,20251211,212500,1.3097,1.45,1.27,1.3587,373689,0
OCG.US,5,20251211,213000,1.358,1.38,1.18,1.2027,350891,0
OCG.US,5,20251211,213500,1.2005,1.2399,1.11,1.1131,312588,0
OCG.US,5,20251211,214000,1.13,1.13,1,1.0501,746539,0
OCG.US,5,20251211,214500,1.05,1.08,1.01,1.028,342323,0
OCG.US,5,20251211,215000,1.03,1.065,0.97,1.03,479607,0
OCG.US,5,20251211,215500,1.0299,1.0699,0.9062,0.911,882805,0
OCG.US,5,20251212,153000,0.83,0.886,0.76,0.7727,752714,0
OCG.US,5,20251212,153500,0.772601,0.772601,0.6799,0.7095,1906900,0
OCG.US,5,20251212,154000,0.71,0.7346,0.69,0.7045,843269,0
OCG.US,5,20251212,154500,0.7045,0.7045,0.66,0.697,1484539,0
OCG.US,5,20251212,155000,0.697,0.8,0.68,0.7,1101915,0
OCG.US,5,20251212,155500,0.699899,0.86,0.6919,0.8499,1920265,0
OCG.US,5,20251212,160000,0.8488,0.9528,0.791901,0.925,684640,0
OCG.US,5,20251212,160500,0.925,1.14,0.86,1.14,1275839,0
OCG.US,5,20251212,161000,1.14,1.14,1.14,1.14,82180,0
OCG.US,5,20251212,161500,1.15,1.16,0.92,1.0901,2092607,0
OCG.US,5,20251212,162000,1.09,1.25,1.0501,1.2201,1533458,0
OCG.US,5,20251212,162500,1.2201,1.34,1.12,1.22,2257966,0
OCG.US,5,20251212,163000,1.2185,1.29,1.17,1.25,1260940,0
OCG.US,5,20251212,163500,1.245,1.5,1.23,1.415,2181038,0
OCG.US,5,20251212,164000,1.4101,1.43,1.25,1.28,2213917,0
OCG.US,5,20251212,164500,1.27,1.4799,1.25,1.4106,1594245,0
OCG.US,5,20251212,165000,1.415,1.7,1.35,1.67,3217127,0
OCG.US,5,20251212,165500,1.67,1.81,1.34,1.34,4481525,0
OCG.US,5,20251212,170000,1.41,1.47,1.3,1.37,1450035,0
OCG.US,5,20251212,170500,1.3694,1.61,1.35,1.44,4015337,0
OCG.US,5,20251212,171000,1.44,1.49,1.38,1.48,1433721,0
OCG.US,5,20251212,171500,1.49,1.49,1.25,1.33,2097804,0
OCG.US,5,20251212,172000,1.33,1.63,1.32,1.6193,2264861,0
OCG.US,5,20251212,172500,1.6108,1.62,1.46,1.4917,1688791,0
OCG.US,5,20251212,173000,1.4906,1.58,1.43,1.5601,1382620,0
OCG.US,5,20251212,173500,1.5706,1.74,1.52,1.6514,2614324,0
OCG.US,5,20251212,174000,1.6507,1.8,1.58,1.68,3133241,0
OCG.US,5,20251212,174500,1.67,2,1.65,1.9001,3906638,0
OCG.US,5,20251212,175000,1.9,2.18,1.87,2.05,4817900,0
OCG.US,5,20251212,175500,2.04,2.05,1.78,1.8306,3288754,0
OCG.US,5,20251212,180000,1.83,1.99,1.79,1.8101,2680912,0
OCG.US,5,20251212,180500,1.815,1.82,1.65,1.775,2344082,0
OCG.US,5,20251212,181000,1.77,1.95,1.74,1.88,2370025,0
OCG.US,5,20251212,181500,1.88,1.95,1.82,1.93,1261354,0
OCG.US,5,20251212,182000,1.92,1.99,1.67,1.7224,1944747,0
OCG.US,5,20251212,182500,1.72,1.81,1.67,1.7101,1190815,0
OCG.US,5,20251212,183000,1.71,1.8,1.7,1.72,825311,0
OCG.US,5,20251212,183500,1.7219,1.82,1.65,1.77,1203251,0
OCG.US,5,20251212,184000,1.75,1.92,1.75,1.87,2207678,0
OCG.US,5,20251212,184500,1.865,2.3,1.86,1.977,4082143,0
OCG.US,5,20251212,185000,1.98,2.54,1.97,2.54,4592042,0
OCG.US,5,20251212,185500,2.54,2.54,2.54,2.54,67914,0
OCG.US,5,20251212,190000,2.48,2.89,2.41,2.55,7598038,0
OCG.US,5,20251212,190500,2.54,3.1,2.4901,3.01,5122632,0
OCG.US,5,20251212,191000,3.01,3.48,2.97,3.0785,7079440,0
OCG.US,5,20251212,191500,3.0786,3.15,2.5101,2.9674,5737096,0
OCG.US,5,20251212,192000,2.98,3.02,2.78,2.95,2373099,0
OCG.US,5,20251212,192500,2.9497,3.58,2.89,3.1399,5594604,0
OCG.US,5,20251212,193000,3.14,3.28,2.8801,3.13,2612134,0
OCG.US,5,20251212,193500,3.12,4.08,3.1,4.08,3783656,0
OCG.US,5,20251212,194000,4.09,4.15,3.295,3.435,3496008,0
OCG.US,5,20251212,194500,3.4464,3.89,3.06,3.29,4823730,0
OCG.US,5,20251212,195000,3.3001,3.35,3,3.13,2858554,0
OCG.US,5,20251212,195500,3.14,3.14,2.51,2.9258,4142931,0
OCG.US,5,20251212,200000,2.89,3.06,2.3,2.35,3115370,0
OCG.US,5,20251212,200500,2.3401,2.4,2.11,2.11,1245869,0
OCG.US,5,20251212,201000,2.24,2.47,2.12,2.27,2896723,0
OCG.US,5,20251212,201500,2.275,2.49,1.87,1.87,2466026,0
OCG.US,5,20251212,202000,1.87,1.92,1.38,1.4415,3653509,0
OCG.US,5,20251212,202500,1.4484,1.48,1.06,1.06,5007677,0
OCG.US,5,20251212,203000,1.04,1.05,0.85,0.94306,818094,0
OCG.US,5,20251212,203500,0.95,1,0.821701,0.9101,5256966,0
OCG.US,5,20251212,204000,0.91,0.99,0.761,0.77545,4463928,0
OCG.US,5,20251212,204500,0.7764,0.8198,0.7045,0.7107,3914147,0
OCG.US,5,20251212,205000,0.7157,0.74499,0.6646,0.6651,4072704,0
OCG.US,5,20251212,205500,0.6651,0.6969,0.6024,0.6303,4345454,0
OCG.US,5,20251212,210000,0.635,0.71,0.5801,0.605,4184512,0
OCG.US,5,20251212,210500,0.609316,0.62,0.58,0.61,3000014,0
OCG.US,5,20251212,211000,0.6093,0.6114,0.46,0.4762,4926458,0
OCG.US,5,20251212,211500,0.476301,0.5095,0.427,0.45,5122598,0
OCG.US,5,20251212,212000,0.4469,0.45,0.3403,0.3649,7321548,0
OCG.US,5,20251212,212500,0.3649,0.3751,0.32,0.33,6865837,0
OCG.US,5,20251212,213000,0.3219,0.33,0.2698,0.275248,7145990,0
OCG.US,5,20251212,213500,0.275,0.3101,0.27,0.27005,6394790,0
OCG.US,5,20251212,214000,0.27,0.2701,0.2208,0.2495,8204381,0
OCG.US,5,20251212,214500,0.2478,0.2495,0.2219,0.2297,8579483,0
OCG.US,5,20251212,215000,0.2297,0.2318,0.217,0.2203,8069892,0
OCG.US,5,20251212,215500,0.2198,0.2282,0.2042,0.22,20920301,0
OCG.US,5,20251215,153000,0.32,0.325,0.29,0.30095,7120619,0
OCG.US,5,20251215,153500,0.301,0.30259,0.25,0.261099,6354198,0
OCG.US,5,20251215,154000,0.259,0.2695,0.245,0.25,5375533,0
OCG.US,5,20251215,154500,0.2492,0.26109,0.2322,0.238,4892629,0
OCG.US,5,20251215,155000,0.237862,0.2404,0.2131,0.2246,8099818,0
OCG.US,5,20251215,155500,0.2246,0.231,0.201,0.2034,4467124,0
OCG.US,5,20251215,160000,0.201,0.214,0.201,0.2096,4766003,0
OCG.US,5,20251215,160500,0.209,0.2097,0.1811,0.18115,6602200,0
OCG.US,5,20251215,161000,0.1811,0.194,0.171,0.1821,5818602,0
OCG.US,5,20251215,161500,0.182281,0.1936,0.18,0.1826,2522994,0
OCG.US,5,20251215,162000,0.1826,0.188,0.1826,0.1866,1895897,0
OCG.US,5,20251215,162500,0.1865,0.2174,0.1865,0.192,6098312,0
OCG.US,5,20251215,163000,0.1919,0.2019,0.19,0.1943,2534052,0
OCG.US,5,20251215,163500,0.1943,0.1949,0.18,0.1883,2279171,0
OCG.US,5,20251215,164000,0.1884,0.1915,0.1875,0.1899,1239963,0
OCG.US,5,20251215,164500,0.1899,0.1996,0.1899,0.1924,1817797,0
OCG.US,5,20251215,165000,0.1925,0.1927,0.19,0.19005,1108926,0
OCG.US,5,20251215,165500,0.19,0.1901,0.1834,0.1835,1077634,0
OCG.US,5,20251215,170000,0.1835,0.188,0.1827,0.1853,1589227,0
OCG.US,5,20251215,170500,0.1852,0.1895,0.175,0.175001,2804476,0
OCG.US,5,20251215,171000,0.1751,0.186,0.1705,0.184,2028594,0
OCG.US,5,20251215,171500,0.184,0.1846,0.1805,0.181,780307,0
OCG.US,5,20251215,172000,0.1814,0.183,0.1793,0.1811,1256287,0
OCG.US,5,20251215,172500,0.181,0.1827,0.1723,0.177901,1211318,0
OCG.US,5,20251215,173000,0.1785,0.1841,0.178,0.1807,1070467,0
OCG.US,5,20251215,173500,0.1807,0.1814,0.1764,0.1798,505280,0
OCG.US,5,20251215,174000,0.1795,0.182,0.1755,0.1804,446385,0
OCG.US,5,20251215,174500,0.1802,0.1808,0.1792,0.179999,599766,0
OCG.US,5,20251215,175000,0.179999,0.1805,0.178,0.18025,562163,0
OCG.US,5,20251215,175500,0.1803,0.1929,0.1802,0.185,1399762,0
OCG.US,5,20251215,180000,0.185,0.19489,0.1818,0.1825,844401,0
OCG.US,5,20251215,180500,0.1825,0.19099,0.1825,0.1846,516008,0
OCG.US,5,20251215,181000,0.184,0.1875,0.183,0.1841,486192,0
OCG.US,5,20251215,181500,0.1841,0.1851,0.1752,0.1781,1620934,0
OCG.US,5,20251215,182000,0.1782,0.182,0.1773,0.179499,451119,0
OCG.US,5,20251215,182500,0.1799,0.1799,0.1719,0.174785,1108827,0
OCG.US,5,20251215,183000,0.1743,0.1799,0.1732,0.1787,386538,0
OCG.US,5,20251215,183500,0.1783,0.179,0.175,0.1785,307142,0
OCG.US,5,20251215,184000,0.1785,0.1834,0.178199,0.1828,776830,0
OCG.US,5,20251215,184500,0.1828,0.1834,0.1772,0.1789,713220,0
OCG.US,5,20251215,185000,0.1785,0.1828,0.1781,0.1793,460256,0
OCG.US,5,20251215,185500,0.1795,0.1819,0.178,0.1793,279035,0
OCG.US,5,20251215,190000,0.1793,0.1807,0.1781,0.18,464816,0
OCG.US,5,20251215,190500,0.17995,0.18,0.178,0.1782,256226,0
OCG.US,5,20251215,191000,0.1782,0.179,0.178,0.1781,207474,0
OCG.US,5,20251215,191500,0.1781,0.1801,0.1781,0.18,285117,0
OCG.US,5,20251215,192000,0.1798,0.1829,0.1794,0.1825,258592,0
OCG.US,5,20251215,192500,0.182599,0.1876,0.1801,0.185,825268,0
OCG.US,5,20251215,193000,0.1853,0.1854,0.1807,0.1807,650117,0
OCG.US,5,20251215,193500,0.1807,0.181,0.1792,0.1804,869412,0
OCG.US,5,20251215,194000,0.1804,0.1808,0.1793,0.1808,506323,0
OCG.US,5,20251215,194500,0.1805,0.1808,0.1794,0.1802,205025,0
OCG.US,5,20251215,195000,0.1803,0.1803,0.1795,0.179588,125862,0
OCG.US,5,20251215,195500,0.179588,0.18,0.179,0.1799,405049,0
OCG.US,5,20251215,200000,0.1799,0.1799,0.178,0.1781,359439,0
OCG.US,5,20251215,200500,0.1781,0.1788,0.178,0.1782,198838,0
OCG.US,5,20251215,201000,0.1783,0.1788,0.178,0.1785,315333,0
OCG.US,5,20251215,201500,0.17855,0.1786,0.175,0.1778,539788,0
OCG.US,5,20251215,202000,0.177811,0.18,0.1763,0.179,280016,0
OCG.US,5,20251215,202500,0.1793,0.1793,0.178,0.1792,190261,0
OCG.US,5,20251215,203000,0.1792,0.1813,0.178,0.1806,223027,0
OCG.US,5,20251215,203500,0.1806,0.1818,0.1806,0.181,459110,0
OCG.US,5,20251215,204000,0.181301,0.1818,0.1806,0.1806,357803,0
OCG.US,5,20251215,204500,0.1806,0.1807,0.1785,0.1789,255310,0
OCG.US,5,20251215,205000,0.1799,0.1807,0.1787,0.1791,356215,0
OCG.US,5,20251215,205500,0.1791,0.1829,0.1791,0.1808,748763,0
OCG.US,5,20251215,210000,0.1809,0.1816,0.179,0.179,472846,0
OCG.US,5,20251215,210500,0.179,0.1792,0.1769,0.1772,307310,0
OCG.US,5,20251215,211000,0.1773,0.1782,0.177,0.1776,419730,0
OCG.US,5,20251215,211500,0.1776,0.1819,0.1771,0.18189,482361,0
OCG.US,5,20251215,212000,0.1818,0.1819,0.1771,0.18,609111,0
OCG.US,5,20251215,212500,0.18,0.181,0.1795,0.1796,417694,0
OCG.US,5,20251215,213000,0.1796,0.1796,0.1777,0.1777,349740,0
OCG.US,5,20251215,213500,0.1777,0.1785,0.1769,0.177,385098,0
OCG.US,5,20251215,214000,0.1771,0.1773,0.1769,0.1769,312678,0
OCG.US,5,20251215,214500,0.177,0.1772,0.1769,0.177,722565,0
OCG.US,5,20251215,215000,0.176901,0.1771,0.1769,0.17695,1137501,0
OCG.US,5,20251215,215500,0.17695,0.177,0.1732,0.1732,1840056,0
OCG.US,5,20251216,153000,0.1687,0.169,0.14,0.1493,2799835,0
OCG.US,5,20251216,153500,0.149,0.15,0.1234,0.136601,3879724,0
OCG.US,5,20251216,154000,0.137,0.149,0.136,0.1489,1736073,0
OCG.US,5,20251216,154500,0.1489,0.149,0.1371,0.1425,1742455,0
OCG.US,5,20251216,155000,0.1425,0.1451,0.1371,0.1405,1139462,0
OCG.US,5,20251216,155500,0.14055,0.1423,0.13905,0.1421,599108,0
OCG.US,5,20251216,160000,0.14219,0.1473,0.1412,0.1465,557574,0
OCG.US,5,20251216,160500,0.146593,0.15,0.1444,0.1451,599935,0
OCG.US,5,20251216,161000,0.1451,0.1459,0.14,0.141,459395,0
OCG.US,5,20251216,161500,0.1419,0.1423,0.1401,0.1402,445618,0
OCG.US,5,20251216,162000,0.1402,0.1425,0.1365,0.1421,919498,0
OCG.US,5,20251216,162500,0.1424,0.1424,0.1406,0.1413,300097,0
OCG.US,5,20251216,163000,0.1413,0.15,0.141296,0.1475,410128,0
OCG.US,5,20251216,163500,0.1475,0.1479,0.1363,0.1384,1027815,0
OCG.US,5,20251216,164000,0.139201,0.1419,0.1384,0.1412,259794,0
OCG.US,5,20251216,164500,0.14125,0.1443,0.1412,0.1441,383525,0
OCG.US,5,20251216,165000,0.14405,0.1484,0.14405,0.14609,383887,0
OCG.US,5,20251216,165500,0.146001,0.1461,0.1433,0.1438,311565,0
OCG.US,5,20251216,170000,0.1438,0.1438,0.1415,0.143,163948,0
OCG.US,5,20251216,170500,0.143001,0.1433,0.1423,0.1424,156280,0
OCG.US,5,20251216,171000,0.1425,0.143,0.1411,0.1412,226899,0
OCG.US,5,20251216,171500,0.1412,0.1427,0.1411,0.1423,170649,0
OCG.US,5,20251216,172000,0.1424,0.1426,0.14,0.1405,191469,0
OCG.US,5,20251216,172500,0.1403,0.1419,0.1402,0.1405,296975,0
OCG.US,5,20251216,173000,0.1409,0.1417,0.1404,0.1417,296921,0
OCG.US,5,20251216,173500,0.1416,0.1417,0.1412,0.1414,89005,0
OCG.US,5,20251216,174000,0.141401,0.1415,0.1364,0.1377,612225,0
OCG.US,5,20251216,174500,0.1375,0.14,0.1373,0.1395,508834,0
OCG.US,5,20251216,175000,0.1394,0.14,0.138,0.1394,167342,0
OCG.US,5,20251216,175500,0.1391,0.1393,0.1362,0.1368,298151,0
OCG.US,5,20251216,180000,0.1367,0.1446,0.1351,0.1446,604540,0
OCG.US,5,20251216,180500,0.1445,0.1446,0.1408,0.1423,371200,0
OCG.US,5,20251216,181000,0.142401,0.1492,0.1413,0.1468,447551,0
OCG.US,5,20251216,181500,0.1479,0.1532,0.1477,0.1524,896848,0
OCG.US,5,20251216,182000,0.1525,0.178,0.1522,0.178,1962403,0
OCG.US,5,20251216,182500,0.1774,0.19,0.1606,0.17505,4230820,0
OCG.US,5,20251216,183000,0.17505,0.1893,0.1677,0.1853,2434683,0
OCG.US,5,20251216,183500,0.1853,0.1853,0.17,0.1709,2350444,0
OCG.US,5,20251216,184000,0.1702,0.173,0.165,0.16705,1627971,0
OCG.US,5,20251216,184500,0.1671,0.171,0.1629,0.1646,1023731,0
OCG.US,5,20251216,185000,0.1647,0.166,0.1482,0.1482,2645774,0
OCG.US,5,20251216,185500,0.1487,0.157,0.1482,0.1531,1074866,0
OCG.US,5,20251216,190000,0.1532,0.1533,0.1493,0.152,639862,0
OCG.US,5,20251216,190500,0.152,0.1525,0.151,0.1518,418531,0
OCG.US,5,20251216,191000,0.1518,0.157,0.1515,0.1516,417202,0
OCG.US,5,20251216,191500,0.1518,0.1538,0.1493,0.151001,594760,0
OCG.US,5,20251216,192000,0.1516,0.1529,0.1511,0.151599,180749,0
OCG.US,5,20251216,192500,0.1513,0.1515,0.1486,0.1495,499894,0
OCG.US,5,20251216,193000,0.1496,0.1526,0.1495,0.1517,237084,0
OCG.US,5,20251216,193500,0.1516,0.1516,0.1491,0.1499,308493,0
OCG.US,5,20251216,194000,0.1499,0.1503,0.1487,0.15,695290,0
OCG.US,5,20251216,194500,0.1501,0.1507,0.1485,0.1489,194919,0
OCG.US,5,20251216,195000,0.1489,0.149,0.141,0.14859,720498,0
OCG.US,5,20251216,195500,0.1486,0.15789,0.141,0.144,767443,0
OCG.US,5,20251216,200000,0.144427,0.145,0.142,0.145,297178,0
OCG.US,5,20251216,200500,0.145,0.1498,0.145,0.1493,354432,0
OCG.US,5,20251216,201000,0.1493,0.1497,0.1477,0.1482,205017,0
OCG.US,5,20251216,201500,0.14825,0.1483,0.146,0.1465,172471,0
OCG.US,5,20251216,202000,0.1466,0.147,0.1456,0.1463,157397,0
OCG.US,5,20251216,202500,0.146101,0.1472,0.146,0.14645,123037,0
OCG.US,5,20251216,203000,0.1465,0.1469,0.146,0.1461,186186,0
OCG.US,5,20251216,203500,0.1461,0.1468,0.146,0.1465,115674,0
OCG.US,5,20251216,204000,0.1463,0.1463,0.1425,0.1431,414191,0
OCG.US,5,20251216,204500,0.1439,0.1458,0.1432,0.1438,98412,0
OCG.US,5,20251216,205000,0.143851,0.1442,0.1435,0.1435,193663,0
OCG.US,5,20251216,205500,0.1435,0.1459,0.1435,0.145,172114,0
OCG.US,5,20251216,210000,0.1451,0.1455,0.1448,0.1451,94356,0
OCG.US,5,20251216,210500,0.145,0.1469,0.145,0.1467,206562,0
OCG.US,5,20251216,211000,0.1475,0.158,0.1473,0.1542,491917,0
OCG.US,5,20251216,211500,0.1542,0.156,0.15,0.1509,179611,0
OCG.US,5,20251216,212000,0.1512,0.1515,0.1443,0.148499,411733,0
OCG.US,5,20251216,212500,0.148878,0.149,0.148,0.1482,81988,0
OCG.US,5,20251216,213000,0.1481,0.1482,0.144,0.147,181766,0
OCG.US,5,20251216,213500,0.144601,0.1475,0.1445,0.14705,198033,0
OCG.US,5,20251216,214000,0.1474,0.1482,0.1466,0.148,115504,0
OCG.US,5,20251216,214500,0.147901,0.1492,0.1479,0.1487,335793,0
OCG.US,5,20251216,215000,0.148899,0.1489,0.1466,0.1474,190481,0
OCG.US,5,20251216,215500,0.1474,0.1482,0.143,0.147,432935,0
OCG.US,5,20251217,153000,0.1533,0.1554,0.1462,0.1494,749148,0
OCG.US,5,20251217,153500,0.1494,0.1499,0.1463,0.1499,244090,0
OCG.US,5,20251217,154000,0.1499,0.1604,0.1499,0.1601,1051247,0
OCG.US,5,20251217,154500,0.1601,0.161,0.16,0.16,1462603,0
OCG.US,5,20251217,155000,0.16005,0.1601,0.151,0.1538,778219,0
OCG.US,5,20251217,155500,0.1559,0.1563,0.152,0.1528,164596,0
OCG.US,5,20251217,160000,0.1528,0.15305,0.151,0.151,436089,0
OCG.US,5,20251217,160500,0.151,0.1511,0.151,0.151,234581,0
OCG.US,5,20251217,161000,0.151,0.1598,0.151,0.1511,594174,0
OCG.US,5,20251217,161500,0.1511,0.1539,0.151,0.151,173154,0
OCG.US,5,20251217,162000,0.151,0.154,0.151,0.1516,749927,0
OCG.US,5,20251217,162500,0.1516,0.153,0.1501,0.1501,159437,0
OCG.US,5,20251217,163000,0.150184,0.17069,0.1325,0.1404,1238240,0
OCG.US,5,20251217,163500,0.142,0.1429,0.1404,0.1412,623126,0
OCG.US,5,20251217,164000,0.1414,0.1424,0.1412,0.1419,366894,0
OCG.US,5,20251217,164500,0.1414,0.15,0.1414,0.1447,430018,0
OCG.US,5,20251217,165000,0.1449,0.145,0.1404,0.1426,603383,0
OCG.US,5,20251217,165500,0.1418,0.1427,0.1342,0.1384,833287,0
OCG.US,5,20251217,170000,0.137352,0.1496,0.137352,0.1419,386309,0
OCG.US,5,20251217,170500,0.1413,0.1473,0.1413,0.1414,142928,0
OCG.US,5,20251217,171000,0.1425,0.1465,0.142,0.14289,238409,0
OCG.US,5,20251217,171500,0.1426,0.1439,0.142,0.143,128554,0
OCG.US,5,20251217,172000,0.1432,0.1513,0.143,0.1507,1043743,0
OCG.US,5,20251217,172500,0.1507,0.1508,0.1479,0.149775,180078,0
OCG.US,5,20251217,173000,0.1496,0.151,0.1495,0.151,763033,0
OCG.US,5,20251217,173500,0.151,0.1526,0.15,0.1501,249471,0
OCG.US,5,20251217,174000,0.1501,0.1513,0.1475,0.1502,434478,0
OCG.US,5,20251217,174500,0.15,0.1508,0.1484,0.1484,61581,0
OCG.US,5,20251217,175000,0.1485,0.1485,0.1475,0.1476,96221,0
OCG.US,5,20251217,175500,0.1476,0.1482,0.1475,0.1482,81262,0
OCG.US,5,20251217,180000,0.1482,0.1502,0.1475,0.148,112483,0
OCG.US,5,20251217,180500,0.14956,0.15079,0.1486,0.150301,163348,0
OCG.US,5,20251217,181000,0.1503,0.1511,0.1486,0.14865,192529,0
OCG.US,5,20251217,181500,0.1486,0.1487,0.1486,0.1487,47435,0
OCG.US,5,20251217,182000,0.1487,0.1492,0.1486,0.14895,34395,0
OCG.US,5,20251217,182500,0.1486,0.15,0.1486,0.149899,45416,0
OCG.US,5,20251217,183000,0.1498,0.149999,0.148,0.1483,117003,0
OCG.US,5,20251217,183500,0.1483,0.1483,0.142,0.1464,200961,0
OCG.US,5,20251217,184000,0.1448,0.1495,0.1431,0.1463,131257,0
OCG.US,5,20251217,184500,0.1479,0.1494,0.1432,0.147299,116375,0
OCG.US,5,20251217,185000,0.147299,0.1493,0.147299,0.1489,65443,0
OCG.US,5,20251217,185500,0.1493,0.1493,0.1481,0.1486,84485,0
OCG.US,5,20251217,190000,0.1482,0.1483,0.1481,0.1481,23442,0
OCG.US,5,20251217,190500,0.1481,0.1481,0.1434,0.1435,116523,0
OCG.US,5,20251217,191000,0.1449,0.145,0.1436,0.1436,75221,0
OCG.US,5,20251217,191500,0.1436,0.144299,0.1435,0.1438,76600,0
OCG.US,5,20251217,192000,0.1437,0.1453,0.1431,0.1453,147744,0
OCG.US,5,20251217,192500,0.1453,0.1454,0.144999,0.1453,78126,0
OCG.US,5,20251217,193000,0.1453,0.147,0.14,0.145,182381,0
OCG.US,5,20251217,193500,0.1443,0.1446,0.1406,0.1426,61638,0
OCG.US,5,20251217,194000,0.1426,0.1446,0.1426,0.1443,33214,0
OCG.US,5,20251217,194500,0.144199,0.1447,0.1425,0.1426,70827,0
OCG.US,5,20251217,195000,0.1425,0.1427,0.1406,0.140892,75320,0
OCG.US,5,20251217,195500,0.142,0.144,0.1406,0.1415,170096,0
OCG.US,5,20251217,200000,0.1413,0.14295,0.1413,0.14295,68098,0
OCG.US,5,20251217,200500,0.143101,0.1441,0.1417,0.1429,55791,0
OCG.US,5,20251217,201000,0.1417,0.1443,0.1417,0.1443,19222,0
OCG.US,5,20251217,201500,0.14351,0.1441,0.1418,0.142199,60267,0
OCG.US,5,20251217,202000,0.1422,0.1422,0.1415,0.1415,62898,0
OCG.US,5,20251217,202500,0.1415,0.1419,0.1411,0.1411,83154,0
OCG.US,5,20251217,203000,0.1413,0.144,0.141,0.1425,195009,0
OCG.US,5,20251217,203500,0.1437,0.1465,0.1427,0.146,110827,0
OCG.US,5,20251217,204000,0.1452,0.146,0.1433,0.1433,41752,0
OCG.US,5,20251217,204500,0.1427,0.1458,0.1427,0.1435,86308,0
OCG.US,5,20251217,205000,0.1437,0.1526,0.1435,0.149,619583,0
OCG.US,5,20251217,205500,0.1496,0.1508,0.148299,0.15,176355,0
OCG.US,5,20251217,210000,0.1487,0.15,0.1461,0.1489,125284,0
OCG.US,5,20251217,210500,0.15,0.15,0.1481,0.149,70787,0
OCG.US,5,20251217,211000,0.1484,0.1508,0.1484,0.1497,226912,0
OCG.US,5,20251217,211500,0.149301,0.1497,0.1481,0.1497,47570,0
OCG.US,5,20251217,212000,0.1481,0.1496,0.1481,0.1489,22834,0
OCG.US,5,20251217,212500,0.148507,0.1496,0.1485,0.1486,22560,0
OCG.US,5,20251217,213000,0.1486,0.1489,0.1485,0.148501,74809,0
OCG.US,5,20251217,213500,0.1486,0.1486,0.1441,0.1475,103351,0
OCG.US,5,20251217,214000,0.1475,0.1476,0.1455,0.1475,31055,0
OCG.US,5,20251217,214500,0.1464,0.1469,0.1462,0.146619,40791,0
OCG.US,5,20251217,215000,0.1464,0.1475,0.145,0.145,203508,0
OCG.US,5,20251217,215500,0.145,0.145728,0.1397,0.14,657678,0
OCG.US,5,20251218,153000,0.144,0.1478,0.141,0.1468,676360,0
OCG.US,5,20251218,153500,0.1468,0.1478,0.1407,0.144501,492792,0
OCG.US,5,20251218,154000,0.1448,0.1473,0.1448,0.146,269524,0
OCG.US,5,20251218,154500,0.146,0.1538,0.146,0.1528,1711075,0
OCG.US,5,20251218,155000,0.1535,0.155,0.145101,0.1486,1040719,0
OCG.US,5,20251218,155500,0.1491,0.151,0.1485,0.1491,256381,0
OCG.US,5,20251218,160000,0.1482,0.1494,0.1435,0.1448,378402,0
OCG.US,5,20251218,160500,0.1462,0.149,0.1436,0.1448,518202,0
OCG.US,5,20251218,161000,0.1436,0.145001,0.1435,0.1445,365816,0
OCG.US,5,20251218,161500,0.1445,0.1488,0.1436,0.1463,104927,0
OCG.US,5,20251218,162000,0.1461,0.1461,0.1452,0.1455,161458,0
OCG.US,5,20251218,162500,0.14548,0.1455,0.1436,0.145,224703,0
OCG.US,5,20251218,163000,0.1452,0.1453,0.144,0.1449,68757,0
OCG.US,5,20251218,163500,0.1445,0.1447,0.1441,0.144349,157764,0
OCG.US,5,20251218,164000,0.1445,0.1456,0.1443,0.1451,207297,0
OCG.US,5,20251218,164500,0.1453,0.1456,0.1442,0.1444,113182,0
OCG.US,5,20251218,165000,0.1447,0.1456,0.1444,0.1452,34123,0
OCG.US,5,20251218,165500,0.1452,0.1468,0.1435,0.145536,346622,0
OCG.US,5,20251218,170000,0.1451,0.1456,0.1448,0.145,135901,0
OCG.US,5,20251218,170500,0.1435,0.145,0.1421,0.1424,325014,0
OCG.US,5,20251218,171000,0.1426,0.1429,0.1425,0.1426,77398,0
OCG.US,5,20251218,171500,0.1426,0.1445,0.1425,0.144,56840,0
OCG.US,5,20251218,172000,0.1442,0.1445,0.1425,0.142701,107296,0
OCG.US,5,20251218,172500,0.1428,0.1428,0.142,0.142599,94946,0
OCG.US,5,20251218,173000,0.1426,0.1426,0.142,0.1422,101673,0
OCG.US,5,20251218,173500,0.142101,0.1428,0.142,0.1428,38478,0
OCG.US,5,20251218,174000,0.1447,0.1447,0.1423,0.143357,99479,0
OCG.US,5,20251218,174500,0.1432,0.1445,0.1432,0.1435,69553,0
OCG.US,5,20251218,175000,0.144,0.144,0.1434,0.1434,63443,0
OCG.US,5,20251218,175500,0.1434,0.1435,0.142,0.1422,134662,0
OCG.US,5,20251218,180000,0.1422,0.1435,0.142,0.1424,117780,0
OCG.US,5,20251218,180500,0.142535,0.1428,0.1417,0.1417,66062,0
OCG.US,5,20251218,181000,0.14185,0.1419,0.1407,0.1417,245988,0
OCG.US,5,20251218,181500,0.141744,0.1418,0.1407,0.1412,56950,0
OCG.US,5,20251218,182000,0.1411,0.1421,0.1406,0.141849,171434,0
OCG.US,5,20251218,182500,0.142,0.1434,0.1419,0.14245,38461,0
OCG.US,5,20251218,183000,0.1425,0.1425,0.1423,0.1424,14319,0
OCG.US,5,20251218,183500,0.142399,0.1424,0.1415,0.141899,33064,0
OCG.US,5,20251218,184000,0.1415,0.1419,0.1415,0.1417,52734,0
OCG.US,5,20251218,184500,0.1416,0.142,0.1411,0.14155,22242,0
OCG.US,5,20251218,185000,0.1412,0.1416,0.141101,0.1413,46845,0
OCG.US,5,20251218,185500,0.141521,0.1416,0.1407,0.1408,98407,0
OCG.US,5,20251218,190000,0.1409,0.1415,0.1406,0.1407,169952,0
OCG.US,5,20251218,190500,0.140733,0.140733,0.1405,0.1406,221724,0
OCG.US,5,20251218,191000,0.1404,0.14049,0.1367,0.14,416119,0
OCG.US,5,20251218,191500,0.1401,0.1407,0.1385,0.1388,54428,0
OCG.US,5,20251218,192000,0.1388,0.1389,0.1375,0.1389,78556,0
OCG.US,5,20251218,192500,0.138599,0.139,0.1375,0.139,134014,0
OCG.US,5,20251218,193000,0.1384,0.139,0.1375,0.1375,105214,0
OCG.US,5,20251218,193500,0.138256,0.139,0.1382,0.1384,65010,0
OCG.US,5,20251218,194000,0.1389,0.139,0.1375,0.138,60749,0
OCG.US,5,20251218,194500,0.1386,0.1386,0.1375,0.1379,78209,0
OCG.US,5,20251218,195000,0.1379,0.1379,0.0846,0.0922,1435100,0
OCG.US,5,20251218,195500,0.09295,0.1251,0.07,0.1078,2883928,0
OCG.US,5,20251218,200000,0.1078,0.1198,0.0943,0.118099,2507106,0
OCG.US,5,20251218,200500,0.1168,0.12,0.115,0.1194,638348,0
OCG.US,5,20251218,201000,0.118949,0.119,0.1121,0.114,405496,0
OCG.US,5,20251218,201500,0.11485,0.1178,0.1142,0.1165,407638,0
OCG.US,5,20251218,202000,0.1168,0.1199,0.1166,0.1178,282552,0
OCG.US,5,20251218,202500,0.1172,0.1266,0.117,0.12622,531961,0
OCG.US,5,20251218,203000,0.1266,0.1313,0.1226,0.1246,501684,0
OCG.US,5,20251218,203500,0.1245,0.1278,0.123,0.1252,476256,0
OCG.US,5,20251218,204000,0.1257,0.1265,0.1206,0.1244,177625,0
OCG.US,5,20251218,204500,0.1244,0.1254,0.1216,0.1224,198085,0
OCG.US,5,20251218,205000,0.1224,0.1226,0.1198,0.1204,318314,0
OCG.US,5,20251218,205500,0.120501,0.1218,0.1199,0.121101,276846,0
OCG.US,5,20251218,210000,0.1211,0.1218,0.1204,0.12175,483325,0
OCG.US,5,20251218,210500,0.1218,0.1225,0.1218,0.1225,153677,0
OCG.US,5,20251218,211000,0.1225,0.1225,0.1224,0.12245,135712,0
OCG.US,5,20251218,211500,0.1225,0.125,0.1219,0.1245,440875,0
OCG.US,5,20251218,212000,0.1245,0.1245,0.12,0.1211,179151,0
OCG.US,5,20251218,212500,0.1218,0.1218,0.1202,0.1211,152466,0
OCG.US,5,20251218,213000,0.1211,0.1211,0.12,0.1201,88224,0
OCG.US,5,20251218,213500,0.1202,0.1204,0.115,0.118799,423550,0
OCG.US,5,20251218,214000,0.1171,0.1202,0.1151,0.1187,287714,0
OCG.US,5,20251218,214500,0.1189,0.1236,0.1186,0.120086,451530,0
OCG.US,5,20251218,215000,0.12,0.121,0.1195,0.1201,276660,0
OCG.US,5,20251218,215500,0.121,0.1245,0.12,0.1245,471918,0
OCG.US,5,20251219,153000,0.115,0.1168,0.1111,0.112775,450648,0
OCG.US,5,20251219,153500,0.1128,0.114,0.1105,0.113126,266249,0
OCG.US,5,20251219,154000,0.113201,0.1143,0.1112,0.11195,334958,0
OCG.US,5,20251219,154500,0.112,0.1131,0.11,0.1104,286296,0
OCG.US,5,20251219,155000,0.110845,0.1139,0.110845,0.1121,235433,0
OCG.US,5,20251219,155500,0.112801,0.1133,0.1121,0.1128,104599,0
OCG.US,5,20251219,160000,0.1128,0.1129,0.1122,0.1129,80125,0
OCG.US,5,20251219,160500,0.1128,0.1129,0.1115,0.1116,119779,0
OCG.US,5,20251219,161000,0.1121,0.1122,0.11,0.1108,101190,0
OCG.US,5,20251219,161500,0.1107,0.1108,0.1077,0.1078,495406,0
OCG.US,5,20251219,162000,0.1082,0.1089,0.1054,0.1057,738967,0
OCG.US,5,20251219,162500,0.106099,0.107,0.105,0.106501,383788,0
OCG.US,5,20251219,163000,0.107,0.107,0.1058,0.10629,288363,0
OCG.US,5,20251219,163500,0.1062,0.1063,0.1057,0.105701,118153,0
OCG.US,5,20251219,164000,0.1057,0.1059,0.105,0.1053,322764,0
OCG.US,5,20251219,164500,0.105259,0.1062,0.105,0.1062,454591,0
OCG.US,5,20251219,165000,0.1062,0.11,0.1062,0.109,255395,0
OCG.US,5,20251219,165500,0.1094,0.1122,0.1091,0.1119,289060,0
OCG.US,5,20251219,170000,0.1117,0.1212,0.111,0.121,674760,0
OCG.US,5,20251219,170500,0.1202,0.1212,0.1159,0.1163,763937,0
OCG.US,5,20251219,171000,0.116101,0.116365,0.1135,0.1138,245436,0
OCG.US,5,20251219,171500,0.11379,0.1142,0.1131,0.11405,107162,0
OCG.US,5,20251219,172000,0.1142,0.1157,0.1141,0.115,215495,0
OCG.US,5,20251219,172500,0.1149,0.1182,0.1136,0.1177,388179,0
OCG.US,5,20251219,173000,0.1181,0.1189,0.1155,0.1162,234397,0
OCG.US,5,20251219,173500,0.1161,0.1162,0.114,0.114099,102852,0
OCG.US,5,20251219,174000,0.1141,0.11463,0.1131,0.1136,174597,0
OCG.US,5,20251219,174500,0.1136,0.1148,0.1133,0.1142,126444,0
OCG.US,5,20251219,175000,0.1138,0.1138,0.1114,0.1118,174019,0
OCG.US,5,20251219,175500,0.1118,0.1118,0.1092,0.1106,145961,0
OCG.US,5,20251219,180000,0.1105,0.1106,0.1093,0.1095,189019,0
OCG.US,5,20251219,180500,0.109799,0.1148,0.1095,0.112,176939,0
OCG.US,5,20251219,181000,0.1121,0.1148,0.1101,0.1134,78533,0
OCG.US,5,20251219,181500,0.1134,0.1134,0.1114,0.111401,80302,0
OCG.US,5,20251219,182000,0.111901,0.115,0.1115,0.1132,96536,0
OCG.US,5,20251219,182500,0.1132,0.114999,0.1132,0.1138,32588,0
OCG.US,5,20251219,183000,0.1139,0.1149,0.1138,0.1144,56497,0
OCG.US,5,20251219,183500,0.1144,0.1149,0.112,0.113651,32202,0
OCG.US,5,20251219,184000,0.1135,0.1137,0.1127,0.113015,26513,0
OCG.US,5,20251219,184500,0.1129,0.1131,0.111,0.1111,218307,0
OCG.US,5,20251219,185000,0.1111,0.1133,0.1111,0.113,36439,0
OCG.US,5,20251219,185500,0.1129,0.1129,0.1115,0.1123,15831,0
OCG.US,5,20251219,190000,0.1123,0.1144,0.1119,0.112,86184,0
OCG.US,5,20251219,190500,0.112998,0.113,0.1119,0.113,33917,0
OCG.US,5,20251219,191000,0.1131,0.1141,0.113,0.1141,72340,0
OCG.US,5,20251219,191500,0.1144,0.1156,0.1143,0.1155,187780,0
OCG.US,5,20251219,192000,0.1151,0.1156,0.1147,0.1153,175229,0
OCG.US,5,20251219,192500,0.1153,0.11535,0.1131,0.1136,50330,0
OCG.US,5,20251219,193000,0.1139,0.113901,0.1123,0.112401,76047,0
OCG.US,5,20251219,193500,0.112861,0.115,0.1128,0.1128,45241,0
OCG.US,5,20251219,194000,0.1125,0.114,0.1125,0.1139,61466,0
OCG.US,5,20251219,194500,0.1131,0.1139,0.1131,0.1139,20488,0
OCG.US,5,20251219,195000,0.114,0.1145,0.1132,0.113266,52699,0
OCG.US,5,20251219,195500,0.114399,0.114399,0.1134,0.113601,149774,0
OCG.US,5,20251219,200000,0.1138,0.115,0.1136,0.1144,44772,0
OCG.US,5,20251219,200500,0.1144,0.1158,0.114399,0.1158,91000,0
OCG.US,5,20251219,201000,0.1159,0.1179,0.1159,0.1164,90839,0
OCG.US,5,20251219,201500,0.1162,0.1163,0.1151,0.11531,37217,0
OCG.US,5,20251219,202000,0.1154,0.116,0.1147,0.115046,58059,0
OCG.US,5,20251219,202500,0.114849,0.115,0.1142,0.115,63117,0
OCG.US,5,20251219,203000,0.115,0.115,0.1146,0.1148,41838,0
OCG.US,5,20251219,203500,0.1147,0.115,0.1145,0.1147,20508,0
OCG.US,5,20251219,204000,0.114501,0.1149,0.1141,0.1142,32567,0
OCG.US,5,20251219,204500,0.114,0.1145,0.114,0.1143,36993,0
OCG.US,5,20251219,205000,0.1144,0.1146,0.1138,0.114,99875,0
OCG.US,5,20251219,205500,0.1139,0.114,0.1119,0.1125,73454,0
OCG.US,5,20251219,210000,0.1127,0.1129,0.1119,0.112,48329,0
OCG.US,5,20251219,210500,0.1119,0.11195,0.1101,0.1105,152237,0
OCG.US,5,20251219,211000,0.1105,0.1111,0.1104,0.111,67154,0
OCG.US,5,20251219,211500,0.1111,0.1144,0.111,0.1118,69077,0
OCG.US,5,20251219,212000,0.1111,0.114201,0.1111,0.1141,118446,0
OCG.US,5,20251219,212500,0.1138,0.1141,0.1118,0.1136,50176,0
OCG.US,5,20251219,213000,0.1141,0.1141,0.11375,0.114,66574,0
OCG.US,5,20251219,213500,0.114,0.1146,0.114,0.1143,154735,0
OCG.US,5,20251219,214000,0.1145,0.1149,0.1143,0.114301,69898,0
OCG.US,5,20251219,214500,0.1149,0.114908,0.112,0.1121,112738,0
OCG.US,5,20251219,215000,0.1143,0.1149,0.1121,0.1138,71106,0
OCG.US,5,20251219,215500,0.1145,0.115,0.113,0.1137,176397,0
OCG.US,5,20251222,153000,0.117,0.117,0.1145,0.115,270610,0
OCG.US,5,20251222,153500,0.115,0.1151,0.1134,0.1144,399014,0
OCG.US,5,20251222,154000,0.1145,0.1145,0.11,0.1102,717426,0
OCG.US,5,20251222,154500,0.1105,0.1117,0.1102,0.1117,285248,0
OCG.US,5,20251222,155000,0.1115,0.113,0.1106,0.1109,295482,0
OCG.US,5,20251222,155500,0.1108,0.111,0.10845,0.1085,456153,0
OCG.US,5,20251222,160000,0.1086,0.11,0.1086,0.10975,135992,0
OCG.US,5,20251222,160500,0.1097,0.1137,0.1096,0.1115,133249,0
OCG.US,5,20251222,161000,0.1114,0.1116,0.1094,0.1107,215419,0
OCG.US,5,20251222,161500,0.11065,0.1137,0.1105,0.1121,205182,0
OCG.US,5,20251222,162000,0.1128,0.1131,0.111101,0.111851,255022,0
OCG.US,5,20251222,162500,0.111456,0.1121,0.1114,0.112,59371,0
OCG.US,5,20251222,163000,0.112,0.1122,0.1118,0.1121,70588,0
OCG.US,5,20251222,163500,0.1121,0.1129,0.1112,0.1123,319871,0
OCG.US,5,20251222,164000,0.1123,0.1127,0.1121,0.1122,97794,0
OCG.US,5,20251222,164500,0.1122,0.1125,0.112,0.1125,47315,0
OCG.US,5,20251222,165000,0.1125,0.1125,0.1086,0.1118,417228,0
OCG.US,5,20251222,165500,0.1118,0.116,0.1106,0.1142,455138,0
OCG.US,5,20251222,170000,0.1145,0.1145,0.1141,0.114451,74510,0
OCG.US,5,20251222,170500,0.114399,0.116,0.1143,0.1156,68559,0
OCG.US,5,20251222,171000,0.1157,0.116,0.111,0.1141,306896,0
OCG.US,5,20251222,171500,0.1138,0.1159,0.1135,0.11565,134395,0
OCG.US,5,20251222,172000,0.1157,0.1157,0.115,0.1152,119776,0
OCG.US,5,20251222,172500,0.1151,0.1152,0.1132,0.113901,184281,0
OCG.US,5,20251222,173000,0.114,0.114,0.1131,0.113253,59506,0
OCG.US,5,20251222,173500,0.1134,0.1136,0.1131,0.1131,56781,0
OCG.US,5,20251222,174000,0.113501,0.1144,0.1135,0.1142,49582,0
OCG.US,5,20251222,174500,0.113766,0.1142,0.1137,0.1137,31406,0
OCG.US,5,20251222,175000,0.114,0.1144,0.1137,0.1138,15674,0
OCG.US,5,20251222,175500,0.11425,0.1147,0.1138,0.1138,44409,0
OCG.US,5,20251222,180000,0.1137,0.1137,0.1117,0.1123,29927,0
OCG.US,5,20251222,180500,0.1122,0.1124,0.1103,0.1118,233377,0
OCG.US,5,20251222,181000,0.1118,0.1129,0.1117,0.112502,90961,0
OCG.US,5,20251222,181500,0.1123,0.1123,0.1119,0.1121,45730,0
OCG.US,5,20251222,182000,0.11215,0.1122,0.1117,0.111949,38980,0
OCG.US,5,20251222,182500,0.1118,0.1128,0.1113,0.1118,96970,0
OCG.US,5,20251222,183000,0.111961,0.1128,0.1117,0.1126,51225,0
OCG.US,5,20251222,183500,0.112701,0.112701,0.1126,0.112601,14057,0
OCG.US,5,20251222,184000,0.1126,0.1137,0.1117,0.1119,66062,0
OCG.US,5,20251222,184500,0.1122,0.1123,0.1119,0.1123,8050,0
OCG.US,5,20251222,185000,0.1123,0.1123,0.1117,0.1117,29991,0
OCG.US,5,20251222,185500,0.1117,0.1123,0.1117,0.1123,34622,0
OCG.US,5,20251222,190000,0.112,0.112,0.11,0.11,75521,0
OCG.US,5,20251222,190500,0.1103,0.1118,0.11,0.1113,26498,0
OCG.US,5,20251222,191000,0.110801,0.1113,0.1107,0.1112,33898,0
OCG.US,5,20251222,191500,0.111199,0.1199,0.1111,0.1148,178809,0
OCG.US,5,20251222,192000,0.1148,0.1149,0.1117,0.1124,68430,0
OCG.US,5,20251222,192500,0.1128,0.1136,0.1117,0.111826,111845,0
OCG.US,5,20251222,193000,0.112,0.1127,0.1104,0.111,150185,0
OCG.US,5,20251222,193500,0.1119,0.1127,0.1112,0.112501,70461,0
OCG.US,5,20251222,194000,0.11255,0.1126,0.1124,0.1125,21558,0
OCG.US,5,20251222,194500,0.112499,0.1125,0.1116,0.111999,53424,0
OCG.US,5,20251222,195000,0.1121,0.1121,0.112,0.112,54593,0
OCG.US,5,20251222,195500,0.112,0.1124,0.112,0.1121,96146,0
OCG.US,5,20251222,200000,0.112001,0.1124,0.112,0.1123,19653,0
OCG.US,5,20251222,200500,0.1123,0.1144,0.1123,0.1133,67312,0
OCG.US,5,20251222,201000,0.1132,0.1132,0.1123,0.1124,29256,0
OCG.US,5,20251222,201500,0.1124,0.1124,0.1123,0.1124,23604,0
OCG.US,5,20251222,202000,0.112301,0.1124,0.1123,0.1123,17876,0
OCG.US,5,20251222,202500,0.1124,0.1124,0.1123,0.1124,70545,0
OCG.US,5,20251222,203000,0.1124,0.1134,0.1123,0.1123,28738,0
OCG.US,5,20251222,203500,0.112386,0.1139,0.1123,0.1126,89647,0
OCG.US,5,20251222,204000,0.1125,0.1139,0.1125,0.1135,3832,0
OCG.US,5,20251222,204500,0.1135,0.114,0.1135,0.1136,10022,0
OCG.US,5,20251222,205000,0.11355,0.1139,0.1135,0.1137,17149,0
OCG.US,5,20251222,205500,0.1135,0.1136,0.1135,0.1136,40726,0
OCG.US,5,20251222,210000,0.1136,0.1136,0.1131,0.113101,36221,0
OCG.US,5,20251222,210500,0.1131,0.1132,0.1131,0.1132,23410,0
OCG.US,5,20251222,211000,0.1131,0.1132,0.1123,0.1131,57166,0
OCG.US,5,20251222,211500,0.1123,0.1129,0.1123,0.11265,24059,0
OCG.US,5,20251222,212000,0.1127,0.1135,0.1125,0.1135,47256,0
OCG.US,5,20251222,212500,0.1133,0.1135,0.1131,0.113101,6252,0
OCG.US,5,20251222,213000,0.1133,0.1135,0.108,0.1087,375493,0
OCG.US,5,20251222,213500,0.1088,0.1131,0.1088,0.1131,34732,0
OCG.US,5,20251222,214000,0.1131,0.116,0.111,0.111,173049,0
OCG.US,5,20251222,214500,0.111249,0.111251,0.1106,0.110879,57105,0
OCG.US,5,20251222,215000,0.1109,0.111,0.107,0.1099,262347,0
OCG.US,5,20251222,215500,0.1094,0.113,0.1094,0.112,241419,0
OCG.US,5,20251223,153000,0.1096,0.1104,0.1089,0.1093,219797,0
OCG.US,5,20251223,153500,0.109,0.110525,0.108,0.10815,196746,0
OCG.US,5,20251223,154000,0.1082,0.1082,0.1069,0.107203,175735,0
OCG.US,5,20251223,154500,0.107449,0.1077,0.1002,0.1023,374643,0
OCG.US,5,20251223,155000,0.1022,0.104899,0.1022,0.1036,391316,0
OCG.US,5,20251223,155500,0.1036,0.1062,0.1035,0.1061,118464,0
OCG.US,5,20251223,160000,0.1061,0.1061,0.1,0.1027,287821,0
OCG.US,5,20251223,160500,0.1024,0.1026,0.1002,0.1011,205136,0
OCG.US,5,20251223,161000,0.10105,0.1012,0.101,0.10115,121365,0
OCG.US,5,20251223,161500,0.10115,0.1012,0.1,0.100099,388210,0
OCG.US,5,20251223,162000,0.099251,0.10349,0.099251,0.1002,59664,0
OCG.US,5,20251223,162500,0.100299,0.102181,0.0979,0.0981,319727,0
OCG.US,5,20251223,163000,0.099,0.1071,0.0981,0.0995,542116,0
OCG.US,5,20251223,163500,0.0995,0.1015,0.0988,0.09895,369777,0
OCG.US,5,20251223,164000,0.099,0.0991,0.0985,0.0991,223100,0
OCG.US,5,20251223,164500,0.09905,0.101,0.09905,0.1002,148931,0
OCG.US,5,20251223,165000,0.100198,0.1071,0.100198,0.103,190367,0
OCG.US,5,20251223,165500,0.1023,0.1026,0.1005,0.1009,76161,0
OCG.US,5,20251223,170000,0.103,0.103,0.1005,0.1017,111499,0
OCG.US,5,20251223,170500,0.1017,0.1018,0.10095,0.10095,81367,0
OCG.US,5,20251223,171000,0.101,0.101,0.1005,0.1006,198071,0
OCG.US,5,20251223,171500,0.10055,0.1006,0.1003,0.1003,146799,0
OCG.US,5,20251223,172000,0.1004,0.1005,0.1001,0.1005,56732,0
OCG.US,5,20251223,172500,0.1004,0.1004,0.0997,0.0998,135441,0
OCG.US,5,20251223,173000,0.09975,0.0998,0.0994,0.0994,78114,0
OCG.US,5,20251223,173500,0.09945,0.0995,0.099,0.0991,175213,0
OCG.US,5,20251223,174000,0.099001,0.0991,0.099,0.099001,145109,0
OCG.US,5,20251223,174500,0.0991,0.0991,0.098,0.0981,445479,0
OCG.US,5,20251223,175000,0.0981,0.0991,0.098,0.0984,176397,0
OCG.US,5,20251223,175500,0.0988,0.0991,0.0985,0.0988,65927,0
OCG.US,5,20251223,180000,0.0988,0.0991,0.0988,0.0989,104348,0
OCG.US,5,20251223,180500,0.0989,0.0989,0.098,0.098583,92551,0
OCG.US,5,20251223,181000,0.0986,0.0987,0.0986,0.0987,75198,0
OCG.US,5,20251223,181500,0.09865,0.09865,0.0981,0.0982,158581,0
OCG.US,5,20251223,182000,0.0982,0.0982,0.0981,0.0982,85734,0
OCG.US,5,20251223,182500,0.0981,0.0982,0.098,0.09815,194559,0
OCG.US,5,20251223,183000,0.09815,0.0982,0.0981,0.09815,63431,0
OCG.US,5,20251223,183500,0.0982,0.0987,0.0981,0.0986,77046,0
OCG.US,5,20251223,184000,0.098401,0.0987,0.0984,0.098401,79802,0
OCG.US,5,20251223,184500,0.0985,0.0987,0.0983,0.0985,100650,0
OCG.US,5,20251223,185000,0.0985,0.0986,0.0984,0.0985,94932,0
OCG.US,5,20251223,185500,0.0985,0.0985,0.0984,0.0985,80449,0
OCG.US,5,20251223,190000,0.098487,0.0985,0.0984,0.0984,43900,0
OCG.US,5,20251223,190500,0.0985,0.0985,0.0984,0.09845,112351,0
OCG.US,5,20251223,191000,0.0985,0.0985,0.0983,0.0984,67809,0
OCG.US,5,20251223,191500,0.0984,0.0984,0.0982,0.0982,124644,0
OCG.US,5,20251223,192000,0.0983,0.0983,0.0981,0.0982,35772,0
OCG.US,5,20251223,192500,0.0982,0.0982,0.098,0.098001,78266,0
OCG.US,5,20251223,193000,0.0981,0.0981,0.098,0.09805,77467,0
OCG.US,5,20251223,193500,0.0981,0.0981,0.098,0.0981,89413,0
OCG.US,5,20251223,194000,0.09805,0.0981,0.098,0.0981,106802,0
OCG.US,5,20251223,194500,0.09805,0.0981,0.098,0.0981,115775,0
OCG.US,5,20251223,195000,0.09805,0.0991,0.09805,0.0991,105329,0
OCG.US,5,20251223,195500,0.0991,0.1004,0.09905,0.09995,109771,0
OCG.US,5,20251223,200000,0.1,0.1008,0.0999,0.1006,77567,0
OCG.US,5,20251223,200500,0.1005,0.1008,0.1005,0.1008,44245,0
OCG.US,5,20251223,201000,0.1008,0.1044,0.1007,0.1018,203332,0
OCG.US,5,20251223,201500,0.1015,0.1071,0.1011,0.1023,129599,0
OCG.US,5,20251223,202000,0.1019,0.1026,0.1007,0.1008,85859,0
OCG.US,5,20251223,202500,0.1008,0.1025,0.1008,0.1023,62725,0
OCG.US,5,20251223,203000,0.1023,0.1023,0.1009,0.101599,67432,0
OCG.US,5,20251223,203500,0.10135,0.1016,0.101,0.1015,64396,0
OCG.US,5,20251223,204000,0.1012,0.1018,0.1012,0.1018,30451,0
OCG.US,5,20251223,204500,0.1018,0.1018,0.1013,0.1014,22600,0
OCG.US,5,20251223,205000,0.1014,0.1016,0.1012,0.10135,94796,0
OCG.US,5,20251223,205500,0.1014,0.1014,0.1013,0.101301,20425,0
OCG.US,5,20251223,210000,0.1013,0.1014,0.1013,0.1014,21739,0
OCG.US,5,20251223,210500,0.10135,0.1014,0.1013,0.10135,5889,0
OCG.US,5,20251223,211000,0.1013,0.1014,0.1011,0.1012,99136,0
OCG.US,5,20251223,211500,0.101102,0.1012,0.1011,0.101151,21694,0
OCG.US,5,20251223,212000,0.101101,0.1012,0.1011,0.1011,18919,0
OCG.US,5,20251223,212500,0.1011,0.1012,0.10085,0.1012,46497,0
OCG.US,5,20251223,213000,0.101199,0.1013,0.1008,0.1008,21343,0
OCG.US,5,20251223,213500,0.1008,0.1012,0.1008,0.1009,17903,0
OCG.US,5,20251223,214000,0.1009,0.101,0.1001,0.1009,84607,0
OCG.US,5,20251223,214500,0.1009,0.1009,0.1001,0.10029,57751,0
OCG.US,5,20251223,215000,0.100199,0.1004,0.0999,0.1003,113630,0
OCG.US,5,20251223,215500,0.1002,0.1054,0.1001,0.1054,131226,0
OCG.US,5,20251224,153000,0.1,0.1028,0.0998,0.1021,372550,0
OCG.US,5,20251224,153500,0.102,0.1021,0.1003,0.1005,120126,0
OCG.US,5,20251224,154000,0.1005,0.1017,0.09995,0.101001,137469,0
OCG.US,5,20251224,154500,0.1009,0.1017,0.0991,0.101,251311,0
OCG.US,5,20251224,155000,0.0999,0.101,0.0999,0.1007,185347,0
OCG.US,5,20251224,155500,0.1006,0.1016,0.1005,0.101201,106258,0
OCG.US,5,20251224,160000,0.1012,0.1013,0.1011,0.1012,27321,0
OCG.US,5,20251224,160500,0.1012,0.1012,0.1011,0.1012,30875,0
OCG.US,5,20251224,161000,0.1011,0.1012,0.1,0.100001,142335,0
OCG.US,5,20251224,161500,0.1001,0.1009,0.1,0.1007,71878,0
OCG.US,5,20251224,162000,0.1008,0.1008,0.099,0.1005,428417,0
OCG.US,5,20251224,162500,0.100187,0.100187,0.0992,0.099699,43663,0
OCG.US,5,20251224,163000,0.0992,0.0996,0.099,0.0992,128725,0
OCG.US,5,20251224,163500,0.0991,0.0991,0.0985,0.0985,82467,0
OCG.US,5,20251224,164000,0.0985,0.0986,0.0985,0.098587,159534,0
OCG.US,5,20251224,164500,0.0986,0.0986,0.0984,0.0985,157204,0
OCG.US,5,20251224,165000,0.098487,0.0988,0.0984,0.098601,44895,0
OCG.US,5,20251224,165500,0.0987,0.0987,0.0985,0.098501,61826,0
OCG.US,5,20251224,170000,0.0986,0.0988,0.0985,0.0985,240845,0
OCG.US,5,20251224,170500,0.0986,0.0986,0.0985,0.0985,49886,0
OCG.US,5,20251224,171000,0.0984,0.0985,0.0983,0.0984,66640,0
OCG.US,5,20251224,171500,0.0984,0.0998,0.0983,0.0983,129796,0
OCG.US,5,20251224,172000,0.09835,0.0984,0.0981,0.0981,35108,0
OCG.US,5,20251224,172500,0.098101,0.0982,0.0981,0.0981,170484,0
OCG.US,5,20251224,173000,0.0981,0.0982,0.098,0.098076,108137,0
OCG.US,5,20251224,173500,0.098099,0.0981,0.097901,0.09795,51411,0
OCG.US,5,20251224,174000,0.0979,0.098,0.081,0.0925,682489,0
OCG.US,5,20251224,174500,0.0929,0.0952,0.0925,0.09515,503943,0
OCG.US,5,20251224,175000,0.0952,0.0952,0.0943,0.0944,235551,0
OCG.US,5,20251224,175500,0.094301,0.0944,0.0938,0.094,100326,0
OCG.US,5,20251224,180000,0.094,0.094,0.091,0.0922,326457,0
OCG.US,5,20251224,180500,0.0923,0.0929,0.0913,0.0929,186568,0
OCG.US,5,20251224,181000,0.092799,0.0929,0.0911,0.0921,164239,0
OCG.US,5,20251224,181500,0.0923,0.0924,0.09,0.092199,170371,0
OCG.US,5,20251224,182000,0.0907,0.0919,0.0907,0.0918,171656,0
OCG.US,5,20251224,182500,0.0915,0.092,0.085,0.0873,718094,0
OCG.US,5,20251224,183000,0.088,0.0893,0.0859,0.089199,248714,0
OCG.US,5,20251224,183500,0.0889,0.0892,0.0863,0.088799,454859,0
OCG.US,5,20251224,184000,0.0877,0.0886,0.085,0.0875,432069,0
OCG.US,5,20251224,184500,0.0874,0.0921,0.087,0.089,308659,0
OCG.US,5,20251224,185000,0.0889,0.0921,0.088801,0.0921,342920,0
OCG.US,5,20251224,185500,0.0906,0.0943,0.0906,0.0943,155868,0
OCG.US,5,20251224,190000,0.0965,0.0966,0.0911,0.0911,11371,0
OCG.US,5,20251226,153000,0.0958,0.0958,0.093,0.0938,108646,0
OCG.US,5,20251226,153500,0.0935,0.0937,0.0916,0.0916,147666,0
OCG.US,5,20251226,154000,0.0918,0.0919,0.0911,0.0916,115799,0
OCG.US,5,20251226,154500,0.0916,0.0916,0.0892,0.0893,102104,0
OCG.US,5,20251226,155000,0.0896,0.0897,0.0892,0.08955,147221,0
OCG.US,5,20251226,155500,0.0896,0.0915,0.0896,0.0908,294174,0
OCG.US,5,20251226,160000,0.091,0.091,0.0896,0.089651,95260,0
OCG.US,5,20251226,160500,0.0897,0.0897,0.0893,0.0893,119406,0
OCG.US,5,20251226,161000,0.0893,0.0893,0.087,0.0873,160650,0
OCG.US,5,20251226,161500,0.0872,0.0892,0.0872,0.0883,208398,0
OCG.US,5,20251226,162000,0.0882,0.0884,0.0872,0.088299,112643,0
OCG.US,5,20251226,162500,0.0883,0.0887,0.0881,0.0885,65128,0
OCG.US,5,20251226,163000,0.0885,0.0893,0.0885,0.08915,124137,0
OCG.US,5,20251226,163500,0.0892,0.0899,0.0892,0.0899,123053,0
OCG.US,5,20251226,164000,0.09,0.09,0.0899,0.09,75922,0
OCG.US,5,20251226,164500,0.089986,0.09,0.0877,0.0886,268603,0
OCG.US,5,20251226,165000,0.088,0.0886,0.0879,0.0885,126412,0
OCG.US,5,20251226,165500,0.088251,0.0899,0.088251,0.089049,69480,0
OCG.US,5,20251226,170000,0.0891,0.09,0.0891,0.0897,78140,0
OCG.US,5,20251226,170500,0.0898,0.0905,0.0897,0.09,62643,0
OCG.US,5,20251226,171000,0.0905,0.0905,0.0875,0.09,75677,0
OCG.US,5,20251226,171500,0.0898,0.09005,0.0876,0.0877,142028,0
OCG.US,5,20251226,172000,0.088963,0.088963,0.0877,0.0881,67510,0
OCG.US,5,20251226,172500,0.08815,0.0882,0.0881,0.0882,30329,0
OCG.US,5,20251226,173000,0.0882,0.0886,0.0881,0.0882,29202,0
OCG.US,5,20251226,173500,0.088201,0.0884,0.087,0.0878,123925,0
OCG.US,5,20251226,174000,0.087965,0.0884,0.0879,0.088,15042,0
OCG.US,5,20251226,174500,0.0879,0.0881,0.0879,0.0881,63394,0
OCG.US,5,20251226,175000,0.08805,0.0881,0.088,0.0881,33424,0
OCG.US,5,20251226,175500,0.0881,0.0882,0.088,0.088001,35697,0
OCG.US,5,20251226,180000,0.0881,0.0881,0.0875,0.0879,54884,0
OCG.US,5,20251226,180500,0.0879,0.0881,0.087815,0.08805,42611,0
OCG.US,5,20251226,181000,0.088,0.0881,0.088,0.088,21021,0
OCG.US,5,20251226,181500,0.088,0.0881,0.088,0.0881,25506,0
OCG.US,5,20251226,182000,0.08805,0.0881,0.088,0.0881,77402,0
OCG.US,5,20251226,182500,0.088,0.0881,0.088,0.0881,15020,0
OCG.US,5,20251226,183000,0.088,0.0881,0.088,0.088049,39545,0
OCG.US,5,20251226,183500,0.088001,0.08805,0.0875,0.0879,60902,0
OCG.US,5,20251226,184000,0.0879,0.0879,0.0865,0.087499,104195,0
OCG.US,5,20251226,184500,0.08743,0.0877,0.0856,0.0857,256586,0
OCG.US,5,20251226,185000,0.0856,0.0859,0.0843,0.0845,189019,0
OCG.US,5,20251226,185500,0.0845,0.085,0.0843,0.084901,116650,0
OCG.US,5,20251226,190000,0.0849,0.085,0.0845,0.0846,157274,0
OCG.US,5,20251226,190500,0.0845,0.086,0.0845,0.08595,147907,0
OCG.US,5,20251226,191000,0.086,0.086,0.0858,0.085801,148183,0
OCG.US,5,20251226,191500,0.0859,0.086,0.0858,0.0859,83003,0
OCG.US,5,20251226,192000,0.0859,0.088,0.0859,0.088,75229,0
OCG.US,5,20251226,192500,0.0879,0.0879,0.087,0.087401,11613,0
OCG.US,5,20251226,193000,0.087604,0.0878,0.087,0.0871,15505,0
OCG.US,5,20251226,193500,0.087401,0.0878,0.0874,0.0876,11335,0
OCG.US,5,20251226,194000,0.0877,0.0877,0.0846,0.0863,70302,0
OCG.US,5,20251226,194500,0.0851,0.0868,0.0851,0.0868,14830,0
OCG.US,5,20251226,195000,0.0869,0.0873,0.0869,0.0872,14340,0
OCG.US,5,20251226,195500,0.0871,0.0871,0.0869,0.087,27265,0
OCG.US,5,20251226,200000,0.087,0.0877,0.087,0.087298,83444,0
OCG.US,5,20251226,200500,0.0873,0.0873,0.0872,0.0873,41761,0
OCG.US,5,20251226,201000,0.0873,0.0873,0.0859,0.0868,66244,0
OCG.US,5,20251226,201500,0.0869,0.0869,0.085,0.0852,171003,0
OCG.US,5,20251226,202000,0.0851,0.0867,0.085,0.0867,24021,0
OCG.US,5,20251226,202500,0.0858,0.0865,0.0855,0.0857,33880,0
OCG.US,5,20251226,203000,0.086,0.0865,0.0856,0.0856,47111,0
OCG.US,5,20251226,203500,0.0856,0.0863,0.0852,0.0862,70839,0
OCG.US,5,20251226,204000,0.086,0.088,0.0855,0.0866,35355,0
OCG.US,5,20251226,204500,0.0856,0.0865,0.085,0.086,28077,0
OCG.US,5,20251226,205000,0.0864,0.0864,0.0853,0.0857,9344,0
OCG.US,5,20251226,205500,0.0858,0.0858,0.085,0.0852,56734,0
OCG.US,5,20251226,210000,0.08515,0.0852,0.0851,0.0852,69968,0
OCG.US,5,20251226,210500,0.0852,0.0852,0.085,0.0851,92775,0
OCG.US,5,20251226,211000,0.085,0.0851,0.0846,0.0849,132552,0
OCG.US,5,20251226,211500,0.0847,0.0848,0.0811,0.0826,337245,0
OCG.US,5,20251226,212000,0.081999,0.0825,0.0816,0.0821,122965,0
OCG.US,5,20251226,212500,0.0821,0.0834,0.081,0.082,440196,0
OCG.US,5,20251226,213000,0.0824,0.0838,0.0819,0.0837,81723,0
OCG.US,5,20251226,213500,0.083601,0.08365,0.083,0.083351,70859,0
OCG.US,5,20251226,214000,0.0834,0.0839,0.0834,0.0838,34031,0
OCG.US,5,20251226,214500,0.0839,0.0865,0.0838,0.0863,108224,0
OCG.US,5,20251226,215000,0.0863,0.0863,0.0822,0.0859,169192,0
OCG.US,5,20251226,215500,0.086,0.0863,0.0858,0.086,102289,0
OCG.US,5,20251229,153000,0.0798,0.0798,0.0763,0.077699,695781,0
OCG.US,5,20251229,153500,0.0777,0.0789,0.0756,0.0774,637265,0
OCG.US,5,20251229,154000,0.077291,0.078,0.0764,0.0777,117059,0
OCG.US,5,20251229,154500,0.0777,0.07995,0.0777,0.079501,311054,0
OCG.US,5,20251229,155000,0.0798,0.0829,0.0773,0.0819,309251,0
OCG.US,5,20251229,155500,0.0818,0.0818,0.078,0.079,217950,0
OCG.US,5,20251229,160000,0.0786,0.0811,0.0782,0.078701,205118,0
OCG.US,5,20251229,160500,0.079,0.0811,0.0786,0.0805,76739,0
OCG.US,5,20251229,161000,0.0805,0.08065,0.0785,0.079,134584,0
OCG.US,5,20251229,161500,0.0794,0.0795,0.0763,0.0783,299571,0
OCG.US,5,20251229,162000,0.078749,0.0795,0.0768,0.0772,444280,0
OCG.US,5,20251229,162500,0.0772,0.0798,0.0765,0.07775,190127,0
OCG.US,5,20251229,163000,0.07715,0.0777,0.0771,0.07765,80662,0
OCG.US,5,20251229,163500,0.0777,0.0777,0.0776,0.0776,149394,0
OCG.US,5,20251229,164000,0.0776,0.08,0.0776,0.08,186887,0
OCG.US,5,20251229,164500,0.0799,0.08,0.0799,0.0799,173587,0
OCG.US,5,20251229,165000,0.08,0.0802,0.0799,0.0802,57245,0
OCG.US,5,20251229,165500,0.080116,0.0802,0.079,0.0795,155349,0
OCG.US,5,20251229,170000,0.0796,0.0796,0.0781,0.0795,230472,0
OCG.US,5,20251229,170500,0.0794,0.0795,0.0778,0.0784,36099,0
OCG.US,5,20251229,171000,0.0795,0.08,0.0775,0.0789,134981,0
OCG.US,5,20251229,171500,0.0775,0.080199,0.0775,0.078886,27668,0
OCG.US,5,20251229,172000,0.0788,0.0801,0.0788,0.0794,13104,0
OCG.US,5,20251229,172500,0.0791,0.0791,0.078,0.0782,47538,0
OCG.US,5,20251229,173000,0.0782,0.0788,0.0776,0.0777,31387,0
OCG.US,5,20251229,173500,0.0779,0.0788,0.0776,0.0786,39854,0
OCG.US,5,20251229,174000,0.0784,0.078792,0.0773,0.078,37590,0
OCG.US,5,20251229,174500,0.0779,0.0779,0.076,0.0763,421591,0
OCG.US,5,20251229,175000,0.077099,0.0771,0.0728,0.075,262149,0
OCG.US,5,20251229,175500,0.075,0.0766,0.075,0.0763,112032,0
OCG.US,5,20251229,180000,0.0762,0.0762,0.0758,0.0761,36382,0
OCG.US,5,20251229,180500,0.0761,0.0761,0.0751,0.0759,46700,0
OCG.US,5,20251229,181000,0.0759,0.0759,0.075,0.0753,42503,0
OCG.US,5,20251229,181500,0.0753,0.0765,0.075,0.076,192481,0
OCG.US,5,20251229,182000,0.076,0.0761,0.07595,0.076,31256,0
OCG.US,5,20251229,182500,0.0761,0.0761,0.076,0.0761,32488,0
OCG.US,5,20251229,183000,0.076,0.0761,0.076,0.076,28793,0
OCG.US,5,20251229,183500,0.07605,0.0761,0.076,0.076072,15453,0
OCG.US,5,20251229,184000,0.0761,0.0761,0.076,0.0761,5086,0
OCG.US,5,20251229,184500,0.0761,0.0761,0.076,0.07605,11784,0
OCG.US,5,20251229,185000,0.0761,0.076417,0.076,0.076417,5456,0
OCG.US,5,20251229,185500,0.0766,0.0771,0.076598,0.0771,20977,0
OCG.US,5,20251229,190000,0.07705,0.0771,0.077,0.077,26930,0
OCG.US,5,20251229,190500,0.077,0.0771,0.0769,0.077099,19435,0
OCG.US,5,20251229,191000,0.0771,0.0771,0.077,0.077,13763,0
OCG.US,5,20251229,191500,0.077,0.0771,0.077,0.07705,20236,0
OCG.US,5,20251229,192000,0.077,0.0786,0.077,0.0786,352539,0
OCG.US,5,20251229,192500,0.0786,0.0786,0.0785,0.0785,16534,0
OCG.US,5,20251229,193000,0.07855,0.0786,0.078549,0.0786,36222,0
OCG.US,5,20251229,193500,0.078509,0.079,0.0785,0.0789,74305,0
OCG.US,5,20251229,194000,0.078984,0.079,0.0789,0.0789,13061,0
OCG.US,5,20251229,194500,0.0789,0.0796,0.0789,0.07958,21667,0
OCG.US,5,20251229,195000,0.0796,0.08,0.07955,0.08,28162,0
OCG.US,5,20251229,195500,0.07995,0.08,0.0799,0.0799,30008,0
OCG.US,5,20251229,200000,0.0799,0.0802,0.0794,0.0802,42677,0
OCG.US,5,20251229,200500,0.080101,0.0804,0.0798,0.0804,176613,0
OCG.US,5,20251229,201000,0.08039,0.0824,0.08035,0.082,226962,0
OCG.US,5,20251229,201500,0.082,0.0832,0.0819,0.0826,259842,0
OCG.US,5,20251229,202000,0.082,0.0829,0.0801,0.0801,198778,0
OCG.US,5,20251229,202500,0.080201,0.082,0.080201,0.0819,25213,0
OCG.US,5,20251229,203000,0.08125,0.082,0.0806,0.082,59603,0
OCG.US,5,20251229,203500,0.082,0.0828,0.0807,0.082,195243,0
OCG.US,5,20251229,204000,0.0816,0.0816,0.0808,0.0812,8528,0
OCG.US,5,20251229,204500,0.0811,0.082,0.0811,0.082,16738,0
OCG.US,5,20251229,205000,0.0819,0.0819,0.0805,0.0805,74798,0
OCG.US,5,20251229,205500,0.0814,0.0816,0.0801,0.0816,49624,0
OCG.US,5,20251229,210000,0.081599,0.0816,0.0814,0.0814,30809,0
OCG.US,5,20251229,210500,0.0813,0.0814,0.0813,0.081377,61964,0
OCG.US,5,20251229,211000,0.08135,0.0814,0.08,0.0813,31469,0
OCG.US,5,20251229,211500,0.0814,0.0814,0.0805,0.0806,84066,0
OCG.US,5,20251229,212000,0.0806,0.082,0.08,0.0805,192253,0
OCG.US,5,20251229,212500,0.080201,0.081047,0.080201,0.0806,15411,0
OCG.US,5,20251229,213000,0.0806,0.081,0.0805,0.0809,109549,0
OCG.US,5,20251229,213500,0.081,0.081,0.0809,0.0809,40957,0
OCG.US,5,20251229,214000,0.081,0.081,0.081,0.081,2100,0
OCG.US,5,20251229,214500,0.0809,0.081,0.0809,0.0809,27559,0
OCG.US,5,20251229,215000,0.0809,0.0812,0.0809,0.0812,42307,0
OCG.US,5,20251229,215500,0.0813,0.0832,0.0813,0.0831,143872,0
OCG.US,5,20251230,153000,0.09,0.1012,0.089,0.1,2228381,0
OCG.US,5,20251230,153500,0.1012,0.11959,0.0991,0.1175,9578608,0
OCG.US,5,20251230,154000,0.1159,0.1258,0.114,0.115149,13783142,0
OCG.US,5,20251230,154500,0.1151,0.1152,0.1011,0.1021,7315790,0
OCG.US,5,20251230,155000,0.1022,0.1035,0.095,0.1019,5587517,0
OCG.US,5,20251230,155500,0.102,0.1138,0.1013,0.1116,5539398,0
OCG.US,5,20251230,160000,0.1116,0.1179,0.1061,0.1133,5739531,0
OCG.US,5,20251230,160500,0.1133,0.1395,0.1101,0.13,20887324,0
OCG.US,5,20251230,161000,0.13,0.1435,0.1298,0.1426,22775492,0
OCG.US,5,20251230,161500,0.1427,0.1427,0.127,0.138,17694914,0
OCG.US,5,20251230,162000,0.138,0.138,0.1263,0.1326,9852910,0
OCG.US,5,20251230,162500,0.1324,0.143,0.1275,0.134,13130767,0
OCG.US,5,20251230,163000,0.1342,0.1551,0.133,0.1511,25507752,0
OCG.US,5,20251230,163500,0.151,0.1639,0.1455,0.1514,22086761,0
OCG.US,5,20251230,164000,0.1514,0.1556,0.1476,0.14775,10984131,0
OCG.US,5,20251230,164500,0.14775,0.1479,0.1329,0.1391,16475355,0
OCG.US,5,20251230,165000,0.139,0.1458,0.1388,0.1401,8327073,0
OCG.US,5,20251230,165500,0.14,0.142,0.133,0.1383,6287843,0
OCG.US,5,20251230,170000,0.1384,0.1396,0.129,0.1294,5553611,0
OCG.US,5,20251230,170500,0.129,0.13919,0.1184,0.11985,13911695,0
OCG.US,5,20251230,171000,0.1199,0.1209,0.1093,0.1119,11297646,0
OCG.US,5,20251230,171500,0.11185,0.1136,0.1033,0.108,8240668,0
OCG.US,5,20251230,172000,0.107914,0.1125,0.107,0.1098,5470510,0
OCG.US,5,20251230,172500,0.1107,0.1115,0.1014,0.1014,4902361,0
OCG.US,5,20251230,173000,0.103,0.103,0.0936,0.0998,10383753,0
OCG.US,5,20251230,173500,0.1,0.1056,0.1,0.1053,4639122,0
OCG.US,5,20251230,174000,0.1052,0.1062,0.1019,0.1058,4312996,0
OCG.US,5,20251230,174500,0.1064,0.1068,0.0956,0.098,3980412,0
OCG.US,5,20251230,175000,0.0978,0.1026,0.0977,0.101249,1719059,0
OCG.US,5,20251230,175500,0.1011,0.103,0.1005,0.1009,1316548,0
OCG.US,5,20251230,180000,0.10095,0.101,0.0979,0.09935,1398548,0
OCG.US,5,20251230,180500,0.0994,0.1004,0.0984,0.0985,963755,0
OCG.US,5,20251230,181000,0.0987,0.0987,0.0943,0.09625,1216172,0
OCG.US,5,20251230,181500,0.0962,0.104,0.0949,0.1012,1402663,0
OCG.US,5,20251230,182000,0.1012,0.105,0.1,0.1045,2421863,0
OCG.US,5,20251230,182500,0.1045,0.1046,0.1012,0.1025,909489,0
OCG.US,5,20251230,183000,0.1022,0.1047,0.1013,0.1013,932947,0
OCG.US,5,20251230,183500,0.1014,0.1045,0.1012,0.1042,1627467,0
OCG.US,5,20251230,184000,0.1043,0.1086,0.1038,0.1063,2716822,0
OCG.US,5,20251230,184500,0.106,0.1074,0.1026,0.1063,1280350,0
OCG.US,5,20251230,185000,0.10625,0.108,0.104,0.1077,1061867,0
OCG.US,5,20251230,185500,0.107698,0.1077,0.1054,0.1062,865306,0
OCG.US,5,20251230,190000,0.1063,0.1064,0.1037,0.1046,964849,0
OCG.US,5,20251230,190500,0.1045,0.1045,0.1026,0.103,842162,0
OCG.US,5,20251230,191000,0.103,0.1031,0.1026,0.1026,496978,0
OCG.US,5,20251230,191500,0.1026,0.1027,0.0977,0.0984,1678899,0
OCG.US,5,20251230,192000,0.0981,0.102738,0.098,0.1013,445622,0
OCG.US,5,20251230,192500,0.1016,0.1026,0.0999,0.1005,596619,0
OCG.US,5,20251230,193000,0.1005,0.10145,0.1002,0.1013,298950,0
OCG.US,5,20251230,193500,0.1013,0.1013,0.0998,0.0998,419669,0
OCG.US,5,20251230,194000,0.099899,0.1025,0.0983,0.1024,675207,0
OCG.US,5,20251230,194500,0.1025,0.1045,0.102,0.103,768063,0
OCG.US,5,20251230,195000,0.1032,0.1033,0.1015,0.102,382249,0
OCG.US,5,20251230,195500,0.102001,0.1038,0.102,0.10291,358783,0
OCG.US,5,20251230,200000,0.1033,0.1068,0.1026,0.1026,920017,0
OCG.US,5,20251230,200500,0.1038,0.1043,0.1023,0.1038,1473721,0
OCG.US,5,20251230,201000,0.1039,0.1047,0.1029,0.10375,321663,0
OCG.US,5,20251230,201500,0.1037,0.1038,0.1001,0.1018,355691,0
OCG.US,5,20251230,202000,0.1018,0.1037,0.1017,0.102,274982,0
OCG.US,5,20251230,202500,0.1018,0.1026,0.1017,0.1023,162191,0
OCG.US,5,20251230,203000,0.10225,0.1046,0.1018,0.1043,577504,0
OCG.US,5,20251230,203500,0.1043,0.1043,0.1042,0.1042,422583,0
OCG.US,5,20251230,204000,0.1042,0.105,0.1042,0.1042,532294,0
OCG.US,5,20251230,204500,0.1042,0.1043,0.1042,0.1043,170832,0
OCG.US,5,20251230,205000,0.1043,0.1046,0.1041,0.1041,525350,0
OCG.US,5,20251230,205500,0.1042,0.1042,0.1041,0.1042,333826,0
OCG.US,5,20251230,210000,0.10415,0.1042,0.0956,0.0999,1397165,0
OCG.US,5,20251230,210500,0.0991,0.1018,0.0987,0.1001,913072,0
OCG.US,5,20251230,211000,0.1002,0.1002,0.0966,0.0975,719749,0
OCG.US,5,20251230,211500,0.09771,0.0983,0.0969,0.0978,385919,0
OCG.US,5,20251230,212000,0.0976,0.0987,0.0967,0.0986,564552,0
OCG.US,5,20251230,212500,0.0986,0.1005,0.0986,0.1002,567341,0
OCG.US,5,20251230,213000,0.1002,0.1006,0.0991,0.1006,400088,0
OCG.US,5,20251230,213500,0.1006,0.1006,0.1005,0.1006,233299,0
OCG.US,5,20251230,214000,0.1006,0.1024,0.1004,0.1011,600406,0
OCG.US,5,20251230,214500,0.1015,0.1019,0.1009,0.1017,191486,0
OCG.US,5,20251230,215000,0.1017,0.1017,0.1,0.10045,453406,0
OCG.US,5,20251230,215500,0.1008,0.108,0.1008,0.1022,1186562,0
OCG.US,5,20251231,153000,0.1058,0.1067,0.1022,0.1034,1259982,0
OCG.US,5,20251231,153500,0.1034,0.1059,0.1033,0.1054,904932,0
OCG.US,5,20251231,154000,0.1054,0.1075,0.1053,0.1071,860366,0
OCG.US,5,20251231,154500,0.1071,0.11,0.1071,0.1085,1230045,0
OCG.US,5,20251231,155000,0.1085,0.1085,0.106,0.1072,1198700,0
OCG.US,5,20251231,155500,0.1072,0.1081,0.1062,0.1067,251265,0
OCG.US,5,20251231,160000,0.1066,0.1069,0.1025,0.1026,659990,0
OCG.US,5,20251231,160500,0.1026,0.106,0.1011,0.1032,1266497,0
OCG.US,5,20251231,161000,0.1033,0.104,0.1,0.1002,610400,0
OCG.US,5,20251231,161500,0.1002,0.1003,0.0966,0.09665,1010827,0
OCG.US,5,20251231,162000,0.096687,0.1002,0.0966,0.0994,566978,0
OCG.US,5,20251231,162500,0.0993,0.1,0.0976,0.0979,297419,0
OCG.US,5,20251231,163000,0.0978,0.0978,0.0971,0.0975,333438,0
OCG.US,5,20251231,163500,0.0974,0.0975,0.094,0.0953,563456,0
OCG.US,5,20251231,164000,0.094,0.0965,0.0939,0.0955,758635,0
OCG.US,5,20251231,164500,0.0955,0.0956,0.0934,0.0936,343927,0
OCG.US,5,20251231,165000,0.0934,0.0946,0.09,0.0939,1121355,0
OCG.US,5,20251231,165500,0.0939,0.0947,0.0919,0.093,385256,0
OCG.US,5,20251231,170000,0.093,0.093,0.091,0.091149,504541,0
OCG.US,5,20251231,170500,0.091149,0.0919,0.08965,0.0914,507683,0
OCG.US,5,20251231,171000,0.0914,0.092699,0.0913,0.091901,381457,0
OCG.US,5,20251231,171500,0.092,0.0927,0.0919,0.09255,204051,0
OCG.US,5,20251231,172000,0.0926,0.0926,0.0917,0.0917,111910,0
OCG.US,5,20251231,172500,0.0918,0.0925,0.0917,0.0923,94621,0
OCG.US,5,20251231,173000,0.0923,0.0941,0.09225,0.094,227518,0
OCG.US,5,20251231,173500,0.094,0.094,0.0936,0.0936,180771,0
OCG.US,5,20251231,174000,0.0937,0.0937,0.0933,0.0934,64721,0
OCG.US,5,20251231,174500,0.0934,0.0937,0.0922,0.0935,158056,0
OCG.US,5,20251231,175000,0.0935,0.0937,0.0935,0.0936,60508,0
OCG.US,5,20251231,175500,0.0936,0.0937,0.0935,0.0937,52392,0
OCG.US,5,20251231,180000,0.0935,0.0936,0.0935,0.09355,200372,0
OCG.US,5,20251231,180500,0.0936,0.0936,0.0931,0.0931,133998,0
OCG.US,5,20251231,181000,0.0931,0.0932,0.0931,0.0931,71375,0
OCG.US,5,20251231,181500,0.0932,0.0955,0.0932,0.0952,345027,0
OCG.US,5,20251231,182000,0.0955,0.0964,0.095,0.096,178864,0
OCG.US,5,20251231,182500,0.096,0.0961,0.096,0.096099,67372,0
OCG.US,5,20251231,183000,0.0961,0.0961,0.0957,0.0959,75041,0
OCG.US,5,20251231,183500,0.0959,0.0959,0.095,0.095,130909,0
OCG.US,5,20251231,184000,0.09501,0.0951,0.095,0.0951,114055,0
OCG.US,5,20251231,184500,0.0951,0.0955,0.095,0.0952,62742,0
OCG.US,5,20251231,185000,0.0952,0.0952,0.095,0.095,190995,0
OCG.US,5,20251231,185500,0.0951,0.0951,0.095,0.0951,162343,0
OCG.US,5,20251231,190000,0.095049,0.0951,0.095,0.0951,99820,0
OCG.US,5,20251231,190500,0.0951,0.0951,0.095,0.0951,35208,0
OCG.US,5,20251231,191000,0.0951,0.0965,0.095,0.0964,294509,0
OCG.US,5,20251231,191500,0.0965,0.0965,0.0964,0.0964,50472,0
OCG.US,5,20251231,192000,0.0965,0.0965,0.0961,0.0962,57375,0
OCG.US,5,20251231,192500,0.0962,0.0963,0.0961,0.0963,67524,0
OCG.US,5,20251231,193000,0.0962,0.0962,0.096,0.096,35606,0
OCG.US,5,20251231,193500,0.0961,0.0961,0.0959,0.096,106321,0
OCG.US,5,20251231,194000,0.096,0.096,0.0959,0.0959,57038,0
OCG.US,5,20251231,194500,0.096,0.096,0.095,0.095,127800,0
OCG.US,5,20251231,195000,0.095,0.0951,0.095,0.0951,109789,0
OCG.US,5,20251231,195500,0.0951,0.0951,0.095,0.095049,9721,0
OCG.US,5,20251231,200000,0.0951,0.0975,0.095,0.0973,187260,0
OCG.US,5,20251231,200500,0.0974,0.0988,0.0974,0.0988,88472,0
OCG.US,5,20251231,201000,0.09875,0.0988,0.0963,0.0968,125841,0
OCG.US,5,20251231,201500,0.0968,0.0969,0.0965,0.0965,25953,0
OCG.US,5,20251231,202000,0.09655,0.0966,0.0951,0.0955,131035,0
OCG.US,5,20251231,202500,0.095539,0.0958,0.0951,0.095274,110312,0
OCG.US,5,20251231,203000,0.0952,0.0953,0.0951,0.0953,219843,0
OCG.US,5,20251231,203500,0.0953,0.0953,0.0951,0.0952,98232,0
OCG.US,5,20251231,204000,0.0951,0.0952,0.0951,0.0952,110272,0
OCG.US,5,20251231,204500,0.0952,0.0952,0.0951,0.0952,18933,0
OCG.US,5,20251231,205000,0.0951,0.0952,0.0951,0.0952,73977,0
OCG.US,5,20251231,205500,0.09515,0.0952,0.095,0.095,74900,0
OCG.US,5,20251231,210000,0.0951,0.0951,0.095,0.09505,14404,0
OCG.US,5,20251231,210500,0.095,0.0951,0.095,0.0951,128325,0
OCG.US,5,20251231,211000,0.0951,0.0951,0.095,0.0951,61174,0
OCG.US,5,20251231,211500,0.095051,0.0951,0.095,0.095,16466,0
OCG.US,5,20251231,212000,0.09505,0.0951,0.095,0.095084,159800,0
OCG.US,5,20251231,212500,0.0951,0.0951,0.095,0.0951,116732,0
OCG.US,5,20251231,213000,0.095,0.0951,0.095,0.095,46951,0
OCG.US,5,20251231,213500,0.095,0.0951,0.095,0.0951,117258,0
OCG.US,5,20251231,214000,0.0951,0.0951,0.0936,0.0936,126311,0
OCG.US,5,20251231,214500,0.0936,0.0936,0.0917,0.0918,235233,0
OCG.US,5,20251231,215000,0.0918,0.0918,0.0906,0.0908,229059,0
OCG.US,5,20251231,215500,0.0908,0.0935,0.0908,0.093,164264,0
OCG.US,5,20260102,153000,0.1005,0.1008,0.096,0.096,532564,0
OCG.US,5,20260102,153500,0.0966,0.1031,0.0961,0.0989,647188,0
OCG.US,5,20260102,154000,0.0983,0.0989,0.095,0.0983,527129,0
OCG.US,5,20260102,154500,0.0982,0.0983,0.0965,0.0965,151544,0
OCG.US,5,20260102,155000,0.0965,0.0979,0.0964,0.0977,185203,0
OCG.US,5,20260102,155500,0.0978,0.098,0.0962,0.0968,209675,0
OCG.US,5,20260102,160000,0.0968,0.0973,0.0963,0.0965,212164,0
OCG.US,5,20260102,160500,0.0965,0.0965,0.0962,0.09625,220500,0
OCG.US,5,20260102,161000,0.0963,0.0965,0.0962,0.0963,175677,0
OCG.US,5,20260102,161500,0.096201,0.096201,0.096,0.0961,192388,0
OCG.US,5,20260102,162000,0.09605,0.0961,0.096,0.0961,86207,0
OCG.US,5,20260102,162500,0.0961,0.0961,0.096,0.0961,128129,0
OCG.US,5,20260102,163000,0.096,0.0961,0.096,0.0961,149755,0
OCG.US,5,20260102,163500,0.096,0.0961,0.096,0.096,37571,0
OCG.US,5,20260102,164000,0.0961,0.0961,0.096,0.09605,136243,0
OCG.US,5,20260102,164500,0.0961,0.0961,0.0955,0.0956,205572,0
OCG.US,5,20260102,165000,0.0955,0.0956,0.095,0.095088,124388,0
OCG.US,5,20260102,165500,0.095001,0.0981,0.095,0.095,168257,0
OCG.US,5,20260102,170000,0.095,0.096,0.095,0.0955,22945,0
OCG.US,5,20260102,170500,0.09545,0.0975,0.09545,0.0967,170600,0
OCG.US,5,20260102,171000,0.0964,0.0967,0.0958,0.0959,152234,0
OCG.US,5,20260102,171500,0.0959,0.0966,0.0959,0.0966,42105,0
OCG.US,5,20260102,172000,0.0966,0.0966,0.0965,0.096586,75019,0
OCG.US,5,20260102,172500,0.096586,0.0966,0.0965,0.0966,28359,0
OCG.US,5,20260102,173000,0.096549,0.0966,0.0961,0.0966,22214,0
OCG.US,5,20260102,173500,0.0961,0.0966,0.0961,0.0962,66633,0
OCG.US,5,20260102,174000,0.0962,0.0962,0.0961,0.096101,20484,0
OCG.US,5,20260102,174500,0.0961,0.0962,0.096001,0.0961,143215,0
OCG.US,5,20260102,175000,0.0961,0.0961,0.0955,0.0955,128510,0
OCG.US,5,20260102,175500,0.09555,0.0956,0.093,0.0939,602681,0
OCG.US,5,20260102,180000,0.0939,0.0939,0.0881,0.0885,835825,0
OCG.US,5,20260102,180500,0.0889,0.0935,0.0887,0.0921,433269,0
OCG.US,5,20260102,181000,0.0921,0.0921,0.09,0.0902,278388,0
OCG.US,5,20260102,181500,0.0903,0.0929,0.0903,0.0912,42757,0
OCG.US,5,20260102,182000,0.0912,0.0923,0.0912,0.0913,74978,0
OCG.US,5,20260102,182500,0.0914,0.0914,0.0913,0.0913,104155,0
OCG.US,5,20260102,183000,0.091301,0.0914,0.0913,0.0914,55148,0
OCG.US,5,20260102,183500,0.0914,0.0915,0.0913,0.0915,169206,0
OCG.US,5,20260102,184000,0.09145,0.0915,0.0914,0.0915,49272,0
OCG.US,5,20260102,184500,0.0923,0.094,0.0921,0.0931,134548,0
OCG.US,5,20260102,185000,0.0934,0.0934,0.092401,0.0926,136190,0
OCG.US,5,20260102,185500,0.0926,0.0927,0.0916,0.0926,120381,0
OCG.US,5,20260102,190000,0.0919,0.0926,0.0918,0.0921,86500,0
OCG.US,5,20260102,190500,0.0921,0.0921,0.0919,0.0919,87397,0
OCG.US,5,20260102,191000,0.0917,0.0917,0.0907,0.0911,132515,0
OCG.US,5,20260102,191500,0.0911,0.0913,0.0911,0.0913,148886,0
OCG.US,5,20260102,192000,0.09165,0.092,0.0913,0.091799,19822,0
OCG.US,5,20260102,192500,0.0917,0.0917,0.0913,0.0914,103723,0
OCG.US,5,20260102,193000,0.0914,0.0927,0.09135,0.0927,147331,0
OCG.US,5,20260102,193500,0.0927,0.0927,0.091601,0.09205,157241,0
OCG.US,5,20260102,194000,0.0923,0.0923,0.0921,0.0922,68353,0
OCG.US,5,20260102,194500,0.0922,0.0922,0.0921,0.0921,55877,0
OCG.US,5,20260102,195000,0.0922,0.0924,0.0921,0.0924,116621,0
OCG.US,5,20260102,195500,0.0924,0.0924,0.0923,0.0924,13750,0
OCG.US,5,20260102,200000,0.0923,0.0924,0.0923,0.0924,29045,0
OCG.US,5,20260102,200500,0.0924,0.0924,0.0923,0.0924,57032,0
OCG.US,5,20260102,201000,0.0924,0.0924,0.092,0.0921,151538,0
OCG.US,5,20260102,201500,0.0921,0.0921,0.092001,0.092001,50508,0
OCG.US,5,20260102,202000,0.0921,0.0921,0.0916,0.0916,15008,0
OCG.US,5,20260102,202500,0.09165,0.0917,0.0913,0.09135,39975,0
OCG.US,5,20260102,203000,0.0914,0.0914,0.0913,0.0913,31214,0
OCG.US,5,20260102,203500,0.09135,0.0914,0.0913,0.0914,48912,0
OCG.US,5,20260102,204000,0.0913,0.0917,0.0913,0.0917,91228,0
OCG.US,5,20260102,204500,0.0917,0.0938,0.0917,0.0931,131577,0
OCG.US,5,20260102,205000,0.0931,0.1002,0.093,0.1002,1634711,0
OCG.US,5,20260102,205500,0.1002,0.1002,0.0931,0.096127,573403,0
OCG.US,5,20260102,210000,0.0962,0.0975,0.095,0.0952,252018,0
OCG.US,5,20260102,210500,0.0951,0.0952,0.0949,0.095,61664,0
OCG.US,5,20260102,211000,0.095,0.0956,0.095,0.0956,50312,0
OCG.US,5,20260102,211500,0.0956,0.0968,0.0956,0.0965,160883,0
OCG.US,5,20260102,212000,0.0965,0.0965,0.0957,0.0965,185508,0
OCG.US,5,20260102,212500,0.0961,0.0961,0.0957,0.0961,85446,0
OCG.US,5,20260102,213000,0.0958,0.096,0.0957,0.0958,47270,0
OCG.US,5,20260102,213500,0.0958,0.096766,0.0958,0.096,20004,0
OCG.US,5,20260102,214000,0.096,0.096,0.0949,0.095001,108955,0
OCG.US,5,20260102,214500,0.095,0.0951,0.095,0.0951,13890,0
OCG.US,5,20260102,215000,0.0951,0.1,0.0949,0.1,532632,0
OCG.US,5,20260102,215500,0.1,0.1046,0.0975,0.1031,986776,0
OCG.US,5,20260105,153000,0.09,0.0949,0.0843,0.0848,1877788,0
OCG.US,5,20260105,153500,0.0874,0.0881,0.0843,0.0873,2026084,0
OCG.US,5,20260105,154000,0.087,0.0873,0.078,0.079,2657653,0
OCG.US,5,20260105,154500,0.079,0.0821,0.0748,0.0763,3325459,0
OCG.US,5,20260105,155000,0.0762,0.0763,0.075,0.0754,3377492,0
OCG.US,5,20260105,155500,0.07535,0.0754,0.0732,0.075,2568159,0
OCG.US,5,20260105,160000,0.075,0.0751,0.0729,0.074401,2697011,0
OCG.US,5,20260105,160500,0.0745,0.0749,0.0737,0.074,1179893,0
OCG.US,5,20260105,161000,0.0745,0.0745,0.0686,0.0687,3143079,0
OCG.US,5,20260105,161500,0.0688,0.0688,0.062,0.0637,6747685,0
OCG.US,5,20260105,162000,0.0637,0.0651,0.0632,0.0633,2857392,0
OCG.US,5,20260105,162500,0.0637,0.0638,0.0595,0.0614,5133377,0
OCG.US,5,20260105,163000,0.0614,0.0624,0.0598,0.0615,3689255,0
OCG.US,5,20260105,163500,0.0617,0.0617,0.0598,0.0609,2294653,0
OCG.US,5,20260105,164000,0.0608,0.061,0.0606,0.0609,1110309,0
OCG.US,5,20260105,164500,0.0609,0.061,0.0585,0.059,2492602,0
OCG.US,5,20260105,165000,0.059,0.0598,0.0488,0.051,8157506,0
OCG.US,5,20260105,165500,0.051,0.0521,0.0509,0.05205,4562368,0
OCG.US,5,20260105,170000,0.052,0.0528,0.052,0.0524,3526588,0
OCG.US,5,20260105,170500,0.052223,0.0525,0.0522,0.0523,1926127,0
OCG.US,5,20260105,171000,0.052349,0.0525,0.0505,0.0522,2041826,0
OCG.US,5,20260105,171500,0.0523,0.0526,0.0516,0.0525,1478755,0
OCG.US,5,20260105,172000,0.0525,0.0537,0.0523,0.0531,2780766,0
OCG.US,5,20260105,172500,0.05305,0.0531,0.0502,0.0515,2148959,0
OCG.US,5,20260105,173000,0.0515,0.051525,0.049,0.051,3217276,0
OCG.US,5,20260105,173500,0.0513,0.0513,0.0499,0.0502,2868000,0
OCG.US,5,20260105,174000,0.0502,0.0506,0.05,0.0505,2111615,0
OCG.US,5,20260105,174500,0.0505,0.0505,0.0498,0.0501,1113602,0
OCG.US,5,20260105,175000,0.0504,0.0505,0.0496,0.05,1434332,0
OCG.US,5,20260105,175500,0.05,0.05,0.0499,0.0499,507923,0
OCG.US,5,20260105,180000,0.05,0.0505,0.0499,0.0505,1035141,0
OCG.US,5,20260105,180500,0.05045,0.0505,0.04995,0.0501,917942,0
OCG.US,5,20260105,181000,0.0501,0.0501,0.0493,0.0501,1327569,0
OCG.US,5,20260105,181500,0.05005,0.0502,0.0498,0.0501,1291820,0
OCG.US,5,20260105,182000,0.05005,0.0501,0.045,0.0477,3588533,0
OCG.US,5,20260105,182500,0.04765,0.0499,0.0465,0.0479,1569926,0
OCG.US,5,20260105,183000,0.048,0.0485,0.0475,0.0484,813254,0
OCG.US,5,20260105,183500,0.0484,0.0484,0.0465,0.0476,1576303,0
OCG.US,5,20260105,184000,0.0476,0.0476,0.0471,0.0474,826956,0
OCG.US,5,20260105,184500,0.0474,0.048,0.0469,0.0478,1346204,0
OCG.US,5,20260105,185000,0.0477,0.0479,0.0475,0.0479,683345,0
OCG.US,5,20260105,185500,0.0479,0.0479,0.0458,0.046399,1258833,0
OCG.US,5,20260105,190000,0.0464,0.0464,0.04,0.0402,11538209,0
OCG.US,5,20260105,190500,0.0405,0.0409,0.0396,0.0405,4151263,0
OCG.US,5,20260105,191000,0.0405,0.0405,0.0401,0.040149,2015516,0
OCG.US,5,20260105,191500,0.0402,0.0417,0.039,0.0403,4368971,0
OCG.US,5,20260105,192000,0.0402,0.0402,0.0392,0.0396,1666041,0
OCG.US,5,20260105,192500,0.0396,0.0404,0.0393,0.0403,1484995,0
OCG.US,5,20260105,193000,0.0403,0.0403,0.04,0.04005,1513759,0
OCG.US,5,20260105,193500,0.0401,0.0428,0.0398,0.042,5148539,0
OCG.US,5,20260105,194000,0.042,0.042,0.04,0.0408,1741405,0
OCG.US,5,20260105,194500,0.04075,0.0412,0.0401,0.040886,1169510,0
OCG.US,5,20260105,195000,0.0409,0.0411,0.04,0.0405,1715006,0
OCG.US,5,20260105,195500,0.0404,0.0415,0.0403,0.0414,1362091,0
OCG.US,5,20260105,200000,0.0413,0.0414,0.04,0.041,1922042,0
OCG.US,5,20260105,200500,0.041,0.0414,0.0409,0.041199,827598,0
OCG.US,5,20260105,201000,0.041199,0.0412,0.04,0.0408,1483511,0
OCG.US,5,20260105,201500,0.0408,0.0408,0.0399,0.04,1052313,0
OCG.US,5,20260105,202000,0.0405,0.0406,0.039,0.0392,1437519,0
OCG.US,5,20260105,202500,0.0397,0.0403,0.0396,0.0403,1231419,0
OCG.US,5,20260105,203000,0.0403,0.0405,0.0402,0.0404,777218,0
OCG.US,5,20260105,203500,0.0404,0.0404,0.0399,0.0401,1657659,0
OCG.US,5,20260105,204000,0.04005,0.0404,0.0398,0.0403,1033777,0
OCG.US,5,20260105,204500,0.0403,0.041,0.039,0.0393,3182893,0
OCG.US,5,20260105,205000,0.0397,0.041,0.034,0.0371,8798429,0
OCG.US,5,20260105,205500,0.037,0.0376,0.036201,0.037,1915844,0
OCG.US,5,20260105,210000,0.0368,0.0371,0.0364,0.037,2068342,0
OCG.US,5,20260105,210500,0.0369,0.037,0.0357,0.0369,3488744,0
OCG.US,5,20260105,211000,0.037,0.037,0.0358,0.036,1514958,0
OCG.US,5,20260105,211500,0.036,0.0376,0.0359,0.0375,2216129,0
OCG.US,5,20260105,212000,0.0375,0.0389,0.0369,0.0379,3657756,0
OCG.US,5,20260105,212500,0.0375,0.038,0.0365,0.0373,1753622,0
OCG.US,5,20260105,213000,0.0373,0.0373,0.037,0.0372,1979385,0
OCG.US,5,20260105,213500,0.0371,0.0388,0.0371,0.038,2496040,0
OCG.US,5,20260105,214000,0.0379,0.0389,0.0379,0.0384,3127611,0
OCG.US,5,20260105,214500,0.0384,0.0389,0.0375,0.0378,3701998,0
OCG.US,5,20260105,215000,0.0378,0.0385,0.0373,0.0382,4125460,0
OCG.US,5,20260105,215500,0.0378,0.0388,0.037,0.0378,8894657,0
OCG.US,5,20260106,153000,0.0415,0.0421,0.0366,0.0367,7430259,0
OCG.US,5,20260106,153500,0.0367,0.0376,0.035,0.0361,8301913,0
OCG.US,5,20260106,154000,0.0362,0.037,0.0303,0.0325,13044474,0
OCG.US,5,20260106,154500,0.0325,0.0327,0.0318,0.0324,4407992,0
OCG.US,5,20260106,155000,0.0323,0.0325,0.0323,0.0325,3180841,0
OCG.US,5,20260106,155500,0.0325,0.036,0.0324,0.0356,5583411,0
OCG.US,5,20260106,160000,0.035,0.0356,0.0334,0.0343,2134522,0
OCG.US,5,20260106,160500,0.0343,0.0344,0.033,0.0333,1777458,0
OCG.US,5,20260106,161000,0.0334,0.0334,0.0305,0.0306,3803043,0
OCG.US,5,20260106,161500,0.0316,0.0326,0.03,0.031,8994912,0
OCG.US,5,20260106,162000,0.031,0.0312,0.0301,0.0312,3320904,0
OCG.US,5,20260106,162500,0.0312,0.0319,0.03,0.031,4176694,0
OCG.US,5,20260106,163000,0.0309,0.031,0.03,0.0305,3038151,0
OCG.US,5,20260106,163500,0.0307,0.0316,0.03,0.0308,3336888,0
OCG.US,5,20260106,164000,0.0308,0.0308,0.0298,0.03045,2788558,0
OCG.US,5,20260106,164500,0.0305,0.0312,0.0304,0.0311,1899795,0
OCG.US,5,20260106,165000,0.0311,0.0319,0.0299,0.0307,4585806,0
OCG.US,5,20260106,165500,0.0309,0.0312,0.0306,0.0312,1113265,0
OCG.US,5,20260106,170000,0.0312,0.0314,0.03,0.0307,2271738,0
OCG.US,5,20260106,170500,0.0307,0.0311,0.03,0.0304,3759536,0
OCG.US,5,20260106,171000,0.0304,0.0304,0.0302,0.0304,2071101,0
OCG.US,5,20260106,171500,0.0304,0.031,0.03035,0.0306,1079453,0
OCG.US,5,20260106,172000,0.0305,0.0306,0.0284,0.0289,6451366,0
OCG.US,5,20260106,172500,0.0289,0.0295,0.0287,0.0291,5693578,0
OCG.US,5,20260106,173000,0.0291,0.0291,0.0288,0.028801,2636684,0
OCG.US,5,20260106,173500,0.0288,0.0289,0.0269,0.027,10736675,0
OCG.US,5,20260106,174000,0.0269,0.0275,0.0269,0.0275,7719341,0
OCG.US,5,20260106,174500,0.0275,0.0275,0.0271,0.02715,3874120,0
OCG.US,5,20260106,175000,0.0271,0.0272,0.0265,0.0266,3450135,0
OCG.US,5,20260106,175500,0.02655,0.0266,0.0264,0.0264,6701884,0
OCG.US,5,20260106,180000,0.026499,0.0265,0.0256,0.026,11079832,0
OCG.US,5,20260106,180500,0.026,0.026,0.0256,0.0259,7360586,0
OCG.US,5,20260106,181000,0.0259,0.0259,0.024,0.02485,7589835,0
OCG.US,5,20260106,181500,0.0249,0.0251,0.0248,0.02505,4866890,0
OCG.US,5,20260106,182000,0.0251,0.0251,0.0249,0.025,3056544,0
OCG.US,5,20260106,182500,0.025,0.025,0.0249,0.025,1262151,0
OCG.US,5,20260106,183000,0.02495,0.0251,0.024899,0.0251,4539926,0
OCG.US,5,20260106,183500,0.0251,0.0251,0.0249,0.025,2449510,0
OCG.US,5,20260106,184000,0.0251,0.0251,0.0249,0.0251,3615650,0
OCG.US,5,20260106,184500,0.0251,0.0251,0.0249,0.0251,1614194,0
OCG.US,5,20260106,185000,0.0251,0.0251,0.0249,0.0251,1696941,0
OCG.US,5,20260106,185500,0.0251,0.0251,0.025,0.02505,1088922,0
OCG.US,5,20260106,190000,0.025098,0.0251,0.0248,0.0251,2656598,0
OCG.US,5,20260106,190500,0.0251,0.0251,0.024,0.0249,2686784,0
OCG.US,5,20260106,191000,0.0249,0.025,0.024701,0.0248,1519543,0
OCG.US,5,20260106,191500,0.0248,0.0248,0.0247,0.02475,1441589,0
OCG.US,5,20260106,192000,0.02479,0.0248,0.0246,0.0247,1304733,0
OCG.US,5,20260106,192500,0.0246,0.0247,0.0238,0.0239,3830112,0
OCG.US,5,20260106,193000,0.0239,0.0241,0.02385,0.0241,2719756,0
OCG.US,5,20260106,193500,0.0241,0.0241,0.0239,0.0241,3111585,0
OCG.US,5,20260106,194000,0.0241,0.0241,0.0238,0.024,4236627,0
OCG.US,5,20260106,194500,0.0241,0.0241,0.0237,0.024,2049132,0
OCG.US,5,20260106,195000,0.024,0.0241,0.0237,0.0241,991388,0
OCG.US,5,20260106,195500,0.0241,0.0241,0.0227,0.02345,3571871,0
OCG.US,5,20260106,200000,0.0235,0.0236,0.023,0.02305,2333995,0
OCG.US,5,20260106,200500,0.0231,0.0231,0.0228,0.023,4659778,0
OCG.US,5,20260106,201000,0.02295,0.0231,0.0226,0.0231,2928370,0
OCG.US,5,20260106,201500,0.0231,0.0231,0.0228,0.023098,3063408,0
OCG.US,5,20260106,202000,0.023,0.0231,0.0229,0.02305,1294692,0
OCG.US,5,20260106,202500,0.0231,0.0231,0.0225,0.023,2418451,0
OCG.US,5,20260106,203000,0.0231,0.0231,0.0222,0.0226,3911491,0
OCG.US,5,20260106,203500,0.02255,0.023,0.0224,0.0226,7716323,0
OCG.US,5,20260106,204000,0.0226,0.0226,0.0222,0.0226,3785916,0
OCG.US,5,20260106,204500,0.0226,0.0226,0.0224,0.0226,3993084,0
OCG.US,5,20260106,205000,0.0226,0.0226,0.0223,0.0226,2874609,0
OCG.US,5,20260106,205500,0.0226,0.0226,0.0215,0.0221,5209019,0
OCG.US,5,20260106,210000,0.0221,0.0221,0.0217,0.0221,3321647,0
OCG.US,5,20260106,210500,0.0221,0.0221,0.0219,0.0221,2741824,0
OCG.US,5,20260106,211000,0.0221,0.0221,0.0219,0.0221,3973439,0
OCG.US,5,20260106,211500,0.0221,0.0221,0.0219,0.0221,3682623,0
OCG.US,5,20260106,212000,0.022,0.0221,0.0217,0.0221,3451800,0
OCG.US,5,20260106,212500,0.0221,0.0221,0.0217,0.021999,5432326,0
OCG.US,5,20260106,213000,0.021999,0.0223,0.0219,0.0221,4139188,0
OCG.US,5,20260106,213500,0.0221,0.0221,0.0217,0.022,7693624,0
OCG.US,5,20260106,214000,0.0221,0.0221,0.0217,0.0221,5222459,0
OCG.US,5,20260106,214500,0.0221,0.023,0.022,0.0221,9107760,0
OCG.US,5,20260106,215000,0.0221,0.0221,0.022,0.0221,18518687,0
OCG.US,5,20260106,215500,0.0221,0.0227,0.0216,0.022,18995058,0
OCG.US,5,20260107,153000,0.0226,0.0236,0.0225,0.02319,8937544,0
OCG.US,5,20260107,153500,0.023399,0.0237,0.0215,0.0218,8257314,0
OCG.US,5,20260107,154000,0.0218,0.0218,0.0187,0.0191,26246756,0
OCG.US,5,20260107,154500,0.0191,0.0191,0.0182,0.01865,15994453,0
OCG.US,5,20260107,155000,0.01865,0.0191,0.0183,0.019,12143898,0
OCG.US,5,20260107,155500,0.0189,0.0191,0.0183,0.0187,9522891,0
OCG.US,5,20260107,160000,0.0187,0.0188,0.0182,0.018684,6683460,0
OCG.US,5,20260107,160500,0.0186,0.0187,0.0184,0.01845,5244791,0
OCG.US,5,20260107,161000,0.0184,0.0185,0.0176,0.0177,12204576,0
OCG.US,5,20260107,161500,0.0178,0.0183,0.0177,0.0179,8200870,0
OCG.US,5,20260107,162000,0.018,0.0185,0.0179,0.0183,4542706,0
OCG.US,5,20260107,162500,0.018294,0.0186,0.018,0.01855,7436766,0
OCG.US,5,20260107,163000,0.01855,0.0188,0.0184,0.0186,6572218,0
OCG.US,5,20260107,163500,0.01855,0.0186,0.0182,0.0183,5843197,0
OCG.US,5,20260107,164000,0.0183,0.0183,0.0182,0.0182,2792357,0
OCG.US,5,20260107,164500,0.01825,0.0187,0.0182,0.0186,4214321,0
OCG.US,5,20260107,165000,0.0187,0.0187,0.0184,0.0186,4913301,0
OCG.US,5,20260107,165500,0.01855,0.0186,0.0185,0.0186,2081868,0
OCG.US,5,20260107,170000,0.0185,0.0186,0.0179,0.018299,2934712,0
OCG.US,5,20260107,170500,0.01825,0.0183,0.0179,0.0181,4684436,0
OCG.US,5,20260107,171000,0.0181,0.0181,0.0179,0.0181,3455415,0
OCG.US,5,20260107,171500,0.0181,0.0186,0.0181,0.0186,2550470,0
OCG.US,5,20260107,172000,0.0186,0.0186,0.0185,0.0185,1818126,0
OCG.US,5,20260107,172500,0.01855,0.0186,0.0185,0.0186,2015575,0
OCG.US,5,20260107,173000,0.01855,0.0186,0.0183,0.0183,1242157,0
OCG.US,5,20260107,173500,0.0184,0.0185,0.0183,0.0185,866982,0
OCG.US,5,20260107,174000,0.0185,0.0185,0.0184,0.0185,858507,0
OCG.US,5,20260107,174500,0.0185,0.0185,0.0184,0.0185,1556267,0
OCG.US,5,20260107,175000,0.0185,0.0186,0.0184,0.0186,2424589,0
OCG.US,5,20260107,175500,0.0186,0.0187,0.0185,0.0187,3177905,0
OCG.US,5,20260107,180000,0.018609,0.0206,0.018601,0.0206,5185314,0
OCG.US,5,20260107,180500,0.0205,0.0208,0.02,0.0204,8369835,0
OCG.US,5,20260107,181000,0.0204,0.0204,0.02,0.0203,5216506,0
OCG.US,5,20260107,181500,0.0203,0.0203,0.0202,0.02025,2524662,0
OCG.US,5,20260107,182000,0.02025,0.0203,0.02,0.0201,3669827,0
OCG.US,5,20260107,182500,0.02,0.0201,0.0197,0.01995,2250690,0
OCG.US,5,20260107,183000,0.01995,0.0201,0.0196,0.0197,1026906,0
OCG.US,5,20260107,183500,0.0196,0.02,0.0187,0.0199,3905907,0
OCG.US,5,20260107,184000,0.01985,0.0199,0.0197,0.01985,1357025,0
OCG.US,5,20260107,184500,0.0198,0.0199,0.0197,0.01975,933339,0
OCG.US,5,20260107,185000,0.0198,0.0198,0.0197,0.019717,886987,0
OCG.US,5,20260107,185500,0.0198,0.0198,0.0196,0.0196,732901,0
OCG.US,5,20260107,190000,0.0196,0.0197,0.0194,0.01955,971717,0
OCG.US,5,20260107,190500,0.0196,0.0196,0.0193,0.01947,1335755,0
OCG.US,5,20260107,191000,0.0195,0.0196,0.0194,0.01955,967558,0
OCG.US,5,20260107,191500,0.0196,0.0198,0.0195,0.01975,939939,0
OCG.US,5,20260107,192000,0.0197,0.0201,0.0197,0.02,1357185,0
OCG.US,5,20260107,192500,0.0201,0.0208,0.02005,0.0208,2239524,0
OCG.US,5,20260107,193000,0.0208,0.0214,0.0207,0.0212,4128860,0
OCG.US,5,20260107,193500,0.0211,0.0214,0.0205,0.0209,3289610,0
OCG.US,5,20260107,194000,0.0209,0.0209,0.0203,0.0208,1860363,0
OCG.US,5,20260107,194500,0.02075,0.0208,0.0207,0.0208,1576042,0
OCG.US,5,20260107,195000,0.0208,0.0214,0.0207,0.0214,1803507,0
OCG.US,5,20260107,195500,0.0214,0.0214,0.0213,0.021385,733672,0
OCG.US,5,20260107,200000,0.02135,0.0214,0.0213,0.0214,1076643,0
OCG.US,5,20260107,200500,0.02135,0.0214,0.0208,0.0212,2007455,0
OCG.US,5,20260107,201000,0.02129,0.0213,0.0207,0.021,981187,0
OCG.US,5,20260107,201500,0.021,0.0211,0.0208,0.0211,558626,0
OCG.US,5,20260107,202000,0.0211,0.0212,0.021,0.0212,846078,0
OCG.US,5,20260107,202500,0.0211,0.0212,0.021,0.0212,1130639,0
OCG.US,5,20260107,203000,0.0212,0.0212,0.0211,0.0211,1117173,0
OCG.US,5,20260107,203500,0.0212,0.022,0.0211,0.02175,4983706,0
OCG.US,5,20260107,204000,0.0217,0.0223,0.0217,0.0221,3727485,0
OCG.US,5,20260107,204500,0.0221,0.0225,0.022009,0.0223,4546929,0
OCG.US,5,20260107,205000,0.022284,0.0223,0.0221,0.0221,2488024,0
OCG.US,5,20260107,205500,0.0222,0.0222,0.0221,0.0221,596616,0
OCG.US,5,20260107,210000,0.0221,0.0222,0.0221,0.0221,633867,0
OCG.US,5,20260107,210500,0.022,0.022,0.0215,0.0218,1778580,0
OCG.US,5,20260107,211000,0.02175,0.0218,0.0215,0.0216,1315460,0
OCG.US,5,20260107,211500,0.0216,0.0218,0.0214,0.0214,1651061,0
OCG.US,5,20260107,212000,0.0215,0.0215,0.0204,0.0207,2785083,0
OCG.US,5,20260107,212500,0.0207,0.021046,0.0206,0.0209,1151410,0
OCG.US,5,20260107,213000,0.0208,0.0212,0.0208,0.021195,1149958,0
OCG.US,5,20260107,213500,0.0212,0.0215,0.0211,0.0214,2333053,0
OCG.US,5,20260107,214000,0.0215,0.0215,0.0208,0.0213,3991476,0
OCG.US,5,20260107,214500,0.0212,0.0214,0.021,0.02135,989365,0
OCG.US,5,20260107,215000,0.0213,0.0221,0.0213,0.0221,2871108,0
OCG.US,5,20260107,215500,0.0221,0.0236,0.0221,0.0235,8040967,0
OCG.US,5,20260108,153000,0.022,0.022,0.0208,0.021,4695303,0
OCG.US,5,20260108,153500,0.0209,0.0215,0.0209,0.021,1940743,0
OCG.US,5,20260108,154000,0.0209,0.021,0.0205,0.0206,3268473,0
OCG.US,5,20260108,154500,0.0206,0.0208,0.02,0.0201,6105195,0
OCG.US,5,20260108,155000,0.0201,0.0205,0.0199,0.0201,5230365,0
OCG.US,5,20260108,155500,0.02015,0.0202,0.0187,0.0197,8898131,0
OCG.US,5,20260108,160000,0.0197,0.0204,0.0195,0.0204,3933963,0
OCG.US,5,20260108,160500,0.0204,0.0208,0.0203,0.020691,1647904,0
OCG.US,5,20260108,161000,0.0207,0.0208,0.0199,0.02,2995367,0
OCG.US,5,20260108,161500,0.02,0.020273,0.0194,0.01985,4041811,0
OCG.US,5,20260108,162000,0.01985,0.0204,0.0198,0.0202,1435127,0
OCG.US,5,20260108,162500,0.0204,0.0205,0.0202,0.0204,864281,0
OCG.US,5,20260108,163000,0.0205,0.0209,0.0204,0.0209,1697699,0
OCG.US,5,20260108,163500,0.0209,0.021,0.0207,0.0208,1466462,0
OCG.US,5,20260108,164000,0.0208,0.0208,0.0206,0.0208,938103,0
OCG.US,5,20260108,164500,0.0208,0.0208,0.0207,0.0208,548793,0
OCG.US,5,20260108,165000,0.0208,0.0209,0.0207,0.02085,841538,0
OCG.US,5,20260108,165500,0.0209,0.0209,0.0208,0.0209,731289,0
OCG.US,5,20260108,170000,0.0209,0.0212,0.0208,0.0211,1165919,0
OCG.US,5,20260108,170500,0.0211,0.0211,0.021,0.02105,346863,0
OCG.US,5,20260108,171000,0.021,0.0211,0.021,0.0211,648595,0
OCG.US,5,20260108,171500,0.021,0.0211,0.021,0.0211,832296,0
OCG.US,5,20260108,172000,0.0212,0.0213,0.0203,0.0207,2023471,0
OCG.US,5,20260108,172500,0.0208,0.0215,0.0207,0.0214,1233599,0
OCG.US,5,20260108,173000,0.0214,0.0218,0.0214,0.0218,1894061,0
OCG.US,5,20260108,173500,0.0218,0.0228,0.02175,0.0222,3081032,0
OCG.US,5,20260108,174000,0.0222,0.0227,0.0222,0.0223,2251156,0
OCG.US,5,20260108,174500,0.0223,0.0223,0.0215,0.0222,1280474,0
OCG.US,5,20260108,175000,0.0222,0.0223,0.0219,0.0221,483156,0
OCG.US,5,20260108,175500,0.022,0.0221,0.0218,0.022,949694,0
OCG.US,5,20260108,180000,0.022,0.0221,0.0216,0.0216,2485905,0
OCG.US,5,20260108,180500,0.0217,0.022,0.0214,0.0215,1095395,0
OCG.US,5,20260108,181000,0.021489,0.0215,0.0212,0.0213,502098,0
OCG.US,5,20260108,181500,0.0213,0.0215,0.0212,0.0215,1225926,0
OCG.US,5,20260108,182000,0.021486,0.0218,0.021486,0.0216,172454,0
OCG.US,5,20260108,182500,0.0216,0.0218,0.0216,0.02175,268196,0
OCG.US,5,20260108,183000,0.0218,0.0218,0.0217,0.0218,589644,0
OCG.US,5,20260108,183500,0.0218,0.0218,0.0217,0.0218,705821,0
OCG.US,5,20260108,184000,0.0217,0.0218,0.0217,0.0218,252003,0
OCG.US,5,20260108,184500,0.0218,0.0218,0.0205,0.0206,3550748,0
OCG.US,5,20260108,185000,0.0209,0.0212,0.0209,0.0212,772511,0
OCG.US,5,20260108,185500,0.0212,0.0215,0.0211,0.02145,744071,0
OCG.US,5,20260108,190000,0.0215,0.0215,0.0214,0.0215,327358,0
OCG.US,5,20260108,190500,0.0215,0.0215,0.0214,0.02145,367322,0
OCG.US,5,20260108,191000,0.02145,0.0215,0.0214,0.0214,224194,0
OCG.US,5,20260108,191500,0.02145,0.0215,0.0214,0.02145,156548,0
OCG.US,5,20260108,192000,0.0214,0.0218,0.0214,0.02175,601284,0
OCG.US,5,20260108,192500,0.02175,0.0218,0.0217,0.0218,428753,0
OCG.US,5,20260108,193000,0.0217,0.0218,0.0215,0.0217,540093,0
OCG.US,5,20260108,193500,0.02175,0.0218,0.0217,0.0218,711609,0
OCG.US,5,20260108,194000,0.0217,0.0218,0.0217,0.0218,449829,0
OCG.US,5,20260108,194500,0.0218,0.0218,0.0217,0.0218,598408,0
OCG.US,5,20260108,195000,0.0218,0.0218,0.0217,0.0218,317861,0
OCG.US,5,20260108,195500,0.02175,0.0218,0.0217,0.02175,237133,0
OCG.US,5,20260108,200000,0.0218,0.0218,0.0214,0.0214,895163,0
OCG.US,5,20260108,200500,0.0216,0.0216,0.0214,0.0215,456185,0
OCG.US,5,20260108,201000,0.02145,0.0215,0.0214,0.0215,745321,0
OCG.US,5,20260108,201500,0.0215,0.0215,0.0214,0.0215,531919,0
OCG.US,5,20260108,202000,0.0215,0.0215,0.0213,0.0214,314576,0
OCG.US,5,20260108,202500,0.0213,0.0214,0.0211,0.0214,659620,0
OCG.US,5,20260108,203000,0.02135,0.0214,0.0213,0.0213,701348,0
OCG.US,5,20260108,203500,0.0213,0.0215,0.0213,0.0215,426730,0
OCG.US,5,20260108,204000,0.0215,0.0215,0.0213,0.0214,1125744,0
OCG.US,5,20260108,204500,0.0214,0.0214,0.0213,0.0213,365324,0
OCG.US,5,20260108,205000,0.0213,0.0213,0.0212,0.0213,374471,0
OCG.US,5,20260108,205500,0.0213,0.0213,0.0209,0.0213,1354237,0
OCG.US,5,20260108,210000,0.0211,0.0213,0.021,0.02105,570075,0
OCG.US,5,20260108,210500,0.0211,0.0211,0.021,0.0211,351740,0
OCG.US,5,20260108,211000,0.021,0.0212,0.021,0.0212,1156789,0
OCG.US,5,20260108,211500,0.0212,0.0214,0.0211,0.0213,298063,0
OCG.US,5,20260108,212000,0.0212,0.0217,0.0212,0.0215,1040760,0
OCG.US,5,20260108,212500,0.0215,0.0217,0.0214,0.0215,170763,0
OCG.US,5,20260108,213000,0.0215,0.0215,0.0214,0.0214,335913,0
OCG.US,5,20260108,213500,0.0215,0.0215,0.0214,0.0215,672127,0
OCG.US,5,20260108,214000,0.0215,0.0216,0.02145,0.0216,308135,0
OCG.US,5,20260108,214500,0.02165,0.0218,0.0216,0.0218,970911,0
OCG.US,5,20260108,215000,0.02175,0.0218,0.0216,0.0216,1350088,0
OCG.US,5,20260108,215500,0.0215,0.0223,0.0213,0.0223,1770040,0
