<TICKER>,<PER>,<DATE>,<TIME>,<OPEN>,<HIGH>,<LOW>,<CLOSE>,<VOL>,<OPENINT>
RMSG.US,5,20250813,153000,2.75,2.86,2.75,2.76,9980,0
RMSG.US,5,20250813,153500,2.805,2.805,2.76,2.7654,816,0
RMSG.US,5,20250813,154000,2.75,2.7593,2.74,2.7593,7362,0
RMSG.US,5,20250813,154500,2.74,2.7588,2.7,2.7006,16547,0
RMSG.US,5,20250813,155000,2.722,2.75,2.65,2.65,10808,0
RMSG.US,5,20250813,155500,2.6505,2.6987,2.64,2.64,8590,0
RMSG.US,5,20250813,160000,2.67,2.67,2.45,2.45,2070,0
RMSG.US,5,20250813,160500,2.4857,2.4857,2.4501,2.48,4350,0
RMSG.US,5,20250813,161500,2.555,2.6,2.555,2.6,1100,0
RMSG.US,5,20250813,162000,2.52,2.52,2.52,2.52,200,0
RMSG.US,5,20250813,163000,2.585,2.585,2.5306,2.585,1238,0
RMSG.US,5,20250813,163500,2.618,2.69,2.618,2.69,858,0
RMSG.US,5,20250813,164000,2.66,2.69,2.59,2.59,1520,0
RMSG.US,5,20250813,164500,2.52,2.52,2.5,2.5,700,0
RMSG.US,5,20250813,165500,2.5021,2.62,2.5,2.62,3806,0
RMSG.US,5,20250813,170500,2.61,2.61,2.61,2.61,103,0
RMSG.US,5,20250813,171500,2.61,2.61,2.5105,2.5105,597,0
RMSG.US,5,20250813,172000,2.6896,2.6896,2.6894,2.6894,4200,0
RMSG.US,5,20250813,173000,2.5119,2.6054,2.5119,2.6054,700,0
RMSG.US,5,20250813,174500,2.625,2.625,2.625,2.625,3700,0
RMSG.US,5,20250813,175500,2.6129,2.6129,2.6129,2.6129,175,0
RMSG.US,5,20250813,180000,2.645,2.645,2.645,2.645,100,0
RMSG.US,5,20250813,182500,2.6094,2.6094,2.6094,2.6094,300,0
RMSG.US,5,20250813,183000,2.6887,2.6887,2.6887,2.6887,186,0
RMSG.US,5,20250813,184500,2.66,2.69,2.66,2.69,908,0
RMSG.US,5,20250813,190000,2.72,2.72,2.72,2.72,1000,0
RMSG.US,5,20250813,191500,2.7185,2.7185,2.7185,2.7185,735,0
RMSG.US,5,20250813,192500,2.655,2.655,2.62,2.62,500,0
RMSG.US,5,20250813,194000,2.71,2.71,2.71,2.71,1000,0
RMSG.US,5,20250813,194500,2.71,2.71,2.6673,2.6673,232,0
RMSG.US,5,20250813,195500,2.72,2.74,2.72,2.74,200,0
RMSG.US,5,20250813,201000,2.73,2.73,2.73,2.73,361,0
RMSG.US,5,20250813,202500,2.72,2.73,2.72,2.73,229,0
RMSG.US,5,20250813,204000,2.73,2.73,2.73,2.73,2376,0
RMSG.US,5,20250813,205500,2.69,2.74,2.69,2.74,10581,0
RMSG.US,5,20250813,210500,2.695,2.695,2.66,2.66,13000,0
RMSG.US,5,20250813,211500,2.6602,2.74,2.6602,2.69,7270,0
RMSG.US,5,20250813,212000,2.6804,2.6804,2.6804,2.6804,1000,0
RMSG.US,5,20250813,212500,2.7,2.7,2.69,2.69,1267,0
RMSG.US,5,20250813,213000,2.65,2.65,2.65,2.65,401,0
RMSG.US,5,20250813,213500,2.68,2.68,2.68,2.68,100,0
RMSG.US,5,20250813,214000,2.68,2.68,2.65,2.65,396,0
RMSG.US,5,20250813,214500,2.66,2.68,2.65,2.68,2588,0
RMSG.US,5,20250813,215000,2.69,2.69,2.69,2.69,100,0
RMSG.US,5,20250813,215500,2.65,2.65,2.65,2.65,1204,0
RMSG.US,5,20250814,153000,2.61,2.61,2.6082,2.6082,1145,0
RMSG.US,5,20250814,153500,2.6,2.6996,2.6,2.6996,898,0
RMSG.US,5,20250814,154000,2.68,2.6898,2.68,2.6898,324,0
RMSG.US,5,20250814,154500,2.62,2.62,2.62,2.62,100,0
RMSG.US,5,20250814,155000,2.63,2.64,2.62,2.62,680,0
RMSG.US,5,20250814,160000,2.6187,2.7,2.6187,2.67,12258,0
RMSG.US,5,20250814,160500,2.65,2.65,2.65,2.65,1038,0
RMSG.US,5,20250814,161000,2.62,2.6925,2.62,2.6925,6450,0
RMSG.US,5,20250814,162000,2.6431,2.65,2.63,2.64,5140,0
RMSG.US,5,20250814,162500,2.63,2.63,2.63,2.63,605,0
RMSG.US,5,20250814,163500,2.6574,2.66,2.65,2.66,3792,0
RMSG.US,5,20250814,164000,2.65,2.65,2.65,2.65,117,0
RMSG.US,5,20250814,164500,2.5901,2.5901,2.5901,2.5901,1175,0
RMSG.US,5,20250814,165500,2.657,2.657,2.59,2.59,631,0
RMSG.US,5,20250814,170000,2.5974,2.5974,2.5974,2.5974,105,0
RMSG.US,5,20250814,171500,2.63,2.63,2.5943,2.5943,250,0
RMSG.US,5,20250814,172500,2.63,2.63,2.63,2.63,700,0
RMSG.US,5,20250814,180500,2.63,2.63,2.63,2.63,600,0
RMSG.US,5,20250814,182000,2.66,2.66,2.65,2.65,200,0
RMSG.US,5,20250814,182500,2.66,2.66,2.6477,2.6477,12588,0
RMSG.US,5,20250814,183000,2.65,2.65,2.65,2.65,100,0
RMSG.US,5,20250814,183500,2.67,2.7,2.67,2.7,2451,0
RMSG.US,5,20250814,184500,2.665,2.665,2.665,2.665,5000,0
RMSG.US,5,20250814,185000,2.665,2.729,2.665,2.72,4996,0
RMSG.US,5,20250814,185500,2.67,2.67,2.67,2.67,200,0
RMSG.US,5,20250814,191500,2.7299,2.7299,2.7,2.7,300,0
RMSG.US,5,20250814,193500,2.6402,2.6402,2.6402,2.6402,100,0
RMSG.US,5,20250814,195000,2.7,2.7,2.6502,2.6502,618,0
RMSG.US,5,20250814,200000,2.665,2.6999,2.665,2.665,3000,0
RMSG.US,5,20250814,201500,2.665,2.6872,2.665,2.6872,700,0
RMSG.US,5,20250814,202500,2.6927,2.6927,2.6927,2.6927,500,0
RMSG.US,5,20250814,203500,2.68,2.75,2.68,2.75,26642,0
RMSG.US,5,20250814,204000,2.78,2.78,2.725,2.725,1000,0
RMSG.US,5,20250814,204500,2.78,2.79,2.6604,2.6604,3400,0
RMSG.US,5,20250814,205000,2.78,2.79,2.78,2.79,1191,0
RMSG.US,5,20250814,205500,2.79,2.79,2.79,2.79,100,0
RMSG.US,5,20250814,210000,2.7538,2.7538,2.7538,2.7538,2000,0
RMSG.US,5,20250814,210500,2.79,2.81,2.76,2.81,1250,0
RMSG.US,5,20250814,211000,2.81,2.81,2.81,2.81,156,0
RMSG.US,5,20250814,214000,2.78,2.89,2.78,2.87,9409,0
RMSG.US,5,20250814,214500,2.88,2.895,2.88,2.895,600,0
RMSG.US,5,20250814,215000,2.92,2.9536,2.9,2.93,2341,0
RMSG.US,5,20250814,215500,2.9003,2.95,2.88,2.88,7441,0
RMSG.US,5,20250815,153000,2.75,2.8397,2.75,2.8397,1099,0
RMSG.US,5,20250815,153500,2.75,2.75,2.7201,2.7201,200,0
RMSG.US,5,20250815,154000,2.73,2.73,2.73,2.73,100,0
RMSG.US,5,20250815,155000,2.755,2.8,2.755,2.8,264,0
RMSG.US,5,20250815,160000,2.8,2.94,2.8,2.94,4096,0
RMSG.US,5,20250815,160500,2.91,2.91,2.88,2.89,2024,0
RMSG.US,5,20250815,161000,2.9,2.9,2.9,2.9,200,0
RMSG.US,5,20250815,161500,2.88,2.88,2.88,2.88,315,0
RMSG.US,5,20250815,162000,2.88,2.94,2.88,2.94,1442,0
RMSG.US,5,20250815,162500,2.89,2.89,2.89,2.89,1515,0
RMSG.US,5,20250815,163000,2.95,2.96,2.9,2.96,1800,0
RMSG.US,5,20250815,163500,2.93,2.93,2.93,2.93,1000,0
RMSG.US,5,20250815,164000,2.97,2.99,2.94,2.9456,3939,0
RMSG.US,5,20250815,164500,3,3.03,2.9999,3,7155,0
RMSG.US,5,20250815,165000,2.975,2.99,2.975,2.99,8400,0
RMSG.US,5,20250815,165500,2.98,2.98,2.98,2.98,200,0
RMSG.US,5,20250815,170000,2.98,2.98,2.97,2.97,1071,0
RMSG.US,5,20250815,170500,2.98,2.98,2.9506,2.9506,2150,0
RMSG.US,5,20250815,171000,2.98,2.99,2.98,2.99,400,0
RMSG.US,5,20250815,171500,3.01,3.08,3,3.0081,14713,0
RMSG.US,5,20250815,172000,3,3.03,3,3.01,2800,0
RMSG.US,5,20250815,172500,3.02,3.02,2.9573,2.9573,700,0
RMSG.US,5,20250815,173000,3.0837,3.0837,2.9711,2.9711,986,0
RMSG.US,5,20250815,173500,3.02,3.1,3.02,3.0956,2250,0
RMSG.US,5,20250815,174000,3.13,3.1757,3.1,3.1757,12404,0
RMSG.US,5,20250815,174500,3.15,3.15,2.954453,3.05,3800,0
RMSG.US,5,20250815,175000,3.12,3.125,3.11,3.12,3857,0
RMSG.US,5,20250815,175500,3.1,3.1302,3.1,3.1302,356,0
RMSG.US,5,20250815,180000,3.0344,3.0344,3.0344,3.0344,300,0
RMSG.US,5,20250815,180500,3.03,3.085,3.03,3.085,477,0
RMSG.US,5,20250815,182000,3.12,3.12,3.0619,3.0619,1672,0
RMSG.US,5,20250815,182500,3.1,3.15,3.0864,3.15,3735,0
RMSG.US,5,20250815,183500,3.1796,3.1796,3.14,3.14,355,0
RMSG.US,5,20250815,184000,3.1195,3.17,3.1195,3.17,682,0
RMSG.US,5,20250815,184500,3.16,3.19,3.04,3.12,7150,0
RMSG.US,5,20250815,185000,3.14,3.14,3.14,3.14,200,0
RMSG.US,5,20250815,185500,3.14,3.189,3.14,3.189,229,0
RMSG.US,5,20250815,190000,3.14,3.225,3.14,3.2,16620,0
RMSG.US,5,20250815,190500,3.14,3.25,3.14,3.25,1943,0
RMSG.US,5,20250815,191000,3.22,3.29,3.2,3.26,4251,0
RMSG.US,5,20250815,191500,3.2501,3.3,3.19,3.3,8072,0
RMSG.US,5,20250815,192000,3.2758,3.33,3.2178,3.31,9705,0
RMSG.US,5,20250815,192500,3.29,3.32,3.0811,3.32,6394,0
RMSG.US,5,20250815,193000,3.3042,3.36,3.3042,3.335,6682,0
RMSG.US,5,20250815,193500,3.35,3.35,3.2702,3.2702,7366,0
RMSG.US,5,20250815,194000,3.38,3.4,3.28,3.29,9081,0
RMSG.US,5,20250815,194500,3.32,3.44,3.31,3.3201,4905,0
RMSG.US,5,20250815,195000,3.3213,3.4,3.31,3.4,4316,0
RMSG.US,5,20250815,195500,3.35,3.4,3.35,3.38,2728,0
RMSG.US,5,20250815,200000,3.3501,3.38,3.3,3.3,9986,0
RMSG.US,5,20250815,200500,3.26,3.48,3.225,3.4626,5481,0
RMSG.US,5,20250815,201000,3.42,3.45,3.345,3.45,2400,0
RMSG.US,5,20250815,201500,3.37,3.3806,3.37,3.3806,1313,0
RMSG.US,5,20250815,202000,3.415,3.415,3.415,3.415,5897,0
RMSG.US,5,20250815,202500,3.38,3.38,3.3702,3.38,1300,0
RMSG.US,5,20250815,203000,3.38,3.41,3.31,3.38,4641,0
RMSG.US,5,20250815,203500,3.38,3.38,3.37,3.37,1193,0
RMSG.US,5,20250815,204000,3.343,3.343,3.343,3.343,2000,0
RMSG.US,5,20250815,204500,3.37,3.4,3.37,3.3805,600,0
RMSG.US,5,20250815,205000,3.39,3.39,3.39,3.39,1000,0
RMSG.US,5,20250815,210500,3.3684,3.4188,3.3684,3.4,2200,0
RMSG.US,5,20250815,211000,3.4199,3.4199,3.4,3.4,1808,0
RMSG.US,5,20250815,211500,3.415,3.415,3.415,3.415,100,0
RMSG.US,5,20250815,212000,3.41,3.41,3.41,3.41,549,0
RMSG.US,5,20250815,212500,3.4,3.4,3.4,3.4,2232,0
RMSG.US,5,20250815,213000,3.4,3.42,3.38,3.38,4426,0
RMSG.US,5,20250815,213500,3.37,3.37,3.3501,3.3501,2100,0
RMSG.US,5,20250815,214000,3.37,3.37,3.37,3.37,100,0
RMSG.US,5,20250815,214500,3.36,3.36,3.335,3.34,1000,0
RMSG.US,5,20250815,215000,3.3358,3.3358,3.3252,3.3252,1125,0
RMSG.US,5,20250815,215500,3.36,3.4,3.31,3.31,13995,0
RMSG.US,5,20250818,153000,3.26,3.26,3.22,3.23,1887,0
RMSG.US,5,20250818,153500,3.2,3.2,3.13,3.19,3155,0
RMSG.US,5,20250818,154000,3.18,3.32,3.175,3.23,7009,0
RMSG.US,5,20250818,154500,3.24,3.3,3.24,3.3,579,0
RMSG.US,5,20250818,155000,3.2463,3.28,3.2463,3.28,1300,0
RMSG.US,5,20250818,155500,3.2466,3.2466,3.2451,3.2451,800,0
RMSG.US,5,20250818,160000,3.2452,3.3856,3.2452,3.3856,2600,0
RMSG.US,5,20250818,160500,3.3839,3.3839,3.3839,3.3839,200,0
RMSG.US,5,20250818,161000,3.3106,3.36,3.3106,3.36,350,0
RMSG.US,5,20250818,161500,3.39,3.47,3.39,3.47,8840,0
RMSG.US,5,20250818,162000,3.3965,3.43,3.39,3.39,1729,0
RMSG.US,5,20250818,162500,3.325,3.325,3.325,3.325,1000,0
RMSG.US,5,20250818,163500,3.37,3.39,3.37,3.39,298,0
RMSG.US,5,20250818,164000,3.4,3.4,3.4,3.4,300,0
RMSG.US,5,20250818,164500,3.39,3.39,3.38,3.3859,333,0
RMSG.US,5,20250818,165000,3.3868,3.4,3.3868,3.4,1000,0
RMSG.US,5,20250818,165500,3.3913,3.3913,3.3894,3.3894,887,0
RMSG.US,5,20250818,170500,3.3763,3.3763,3.3763,3.3763,100,0
RMSG.US,5,20250818,171000,3.38,3.39,3.38,3.39,763,0
RMSG.US,5,20250818,172000,3.38,3.38,3.3,3.32,321,0
RMSG.US,5,20250818,172500,3.32,3.4,3.32,3.3672,2228,0
RMSG.US,5,20250818,173000,3.39,3.42,3.37,3.42,6224,0
RMSG.US,5,20250818,173500,3.3964,3.3964,3.3964,3.3964,1000,0
RMSG.US,5,20250818,174000,3.4022,3.4022,3.3501,3.3501,555,0
RMSG.US,5,20250818,174500,3.395,3.395,3.395,3.395,1000,0
RMSG.US,5,20250818,175500,3.395,3.41,3.395,3.4,1174,0
RMSG.US,5,20250818,180000,3.4,3.4,3.4,3.4,499,0
RMSG.US,5,20250818,180500,3.395,3.395,3.265,3.265,200,0
RMSG.US,5,20250818,182000,3.375,3.375,3.375,3.375,100,0
RMSG.US,5,20250818,182500,3.3664,3.3664,3.3664,3.3664,140,0
RMSG.US,5,20250818,183000,3.4,3.4,3.4,3.4,100,0
RMSG.US,5,20250818,184500,3.39,3.399,3.37,3.37,1320,0
RMSG.US,5,20250818,190000,3.4106,3.4106,3.405,3.405,300,0
RMSG.US,5,20250818,190500,3.39,3.39,3.32,3.38,1800,0
RMSG.US,5,20250818,191500,3.4245,3.4245,3.4245,3.4245,200,0
RMSG.US,5,20250818,192000,3.38,3.38,3.38,3.38,100,0
RMSG.US,5,20250818,193000,3.414,3.4289,3.38,3.4289,1200,0
RMSG.US,5,20250818,194000,3.4195,3.4195,3.4195,3.4195,100,0
RMSG.US,5,20250818,195500,3.4064,3.4323,3.4064,3.4323,500,0
RMSG.US,5,20250818,201000,3.38,3.42,3.38,3.42,300,0
RMSG.US,5,20250818,202500,3.4,3.4,3.4,3.4,500,0
RMSG.US,5,20250818,203500,3.4,3.4,3.4,3.4,200,0
RMSG.US,5,20250818,204000,3.41,3.46,3.4,3.42,4732,0
RMSG.US,5,20250818,205000,3.3763,3.3763,3.3763,3.3763,200,0
RMSG.US,5,20250818,205500,3.44,3.445,3.43,3.445,300,0
RMSG.US,5,20250818,210000,3.47,3.47,3.42,3.445,2371,0
RMSG.US,5,20250818,210500,3.44,3.44,3.44,3.44,100,0
RMSG.US,5,20250818,211000,3.44,3.45,3.44,3.45,700,0
RMSG.US,5,20250818,212000,3.43,3.43,3.43,3.43,100,0
RMSG.US,5,20250818,213500,3.4646,3.4646,3.4646,3.4646,1000,0
RMSG.US,5,20250818,214000,3.41,3.437,3.41,3.437,225,0
RMSG.US,5,20250818,214500,3.45,3.47,3.44,3.44,1659,0
RMSG.US,5,20250818,215000,3.4227,3.47,3.4101,3.4475,3223,0
RMSG.US,5,20250818,215500,3.445,3.46,3.4,3.4,3932,0
RMSG.US,5,20250819,153000,3.33,3.4,3.33,3.4,880,0
RMSG.US,5,20250819,154000,3.41,3.41,3.41,3.41,228,0
RMSG.US,5,20250819,154500,3.43,3.4473,3.41,3.4473,1006,0
RMSG.US,5,20250819,155000,3.4855,3.4855,3.44,3.44,1146,0
RMSG.US,5,20250819,155500,3.46,3.54,3.46,3.54,3101,0
RMSG.US,5,20250819,160000,3.4938,3.54,3.485,3.54,582,0
RMSG.US,5,20250819,160500,3.54,3.55,3.53,3.53,2943,0
RMSG.US,5,20250819,161000,3.56,3.74,3.56,3.74,12854,0
RMSG.US,5,20250819,161500,3.72,3.78,3.6501,3.725,8439,0
RMSG.US,5,20250819,162000,3.77,3.9,3.7404,3.9,8057,0
RMSG.US,5,20250819,162500,3.9,3.971,3.83,3.971,10163,0
RMSG.US,5,20250819,163000,3.98,4.1,3.9401,4.0985,15709,0
RMSG.US,5,20250819,163500,4.05,4.05,3.76,4.035,28049,0
RMSG.US,5,20250819,164000,4.06,4.0851,3.9922,3.9922,3700,0
RMSG.US,5,20250819,164500,4,4,3.86,3.8701,6446,0
RMSG.US,5,20250819,165000,3.88,3.975,3.88,3.975,1963,0
RMSG.US,5,20250819,165500,3.995,4.02,3.9,3.9688,5373,0
RMSG.US,5,20250819,170000,4.03,4.05,3.89,3.89,10191,0
RMSG.US,5,20250819,170500,3.89,3.89,3.84,3.8495,3866,0
RMSG.US,5,20250819,171000,3.84,3.99,3.8149,3.99,3479,0
RMSG.US,5,20250819,172000,3.835,3.94,3.835,3.94,1468,0
RMSG.US,5,20250819,172500,3.895,3.92,3.87,3.895,2103,0
RMSG.US,5,20250819,173000,3.9,3.9697,3.9,3.9697,600,0
RMSG.US,5,20250819,173500,3.98,4.02,3.96,4.02,3706,0
RMSG.US,5,20250819,174000,4.03,4.14,4.02,4.12,8200,0
RMSG.US,5,20250819,174500,4.12,4.18,4,4.1354,6555,0
RMSG.US,5,20250819,175000,4.14,4.34,4.14,4.3,12694,0
RMSG.US,5,20250819,175500,4.3751,4.4,4.12,4.32,22951,0
RMSG.US,5,20250819,180000,4.3761,4.3761,4.235,4.235,6718,0
RMSG.US,5,20250819,180500,4.235,4.37,4.235,4.33,4719,0
RMSG.US,5,20250819,181000,4.37,4.37,4.2701,4.315,2791,0
RMSG.US,5,20250819,181500,4.35,4.36,4.2623,4.2774,4567,0
RMSG.US,5,20250819,182000,4.32,4.32,4.26,4.265,7623,0
RMSG.US,5,20250819,182500,4.265,4.33,4.265,4.29,2647,0
RMSG.US,5,20250819,183000,4.27,4.27,4.1132,4.175,9416,0
RMSG.US,5,20250819,183500,4.175,4.25,4.1232,4.24,5506,0
RMSG.US,5,20250819,184000,4.2481,4.2481,4.185,4.195,1448,0
RMSG.US,5,20250819,184500,4.2499,4.2499,4.2499,4.2499,1000,0
RMSG.US,5,20250819,185000,4.195,4.205,4.1616,4.205,2183,0
RMSG.US,5,20250819,185500,4.204,4.22,4.204,4.22,381,0
RMSG.US,5,20250819,190000,4.2168,4.36,4.2018,4.285,9518,0
RMSG.US,5,20250819,190500,4.285,4.3516,4.285,4.32,2635,0
RMSG.US,5,20250819,191000,4.26,4.37,4.26,4.37,3480,0
RMSG.US,5,20250819,191500,4.3699,4.6079,4.26,4.45,39959,0
RMSG.US,5,20250819,192000,4.4766,4.4766,4.3,4.3195,14855,0
RMSG.US,5,20250819,192500,4.375,4.4991,4.3201,4.34,3863,0
RMSG.US,5,20250819,193000,4.385,4.4791,4.34,4.3501,16063,0
RMSG.US,5,20250819,193500,4.3389,4.36,4.2,4.25,9602,0
RMSG.US,5,20250819,194000,4.3,4.39,4.3,4.34,1920,0
RMSG.US,5,20250819,194500,4.255,4.26,4.21,4.2211,1050,0
RMSG.US,5,20250819,195000,4.2201,4.265,4.2201,4.265,500,0
RMSG.US,5,20250819,200000,4.2958,4.2958,4.26,4.26,2866,0
RMSG.US,5,20250819,201000,4.24,4.24,4.2,4.2,261,0
RMSG.US,5,20250819,201500,4.21,4.21,4.21,4.21,300,0
RMSG.US,5,20250819,202000,4.23,4.23,4.23,4.23,1700,0
RMSG.US,5,20250819,203000,4.208,4.208,4.1209,4.15,4050,0
RMSG.US,5,20250819,203500,4.11,4.17,4.11,4.1193,5535,0
RMSG.US,5,20250819,204000,4.17,4.2166,4.11,4.175,2197,0
RMSG.US,5,20250819,204500,4.175,4.175,4.175,4.175,342,0
RMSG.US,5,20250819,205000,4.2167,4.2167,4.17,4.17,2100,0
RMSG.US,5,20250819,205500,4.21,4.22,4.21,4.21,600,0
RMSG.US,5,20250819,210000,4.1553,4.1553,4.1553,4.1553,150,0
RMSG.US,5,20250819,210500,4.15,4.23,4.13,4.22,3220,0
RMSG.US,5,20250819,211000,4.24,4.24,4.24,4.24,200,0
RMSG.US,5,20250819,211500,4.2385,4.2385,4.1115,4.1115,695,0
RMSG.US,5,20250819,212000,4.2,4.2,4.19,4.19,1182,0
RMSG.US,5,20250819,212500,4.2,4.2,4.1876,4.1876,650,0
RMSG.US,5,20250819,213000,4.15,4.29,4.15,4.2899,7323,0
RMSG.US,5,20250819,213500,4.29,4.3,4.29,4.3,300,0
RMSG.US,5,20250819,214000,4.327,4.5,4.327,4.44,13899,0
RMSG.US,5,20250819,214500,4.4,4.48,4.4,4.44,1300,0
RMSG.US,5,20250819,215000,4.3988,4.55,4.3315,4.485,28631,0
RMSG.US,5,20250819,215500,4.4706,4.7,4.47,4.58,63361,0
RMSG.US,5,20250820,153000,4.65,4.765,4.63,4.72,13014,0
RMSG.US,5,20250820,153500,4.75,4.7999,4.71,4.7601,2872,0
RMSG.US,5,20250820,154000,4.73,4.93,4.71,4.73,15255,0
RMSG.US,5,20250820,154500,4.9,4.98,4.83,4.9737,8756,0
RMSG.US,5,20250820,155000,4.96,4.96,4.8701,4.9532,2290,0
RMSG.US,5,20250820,155500,4.915,4.94,4.6869,4.6869,4258,0
RMSG.US,5,20250820,160000,4.73,4.8881,4.7124,4.775,7593,0
RMSG.US,5,20250820,160500,4.74,4.75,4.68,4.73,2008,0
RMSG.US,5,20250820,161000,4.75,4.8195,4.6,4.63,3232,0
RMSG.US,5,20250820,161500,4.742,4.7631,4.44,4.44,9143,0
RMSG.US,5,20250820,162000,4.55,4.63,4.5075,4.63,1802,0
RMSG.US,5,20250820,162500,4.79,4.8,4.64,4.8,5488,0
RMSG.US,5,20250820,163000,4.81,4.8925,4.81,4.8925,1642,0
RMSG.US,5,20250820,163500,4.83,4.9475,4.8001,4.85,5409,0
RMSG.US,5,20250820,164000,4.9,4.92,4.85,4.89,4131,0
RMSG.US,5,20250820,164500,4.895,4.9121,4.6,4.6,3125,0
RMSG.US,5,20250820,165500,4.74,4.9203,4.7399,4.84,900,0
RMSG.US,5,20250820,170000,4.87,4.94,4.85,4.92,4376,0
RMSG.US,5,20250820,170500,4.8877,4.9,4.77,4.89,5112,0
RMSG.US,5,20250820,171000,4.8084,4.89,4.8084,4.89,3717,0
RMSG.US,5,20250820,171500,4.86,4.86,4.79,4.79,2764,0
RMSG.US,5,20250820,172500,4.82,4.82,4.802,4.81,1513,0
RMSG.US,5,20250820,173000,4.88,4.88,4.8579,4.8579,331,0
RMSG.US,5,20250820,173500,4.875,4.875,4.825,4.825,2939,0
RMSG.US,5,20250820,174000,4.82,4.82,4.78,4.78,4252,0
RMSG.US,5,20250820,174500,4.78,4.78,4.78,4.78,300,0
RMSG.US,5,20250820,175000,4.78,4.785,4.78,4.785,2316,0
RMSG.US,5,20250820,175500,4.79,4.8025,4.79,4.8025,2811,0
RMSG.US,5,20250820,180000,4.75,4.75,4.74,4.74,770,0
RMSG.US,5,20250820,181500,4.76,4.76,4.735,4.735,8600,0
RMSG.US,5,20250820,182000,4.735,4.7647,4.735,4.7647,1000,0
RMSG.US,5,20250820,183000,4.73,4.73,4.73,4.73,922,0
RMSG.US,5,20250820,183500,4.8376,4.8376,4.8376,4.8376,200,0
RMSG.US,5,20250820,184000,4.79,4.79,4.79,4.79,174,0
RMSG.US,5,20250820,184500,4.77,4.8299,4.77,4.8299,4315,0
RMSG.US,5,20250820,185000,4.7476,4.7476,4.7476,4.7476,1000,0
RMSG.US,5,20250820,190000,4.73,4.73,4.7264,4.7264,1350,0
RMSG.US,5,20250820,191000,4.73,4.7498,4.73,4.7498,1350,0
RMSG.US,5,20250820,192500,4.84,4.84,4.83,4.83,200,0
RMSG.US,5,20250820,193500,4.83,4.83,4.83,4.83,100,0
RMSG.US,5,20250820,195000,4.7936,4.8,4.7936,4.8,400,0
RMSG.US,5,20250820,200000,4.7631,4.7631,4.7631,4.7631,450,0
RMSG.US,5,20250820,201000,4.77,4.8,4.77,4.8,1950,0
RMSG.US,5,20250820,201500,4.7509,4.7509,4.7509,4.7509,1000,0
RMSG.US,5,20250820,202000,4.76,4.8,4.76,4.8,500,0
RMSG.US,5,20250820,202500,4.75,4.75,4.75,4.75,300,0
RMSG.US,5,20250820,203000,4.7856,4.7856,4.785,4.785,250,0
RMSG.US,5,20250820,204500,4.83,4.9,4.82,4.825,7158,0
RMSG.US,5,20250820,210000,4.764,4.89,4.764,4.89,2082,0
RMSG.US,5,20250820,211000,4.8682,4.8682,4.8682,4.8682,200,0
RMSG.US,5,20250820,211500,4.79,4.79,4.79,4.79,161,0
RMSG.US,5,20250820,212500,4.82,4.82,4.82,4.82,100,0
RMSG.US,5,20250820,213000,4.815,4.9,4.815,4.9,10369,0
RMSG.US,5,20250820,213500,4.865,4.865,4.865,4.865,100,0
RMSG.US,5,20250820,214000,4.91,5.15,4.9,5.1106,31748,0
RMSG.US,5,20250820,214500,5.09,5.3212,5.035,5.035,18924,0
RMSG.US,5,20250820,215000,5.076,5.31,5.076,5.25,12095,0
RMSG.US,5,20250820,215500,5.3257,5.3257,5.14,5.21,6008,0
RMSG.US,5,20250821,153000,5.32,5.3393,5.2776,5.3393,10323,0
RMSG.US,5,20250821,153500,5.305,5.46,5.1718,5.19,13537,0
RMSG.US,5,20250821,154000,5,5.04,4.5005,4.5012,20882,0
RMSG.US,5,20250821,154500,4.5001,4.505,4.21,4.32,40898,0
RMSG.US,5,20250821,155000,4.32,4.34,3.7,3.77,39549,0
RMSG.US,5,20250821,155500,3.68,3.68,3.68,3.68,2400,0
RMSG.US,5,20250821,160000,3.7,3.92,3.4,3.4,42984,0
RMSG.US,5,20250821,163000,2.22,2.44,2.21,2.22,51980,0
RMSG.US,5,20250821,163500,2.44,2.59,2.12,2.59,135419,0
RMSG.US,5,20250821,164000,2.69,2.96,2.56,2.95,172386,0
RMSG.US,5,20250821,164500,2.9,2.94,2.5,2.5,40798,0
RMSG.US,5,20250821,165000,2.4,2.61,2.36,2.61,40938,0
RMSG.US,5,20250821,165500,2.53,2.61,2.3306,2.3306,42587,0
RMSG.US,5,20250821,170000,2.33,2.5399,2.3,2.5,51691,0
RMSG.US,5,20250821,170500,2.5,2.8,2.5,2.71,49316,0
RMSG.US,5,20250821,171000,2.71,2.78,2.71,2.75,22378,0
RMSG.US,5,20250821,171500,2.79,3.05,2.745,3.05,21695,0
RMSG.US,5,20250821,172000,3,3.08,2.825,3.07,17963,0
RMSG.US,5,20250821,172500,3.07,3.35,2.9,3.26,70454,0
RMSG.US,5,20250821,173000,3.25,3.31,3.19,3.29,10906,0
RMSG.US,5,20250821,173500,3.29,3.555,3.19,3.47,20597,0
RMSG.US,5,20250821,174000,3.62,3.93,3.52,3.84,20847,0
RMSG.US,5,20250821,174500,3.84,3.8614,3.63,3.67,13856,0
RMSG.US,5,20250821,175000,3.65,3.7,3.58,3.58,10186,0
RMSG.US,5,20250821,175500,3.5876,3.735,3.5876,3.62,4807,0
RMSG.US,5,20250821,180000,3.67,3.795,3.67,3.71,6223,0
RMSG.US,5,20250821,180500,3.78,3.79,3.6,3.68,4077,0
RMSG.US,5,20250821,181000,3.7375,3.775,3.7078,3.77,1478,0
RMSG.US,5,20250821,181500,3.75,3.78,3.75,3.76,6976,0
RMSG.US,5,20250821,182000,3.76,3.9,3.725,3.9,8235,0
RMSG.US,5,20250821,182500,3.8102,3.8102,3.8102,3.8102,500,0
RMSG.US,5,20250821,183000,3.89,3.99,3.77,3.7815,7971,0
RMSG.US,5,20250821,183500,3.76,3.83,3.76,3.83,327,0
RMSG.US,5,20250821,184000,3.82,3.82,3.82,3.82,497,0
RMSG.US,5,20250821,184500,3.8063,3.85,3.745,3.745,3875,0
RMSG.US,5,20250821,185000,3.735,3.7999,3.7022,3.7926,2424,0
RMSG.US,5,20250821,190000,3.663,3.663,3.635,3.635,3524,0
RMSG.US,5,20250821,190500,3.62,3.62,3.34,3.34,14950,0
RMSG.US,5,20250821,191000,3.29,3.5246,3.29,3.4604,10730,0
RMSG.US,5,20250821,191500,3.53,3.53,3.52,3.53,819,0
RMSG.US,5,20250821,192000,3.57,3.6,3.57,3.6,1120,0
RMSG.US,5,20250821,192500,3.71,3.8,3.71,3.8,364,0
RMSG.US,5,20250821,193000,3.7,3.798,3.7,3.7,5430,0
RMSG.US,5,20250821,193500,3.75,3.75,3.7,3.7,1159,0
RMSG.US,5,20250821,194000,3.7,3.7,3.7,3.7,1621,0
RMSG.US,5,20250821,194500,3.7,3.7,3.7,3.7,100,0
RMSG.US,5,20250821,195000,3.7,3.7,3.7,3.7,405,0
RMSG.US,5,20250821,195500,3.8,3.8,3.79,3.8,2750,0
RMSG.US,5,20250821,200500,3.8,3.8,3.8,3.8,300,0
RMSG.US,5,20250821,201000,3.63,3.6517,3.63,3.6517,581,0
RMSG.US,5,20250821,201500,3.7875,3.7875,3.74,3.74,2595,0
RMSG.US,5,20250821,202000,3.6286,3.6286,3.6286,3.6286,300,0
RMSG.US,5,20250821,202500,3.6226,3.6226,3.6226,3.6226,271,0
RMSG.US,5,20250821,203000,3.6987,3.6987,3.65,3.65,545,0
RMSG.US,5,20250821,203500,3.65,3.65,3.65,3.65,938,0
RMSG.US,5,20250821,204000,3.65,3.65,3.65,3.65,810,0
RMSG.US,5,20250821,204500,3.65,3.7,3.65,3.7,3588,0
RMSG.US,5,20250821,205000,3.7,3.7,3.7,3.7,200,0
RMSG.US,5,20250821,210000,3.7,3.895,3.7,3.895,1608,0
RMSG.US,5,20250821,210500,3.79,3.83,3.74,3.74,1594,0
RMSG.US,5,20250821,211000,3.79,3.865,3.78,3.8405,1911,0
RMSG.US,5,20250821,211500,3.81,3.85,3.63,3.845,5696,0
RMSG.US,5,20250821,212000,3.82,3.8751,3.8,3.86,2400,0
RMSG.US,5,20250821,212500,3.84,3.86,3.6373,3.86,4772,0
RMSG.US,5,20250821,213000,3.88,3.92,3.7547,3.86,4876,0
RMSG.US,5,20250821,213500,3.7,3.9168,3.7,3.7391,6516,0
RMSG.US,5,20250821,214000,3.9,4.15,3.9,4.09,11616,0
RMSG.US,5,20250821,214500,4.14,4.2,4.02,4.1,18697,0
RMSG.US,5,20250821,215000,4.1,4.18,4.08,4.09,4412,0
RMSG.US,5,20250821,215500,4.09,4.17,4.0218,4.15,10106,0
RMSG.US,5,20250822,153000,3.96,3.96,3.53,3.54,20523,0
RMSG.US,5,20250822,153500,3.56,3.96,3.541,3.68,5435,0
RMSG.US,5,20250822,154000,3.5678,3.84,3.5678,3.84,420,0
RMSG.US,5,20250822,154500,3.8182,3.8182,3.8182,3.8182,100,0
RMSG.US,5,20250822,155000,3.675,3.675,3.52,3.5201,3165,0
RMSG.US,5,20250822,155500,3.6376,3.6376,3.6376,3.6376,1000,0
RMSG.US,5,20250822,160000,3.58,3.8,3.54,3.72,2880,0
RMSG.US,5,20250822,160500,3.62,3.62,3.61,3.62,300,0
RMSG.US,5,20250822,161000,3.675,3.68,3.65,3.65,1263,0
RMSG.US,5,20250822,161500,3.62,3.62,3.62,3.62,1000,0
RMSG.US,5,20250822,162500,3.6867,3.6988,3.6867,3.69,3163,0
RMSG.US,5,20250822,163000,3.625,3.65,3.5407,3.58,8701,0
RMSG.US,5,20250822,163500,3.55,3.58,3.2943,3.32,6437,0
RMSG.US,5,20250822,164000,3.35,3.5005,3.3412,3.3412,1182,0
RMSG.US,5,20250822,164500,3.5,3.52,3.5,3.52,559,0
RMSG.US,5,20250822,165000,3.62,3.725,3.61,3.725,2504,0
RMSG.US,5,20250822,165500,3.55,3.55,3.55,3.55,543,0
RMSG.US,5,20250822,170000,3.56,3.6,3.56,3.6,1000,0
RMSG.US,5,20250822,170500,3.6,3.6,3.6,3.6,500,0
RMSG.US,5,20250822,171000,3.5126,3.5126,3.5126,3.5126,100,0
RMSG.US,5,20250822,171500,3.55,3.555,3.5,3.5,3601,0
RMSG.US,5,20250822,172000,3.4,3.4,3.4,3.4,100,0
RMSG.US,5,20250822,172500,3.42,3.42,3.4,3.4,317,0
RMSG.US,5,20250822,173500,3.4817,3.4817,3.4817,3.4817,200,0
RMSG.US,5,20250822,174000,3.4,3.4,3.4,3.4,164,0
RMSG.US,5,20250822,174500,3.59,3.59,3.59,3.59,100,0
RMSG.US,5,20250822,175000,3.5,3.593,3.5,3.55,4708,0
RMSG.US,5,20250822,175500,3.5799,3.5799,3.55,3.55,1070,0
RMSG.US,5,20250822,180500,3.51,3.5361,3.5,3.5361,4652,0
RMSG.US,5,20250822,181000,3.475,3.475,3.475,3.475,2000,0
RMSG.US,5,20250822,181500,3.4992,3.4999,3.4986,3.4986,800,0
RMSG.US,5,20250822,182500,3.4412,3.4412,3.44,3.44,3142,0
RMSG.US,5,20250822,183000,3.44,3.44,3.44,3.44,900,0
RMSG.US,5,20250822,183500,3.44,3.44,3.35,3.35,2721,0
RMSG.US,5,20250822,185000,3.4046,3.4046,3.4046,3.4046,150,0
RMSG.US,5,20250822,185500,3.36,3.36,3.36,3.36,200,0
RMSG.US,5,20250822,190500,3.4789,3.479,3.4789,3.479,1650,0
RMSG.US,5,20250822,191500,3.38,3.38,3.35,3.35,1010,0
RMSG.US,5,20250822,193000,3.375,3.4,3.375,3.3996,3708,0
RMSG.US,5,20250822,194500,3.3542,3.3542,3.3542,3.3542,291,0
RMSG.US,5,20250822,200000,3.4,3.4,3.36,3.36,1895,0
RMSG.US,5,20250822,201500,3.415,3.48,3.415,3.48,574,0
RMSG.US,5,20250822,202000,3.458,3.458,3.458,3.458,1000,0
RMSG.US,5,20250822,203000,3.46,3.46,3.46,3.46,100,0
RMSG.US,5,20250822,204500,3.36,3.36,3.35,3.35,1100,0
RMSG.US,5,20250822,205000,3.4277,3.4277,3.4277,3.4277,1457,0
RMSG.US,5,20250822,205500,3.42,3.42,3.42,3.42,180,0
RMSG.US,5,20250822,210000,3.3653,3.3653,3.3653,3.3653,485,0
RMSG.US,5,20250822,211000,3.366,3.366,3.3007,3.3413,13467,0
RMSG.US,5,20250822,211500,3.36,3.37,3.36,3.37,3000,0
RMSG.US,5,20250822,212500,3.41,3.41,3.41,3.41,296,0
RMSG.US,5,20250822,213000,3.3,3.3,3.21,3.21,6691,0
RMSG.US,5,20250822,213500,3.21,3.21,3.21,3.21,100,0
RMSG.US,5,20250822,214000,3.22,3.22,3.22,3.22,1058,0
RMSG.US,5,20250822,214500,3.233,3.285,3.233,3.285,1300,0
RMSG.US,5,20250822,215000,3.285,3.285,3.21,3.26,1700,0
RMSG.US,5,20250822,215500,3.32,3.32,3.16,3.23,9999,0
RMSG.US,5,20250825,153000,3.05,3.139,3.05,3.11,6092,0
RMSG.US,5,20250825,153500,3.085,3.14,3.085,3.1,2810,0
RMSG.US,5,20250825,154000,3.05,3.05,3.05,3.05,255,0
RMSG.US,5,20250825,154500,3.1,3.1,3.1,3.1,600,0
RMSG.US,5,20250825,155000,3.11,3.11,3.11,3.11,152,0
RMSG.US,5,20250825,155500,3.135,3.135,3.1301,3.1301,600,0
RMSG.US,5,20250825,160000,3.16,3.26,3.16,3.26,2418,0
RMSG.US,5,20250825,160500,3.2718,3.3,3.27,3.3,3155,0
RMSG.US,5,20250825,161000,3.35,3.4414,3.35,3.38,3106,0
RMSG.US,5,20250825,161500,3.3998,3.4324,3.38,3.38,4300,0
RMSG.US,5,20250825,162000,3.43,3.43,3.43,3.43,229,0
RMSG.US,5,20250825,162500,3.4386,3.4386,3.37,3.37,200,0
RMSG.US,5,20250825,163500,3.3,3.3,3.3,3.3,100,0
RMSG.US,5,20250825,164000,3.1607,3.2398,3.15,3.2398,700,0
RMSG.US,5,20250825,165000,3.3,3.3,3.1883,3.1883,402,0
RMSG.US,5,20250825,170500,3.285,3.2986,3.285,3.2986,3800,0
RMSG.US,5,20250825,174000,3.275,3.275,3.1,3.1,11650,0
RMSG.US,5,20250825,175500,3.265,3.4199,3.265,3.3699,1700,0
RMSG.US,5,20250825,180500,3.32,3.32,3.265,3.265,441,0
RMSG.US,5,20250825,182500,3.29,3.29,3.2,3.21,1600,0
RMSG.US,5,20250825,185000,3.2201,3.23,3.2201,3.2201,1400,0
RMSG.US,5,20250825,192000,3.21,3.22,3.21,3.22,648,0
RMSG.US,5,20250825,193500,3.21,3.22,3.21,3.22,400,0
RMSG.US,5,20250825,194000,3.22,3.22,3.22,3.22,100,0
RMSG.US,5,20250825,194500,3.21,3.21,3.21,3.21,100,0
RMSG.US,5,20250825,200000,3.22,3.22,3.21,3.22,2100,0
RMSG.US,5,20250825,201000,3.21,3.21,3.21,3.21,266,0
RMSG.US,5,20250825,202500,3.21,3.21,3.21,3.21,185,0
RMSG.US,5,20250825,211000,3.25,3.25,3.25,3.25,200,0
RMSG.US,5,20250825,212000,3.23,3.23,3.115,3.115,307,0
RMSG.US,5,20250825,212500,3.14,3.15,3.14,3.15,900,0
RMSG.US,5,20250825,215500,3.22,3.22,3.22,3.22,3582,0
RMSG.US,5,20250826,153000,3.16,3.16,3.16,3.16,347,0
RMSG.US,5,20250826,155000,3.195,3.195,3.195,3.195,100,0
RMSG.US,5,20250826,155500,3.16,3.16,3.15,3.15,479,0
RMSG.US,5,20250826,161000,3.3381,3.3381,3.3381,3.3381,5000,0
RMSG.US,5,20250826,162000,3.2758,3.34,3.2758,3.34,686,0
RMSG.US,5,20250826,162500,3.29,3.29,3.2403,3.2403,4200,0
RMSG.US,5,20250826,163500,3.26,3.27,3.26,3.26,700,0
RMSG.US,5,20250826,165000,3.305,3.305,3.27,3.27,200,0
RMSG.US,5,20250826,165500,3.339,3.339,3.3389,3.3389,1650,0
RMSG.US,5,20250826,170000,3.35,3.38,3.34,3.38,1751,0
RMSG.US,5,20250826,171000,3.3541,3.3541,3.3541,3.3541,500,0
RMSG.US,5,20250826,171500,3.4,3.54,3.4,3.515,9692,0
RMSG.US,5,20250826,172500,3.4,3.495,3.4,3.495,1200,0
RMSG.US,5,20250826,173000,3.52,3.52,3.52,3.52,2734,0
RMSG.US,5,20250826,173500,3.52,3.52,3.52,3.52,2255,0
RMSG.US,5,20250826,174000,3.58,3.63,3.58,3.63,1364,0
RMSG.US,5,20250826,174500,3.6299,3.63,3.62,3.63,1600,0
RMSG.US,5,20250826,175000,3.51,3.63,3.5,3.5825,1551,0
RMSG.US,5,20250826,175500,3.58,3.58,3.58,3.58,382,0
RMSG.US,5,20250826,180000,3.49,3.49,3.48,3.48,1100,0
RMSG.US,5,20250826,180500,3.46,3.46,3.46,3.46,100,0
RMSG.US,5,20250826,181000,3.4,3.4,3.34,3.35,500,0
RMSG.US,5,20250826,181500,3.38,3.39,3.38,3.39,4100,0
RMSG.US,5,20250826,182000,3.38,3.39,3.38,3.38,1000,0
RMSG.US,5,20250826,183000,3.4,3.4,3.4,3.4,619,0
RMSG.US,5,20250826,190000,3.3,3.3085,3.3,3.3085,4500,0
RMSG.US,5,20250826,191000,3.2901,3.37,3.2426,3.3475,10164,0
RMSG.US,5,20250826,193000,3.3,3.3525,3.3,3.345,397,0
RMSG.US,5,20250826,193500,3.35,3.35,3.325,3.325,289,0
RMSG.US,5,20250826,200500,3.38,3.43,3.3123,3.43,5945,0
RMSG.US,5,20250826,201000,3.31,3.31,3.3,3.3,1200,0
RMSG.US,5,20250826,201500,3.31,3.31,3.31,3.31,500,0
RMSG.US,5,20250826,205000,3.31,3.31,3.31,3.31,1516,0
RMSG.US,5,20250826,211000,3.4389,3.4389,3.43,3.43,300,0
RMSG.US,5,20250826,213500,3.4197,3.4197,3.4197,3.4197,500,0
RMSG.US,5,20250826,214500,3.38,3.38,3.38,3.38,177,0
RMSG.US,5,20250826,215500,3.34,3.34,3.34,3.34,465,0
RMSG.US,5,20250827,153000,3.25,3.31733,3.25,3.31733,1708,0
RMSG.US,5,20250827,154500,3.445,3.445,3.445,3.445,100,0
RMSG.US,5,20250827,155000,3.36,3.36,3.36,3.36,123,0
RMSG.US,5,20250827,155500,3.354,3.354,3.33,3.33,599,0
RMSG.US,5,20250827,162000,3.38,3.38,3.38,3.38,100,0
RMSG.US,5,20250827,164500,3.3935,3.3935,3.3935,3.3935,250,0
RMSG.US,5,20250827,172500,3.32,3.36,3.32,3.36,300,0
RMSG.US,5,20250827,174500,3.32,3.32,3.32,3.32,1100,0
RMSG.US,5,20250827,182000,3.2172,3.2172,3.2075,3.2075,1250,0
RMSG.US,5,20250827,183500,3.2396,3.2396,3.2396,3.2396,250,0
RMSG.US,5,20250827,184000,3.255,3.255,3.255,3.255,1000,0
RMSG.US,5,20250827,185500,3.255,3.255,3.255,3.255,1800,0
RMSG.US,5,20250827,190000,3.32,3.32,3.31,3.31,1000,0
RMSG.US,5,20250827,192500,3.3123,3.35,3.3046,3.31,2302,0
RMSG.US,5,20250827,193000,3.2638,3.2638,3.2638,3.2638,150,0
RMSG.US,5,20250827,203000,3.31,3.335,3.31,3.335,360,0
RMSG.US,5,20250827,212500,3.335,3.335,3.335,3.335,200,0
RMSG.US,5,20250827,214500,3.31,3.33,3.3,3.313,2106,0
RMSG.US,5,20250827,215500,3.28,3.28,3.28,3.28,160,0
RMSG.US,5,20250828,153000,3.27,3.37,3.27,3.37,350,0
RMSG.US,5,20250828,154000,3.3602,3.37,3.3602,3.37,4131,0
RMSG.US,5,20250828,154500,3.38,3.38,3.38,3.38,942,0
RMSG.US,5,20250828,155000,3.35,3.35,3.35,3.35,250,0
RMSG.US,5,20250828,155500,3.35,3.35,3.35,3.35,4178,0
RMSG.US,5,20250828,160000,3.3456,3.3456,3.3456,3.3456,250,0
RMSG.US,5,20250828,161000,3.32,3.32,3.32,3.32,1800,0
RMSG.US,5,20250828,162000,3.2932,3.2932,3.27,3.27,720,0
RMSG.US,5,20250828,162500,3.315,3.315,3.27,3.315,1200,0
RMSG.US,5,20250828,175500,3.2871,3.2871,3.2871,3.2871,250,0
RMSG.US,5,20250828,182500,3.24,3.25,3.1601,3.24,2664,0
RMSG.US,5,20250828,183000,3.26,3.29,3.26,3.29,235,0
RMSG.US,5,20250828,183500,3.29,3.29,3.29,3.29,200,0
RMSG.US,5,20250828,184500,3.26,3.2601,3.15,3.15,3270,0
RMSG.US,5,20250828,191500,3.1888,3.1888,3.1888,3.1888,250,0
RMSG.US,5,20250828,192500,3.238,3.24,3.23,3.23,847,0
RMSG.US,5,20250828,195000,3.24,3.24,3.24,3.24,1001,0
RMSG.US,5,20250828,215500,3.18,3.24,3.18,3.23,4448,0
RMSG.US,5,20250829,154000,3.23,3.23,3.22,3.22,300,0
RMSG.US,5,20250829,155500,3.23,3.23,3.16,3.16,698,0
RMSG.US,5,20250829,160000,3.16,3.16,3.041,3.041,1200,0
RMSG.US,5,20250829,160500,3.21,3.21,3.21,3.21,223,0
RMSG.US,5,20250829,161500,3.06,3.06,3,3.04,740,0
RMSG.US,5,20250829,162000,3.0884,3.0884,3.08,3.08,427,0
RMSG.US,5,20250829,164000,2.99,2.99,2.88,2.8801,4916,0
RMSG.US,5,20250829,165000,2.92,2.94,2.92,2.94,1600,0
RMSG.US,5,20250829,165500,2.95,2.95,2.9482,2.95,1201,0
RMSG.US,5,20250829,171500,2.9669,2.9669,2.9669,2.9669,300,0
RMSG.US,5,20250829,172500,3.005,3.005,3.005,3.005,400,0
RMSG.US,5,20250829,174000,3.0572,3.0572,3.0572,3.0572,200,0
RMSG.US,5,20250829,181000,3.0378,3.0378,3.0378,3.0378,100,0
RMSG.US,5,20250829,181500,2.9609,2.9889,2.94,2.94,1432,0
RMSG.US,5,20250829,184000,2.93,2.93,2.93,2.93,200,0
RMSG.US,5,20250829,200500,2.88,2.88,2.88,2.88,500,0
RMSG.US,5,20250829,201000,2.87,2.88,2.85,2.85,1000,0
RMSG.US,5,20250829,204000,2.73,2.73,2.73,2.73,400,0
RMSG.US,5,20250829,205000,2.6,2.75,2.6,2.6,4687,0
RMSG.US,5,20250829,205500,2.78,2.92,2.74,2.74,2362,0
RMSG.US,5,20250829,210000,2.8168,2.8168,2.7747,2.7747,368,0
RMSG.US,5,20250829,213000,2.8,2.8,2.8,2.8,100,0
RMSG.US,5,20250829,213500,2.8,2.8,2.79,2.79,956,0
RMSG.US,5,20250829,215500,2.8,2.8,2.8,2.8,104,0
RMSG.US,5,20250902,153000,2.8,2.8,2.78,2.78,2527,0
RMSG.US,5,20250902,153500,2.7504,2.7504,2.7504,2.7504,300,0
RMSG.US,5,20250902,155000,2.8294,2.8294,2.8294,2.8294,160,0
RMSG.US,5,20250902,160000,2.87,2.87,2.87,2.87,1600,0
RMSG.US,5,20250902,160500,2.9176,2.93,2.88,2.91,1998,0
RMSG.US,5,20250902,162000,2.89,2.91,2.89,2.9,644,0
RMSG.US,5,20250902,162500,2.92,2.92,2.92,2.92,100,0
RMSG.US,5,20250902,163000,2.87,2.92,2.8694,2.92,1813,0
RMSG.US,5,20250902,164500,2.86,2.86,2.86,2.86,100,0
RMSG.US,5,20250902,165000,2.8933,2.8933,2.8933,2.8933,100,0
RMSG.US,5,20250902,165500,2.875,2.875,2.875,2.875,100,0
RMSG.US,5,20250902,170000,2.9225,2.9225,2.9225,2.9225,100,0
RMSG.US,5,20250902,170500,2.81,2.82,2.81,2.82,200,0
RMSG.US,5,20250902,171000,2.8,2.8,2.8,2.8,389,0
RMSG.US,5,20250902,173000,2.77,2.77,2.77,2.77,200,0
RMSG.US,5,20250902,173500,2.88,2.88,2.825,2.825,1000,0
RMSG.US,5,20250902,175000,2.76,2.76,2.7,2.7101,1756,0
RMSG.US,5,20250902,180000,2.72,2.8,2.72,2.8,340,0
RMSG.US,5,20250902,181000,2.72,2.72,2.72,2.72,100,0
RMSG.US,5,20250902,185000,2.71,2.71,2.62,2.65,6335,0
RMSG.US,5,20250902,185500,2.62,2.71,2.62,2.71,1300,0
RMSG.US,5,20250902,190500,2.63,2.63,2.63,2.63,500,0
RMSG.US,5,20250902,191000,2.7097,2.7097,2.7097,2.7097,150,0
RMSG.US,5,20250902,191500,2.63,2.63,2.63,2.63,100,0
RMSG.US,5,20250902,194000,2.69,2.7,2.69,2.7,500,0
RMSG.US,5,20250902,194500,2.735,2.735,2.735,2.735,2222,0
RMSG.US,5,20250902,202000,2.65,2.65,2.65,2.65,100,0
RMSG.US,5,20250902,202500,2.64,2.76,2.64,2.705,1100,0
RMSG.US,5,20250902,203000,2.705,2.76,2.65,2.65,1100,0
RMSG.US,5,20250902,203500,2.67,2.67,2.64,2.64,400,0
RMSG.US,5,20250902,205000,2.66,2.66,2.66,2.66,100,0
RMSG.US,5,20250902,212500,2.66,2.66,2.66,2.66,100,0
RMSG.US,5,20250902,213000,2.655,2.655,2.655,2.655,136,0
RMSG.US,5,20250902,213500,2.725,2.725,2.725,2.725,100,0
RMSG.US,5,20250902,214500,2.68,2.68,2.68,2.68,100,0
RMSG.US,5,20250902,215500,2.7533,2.7533,2.67,2.67,332,0
RMSG.US,5,20250903,153000,2.62,2.62,2.62,2.62,194,0
RMSG.US,5,20250903,154500,2.64,2.64,2.64,2.64,100,0
RMSG.US,5,20250903,160000,2.675,2.69,2.67,2.68,2100,0
RMSG.US,5,20250903,161000,2.78,2.78,2.65,2.67,2313,0
RMSG.US,5,20250903,162500,2.6278,2.6278,2.6278,2.6278,144,0
RMSG.US,5,20250903,163000,2.73,2.73,2.7201,2.7201,600,0
RMSG.US,5,20250903,164000,2.71,2.71,2.71,2.71,173,0
RMSG.US,5,20250903,165500,2.725,2.725,2.67,2.67,200,0
RMSG.US,5,20250903,170000,2.68,2.68,2.68,2.68,100,0
RMSG.US,5,20250903,170500,2.65,2.65,2.65,2.65,100,0
RMSG.US,5,20250903,171500,2.64,2.64,2.64,2.64,100,0
RMSG.US,5,20250903,175000,2.64,2.64,2.64,2.64,100,0
RMSG.US,5,20250903,181000,2.64,2.64,2.64,2.64,138,0
RMSG.US,5,20250903,183500,2.7072,2.72,2.7072,2.72,1520,0
RMSG.US,5,20250903,185000,2.64,2.64,2.64,2.64,100,0
RMSG.US,5,20250903,191500,2.63,2.63,2.63,2.63,100,0
RMSG.US,5,20250903,204000,2.58,2.63,2.57,2.63,699,0
RMSG.US,5,20250903,211500,2.56,2.57,2.56,2.57,1100,0
RMSG.US,5,20250903,213500,2.57,2.57,2.56,2.56,2325,0
RMSG.US,5,20250903,214500,2.58,2.58,2.58,2.58,230,0
RMSG.US,5,20250904,153000,2.62,2.62,2.62,2.62,325,0
RMSG.US,5,20250904,154000,2.62,2.62,2.62,2.62,100,0
RMSG.US,5,20250904,161000,2.81,2.81,2.65,2.65,2499,0
RMSG.US,5,20250904,161500,2.635,2.635,2.6176,2.6176,750,0
RMSG.US,5,20250904,162000,2.635,2.635,2.635,2.635,593,0
RMSG.US,5,20250904,163000,2.58,2.58,2.58,2.58,500,0
RMSG.US,5,20250904,165000,2.58,2.58,2.58,2.58,100,0
RMSG.US,5,20250904,170500,2.5829,2.5829,2.5829,2.5829,230,0
RMSG.US,5,20250904,172000,2.58,2.58,2.57,2.57,700,0
RMSG.US,5,20250904,182000,2.6,2.6,2.6,2.6,1000,0
RMSG.US,5,20250904,183500,2.54,2.54,2.54,2.54,140,0
RMSG.US,5,20250904,185500,2.6,2.61,2.6,2.61,2000,0
RMSG.US,5,20250904,190000,2.6,2.6,2.6,2.6,1000,0
RMSG.US,5,20250904,192500,2.51,2.51,2.51,2.51,100,0
RMSG.US,5,20250904,195500,2.54,2.54,2.54,2.54,100,0
RMSG.US,5,20250904,200000,2.6,2.6,2.6,2.6,100,0
RMSG.US,5,20250904,201500,2.55,2.55,2.55,2.55,200,0
RMSG.US,5,20250904,203500,2.5,2.5,2.5,2.5,100,0
RMSG.US,5,20250904,210500,2.546,2.546,2.5,2.51,1202,0
RMSG.US,5,20250904,211500,2.555,2.555,2.555,2.555,200,0
RMSG.US,5,20250904,212500,2.52,2.52,2.52,2.52,100,0
RMSG.US,5,20250904,213000,2.52,2.52,2.52,2.52,500,0
RMSG.US,5,20250904,214000,2.54,2.54,2.54,2.54,100,0
RMSG.US,5,20250904,215500,2.5411,2.585,2.5411,2.585,315,0
RMSG.US,5,20250905,153000,2.55,2.55,2.55,2.55,163,0
RMSG.US,5,20250905,153500,2.59,2.59,2.522,2.59,6121,0
RMSG.US,5,20250905,155500,2.65,2.6501,2.65,2.6501,1999,0
RMSG.US,5,20250905,161000,2.66,2.66,2.66,2.66,250,0
RMSG.US,5,20250905,161500,2.79,2.79,2.79,2.79,100,0
RMSG.US,5,20250905,162500,2.7011,2.7011,2.7011,2.7011,200,0
RMSG.US,5,20250905,170000,2.5204,2.5204,2.5204,2.5204,200,0
RMSG.US,5,20250905,172000,2.52,2.5542,2.52,2.55,1033,0
RMSG.US,5,20250905,173000,2.5858,2.5858,2.52,2.52,475,0
RMSG.US,5,20250905,173500,2.61,2.62,2.61,2.62,1000,0
RMSG.US,5,20250905,175000,2.52,2.52,2.52,2.52,200,0
RMSG.US,5,20250905,180000,2.5203,2.5203,2.5203,2.5203,329,0
RMSG.US,5,20250905,190000,2.555,2.555,2.555,2.555,150,0
RMSG.US,5,20250905,190500,2.52,2.52,2.52,2.52,1794,0
RMSG.US,5,20250905,191500,2.54,2.61,2.54,2.61,11180,0
RMSG.US,5,20250905,214500,2.65,2.65,2.65,2.65,400,0
RMSG.US,5,20250905,215500,2.58,2.62,2.58,2.62,469,0
RMSG.US,5,20250908,153000,2.65,2.65,2.65,2.65,1010,0
RMSG.US,5,20250908,153500,2.63,2.665,2.63,2.665,3134,0
RMSG.US,5,20250908,160000,2.68,2.689,2.68,2.689,613,0
RMSG.US,5,20250908,161000,2.6199,2.6199,2.5667,2.5667,8000,0
RMSG.US,5,20250908,161500,2.6099,2.7,2.52,2.7,17368,0
RMSG.US,5,20250908,162000,2.785,2.87,2.7,2.7689,20505,0
RMSG.US,5,20250908,162500,2.75,2.86,2.52,2.64,21702,0
RMSG.US,5,20250908,163000,2.58,2.66,2.57,2.64,21870,0
RMSG.US,5,20250908,163500,2.65,2.83,2.65,2.69,15901,0
RMSG.US,5,20250908,164000,2.7,2.7,2.59,2.6,1702,0
RMSG.US,5,20250908,165000,2.62,2.62,2.62,2.62,200,0
RMSG.US,5,20250908,171000,2.5845,2.5845,2.5845,2.5845,145,0
RMSG.US,5,20250908,171500,2.6252,2.66,2.6118,2.625,13340,0
RMSG.US,5,20250908,172000,2.6699,2.67,2.6699,2.67,3300,0
RMSG.US,5,20250908,173000,2.6782,2.69,2.6496,2.6496,5370,0
RMSG.US,5,20250908,173500,2.7,2.8439,2.7,2.8439,3300,0
RMSG.US,5,20250908,174500,2.74,2.84,2.74,2.84,9927,0
RMSG.US,5,20250908,180000,2.7644,2.7644,2.75,2.75,500,0
RMSG.US,5,20250908,181000,2.79,2.8382,2.79,2.8382,700,0
RMSG.US,5,20250908,183500,2.77,2.83,2.76,2.8,6808,0
RMSG.US,5,20250908,184000,2.87,3.11,2.85,3.11,2871,0
RMSG.US,5,20250908,184500,2.99,3.1,2.9,2.985,12888,0
RMSG.US,5,20250908,185000,2.93,2.93,2.93,2.93,1031,0
RMSG.US,5,20250908,185500,2.94,2.95,2.94,2.95,806,0
RMSG.US,5,20250908,194500,2.8941,2.8941,2.875,2.875,438,0
RMSG.US,5,20250908,195000,2.92,2.92,2.92,2.92,100,0
RMSG.US,5,20250908,204000,2.92,2.92,2.92,2.92,300,0
RMSG.US,5,20250909,153000,3.0489,3.0489,2.88,2.88,444,0
RMSG.US,5,20250909,153500,2.8,2.89,2.8,2.89,700,0
RMSG.US,5,20250909,154000,2.89,2.89,2.84,2.84,4090,0
RMSG.US,5,20250909,155000,2.7793,2.7899,2.7793,2.7899,2800,0
RMSG.US,5,20250909,155500,2.86,2.86,2.86,2.86,300,0
RMSG.US,5,20250909,160500,2.88,2.89,2.88,2.89,200,0
RMSG.US,5,20250909,170500,2.8592,2.8592,2.8592,2.8592,200,0
RMSG.US,5,20250909,172000,2.81,2.81,2.8,2.8,922,0
RMSG.US,5,20250909,182000,2.8,2.8,2.8,2.8,300,0
RMSG.US,5,20250909,184500,2.81,2.81,2.81,2.81,112,0
RMSG.US,5,20250909,185000,2.81,2.81,2.81,2.81,1193,0
RMSG.US,5,20250909,191500,2.88,2.8899,2.88,2.8899,3000,0
RMSG.US,5,20250909,192500,2.8859,2.89,2.8859,2.89,1230,0
RMSG.US,5,20250909,195000,2.91,2.91,2.91,2.91,100,0
RMSG.US,5,20250909,205000,2.91,2.91,2.91,2.91,100,0
RMSG.US,5,20250909,214000,2.91,2.91,2.91,2.91,100,0
RMSG.US,5,20250909,215000,2.8228,2.8228,2.8228,2.8228,150,0
RMSG.US,5,20250909,215500,2.89,2.89,2.89,2.89,144,0
RMSG.US,5,20250910,153000,2.83,2.83,2.83,2.83,218,0
RMSG.US,5,20250910,153500,2.83,2.83,2.83,2.83,100,0
RMSG.US,5,20250910,154500,2.895,2.895,2.895,2.895,1550,0
RMSG.US,5,20250910,155500,2.9094,2.9097,2.9094,2.9097,1050,0
RMSG.US,5,20250910,160500,2.9099,2.9099,2.9099,2.9099,171,0
RMSG.US,5,20250910,161500,2.8623,2.8623,2.8623,2.8623,130,0
RMSG.US,5,20250910,162500,2.855,2.855,2.855,2.855,100,0
RMSG.US,5,20250910,163500,2.895,2.895,2.81,2.81,2333,0
RMSG.US,5,20250910,164500,2.814,2.814,2.814,2.814,500,0
RMSG.US,5,20250910,171000,2.82,2.82,2.8,2.8,1375,0
RMSG.US,5,20250910,191000,2.87,2.88,2.86,2.88,2938,0
RMSG.US,5,20250910,192500,2.88,2.88,2.88,2.88,100,0
RMSG.US,5,20250910,193000,2.83,2.83,2.83,2.83,200,0
RMSG.US,5,20250910,193500,2.84,2.84,2.84,2.84,233,0
RMSG.US,5,20250910,194000,2.815,2.815,2.8,2.8,1000,0
RMSG.US,5,20250910,195000,2.79,2.79,2.79,2.79,583,0
RMSG.US,5,20250910,195500,2.76,2.76,2.58,2.59,13150,0
RMSG.US,5,20250910,200000,2.7,2.7,2.7,2.7,1000,0
RMSG.US,5,20250910,201000,2.62,2.62,2.62,2.62,100,0
RMSG.US,5,20250910,201500,2.7,2.7,2.63,2.65,900,0
RMSG.US,5,20250910,202000,2.7,2.7,2.68,2.68,600,0
RMSG.US,5,20250910,202500,2.66,2.66,2.62,2.62,300,0
RMSG.US,5,20250910,203000,2.62,2.65,2.62,2.65,233,0
RMSG.US,5,20250910,203500,2.62,2.65,2.6,2.6414,1000,0
RMSG.US,5,20250910,204000,2.61,2.61,2.61,2.61,100,0
RMSG.US,5,20250910,210000,2.59,2.61,2.59,2.61,200,0
RMSG.US,5,20250910,210500,2.639,2.639,2.62,2.62,300,0
RMSG.US,5,20250910,211000,2.62,2.65,2.58,2.58,3921,0
RMSG.US,5,20250910,212000,2.52,2.63,2.52,2.61,751,0
RMSG.US,5,20250910,213500,2.64,2.64,2.54,2.54,200,0
RMSG.US,5,20250910,214000,2.59,2.59,2.53,2.53,778,0
RMSG.US,5,20250910,214500,2.56,2.56,2.51,2.51,300,0
RMSG.US,5,20250910,215000,2.5126,2.59,2.5126,2.59,200,0
RMSG.US,5,20250910,215500,2.57,2.57,2.57,2.57,808,0
RMSG.US,5,20250911,153000,2.64,2.64,2.64,2.64,846,0
RMSG.US,5,20250911,153500,2.53,2.54,2.502,2.54,1674,0
RMSG.US,5,20250911,154000,2.5,2.5,2.5,2.5,2775,0
RMSG.US,5,20250911,155500,2.41,2.51,2.41,2.51,1500,0
RMSG.US,5,20250911,161500,2.465,2.465,2.46,2.46,200,0
RMSG.US,5,20250911,163000,2.56,2.56,2.56,2.56,200,0
RMSG.US,5,20250911,164000,2.56,2.710004,2.56,2.7,3438,0
RMSG.US,5,20250911,164500,2.655,2.655,2.655,2.655,100,0
RMSG.US,5,20250911,165000,2.72,2.72,2.72,2.72,300,0
RMSG.US,5,20250911,165500,2.72,2.72,2.72,2.72,100,0
RMSG.US,5,20250911,170000,2.72,2.72,2.72,2.72,100,0
RMSG.US,5,20250911,170500,2.72,2.72,2.72,2.72,200,0
RMSG.US,5,20250911,172000,2.68,2.68,2.68,2.68,100,0
RMSG.US,5,20250911,172500,2.71,2.71,2.71,2.71,100,0
RMSG.US,5,20250911,173000,2.72,2.72,2.72,2.72,100,0
RMSG.US,5,20250911,173500,2.72,2.72,2.72,2.72,300,0
RMSG.US,5,20250911,174000,2.72,2.72,2.72,2.72,300,0
RMSG.US,5,20250911,175000,2.72,2.72,2.72,2.72,300,0
RMSG.US,5,20250911,175500,2.7,2.7,2.7,2.7,100,0
RMSG.US,5,20250911,180000,2.71,2.825,2.71,2.825,2509,0
RMSG.US,5,20250911,180500,2.8982,2.8985,2.88,2.8985,7128,0
RMSG.US,5,20250911,182000,2.82,2.82,2.751,2.751,1900,0
RMSG.US,5,20250911,190000,2.87,2.87,2.8419,2.8419,335,0
RMSG.US,5,20250911,195000,2.815,2.815,2.815,2.815,100,0
RMSG.US,5,20250911,195500,2.82,2.82,2.7901,2.7901,300,0
RMSG.US,5,20250911,201000,2.82,2.82,2.7972,2.8091,405,0
RMSG.US,5,20250911,202500,2.838,2.838,2.838,2.838,185,0
RMSG.US,5,20250911,205500,2.8363,2.8363,2.8363,2.8363,350,0
RMSG.US,5,20250911,210000,2.84,2.84,2.84,2.84,450,0
RMSG.US,5,20250911,210500,2.84,2.84,2.84,2.84,350,0
RMSG.US,5,20250911,213500,2.88,2.93,2.88,2.93,5382,0
RMSG.US,5,20250911,215000,2.92,2.92,2.92,2.92,100,0
RMSG.US,5,20250911,215500,2.92,2.92,2.92,2.92,756,0
RMSG.US,5,20250912,153000,2.83,2.83,2.83,2.83,160,0
RMSG.US,5,20250912,154000,2.845,2.845,2.845,2.845,1001,0
RMSG.US,5,20250912,155000,2.785,2.785,2.73,2.73,200,0
RMSG.US,5,20250912,155500,2.815,2.815,2.815,2.815,300,0
RMSG.US,5,20250912,161500,2.91,2.91,2.91,2.91,200,0
RMSG.US,5,20250912,162000,2.91,2.91,2.91,2.91,100,0
RMSG.US,5,20250912,162500,2.9,2.9,2.9,2.9,100,0
RMSG.US,5,20250912,163000,2.9,2.9,2.9,2.9,100,0
RMSG.US,5,20250912,164000,2.91,2.91,2.91,2.91,100,0
RMSG.US,5,20250912,164500,2.91,2.91,2.91,2.91,100,0
RMSG.US,5,20250912,165000,2.91,2.91,2.85,2.85,300,0
RMSG.US,5,20250912,165500,2.91,2.91,2.91,2.91,1200,0
RMSG.US,5,20250912,170000,2.925,2.925,2.925,2.925,100,0
RMSG.US,5,20250912,170500,2.92,2.97,2.92,2.97,350,0
RMSG.US,5,20250912,171000,2.99,2.99,2.9,2.9,272,0
RMSG.US,5,20250912,171500,2.99,2.99,2.99,2.99,100,0
RMSG.US,5,20250912,172000,2.99,2.99,2.99,2.99,100,0
RMSG.US,5,20250912,172500,2.99,2.99,2.99,2.99,100,0
RMSG.US,5,20250912,173000,2.99,2.99,2.99,2.99,100,0
RMSG.US,5,20250912,173500,2.8614,2.99,2.8605,2.99,8065,0
RMSG.US,5,20250912,174000,3.1,3.12,3.1,3.12,1481,0
RMSG.US,5,20250912,175000,3.0486,3.11,3.0486,3.11,471,0
RMSG.US,5,20250912,175500,3.065,3.11,3.065,3.11,220,0
RMSG.US,5,20250912,180000,3.1,3.1099,3.02,3.02,4382,0
RMSG.US,5,20250912,180500,3.01,3.01,3.01,3.01,675,0
RMSG.US,5,20250912,181500,3.05,3.05,3.04,3.04,200,0
RMSG.US,5,20250912,182000,3.04,3.04,2.89,3.04,1106,0
RMSG.US,5,20250912,182500,3.04,3.04,3.04,3.04,100,0
RMSG.US,5,20250912,183000,3.04,3.04,3.04,3.04,100,0
RMSG.US,5,20250912,183500,3.04,3.04,3.04,3.04,100,0
RMSG.US,5,20250912,184000,3.035,3.035,3.035,3.035,100,0
RMSG.US,5,20250912,184500,3.035,3.035,2.8616,2.8616,200,0
RMSG.US,5,20250912,185000,2.92,3.04,2.92,3.04,760,0
RMSG.US,5,20250912,190000,3.0213,3.035,3.0213,3.035,300,0
RMSG.US,5,20250912,191000,3.03,3.04,3.02,3.03,400,0
RMSG.US,5,20250912,194000,3.04,3.04,3.04,3.04,100,0
RMSG.US,5,20250912,194500,3.04,3.04,3.04,3.04,100,0
RMSG.US,5,20250912,195000,3.09,3.09,3.09,3.09,100,0
RMSG.US,5,20250912,195500,3.07,3.07,3.07,3.07,100,0
RMSG.US,5,20250912,200000,3.07,3.07,3.07,3.07,100,0
RMSG.US,5,20250912,200500,3.08,3.08,3.08,3.08,100,0
RMSG.US,5,20250912,201000,3.08,3.08,3.08,3.08,100,0
RMSG.US,5,20250912,201500,3.1,3.1,3.1,3.1,100,0
RMSG.US,5,20250912,202000,3.09,3.09,3.09,3.09,100,0
RMSG.US,5,20250912,202500,3.09,3.09,3.09,3.09,100,0
RMSG.US,5,20250912,203000,3.1,3.1,3.1,3.1,100,0
RMSG.US,5,20250912,203500,3.08,3.08,3.08,3.08,100,0
RMSG.US,5,20250912,204000,3.1,3.1,3.1,3.1,100,0
RMSG.US,5,20250912,204500,3.1,3.1,2.872,2.872,550,0
RMSG.US,5,20250912,205000,3.09,3.09,3.09,3.09,100,0
RMSG.US,5,20250912,205500,3.09,3.09,3.09,3.09,100,0
RMSG.US,5,20250912,210000,3.08,3.08,3.05,3.05,200,0
RMSG.US,5,20250912,210500,3.06,3.06,3.06,3.06,100,0
RMSG.US,5,20250912,211000,3.06,3.06,3.05,3.05,200,0
RMSG.US,5,20250912,211500,3.04,3.04,3.04,3.04,100,0
RMSG.US,5,20250912,212000,3.06,3.06,3.06,3.06,100,0
RMSG.US,5,20250912,212500,3.13,3.13,3.13,3.13,100,0
RMSG.US,5,20250912,213000,3.135,3.14,3.13,3.139,1000,0
RMSG.US,5,20250912,215000,3.0072,3.0072,3.0072,3.0072,400,0
RMSG.US,5,20250912,215500,3.1,3.1,2.82,3.01,11670,0
RMSG.US,5,20250915,153000,3.01,3.283,3.01,3.135,1853,0
RMSG.US,5,20250915,154000,3.257,3.257,3.1101,3.1101,745,0
RMSG.US,5,20250915,154500,3.11,3.17,2.9952,3.12,972,0
RMSG.US,5,20250915,162000,2.97,3.01,2.92,2.93,1545,0
RMSG.US,5,20250915,162500,2.95,2.95,2.95,2.95,249,0
RMSG.US,5,20250915,163000,2.9,2.9,2.8658,2.8683,907,0
RMSG.US,5,20250915,170500,2.888,2.888,2.888,2.888,185,0
RMSG.US,5,20250915,174000,2.9,2.9,2.89,2.89,200,0
RMSG.US,5,20250915,183500,2.82,2.89,2.82,2.89,955,0
RMSG.US,5,20250915,184000,2.81,2.8147,2.66,2.66,3100,0
RMSG.US,5,20250915,184500,2.6659,2.745,2.6659,2.7428,600,0
RMSG.US,5,20250915,185000,2.805,2.805,2.74,2.805,680,0
RMSG.US,5,20250915,185500,2.74,2.8323,2.7301,2.805,2050,0
RMSG.US,5,20250915,190000,2.76,2.8077,2.6201,2.8077,1500,0
RMSG.US,5,20250915,191000,2.71,2.8217,2.6901,2.785,3800,0
RMSG.US,5,20250915,192000,2.71,2.7281,2.69,2.7036,1600,0
RMSG.US,5,20250915,193000,2.71,2.71,2.7,2.7,500,0
RMSG.US,5,20250915,193500,2.69,2.69,2.69,2.69,100,0
RMSG.US,5,20250915,194000,2.649,2.649,2.649,2.649,300,0
RMSG.US,5,20250915,195500,2.65,2.65,2.6301,2.6301,200,0
RMSG.US,5,20250915,200500,2.6301,2.6301,2.6301,2.6301,100,0
RMSG.US,5,20250915,201500,2.64,2.6875,2.64,2.6875,500,0
RMSG.US,5,20250915,202000,2.67,2.67,2.66,2.66,440,0
RMSG.US,5,20250915,202500,2.68,2.736,2.68,2.736,600,0
RMSG.US,5,20250915,203000,2.7,2.755,2.6701,2.755,2300,0
RMSG.US,5,20250915,204000,2.72,2.765,2.7101,2.72,600,0
RMSG.US,5,20250915,204500,2.71,2.71,2.71,2.71,200,0
RMSG.US,5,20250915,205000,2.73,2.73,2.73,2.73,100,0
RMSG.US,5,20250915,205500,2.72,2.76,2.72,2.76,500,0
RMSG.US,5,20250915,212000,2.71,2.71,2.71,2.71,300,0
RMSG.US,5,20250915,212500,2.68,2.6801,2.68,2.6801,200,0
RMSG.US,5,20250915,213000,2.72,2.72,2.7,2.7,200,0
RMSG.US,5,20250915,214500,2.7,2.7,2.69,2.69,430,0
RMSG.US,5,20250915,215500,2.7,2.7,2.7,2.7,700,0
RMSG.US,5,20250916,153000,2.7,2.7,2.7,2.7,404,0
RMSG.US,5,20250916,154000,2.99,2.99,2.99,2.99,150,0
RMSG.US,5,20250916,160500,2.98,2.98,2.98,2.98,131,0
RMSG.US,5,20250916,162000,2.7144,2.7144,2.7144,2.7144,240,0
RMSG.US,5,20250916,173500,2.79,2.79,2.7401,2.7401,1000,0
RMSG.US,5,20250916,182000,2.856,2.856,2.856,2.856,152,0
RMSG.US,5,20250916,183000,2.74,2.74,2.74,2.74,1000,0
RMSG.US,5,20250916,191000,2.81,2.81,2.81,2.81,100,0
RMSG.US,5,20250916,202500,2.775,2.775,2.775,2.775,100,0
RMSG.US,5,20250916,211000,2.75,2.75,2.75,2.75,100,0
RMSG.US,5,20250916,212000,2.75,2.75,2.75,2.75,215,0
RMSG.US,5,20250916,215500,2.846441,2.87,2.846441,2.87,503,0
RMSG.US,5,20250917,153000,2.81,2.81,2.682,2.682,1020,0
RMSG.US,5,20250917,154000,2.73,2.7799,2.73,2.7799,200,0
RMSG.US,5,20250917,161000,2.803,2.803,2.803,2.803,291,0
RMSG.US,5,20250917,162500,2.803,2.803,2.663,2.663,1800,0
RMSG.US,5,20250917,171500,2.765,2.765,2.765,2.765,1200,0
RMSG.US,5,20250917,172000,2.7105,2.8,2.7105,2.8,1300,0
RMSG.US,5,20250917,173000,2.83,2.83,2.83,2.83,1000,0
RMSG.US,5,20250917,184000,2.7819,2.81,2.7819,2.81,1596,0
RMSG.US,5,20250917,205500,2.78,2.78,2.77,2.78,505,0
RMSG.US,5,20250917,213500,2.83,2.83,2.83,2.83,100,0
RMSG.US,5,20250917,215000,2.83,2.83,2.83,2.83,531,0
RMSG.US,5,20250918,153000,2.88,2.88,2.8602,2.87,1887,0
RMSG.US,5,20250918,162500,2.8906,2.8906,2.8906,2.8906,100,0
RMSG.US,5,20250918,163000,2.875,2.89,2.87,2.87,500,0
RMSG.US,5,20250918,165500,2.78,2.93,2.78,2.85,3804,0
RMSG.US,5,20250918,170000,2.81,2.9,2.81,2.82,2996,0
RMSG.US,5,20250918,170500,2.83,2.83,2.83,2.83,100,0
RMSG.US,5,20250918,171500,2.89,2.89,2.88,2.88,205,0
RMSG.US,5,20250918,173500,2.96,2.96,2.96,2.96,100,0
RMSG.US,5,20250918,174500,2.875,2.875,2.875,2.875,390,0
RMSG.US,5,20250918,212000,2.8,2.8,2.8,2.8,100,0
RMSG.US,5,20250918,214000,2.81,2.875,2.81,2.875,1300,0
RMSG.US,5,20250919,153000,2.81,2.81,2.81,2.81,109,0
RMSG.US,5,20250919,162000,2.85,2.8665,2.76,2.76,1324,0
RMSG.US,5,20250919,164500,2.84,2.84,2.84,2.84,1999,0
RMSG.US,5,20250919,170500,2.84,2.84,2.84,2.84,580,0
RMSG.US,5,20250919,191500,2.8115,2.8115,2.8115,2.8115,263,0
RMSG.US,5,20250919,202500,2.86,2.86,2.86,2.86,100,0
RMSG.US,5,20250919,204500,2.8266,2.8266,2.8266,2.8266,500,0
RMSG.US,5,20250919,215000,2.81,2.81,2.81,2.81,200,0
RMSG.US,5,20250922,153000,2.76,2.82,2.66,2.82,5397,0
RMSG.US,5,20250922,153500,2.8,2.89,2.78,2.89,4539,0
RMSG.US,5,20250922,154000,2.77,2.84,2.74,2.78,702,0
RMSG.US,5,20250922,154500,2.74,2.74,2.695,2.7301,2665,0
RMSG.US,5,20250922,160000,2.648,2.648,2.648,2.648,3000,0
RMSG.US,5,20250922,164000,2.74,2.74,2.6301,2.7103,1500,0
RMSG.US,5,20250922,170500,2.7778,2.7778,2.7778,2.7778,100,0
RMSG.US,5,20250922,175000,2.7,2.7,2.7,2.7,100,0
RMSG.US,5,20250922,183000,2.67,2.67,2.67,2.67,100,0
RMSG.US,5,20250922,183500,2.66,2.66,2.66,2.66,250,0
RMSG.US,5,20250922,185000,2.66,2.66,2.66,2.66,100,0
RMSG.US,5,20250922,185500,2.63,2.63,2.63,2.63,275,0
RMSG.US,5,20250922,191500,2.71,2.71,2.71,2.71,2950,0
RMSG.US,5,20250922,192000,2.7,2.7125,2.69,2.7125,300,0
RMSG.US,5,20250922,193000,2.67,2.67,2.67,2.67,100,0
RMSG.US,5,20250922,200000,2.7692,2.7692,2.7692,2.7692,100,0
RMSG.US,5,20250922,202000,2.64,2.64,2.64,2.64,100,0
RMSG.US,5,20250922,203000,2.62,2.62,2.62,2.62,100,0
RMSG.US,5,20250922,210000,2.735,2.735,2.735,2.735,1651,0
RMSG.US,5,20250922,210500,2.66,2.66,2.66,2.66,100,0
RMSG.US,5,20250923,153500,2.61,2.7,2.61,2.7,800,0
RMSG.US,5,20250923,154000,2.63,2.76,2.63,2.71,3130,0
RMSG.US,5,20250923,165500,2.69,2.69,2.69,2.69,300,0
RMSG.US,5,20250923,173500,2.65,2.65,2.65,2.65,100,0
RMSG.US,5,20250923,175000,2.6312,2.6312,2.6312,2.6312,276,0
RMSG.US,5,20250923,184000,2.61,2.61,2.61,2.61,100,0
RMSG.US,5,20250923,193500,2.61,2.61,2.61,2.61,100,0
RMSG.US,5,20250923,200500,2.66,2.66,2.66,2.66,100,0
RMSG.US,5,20250923,215500,2.61,2.61,2.61,2.61,100,0
RMSG.US,5,20250924,153000,2.61,2.61,2.61,2.61,200,0
RMSG.US,5,20250924,155000,2.61,2.61,2.61,2.61,100,0
RMSG.US,5,20250924,171000,2.65,2.65,2.6,2.614,4460,0
RMSG.US,5,20250924,174500,2.6,2.6,2.6,2.6,100,0
RMSG.US,5,20250924,180000,2.6,2.61,2.6,2.61,443,0
RMSG.US,5,20250924,181000,2.6,2.6098,2.6,2.6098,344,0
RMSG.US,5,20250924,183000,2.6018,2.6018,2.6,2.6,1263,0
RMSG.US,5,20250924,183500,2.615,2.615,2.615,2.615,200,0
RMSG.US,5,20250924,195500,2.62,2.62,2.62,2.62,100,0
RMSG.US,5,20250924,201500,2.55,2.55,2.55,2.55,578,0
RMSG.US,5,20250924,204500,2.55,2.55,2.55,2.55,100,0
RMSG.US,5,20250924,213000,2.55,2.55,2.55,2.55,750,0
RMSG.US,5,20250925,153000,2.52,2.52,2.52,2.52,400,0
RMSG.US,5,20250925,163500,2.555,2.555,2.54,2.555,333,0
RMSG.US,5,20250925,190000,2.5,2.5,2.5,2.5,100,0
RMSG.US,5,20250926,153000,2.53,2.53,2.53,2.53,158,0
RMSG.US,5,20250926,165500,2.5166,2.5166,2.5166,2.5166,150,0
RMSG.US,5,20250926,191000,2.5739,2.5739,2.5739,2.5739,200,0
RMSG.US,5,20250926,192000,2.562,2.5799,2.562,2.5799,1131,0
RMSG.US,5,20250926,194000,2.57,2.57,2.57,2.57,100,0
RMSG.US,5,20250926,214500,2.52,2.52,2.51,2.51,259,0
RMSG.US,5,20250929,153500,2.55,2.55,2.55,2.55,591,0
RMSG.US,5,20250929,155500,2.55,2.55,2.55,2.55,100,0
RMSG.US,5,20250929,164000,2.53,2.53,2.4801,2.4801,1058,0
RMSG.US,5,20250929,172000,2.5301,2.5301,2.5301,2.5301,138,0
RMSG.US,5,20250929,183000,2.5001,2.5001,2.46,2.5001,400,0
RMSG.US,5,20250929,192000,2.55,2.55,2.51,2.51,500,0
RMSG.US,5,20250930,154000,2.4,2.4,2.23,2.34,7646,0
RMSG.US,5,20250930,154500,2.55,2.55,2.4,2.4,4253,0
RMSG.US,5,20250930,160000,2.445,2.445,2.445,2.445,100,0
RMSG.US,5,20250930,204500,2.411,2.411,2.4101,2.4101,500,0
RMSG.US,5,20251001,153000,2.42,2.42,2.42,2.42,250,0
RMSG.US,5,20251001,153500,2.35,2.35,2.35,2.35,100,0
RMSG.US,5,20251001,154500,2.26,2.26,2.26,2.26,450,0
RMSG.US,5,20251001,155000,2.26,2.365,2.26,2.365,874,0
RMSG.US,5,20251001,160500,2.2001,2.275,2.2001,2.275,1942,0
RMSG.US,5,20251001,161500,2.3365,2.3365,2.3365,2.3365,1000,0
RMSG.US,5,20251001,162500,2.3267,2.3267,2.3267,2.3267,475,0
RMSG.US,5,20251001,163500,2.2601,2.2601,2.2601,2.2601,3000,0
RMSG.US,5,20251001,164000,2.26,2.3345,2.26,2.3345,1100,0
RMSG.US,5,20251001,215500,2.26,2.2735,2.24,2.2625,500,0
RMSG.US,5,20251002,153000,2.12,2.12,2.12,2.12,2530,0
RMSG.US,5,20251002,154000,2.13,2.1949,2.13,2.1949,600,0
RMSG.US,5,20251002,161000,2.1181,2.1181,2.1181,2.1181,150,0
RMSG.US,5,20251002,164000,2.19,2.19,2.19,2.19,200,0
RMSG.US,5,20251002,170500,2.13,2.13,2.13,2.13,100,0
RMSG.US,5,20251002,172500,2.13,2.13,2.13,2.13,764,0
RMSG.US,5,20251002,173500,2.12,2.12,2.12,2.12,800,0
RMSG.US,5,20251002,183500,2.1,2.1292,2.08,2.08,949,0
RMSG.US,5,20251002,184000,2.09,2.09,2.09,2.09,100,0
RMSG.US,5,20251002,185500,2.0139,2.0139,2.005,2.005,1556,0
RMSG.US,5,20251002,190000,2,2,2,2,235,0
RMSG.US,5,20251002,190500,2.005,2.005,2.005,2.005,1613,0
RMSG.US,5,20251002,191000,2,2.01,1.99,1.995,1695,0
RMSG.US,5,20251002,193500,2,2.01,2,2.01,711,0
RMSG.US,5,20251002,195000,1.97,1.97,1.97,1.97,2900,0
RMSG.US,5,20251002,200000,2.0591,2.0591,2.0591,2.0591,253,0
RMSG.US,5,20251002,201000,2.025,2.0593,2.025,2.0593,300,0
RMSG.US,5,20251002,204500,2.03,2.1597,2.03,2.1597,1650,0
RMSG.US,5,20251002,205500,2.105,2.16,2.105,2.16,692,0
RMSG.US,5,20251002,215500,2.169,2.17,2.07,2.07,3101,0
RMSG.US,5,20251003,153000,2.07,2.2,2.07,2.1479,559,0
RMSG.US,5,20251003,154000,2.08,2.08,2.08,2.08,187,0
RMSG.US,5,20251003,162000,2.21,2.21,2.21,2.21,100,0
RMSG.US,5,20251003,163500,2.2019,2.2019,2.2019,2.2019,149,0
RMSG.US,5,20251003,164000,2.275,2.275,2.275,2.275,454,0
RMSG.US,5,20251003,171500,2.22,2.22,2.22,2.22,110,0
RMSG.US,5,20251003,173000,2.3487,2.3487,2.3487,2.3487,2000,0
RMSG.US,5,20251003,174500,2.2301,2.2301,2.2301,2.2301,2000,0
RMSG.US,5,20251003,182500,2.34,2.34,2.34,2.34,100,0
RMSG.US,5,20251003,183000,2.295,2.295,2.295,2.295,100,0
RMSG.US,5,20251003,184000,2.3,2.3,2.25,2.29,1186,0
RMSG.US,5,20251003,185500,2.29,2.29,2.29,2.29,150,0
RMSG.US,5,20251003,191500,2.29,2.29,2.29,2.29,946,0
RMSG.US,5,20251003,193500,2.33,2.33,2.33,2.33,100,0
RMSG.US,5,20251003,194000,2.32,2.32,2.32,2.32,250,0
RMSG.US,5,20251003,202000,2.33,2.33,2.33,2.33,100,0
RMSG.US,5,20251003,204500,2.3,2.3,2.3,2.3,100,0
RMSG.US,5,20251003,210000,2.33,2.33,2.33,2.33,3204,0
RMSG.US,5,20251003,210500,2.24,2.35,2.24,2.35,5154,0
RMSG.US,5,20251003,211500,2.08,2.08,2.08,2.08,100,0
RMSG.US,5,20251003,212000,2.08,2.08,2.0701,2.08,2836,0
RMSG.US,5,20251003,213500,2.19,2.2,2.19,2.2,400,0
RMSG.US,5,20251003,214000,2.1551,2.1551,2.1551,2.1551,445,0
RMSG.US,5,20251003,215500,2.19,2.19,2.19,2.19,100,0
RMSG.US,5,20251006,153000,2.22,2.22,2.22,2.22,167,0
RMSG.US,5,20251006,155000,2.33,2.33,2.33,2.33,946,0
RMSG.US,5,20251006,162000,2.21,2.21,2.1879,2.1879,234,0
RMSG.US,5,20251006,165500,2.21,2.21,2.21,2.21,200,0
RMSG.US,5,20251006,170000,2.1917,2.1917,2.1917,2.1917,1000,0
RMSG.US,5,20251006,170500,2.24,2.24,2.24,2.24,200,0
RMSG.US,5,20251006,171000,2.25,2.25,2.25,2.25,300,0
RMSG.US,5,20251006,171500,2.26,2.26,2.26,2.26,100,0
RMSG.US,5,20251006,172500,2.26,2.26,2.26,2.26,250,0
RMSG.US,5,20251006,174500,2.26,2.26,2.26,2.26,128,0
RMSG.US,5,20251006,211500,2.22,2.22,2.2,2.2,200,0
RMSG.US,5,20251007,153000,2.2,2.2,2.2,2.2,134,0
RMSG.US,5,20251007,160000,2.2103,2.2103,2.2103,2.2103,904,0
RMSG.US,5,20251007,163500,2.22,2.2201,2.22,2.2201,1600,0
RMSG.US,5,20251007,181000,2.105,2.105,2.105,2.105,100,0
RMSG.US,5,20251007,184500,2.1286,2.1286,2.1286,2.1286,209,0
RMSG.US,5,20251007,215500,2.082,2.082,2.08,2.08,299,0
RMSG.US,5,20251008,153000,2.11,2.11,2.052,2.052,1788,0
RMSG.US,5,20251008,153500,2.08,2.08,2.08,2.08,200,0
RMSG.US,5,20251008,154000,2.06,2.06,2.06,2.06,100,0
RMSG.US,5,20251008,154500,2.06,2.07,2.06,2.06,500,0
RMSG.US,5,20251008,155000,2.05,2.05,1.94,2.02,1476,0
RMSG.US,5,20251008,180500,2.01,2.01,2.01,2.01,100,0
RMSG.US,5,20251008,182500,1.988,1.988,1.94,1.94,800,0
RMSG.US,5,20251008,183000,1.93,1.93,1.93,1.93,131,0
RMSG.US,5,20251008,184000,1.9538,1.9538,1.9538,1.9538,285,0
RMSG.US,5,20251008,185500,1.955,1.99,1.955,1.99,200,0
RMSG.US,5,20251008,190000,1.9684,1.9684,1.9684,1.9684,100,0
RMSG.US,5,20251008,190500,1.94,1.97,1.94,1.9658,700,0
RMSG.US,5,20251008,192000,1.9662,1.9662,1.9662,1.9662,406,0
RMSG.US,5,20251008,192500,1.9693,1.97,1.9693,1.97,920,0
RMSG.US,5,20251008,193500,2.09,2.09,2.09,2.09,200,0
RMSG.US,5,20251008,204000,2.0659,2.0659,2.0659,2.0659,294,0
RMSG.US,5,20251008,210000,2.07,2.08,2.07,2.08,200,0
RMSG.US,5,20251008,214000,2.0601,2.11,2.001,2.001,4800,0
RMSG.US,5,20251008,215500,2,2,2,2,358,0
RMSG.US,5,20251009,163000,2.04,2.04,2.04,2.04,100,0
RMSG.US,5,20251009,165000,2,2.0099,1.995,2.0099,940,0
RMSG.US,5,20251009,175000,1.98,1.995,1.98,1.995,900,0
RMSG.US,5,20251009,181000,1.9601,1.9601,1.9601,1.9601,250,0
RMSG.US,5,20251009,194500,1.95,1.95,1.95,1.95,156,0
RMSG.US,5,20251009,195000,1.95,1.95,1.94,1.94,302,0
RMSG.US,5,20251009,200500,1.97,1.97,1.97,1.97,100,0
RMSG.US,5,20251009,201000,1.97,2.06,1.925,1.97,2200,0
RMSG.US,5,20251009,201500,1.95,1.98,1.948,1.9797,1300,0
RMSG.US,5,20251009,204500,1.97,1.97,1.97,1.97,100,0
RMSG.US,5,20251009,205500,1.96,1.96,1.96,1.96,300,0
RMSG.US,5,20251009,210000,1.95,1.95,1.95,1.95,317,0
RMSG.US,5,20251009,210500,1.94,1.94,1.92,1.92,1100,0
RMSG.US,5,20251009,213000,1.99,1.99,1.99,1.99,100,0
RMSG.US,5,20251009,215500,1.91,1.91,1.86,1.86,1590,0
RMSG.US,5,20251010,153000,1.81,1.83,1.78,1.82,17655,0
RMSG.US,5,20251010,153500,1.79,1.8185,1.74,1.76,12571,0
RMSG.US,5,20251010,154000,1.73,1.79,1.7,1.79,14648,0
RMSG.US,5,20251010,154500,1.7675,1.7776,1.76,1.7776,1177,0
RMSG.US,5,20251010,155000,1.75,1.7635,1.75,1.7575,5534,0
RMSG.US,5,20251010,155500,1.7599,1.79,1.73,1.79,3583,0
RMSG.US,5,20251010,160000,1.7566,1.81,1.7497,1.7497,11160,0
RMSG.US,5,20251010,160500,1.74,1.755,1.74,1.75,461,0
RMSG.US,5,20251010,161000,1.7543,1.79,1.7543,1.78,6282,0
RMSG.US,5,20251010,161500,1.77,1.77,1.77,1.77,100,0
RMSG.US,5,20251010,162000,1.78,1.78,1.77,1.7783,940,0
RMSG.US,5,20251010,162500,1.78,1.79,1.76,1.775,9054,0
RMSG.US,5,20251010,163000,1.776,1.78,1.76,1.774,2927,0
RMSG.US,5,20251010,163500,1.7503,1.78,1.7503,1.78,1165,0
RMSG.US,5,20251010,164000,1.77,1.8,1.77,1.8,2242,0
RMSG.US,5,20251010,164500,1.78,1.78,1.78,1.78,100,0
RMSG.US,5,20251010,165000,1.8,1.8,1.76,1.775,2392,0
RMSG.US,5,20251010,165500,1.78,1.78,1.78,1.78,2100,0
RMSG.US,5,20251010,170000,1.78,1.79,1.7637,1.78,1853,0
RMSG.US,5,20251010,170500,1.776,1.8,1.776,1.78,2762,0
RMSG.US,5,20251010,171000,1.78,1.8139,1.78,1.8139,4966,0
RMSG.US,5,20251010,171500,1.82,1.86,1.8078,1.8179,2855,0
RMSG.US,5,20251010,172000,1.82,1.83,1.82,1.83,1900,0
RMSG.US,5,20251010,172500,1.81,1.82,1.81,1.82,428,0
RMSG.US,5,20251010,173000,1.82,1.82,1.8,1.8,2125,0
RMSG.US,5,20251010,173500,1.8035,1.8166,1.79,1.8166,2350,0
RMSG.US,5,20251010,174000,1.812,1.82,1.8,1.82,1720,0
RMSG.US,5,20251010,174500,1.82,1.83,1.82,1.82,1250,0
RMSG.US,5,20251010,175000,1.83,1.95,1.83,1.8801,9632,0
RMSG.US,5,20251010,175500,1.89,1.9392,1.88,1.8812,1119,0
RMSG.US,5,20251010,180000,1.89,1.89,1.8813,1.8814,1132,0
RMSG.US,5,20251010,180500,1.87,1.8701,1.87,1.87,1279,0
RMSG.US,5,20251010,181000,1.8521,1.87,1.8521,1.87,1221,0
RMSG.US,5,20251010,182500,1.8505,1.8505,1.85,1.85,443,0
RMSG.US,5,20251010,183000,1.8551,1.8551,1.8551,1.8551,250,0
RMSG.US,5,20251010,183500,1.9,1.9,1.875,1.875,5023,0
RMSG.US,5,20251010,184000,1.88,1.89,1.85,1.8606,2058,0
RMSG.US,5,20251010,184500,1.8673,1.87,1.855,1.87,1620,0
RMSG.US,5,20251010,185000,1.86,1.92,1.85,1.9,800,0
RMSG.US,5,20251010,185500,1.9056,1.9112,1.9,1.91,2203,0
RMSG.US,5,20251010,190000,1.91,1.91,1.91,1.91,200,0
RMSG.US,5,20251010,190500,1.95,2.14,1.95,2.13,35389,0
RMSG.US,5,20251010,191000,2.1387,2.18,1.95,1.966,32180,0
RMSG.US,5,20251010,191500,1.9,2.04,1.9,2.03,4774,0
RMSG.US,5,20251010,192000,2.03,2.0619,2.03,2.0619,1500,0
RMSG.US,5,20251010,192500,2.06,2.1,2.0215,2.0215,1547,0
RMSG.US,5,20251010,193000,2.0201,2.0201,2,2,2157,0
RMSG.US,5,20251010,193500,1.96,2.01,1.96,1.98,1430,0
RMSG.US,5,20251010,194000,1.98,2.06,1.9214,1.9214,1700,0
RMSG.US,5,20251010,194500,1.9207,1.9986,1.9207,1.98,1499,0
RMSG.US,5,20251010,195000,1.93,2.14,1.8401,2.14,15318,0
RMSG.US,5,20251010,195500,2.144,2.15,1.9401,1.972,20241,0
RMSG.US,5,20251010,200000,2.08,2.08,2.01,2.01,500,0
RMSG.US,5,20251010,200500,1.95,2.09,1.95,2.09,2000,0
RMSG.US,5,20251010,201000,2.0867,2.0867,2.0867,2.0867,2392,0
RMSG.US,5,20251010,201500,2.09,2.09,2,2,1100,0
RMSG.US,5,20251010,202000,2.05,2.05,2.05,2.05,100,0
RMSG.US,5,20251010,202500,2.08,2.08,2.0465,2.0465,738,0
RMSG.US,5,20251010,203000,2.025,2.025,1.96,1.96,1266,0
RMSG.US,5,20251010,203500,1.96,1.96,1.96,1.96,3133,0
RMSG.US,5,20251010,204000,1.95,1.95,1.95,1.95,400,0
RMSG.US,5,20251010,205500,1.96,1.96,1.96,1.96,400,0
RMSG.US,5,20251010,210000,2,2,2,2,100,0
RMSG.US,5,20251010,210500,1.97,1.97,1.955,1.96,4571,0
RMSG.US,5,20251010,211500,1.95,1.95,1.95,1.95,200,0
RMSG.US,5,20251010,212000,1.9786,1.9786,1.9786,1.9786,1000,0
RMSG.US,5,20251010,212500,1.97,2,1.96,2,1900,0
RMSG.US,5,20251010,213000,1.9511,2.05,1.95,2.05,6617,0
RMSG.US,5,20251010,213500,2.006,2.0101,1.99,1.99,5251,0
RMSG.US,5,20251010,214500,2.01,2.0637,2.01,2.0637,2243,0
RMSG.US,5,20251010,215000,2.07,2.07,1.9509,1.9509,2932,0
RMSG.US,5,20251010,215500,1.968,2.02,1.9501,2.02,6486,0
RMSG.US,5,20251013,153000,1.87,1.94,1.82,1.87,4860,0
RMSG.US,5,20251013,154000,1.95,1.95,1.9348,1.9348,259,0
RMSG.US,5,20251013,155500,1.8751,1.8751,1.8751,1.8751,130,0
RMSG.US,5,20251013,160000,1.9,1.95,1.8584,1.9,1812,0
RMSG.US,5,20251013,160500,1.865,1.87,1.86,1.86,600,0
RMSG.US,5,20251013,161000,1.8601,1.87,1.8006,1.8006,7360,0
RMSG.US,5,20251013,161500,1.8062,1.83,1.8062,1.83,490,0
RMSG.US,5,20251013,162500,1.835,1.835,1.835,1.835,100,0
RMSG.US,5,20251013,164000,1.8101,1.8101,1.8101,1.8101,150,0
RMSG.US,5,20251013,171500,1.88,1.88,1.88,1.88,100,0
RMSG.US,5,20251013,172000,1.94,1.94,1.87,1.87,1155,0
RMSG.US,5,20251013,172500,1.88,1.88,1.845,1.85,1300,0
RMSG.US,5,20251013,175000,1.8501,1.94,1.8501,1.94,300,0
RMSG.US,5,20251013,175500,1.86,1.86,1.86,1.86,400,0
RMSG.US,5,20251013,180000,1.895,1.895,1.8501,1.8501,400,0
RMSG.US,5,20251013,181000,1.89,1.89,1.89,1.89,100,0
RMSG.US,5,20251013,182000,1.8831,1.93,1.8462,1.93,300,0
RMSG.US,5,20251013,182500,1.93,1.93,1.885,1.93,300,0
RMSG.US,5,20251013,183000,1.93,1.93,1.8788,1.93,400,0
RMSG.US,5,20251013,184000,1.9,1.9,1.9,1.9,200,0
RMSG.US,5,20251013,184500,1.8481,1.89,1.84,1.88,1209,0
RMSG.US,5,20251013,185000,1.86,1.89,1.85,1.85,700,0
RMSG.US,5,20251013,190000,1.82,1.85,1.8,1.8,5189,0
RMSG.US,5,20251013,192000,1.7708,1.7708,1.7708,1.7708,100,0
RMSG.US,5,20251013,192500,1.77,1.77,1.7601,1.7601,883,0
RMSG.US,5,20251013,194000,1.805,1.805,1.805,1.805,100,0
RMSG.US,5,20251013,194500,1.7,1.7899,1.7,1.7899,3250,0
RMSG.US,5,20251013,195500,1.745,1.81,1.745,1.81,4846,0
RMSG.US,5,20251013,200000,1.8,1.8,1.8,1.8,100,0
RMSG.US,5,20251013,203500,1.79,1.85,1.79,1.85,3108,0
RMSG.US,5,20251013,211000,1.825,1.825,1.8101,1.8101,1477,0
RMSG.US,5,20251013,211500,1.8303,1.895,1.8303,1.895,300,0
RMSG.US,5,20251013,212500,1.86,1.88,1.86,1.88,1100,0
RMSG.US,5,20251013,213000,1.94,1.94,1.94,1.94,133,0
RMSG.US,5,20251013,215000,1.8901,1.8901,1.8901,1.8901,100,0
RMSG.US,5,20251013,215500,1.81,1.81,1.8,1.8,841,0
RMSG.US,5,20251014,153000,1.73,1.77,1.73,1.77,235,0
RMSG.US,5,20251014,153500,1.74,1.74,1.74,1.74,2000,0
RMSG.US,5,20251014,154000,1.753,1.753,1.74,1.74,719,0
RMSG.US,5,20251014,154500,1.75,1.77,1.75,1.77,1487,0
RMSG.US,5,20251014,155000,1.74,1.79,1.74,1.79,300,0
RMSG.US,5,20251014,160000,1.81,1.81,1.81,1.81,100,0
RMSG.US,5,20251014,161500,1.8002,1.805,1.7791,1.805,400,0
RMSG.US,5,20251014,162000,1.85,1.85,1.7701,1.8045,664,0
RMSG.US,5,20251014,162500,1.81,1.94,1.8,1.9,5384,0
RMSG.US,5,20251014,163000,1.7853,1.9,1.7701,1.9,1800,0
RMSG.US,5,20251014,164000,1.9,1.9,1.7701,1.783,1300,0
RMSG.US,5,20251014,165000,1.8181,1.8528,1.8181,1.8488,413,0
RMSG.US,5,20251014,165500,1.8258,1.8321,1.81,1.8321,3418,0
RMSG.US,5,20251014,173000,1.8536,1.8536,1.8536,1.8536,150,0
RMSG.US,5,20251014,174000,1.84,1.85,1.79,1.85,2468,0
RMSG.US,5,20251014,174500,1.88,1.9,1.865,1.865,1122,0
RMSG.US,5,20251014,181000,1.8628,1.8628,1.86,1.86,600,0
RMSG.US,5,20251014,183000,1.85,1.86,1.85,1.86,2000,0
RMSG.US,5,20251014,184500,1.84,1.84,1.84,1.84,100,0
RMSG.US,5,20251014,190500,1.835,1.835,1.835,1.835,1000,0
RMSG.US,5,20251014,191000,1.86,1.9,1.86,1.899,2000,0
RMSG.US,5,20251014,191500,1.9,1.9,1.9,1.9,1484,0
RMSG.US,5,20251014,193000,1.88,1.9,1.88,1.89,6485,0
RMSG.US,5,20251014,194500,1.9,1.9,1.885,1.9,4625,0
RMSG.US,5,20251014,195000,1.885,1.885,1.885,1.885,100,0
RMSG.US,5,20251014,195500,1.9,1.92,1.9,1.92,200,0
RMSG.US,5,20251014,200000,1.8967,1.8967,1.8967,1.8967,100,0
RMSG.US,5,20251014,201000,1.92,1.92,1.86,1.86,200,0
RMSG.US,5,20251014,215000,1.89,1.89,1.89,1.89,355,0
RMSG.US,5,20251014,215500,1.92,1.92,1.92,1.92,100,0
RMSG.US,5,20251015,153000,1.9,1.9,1.88,1.88,1522,0
RMSG.US,5,20251015,153500,1.89,1.89,1.8801,1.8805,2200,0
RMSG.US,5,20251015,160000,1.92,1.94,1.92,1.94,1400,0
RMSG.US,5,20251015,161500,1.94,1.94,1.94,1.94,100,0
RMSG.US,5,20251015,164500,1.96,1.96,1.9428,1.9428,2000,0
RMSG.US,5,20251015,171500,1.96,1.96,1.96,1.96,123,0
RMSG.US,5,20251015,172500,1.95,1.95,1.95,1.95,100,0
RMSG.US,5,20251015,174500,1.95,1.95,1.9401,1.9401,589,0
RMSG.US,5,20251015,180000,1.9412,1.9412,1.9412,1.9412,100,0
RMSG.US,5,20251015,184500,1.94,1.94,1.91,1.91,1613,0
RMSG.US,5,20251015,190500,1.91,1.91,1.91,1.91,432,0
RMSG.US,5,20251015,191000,1.87,1.87,1.87,1.87,500,0
RMSG.US,5,20251015,192000,1.895,1.895,1.895,1.895,100,0
RMSG.US,5,20251015,194500,1.88,1.88,1.88,1.88,500,0
RMSG.US,5,20251015,213000,1.92,2.46,1.88,2.3101,284053,0
RMSG.US,5,20251015,213500,2.32,2.6,2.25,2.56,279226,0
RMSG.US,5,20251015,214000,2.56,2.58,2.35,2.45,117741,0
RMSG.US,5,20251015,214500,2.5,2.88,2.46,2.74,188203,0
RMSG.US,5,20251015,215000,2.74,2.79,2.55,2.68,109934,0
RMSG.US,5,20251015,215500,2.68,2.74,2.6,2.64,58737,0
RMSG.US,5,20251016,153000,2.65,2.84,2.6008,2.636,31209,0
RMSG.US,5,20251016,153500,2.705,2.97,2.63,2.89,28905,0
RMSG.US,5,20251016,154000,2.81,2.8889,2.71,2.8448,14698,0
RMSG.US,5,20251016,154500,2.78,2.83,2.71,2.71,9388,0
RMSG.US,5,20251016,155000,2.74,2.7699,2.74,2.7693,4572,0
RMSG.US,5,20251016,155500,2.75,2.7869,2.7,2.7869,3935,0
RMSG.US,5,20251016,160000,2.7109,2.7551,2.7109,2.7201,2550,0
RMSG.US,5,20251016,160500,2.8685,2.87,2.82,2.8242,2332,0
RMSG.US,5,20251016,161000,2.7378,2.82,2.7378,2.82,1710,0
RMSG.US,5,20251016,161500,2.85,2.87,2.82,2.82,4085,0
RMSG.US,5,20251016,162000,2.84,2.84,2.795,2.795,1051,0
RMSG.US,5,20251016,163000,2.82,2.83,2.8,2.8,1391,0
RMSG.US,5,20251016,163500,2.8116,2.86,2.8116,2.86,2176,0
RMSG.US,5,20251016,164000,2.8445,2.87,2.82,2.82,9630,0
RMSG.US,5,20251016,164500,2.8207,2.8207,2.8207,2.8207,241,0
RMSG.US,5,20251016,165500,2.8203,2.86,2.82,2.86,400,0
RMSG.US,5,20251016,170000,2.86,2.9299,2.86,2.87,5862,0
RMSG.US,5,20251016,170500,2.895,2.99,2.8365,2.89,12762,0
RMSG.US,5,20251016,171000,2.94,2.95,2.83,2.9185,6108,0
RMSG.US,5,20251016,171500,2.881,2.9,2.881,2.8851,4498,0
RMSG.US,5,20251016,172000,2.885,2.885,2.8301,2.8301,7509,0
RMSG.US,5,20251016,172500,2.85,2.92,2.8301,2.91,1283,0
RMSG.US,5,20251016,173000,2.9,2.9,2.8309,2.885,1148,0
RMSG.US,5,20251016,173500,2.94,2.95,2.89,2.9091,7253,0
RMSG.US,5,20251016,174000,2.91,2.91,2.85,2.875,775,0
RMSG.US,5,20251016,174500,2.89,2.89,2.89,2.89,401,0
RMSG.US,5,20251016,175000,2.89,2.89,2.875,2.89,1686,0
RMSG.US,5,20251016,175500,2.9,2.9,2.9,2.9,485,0
RMSG.US,5,20251016,180000,2.9,2.9,2.8605,2.8605,213,0
RMSG.US,5,20251016,180500,2.9398,2.94,2.9387,2.94,1270,0
RMSG.US,5,20251016,181000,2.94,2.94,2.88,2.89,2545,0
RMSG.US,5,20251016,181500,2.88,2.88,2.85,2.8504,400,0
RMSG.US,5,20251016,182000,2.8601,2.88,2.85,2.86,777,0
RMSG.US,5,20251016,182500,2.89,2.89,2.89,2.89,1056,0
RMSG.US,5,20251016,183000,2.89,2.89,2.89,2.89,400,0
RMSG.US,5,20251016,183500,2.9,2.9,2.89,2.89,600,0
RMSG.US,5,20251016,184000,2.9,2.9293,2.86,2.88,2504,0
RMSG.US,5,20251016,184500,2.93,2.95,2.93,2.95,3339,0
RMSG.US,5,20251016,185000,2.9,2.95,2.8901,2.9487,2005,0
RMSG.US,5,20251016,185500,2.95,2.95,2.9441,2.95,8332,0
RMSG.US,5,20251016,190000,2.9251,3,2.92,2.92,3693,0
RMSG.US,5,20251016,190500,2.97,2.99,2.9043,2.9043,2717,0
RMSG.US,5,20251016,191000,2.99,3.06,2.97,3.0392,17387,0
RMSG.US,5,20251016,191500,3.04,3.04,2.9522,3.02,2597,0
RMSG.US,5,20251016,192000,3.02,3.04,2.95,3.04,7043,0
RMSG.US,5,20251016,192500,3.0289,3.03,2.95,2.96,1361,0
RMSG.US,5,20251016,193000,2.985,3.04,2.985,3.02,1100,0
RMSG.US,5,20251016,193500,3.01,3.02,2.99,2.99,1565,0
RMSG.US,5,20251016,194000,2.9999,3.0993,2.95,3.0993,12295,0
RMSG.US,5,20251016,194500,3.07,3.4,3.07,3.2601,24725,0
RMSG.US,5,20251016,195000,3.26,3.3,3.11,3.26,24133,0
RMSG.US,5,20251016,195500,3.29,3.3999,3.16,3.3915,11622,0
RMSG.US,5,20251016,200000,3.4,3.4,3.2,3.35,12457,0
RMSG.US,5,20251016,200500,3.3,3.41,3.27,3.3959,16380,0
RMSG.US,5,20251016,201000,3.36,3.45,2.9575,3,38860,0
RMSG.US,5,20251016,201500,3.01,3.03,2.8,2.97,42146,0
RMSG.US,5,20251016,202000,2.881,2.95,2.87,2.89,14730,0
RMSG.US,5,20251016,202500,2.87,2.9,2.87,2.9,1290,0
RMSG.US,5,20251016,203000,2.87,2.89,2.86,2.8707,2400,0
RMSG.US,5,20251016,203500,2.87,2.9999,2.87,2.9614,13849,0
RMSG.US,5,20251016,204000,2.87,2.99,2.87,2.98,1980,0
RMSG.US,5,20251016,204500,2.925,2.99,2.8708,2.935,7418,0
RMSG.US,5,20251016,205000,2.98,3.2,2.98,3.2,13601,0
RMSG.US,5,20251016,205500,3.18,3.4,3.18,3.3295,18724,0
RMSG.US,5,20251016,210000,3.28,3.28,3.1,3.2,9398,0
RMSG.US,5,20251016,210500,3.2,3.21,3.16,3.2,750,0
RMSG.US,5,20251016,211000,3.19,3.19,3.1199,3.13,1446,0
RMSG.US,5,20251016,211500,3.12,3.12,3,3.1,4554,0
RMSG.US,5,20251016,212000,3.001,3.08,3,3.08,4575,0
RMSG.US,5,20251016,212500,3.05,3.05,3.05,3.05,399,0
RMSG.US,5,20251016,213000,3.09,3.12,3.08,3.08,1727,0
RMSG.US,5,20251016,213500,3.11,3.12,3.04,3.05,3750,0
RMSG.US,5,20251016,214000,3.05,3.05,3.05,3.05,100,0
RMSG.US,5,20251016,214500,3.02,3.0318,3,3,4814,0
RMSG.US,5,20251016,215000,2.98,3.17,2.9001,3.11,4542,0
RMSG.US,5,20251016,215500,3.0242,3.2,3.0242,3.2,31092,0
RMSG.US,5,20251017,153000,3.06,3.1301,2.73,2.82,14129,0
RMSG.US,5,20251017,153500,2.82,3,2.805,2.9202,2832,0
RMSG.US,5,20251017,154000,2.87,2.956,2.8201,2.905,1892,0
RMSG.US,5,20251017,154500,2.925,2.94,2.8,2.875,4069,0
RMSG.US,5,20251017,155000,2.8301,2.88,2.8301,2.88,2234,0
RMSG.US,5,20251017,155500,2.89,2.89,2.89,2.89,100,0
RMSG.US,5,20251017,160000,2.915,2.915,2.83,2.8762,2666,0
RMSG.US,5,20251017,160500,2.9064,2.9064,2.8311,2.8311,200,0
RMSG.US,5,20251017,161000,2.83,2.89,2.83,2.84,7896,0
RMSG.US,5,20251017,161500,2.8015,2.875,2.73,2.73,3480,0
RMSG.US,5,20251017,162000,2.79,2.79,2.7582,2.7582,2255,0
RMSG.US,5,20251017,163000,2.8,2.8224,2.73,2.81,1673,0
RMSG.US,5,20251017,163500,2.75,2.75,2.75,2.75,191,0
RMSG.US,5,20251017,164000,2.73,2.75,2.73,2.75,1153,0
RMSG.US,5,20251017,165000,2.73,2.73,2.73,2.73,100,0
RMSG.US,5,20251017,165500,2.7461,2.7461,2.7461,2.7461,158,0
RMSG.US,5,20251017,171000,2.73,2.73,2.73,2.73,2512,0
RMSG.US,5,20251017,171500,2.75,2.75,2.7,2.71,2195,0
RMSG.US,5,20251017,172000,2.7001,2.7001,2.6,2.6,6546,0
RMSG.US,5,20251017,172500,2.6,2.6001,2.6,2.6,1900,0
RMSG.US,5,20251017,173000,2.59,2.6,2.56,2.56,8763,0
RMSG.US,5,20251017,173500,2.56,2.57,2.5,2.5599,4270,0
RMSG.US,5,20251017,174000,2.5599,2.5599,2.5599,2.5599,250,0
RMSG.US,5,20251017,174500,2.3818,2.48,2.3818,2.47,930,0
RMSG.US,5,20251017,175000,2.48,2.48,2.38,2.38,262,0
RMSG.US,5,20251017,175500,2.38,2.412785,2.38,2.412785,799,0
RMSG.US,5,20251017,180500,2.44,2.44,2.4,2.4,350,0
RMSG.US,5,20251017,181000,2.4,2.42,2.37,2.37,4052,0
RMSG.US,5,20251017,181500,2.35,2.35,2.31,2.31,2123,0
RMSG.US,5,20251017,182500,2.2992,2.2992,2.2992,2.2992,780,0
RMSG.US,5,20251017,183000,2.29,2.3,2.27,2.27,16200,0
RMSG.US,5,20251017,183500,2.29,2.29,2.27,2.27,1200,0
RMSG.US,5,20251017,184000,2.24,2.255,2.21,2.21,7294,0
RMSG.US,5,20251017,184500,2.19,2.23,2.18,2.22,8100,0
RMSG.US,5,20251017,185000,2.23,2.24,2.23,2.24,700,0
RMSG.US,5,20251017,185500,2.24,2.299,2.24,2.299,1748,0
RMSG.US,5,20251017,190500,2.27,2.2879,2.2618,2.2618,800,0
RMSG.US,5,20251017,191000,2.27,2.27,2.267,2.27,1800,0
RMSG.US,5,20251017,191500,2.286,2.286,2.286,2.286,400,0
RMSG.US,5,20251017,192000,2.2729,2.2999,2.2729,2.2999,800,0
RMSG.US,5,20251017,192500,2.2997,2.315,2.29,2.315,4796,0
RMSG.US,5,20251017,193000,2.315,2.34,2.315,2.3398,1440,0
RMSG.US,5,20251017,193500,2.33,2.37,2.26,2.26,3215,0
RMSG.US,5,20251017,194500,2.2593,2.26,2.2593,2.26,1890,0
RMSG.US,5,20251017,195000,2.29,2.29,2.29,2.29,137,0
RMSG.US,5,20251017,200000,2.34,2.35,2.34,2.34,493,0
RMSG.US,5,20251017,202500,2.3685,2.4662,2.3685,2.4662,224,0
RMSG.US,5,20251017,203500,2.4599,2.4599,2.4599,2.4599,275,0
RMSG.US,5,20251017,204000,2.3601,2.3601,2.3601,2.3601,275,0
RMSG.US,5,20251017,204500,2.4,2.4015,2.4,2.4015,2105,0
RMSG.US,5,20251017,205000,2.4084,2.4084,2.4084,2.4084,200,0
RMSG.US,5,20251017,205500,2.405,2.43,2.405,2.4296,6093,0
RMSG.US,5,20251017,210000,2.4298,2.4299,2.4298,2.4299,967,0
RMSG.US,5,20251017,211500,2.4001,2.41,2.4001,2.41,1500,0
RMSG.US,5,20251017,212000,2.39,2.4,2.38,2.38,2448,0
RMSG.US,5,20251017,212500,2.38,2.38,2.38,2.38,690,0
RMSG.US,5,20251017,213000,2.36,2.3601,2.33,2.33,765,0
RMSG.US,5,20251017,213500,2.32,2.32,2.25,2.25,578,0
RMSG.US,5,20251017,214000,2.254,2.32,2.254,2.3,661,0
RMSG.US,5,20251017,214500,2.27,2.41,2.27,2.41,2663,0
RMSG.US,5,20251017,215000,2.4291,2.4291,2.3925,2.3925,920,0
RMSG.US,5,20251017,215500,2.4299,2.4299,2.3867,2.42,2950,0
RMSG.US,5,20251020,153000,2.31,2.35,2.31,2.35,13263,0
RMSG.US,5,20251020,153500,2.3695,2.37,2.3695,2.37,200,0
RMSG.US,5,20251020,154000,2.41,2.42,2.41,2.42,1705,0
RMSG.US,5,20251020,154500,2.42,2.42,2.3725,2.375,3241,0
RMSG.US,5,20251020,155500,2.38,2.38,2.3702,2.3702,1000,0
RMSG.US,5,20251020,160500,2.385,2.43,2.385,2.43,500,0
RMSG.US,5,20251020,161500,2.46,2.46,2.46,2.46,693,0
RMSG.US,5,20251020,162000,2.415,2.415,2.39,2.39,650,0
RMSG.US,5,20251020,164000,2.4,2.4,2.4,2.4,106,0
RMSG.US,5,20251020,165000,2.4002,2.4002,2.4,2.4,1500,0
RMSG.US,5,20251020,170500,2.42,2.4399,2.42,2.42,2933,0
RMSG.US,5,20251020,171000,2.42,2.42,2.3456,2.3456,721,0
RMSG.US,5,20251020,172500,2.3301,2.3301,2.3301,2.3301,200,0
RMSG.US,5,20251020,173000,2.36,2.36,2.36,2.36,105,0
RMSG.US,5,20251020,183000,2.35,2.35,2.3406,2.35,600,0
RMSG.US,5,20251020,183500,2.3402,2.3402,2.3402,2.3402,1674,0
RMSG.US,5,20251020,185500,2.34,2.34,2.34,2.34,900,0
RMSG.US,5,20251020,193000,2.34,2.34,2.34,2.34,100,0
RMSG.US,5,20251020,194000,2.34,2.34,2.34,2.34,100,0
RMSG.US,5,20251020,194500,2.39,2.39,2.39,2.39,1012,0
RMSG.US,5,20251020,200500,2.34,2.342,2.34,2.342,500,0
RMSG.US,5,20251020,202000,2.3401,2.3401,2.3401,2.3401,400,0
RMSG.US,5,20251020,202500,2.342,2.342,2.342,2.342,400,0
RMSG.US,5,20251020,203000,2.3401,2.3401,2.34,2.34,400,0
RMSG.US,5,20251020,204000,2.34,2.3467,2.34,2.3467,688,0
RMSG.US,5,20251020,211000,2.31,2.3209,2.31,2.3209,408,0
RMSG.US,5,20251020,211500,2.3,2.3,2.3,2.3,100,0
RMSG.US,5,20251020,212000,2.3,2.3,2.2702,2.28,1600,0
RMSG.US,5,20251020,213000,2.27,2.3,2.27,2.3,2031,0
RMSG.US,5,20251020,213500,2.29,2.29,2.29,2.29,300,0
RMSG.US,5,20251020,214000,2.28,2.28,2.27,2.28,1400,0
RMSG.US,5,20251020,214500,2.2501,2.2501,2.22,2.24,1906,0
RMSG.US,5,20251020,215000,2.2201,2.27,2.2201,2.255,1111,0
RMSG.US,5,20251020,215500,2.232,2.24,2.232,2.24,390,0
RMSG.US,5,20251021,153000,2.41,2.41,2.41,2.41,617,0
RMSG.US,5,20251021,153500,2.44,2.44,2.44,2.44,186,0
RMSG.US,5,20251021,154000,2.37,2.3899,2.3306,2.3306,1067,0
RMSG.US,5,20251021,154500,2.33,2.35,2.28,2.35,600,0
RMSG.US,5,20251021,160000,2.2705,2.2705,2.2705,2.2705,186,0
RMSG.US,5,20251021,161000,2.285,2.305,2.27,2.305,2177,0
RMSG.US,5,20251021,162000,2.3,2.3,2.3,2.3,178,0
RMSG.US,5,20251021,162500,2.36,2.36,2.23,2.23,1100,0
RMSG.US,5,20251021,172000,2.295,2.295,2.295,2.295,141,0
RMSG.US,5,20251021,173000,2.37,2.37,2.37,2.37,100,0
RMSG.US,5,20251021,173500,2.3699,2.3699,2.3699,2.3699,341,0
RMSG.US,5,20251021,174000,2.24,2.24,2.24,2.24,167,0
RMSG.US,5,20251021,180000,2.305,2.305,2.305,2.305,2000,0
RMSG.US,5,20251021,180500,2.3581,2.3581,2.3581,2.3581,300,0
RMSG.US,5,20251021,184000,2.32,2.32,2.32,2.32,300,0
RMSG.US,5,20251021,185000,2.32,2.32,2.32,2.32,158,0
RMSG.US,5,20251021,203000,2.32,2.32,2.32,2.32,100,0
RMSG.US,5,20251021,210500,2.3101,2.3101,2.3101,2.3101,100,0
RMSG.US,5,20251021,214000,2.31,2.311,2.31,2.311,600,0
RMSG.US,5,20251021,215500,2.32,2.36,2.3,2.36,646,0
RMSG.US,5,20251022,153000,2.27,2.32,2.19,2.19,2483,0
RMSG.US,5,20251022,155000,2.23,2.23,2.21,2.21,200,0
RMSG.US,5,20251022,155500,2.1968,2.1968,2.1968,2.1968,104,0
RMSG.US,5,20251022,160000,2.19,2.19,2.19,2.19,300,0
RMSG.US,5,20251022,162000,2.22,2.22,2.22,2.22,300,0
RMSG.US,5,20251022,162500,2.252,2.252,2.252,2.252,500,0
RMSG.US,5,20251022,163000,2.21,2.21,2.1101,2.1101,1971,0
RMSG.US,5,20251022,164000,2.17,2.17,2.17,2.17,100,0
RMSG.US,5,20251022,165500,2.1301,2.1438,2.1301,2.1438,1653,0
RMSG.US,5,20251022,170000,2.15,2.15,2.13,2.13,550,0
RMSG.US,5,20251022,170500,2.1304,2.1304,2.1304,2.1304,1000,0
RMSG.US,5,20251022,171000,2.1301,2.1301,2.1301,2.1301,100,0
RMSG.US,5,20251022,173500,2.13,2.13,2.13,2.13,100,0
RMSG.US,5,20251022,174000,2.2,2.2,2.2,2.2,100,0
RMSG.US,5,20251022,174500,2.1301,2.1301,2.1301,2.1301,4000,0
RMSG.US,5,20251022,175500,2.16,2.16,2.15,2.15,831,0
RMSG.US,5,20251022,181000,2.1782,2.1782,2.1782,2.1782,4000,0
RMSG.US,5,20251022,181500,2.18,2.22,2.179,2.22,11600,0
RMSG.US,5,20251022,183000,2.205,2.23,2.205,2.23,350,0
RMSG.US,5,20251022,184000,2.2023,2.2023,2.2023,2.2023,630,0
RMSG.US,5,20251022,193500,2.2,2.2,2.2,2.2,200,0
RMSG.US,5,20251022,200000,2.1913,2.1913,2.1913,2.1913,150,0
RMSG.US,5,20251022,201000,2.2003,2.2003,2.2003,2.2003,250,0
RMSG.US,5,20251022,201500,2.2,2.2,2.2,2.2,100,0
RMSG.US,5,20251022,203000,2.2,2.2,2.2,2.2,100,0
RMSG.US,5,20251022,204000,2.2,2.2,2.2,2.2,100,0
RMSG.US,5,20251022,210000,2.2074,2.2074,2.2074,2.2074,154,0
RMSG.US,5,20251022,213000,2.23,2.25,2.23,2.25,450,0
RMSG.US,5,20251022,213500,2.2401,2.2401,2.2401,2.2401,151,0
RMSG.US,5,20251022,214500,2.239,2.25,2.239,2.25,400,0
RMSG.US,5,20251022,215500,2.26,2.26,2.26,2.26,200,0
RMSG.US,5,20251023,153000,2.36,2.36,2.36,2.36,2557,0
RMSG.US,5,20251023,153500,2.2,2.2,2.0999,2.0999,11762,0
RMSG.US,5,20251023,154000,2.235,2.235,2.235,2.235,100,0
RMSG.US,5,20251023,154500,2.275,2.275,2.225,2.225,300,0
RMSG.US,5,20251023,155500,2.206,2.206,2.206,2.206,300,0
RMSG.US,5,20251023,160000,2.22,2.22,2.1301,2.1301,10609,0
RMSG.US,5,20251023,160500,2.21,2.21,2.21,2.21,900,0
RMSG.US,5,20251023,161500,2.1775,2.1775,2.1775,2.1775,300,0
RMSG.US,5,20251023,162000,2.26,2.26,2.26,2.26,100,0
RMSG.US,5,20251023,163000,2.2139,2.2139,2.2139,2.2139,317,0
RMSG.US,5,20251023,171000,2.22,2.22,2.22,2.22,100,0
RMSG.US,5,20251023,173000,2.26,2.26,2.26,2.26,100,0
RMSG.US,5,20251023,181500,2.27,2.27,2.25,2.25,1600,0
RMSG.US,5,20251023,194500,2.2801,2.2801,2.2801,2.2801,100,0
RMSG.US,5,20251023,201000,2.29,2.29,2.29,2.29,100,0
RMSG.US,5,20251023,213000,2.32,2.32,2.32,2.32,490,0
RMSG.US,5,20251023,215500,2.2601,2.27,2.2601,2.27,800,0
RMSG.US,5,20251024,153000,2.24,2.24,2.24,2.24,179,0
RMSG.US,5,20251024,154500,2.27,2.27,2.27,2.27,223,0
RMSG.US,5,20251024,155000,2.2405,2.2405,2.2405,2.2405,3900,0
RMSG.US,5,20251024,160000,2.27,2.27,2.27,2.27,100,0
RMSG.US,5,20251024,160500,2.2031,2.2031,2.2031,2.2031,100,0
RMSG.US,5,20251024,161500,2.29,2.29,2.29,2.29,100,0
RMSG.US,5,20251024,163000,2.28,2.2883,2.28,2.28,4100,0
RMSG.US,5,20251024,170500,2.28,2.29,2.27,2.29,1487,0
RMSG.US,5,20251024,171500,2.3,2.31,2.3,2.31,400,0
RMSG.US,5,20251024,172000,2.35,2.35,2.35,2.35,2000,0
RMSG.US,5,20251024,181500,2.33,2.33,2.19,2.295,7130,0
RMSG.US,5,20251024,190000,2.3365,2.3365,2.3365,2.3365,2000,0
RMSG.US,5,20251024,192000,2.335,2.36,2.335,2.36,500,0
RMSG.US,5,20251024,193500,2.38,2.38,2.38,2.38,400,0
RMSG.US,5,20251024,194000,2.38,2.38,2.38,2.38,2700,0
RMSG.US,5,20251024,194500,2.3207,2.3651,2.3207,2.3651,1100,0
RMSG.US,5,20251024,205500,2.4099,2.4099,2.4099,2.4099,1000,0
RMSG.US,5,20251024,210500,2.3969,2.3969,2.3969,2.3969,400,0
RMSG.US,5,20251024,211000,2.34,2.34,2.34,2.34,100,0
RMSG.US,5,20251024,212500,2.27,2.34,2.27,2.34,500,0
RMSG.US,5,20251024,213000,2.34,2.34,2.34,2.34,100,0
RMSG.US,5,20251024,213500,2.34,2.34,2.34,2.34,100,0
RMSG.US,5,20251024,214000,2.34,2.34,2.34,2.34,100,0
RMSG.US,5,20251024,215000,2.35,2.35,2.35,2.35,100,0
RMSG.US,5,20251024,215500,2.32,2.32,2.32,2.32,229,0
RMSG.US,5,20251027,143000,2.32,2.32,2.32,2.32,273,0
RMSG.US,5,20251027,143500,2.3,2.3,2.3,2.3,500,0
RMSG.US,5,20251027,150000,2.2714,2.2714,2.2714,2.2714,370,0
RMSG.US,5,20251027,151000,2.2921,2.2921,2.2921,2.2921,120,0
RMSG.US,5,20251027,152000,2.3399,2.34,2.33,2.34,2985,0
RMSG.US,5,20251027,154500,2.3533,2.3533,2.3533,2.3533,100,0
RMSG.US,5,20251027,162000,2.38,2.38,2.38,2.38,100,0
RMSG.US,5,20251027,163000,2.4,2.41,2.4,2.41,1100,0
RMSG.US,5,20251027,164000,2.485,2.485,2.485,2.485,260,0
RMSG.US,5,20251027,164500,2.46,2.51,2.43,2.48,9010,0
RMSG.US,5,20251027,165000,2.5,2.5,2.5,2.5,200,0
RMSG.US,5,20251027,165500,2.49,2.4901,2.48,2.4901,2400,0
RMSG.US,5,20251027,170000,2.4701,2.4701,2.4701,2.4701,3000,0
RMSG.US,5,20251027,172000,2.51,2.51,2.51,2.51,100,0
RMSG.US,5,20251027,173000,2.515,2.55,2.51,2.51,5400,0
RMSG.US,5,20251027,173500,2.515,2.515,2.515,2.515,100,0
RMSG.US,5,20251027,180500,2.51,2.51,2.5,2.5,600,0
RMSG.US,5,20251027,182500,2.51,2.51,2.51,2.51,158,0
RMSG.US,5,20251027,184500,2.4901,2.4901,2.4901,2.4901,250,0
RMSG.US,5,20251027,192500,2.471,2.471,2.471,2.471,100,0
RMSG.US,5,20251027,194000,2.5,2.5,2.5,2.5,100,0
RMSG.US,5,20251027,202000,2.505,2.505,2.505,2.505,144,0
RMSG.US,5,20251027,203000,2.48,2.48,2.375,2.375,2400,0
RMSG.US,5,20251027,205000,2.45,2.45,2.45,2.45,100,0
RMSG.US,5,20251027,205500,2.48,2.48,2.48,2.48,100,0
RMSG.US,5,20251028,143000,2.4,2.4,2.39,2.39,617,0
RMSG.US,5,20251028,144000,2.39,2.4,2.39,2.4,935,0
RMSG.US,5,20251028,144500,2.4,2.4,2.4,2.4,1000,0
RMSG.US,5,20251028,151000,2.455,2.455,2.455,2.455,100,0
RMSG.US,5,20251028,152000,2.43,2.43,2.43,2.43,200,0
RMSG.US,5,20251028,153000,2.4373,2.4373,2.4373,2.4373,100,0
RMSG.US,5,20251028,153500,2.49,2.53,2.48,2.48,6782,0
RMSG.US,5,20251028,163500,2.4601,2.4601,2.46,2.46,1100,0
RMSG.US,5,20251028,164000,2.46,2.46,2.46,2.46,100,0
RMSG.US,5,20251028,182000,2.4512,2.4512,2.4512,2.4512,1000,0
RMSG.US,5,20251028,184500,2.39,2.39,2.39,2.39,450,0
RMSG.US,5,20251028,200000,2.43,2.43,2.43,2.43,200,0
RMSG.US,5,20251028,200500,2.4263,2.4263,2.4263,2.4263,250,0
RMSG.US,5,20251028,201500,2.43,2.43,2.4249,2.4249,300,0
RMSG.US,5,20251028,205000,2.54,2.54,2.54,2.54,131,0
RMSG.US,5,20251028,205500,2.38,2.52,2.37,2.52,4999,0
RMSG.US,5,20251029,143000,2.45,2.45,2.45,2.45,447,0
RMSG.US,5,20251029,151500,2.4,2.4,2.4,2.4,350,0
RMSG.US,5,20251029,154000,2.395,2.395,2.395,2.395,200,0
RMSG.US,5,20251029,154500,2.4,2.4,2.4,2.4,200,0
RMSG.US,5,20251029,160000,2.35,2.35,2.35,2.35,260,0
RMSG.US,5,20251029,162500,2.3801,2.3801,2.3801,2.3801,120,0
RMSG.US,5,20251029,170000,2.3967,2.3967,2.3967,2.3967,102,0
RMSG.US,5,20251029,171500,2.43,2.43,2.43,2.43,100,0
RMSG.US,5,20251029,175000,2.4,2.4,2.3902,2.3902,500,0
RMSG.US,5,20251029,184500,2.47,2.47,2.47,2.47,100,0
RMSG.US,5,20251029,192000,2.3801,2.3801,2.3801,2.3801,250,0
RMSG.US,5,20251029,194000,2.42,2.42,2.42,2.42,1000,0
RMSG.US,5,20251029,205000,2.38,2.38,2.38,2.38,300,0
RMSG.US,5,20251029,205500,2.39,2.39,2.38,2.38,548,0
RMSG.US,5,20251030,143000,2.4,2.4,2.4,2.4,2900,0
RMSG.US,5,20251030,143500,2.3048,2.3048,2.3048,2.3048,300,0
RMSG.US,5,20251030,144000,2.33,2.33,2.26,2.26,1000,0
RMSG.US,5,20251030,144500,2.3498,2.3498,2.3498,2.3498,1000,0
RMSG.US,5,20251030,145000,2.3,2.35,2.2901,2.35,6342,0
RMSG.US,5,20251030,163500,2.32,2.32,2.32,2.32,217,0
RMSG.US,5,20251030,171000,2.3209,2.3209,2.3209,2.3209,3900,0
RMSG.US,5,20251030,171500,2.365,2.37,2.365,2.37,200,0
RMSG.US,5,20251030,174500,2.38,2.38,2.38,2.38,100,0
RMSG.US,5,20251030,180000,2.35,2.35,2.33,2.35,400,0
RMSG.US,5,20251031,143000,2.37,2.37,2.37,2.37,126,0
RMSG.US,5,20251031,144500,2.37,2.37,2.37,2.37,100,0
RMSG.US,5,20251031,145000,2.37,2.37,2.37,2.37,1003,0
RMSG.US,5,20251031,145500,2.37,2.37,2.36,2.36,200,0
RMSG.US,5,20251031,153000,2.31,2.31,2.26,2.26,658,0
RMSG.US,5,20251031,165000,2.2501,2.2501,2.2501,2.2501,650,0
RMSG.US,5,20251031,172500,2.2982,2.2982,2.2982,2.2982,400,0
RMSG.US,5,20251031,174000,2.3,2.35,2.3,2.3135,4734,0
RMSG.US,5,20251031,191500,2.305,2.34,2.305,2.33,797,0
RMSG.US,5,20251103,155000,2.2501,2.2501,2.2501,2.2501,285,0
RMSG.US,5,20251103,160500,2.26,2.26,2.26,2.26,100,0
RMSG.US,5,20251103,162500,2.26,2.26,2.26,2.26,200,0
RMSG.US,5,20251103,163500,2.2646,2.2646,2.2646,2.2646,100,0
RMSG.US,5,20251103,164000,2.2738,2.2738,2.2738,2.2738,120,0
RMSG.US,5,20251103,165000,2.26,2.26,2.2001,2.21,5479,0
RMSG.US,5,20251103,165500,2.22,2.22,2.22,2.22,1500,0
RMSG.US,5,20251103,171500,2.2298,2.23,2.215,2.23,1450,0
RMSG.US,5,20251103,172000,2.22,2.22,2.22,2.22,300,0
RMSG.US,5,20251103,173500,2.21,2.21,2.21,2.21,300,0
RMSG.US,5,20251103,180000,2.2,2.2,2.2,2.2,327,0
RMSG.US,5,20251103,182000,2.2004,2.2004,2.2004,2.2004,250,0
RMSG.US,5,20251103,185500,2.2,2.2199,2.2,2.2199,920,0
RMSG.US,5,20251103,191000,2.21,2.21,2.21,2.21,100,0
RMSG.US,5,20251103,195000,2.2,2.2,2.2,2.2,100,0
RMSG.US,5,20251103,195500,2.2,2.2,2.19,2.2,1463,0
RMSG.US,5,20251104,153000,2.16,2.2035,2.16,2.2035,352,0
RMSG.US,5,20251104,161000,2.19,2.19,2.19,2.19,105,0
RMSG.US,5,20251104,164000,2.335,2.335,2.335,2.335,110,0
RMSG.US,5,20251104,165000,2.27,2.27,2.25,2.25,900,0
RMSG.US,5,20251104,171500,2.3099,2.3099,2.3099,2.3099,2000,0
RMSG.US,5,20251104,173500,2.1342,2.1342,2.1342,2.1342,500,0
RMSG.US,5,20251104,180500,2.11,2.11,2.11,2.11,419,0
RMSG.US,5,20251104,181000,2.1,2.1,2.1,2.1,146,0
RMSG.US,5,20251104,184000,2.115,2.115,2.115,2.115,150,0
RMSG.US,5,20251104,192000,2.1073,2.1073,2.1,2.1,200,0
RMSG.US,5,20251104,203500,2.11,2.11,2.11,2.11,100,0
RMSG.US,5,20251104,205500,2.05,2.1,2.05,2.0999,500,0
RMSG.US,5,20251104,213000,2.15,2.16,2.15,2.16,440,0
RMSG.US,5,20251104,213500,2.1,2.1,2.1,2.1,500,0
RMSG.US,5,20251104,214000,2.12,2.12,2.12,2.12,100,0
RMSG.US,5,20251104,214500,2.125,2.125,2.125,2.125,100,0
RMSG.US,5,20251105,153500,2.03,2.2,2.002,2.2,1841,0
RMSG.US,5,20251105,170000,2.1,2.1,2.1,2.1,200,0
RMSG.US,5,20251105,172000,2.07,2.07,2.0601,2.0601,500,0
RMSG.US,5,20251105,172500,2.1,2.1,2.1,2.1,100,0
RMSG.US,5,20251105,173000,2.1,2.1,2.1,2.1,100,0
RMSG.US,5,20251105,174000,2.1,2.1001,2.1,2.1001,3800,0
RMSG.US,5,20251105,181000,2.06,2.06,2.06,2.06,1243,0
RMSG.US,5,20251105,183000,2.07,2.07,2.07,2.07,100,0
RMSG.US,5,20251105,202000,2.06,2.06,2.06,2.06,100,0
RMSG.US,5,20251105,211500,2.06,2.06,2.05,2.05,949,0
RMSG.US,5,20251105,213000,2.05,2.05,2.05,2.05,200,0
RMSG.US,5,20251105,213500,2.105,2.105,2.05,2.06,3045,0
RMSG.US,5,20251106,160000,2.01,2.01,2.01,2.01,100,0
RMSG.US,5,20251106,162000,2.0265,2.0265,2.0265,2.0265,300,0
RMSG.US,5,20251106,164000,2.03,2.0603,2,2.0603,2644,0
RMSG.US,5,20251106,164500,2.01,2.04,2,2.04,782,0
RMSG.US,5,20251106,170500,2,2,2,2,400,0
RMSG.US,5,20251106,171500,2.01,2.01,2.01,2.01,100,0
RMSG.US,5,20251106,172000,2.01,2.01,2.01,2.01,667,0
RMSG.US,5,20251106,173500,2.0299,2.0299,2.01,2.01,700,0
RMSG.US,5,20251106,174000,2.01,2.01,2.01,2.01,969,0
RMSG.US,5,20251106,175000,2,2,2,2,600,0
RMSG.US,5,20251106,175500,2,2,2,2,400,0
RMSG.US,5,20251106,181500,2,2,2,2,100,0
RMSG.US,5,20251106,183500,2,2,2,2,498,0
RMSG.US,5,20251106,185000,2,2,2,2,400,0
RMSG.US,5,20251106,190500,2,2,2,2,100,0
RMSG.US,5,20251106,191500,2,2,2,2,100,0
RMSG.US,5,20251106,193000,2,2,2,2,200,0
RMSG.US,5,20251106,194500,2.005,2.005,2.005,2.005,100,0
RMSG.US,5,20251106,195000,2,2,2,2,400,0
RMSG.US,5,20251106,200500,2,2,2,2,1000,0
RMSG.US,5,20251106,202500,2.0001,2.0001,2.0001,2.0001,2200,0
RMSG.US,5,20251106,203000,2,2,2,2,100,0
RMSG.US,5,20251106,205000,2,2,2,2,200,0
RMSG.US,5,20251106,213500,2.02,2.02,2.02,2.02,100,0
RMSG.US,5,20251106,215500,2.06,2.06,2.06,2.06,337,0
RMSG.US,5,20251107,155000,2.04,2.04,2.04,2.04,100,0
RMSG.US,5,20251107,172000,2.002,2.002,2.002,2.002,1000,0
RMSG.US,5,20251107,180000,2.006,2.006,2.006,2.006,100,0
RMSG.US,5,20251107,181500,2.003,2.003,2.003,2.003,100,0
RMSG.US,5,20251107,183000,2,2,2,2,100,0
RMSG.US,5,20251107,184500,2,2,2,2,881,0
RMSG.US,5,20251107,203000,2.02,2.02,2.02,2.02,100,0
RMSG.US,5,20251107,212000,2.05,2.05,2.05,2.05,500,0
RMSG.US,5,20251107,215500,2.01,2.01,2.01,2.01,300,0
RMSG.US,5,20251110,153000,2.07,2.07,2,2.01,1077,0
RMSG.US,5,20251110,153500,2.02,2.02,2.02,2.02,1000,0
RMSG.US,5,20251110,161000,2.1468,2.1468,2.1468,2.1468,100,0
RMSG.US,5,20251110,162500,2.05,2.05,2.05,2.05,2800,0
RMSG.US,5,20251110,163000,2,2.01,2,2.01,541,0
RMSG.US,5,20251110,164500,2.045,2.045,2.03,2.03,5000,0
RMSG.US,5,20251110,165500,2.01,2.01,2,2,1822,0
RMSG.US,5,20251110,191000,2.01,2.01,2,2,6989,0
RMSG.US,5,20251110,194500,2.0042,2.0042,2.0042,2.0042,100,0
RMSG.US,5,20251110,215500,2.03,2.04,2.03,2.04,209,0
RMSG.US,5,20251111,153000,2.0572,2.0572,2.0572,2.0572,200,0
RMSG.US,5,20251111,175000,2.12,2.12,2.12,2.12,260,0
RMSG.US,5,20251111,190000,2.12,2.12,2.095,2.095,1750,0
RMSG.US,5,20251111,195500,2.03,2.03,2.03,2.03,100,0
RMSG.US,5,20251111,202000,2.02,2.04,2.02,2.04,1000,0
RMSG.US,5,20251111,203500,2.03,2.05,2.03,2.05,300,0
RMSG.US,5,20251111,205000,2.03,2.03,2.03,2.03,200,0
RMSG.US,5,20251112,153000,2.115,2.115,2.115,2.115,800,0
RMSG.US,5,20251112,155000,2.16,2.16,2.16,2.16,100,0
RMSG.US,5,20251112,160000,2.17,2.17,2.17,2.17,600,0
RMSG.US,5,20251112,174000,2.065,2.065,2.065,2.065,100,0
RMSG.US,5,20251112,215500,2.12,2.12,2.12,2.12,100,0
RMSG.US,5,20251113,153000,2.01,2.01,2.01,2.01,2121,0
RMSG.US,5,20251113,154000,2.01,2.01,2.01,2.01,200,0
RMSG.US,5,20251113,163500,2.01,2.01,2.01,2.01,200,0
RMSG.US,5,20251113,164000,2.0615,2.0615,2.0615,2.0615,200,0
RMSG.US,5,20251113,170500,2.0077,2.0077,2.0077,2.0077,500,0
RMSG.US,5,20251113,174000,2.0154,2.0154,2.0154,2.0154,111,0
RMSG.US,5,20251113,193500,2.02,2.02,2.02,2.02,500,0
RMSG.US,5,20251113,200500,2.1,2.1,2.1,2.1,2284,0
RMSG.US,5,20251114,153000,1.99,2.02,1.99,2.02,327,0
RMSG.US,5,20251114,153500,2,2.02,2,2,3971,0
RMSG.US,5,20251114,160500,2.02,2.02,2.02,2.02,209,0
RMSG.US,5,20251114,172000,2.119,2.119,2.119,2.119,100,0
RMSG.US,5,20251114,204000,2,2.0001,2,2.0001,6293,0
RMSG.US,5,20251114,211500,2.0223,2.0223,2.0223,2.0223,3000,0
RMSG.US,5,20251114,213000,2.01,2.01,2.01,2.01,100,0
RMSG.US,5,20251114,214500,2.0845,2.0845,2.0845,2.0845,100,0
RMSG.US,5,20251117,153500,2.0108,2.03,2,2.03,1118,0
RMSG.US,5,20251117,155500,2,2,2,2,104,0
RMSG.US,5,20251117,161500,2.0624,2.0624,2.0624,2.0624,150,0
RMSG.US,5,20251117,170000,2,2,2,2,11154,0
RMSG.US,5,20251117,174500,2,2,2,2,100,0
RMSG.US,5,20251117,181500,2,2,2,2,165,0
RMSG.US,5,20251117,182000,2,2,2,2,200,0
RMSG.US,5,20251117,183000,2.005,2.005,2,2,257,0
RMSG.US,5,20251117,183500,2,2,2,2,5000,0
RMSG.US,5,20251117,184000,2,2,2,2,367,0
RMSG.US,5,20251117,185000,2.01,2.01,2.01,2.01,200,0
RMSG.US,5,20251117,192000,2.01,2.01,2.01,2.01,100,0
RMSG.US,5,20251117,202500,2,2,2,2,800,0
RMSG.US,5,20251117,205000,2,2,2,2,800,0
RMSG.US,5,20251117,210000,2,2,2,2,1500,0
RMSG.US,5,20251117,210500,2,2,2,2,1600,0
RMSG.US,5,20251117,215500,2.008,2.008,2.008,2.008,200,0
RMSG.US,5,20251118,153000,1.98,2,1.98,2,6361,0
RMSG.US,5,20251118,154000,2.01,2.01,2,2,15200,0
RMSG.US,5,20251118,154500,2,2.006,1.9001,1.9001,5848,0
RMSG.US,5,20251118,164000,2,2,1.99,1.99,250,0
RMSG.US,5,20251118,165000,1.9365,1.9365,1.9365,1.9365,200,0
RMSG.US,5,20251118,185000,1.93,1.93,1.93,1.93,200,0
RMSG.US,5,20251118,215500,2.03,2.03,2.03,2.03,200,0
RMSG.US,5,20251119,175000,1.96,1.96,1.96,1.96,100,0
RMSG.US,5,20251119,203500,1.91,1.91,1.86,1.86,1634,0
RMSG.US,5,20251119,204500,1.88,1.88,1.88,1.88,500,0
RMSG.US,5,20251119,205500,1.835,1.835,1.77,1.8,4866,0
RMSG.US,5,20251119,214500,1.8,1.8,1.8,1.8,100,0
RMSG.US,5,20251119,215000,1.785,1.785,1.785,1.785,300,0
RMSG.US,5,20251119,215500,1.77,1.77,1.77,1.77,100,0
RMSG.US,5,20251120,163000,1.8,1.8,1.76,1.79,1184,0
RMSG.US,5,20251120,172000,1.7205,1.73,1.66,1.7,3248,0
RMSG.US,5,20251120,173500,1.715,1.7499,1.715,1.7499,2838,0
RMSG.US,5,20251120,180000,1.74,1.7499,1.74,1.7499,2983,0
RMSG.US,5,20251120,183500,1.7,1.7,1.7,1.7,7864,0
RMSG.US,5,20251120,185500,1.68,1.69,1.68,1.69,200,0
RMSG.US,5,20251120,191000,1.7499,1.7499,1.7499,1.7499,850,0
RMSG.US,5,20251120,210000,1.71,1.7101,1.63,1.66,7394,0
RMSG.US,5,20251120,211500,1.6899,1.77,1.67,1.71,4960,0
RMSG.US,5,20251120,215500,1.62,1.62,1.62,1.62,180,0
RMSG.US,5,20251121,161500,1.5628,1.5628,1.5628,1.5628,106,0
RMSG.US,5,20251121,164500,1.5557,1.5557,1.5557,1.5557,187,0
RMSG.US,5,20251121,165000,1.635,1.635,1.635,1.635,1800,0
RMSG.US,5,20251121,185000,1.645,1.645,1.56,1.56,2384,0
RMSG.US,5,20251121,212500,1.63,1.636,1.59,1.59,5044,0
RMSG.US,5,20251121,213000,1.56,1.56,1.56,1.56,198,0
RMSG.US,5,20251121,214500,1.64,1.64,1.58,1.58,210,0
RMSG.US,5,20251121,215500,1.58,1.58,1.58,1.58,200,0
RMSG.US,5,20251124,153000,1.63,1.63,1.63,1.63,363,0
RMSG.US,5,20251124,155500,1.6,1.6,1.6,1.6,200,0
RMSG.US,5,20251124,162000,1.59,1.59,1.58,1.58,1975,0
RMSG.US,5,20251124,163000,1.615,1.615,1.5812,1.5812,1000,0
RMSG.US,5,20251124,163500,1.58,1.58,1.58,1.58,638,0
RMSG.US,5,20251124,164000,1.62,1.73,1.62,1.69,4077,0
RMSG.US,5,20251124,165000,1.65,1.65,1.6407,1.6407,1000,0
RMSG.US,5,20251124,165500,1.7,1.7,1.7,1.7,2749,0
RMSG.US,5,20251124,170000,1.7,1.71,1.63,1.63,1500,0
RMSG.US,5,20251124,170500,1.639,1.72,1.639,1.72,9311,0
RMSG.US,5,20251124,171000,1.705,1.705,1.705,1.705,610,0
RMSG.US,5,20251124,171500,1.7158,1.7184,1.7158,1.7184,5939,0
RMSG.US,5,20251124,172000,1.71,1.7508,1.71,1.7508,2000,0
RMSG.US,5,20251124,172500,1.73,1.745,1.73,1.745,3500,0
RMSG.US,5,20251124,173500,1.75,1.76,1.75,1.76,501,0
RMSG.US,5,20251124,174000,1.79,1.79,1.77,1.77,700,0
RMSG.US,5,20251124,174500,1.8368,1.8368,1.81,1.81,600,0
RMSG.US,5,20251124,175000,1.84,1.84,1.84,1.84,200,0
RMSG.US,5,20251124,175500,1.78,1.78,1.78,1.78,1669,0
RMSG.US,5,20251124,180000,1.77,1.77,1.77,1.77,300,0
RMSG.US,5,20251124,181500,1.77,1.77,1.77,1.77,200,0
RMSG.US,5,20251124,182000,1.7,1.79,1.7,1.74,1014,0
RMSG.US,5,20251124,183500,1.872,1.872,1.872,1.872,100,0
RMSG.US,5,20251124,185500,1.98,1.98,1.83,1.83,288,0
RMSG.US,5,20251124,191500,1.79,1.79,1.79,1.79,100,0
RMSG.US,5,20251124,192500,1.7225,1.8651,1.6601,1.8651,10127,0
RMSG.US,5,20251124,193000,1.67,1.84,1.66,1.81,1157,0
RMSG.US,5,20251124,195000,1.7399,1.7399,1.7399,1.7399,500,0
RMSG.US,5,20251124,195500,1.74,1.74,1.7,1.7128,12305,0
RMSG.US,5,20251124,202500,1.8,1.84,1.8,1.8,600,0
RMSG.US,5,20251124,204500,1.85,1.85,1.85,1.85,3731,0
RMSG.US,5,20251124,211500,1.8,1.8,1.8,1.8,100,0
RMSG.US,5,20251124,213500,1.75,1.76,1.725,1.76,400,0
RMSG.US,5,20251125,153000,1.89,1.89,1.89,1.89,234,0
RMSG.US,5,20251125,162000,1.85,1.85,1.85,1.85,100,0
RMSG.US,5,20251125,165000,1.88,1.88,1.88,1.88,100,0
RMSG.US,5,20251125,172000,1.8745,1.8745,1.8745,1.8745,200,0
RMSG.US,5,20251125,180500,1.9,1.9,1.9,1.9,100,0
RMSG.US,5,20251125,195500,1.835,1.91,1.82,1.835,6795,0
RMSG.US,5,20251125,202500,1.9,1.9,1.9,1.9,100,0
RMSG.US,5,20251125,213000,1.84,1.84,1.84,1.84,100,0
RMSG.US,5,20251126,153500,1.9599,1.9599,1.9599,1.9599,1000,0
RMSG.US,5,20251126,155500,1.7946,1.7946,1.7946,1.7946,110,0
RMSG.US,5,20251126,161000,1.89,1.94,1.89,1.94,446,0
RMSG.US,5,20251126,161500,1.95,1.97,1.95,1.9591,2654,0
RMSG.US,5,20251126,164500,2.01,2.01,2.01,2.01,100,0
RMSG.US,5,20251126,173500,2.01,2.01,1.96,1.96,2400,0
RMSG.US,5,20251126,175500,2.01,2.01,2.01,2.01,100,0
RMSG.US,5,20251126,191500,1.99,2.01,1.99,2,5577,0
RMSG.US,5,20251126,211500,2.07,2.07,2.07,2.07,100,0
RMSG.US,5,20251128,163000,2.2,2.2,2.07,2.07,200,0
RMSG.US,5,20251128,173000,2.08,2.08,2.08,2.08,200,0
RMSG.US,5,20251128,175000,2.2,2.2,2.2,2.2,189,0
RMSG.US,5,20251128,175500,2.19,2.19,2.19,2.19,100,0
RMSG.US,5,20251128,182000,2.15,2.15,2.15,2.15,100,0
RMSG.US,5,20251201,153000,1.98,1.98,1.98,1.98,102,0
RMSG.US,5,20251201,163000,2.11,2.11,2.11,2.11,100,0
RMSG.US,5,20251201,164000,2.1499,2.1499,2.1499,2.1499,100,0
RMSG.US,5,20251201,165000,2.1149,2.1149,2.1149,2.1149,100,0
RMSG.US,5,20251201,170000,2.14,2.14,2.14,2.14,100,0
RMSG.US,5,20251201,180500,2.14,2.14,2.14,2.14,100,0
RMSG.US,5,20251201,194500,2.14,2.14,2.14,2.14,100,0
RMSG.US,5,20251201,201000,2.14,2.14,2.14,2.14,100,0
RMSG.US,5,20251201,211000,2.15,2.15,2.15,2.15,100,0
RMSG.US,5,20251201,213500,2.085,2.085,2.0001,2.0425,1000,0
RMSG.US,5,20251201,215000,2.0751,2.0751,2.0751,2.0751,100,0
RMSG.US,5,20251202,215500,1.96,1.96,1.96,1.96,100,0
RMSG.US,5,20251205,214000,1.9347,1.9347,1.9347,1.9347,340,0
RMSG.US,5,20251208,153000,1.95,1.97,1.95,1.97,508,0
RMSG.US,5,20251208,154500,2.065,2.065,2.0032,2.0032,200,0
RMSG.US,5,20251208,155500,2.075,2.075,2.075,2.075,200,0
RMSG.US,5,20251208,163000,2.01,2.01,2.01,2.01,100,0
RMSG.US,5,20251208,163500,2.01,2.01,2.01,2.01,100,0
RMSG.US,5,20251208,183500,2.03,2.06,2.03,2.06,397,0
RMSG.US,5,20251208,184000,2.1216,2.1216,2.1216,2.1216,183,0
RMSG.US,5,20251208,215500,2.1,2.1,2.1,2.1,400,0
RMSG.US,5,20251209,175500,2.08,2.16,2.08,2.11,2352,0
RMSG.US,5,20251209,215500,2.01,2.01,2.01,2.01,100,0
RMSG.US,5,20251211,153000,2.0099,2.0099,2.0099,2.0099,111,0
RMSG.US,5,20251211,153500,1.8087,1.8087,1.8087,1.8087,200,0
RMSG.US,5,20251211,154000,1.98,1.98,1.9678,1.9678,2994,0
RMSG.US,5,20251211,155000,1.8,1.8,1.8,1.8,100,0
RMSG.US,5,20251211,183000,2,2.01,2,2.01,344,0
RMSG.US,5,20251212,154000,1.86,1.86,1.86,1.86,5000,0
RMSG.US,5,20251212,160500,1.98,2.01,1.97,2.01,4936,0
RMSG.US,5,20251212,161000,2.15,2.15,2.15,2.15,934,0
RMSG.US,5,20251212,184500,2.01,2.01,2.0019,2.01,560,0
RMSG.US,5,20251212,195000,2.0699,2.07,2.0699,2.0699,2018,0
RMSG.US,5,20251212,195500,2.09,2.09,2.09,2.09,100,0
RMSG.US,5,20251212,201500,2,2,1.9101,1.964,1919,0
RMSG.US,5,20251212,203000,1.9326,1.9326,1.9326,1.9326,100,0
RMSG.US,5,20251212,211000,1.9801,1.99,1.9801,1.9801,4991,0
RMSG.US,5,20251215,153000,2.03,2.03,2.03,2.03,157,0
RMSG.US,5,20251215,154000,1.96,1.96,1.89,1.89,448,0
RMSG.US,5,20251215,155000,2.105,2.16,2.105,2.16,4968,0
RMSG.US,5,20251215,160500,2.14,2.14,2.14,2.14,100,0
RMSG.US,5,20251215,171500,2.0552,2.0552,2.0552,2.0552,264,0
RMSG.US,5,20251215,205500,1.8801,1.8801,1.8801,1.8801,100,0
RMSG.US,5,20251215,212000,1.93,1.93,1.93,1.93,200,0
RMSG.US,5,20251216,172500,2.01,2.01,1.99,1.99,7204,0
RMSG.US,5,20251216,173000,1.99,1.99,1.97,1.97,2324,0
RMSG.US,5,20251216,174500,1.89,1.93,1.89,1.93,2767,0
RMSG.US,5,20251216,175000,1.97,1.9799,1.97,1.9799,200,0
RMSG.US,5,20251216,175500,1.95,1.95,1.95,1.95,100,0
RMSG.US,5,20251216,210500,1.85,1.86,1.83,1.83,2700,0
RMSG.US,5,20251216,213000,1.76,1.76,1.76,1.76,100,0
RMSG.US,5,20251216,215500,1.7101,1.7101,1.7101,1.7101,120,0
RMSG.US,5,20251217,153000,1.82,1.82,1.82,1.82,100,0
RMSG.US,5,20251217,161000,1.83,1.83,1.83,1.83,100,0
RMSG.US,5,20251217,161500,1.8802,1.8802,1.8802,1.8802,120,0
RMSG.US,5,20251217,163000,1.88,1.89,1.855,1.855,946,0
RMSG.US,5,20251217,173000,1.81,1.82,1.8,1.8,1657,0
RMSG.US,5,20251217,175500,1.8067,1.8067,1.8067,1.8067,250,0
RMSG.US,5,20251217,183000,1.71,1.71,1.71,1.71,100,0
RMSG.US,5,20251217,201500,1.79,1.83,1.78,1.83,2000,0
RMSG.US,5,20251217,204500,1.64,1.64,1.64,1.64,100,0
RMSG.US,5,20251217,211500,1.67,1.67,1.67,1.67,3000,0
RMSG.US,5,20251218,155000,1.7557,1.7557,1.7557,1.7557,500,0
RMSG.US,5,20251218,160500,1.795,1.84,1.795,1.795,1400,0
RMSG.US,5,20251218,161000,1.85,1.85,1.85,1.85,286,0
RMSG.US,5,20251218,161500,1.79,1.79,1.79,1.79,113,0
RMSG.US,5,20251218,182000,1.745,1.745,1.745,1.745,500,0
RMSG.US,5,20251218,183000,1.7698,1.7698,1.7698,1.7698,5000,0
RMSG.US,5,20251218,184500,1.7588,1.7588,1.7588,1.7588,5000,0
RMSG.US,5,20251218,185000,1.7586,1.7586,1.7586,1.7586,5000,0
RMSG.US,5,20251218,190000,1.73,1.7351,1.7,1.7001,1700,0
RMSG.US,5,20251218,190500,1.6766,1.6766,1.645,1.645,4160,0
RMSG.US,5,20251218,191500,1.6772,1.6772,1.6772,1.6772,1231,0
RMSG.US,5,20251218,192000,1.6626,1.675,1.6626,1.675,660,0
RMSG.US,5,20251218,192500,1.68,1.69,1.68,1.68,1753,0
RMSG.US,5,20251218,200000,1.64,1.64,1.62,1.62,1649,0
RMSG.US,5,20251218,202000,1.6,1.6,1.6,1.6,625,0
RMSG.US,5,20251218,202500,1.62,1.62,1.62,1.62,100,0
RMSG.US,5,20251218,211500,1.62,1.62,1.62,1.62,1000,0
RMSG.US,5,20251218,212500,1.58,1.58,1.56,1.56,1120,0
RMSG.US,5,20251218,213000,1.5703,1.5703,1.5703,1.5703,3975,0
RMSG.US,5,20251218,213500,1.57,1.5734,1.57,1.57,512,0
RMSG.US,5,20251218,214500,1.55,1.55,1.5301,1.5301,10044,0
RMSG.US,5,20251218,215000,1.56,1.56,1.559,1.559,200,0
RMSG.US,5,20251218,215500,1.55,1.55,1.55,1.55,200,0
RMSG.US,5,20251219,160000,1.63,1.63,1.63,1.63,236,0
RMSG.US,5,20251219,165500,1.67,1.67,1.67,1.67,100,0
RMSG.US,5,20251219,170500,1.59,1.59,1.56,1.56,800,0
RMSG.US,5,20251219,180000,1.6,1.67,1.6,1.63,3939,0
RMSG.US,5,20251219,193500,1.62,1.62,1.62,1.62,100,0
RMSG.US,5,20251219,205500,1.6,1.6,1.5909,1.5909,1000,0
RMSG.US,5,20251219,213500,1.6577,1.6577,1.6577,1.6577,100,0
RMSG.US,5,20251219,215500,1.61,1.61,1.57,1.57,500,0
RMSG.US,5,20251222,153000,1.63,1.87,1.5783,1.58,8046,0
RMSG.US,5,20251222,153500,1.57,1.57,1.57,1.57,1330,0
RMSG.US,5,20251222,154000,1.59,1.59,1.59,1.59,600,0
RMSG.US,5,20251222,165000,1.6599,1.6599,1.6599,1.6599,1000,0
RMSG.US,5,20251222,165500,1.61,1.6226,1.61,1.62,1700,0
RMSG.US,5,20251222,170500,1.59,1.5999,1.59,1.5999,600,0
RMSG.US,5,20251222,173500,1.6399,1.6399,1.6399,1.6399,500,0
RMSG.US,5,20251222,180000,1.63,1.63,1.63,1.63,555,0
RMSG.US,5,20251222,183000,1.61,1.61,1.61,1.61,200,0
RMSG.US,5,20251222,184500,1.62,1.62,1.62,1.62,100,0
RMSG.US,5,20251222,193000,1.6,1.6,1.6,1.6,100,0
RMSG.US,5,20251222,193500,1.59,1.59,1.59,1.59,100,0
RMSG.US,5,20251222,202000,1.62,1.62,1.62,1.62,100,0
RMSG.US,5,20251222,211500,1.57,1.6299,1.57,1.6299,1100,0
RMSG.US,5,20251222,215500,1.584,1.61,1.584,1.61,983,0
RMSG.US,5,20251223,153000,1.61,1.61,1.575,1.575,200,0
RMSG.US,5,20251223,163000,1.5735,1.5735,1.5735,1.5735,300,0
RMSG.US,5,20251223,164000,1.55,1.55,1.55,1.55,300,0
RMSG.US,5,20251223,172000,1.5591,1.5591,1.5591,1.5591,500,0
RMSG.US,5,20251223,185000,1.56,1.577696,1.5599,1.577696,1695,0
RMSG.US,5,20251223,200000,1.5573,1.5573,1.5573,1.5573,120,0
RMSG.US,5,20251223,213000,1.56,1.56,1.56,1.56,100,0
RMSG.US,5,20251224,153000,1.52,1.55,1.49,1.49,803,0
RMSG.US,5,20251224,153500,1.519,1.519,1.519,1.519,100,0
RMSG.US,5,20251224,155000,1.51,1.52,1.5,1.52,300,0
RMSG.US,5,20251224,162000,1.45,1.47,1.45,1.4501,3100,0
RMSG.US,5,20251224,162500,1.45,1.45,1.42,1.42,1102,0
RMSG.US,5,20251224,163000,1.42,1.43,1.415,1.415,1465,0
RMSG.US,5,20251224,163500,1.42,1.42,1.41,1.41,2316,0
RMSG.US,5,20251224,164000,1.42,1.42,1.4,1.4,4904,0
RMSG.US,5,20251224,164500,1.39,1.39,1.39,1.39,100,0
RMSG.US,5,20251224,165000,1.4,1.4,1.396,1.396,728,0
RMSG.US,5,20251224,165500,1.39,1.41,1.39,1.3991,2473,0
RMSG.US,5,20251224,181500,1.4801,1.4801,1.48,1.48,400,0
RMSG.US,5,20251224,182000,1.51,1.51,1.502089,1.502089,284,0
RMSG.US,5,20251224,183000,1.5,1.5,1.5,1.5,350,0
RMSG.US,5,20251224,185500,1.44,1.44,1.4,1.4,639,0
RMSG.US,5,20251226,153000,1.46,1.46,1.46,1.46,100,0
RMSG.US,5,20251226,153500,1.43,1.43,1.4,1.41,1836,0
RMSG.US,5,20251226,160000,1.425,1.425,1.425,1.425,250,0
RMSG.US,5,20251226,162000,1.41,1.45,1.41,1.45,1290,0
RMSG.US,5,20251226,164500,1.4,1.4,1.4,1.4,100,0
RMSG.US,5,20251226,170000,1.3919,1.3919,1.3919,1.3919,100,0
RMSG.US,5,20251226,174000,1.405,1.405,1.405,1.405,210,0
RMSG.US,5,20251226,174500,1.38,1.38,1.38,1.38,100,0
RMSG.US,5,20251226,195500,1.39,1.39,1.39,1.39,100,0
RMSG.US,5,20251226,201000,1.383,1.383,1.383,1.383,500,0
RMSG.US,5,20251226,203500,1.38,1.38,1.38,1.38,100,0
RMSG.US,5,20251226,215500,1.42,1.42,1.42,1.42,100,0
RMSG.US,5,20251229,153000,1.4838,1.4838,1.4,1.4,6535,0
RMSG.US,5,20251229,155000,1.39,1.39,1.39,1.39,594,0
RMSG.US,5,20251229,155500,1.36,1.36,1.345,1.345,200,0
RMSG.US,5,20251229,160000,1.4114,1.4702,1.39,1.44,2210,0
RMSG.US,5,20251229,171500,1.4236,1.4236,1.4236,1.4236,1000,0
RMSG.US,5,20251229,172500,1.44,1.44,1.44,1.44,100,0
RMSG.US,5,20251229,181000,1.37,1.4021,1.37,1.4021,459,0
RMSG.US,5,20251229,183000,1.37,1.37,1.37,1.37,100,0
RMSG.US,5,20251229,183500,1.37,1.37,1.36,1.36,500,0
RMSG.US,5,20251229,184000,1.415,1.415,1.415,1.415,680,0
RMSG.US,5,20251229,191000,1.38,1.38,1.38,1.38,100,0
RMSG.US,5,20251229,202000,1.36,1.36,1.36,1.36,100,0
RMSG.US,5,20251229,204000,1.38,1.38,1.38,1.38,1000,0
RMSG.US,5,20251229,204500,1.385,1.385,1.385,1.385,800,0
RMSG.US,5,20251229,215500,1.4,1.4,1.4,1.4,100,0
RMSG.US,5,20251230,153000,1.43,1.4501,1.42,1.43,5439,0
RMSG.US,5,20251230,162000,1.4,1.4,1.4,1.4,100,0
RMSG.US,5,20251230,163500,1.39,1.39,1.39,1.39,594,0
RMSG.US,5,20251230,170000,1.46,1.46,1.46,1.46,100,0
RMSG.US,5,20251230,174000,1.4,1.4,1.4,1.4,290,0
RMSG.US,5,20251230,190000,1.39,1.39,1.39,1.39,300,0
RMSG.US,5,20251230,192000,1.4425,1.4425,1.4425,1.4425,376,0
RMSG.US,5,20251230,201000,1.39,1.39,1.39,1.39,100,0
RMSG.US,5,20251230,215500,1.43,1.46,1.43,1.46,300,0
RMSG.US,5,20251231,154000,1.39,1.39,1.38,1.38,679,0
RMSG.US,5,20251231,162000,1.4,1.4001,1.37,1.3902,1466,0
RMSG.US,5,20251231,182500,1.38,1.38,1.38,1.38,200,0
RMSG.US,5,20251231,183000,1.36,1.41,1.35,1.35,3434,0
RMSG.US,5,20251231,190500,1.36,1.36,1.36,1.36,180,0
RMSG.US,5,20251231,192000,1.3623,1.3623,1.3623,1.3623,100,0
RMSG.US,5,20251231,192500,1.37,1.37,1.37,1.37,100,0
RMSG.US,5,20251231,215500,1.35,1.35,1.35,1.35,109,0
RMSG.US,5,20260102,160000,1.35,1.35,1.35,1.35,388,0
RMSG.US,5,20260102,175000,1.38,1.38,1.38,1.38,100,0
RMSG.US,5,20260102,184500,1.3618,1.3618,1.3601,1.3601,456,0
RMSG.US,5,20260105,153000,1.42,1.42,1.42,1.42,160,0
RMSG.US,5,20260105,155500,1.535,1.535,1.36,1.36,1100,0
RMSG.US,5,20260105,161000,1.44,1.44,1.44,1.44,400,0
RMSG.US,5,20260105,163500,1.36,1.41,1.35,1.35,1752,0
RMSG.US,5,20260105,164000,1.3491,1.3491,1.34,1.34,519,0
RMSG.US,5,20260105,170000,1.36,1.36,1.36,1.36,400,0
RMSG.US,5,20260105,172000,1.4013,1.4013,1.4013,1.4013,150,0
RMSG.US,5,20260105,193000,1.36,1.41,1.36,1.41,987,0
RMSG.US,5,20260106,153000,1.41,1.41,1.41,1.41,419,0
RMSG.US,5,20260106,154500,1.4287,1.4287,1.4287,1.4287,120,0
RMSG.US,5,20260106,155000,1.42,1.42,1.42,1.42,376,0
RMSG.US,5,20260106,155500,1.41,1.41,1.41,1.41,979,0
RMSG.US,5,20260106,161000,1.41,1.42,1.4,1.42,600,0
RMSG.US,5,20260106,164500,1.41,1.41,1.41,1.41,200,0
RMSG.US,5,20260106,170500,1.42,1.42,1.42,1.42,200,0
RMSG.US,5,20260106,171000,1.4,1.41,1.4,1.41,980,0
RMSG.US,5,20260106,172000,1.4101,1.4101,1.4101,1.4101,125,0
RMSG.US,5,20260106,172500,1.44,1.44,1.44,1.44,100,0
RMSG.US,5,20260106,175500,1.42,1.42,1.42,1.42,900,0
RMSG.US,5,20260106,182000,1.41,1.41,1.41,1.41,198,0
RMSG.US,5,20260106,183000,1.465,1.4799,1.465,1.465,400,0
RMSG.US,5,20260106,185500,1.45,1.45,1.45,1.45,1000,0
RMSG.US,5,20260106,191000,1.43,1.43,1.43,1.43,500,0
RMSG.US,5,20260106,191500,1.43,1.43,1.43,1.43,100,0
RMSG.US,5,20260106,195000,1.42,1.42,1.42,1.42,200,0
RMSG.US,5,20260106,200500,1.41,1.41,1.41,1.41,590,0
RMSG.US,5,20260106,201000,1.43,1.43,1.43,1.43,100,0
RMSG.US,5,20260106,215000,1.41,1.41,1.41,1.41,200,0
RMSG.US,5,20260106,215500,1.41,1.43,1.41,1.418,347,0
RMSG.US,5,20260107,154500,1.41,1.42,1.41,1.42,12600,0
RMSG.US,5,20260107,155000,1.48,1.555,1.48,1.555,43487,0
RMSG.US,5,20260107,155500,1.56,1.56,1.51,1.51,1421,0
RMSG.US,5,20260107,160500,1.56,1.56,1.56,1.56,100,0
RMSG.US,5,20260107,161500,1.52,1.52,1.52,1.52,100,0
RMSG.US,5,20260107,162000,1.555,1.57,1.5,1.5,6565,0
RMSG.US,5,20260107,163500,1.51,1.56,1.5,1.55,5214,0
RMSG.US,5,20260107,164000,1.52,1.52,1.52,1.52,300,0
RMSG.US,5,20260107,164500,1.52,1.52,1.52,1.52,300,0
RMSG.US,5,20260107,165000,1.59,1.59,1.5201,1.56,3979,0
RMSG.US,5,20260107,170000,1.52,1.52,1.52,1.52,100,0
RMSG.US,5,20260107,170500,1.52,1.53,1.52,1.53,890,0
RMSG.US,5,20260107,171000,1.52,1.52,1.52,1.52,100,0
RMSG.US,5,20260107,171500,1.52,1.52,1.52,1.52,100,0
RMSG.US,5,20260107,172500,1.5,1.52,1.5,1.52,200,0
RMSG.US,5,20260107,173000,1.55,1.55,1.55,1.55,200,0
RMSG.US,5,20260107,175500,1.55,1.55,1.55,1.55,100,0
RMSG.US,5,20260107,180500,1.52,1.52,1.52,1.52,990,0
RMSG.US,5,20260107,183000,1.505,1.53,1.505,1.5199,2262,0
RMSG.US,5,20260107,183500,1.52,1.55,1.52,1.55,2067,0
RMSG.US,5,20260107,190000,1.56,1.56,1.56,1.56,100,0
RMSG.US,5,20260107,190500,1.53,1.535,1.53,1.535,200,0
RMSG.US,5,20260107,191000,1.5,1.5,1.5,1.5,200,0
RMSG.US,5,20260107,194000,1.47,1.47,1.47,1.47,100,0
RMSG.US,5,20260107,211000,1.49,1.49,1.49,1.49,100,0
RMSG.US,5,20260107,213500,1.49,1.49,1.49,1.49,100,0
RMSG.US,5,20260107,214000,1.49,1.49,1.445,1.45,500,0
RMSG.US,5,20260107,214500,1.45,1.45,1.4,1.4018,800,0
RMSG.US,5,20260107,215000,1.41,1.425,1.41,1.425,571,0
RMSG.US,5,20260107,215500,1.395,1.46,1.39,1.44,1500,0
RMSG.US,5,20260108,153000,1.4,1.4,1.3801,1.3801,603,0
RMSG.US,5,20260108,155500,1.4162,1.4162,1.4162,1.4162,2000,0
RMSG.US,5,20260108,161000,1.4209,1.4209,1.4209,1.4209,4000,0
RMSG.US,5,20260108,163500,1.41,1.41,1.41,1.41,100,0
RMSG.US,5,20260108,170000,1.42,1.42,1.42,1.42,100,0
RMSG.US,5,20260108,180500,1.43,1.43,1.43,1.43,250,0
RMSG.US,5,20260108,182000,1.45,1.45,1.45,1.45,100,0
RMSG.US,5,20260108,184000,1.4601,1.48,1.4601,1.47,2830,0
RMSG.US,5,20260108,185000,1.46,1.46,1.46,1.46,200,0
RMSG.US,5,20260108,193000,1.43,1.43,1.43,1.43,110,0
