<TICKER>,<PER>,<DATE>,<TIME>,<OPEN>,<HIGH>,<LOW>,<CLOSE>,<VOL>,<OPENINT>
SCNI.US,5,20250813,153000,1.47,1.47,1.45,1.45,970,0
SCNI.US,5,20250813,153500,1.45,1.47,1.44,1.45,9847,0
SCNI.US,5,20250813,154000,1.48,1.48,1.48,1.48,1500,0
SCNI.US,5,20250813,154500,1.4795,1.4795,1.45,1.46,704,0
SCNI.US,5,20250813,155500,1.45,1.45,1.45,1.45,1500,0
SCNI.US,5,20250813,160500,1.4489,1.4489,1.4405,1.4405,715,0
SCNI.US,5,20250813,161000,1.4402,1.4402,1.4402,1.4402,400,0
SCNI.US,5,20250813,161500,1.445,1.445,1.44,1.44,400,0
SCNI.US,5,20250813,162500,1.4203,1.43,1.42,1.43,8679,0
SCNI.US,5,20250813,163000,1.42,1.43,1.42,1.42,750,0
SCNI.US,5,20250813,164000,1.4341,1.4341,1.4341,1.4341,200,0
SCNI.US,5,20250813,164500,1.4429,1.4429,1.4376,1.4376,225,0
SCNI.US,5,20250813,165000,1.4301,1.4302,1.4301,1.4301,1366,0
SCNI.US,5,20250813,170000,1.4412,1.45,1.43,1.4473,18562,0
SCNI.US,5,20250813,170500,1.4559,1.4999,1.4559,1.4891,9030,0
SCNI.US,5,20250813,171000,1.494528,1.4999,1.494528,1.4999,3913,0
SCNI.US,5,20250813,171500,1.4903,1.53,1.4903,1.5299,12160,0
SCNI.US,5,20250813,172000,1.5168,1.5299,1.51,1.5294,4633,0
SCNI.US,5,20250813,172500,1.529,1.529,1.5074,1.52,1222,0
SCNI.US,5,20250813,173000,1.52,1.52,1.52,1.52,1000,0
SCNI.US,5,20250813,173500,1.5243,1.55,1.5203,1.55,9500,0
SCNI.US,5,20250813,174000,1.5593,1.5593,1.5549,1.5549,1500,0
SCNI.US,5,20250813,174500,1.555,1.555,1.54,1.54,2565,0
SCNI.US,5,20250813,175000,1.5465,1.55,1.5465,1.55,3475,0
SCNI.US,5,20250813,175500,1.5565,1.56,1.55,1.55,2055,0
SCNI.US,5,20250813,180000,1.555,1.555,1.55,1.55,210,0
SCNI.US,5,20250813,180500,1.55,1.55,1.55,1.55,100,0
SCNI.US,5,20250813,181000,1.545,1.545,1.545,1.545,200,0
SCNI.US,5,20250813,181500,1.54,1.5488,1.54,1.5488,1295,0
SCNI.US,5,20250813,183000,1.54,1.54,1.54,1.54,501,0
SCNI.US,5,20250813,183500,1.5476,1.55,1.5476,1.55,2000,0
SCNI.US,5,20250813,184000,1.54,1.54,1.54,1.54,200,0
SCNI.US,5,20250813,184500,1.54,1.54,1.54,1.54,300,0
SCNI.US,5,20250813,185500,1.54,1.54,1.54,1.54,243,0
SCNI.US,5,20250813,190000,1.535,1.535,1.535,1.535,100,0
SCNI.US,5,20250813,190500,1.53,1.54,1.53,1.54,427,0
SCNI.US,5,20250813,191000,1.53,1.53,1.49,1.5,15073,0
SCNI.US,5,20250813,191500,1.5103,1.54,1.5103,1.54,17800,0
SCNI.US,5,20250813,192000,1.535,1.55,1.515,1.55,11838,0
SCNI.US,5,20250813,192500,1.53,1.62,1.53,1.614,47281,0
SCNI.US,5,20250813,193000,1.6197,1.6899,1.6,1.66,24699,0
SCNI.US,5,20250813,193500,1.645,1.65,1.625,1.64,6899,0
SCNI.US,5,20250813,194000,1.64,1.64,1.62,1.6301,12805,0
SCNI.US,5,20250813,194500,1.63,1.64,1.62,1.6298,1194,0
SCNI.US,5,20250813,195000,1.63,1.69,1.62,1.64,26974,0
SCNI.US,5,20250813,195500,1.66,1.7294,1.64,1.7294,23989,0
SCNI.US,5,20250813,200000,1.71,1.7999,1.67,1.67,134246,0
SCNI.US,5,20250813,200500,1.7488,1.75,1.63,1.645,65234,0
SCNI.US,5,20250813,201000,1.63,1.78,1.62,1.74,48122,0
SCNI.US,5,20250813,201500,1.73,1.78,1.69,1.7799,69310,0
SCNI.US,5,20250813,202000,1.78,1.8444,1.77,1.8394,105012,0
SCNI.US,5,20250813,202500,1.8399,1.84,1.77,1.8092,52528,0
SCNI.US,5,20250813,203000,1.8006,1.84,1.79,1.8223,57184,0
SCNI.US,5,20250813,203500,1.84,1.8999,1.82,1.89,72871,0
SCNI.US,5,20250813,204000,1.88,1.97,1.86,1.9193,139122,0
SCNI.US,5,20250813,204500,1.902,1.9109,1.84,1.8704,81056,0
SCNI.US,5,20250813,205000,1.89,1.91,1.8,1.8849,34141,0
SCNI.US,5,20250813,205500,1.86,1.86,1.78,1.79,41420,0
SCNI.US,5,20250813,210000,1.8024,1.8399,1.79,1.81,11434,0
SCNI.US,5,20250813,210500,1.81,1.81,1.79,1.81,12325,0
SCNI.US,5,20250813,211000,1.8,1.85,1.8,1.8399,6507,0
SCNI.US,5,20250813,211500,1.8103,1.83,1.8,1.8299,6904,0
SCNI.US,5,20250813,212000,1.83,1.83,1.8,1.8,3217,0
SCNI.US,5,20250813,212500,1.8,1.82,1.7801,1.79,13012,0
SCNI.US,5,20250813,213000,1.772,1.79,1.7101,1.74,36606,0
SCNI.US,5,20250813,213500,1.749,1.794398,1.7208,1.76,5218,0
SCNI.US,5,20250813,214000,1.74,1.79,1.74,1.77,5300,0
SCNI.US,5,20250813,214500,1.76,1.77,1.71,1.76,38750,0
SCNI.US,5,20250813,215000,1.7229,1.77,1.7099,1.74,18588,0
SCNI.US,5,20250813,215500,1.72,1.72,1.67,1.68,23048,0
SCNI.US,5,20250814,153000,1.93,1.96,1.8,1.8312,104631,0
SCNI.US,5,20250814,153500,1.82,1.84,1.74,1.7783,61575,0
SCNI.US,5,20250814,154000,1.7601,1.84,1.7601,1.82,30183,0
SCNI.US,5,20250814,154500,1.82,1.8397,1.75,1.79,40987,0
SCNI.US,5,20250814,155000,1.7527,1.805,1.75,1.8029,17453,0
SCNI.US,5,20250814,155500,1.8188,1.82,1.77,1.79,11962,0
SCNI.US,5,20250814,160000,1.79,1.79,1.76,1.7653,16135,0
SCNI.US,5,20250814,160500,1.765,1.8098,1.765,1.8,12417,0
SCNI.US,5,20250814,161000,1.8092,1.8098,1.77,1.779038,44486,0
SCNI.US,5,20250814,161500,1.775,1.79,1.77,1.775,13110,0
SCNI.US,5,20250814,162000,1.779,1.795,1.77,1.7898,27442,0
SCNI.US,5,20250814,162500,1.785,1.795,1.7801,1.79,4802,0
SCNI.US,5,20250814,163000,1.78,1.8,1.77,1.775,38795,0
SCNI.US,5,20250814,163500,1.7706,1.78,1.73,1.77,34469,0
SCNI.US,5,20250814,164000,1.77,1.79,1.77,1.7743,8717,0
SCNI.US,5,20250814,164500,1.77,1.77,1.75,1.76,8864,0
SCNI.US,5,20250814,165000,1.775,1.775,1.76,1.7642,5229,0
SCNI.US,5,20250814,165500,1.7713,1.78,1.74,1.759,10439,0
SCNI.US,5,20250814,170000,1.76,1.7606,1.76,1.76,788,0
SCNI.US,5,20250814,170500,1.746,1.76,1.74,1.74,1430,0
SCNI.US,5,20250814,171000,1.75,1.77,1.7498,1.75,8726,0
SCNI.US,5,20250814,171500,1.76,1.766,1.75,1.766,4063,0
SCNI.US,5,20250814,172000,1.765,1.78,1.765,1.77,3678,0
SCNI.US,5,20250814,172500,1.77,1.82,1.75,1.82,4266,0
SCNI.US,5,20250814,173000,1.7736,1.81,1.7736,1.81,2750,0
SCNI.US,5,20250814,173500,1.8,1.8,1.8,1.8,2000,0
SCNI.US,5,20250814,174000,1.8,1.81,1.77,1.81,8293,0
SCNI.US,5,20250814,174500,1.8152,1.82,1.8101,1.82,8245,0
SCNI.US,5,20250814,175000,1.8105,1.8105,1.8105,1.8105,356,0
SCNI.US,5,20250814,175500,1.84,1.85,1.8109,1.823,1632,0
SCNI.US,5,20250814,180000,1.8302,1.86,1.8302,1.845,9626,0
SCNI.US,5,20250814,180500,1.84,1.85,1.81,1.85,22223,0
SCNI.US,5,20250814,181000,1.84,1.8493,1.82,1.825,3119,0
SCNI.US,5,20250814,181500,1.82,1.8454,1.82,1.825,5575,0
SCNI.US,5,20250814,182000,1.8108,1.82,1.8,1.8,10045,0
SCNI.US,5,20250814,182500,1.8,1.812,1.77,1.77,12959,0
SCNI.US,5,20250814,183000,1.805,1.805,1.8031,1.8031,200,0
SCNI.US,5,20250814,183500,1.805,1.805,1.79,1.79,1716,0
SCNI.US,5,20250814,184000,1.79,1.816,1.79,1.816,3019,0
SCNI.US,5,20250814,184500,1.805,1.82,1.805,1.8163,9241,0
SCNI.US,5,20250814,185000,1.8,1.82,1.8,1.81,3609,0
SCNI.US,5,20250814,185500,1.81,1.81,1.795,1.795,7579,0
SCNI.US,5,20250814,190000,1.802,1.802,1.802,1.802,500,0
SCNI.US,5,20250814,190500,1.8,1.81,1.78,1.79,4528,0
SCNI.US,5,20250814,191000,1.79,1.8,1.79,1.8,580,0
SCNI.US,5,20250814,191500,1.8175,1.8175,1.7801,1.79,4280,0
SCNI.US,5,20250814,192000,1.7832,1.7832,1.7832,1.7832,140,0
SCNI.US,5,20250814,192500,1.795,1.795,1.795,1.795,1000,0
SCNI.US,5,20250814,193000,1.7914,1.81,1.7914,1.8,1619,0
SCNI.US,5,20250814,193500,1.8,1.81,1.8,1.81,6742,0
SCNI.US,5,20250814,194000,1.7906,1.8114,1.7906,1.8114,700,0
SCNI.US,5,20250814,194500,1.79,1.82,1.78,1.78,3786,0
SCNI.US,5,20250814,195000,1.8196,1.8196,1.7801,1.8,7365,0
SCNI.US,5,20250814,195500,1.81,1.81,1.81,1.81,400,0
SCNI.US,5,20250814,200000,1.81,1.82,1.8,1.82,6219,0
SCNI.US,5,20250814,200500,1.83,1.83,1.83,1.83,200,0
SCNI.US,5,20250814,201000,1.83,1.85,1.83,1.83,3170,0
SCNI.US,5,20250814,201500,1.83,1.87,1.83,1.8694,17037,0
SCNI.US,5,20250814,202000,1.86,1.87,1.855,1.86,13620,0
SCNI.US,5,20250814,202500,1.87,1.89,1.86,1.8857,12200,0
SCNI.US,5,20250814,203000,1.8768,1.8768,1.8601,1.8601,1960,0
SCNI.US,5,20250814,203500,1.8602,1.87,1.78,1.84,26975,0
SCNI.US,5,20250814,204000,1.82,1.82,1.815,1.815,246,0
SCNI.US,5,20250814,204500,1.82,1.84,1.82,1.8391,12815,0
SCNI.US,5,20250814,205000,1.83,1.87,1.83,1.86,1299,0
SCNI.US,5,20250814,210000,1.84,1.84,1.8,1.8,16000,0
SCNI.US,5,20250814,210500,1.8102,1.8102,1.8102,1.8102,104,0
SCNI.US,5,20250814,211000,1.8294,1.83,1.801,1.801,1800,0
SCNI.US,5,20250814,211500,1.84,1.8799,1.84,1.87,14514,0
SCNI.US,5,20250814,212000,1.8789,1.8789,1.86,1.8601,2830,0
SCNI.US,5,20250814,212500,1.86,1.865,1.83,1.84,16017,0
SCNI.US,5,20250814,213000,1.83,1.8347,1.83,1.8347,289,0
SCNI.US,5,20250814,213500,1.83,1.83,1.815,1.8299,1176,0
SCNI.US,5,20250814,214000,1.815,1.815,1.81,1.81,3631,0
SCNI.US,5,20250814,214500,1.82,1.85,1.82,1.8312,11656,0
SCNI.US,5,20250814,215000,1.83,1.8444,1.8107,1.825,4277,0
SCNI.US,5,20250814,215500,1.825,1.831,1.81,1.82,6894,0
SCNI.US,5,20250815,153000,1.71,1.765,1.71,1.73,46263,0
SCNI.US,5,20250815,153500,1.756,1.756,1.68,1.7,26640,0
SCNI.US,5,20250815,154000,1.7,1.725,1.6701,1.685,5967,0
SCNI.US,5,20250815,154500,1.65,1.6712,1.6,1.6712,28029,0
SCNI.US,5,20250815,155000,1.6882,1.7196,1.6835,1.7,6050,0
SCNI.US,5,20250815,155500,1.72,1.72,1.72,1.72,300,0
SCNI.US,5,20250815,160000,1.71,1.71,1.71,1.71,1128,0
SCNI.US,5,20250815,160500,1.7102,1.7105,1.71,1.71,3370,0
SCNI.US,5,20250815,161000,1.71,1.71,1.7006,1.7098,906,0
SCNI.US,5,20250815,161500,1.7002,1.7003,1.69,1.6901,4654,0
SCNI.US,5,20250815,162000,1.69,1.7,1.69,1.7,2660,0
SCNI.US,5,20250815,162500,1.7,1.7,1.6902,1.6902,2420,0
SCNI.US,5,20250815,163000,1.7,1.71,1.7,1.71,703,0
SCNI.US,5,20250815,163500,1.705,1.705,1.705,1.705,1000,0
SCNI.US,5,20250815,164000,1.7055,1.7055,1.7047,1.7047,1050,0
SCNI.US,5,20250815,164500,1.7102,1.7129,1.71,1.7129,1550,0
SCNI.US,5,20250815,165000,1.7102,1.7102,1.7102,1.7102,200,0
SCNI.US,5,20250815,165500,1.71,1.72,1.71,1.72,623,0
SCNI.US,5,20250815,170000,1.7,1.7126,1.69,1.7126,691,0
SCNI.US,5,20250815,170500,1.7,1.7,1.69,1.69,502,0
SCNI.US,5,20250815,171000,1.6902,1.7,1.69,1.69,2492,0
SCNI.US,5,20250815,171500,1.69,1.69,1.6801,1.6802,2550,0
SCNI.US,5,20250815,172000,1.69,1.7,1.69,1.69,2775,0
SCNI.US,5,20250815,172500,1.7,1.7,1.7,1.7,100,0
SCNI.US,5,20250815,173000,1.7099,1.7099,1.7099,1.7099,190,0
SCNI.US,5,20250815,173500,1.705,1.7057,1.705,1.7057,250,0
SCNI.US,5,20250815,174000,1.7099,1.7099,1.62,1.6656,29203,0
SCNI.US,5,20250815,174500,1.63,1.6619,1.61,1.6619,15974,0
SCNI.US,5,20250815,175000,1.64,1.6574,1.62,1.65,6401,0
SCNI.US,5,20250815,175500,1.65,1.66,1.64,1.65,10342,0
SCNI.US,5,20250815,180000,1.6505,1.6599,1.6505,1.6599,441,0
SCNI.US,5,20250815,180500,1.655,1.6595,1.655,1.6594,2182,0
SCNI.US,5,20250815,181000,1.6594,1.6594,1.6594,1.6594,200,0
SCNI.US,5,20250815,181500,1.655,1.655,1.655,1.655,888,0
SCNI.US,5,20250815,182000,1.6502,1.6502,1.6502,1.6502,400,0
SCNI.US,5,20250815,182500,1.66,1.66,1.63,1.63,3744,0
SCNI.US,5,20250815,183000,1.6247,1.625,1.62,1.6203,6590,0
SCNI.US,5,20250815,183500,1.6289,1.6289,1.6289,1.6289,393,0
SCNI.US,5,20250815,184000,1.6277,1.63,1.6277,1.63,200,0
SCNI.US,5,20250815,184500,1.625,1.629,1.62,1.62,700,0
SCNI.US,5,20250815,185000,1.625,1.625,1.62,1.62,902,0
SCNI.US,5,20250815,185500,1.6202,1.6465,1.62,1.6465,4123,0
SCNI.US,5,20250815,190000,1.61,1.64,1.58,1.64,23769,0
SCNI.US,5,20250815,190500,1.6101,1.625,1.6101,1.625,1650,0
SCNI.US,5,20250815,191000,1.625,1.625,1.625,1.625,848,0
SCNI.US,5,20250815,191500,1.61,1.61,1.6,1.6,790,0
SCNI.US,5,20250815,192000,1.61,1.61,1.58,1.6,5832,0
SCNI.US,5,20250815,192500,1.59,1.59,1.58,1.5898,1902,0
SCNI.US,5,20250815,193000,1.58,1.59,1.58,1.59,10923,0
SCNI.US,5,20250815,193500,1.6109,1.63,1.6109,1.63,1002,0
SCNI.US,5,20250815,194000,1.6394,1.64,1.625,1.63,1761,0
SCNI.US,5,20250815,194500,1.6259,1.6259,1.6,1.61,2464,0
SCNI.US,5,20250815,195500,1.605,1.605,1.605,1.605,621,0
SCNI.US,5,20250815,200000,1.6,1.6,1.58005,1.58005,1410,0
SCNI.US,5,20250815,200500,1.59,1.595,1.59,1.595,600,0
SCNI.US,5,20250815,201000,1.59,1.595,1.59,1.595,400,0
SCNI.US,5,20250815,201500,1.59,1.5999,1.57005,1.5999,5585,0
SCNI.US,5,20250815,202000,1.5998,1.5998,1.5998,1.5998,300,0
SCNI.US,5,20250815,203000,1.5755,1.59,1.5755,1.59,400,0
SCNI.US,5,20250815,203500,1.59,1.59,1.59,1.59,100,0
SCNI.US,5,20250815,204000,1.61,1.61,1.6,1.6,400,0
SCNI.US,5,20250815,204500,1.59,1.615,1.59,1.615,200,0
SCNI.US,5,20250815,205000,1.615,1.62,1.594,1.594,1600,0
SCNI.US,5,20250815,210000,1.59,1.59,1.59,1.59,500,0
SCNI.US,5,20250815,210500,1.6145,1.6145,1.6145,1.6145,200,0
SCNI.US,5,20250815,211000,1.6,1.6,1.6,1.6,1500,0
SCNI.US,5,20250815,211500,1.615,1.615,1.615,1.615,200,0
SCNI.US,5,20250815,212000,1.5907,1.5907,1.5907,1.5907,300,0
SCNI.US,5,20250815,212500,1.61,1.61,1.6,1.6,600,0
SCNI.US,5,20250815,213000,1.61,1.61,1.6,1.6,909,0
SCNI.US,5,20250815,213500,1.625,1.625,1.625,1.625,1500,0
SCNI.US,5,20250815,214000,1.6189,1.655,1.6189,1.655,1373,0
SCNI.US,5,20250815,214500,1.6544,1.67,1.63,1.63,5412,0
SCNI.US,5,20250815,215500,1.6256,1.635,1.59,1.59,9079,0
SCNI.US,5,20250818,153000,1.6056,1.63,1.6056,1.63,813,0
SCNI.US,5,20250818,153500,1.63,1.63,1.612,1.612,1065,0
SCNI.US,5,20250818,154000,1.61,1.6499,1.61,1.6499,2300,0
SCNI.US,5,20250818,154500,1.62,1.6299,1.61,1.6299,640,0
SCNI.US,5,20250818,155000,1.61,1.61,1.6,1.6,401,0
SCNI.US,5,20250818,155500,1.6001,1.6001,1.6,1.6,1136,0
SCNI.US,5,20250818,160000,1.6,1.6,1.6,1.6,826,0
SCNI.US,5,20250818,160500,1.6,1.6,1.6,1.6,100,0
SCNI.US,5,20250818,161000,1.6095,1.6095,1.6,1.6,3355,0
SCNI.US,5,20250818,161500,1.6007,1.6095,1.6,1.6095,845,0
SCNI.US,5,20250818,162000,1.61,1.61,1.6,1.6,967,0
SCNI.US,5,20250818,162500,1.6,1.6005,1.6,1.6,1328,0
SCNI.US,5,20250818,163000,1.6004,1.6004,1.6004,1.6004,2511,0
SCNI.US,5,20250818,164000,1.6001,1.6001,1.6001,1.6001,400,0
SCNI.US,5,20250818,164500,1.61,1.61,1.61,1.61,100,0
SCNI.US,5,20250818,165000,1.6002,1.6002,1.6002,1.6002,200,0
SCNI.US,5,20250818,165500,1.6001,1.6298,1.6001,1.6298,2670,0
SCNI.US,5,20250818,170000,1.6285,1.6285,1.61,1.61,2611,0
SCNI.US,5,20250818,170500,1.6,1.6,1.6,1.6,100,0
SCNI.US,5,20250818,171000,1.61,1.61,1.61,1.61,100,0
SCNI.US,5,20250818,172000,1.61,1.61,1.61,1.61,621,0
SCNI.US,5,20250818,172500,1.6016,1.61,1.6016,1.61,600,0
SCNI.US,5,20250818,173000,1.6,1.6,1.6,1.6,196,0
SCNI.US,5,20250818,173500,1.6,1.619,1.6,1.619,1053,0
SCNI.US,5,20250818,174000,1.6108,1.6108,1.6108,1.6108,1014,0
SCNI.US,5,20250818,174500,1.6012,1.6084,1.6012,1.6084,1430,0
SCNI.US,5,20250818,175000,1.6,1.62,1.6,1.62,301,0
SCNI.US,5,20250818,175500,1.6101,1.6101,1.61,1.61,545,0
SCNI.US,5,20250818,180000,1.6106,1.6106,1.61,1.61,300,0
SCNI.US,5,20250818,181000,1.6,1.6,1.6,1.6,300,0
SCNI.US,5,20250818,182500,1.61,1.61,1.61,1.61,200,0
SCNI.US,5,20250818,183000,1.61,1.61,1.59,1.59,3132,0
SCNI.US,5,20250818,185500,1.6,1.6,1.6,1.6,100,0
SCNI.US,5,20250818,192000,1.6,1.6,1.58,1.5901,5352,0
SCNI.US,5,20250818,193000,1.6188,1.6188,1.6188,1.6188,150,0
SCNI.US,5,20250818,194000,1.59,1.59,1.59,1.59,300,0
SCNI.US,5,20250818,194500,1.58,1.58,1.58,1.58,1455,0
SCNI.US,5,20250818,195000,1.585,1.585,1.585,1.585,100,0
SCNI.US,5,20250818,201000,1.585,1.585,1.58,1.58,200,0
SCNI.US,5,20250818,201500,1.585,1.585,1.585,1.585,1000,0
SCNI.US,5,20250818,203000,1.585,1.585,1.585,1.585,250,0
SCNI.US,5,20250818,203500,1.59,1.59,1.59,1.59,600,0
SCNI.US,5,20250818,205500,1.59,1.59,1.58,1.58,2965,0
SCNI.US,5,20250818,210500,1.57,1.57,1.57,1.57,150,0
SCNI.US,5,20250818,211000,1.565,1.57,1.565,1.57,400,0
SCNI.US,5,20250818,211500,1.575,1.575,1.575,1.575,200,0
SCNI.US,5,20250818,213000,1.58,1.58,1.58,1.58,500,0
SCNI.US,5,20250818,213500,1.58,1.58,1.58,1.58,100,0
SCNI.US,5,20250818,214500,1.58,1.59,1.58,1.59,1726,0
SCNI.US,5,20250818,215500,1.5701,1.59,1.5701,1.59,2510,0
SCNI.US,5,20250819,153000,1.6,1.6,1.59,1.59,1888,0
SCNI.US,5,20250819,153500,1.58,1.58,1.57,1.58,400,0
SCNI.US,5,20250819,154000,1.5794,1.5794,1.5794,1.5794,300,0
SCNI.US,5,20250819,154500,1.5798,1.58,1.5798,1.58,2245,0
SCNI.US,5,20250819,155000,1.57,1.57,1.57,1.57,338,0
SCNI.US,5,20250819,155500,1.5774,1.6,1.57,1.5999,5653,0
SCNI.US,5,20250819,160000,1.6,1.6099,1.6,1.6099,4381,0
SCNI.US,5,20250819,160500,1.61,1.6192,1.61,1.6181,1781,0
SCNI.US,5,20250819,161000,1.61,1.61,1.61,1.61,300,0
SCNI.US,5,20250819,161500,1.595,1.61,1.595,1.61,808,0
SCNI.US,5,20250819,162000,1.5704,1.61,1.5704,1.61,797,0
SCNI.US,5,20250819,163000,1.6,1.6,1.6,1.6,100,0
SCNI.US,5,20250819,163500,1.59,1.59,1.59,1.59,233,0
SCNI.US,5,20250819,164000,1.5994,1.5994,1.59,1.59,897,0
SCNI.US,5,20250819,164500,1.6,1.6085,1.6,1.6,400,0
SCNI.US,5,20250819,165000,1.6,1.6098,1.6,1.6,600,0
SCNI.US,5,20250819,165500,1.6,1.6,1.6,1.6,785,0
SCNI.US,5,20250819,170500,1.58,1.58,1.58,1.58,100,0
SCNI.US,5,20250819,171000,1.58,1.58,1.572,1.572,700,0
SCNI.US,5,20250819,171500,1.5702,1.58,1.56,1.5601,9236,0
SCNI.US,5,20250819,173000,1.57,1.57,1.57,1.57,100,0
SCNI.US,5,20250819,173500,1.57,1.5799,1.57,1.57,899,0
SCNI.US,5,20250819,174000,1.57,1.57,1.57,1.57,3000,0
SCNI.US,5,20250819,174500,1.5708,1.5708,1.56,1.5601,11062,0
SCNI.US,5,20250819,175000,1.5503,1.5503,1.52,1.5295,23355,0
SCNI.US,5,20250819,175500,1.525,1.525,1.525,1.525,100,0
SCNI.US,5,20250819,180000,1.5394,1.54,1.5249,1.5249,2300,0
SCNI.US,5,20250819,180500,1.54,1.54,1.54,1.54,100,0
SCNI.US,5,20250819,181000,1.55,1.55,1.55,1.55,400,0
SCNI.US,5,20250819,183000,1.55,1.5536,1.55,1.55,8289,0
SCNI.US,5,20250819,190000,1.55,1.555,1.54,1.54,1776,0
SCNI.US,5,20250819,190500,1.54,1.54,1.53,1.54,599,0
SCNI.US,5,20250819,192000,1.5438,1.545,1.5438,1.545,700,0
SCNI.US,5,20250819,192500,1.545,1.545,1.545,1.545,200,0
SCNI.US,5,20250819,195000,1.545,1.545,1.545,1.545,5000,0
SCNI.US,5,20250819,195500,1.5543,1.5597,1.52,1.5398,8926,0
SCNI.US,5,20250819,200500,1.53,1.54,1.52,1.52,3206,0
SCNI.US,5,20250819,201000,1.535,1.535,1.535,1.535,1100,0
SCNI.US,5,20250819,201500,1.5498,1.5498,1.5498,1.5498,250,0
SCNI.US,5,20250819,203500,1.535,1.5497,1.535,1.5497,200,0
SCNI.US,5,20250819,204000,1.535,1.5499,1.535,1.5499,1000,0
SCNI.US,5,20250819,204500,1.54,1.54,1.54,1.54,964,0
SCNI.US,5,20250819,205000,1.5474,1.5474,1.5474,1.5474,250,0
SCNI.US,5,20250819,210000,1.55,1.55,1.535,1.535,457,0
SCNI.US,5,20250819,210500,1.53,1.53,1.53,1.53,100,0
SCNI.US,5,20250819,212500,1.545,1.545,1.545,1.545,100,0
SCNI.US,5,20250819,213000,1.55,1.55,1.55,1.55,300,0
SCNI.US,5,20250819,213500,1.5301,1.5301,1.5301,1.5301,100,0
SCNI.US,5,20250819,214000,1.54,1.54,1.54,1.54,100,0
SCNI.US,5,20250819,214500,1.54,1.5427,1.54,1.54,1236,0
SCNI.US,5,20250819,215000,1.54,1.54,1.53,1.53,641,0
SCNI.US,5,20250819,215500,1.5316,1.54,1.53,1.53,1478,0
SCNI.US,5,20250820,153000,1.55,1.5545,1.51,1.51,11540,0
SCNI.US,5,20250820,153500,1.50482,1.535,1.50482,1.535,6008,0
SCNI.US,5,20250820,154500,1.57,1.57,1.46,1.55,12255,0
SCNI.US,5,20250820,155000,1.51,1.51,1.46,1.505,6184,0
SCNI.US,5,20250820,155500,1.54,1.54,1.54,1.54,2000,0
SCNI.US,5,20250820,160000,1.5,1.5,1.5,1.5,159,0
SCNI.US,5,20250820,160500,1.53,1.53,1.505,1.53,5992,0
SCNI.US,5,20250820,161000,1.5,1.5011,1.49,1.49,2200,0
SCNI.US,5,20250820,161500,1.501,1.501,1.46,1.5,18322,0
SCNI.US,5,20250820,162000,1.48,1.4999,1.47,1.4999,1769,0
SCNI.US,5,20250820,162500,1.48,1.48,1.48,1.48,245,0
SCNI.US,5,20250820,163000,1.475,1.4899,1.47,1.4898,2329,0
SCNI.US,5,20250820,163500,1.4888,1.4888,1.4884,1.4884,700,0
SCNI.US,5,20250820,164000,1.47,1.5,1.47,1.5,4017,0
SCNI.US,5,20250820,164500,1.5001,1.5001,1.49,1.49,1769,0
SCNI.US,5,20250820,165000,1.49,1.5,1.46,1.49,1456,0
SCNI.US,5,20250820,165500,1.5,1.5,1.5,1.5,100,0
SCNI.US,5,20250820,170000,1.4874,1.4874,1.4874,1.4874,100,0
SCNI.US,5,20250820,170500,1.4874,1.49,1.4701,1.4701,4148,0
SCNI.US,5,20250820,171000,1.48,1.48,1.48,1.48,200,0
SCNI.US,5,20250820,171500,1.4999,1.4999,1.485,1.485,2212,0
SCNI.US,5,20250820,172000,1.49,1.49,1.49,1.49,1000,0
SCNI.US,5,20250820,172500,1.4981,1.5099,1.4981,1.5099,300,0
SCNI.US,5,20250820,173000,1.5058,1.5092,1.5,1.5092,400,0
SCNI.US,5,20250820,180000,1.4955,1.4958,1.4854,1.4958,600,0
SCNI.US,5,20250820,180500,1.4958,1.4958,1.485,1.485,200,0
SCNI.US,5,20250820,181500,1.5,1.5,1.5,1.5,100,0
SCNI.US,5,20250820,182000,1.49,1.49,1.48,1.48,8138,0
SCNI.US,5,20250820,183000,1.48,1.495,1.48,1.495,6178,0
SCNI.US,5,20250820,185000,1.48,1.5099,1.48,1.5099,500,0
SCNI.US,5,20250820,185500,1.507342,1.5096,1.48,1.48,6100,0
SCNI.US,5,20250820,190500,1.4982,1.4982,1.4982,1.4982,600,0
SCNI.US,5,20250820,191500,1.48,1.48,1.48,1.48,1200,0
SCNI.US,5,20250820,192000,1.4868,1.4868,1.47,1.47,5130,0
SCNI.US,5,20250820,193000,1.47,1.47,1.47,1.47,100,0
SCNI.US,5,20250820,194500,1.485,1.4874,1.485,1.4874,200,0
SCNI.US,5,20250820,195500,1.4943,1.4944,1.4943,1.4944,200,0
SCNI.US,5,20250820,200000,1.49,1.49,1.49,1.49,200,0
SCNI.US,5,20250820,202000,1.48,1.48,1.47,1.47,300,0
SCNI.US,5,20250820,203000,1.47,1.4703,1.47,1.4703,248,0
SCNI.US,5,20250820,204500,1.47,1.4758,1.47,1.4758,1500,0
SCNI.US,5,20250820,205000,1.4792,1.48,1.4792,1.48,1060,0
SCNI.US,5,20250820,205500,1.47,1.4792,1.47,1.4792,200,0
SCNI.US,5,20250820,210000,1.48,1.4989,1.475,1.4989,1100,0
SCNI.US,5,20250820,210500,1.49,1.49,1.48,1.48,1256,0
SCNI.US,5,20250820,211000,1.4826,1.4826,1.47,1.475,4918,0
SCNI.US,5,20250820,211500,1.48,1.5,1.4735,1.49,16837,0
SCNI.US,5,20250820,212000,1.4998,1.575,1.4998,1.5627,51949,0
SCNI.US,5,20250820,212500,1.5795,1.61,1.55,1.6,43956,0
SCNI.US,5,20250820,213000,1.5847,1.6095,1.55,1.5597,36559,0
SCNI.US,5,20250820,213500,1.5426,1.5777,1.53,1.54,35534,0
SCNI.US,5,20250820,214000,1.545,1.58,1.545,1.58,11065,0
SCNI.US,5,20250820,214500,1.58,1.58,1.545,1.545,5319,0
SCNI.US,5,20250820,215000,1.55,1.56,1.55,1.55,9275,0
SCNI.US,5,20250820,215500,1.55,1.56,1.54,1.54,3240,0
SCNI.US,5,20250821,153000,1.71,1.71,1.66,1.67,7375,0
SCNI.US,5,20250821,153500,1.62,1.67,1.62,1.64,11339,0
SCNI.US,5,20250821,154000,1.67,1.67,1.6307,1.6307,7365,0
SCNI.US,5,20250821,154500,1.6331,1.67,1.63,1.6449,4430,0
SCNI.US,5,20250821,155000,1.66,1.66,1.63,1.63,8848,0
SCNI.US,5,20250821,155500,1.64,1.64,1.6218,1.6218,2500,0
SCNI.US,5,20250821,160000,1.65,1.6503,1.65,1.65,1873,0
SCNI.US,5,20250821,160500,1.63,1.66,1.6221,1.65,8685,0
SCNI.US,5,20250821,161000,1.65,1.65,1.65,1.65,112,0
SCNI.US,5,20250821,161500,1.65,1.65,1.61,1.61,10696,0
SCNI.US,5,20250821,162000,1.6199,1.63,1.58,1.63,23875,0
SCNI.US,5,20250821,162500,1.63,1.64,1.61,1.64,6072,0
SCNI.US,5,20250821,163500,1.61,1.6173,1.58,1.58,800,0
SCNI.US,5,20250821,164000,1.61,1.625,1.6,1.61,1900,0
SCNI.US,5,20250821,164500,1.591,1.61,1.591,1.5948,1786,0
SCNI.US,5,20250821,165000,1.6288,1.6288,1.6288,1.6288,100,0
SCNI.US,5,20250821,170000,1.62,1.62,1.62,1.62,200,0
SCNI.US,5,20250821,170500,1.62,1.65,1.615,1.65,15342,0
SCNI.US,5,20250821,171000,1.6699,1.69,1.6501,1.6501,2073,0
SCNI.US,5,20250821,171500,1.6895,1.6895,1.6895,1.6895,350,0
SCNI.US,5,20250821,172000,1.69,1.69,1.6899,1.6899,1979,0
SCNI.US,5,20250821,172500,1.66,1.66,1.66,1.66,100,0
SCNI.US,5,20250821,173000,1.66,1.66,1.61,1.6595,5713,0
SCNI.US,5,20250821,173500,1.6552,1.6578,1.6552,1.6578,600,0
SCNI.US,5,20250821,174500,1.645,1.6563,1.645,1.6563,1170,0
SCNI.US,5,20250821,175000,1.66,1.66,1.65,1.65,2000,0
SCNI.US,5,20250821,175500,1.65,1.66,1.65,1.655,2458,0
SCNI.US,5,20250821,180000,1.655,1.68,1.655,1.6654,3020,0
SCNI.US,5,20250821,181000,1.675,1.675,1.675,1.675,800,0
SCNI.US,5,20250821,181500,1.6601,1.6602,1.64,1.65,6776,0
SCNI.US,5,20250821,182000,1.6868,1.6868,1.61,1.61,5384,0
SCNI.US,5,20250821,183500,1.69,1.69,1.66,1.6885,5600,0
SCNI.US,5,20250821,184500,1.665,1.665,1.66,1.66,600,0
SCNI.US,5,20250821,185000,1.65,1.65,1.65,1.65,200,0
SCNI.US,5,20250821,185500,1.6501,1.6501,1.6501,1.6501,2000,0
SCNI.US,5,20250821,190000,1.6527,1.68,1.6527,1.679,1986,0
SCNI.US,5,20250821,190500,1.68,1.68,1.68,1.68,456,0
SCNI.US,5,20250821,191000,1.685,1.685,1.685,1.685,1500,0
SCNI.US,5,20250821,192000,1.685,1.7,1.68,1.7,3700,0
SCNI.US,5,20250821,192500,1.7,1.72,1.7,1.7117,16475,0
SCNI.US,5,20250821,193000,1.7209,1.7214,1.7002,1.7214,4130,0
SCNI.US,5,20250821,193500,1.7106,1.7106,1.7014,1.7014,750,0
SCNI.US,5,20250821,194000,1.7,1.7011,1.695,1.7,650,0
SCNI.US,5,20250821,194500,1.7,1.71,1.7,1.71,1494,0
SCNI.US,5,20250821,195000,1.71,1.71,1.71,1.71,100,0
SCNI.US,5,20250821,195500,1.7,1.7,1.696,1.696,500,0
SCNI.US,5,20250821,200000,1.69,1.692,1.69,1.6901,6700,0
SCNI.US,5,20250821,200500,1.7,1.7,1.68,1.68,5660,0
SCNI.US,5,20250821,201000,1.69,1.7,1.69,1.7,1630,0
SCNI.US,5,20250821,202000,1.6914,1.6914,1.6912,1.6912,839,0
SCNI.US,5,20250821,202500,1.6901,1.6901,1.69,1.69,1408,0
SCNI.US,5,20250821,203000,1.6738,1.68,1.67,1.673,3645,0
SCNI.US,5,20250821,203500,1.685,1.7,1.6744,1.7,2350,0
SCNI.US,5,20250821,204000,1.7,1.72,1.6874,1.72,4086,0
SCNI.US,5,20250821,204500,1.7116,1.715,1.7,1.7,4400,0
SCNI.US,5,20250821,205000,1.69,1.7,1.66,1.697164,6100,0
SCNI.US,5,20250821,205500,1.685,1.7001,1.685,1.7001,1500,0
SCNI.US,5,20250821,210000,1.71,1.77,1.7001,1.77,38156,0
SCNI.US,5,20250821,210500,1.769,1.79,1.74,1.7407,53067,0
SCNI.US,5,20250821,211000,1.7425,1.77,1.7425,1.745,3107,0
SCNI.US,5,20250821,211500,1.7208,1.745,1.7202,1.7202,5198,0
SCNI.US,5,20250821,212000,1.74,1.74,1.7,1.7001,8103,0
SCNI.US,5,20250821,212500,1.715,1.715,1.69,1.7,2381,0
SCNI.US,5,20250821,213000,1.7,1.72,1.67,1.7,4154,0
SCNI.US,5,20250821,213500,1.7187,1.72,1.7,1.7,506,0
SCNI.US,5,20250821,214000,1.6909,1.6909,1.6909,1.6909,480,0
SCNI.US,5,20250821,214500,1.71,1.7199,1.7,1.705,8450,0
SCNI.US,5,20250821,215000,1.7046,1.71,1.7046,1.71,2800,0
SCNI.US,5,20250821,215500,1.71,1.75,1.71,1.73,45326,0
SCNI.US,5,20250822,153000,1.7,1.704,1.7,1.7,1720,0
SCNI.US,5,20250822,153500,1.6953,1.7,1.6802,1.7,12437,0
SCNI.US,5,20250822,154000,1.69,1.7,1.69,1.7,10885,0
SCNI.US,5,20250822,154500,1.72,1.72,1.68,1.68,38892,0
SCNI.US,5,20250822,155000,1.69,1.695,1.68,1.695,3443,0
SCNI.US,5,20250822,155500,1.695,1.695,1.68,1.68,450,0
SCNI.US,5,20250822,160000,1.68,1.71,1.68,1.7,4023,0
SCNI.US,5,20250822,160500,1.6999,1.6999,1.685,1.69,1747,0
SCNI.US,5,20250822,161000,1.69,1.69,1.67,1.6708,3050,0
SCNI.US,5,20250822,161500,1.69,1.69,1.67,1.6827,2940,0
SCNI.US,5,20250822,162000,1.69,1.6902,1.6802,1.6802,4008,0
SCNI.US,5,20250822,162500,1.69,1.69,1.69,1.69,1439,0
SCNI.US,5,20250822,163000,1.69,1.69,1.67,1.6701,11998,0
SCNI.US,5,20250822,163500,1.67,1.67,1.66,1.66,2550,0
SCNI.US,5,20250822,164000,1.6601,1.671,1.64,1.671,4608,0
SCNI.US,5,20250822,164500,1.66,1.66,1.66,1.66,600,0
SCNI.US,5,20250822,165000,1.6518,1.6518,1.6518,1.6518,242,0
SCNI.US,5,20250822,165500,1.66,1.67,1.66,1.67,2600,0
SCNI.US,5,20250822,170000,1.6516,1.6516,1.65,1.6501,3832,0
SCNI.US,5,20250822,170500,1.68,1.68,1.68,1.68,100,0
SCNI.US,5,20250822,171500,1.65,1.68,1.65,1.68,686,0
SCNI.US,5,20250822,172500,1.666341,1.68,1.666341,1.68,1550,0
SCNI.US,5,20250822,173000,1.6752,1.6752,1.6752,1.6752,300,0
SCNI.US,5,20250822,174000,1.68,1.68,1.68,1.68,100,0
SCNI.US,5,20250822,174500,1.68,1.68,1.67,1.68,488,0
SCNI.US,5,20250822,175500,1.68,1.6801,1.65,1.65,9551,0
SCNI.US,5,20250822,180000,1.675,1.675,1.675,1.675,600,0
SCNI.US,5,20250822,180500,1.65,1.65,1.6235,1.6235,2039,0
SCNI.US,5,20250822,181000,1.6205,1.6699,1.6205,1.645,1065,0
SCNI.US,5,20250822,181500,1.6471,1.6471,1.6471,1.6471,450,0
SCNI.US,5,20250822,182500,1.67,1.67,1.6536,1.6536,962,0
SCNI.US,5,20250822,183000,1.65,1.7,1.645,1.65,2062,0
SCNI.US,5,20250822,183500,1.62,1.6216,1.62,1.6216,621,0
SCNI.US,5,20250822,184000,1.63,1.63,1.61,1.6101,4378,0
SCNI.US,5,20250822,184500,1.62,1.65,1.615,1.65,8535,0
SCNI.US,5,20250822,185500,1.635,1.635,1.635,1.635,200,0
SCNI.US,5,20250822,190000,1.6473,1.6473,1.6338,1.6338,700,0
SCNI.US,5,20250822,190500,1.6373,1.64,1.6373,1.64,225,0
SCNI.US,5,20250822,191500,1.6407,1.6407,1.6407,1.6407,100,0
SCNI.US,5,20250822,193000,1.64,1.64,1.64,1.64,300,0
SCNI.US,5,20250822,193500,1.64,1.64,1.64,1.64,1300,0
SCNI.US,5,20250822,200500,1.64,1.64,1.64,1.64,300,0
SCNI.US,5,20250822,201000,1.63,1.63,1.62,1.62,2872,0
SCNI.US,5,20250822,202000,1.6387,1.6387,1.6387,1.6387,300,0
SCNI.US,5,20250822,203000,1.635,1.635,1.635,1.635,100,0
SCNI.US,5,20250822,204000,1.635,1.635,1.635,1.635,100,0
SCNI.US,5,20250822,204500,1.64,1.64,1.635,1.635,300,0
SCNI.US,5,20250822,205000,1.665,1.665,1.665,1.665,200,0
SCNI.US,5,20250822,205500,1.665,1.6822,1.665,1.6822,1380,0
SCNI.US,5,20250822,210000,1.6405,1.6542,1.64,1.6542,1011,0
SCNI.US,5,20250822,211500,1.635,1.635,1.62,1.6228,1396,0
SCNI.US,5,20250822,212000,1.621,1.621,1.621,1.621,300,0
SCNI.US,5,20250822,212500,1.62,1.62,1.62,1.62,900,0
SCNI.US,5,20250822,213000,1.621,1.621,1.621,1.621,158,0
SCNI.US,5,20250822,214500,1.621,1.621,1.62,1.6201,1611,0
SCNI.US,5,20250822,215500,1.615,1.615,1.6,1.6,862,0
SCNI.US,5,20250825,153000,1.6,1.6,1.5999,1.5999,393,0
SCNI.US,5,20250825,153500,1.565,1.5682,1.528,1.5682,19196,0
SCNI.US,5,20250825,154000,1.5622,1.5622,1.536,1.5622,3959,0
SCNI.US,5,20250825,154500,1.56,1.59,1.5371,1.5371,2962,0
SCNI.US,5,20250825,155000,1.5894,1.5894,1.53,1.53,1450,0
SCNI.US,5,20250825,155500,1.55,1.55,1.53,1.54,1007,0
SCNI.US,5,20250825,160000,1.55,1.55,1.54,1.54,4106,0
SCNI.US,5,20250825,160500,1.5305,1.54,1.52,1.54,11095,0
SCNI.US,5,20250825,161000,1.535,1.54,1.53,1.54,2051,0
SCNI.US,5,20250825,161500,1.55,1.55,1.54,1.55,1218,0
SCNI.US,5,20250825,162000,1.56,1.56,1.53,1.53,5772,0
SCNI.US,5,20250825,162500,1.52,1.5306,1.52,1.522,6733,0
SCNI.US,5,20250825,163000,1.5399,1.5399,1.5399,1.5399,100,0
SCNI.US,5,20250825,163500,1.5399,1.5399,1.5399,1.5399,1000,0
SCNI.US,5,20250825,164500,1.535,1.535,1.535,1.535,135,0
SCNI.US,5,20250825,165000,1.535,1.535,1.535,1.535,280,0
SCNI.US,5,20250825,165500,1.538,1.538,1.538,1.538,100,0
SCNI.US,5,20250825,170000,1.535,1.54,1.535,1.54,207,0
SCNI.US,5,20250825,171000,1.53,1.53,1.52,1.53,4415,0
SCNI.US,5,20250825,171500,1.53,1.54,1.53,1.54,2151,0
SCNI.US,5,20250825,172500,1.545,1.545,1.5415,1.5415,577,0
SCNI.US,5,20250825,174500,1.545,1.5497,1.545,1.5497,400,0
SCNI.US,5,20250825,175500,1.545,1.545,1.545,1.545,500,0
SCNI.US,5,20250825,180000,1.545,1.545,1.545,1.545,100,0
SCNI.US,5,20250825,181500,1.55,1.55,1.55,1.55,2220,0
SCNI.US,5,20250825,182500,1.5501,1.5501,1.5501,1.5501,1100,0
SCNI.US,5,20250825,183000,1.55,1.55,1.55,1.55,203,0
SCNI.US,5,20250825,183500,1.55,1.5545,1.55,1.55,4087,0
SCNI.US,5,20250825,184000,1.5446,1.5446,1.5446,1.5446,500,0
SCNI.US,5,20250825,184500,1.55,1.55,1.54,1.54,434,0
SCNI.US,5,20250825,185000,1.5205,1.5205,1.5205,1.5205,2700,0
SCNI.US,5,20250825,185500,1.54,1.54,1.54,1.54,888,0
SCNI.US,5,20250825,192500,1.5445,1.5445,1.5445,1.5445,500,0
SCNI.US,5,20250825,194000,1.54,1.54,1.525,1.525,6452,0
SCNI.US,5,20250825,194500,1.5118,1.525,1.51,1.525,1300,0
SCNI.US,5,20250825,195500,1.525,1.525,1.525,1.525,175,0
SCNI.US,5,20250825,200000,1.52,1.5201,1.5,1.52,4315,0
SCNI.US,5,20250825,201000,1.52,1.53,1.52,1.5299,10697,0
SCNI.US,5,20250825,201500,1.52,1.52,1.52,1.52,5324,0
SCNI.US,5,20250825,202000,1.59,1.59,1.5,1.5,3144,0
SCNI.US,5,20250825,202500,1.5099,1.55,1.5099,1.55,5526,0
SCNI.US,5,20250825,203000,1.53,1.53,1.53,1.53,475,0
SCNI.US,5,20250825,203500,1.5106,1.55,1.5106,1.55,1756,0
SCNI.US,5,20250825,204000,1.55,1.55,1.55,1.55,163,0
SCNI.US,5,20250825,204500,1.58,1.58,1.58,1.58,100,0
SCNI.US,5,20250825,205000,1.5732,1.5732,1.5732,1.5732,100,0
SCNI.US,5,20250825,210000,1.555,1.57,1.555,1.57,300,0
SCNI.US,5,20250825,212500,1.535,1.535,1.535,1.535,100,0
SCNI.US,5,20250825,213000,1.53,1.53,1.53,1.53,200,0
SCNI.US,5,20250825,213500,1.535,1.535,1.535,1.535,100,0
SCNI.US,5,20250825,214500,1.5386,1.5386,1.5386,1.5386,570,0
SCNI.US,5,20250825,215000,1.54,1.56,1.54,1.56,538,0
SCNI.US,5,20250825,215500,1.55,1.55,1.54,1.54,1168,0
SCNI.US,5,20250826,153000,1.56,1.58,1.55,1.58,2150,0
SCNI.US,5,20250826,153500,1.59,1.6,1.565,1.59,7971,0
SCNI.US,5,20250826,154000,1.609,1.61,1.57,1.57,2290,0
SCNI.US,5,20250826,155000,1.5701,1.58,1.5701,1.58,2900,0
SCNI.US,5,20250826,155500,1.58,1.58,1.57,1.57,2166,0
SCNI.US,5,20250826,162000,1.57,1.57,1.57,1.57,1000,0
SCNI.US,5,20250826,165000,1.5761,1.5761,1.5761,1.5761,300,0
SCNI.US,5,20250826,172000,1.57,1.57,1.57,1.57,100,0
SCNI.US,5,20250826,172500,1.5755,1.5755,1.5755,1.5755,200,0
SCNI.US,5,20250826,173500,1.57,1.58,1.57,1.57,2217,0
SCNI.US,5,20250826,174000,1.56,1.56,1.56,1.56,100,0
SCNI.US,5,20250826,174500,1.56,1.56,1.56,1.56,200,0
SCNI.US,5,20250826,175000,1.56,1.56,1.56,1.56,300,0
SCNI.US,5,20250826,175500,1.56,1.56,1.53,1.54,4502,0
SCNI.US,5,20250826,181500,1.55,1.55,1.55,1.55,100,0
SCNI.US,5,20250826,182000,1.54,1.545,1.51,1.51,37897,0
SCNI.US,5,20250826,183000,1.52,1.52,1.52,1.52,100,0
SCNI.US,5,20250826,183500,1.52,1.54,1.52,1.53,1300,0
SCNI.US,5,20250826,184000,1.53,1.5358,1.52,1.52,1800,0
SCNI.US,5,20250826,184500,1.52,1.53,1.52,1.53,900,0
SCNI.US,5,20250826,190000,1.53,1.53,1.53,1.53,648,0
SCNI.US,5,20250826,192000,1.5298,1.53,1.52,1.53,800,0
SCNI.US,5,20250826,193000,1.5396,1.5396,1.5396,1.5396,191,0
SCNI.US,5,20250826,193500,1.54,1.54,1.54,1.54,300,0
SCNI.US,5,20250826,195000,1.535,1.535,1.535,1.535,100,0
SCNI.US,5,20250826,201500,1.5201,1.5201,1.5201,1.5201,100,0
SCNI.US,5,20250826,203500,1.5286,1.5286,1.5286,1.5286,1800,0
SCNI.US,5,20250826,204500,1.535,1.535,1.535,1.535,140,0
SCNI.US,5,20250826,205000,1.55,1.568,1.53,1.53,1200,0
SCNI.US,5,20250826,210500,1.5526,1.5526,1.5526,1.5526,3030,0
SCNI.US,5,20250826,212000,1.53,1.53,1.53,1.53,1000,0
SCNI.US,5,20250826,212500,1.53,1.53,1.5,1.5,2751,0
SCNI.US,5,20250826,214500,1.52,1.52,1.52,1.52,200,0
SCNI.US,5,20250826,215000,1.5301,1.5301,1.53,1.53,1100,0
SCNI.US,5,20250826,215500,1.54,1.54,1.52,1.54,1837,0
SCNI.US,5,20250827,153000,1.54,1.54,1.54,1.54,215,0
SCNI.US,5,20250827,154000,1.54,1.54,1.54,1.54,150,0
SCNI.US,5,20250827,154500,1.5302,1.5302,1.5302,1.5302,315,0
SCNI.US,5,20250827,155000,1.5454,1.5454,1.5454,1.5454,354,0
SCNI.US,5,20250827,155500,1.5401,1.5401,1.5401,1.5401,266,0
SCNI.US,5,20250827,160000,1.5401,1.5401,1.5401,1.5401,243,0
SCNI.US,5,20250827,161000,1.54,1.54,1.54,1.54,100,0
SCNI.US,5,20250827,161500,1.5318,1.54,1.5318,1.54,421,0
SCNI.US,5,20250827,163500,1.54,1.54,1.54,1.54,100,0
SCNI.US,5,20250827,164000,1.5403,1.5403,1.5403,1.5403,150,0
SCNI.US,5,20250827,164500,1.54,1.54,1.54,1.54,4300,0
SCNI.US,5,20250827,165500,1.53,1.53,1.52,1.52,1733,0
SCNI.US,5,20250827,170000,1.525,1.53,1.525,1.5294,1350,0
SCNI.US,5,20250827,171500,1.53,1.54,1.52,1.52,3915,0
SCNI.US,5,20250827,174000,1.53,1.53,1.52,1.52,2200,0
SCNI.US,5,20250827,175500,1.525,1.5299,1.525,1.5299,363,0
SCNI.US,5,20250827,180500,1.525,1.53,1.525,1.5299,400,0
SCNI.US,5,20250827,181000,1.53,1.53,1.53,1.53,567,0
SCNI.US,5,20250827,181500,1.5399,1.5399,1.5399,1.5399,104,0
SCNI.US,5,20250827,183000,1.53,1.53,1.53,1.53,150,0
SCNI.US,5,20250827,183500,1.52,1.52,1.52,1.52,1900,0
SCNI.US,5,20250827,184000,1.52,1.52,1.52,1.52,6000,0
SCNI.US,5,20250827,185500,1.52,1.52,1.52,1.52,5000,0
SCNI.US,5,20250827,193500,1.53,1.53,1.53,1.53,100,0
SCNI.US,5,20250827,194500,1.53,1.53,1.52,1.52,4175,0
SCNI.US,5,20250827,195000,1.52,1.52,1.52,1.52,433,0
SCNI.US,5,20250827,195500,1.51,1.52,1.51,1.51,7026,0
SCNI.US,5,20250827,200000,1.505,1.505,1.505,1.505,500,0
SCNI.US,5,20250827,202500,1.5001,1.5001,1.5001,1.5001,300,0
SCNI.US,5,20250827,203000,1.505,1.505,1.5,1.5,3116,0
SCNI.US,5,20250827,204000,1.49,1.4984,1.4892,1.49,1850,0
SCNI.US,5,20250827,204500,1.505,1.52,1.505,1.52,424,0
SCNI.US,5,20250827,210000,1.505,1.505,1.505,1.505,250,0
SCNI.US,5,20250827,212000,1.5,1.5,1.5,1.5,422,0
SCNI.US,5,20250827,214000,1.485,1.485,1.485,1.485,200,0
SCNI.US,5,20250827,215000,1.492,1.492,1.49,1.49,2793,0
SCNI.US,5,20250827,215500,1.49,1.49,1.48,1.48,1888,0
SCNI.US,5,20250828,153000,1.48,1.5,1.48,1.48,2501,0
SCNI.US,5,20250828,153500,1.471,1.5,1.4692,1.4692,6425,0
SCNI.US,5,20250828,154000,1.47,1.47,1.46,1.4607,9449,0
SCNI.US,5,20250828,155000,1.46,1.46,1.46,1.46,100,0
SCNI.US,5,20250828,155500,1.4669,1.4669,1.4669,1.4669,100,0
SCNI.US,5,20250828,160000,1.5293,1.5293,1.5,1.52,450,0
SCNI.US,5,20250828,160500,1.52,1.52,1.4769,1.4769,300,0
SCNI.US,5,20250828,162000,1.48,1.5,1.48,1.5,7000,0
SCNI.US,5,20250828,163000,1.487,1.487,1.487,1.487,200,0
SCNI.US,5,20250828,163500,1.48,1.4805,1.48,1.4805,300,0
SCNI.US,5,20250828,164000,1.4805,1.4805,1.4805,1.4805,100,0
SCNI.US,5,20250828,165000,1.48,1.4898,1.48,1.4898,772,0
SCNI.US,5,20250828,170000,1.4802,1.4802,1.4802,1.4802,2721,0
SCNI.US,5,20250828,171000,1.485,1.4898,1.485,1.4898,846,0
SCNI.US,5,20250828,171500,1.485,1.485,1.485,1.485,330,0
SCNI.US,5,20250828,172000,1.4803,1.4803,1.4803,1.4803,150,0
SCNI.US,5,20250828,173500,1.4883,1.4883,1.47,1.47,1354,0
SCNI.US,5,20250828,174000,1.475,1.4798,1.47,1.4798,1364,0
SCNI.US,5,20250828,180000,1.47,1.4746,1.47,1.4746,475,0
SCNI.US,5,20250828,181000,1.4701,1.475,1.4701,1.475,792,0
SCNI.US,5,20250828,181500,1.475,1.475,1.475,1.475,500,0
SCNI.US,5,20250828,182000,1.47,1.47,1.47,1.47,942,0
SCNI.US,5,20250828,184500,1.475,1.475,1.475,1.475,364,0
SCNI.US,5,20250828,185500,1.4799,1.4799,1.4799,1.4799,600,0
SCNI.US,5,20250828,190000,1.475,1.475,1.475,1.475,200,0
SCNI.US,5,20250828,193500,1.475,1.4959,1.475,1.4959,2503,0
SCNI.US,5,20250828,194500,1.485,1.497,1.485,1.497,1186,0
SCNI.US,5,20250828,195000,1.4975,1.4975,1.4975,1.4975,1315,0
SCNI.US,5,20250828,200000,1.494,1.494,1.494,1.494,200,0
SCNI.US,5,20250828,200500,1.4838,1.485,1.48,1.485,1300,0
SCNI.US,5,20250828,202000,1.49,1.495,1.49,1.495,1476,0
SCNI.US,5,20250828,202500,1.5,1.5,1.5,1.5,100,0
SCNI.US,5,20250828,203000,1.4901,1.5,1.4901,1.5,2500,0
SCNI.US,5,20250828,204000,1.4942,1.495,1.4942,1.495,300,0
SCNI.US,5,20250828,211000,1.48,1.48,1.48,1.48,100,0
SCNI.US,5,20250828,212000,1.48,1.48,1.48,1.48,350,0
SCNI.US,5,20250828,212500,1.47,1.47,1.47,1.47,700,0
SCNI.US,5,20250828,213000,1.47,1.47,1.47,1.47,120,0
SCNI.US,5,20250828,213500,1.47,1.47,1.47,1.47,400,0
SCNI.US,5,20250828,214500,1.47,1.47,1.47,1.47,126,0
SCNI.US,5,20250828,215000,1.475,1.48,1.475,1.48,1100,0
SCNI.US,5,20250828,215500,1.48,1.48,1.46,1.46,2452,0
SCNI.US,5,20250829,153000,1.47,1.48,1.47,1.48,1114,0
SCNI.US,5,20250829,153500,1.495966,1.495966,1.47,1.47,1056,0
SCNI.US,5,20250829,154500,1.4899,1.4899,1.4899,1.4899,1500,0
SCNI.US,5,20250829,155000,1.4895,1.51,1.4895,1.51,5320,0
SCNI.US,5,20250829,155500,1.51,1.51,1.51,1.51,2000,0
SCNI.US,5,20250829,160000,1.5366,1.5366,1.5103,1.5103,1440,0
SCNI.US,5,20250829,160500,1.5,1.5002,1.5,1.5,6526,0
SCNI.US,5,20250829,161000,1.51,1.51,1.505,1.51,500,0
SCNI.US,5,20250829,161500,1.51,1.525,1.505,1.52,4629,0
SCNI.US,5,20250829,162000,1.52,1.52,1.52,1.52,300,0
SCNI.US,5,20250829,162500,1.52,1.52,1.5,1.5,300,0
SCNI.US,5,20250829,164500,1.52,1.52,1.52,1.52,100,0
SCNI.US,5,20250829,165500,1.52,1.52,1.52,1.52,100,0
SCNI.US,5,20250829,172000,1.5007,1.5007,1.5007,1.5007,200,0
SCNI.US,5,20250829,175000,1.52,1.52,1.52,1.52,603,0
SCNI.US,5,20250829,180000,1.52,1.52,1.52,1.52,522,0
SCNI.US,5,20250829,181000,1.52,1.52,1.52,1.52,1024,0
SCNI.US,5,20250829,182500,1.5299,1.53,1.529,1.529,914,0
SCNI.US,5,20250829,184000,1.53,1.53,1.53,1.53,500,0
SCNI.US,5,20250829,184500,1.5295,1.5295,1.5295,1.5295,229,0
SCNI.US,5,20250829,185000,1.52,1.52,1.52,1.52,2000,0
SCNI.US,5,20250829,185500,1.52,1.52,1.52,1.52,2200,0
SCNI.US,5,20250829,192500,1.52,1.52,1.52,1.52,171,0
SCNI.US,5,20250829,195500,1.525,1.525,1.525,1.525,393,0
SCNI.US,5,20250829,204000,1.5101,1.5101,1.5101,1.5101,400,0
SCNI.US,5,20250829,213000,1.515,1.515,1.515,1.515,245,0
SCNI.US,5,20250829,214500,1.52,1.53,1.52,1.52,925,0
SCNI.US,5,20250829,215000,1.53,1.53,1.5254,1.53,1675,0
SCNI.US,5,20250829,215500,1.53,1.575,1.525,1.53,25741,0
SCNI.US,5,20250902,153000,1.52,1.5484,1.4702,1.4702,7789,0
SCNI.US,5,20250902,153500,1.52,1.52,1.4809,1.4809,2629,0
SCNI.US,5,20250902,154000,1.485,1.53,1.47,1.47,12847,0
SCNI.US,5,20250902,154500,1.47,1.47,1.47,1.47,100,0
SCNI.US,5,20250902,155000,1.48,1.5,1.48,1.5,233,0
SCNI.US,5,20250902,155500,1.487794,1.487794,1.487794,1.487794,521,0
SCNI.US,5,20250902,160000,1.49,1.5,1.49,1.5,600,0
SCNI.US,5,20250902,161500,1.53,1.53,1.53,1.53,100,0
SCNI.US,5,20250902,162000,1.53,1.53,1.53,1.53,234,0
SCNI.US,5,20250902,163500,1.52,1.55,1.52,1.55,13506,0
SCNI.US,5,20250902,165000,1.52,1.52,1.52,1.52,100,0
SCNI.US,5,20250902,170000,1.5112,1.5112,1.5112,1.5112,2050,0
SCNI.US,5,20250902,170500,1.5159,1.5159,1.5159,1.5159,2500,0
SCNI.US,5,20250902,171500,1.53,1.53,1.53,1.53,600,0
SCNI.US,5,20250902,172000,1.532819,1.532819,1.532819,1.532819,100,0
SCNI.US,5,20250902,172500,1.53,1.53,1.53,1.53,100,0
SCNI.US,5,20250902,173500,1.5493,1.5493,1.5493,1.5493,868,0
SCNI.US,5,20250902,183000,1.525,1.525,1.51,1.51,310,0
SCNI.US,5,20250902,185500,1.5106,1.5106,1.5106,1.5106,375,0
SCNI.US,5,20250902,192500,1.53,1.53,1.52,1.52,1775,0
SCNI.US,5,20250902,194500,1.521,1.521,1.521,1.521,440,0
SCNI.US,5,20250902,195500,1.52,1.52,1.52,1.52,285,0
SCNI.US,5,20250902,202500,1.52,1.52,1.52,1.52,200,0
SCNI.US,5,20250902,203000,1.512,1.514,1.512,1.514,200,0
SCNI.US,5,20250902,204000,1.52,1.52,1.52,1.52,120,0
SCNI.US,5,20250902,204500,1.53,1.53,1.52,1.52,1000,0
SCNI.US,5,20250902,205000,1.52,1.5299,1.52,1.5299,1035,0
SCNI.US,5,20250902,210000,1.5299,1.5299,1.5299,1.5299,1000,0
SCNI.US,5,20250902,212500,1.5101,1.5101,1.5101,1.5101,100,0
SCNI.US,5,20250902,213000,1.52,1.52,1.52,1.52,100,0
SCNI.US,5,20250902,213500,1.53,1.535,1.53,1.535,337,0
SCNI.US,5,20250902,215500,1.55,1.57,1.54,1.54,2937,0
SCNI.US,5,20250903,153000,1.51,1.54,1.51,1.54,2062,0
SCNI.US,5,20250903,153500,1.5427,1.58,1.5427,1.57,31794,0
SCNI.US,5,20250903,154000,1.57,1.57,1.57,1.57,100,0
SCNI.US,5,20250903,154500,1.58,1.6,1.58,1.5802,2999,0
SCNI.US,5,20250903,155000,1.5978,1.5978,1.5978,1.5978,1667,0
SCNI.US,5,20250903,155500,1.59,1.6,1.575,1.575,1200,0
SCNI.US,5,20250903,160000,1.575,1.575,1.57,1.57,1600,0
SCNI.US,5,20250903,160500,1.59,1.68,1.59,1.6401,43559,0
SCNI.US,5,20250903,161000,1.63,1.63,1.595,1.595,1100,0
SCNI.US,5,20250903,161500,1.6,1.6,1.6,1.6,200,0
SCNI.US,5,20250903,162000,1.6002,1.6016,1.6,1.6,5400,0
SCNI.US,5,20250903,162500,1.5976,1.5976,1.5976,1.5976,1500,0
SCNI.US,5,20250903,163000,1.585,1.6,1.585,1.6,1500,0
SCNI.US,5,20250903,164000,1.585,1.6,1.57,1.6,2190,0
SCNI.US,5,20250903,164500,1.5901,1.5901,1.5901,1.5901,100,0
SCNI.US,5,20250903,165500,1.58,1.58,1.58,1.58,200,0
SCNI.US,5,20250903,170000,1.575,1.58,1.5737,1.58,1242,0
SCNI.US,5,20250903,171000,1.57,1.57,1.55,1.57,2600,0
SCNI.US,5,20250903,172000,1.555,1.56,1.5506,1.5506,1163,0
SCNI.US,5,20250903,172500,1.5592,1.5592,1.5592,1.5592,140,0
SCNI.US,5,20250903,173000,1.56,1.59,1.56,1.59,799,0
SCNI.US,5,20250903,174000,1.5675,1.5675,1.5603,1.5603,500,0
SCNI.US,5,20250903,180000,1.58,1.58,1.58,1.58,100,0
SCNI.US,5,20250903,184000,1.58,1.58,1.58,1.58,100,0
SCNI.US,5,20250903,190000,1.57,1.58,1.565,1.58,4700,0
SCNI.US,5,20250903,190500,1.58,1.58,1.575,1.58,1600,0
SCNI.US,5,20250903,191000,1.58,1.58,1.58,1.58,100,0
SCNI.US,5,20250903,193000,1.58,1.59,1.575,1.59,1908,0
SCNI.US,5,20250903,193500,1.6,1.6,1.6,1.6,100,0
SCNI.US,5,20250903,194000,1.585,1.585,1.585,1.585,1000,0
SCNI.US,5,20250903,195000,1.59,1.59,1.59,1.59,1239,0
SCNI.US,5,20250903,200000,1.5892,1.5892,1.5892,1.5892,188,0
SCNI.US,5,20250903,200500,1.59,1.59,1.59,1.59,100,0
SCNI.US,5,20250903,201500,1.581,1.581,1.581,1.581,411,0
SCNI.US,5,20250903,202000,1.59,1.59,1.59,1.59,1400,0
SCNI.US,5,20250903,202500,1.6,1.6,1.6,1.6,1619,0
SCNI.US,5,20250903,203500,1.6,1.6,1.6,1.6,100,0
SCNI.US,5,20250903,204000,1.59,1.59,1.59,1.59,900,0
SCNI.US,5,20250903,210500,1.62,1.62,1.62,1.62,100,0
SCNI.US,5,20250903,211000,1.59,1.605,1.59,1.605,1100,0
SCNI.US,5,20250903,211500,1.595,1.595,1.595,1.595,200,0
SCNI.US,5,20250903,212500,1.6,1.6,1.6,1.6,400,0
SCNI.US,5,20250903,214500,1.602,1.602,1.602,1.602,254,0
SCNI.US,5,20250903,215000,1.62,1.62,1.6,1.6,300,0
SCNI.US,5,20250903,215500,1.614,1.64,1.614,1.63,8293,0
SCNI.US,5,20250904,153000,1.56,1.6082,1.56,1.57,2509,0
SCNI.US,5,20250904,154500,1.58,1.58,1.58,1.58,251,0
SCNI.US,5,20250904,161000,1.5503,1.5525,1.5503,1.5525,1905,0
SCNI.US,5,20250904,163000,1.5502,1.5502,1.54,1.54,1343,0
SCNI.US,5,20250904,163500,1.5204,1.5245,1.5204,1.5245,300,0
SCNI.US,5,20250904,164000,1.55,1.55,1.55,1.55,100,0
SCNI.US,5,20250904,164500,1.55,1.55,1.55,1.55,100,0
SCNI.US,5,20250904,165000,1.56,1.58,1.55,1.55,2488,0
SCNI.US,5,20250904,170500,1.55,1.57,1.55,1.57,571,0
SCNI.US,5,20250904,172500,1.55,1.55,1.55,1.55,1100,0
SCNI.US,5,20250904,173000,1.55,1.55,1.55,1.55,100,0
SCNI.US,5,20250904,173500,1.55,1.55,1.55,1.55,100,0
SCNI.US,5,20250904,174000,1.55,1.55,1.55,1.55,167,0
SCNI.US,5,20250904,175000,1.55,1.55,1.55,1.55,2101,0
SCNI.US,5,20250904,180500,1.5452,1.5452,1.5452,1.5452,400,0
SCNI.US,5,20250904,183000,1.5585,1.5585,1.5584,1.5584,1000,0
SCNI.US,5,20250904,184000,1.56,1.56,1.56,1.56,1000,0
SCNI.US,5,20250904,184500,1.56,1.56,1.56,1.56,190,0
SCNI.US,5,20250904,185000,1.57,1.58,1.57,1.58,4804,0
SCNI.US,5,20250904,190500,1.5567,1.58,1.55,1.58,3650,0
SCNI.US,5,20250904,193500,1.575,1.575,1.575,1.575,2000,0
SCNI.US,5,20250904,200500,1.5999,1.5999,1.5977,1.5977,2000,0
SCNI.US,5,20250904,202000,1.56,1.56,1.56,1.56,110,0
SCNI.US,5,20250904,202500,1.5799,1.5799,1.565,1.565,2000,0
SCNI.US,5,20250904,203500,1.58,1.58,1.58,1.58,300,0
SCNI.US,5,20250904,210500,1.57,1.57,1.57,1.57,1988,0
SCNI.US,5,20250904,211000,1.56,1.56,1.56,1.56,100,0
SCNI.US,5,20250904,211500,1.55,1.55,1.55,1.55,200,0
SCNI.US,5,20250904,212000,1.57,1.59,1.57,1.575,6097,0
SCNI.US,5,20250904,214500,1.5758,1.6,1.5758,1.58,3806,0
SCNI.US,5,20250904,215500,1.5689,1.58,1.56,1.56,10448,0
SCNI.US,5,20250905,153000,1.58,1.58,1.58,1.58,1182,0
SCNI.US,5,20250905,153500,1.5709,1.5709,1.5606,1.5649,15000,0
SCNI.US,5,20250905,154000,1.5717,1.5717,1.5704,1.5704,200,0
SCNI.US,5,20250905,154500,1.58,1.58,1.58,1.58,1302,0
SCNI.US,5,20250905,155000,1.5792,1.58,1.5792,1.58,700,0
SCNI.US,5,20250905,155500,1.58,1.58,1.58,1.58,290,0
SCNI.US,5,20250905,160500,1.58,1.58,1.58,1.58,100,0
SCNI.US,5,20250905,162000,1.57,1.57,1.57,1.57,100,0
SCNI.US,5,20250905,162500,1.5704,1.5704,1.54,1.54,15815,0
SCNI.US,5,20250905,163000,1.54,1.54,1.54,1.54,100,0
SCNI.US,5,20250905,164000,1.53,1.545,1.53,1.53,1500,0
SCNI.US,5,20250905,164500,1.53,1.53,1.53,1.53,300,0
SCNI.US,5,20250905,165500,1.5325,1.55,1.5325,1.55,3464,0
SCNI.US,5,20250905,170000,1.545,1.545,1.54,1.54,1211,0
SCNI.US,5,20250905,170500,1.54,1.54,1.54,1.54,800,0
SCNI.US,5,20250905,172500,1.54,1.5453,1.54,1.54,10000,0
SCNI.US,5,20250905,173000,1.54,1.54,1.53,1.53,550,0
SCNI.US,5,20250905,173500,1.53,1.53,1.53,1.53,100,0
SCNI.US,5,20250905,174000,1.531,1.531,1.531,1.531,156,0
SCNI.US,5,20250905,174500,1.535,1.535,1.535,1.535,350,0
SCNI.US,5,20250905,180500,1.531,1.531,1.531,1.531,150,0
SCNI.US,5,20250905,181000,1.5344,1.5344,1.5344,1.5344,1582,0
SCNI.US,5,20250905,181500,1.535,1.535,1.535,1.535,100,0
SCNI.US,5,20250905,190500,1.5544,1.5544,1.5544,1.5544,1150,0
SCNI.US,5,20250905,191500,1.5538,1.5538,1.5538,1.5538,200,0
SCNI.US,5,20250905,193500,1.5409,1.5409,1.5403,1.5403,470,0
SCNI.US,5,20250905,203500,1.54,1.54,1.54,1.54,600,0
SCNI.US,5,20250905,204000,1.54,1.54,1.54,1.54,515,0
SCNI.US,5,20250905,204500,1.53,1.53,1.53,1.53,200,0
SCNI.US,5,20250905,205000,1.52,1.52,1.52,1.52,1270,0
SCNI.US,5,20250905,205500,1.5292,1.5292,1.5292,1.5292,500,0
SCNI.US,5,20250905,210500,1.52,1.52,1.51,1.51,1400,0
SCNI.US,5,20250905,212000,1.5179,1.5179,1.51,1.51,1110,0
SCNI.US,5,20250905,212500,1.51,1.51,1.51,1.51,3810,0
SCNI.US,5,20250905,213000,1.51,1.51,1.49,1.5,4466,0
SCNI.US,5,20250905,213500,1.49,1.49,1.4806,1.4806,200,0
SCNI.US,5,20250905,214000,1.5129,1.5129,1.5129,1.5129,190,0
SCNI.US,5,20250905,214500,1.484,1.49,1.484,1.49,500,0
SCNI.US,5,20250905,215500,1.505,1.5393,1.5,1.5,6243,0
SCNI.US,5,20250908,153000,1.5,1.5,1.5,1.5,165,0
SCNI.US,5,20250908,153500,1.51,1.51,1.51,1.51,1958,0
SCNI.US,5,20250908,154000,1.5,1.5,1.5,1.5,1101,0
SCNI.US,5,20250908,154500,1.503,1.523,1.503,1.523,800,0
SCNI.US,5,20250908,155000,1.55,1.55,1.52,1.52,1200,0
SCNI.US,5,20250908,160000,1.52,1.52,1.52,1.52,1450,0
SCNI.US,5,20250908,160500,1.5001,1.5001,1.5,1.5,1370,0
SCNI.US,5,20250908,161000,1.495,1.495,1.495,1.495,350,0
SCNI.US,5,20250908,161500,1.48,1.495,1.48,1.495,700,0
SCNI.US,5,20250908,162500,1.5,1.5,1.485,1.4895,1395,0
SCNI.US,5,20250908,163000,1.4938,1.4938,1.4938,1.4938,200,0
SCNI.US,5,20250908,165000,1.5,1.5,1.5,1.5,100,0
SCNI.US,5,20250908,165500,1.495,1.495,1.495,1.495,100,0
SCNI.US,5,20250908,170000,1.49,1.49,1.49,1.49,400,0
SCNI.US,5,20250908,172000,1.49,1.49,1.49,1.49,278,0
SCNI.US,5,20250908,172500,1.49,1.49,1.49,1.49,750,0
SCNI.US,5,20250908,173000,1.49,1.49,1.49,1.49,100,0
SCNI.US,5,20250908,173500,1.4801,1.4801,1.4801,1.4801,488,0
SCNI.US,5,20250908,174500,1.48,1.48,1.48,1.48,2044,0
SCNI.US,5,20250908,175500,1.49,1.49,1.49,1.49,2128,0
SCNI.US,5,20250908,180000,1.4801,1.4801,1.4801,1.4801,953,0
SCNI.US,5,20250908,181500,1.4811,1.4811,1.4811,1.4811,1034,0
SCNI.US,5,20250908,182000,1.48,1.48,1.48,1.48,100,0
SCNI.US,5,20250908,185000,1.48,1.48,1.48,1.48,1825,0
SCNI.US,5,20250908,185500,1.49,1.49,1.49,1.49,300,0
SCNI.US,5,20250908,190000,1.484,1.484,1.47,1.47,2991,0
SCNI.US,5,20250908,193500,1.48,1.48,1.48,1.48,1000,0
SCNI.US,5,20250908,194000,1.48,1.48,1.48,1.48,900,0
SCNI.US,5,20250908,194500,1.4898,1.4898,1.4898,1.4898,400,0
SCNI.US,5,20250908,201500,1.49,1.51,1.48,1.51,11500,0
SCNI.US,5,20250908,202000,1.51,1.55,1.51,1.54,21181,0
SCNI.US,5,20250908,202500,1.55,1.56,1.52,1.54,6400,0
SCNI.US,5,20250908,203000,1.535,1.535,1.52,1.525,8449,0
SCNI.US,5,20250908,203500,1.5321,1.5321,1.5321,1.5321,233,0
SCNI.US,5,20250908,205000,1.5391,1.5391,1.5391,1.5391,400,0
SCNI.US,5,20250908,210000,1.525,1.525,1.525,1.525,1000,0
SCNI.US,5,20250908,211000,1.5397,1.5397,1.5397,1.5397,141,0
SCNI.US,5,20250908,211500,1.53,1.54,1.53,1.54,315,0
SCNI.US,5,20250908,214000,1.5101,1.5101,1.5001,1.5001,4567,0
SCNI.US,5,20250908,214500,1.52,1.52,1.51,1.51,1300,0
SCNI.US,5,20250908,215000,1.5002,1.51,1.5001,1.5001,1000,0
SCNI.US,5,20250908,215500,1.503,1.53,1.503,1.52,4320,0
SCNI.US,5,20250909,153000,1.52,1.52,1.515,1.515,808,0
SCNI.US,5,20250909,153500,1.5113,1.515,1.5113,1.515,300,0
SCNI.US,5,20250909,154000,1.5063,1.5063,1.5063,1.5063,1298,0
SCNI.US,5,20250909,154500,1.5002,1.5002,1.5002,1.5002,141,0
SCNI.US,5,20250909,155000,1.52,1.52,1.52,1.52,2000,0
SCNI.US,5,20250909,155500,1.51,1.51,1.507,1.507,325,0
SCNI.US,5,20250909,160500,1.515,1.515,1.5109,1.5109,500,0
SCNI.US,5,20250909,161500,1.52,1.52,1.515,1.515,575,0
SCNI.US,5,20250909,162000,1.51,1.51,1.5,1.505,801,0
SCNI.US,5,20250909,162500,1.5,1.505,1.5,1.5007,13366,0
SCNI.US,5,20250909,163000,1.5,1.5,1.4806,1.4806,1036,0
SCNI.US,5,20250909,163500,1.5052,1.5052,1.5052,1.5052,250,0
SCNI.US,5,20250909,165000,1.5,1.5,1.5,1.5,100,0
SCNI.US,5,20250909,165500,1.4931,1.4931,1.4931,1.4931,134,0
SCNI.US,5,20250909,171000,1.5,1.5,1.5,1.5,500,0
SCNI.US,5,20250909,171500,1.505,1.505,1.49,1.49,2183,0
SCNI.US,5,20250909,172000,1.491,1.5,1.49,1.5,300,0
SCNI.US,5,20250909,172500,1.49,1.49,1.49,1.49,1000,0
SCNI.US,5,20250909,183000,1.5099,1.5099,1.49,1.4933,1201,0
SCNI.US,5,20250909,183500,1.5,1.5,1.49,1.4901,6590,0
SCNI.US,5,20250909,184500,1.49,1.49,1.49,1.49,800,0
SCNI.US,5,20250909,185500,1.5,1.5,1.5,1.5,100,0
SCNI.US,5,20250909,190000,1.49,1.49,1.49,1.49,3689,0
SCNI.US,5,20250909,192500,1.505,1.51,1.505,1.51,328,0
SCNI.US,5,20250909,194500,1.5,1.5,1.5,1.5,800,0
SCNI.US,5,20250909,203000,1.51,1.51,1.51,1.51,2672,0
SCNI.US,5,20250909,204500,1.5199,1.52,1.5181,1.52,2058,0
SCNI.US,5,20250909,205000,1.52,1.55,1.52,1.55,4000,0
SCNI.US,5,20250909,205500,1.55,1.55,1.51,1.51,10696,0
SCNI.US,5,20250909,210500,1.53,1.53,1.52,1.53,540,0
SCNI.US,5,20250909,213000,1.515,1.515,1.515,1.515,450,0
SCNI.US,5,20250909,214000,1.52,1.52,1.51,1.51,478,0
SCNI.US,5,20250909,215000,1.5199,1.5199,1.5199,1.5199,150,0
SCNI.US,5,20250909,215500,1.52,1.52,1.509,1.51,1107,0
SCNI.US,5,20250910,153000,1.48,1.48,1.48,1.48,1402,0
SCNI.US,5,20250910,153500,1.53,1.53,1.53,1.53,100,0
SCNI.US,5,20250910,160000,1.5022,1.5022,1.5022,1.5022,350,0
SCNI.US,5,20250910,161000,1.53,1.53,1.53,1.53,1060,0
SCNI.US,5,20250910,161500,1.51,1.51,1.51,1.51,200,0
SCNI.US,5,20250910,162500,1.5,1.52,1.5,1.52,3200,0
SCNI.US,5,20250910,163000,1.52,1.58,1.515,1.58,14290,0
SCNI.US,5,20250910,163500,1.57,1.5798,1.51,1.555,17161,0
SCNI.US,5,20250910,164000,1.55,1.61,1.55,1.5926,33541,0
SCNI.US,5,20250910,164500,1.59,1.62,1.59,1.62,25500,0
SCNI.US,5,20250910,165000,1.61,1.61,1.5701,1.5959,25710,0
SCNI.US,5,20250910,165500,1.6,1.6001,1.52,1.58,33416,0
SCNI.US,5,20250910,170000,1.59,1.59,1.58,1.58,2042,0
SCNI.US,5,20250910,170500,1.52,1.52,1.52,1.52,500,0
SCNI.US,5,20250910,171000,1.565,1.565,1.565,1.565,200,0
SCNI.US,5,20250910,171500,1.57,1.57,1.56,1.56,2480,0
SCNI.US,5,20250910,172000,1.5524,1.5524,1.55,1.55,680,0
SCNI.US,5,20250910,172500,1.565,1.565,1.552,1.552,1100,0
SCNI.US,5,20250910,173000,1.55,1.5756,1.55,1.5549,3887,0
SCNI.US,5,20250910,173500,1.555,1.5594,1.555,1.5594,1600,0
SCNI.US,5,20250910,174000,1.5541,1.5541,1.5541,1.5541,100,0
SCNI.US,5,20250910,174500,1.5542,1.555,1.5542,1.555,3500,0
SCNI.US,5,20250910,175000,1.56,1.56,1.55,1.5504,895,0
SCNI.US,5,20250910,180000,1.555,1.555,1.555,1.555,2000,0
SCNI.US,5,20250910,180500,1.5509,1.5509,1.5509,1.5509,800,0
SCNI.US,5,20250910,185000,1.5588,1.5588,1.5588,1.5588,644,0
SCNI.US,5,20250910,190500,1.5548,1.5548,1.5548,1.5548,450,0
SCNI.US,5,20250910,192500,1.55,1.55,1.54,1.54,3206,0
SCNI.US,5,20250910,195000,1.532,1.532,1.53,1.53,1322,0
SCNI.US,5,20250910,203000,1.53,1.53,1.52,1.52,1104,0
SCNI.US,5,20250910,204000,1.52,1.52,1.52,1.52,1252,0
SCNI.US,5,20250910,204500,1.53,1.53,1.5201,1.5201,5000,0
SCNI.US,5,20250910,210000,1.55,1.55,1.548,1.548,1290,0
SCNI.US,5,20250910,212500,1.54,1.54,1.54,1.54,1200,0
SCNI.US,5,20250910,214500,1.525,1.525,1.525,1.525,650,0
SCNI.US,5,20250910,215500,1.525,1.56,1.525,1.54,7987,0
SCNI.US,5,20250911,153000,1.54,1.56,1.54,1.56,1393,0
SCNI.US,5,20250911,154000,1.56,1.564,1.54,1.5426,2728,0
SCNI.US,5,20250911,155000,1.5499,1.5499,1.5499,1.5499,100,0
SCNI.US,5,20250911,161000,1.5401,1.56,1.5401,1.56,718,0
SCNI.US,5,20250911,163500,1.56,1.56,1.56,1.56,100,0
SCNI.US,5,20250911,164500,1.56,1.56,1.56,1.56,125,0
SCNI.US,5,20250911,165000,1.54,1.54,1.54,1.54,1000,0
SCNI.US,5,20250911,165500,1.56,1.56,1.56,1.56,700,0
SCNI.US,5,20250911,170500,1.56,1.56,1.56,1.56,641,0
SCNI.US,5,20250911,171000,1.56,1.56,1.54,1.54,4949,0
SCNI.US,5,20250911,171500,1.58,1.58,1.58,1.58,1000,0
SCNI.US,5,20250911,172000,1.55,1.5699,1.52,1.5699,10398,0
SCNI.US,5,20250911,172500,1.545,1.545,1.545,1.545,200,0
SCNI.US,5,20250911,183000,1.5498,1.5499,1.5497,1.5499,1000,0
SCNI.US,5,20250911,184000,1.522,1.522,1.522,1.522,1000,0
SCNI.US,5,20250911,184500,1.5206,1.53,1.5206,1.53,200,0
SCNI.US,5,20250911,185500,1.54,1.54,1.54,1.54,850,0
SCNI.US,5,20250911,191000,1.55,1.55,1.55,1.55,200,0
SCNI.US,5,20250911,192500,1.54,1.54,1.54,1.54,155,0
SCNI.US,5,20250911,193000,1.53,1.53,1.53,1.53,179,0
SCNI.US,5,20250911,194500,1.53,1.53,1.53,1.53,636,0
SCNI.US,5,20250911,200000,1.55,1.55,1.5402,1.5408,850,0
SCNI.US,5,20250911,201000,1.5554,1.5554,1.545,1.55,750,0
SCNI.US,5,20250911,202000,1.5484,1.5484,1.5484,1.5484,150,0
SCNI.US,5,20250911,210000,1.5592,1.5592,1.5592,1.5592,636,0
SCNI.US,5,20250911,211000,1.57,1.57,1.5658,1.57,900,0
SCNI.US,5,20250911,213000,1.555,1.555,1.555,1.555,100,0
SCNI.US,5,20250911,213500,1.555,1.555,1.555,1.555,400,0
SCNI.US,5,20250911,215000,1.564,1.57,1.564,1.57,3500,0
SCNI.US,5,20250911,215500,1.58,1.58,1.58,1.58,700,0
SCNI.US,5,20250912,153000,1.58,1.58,1.56,1.56,4255,0
SCNI.US,5,20250912,153500,1.56,1.56,1.56,1.56,1100,0
SCNI.US,5,20250912,154000,1.5607,1.5607,1.5607,1.5607,342,0
SCNI.US,5,20250912,154500,1.56,1.56,1.55,1.550776,2757,0
SCNI.US,5,20250912,155500,1.56,1.56,1.54,1.56,4700,0
SCNI.US,5,20250912,160500,1.53,1.53,1.53,1.53,169,0
SCNI.US,5,20250912,162000,1.5311,1.54,1.53,1.5301,2100,0
SCNI.US,5,20250912,162500,1.557,1.56,1.557,1.56,200,0
SCNI.US,5,20250912,163500,1.54,1.54,1.54,1.54,338,0
SCNI.US,5,20250912,165000,1.5631,1.5631,1.5631,1.5631,225,0
SCNI.US,5,20250912,172000,1.5506,1.5506,1.5506,1.5506,500,0
SCNI.US,5,20250912,174500,1.56,1.56,1.56,1.56,100,0
SCNI.US,5,20250912,181000,1.56,1.56,1.56,1.56,100,0
SCNI.US,5,20250912,183000,1.57,1.57,1.56,1.56,300,0
SCNI.US,5,20250912,184500,1.5796,1.5796,1.5796,1.5796,500,0
SCNI.US,5,20250912,185000,1.5647,1.5647,1.5647,1.5647,1278,0
SCNI.US,5,20250912,190500,1.57,1.57,1.57,1.57,200,0
SCNI.US,5,20250912,192000,1.57,1.62,1.57,1.61,12837,0
SCNI.US,5,20250912,192500,1.61,1.62,1.6,1.62,6969,0
SCNI.US,5,20250912,193500,1.57,1.57,1.55,1.55,15386,0
SCNI.US,5,20250912,194000,1.5989,1.5989,1.57,1.5889,1390,0
SCNI.US,5,20250912,203500,1.56,1.56,1.56,1.56,250,0
SCNI.US,5,20250912,212000,1.56,1.56,1.55,1.55,1800,0
SCNI.US,5,20250912,212500,1.55,1.555,1.55,1.55,1600,0
SCNI.US,5,20250912,213000,1.55,1.55,1.55,1.55,100,0
SCNI.US,5,20250912,214500,1.55,1.55,1.55,1.55,461,0
SCNI.US,5,20250912,215000,1.55,1.57,1.55,1.57,1720,0
SCNI.US,5,20250912,215500,1.57,1.57,1.55,1.56,1746,0
SCNI.US,5,20250915,153000,1.62,1.62,1.62,1.62,1998,0
SCNI.US,5,20250915,154000,1.56,1.56,1.56,1.56,100,0
SCNI.US,5,20250915,154500,1.56,1.56,1.56,1.56,600,0
SCNI.US,5,20250915,155000,1.56,1.592,1.5598,1.59,22529,0
SCNI.US,5,20250915,155500,1.58,1.58,1.58,1.58,399,0
SCNI.US,5,20250915,160000,1.5794,1.5794,1.5709,1.5709,1581,0
SCNI.US,5,20250915,160500,1.5779,1.5779,1.5779,1.5779,2000,0
SCNI.US,5,20250915,161500,1.5716,1.58,1.5716,1.58,310,0
SCNI.US,5,20250915,162000,1.58,1.58,1.58,1.58,500,0
SCNI.US,5,20250915,162500,1.575,1.575,1.575,1.575,1000,0
SCNI.US,5,20250915,163000,1.57,1.57,1.57,1.57,1000,0
SCNI.US,5,20250915,163500,1.57,1.57,1.57,1.57,535,0
SCNI.US,5,20250915,164000,1.57,1.57,1.57,1.57,1000,0
SCNI.US,5,20250915,164500,1.57,1.57,1.56,1.56,3435,0
SCNI.US,5,20250915,171000,1.565,1.565,1.565,1.565,1000,0
SCNI.US,5,20250915,171500,1.56,1.56,1.56,1.56,299,0
SCNI.US,5,20250915,174500,1.56,1.5601,1.56,1.5601,310,0
SCNI.US,5,20250915,181000,1.58,1.58,1.58,1.58,600,0
SCNI.US,5,20250915,182500,1.58,1.58,1.58,1.58,1500,0
SCNI.US,5,20250915,183000,1.5671,1.5671,1.5671,1.5671,1000,0
SCNI.US,5,20250915,184500,1.5789,1.58,1.5789,1.58,424,0
SCNI.US,5,20250915,185000,1.5897,1.5897,1.56,1.56,2156,0
SCNI.US,5,20250915,190000,1.587,1.587,1.587,1.587,1000,0
SCNI.US,5,20250915,191500,1.59,1.59,1.59,1.59,250,0
SCNI.US,5,20250915,192500,1.5776,1.5776,1.5776,1.5776,600,0
SCNI.US,5,20250915,194000,1.578,1.578,1.578,1.578,3255,0
SCNI.US,5,20250915,194500,1.565,1.565,1.565,1.565,233,0
SCNI.US,5,20250915,200500,1.58,1.58,1.58,1.58,111,0
SCNI.US,5,20250915,201500,1.575,1.575,1.575,1.575,100,0
SCNI.US,5,20250915,202000,1.56,1.56,1.56,1.56,500,0
SCNI.US,5,20250915,202500,1.5895,1.5895,1.5895,1.5895,100,0
SCNI.US,5,20250915,205500,1.5671,1.5671,1.5671,1.5671,100,0
SCNI.US,5,20250915,210000,1.575,1.575,1.575,1.575,1000,0
SCNI.US,5,20250915,211000,1.58,1.59,1.58,1.59,639,0
SCNI.US,5,20250915,211500,1.59,1.59,1.5899,1.5899,900,0
SCNI.US,5,20250915,212500,1.59,1.59,1.59,1.59,314,0
SCNI.US,5,20250915,213000,1.6,1.6,1.6,1.6,227,0
SCNI.US,5,20250915,213500,1.6,1.61,1.6,1.61,3000,0
SCNI.US,5,20250915,214000,1.605,1.62,1.6,1.62,9750,0
SCNI.US,5,20250915,214500,1.62,1.62,1.61,1.6101,5687,0
SCNI.US,5,20250915,215000,1.618,1.63,1.618,1.63,1641,0
SCNI.US,5,20250915,215500,1.625,1.63,1.625,1.63,320,0
SCNI.US,5,20250916,153000,1.6,1.6,1.59,1.59,2500,0
SCNI.US,5,20250916,153500,1.5902,1.61,1.5902,1.6,2570,0
SCNI.US,5,20250916,154000,1.6,1.6,1.6,1.6,268,0
SCNI.US,5,20250916,154500,1.5901,1.5901,1.59,1.59,290,0
SCNI.US,5,20250916,155000,1.59,1.59,1.59,1.59,100,0
SCNI.US,5,20250916,160000,1.59,1.59,1.58,1.58,898,0
SCNI.US,5,20250916,160500,1.57,1.57,1.57,1.57,400,0
SCNI.US,5,20250916,161000,1.57,1.5729,1.56,1.5729,9027,0
SCNI.US,5,20250916,161500,1.56,1.575,1.56,1.575,6878,0
SCNI.US,5,20250916,162000,1.57,1.57,1.57,1.57,1000,0
SCNI.US,5,20250916,164500,1.57,1.57,1.56,1.56,2000,0
SCNI.US,5,20250916,171500,1.57,1.57,1.57,1.57,100,0
SCNI.US,5,20250916,172000,1.58,1.58,1.57,1.57,3100,0
SCNI.US,5,20250916,172500,1.56,1.56,1.56,1.56,1587,0
SCNI.US,5,20250916,173500,1.56,1.56,1.56,1.56,136,0
SCNI.US,5,20250916,180000,1.57,1.57,1.57,1.57,2000,0
SCNI.US,5,20250916,180500,1.57,1.57,1.57,1.57,200,0
SCNI.US,5,20250916,183000,1.57,1.576,1.57,1.576,359,0
SCNI.US,5,20250916,185000,1.5741,1.5741,1.56,1.56,200,0
SCNI.US,5,20250916,192000,1.57,1.57,1.5602,1.5602,310,0
SCNI.US,5,20250916,193000,1.5602,1.5602,1.5602,1.5602,100,0
SCNI.US,5,20250916,195000,1.58,1.592,1.579,1.592,4621,0
SCNI.US,5,20250916,195500,1.58,1.58,1.56,1.56,8120,0
SCNI.US,5,20250916,203500,1.5893,1.5893,1.5893,1.5893,628,0
SCNI.US,5,20250916,204500,1.5729,1.5729,1.5729,1.5729,3350,0
SCNI.US,5,20250916,205000,1.575,1.5799,1.575,1.5799,240,0
SCNI.US,5,20250916,210500,1.56,1.58,1.56,1.58,3800,0
SCNI.US,5,20250916,212000,1.575,1.59,1.575,1.58,400,0
SCNI.US,5,20250916,213000,1.58,1.58,1.58,1.58,100,0
SCNI.US,5,20250916,214500,1.58,1.58,1.58,1.58,400,0
SCNI.US,5,20250916,215500,1.56,1.57,1.56,1.57,362,0
SCNI.US,5,20250917,153000,1.57,1.57,1.565,1.565,658,0
SCNI.US,5,20250917,153500,1.5659,1.57,1.5599,1.57,2942,0
SCNI.US,5,20250917,154000,1.59,1.61,1.59,1.6001,2850,0
SCNI.US,5,20250917,154500,1.6,1.6,1.58,1.5886,5586,0
SCNI.US,5,20250917,155000,1.6,1.6,1.6,1.6,1102,0
SCNI.US,5,20250917,155500,1.59,1.59,1.59,1.59,100,0
SCNI.US,5,20250917,160000,1.58,1.58,1.58,1.58,300,0
SCNI.US,5,20250917,160500,1.58,1.58,1.58,1.58,200,0
SCNI.US,5,20250917,161000,1.5805,1.5805,1.58,1.58,776,0
SCNI.US,5,20250917,171000,1.59,1.59,1.59,1.59,2802,0
SCNI.US,5,20250917,173000,1.59,1.59,1.5802,1.5802,700,0
SCNI.US,5,20250917,182000,1.59,1.6,1.59,1.6,1600,0
SCNI.US,5,20250917,183000,1.6011,1.6011,1.6011,1.6011,963,0
SCNI.US,5,20250917,183500,1.6095,1.61,1.6,1.61,543,0
SCNI.US,5,20250917,184500,1.608,1.608,1.608,1.608,1894,0
SCNI.US,5,20250917,190500,1.6,1.6,1.6,1.6,1480,0
SCNI.US,5,20250917,191500,1.58,1.58,1.58,1.58,6250,0
SCNI.US,5,20250917,194000,1.595,1.595,1.58,1.58,4260,0
SCNI.US,5,20250917,200000,1.61,1.61,1.61,1.61,2100,0
SCNI.US,5,20250917,201500,1.62,1.64,1.61,1.63,5439,0
SCNI.US,5,20250917,204000,1.605,1.605,1.605,1.605,322,0
SCNI.US,5,20250917,204500,1.59,1.59,1.59,1.59,1000,0
SCNI.US,5,20250917,212000,1.605,1.605,1.605,1.605,100,0
SCNI.US,5,20250917,212500,1.6152,1.6152,1.6152,1.6152,100,0
SCNI.US,5,20250917,214000,1.6,1.6,1.6,1.6,200,0
SCNI.US,5,20250917,215500,1.59,1.595,1.59,1.595,600,0
SCNI.US,5,20250918,153000,1.59,1.59,1.59,1.59,100,0
SCNI.US,5,20250918,153500,1.5918,1.5918,1.5918,1.5918,100,0
SCNI.US,5,20250918,154500,1.57,1.58,1.57,1.58,1076,0
SCNI.US,5,20250918,155000,1.59,1.59,1.59,1.59,100,0
SCNI.US,5,20250918,160000,1.5972,1.598,1.59,1.59,500,0
SCNI.US,5,20250918,160500,1.6,1.61,1.6,1.61,1107,0
SCNI.US,5,20250918,161000,1.5923,1.5923,1.5923,1.5923,1975,0
SCNI.US,5,20250918,161500,1.6148,1.6148,1.6,1.6148,2352,0
SCNI.US,5,20250918,163000,1.59,1.59,1.59,1.59,100,0
SCNI.US,5,20250918,165000,1.595,1.595,1.595,1.595,700,0
SCNI.US,5,20250918,165500,1.5989,1.5989,1.5989,1.5989,360,0
SCNI.US,5,20250918,170500,1.5919,1.5919,1.5919,1.5919,906,0
SCNI.US,5,20250918,171000,1.59,1.59,1.58,1.58,998,0
SCNI.US,5,20250918,171500,1.5604,1.585,1.5604,1.585,800,0
SCNI.US,5,20250918,173500,1.58,1.58,1.58,1.58,100,0
SCNI.US,5,20250918,174500,1.5893,1.5893,1.584,1.584,1800,0
SCNI.US,5,20250918,175500,1.58,1.58,1.58,1.58,100,0
SCNI.US,5,20250918,181000,1.6,1.6,1.58,1.58,1704,0
SCNI.US,5,20250918,181500,1.59,1.59,1.58,1.59,10600,0
SCNI.US,5,20250918,182000,1.59,1.6,1.585,1.59,28969,0
SCNI.US,5,20250918,191500,1.58,1.58,1.58,1.58,6100,0
SCNI.US,5,20250918,192000,1.58,1.59,1.58,1.585,2473,0
SCNI.US,5,20250918,194000,1.57,1.57,1.57,1.57,100,0
SCNI.US,5,20250918,195000,1.57,1.57,1.57,1.57,100,0
SCNI.US,5,20250918,200500,1.57,1.57,1.57,1.57,3800,0
SCNI.US,5,20250918,202000,1.56,1.57,1.56,1.57,5100,0
SCNI.US,5,20250918,203000,1.56,1.56,1.56,1.56,680,0
SCNI.US,5,20250918,203500,1.57,1.57,1.56,1.56,1100,0
SCNI.US,5,20250918,204000,1.56,1.56,1.56,1.56,176,0
SCNI.US,5,20250918,204500,1.56,1.56,1.56,1.56,451,0
SCNI.US,5,20250918,205000,1.57,1.57,1.5668,1.5668,1650,0
SCNI.US,5,20250918,205500,1.57,1.57,1.57,1.57,100,0
SCNI.US,5,20250918,210000,1.5814,1.5814,1.5814,1.5814,290,0
SCNI.US,5,20250918,210500,1.58,1.58,1.58,1.58,100,0
SCNI.US,5,20250918,213000,1.57,1.57,1.57,1.57,100,0
SCNI.US,5,20250918,213500,1.57,1.57,1.57,1.57,100,0
SCNI.US,5,20250918,214000,1.57,1.575,1.56,1.575,2500,0
SCNI.US,5,20250918,215500,1.565,1.565,1.56,1.56,350,0
SCNI.US,5,20250919,153000,1.58,1.58,1.58,1.58,366,0
SCNI.US,5,20250919,153500,1.5601,1.57,1.5601,1.57,593,0
SCNI.US,5,20250919,154000,1.56,1.56,1.56,1.56,100,0
SCNI.US,5,20250919,155000,1.5557,1.5557,1.5557,1.5557,110,0
SCNI.US,5,20250919,160500,1.5668,1.5668,1.56,1.56,1100,0
SCNI.US,5,20250919,162500,1.57,1.57,1.57,1.57,100,0
SCNI.US,5,20250919,163000,1.57,1.57,1.57,1.57,100,0
SCNI.US,5,20250919,163500,1.5785,1.5785,1.57,1.57,212,0
SCNI.US,5,20250919,165000,1.5701,1.5701,1.57,1.5701,3966,0
SCNI.US,5,20250919,171500,1.5699,1.5699,1.5699,1.5699,200,0
SCNI.US,5,20250919,173000,1.56,1.56,1.56,1.56,100,0
SCNI.US,5,20250919,174500,1.56,1.56,1.56,1.56,600,0
SCNI.US,5,20250919,181500,1.56,1.5601,1.56,1.56,864,0
SCNI.US,5,20250919,182000,1.56,1.56,1.56,1.56,100,0
SCNI.US,5,20250919,182500,1.57,1.57,1.57,1.57,1000,0
SCNI.US,5,20250919,183000,1.55,1.55,1.55,1.55,100,0
SCNI.US,5,20250919,185000,1.5502,1.5502,1.5502,1.5502,313,0
SCNI.US,5,20250919,191500,1.56,1.56,1.56,1.56,100,0
SCNI.US,5,20250919,193000,1.555,1.56,1.555,1.56,1400,0
SCNI.US,5,20250919,193500,1.57,1.57,1.57,1.57,100,0
SCNI.US,5,20250919,194000,1.56,1.56,1.5585,1.56,1975,0
SCNI.US,5,20250919,201500,1.57,1.57,1.57,1.57,300,0
SCNI.US,5,20250919,203500,1.5699,1.5699,1.5699,1.5699,500,0
SCNI.US,5,20250919,204000,1.565,1.57,1.565,1.57,966,0
SCNI.US,5,20250919,204500,1.57,1.57,1.57,1.57,100,0
SCNI.US,5,20250919,214000,1.565,1.565,1.565,1.565,1300,0
SCNI.US,5,20250919,215000,1.57,1.57,1.57,1.57,100,0
SCNI.US,5,20250919,215500,1.5625,1.5625,1.5625,1.5625,100,0
SCNI.US,5,20250922,153000,1.45,1.59,1.45,1.59,27716,0
SCNI.US,5,20250922,153500,1.5003,1.5003,1.5003,1.5003,200,0
SCNI.US,5,20250922,154500,1.51,1.5899,1.51,1.5899,5800,0
SCNI.US,5,20250922,155000,1.58,1.58,1.56,1.57,9457,0
SCNI.US,5,20250922,155500,1.57,1.57,1.55,1.55,20500,0
SCNI.US,5,20250922,160000,1.56,1.56,1.51,1.51,4999,0
SCNI.US,5,20250922,160500,1.5009,1.51,1.5,1.51,22852,0
SCNI.US,5,20250922,162000,1.51,1.51,1.51,1.51,200,0
SCNI.US,5,20250922,163000,1.53,1.53,1.5119,1.5119,1940,0
SCNI.US,5,20250922,163500,1.515,1.515,1.515,1.515,1000,0
SCNI.US,5,20250922,164500,1.5101,1.5101,1.5101,1.5101,3500,0
SCNI.US,5,20250922,165000,1.515,1.52,1.515,1.52,400,0
SCNI.US,5,20250922,165500,1.5107,1.515,1.5,1.51,13243,0
SCNI.US,5,20250922,170500,1.51,1.52,1.5,1.5,8230,0
SCNI.US,5,20250922,171500,1.515,1.515,1.515,1.515,250,0
SCNI.US,5,20250922,172000,1.52,1.52,1.52,1.52,353,0
SCNI.US,5,20250922,174500,1.5102,1.5102,1.51,1.51,700,0
SCNI.US,5,20250922,175000,1.51,1.51,1.51,1.51,200,0
SCNI.US,5,20250922,175500,1.51,1.51,1.5,1.5,3100,0
SCNI.US,5,20250922,180500,1.51,1.51,1.51,1.51,500,0
SCNI.US,5,20250922,181000,1.505,1.505,1.505,1.505,300,0
SCNI.US,5,20250922,181500,1.5,1.5,1.485,1.485,2168,0
SCNI.US,5,20250922,182000,1.485,1.49,1.48,1.4899,1587,0
SCNI.US,5,20250922,182500,1.48,1.48,1.48,1.48,2031,0
SCNI.US,5,20250922,183000,1.47,1.48,1.47,1.48,701,0
SCNI.US,5,20250922,183500,1.48,1.48,1.48,1.48,450,0
SCNI.US,5,20250922,184500,1.48,1.48,1.4658,1.4658,1655,0
SCNI.US,5,20250922,185000,1.4646,1.465,1.4646,1.465,600,0
SCNI.US,5,20250922,190000,1.4684,1.4684,1.4647,1.4647,1200,0
SCNI.US,5,20250922,191500,1.46,1.46,1.46,1.46,500,0
SCNI.US,5,20250922,192000,1.47,1.48,1.465,1.475,1300,0
SCNI.US,5,20250922,192500,1.4799,1.4799,1.4799,1.4799,150,0
SCNI.US,5,20250922,193000,1.476,1.48,1.47,1.4764,1600,0
SCNI.US,5,20250922,193500,1.48,1.48,1.48,1.48,300,0
SCNI.US,5,20250922,201000,1.4781,1.4781,1.4781,1.4781,106,0
SCNI.US,5,20250922,202500,1.47,1.47,1.47,1.47,650,0
SCNI.US,5,20250922,203000,1.47,1.47,1.45,1.45,7412,0
SCNI.US,5,20250922,204000,1.455,1.455,1.455,1.455,750,0
SCNI.US,5,20250922,204500,1.4547,1.4547,1.4547,1.4547,100,0
SCNI.US,5,20250922,205000,1.4593,1.4593,1.4593,1.4593,133,0
SCNI.US,5,20250922,205500,1.4594,1.4594,1.455,1.455,300,0
SCNI.US,5,20250922,210000,1.4593,1.4593,1.4593,1.4593,210,0
SCNI.US,5,20250922,211000,1.455,1.46,1.455,1.46,219,0
SCNI.US,5,20250922,211500,1.46,1.46,1.455,1.455,400,0
SCNI.US,5,20250922,213000,1.4544,1.46,1.4544,1.46,440,0
SCNI.US,5,20250922,214500,1.4502,1.4512,1.4502,1.4512,929,0
SCNI.US,5,20250922,215000,1.455,1.455,1.455,1.455,100,0
SCNI.US,5,20250922,215500,1.45,1.45,1.45,1.45,7362,0
SCNI.US,5,20250923,153000,1.47,1.47,1.45,1.46,2470,0
SCNI.US,5,20250923,160000,1.46,1.46,1.46,1.46,103,0
SCNI.US,5,20250923,160500,1.45,1.453,1.45,1.45,1400,0
SCNI.US,5,20250923,161500,1.4502,1.4502,1.45,1.45,2741,0
SCNI.US,5,20250923,162000,1.45,1.4501,1.44,1.4468,8245,0
SCNI.US,5,20250923,163000,1.44,1.445,1.44,1.445,1624,0
SCNI.US,5,20250923,163500,1.45,1.45,1.445,1.45,5426,0
SCNI.US,5,20250923,164000,1.45,1.45,1.44,1.44,700,0
SCNI.US,5,20250923,165000,1.459,1.4599,1.459,1.4599,900,0
SCNI.US,5,20250923,165500,1.45,1.45,1.45,1.45,100,0
SCNI.US,5,20250923,171000,1.4501,1.46,1.4501,1.46,2200,0
SCNI.US,5,20250923,171500,1.455,1.465,1.4525,1.4525,950,0
SCNI.US,5,20250923,172500,1.45,1.45,1.45,1.45,1000,0
SCNI.US,5,20250923,173000,1.45,1.45,1.45,1.45,100,0
SCNI.US,5,20250923,173500,1.465,1.465,1.465,1.465,100,0
SCNI.US,5,20250923,180000,1.45,1.45,1.45,1.45,100,0
SCNI.US,5,20250923,181000,1.45,1.45,1.45,1.45,618,0
SCNI.US,5,20250923,181500,1.4405,1.4405,1.4405,1.4405,100,0
SCNI.US,5,20250923,182500,1.45,1.45,1.45,1.45,100,0
SCNI.US,5,20250923,183000,1.4599,1.4599,1.45,1.45,200,0
SCNI.US,5,20250923,184000,1.45,1.45,1.45,1.45,100,0
SCNI.US,5,20250923,184500,1.455,1.455,1.455,1.455,1000,0
SCNI.US,5,20250923,185500,1.45,1.45,1.45,1.45,2300,0
SCNI.US,5,20250923,190500,1.45,1.45,1.45,1.45,200,0
SCNI.US,5,20250923,191000,1.45,1.4599,1.45,1.4599,8300,0
SCNI.US,5,20250923,191500,1.45,1.46,1.45,1.46,500,0
SCNI.US,5,20250923,192500,1.45,1.45,1.44,1.44,1588,0
SCNI.US,5,20250923,194000,1.44,1.44,1.43,1.43,1022,0
SCNI.US,5,20250923,194500,1.43,1.431,1.43,1.431,300,0
SCNI.US,5,20250923,200000,1.44,1.44,1.44,1.44,300,0
SCNI.US,5,20250923,200500,1.44,1.44,1.44,1.44,350,0
SCNI.US,5,20250923,201500,1.44,1.44,1.43,1.43,3900,0
SCNI.US,5,20250923,202500,1.43,1.43,1.43,1.43,250,0
SCNI.US,5,20250923,203000,1.42,1.4296,1.31,1.3651,41114,0
SCNI.US,5,20250923,203500,1.3698,1.3976,1.3501,1.3501,5021,0
SCNI.US,5,20250923,204000,1.4,1.4,1.37,1.37,850,0
SCNI.US,5,20250923,204500,1.3798,1.3799,1.3798,1.3799,500,0
SCNI.US,5,20250923,205000,1.365,1.365,1.359855,1.359855,400,0
SCNI.US,5,20250923,205500,1.365,1.3665,1.3556,1.3665,2000,0
SCNI.US,5,20250923,210000,1.37,1.37,1.36,1.3699,1550,0
SCNI.US,5,20250923,210500,1.37,1.37,1.37,1.37,200,0
SCNI.US,5,20250923,211000,1.35,1.35,1.35,1.35,100,0
SCNI.US,5,20250923,211500,1.36,1.36,1.35,1.3536,1100,0
SCNI.US,5,20250923,212000,1.35,1.35,1.312,1.32,9301,0
SCNI.US,5,20250923,212500,1.31,1.33,1.31,1.3124,3400,0
SCNI.US,5,20250923,213000,1.31,1.33,1.31,1.33,5340,0
SCNI.US,5,20250923,213500,1.33,1.3399,1.33,1.3399,2000,0
SCNI.US,5,20250923,214000,1.33,1.35,1.33,1.35,2445,0
SCNI.US,5,20250923,214500,1.34,1.37,1.34,1.37,7800,0
SCNI.US,5,20250923,215000,1.36,1.3697,1.36,1.3675,1500,0
SCNI.US,5,20250923,215500,1.3435,1.35,1.3435,1.35,344,0
SCNI.US,5,20250924,153000,1.35,1.36,1.35,1.36,7210,0
SCNI.US,5,20250924,153500,1.3899,1.3899,1.3899,1.3899,1200,0
SCNI.US,5,20250924,154000,1.39,1.39,1.39,1.39,500,0
SCNI.US,5,20250924,155000,1.39,1.39,1.39,1.39,100,0
SCNI.US,5,20250924,160000,1.38,1.38,1.3705,1.38,1167,0
SCNI.US,5,20250924,161500,1.39,1.4225,1.39,1.39,2869,0
SCNI.US,5,20250924,162000,1.4,1.4,1.3994,1.4,2800,0
SCNI.US,5,20250924,164500,1.41,1.42,1.41,1.42,648,0
SCNI.US,5,20250924,165000,1.4111,1.42,1.4,1.4,3858,0
SCNI.US,5,20250924,165500,1.41,1.41,1.41,1.41,800,0
SCNI.US,5,20250924,171500,1.4,1.41,1.4,1.41,2475,0
SCNI.US,5,20250924,173500,1.43,1.43,1.43,1.43,10000,0
SCNI.US,5,20250924,174000,1.41,1.42,1.41,1.41,2296,0
SCNI.US,5,20250924,174500,1.4192,1.4192,1.4,1.4,2100,0
SCNI.US,5,20250924,180000,1.4123,1.4123,1.4123,1.4123,100,0
SCNI.US,5,20250924,181500,1.4,1.4,1.4,1.4,100,0
SCNI.US,5,20250924,182000,1.3913,1.3913,1.3913,1.3913,100,0
SCNI.US,5,20250924,183000,1.4073,1.4073,1.4073,1.4073,800,0
SCNI.US,5,20250924,183500,1.39,1.402,1.38,1.38,300,0
SCNI.US,5,20250924,190000,1.4,1.4,1.4,1.4,180,0
SCNI.US,5,20250924,190500,1.4,1.4,1.4,1.4,1000,0
SCNI.US,5,20250924,191500,1.39,1.39,1.39,1.39,100,0
SCNI.US,5,20250924,193000,1.39,1.39,1.39,1.39,100,0
SCNI.US,5,20250924,193500,1.4,1.4,1.4,1.4,120,0
SCNI.US,5,20250924,195500,1.39,1.39,1.39,1.39,100,0
SCNI.US,5,20250924,200000,1.39,1.39,1.39,1.39,500,0
SCNI.US,5,20250924,201000,1.3701,1.39,1.3701,1.39,2519,0
SCNI.US,5,20250924,202000,1.39,1.39,1.39,1.39,650,0
SCNI.US,5,20250924,202500,1.39,1.4156,1.3881,1.4156,500,0
SCNI.US,5,20250924,203500,1.3905,1.3905,1.3905,1.3905,499,0
SCNI.US,5,20250924,205500,1.4123,1.4123,1.4123,1.4123,100,0
SCNI.US,5,20250924,210500,1.3991,1.3991,1.3991,1.3991,2000,0
SCNI.US,5,20250924,214500,1.405,1.405,1.405,1.405,200,0
SCNI.US,5,20250924,215500,1.42,1.42,1.42,1.42,488,0
SCNI.US,5,20250925,153000,1.43,1.43,1.42,1.42,330,0
SCNI.US,5,20250925,153500,1.43,1.43,1.42,1.42,2700,0
SCNI.US,5,20250925,154000,1.42,1.42,1.42,1.42,1000,0
SCNI.US,5,20250925,155500,1.42,1.42,1.42,1.42,1330,0
SCNI.US,5,20250925,160000,1.39,1.39,1.37,1.3829,12189,0
SCNI.US,5,20250925,161000,1.385,1.385,1.385,1.385,1574,0
SCNI.US,5,20250925,162000,1.3702,1.3702,1.3702,1.3702,200,0
SCNI.US,5,20250925,165000,1.3805,1.39,1.3805,1.39,465,0
SCNI.US,5,20250925,171500,1.39,1.39,1.38,1.3817,1500,0
SCNI.US,5,20250925,172500,1.38,1.38,1.38,1.38,400,0
SCNI.US,5,20250925,173000,1.37,1.38,1.37,1.38,1003,0
SCNI.US,5,20250925,174000,1.38,1.38,1.38,1.38,283,0
SCNI.US,5,20250925,180000,1.37,1.37,1.37,1.37,250,0
SCNI.US,5,20250925,182000,1.3715,1.3715,1.3715,1.3715,500,0
SCNI.US,5,20250925,183000,1.37,1.37,1.37,1.37,100,0
SCNI.US,5,20250925,185000,1.36,1.36,1.355,1.355,3499,0
SCNI.US,5,20250925,185500,1.3556,1.3556,1.3556,1.3556,501,0
SCNI.US,5,20250925,191000,1.3502,1.3516,1.35,1.3516,6351,0
SCNI.US,5,20250925,192000,1.3587,1.3587,1.3587,1.3587,100,0
SCNI.US,5,20250925,192500,1.36,1.36,1.36,1.36,1000,0
SCNI.US,5,20250925,195500,1.37,1.37,1.37,1.37,600,0
SCNI.US,5,20250925,205500,1.35,1.3584,1.34,1.3584,1999,0
SCNI.US,5,20250925,211000,1.34,1.34,1.34,1.34,915,0
SCNI.US,5,20250925,214500,1.34,1.34,1.34,1.34,300,0
SCNI.US,5,20250925,215500,1.34,1.34,1.34,1.34,600,0
SCNI.US,5,20250926,153000,1.34,1.34,1.33,1.3362,3462,0
SCNI.US,5,20250926,153500,1.335,1.3399,1.335,1.3399,2750,0
SCNI.US,5,20250926,155500,1.3399,1.3399,1.3399,1.3399,145,0
SCNI.US,5,20250926,160000,1.34,1.34,1.34,1.34,1756,0
SCNI.US,5,20250926,162500,1.3683,1.3683,1.3402,1.3402,564,0
SCNI.US,5,20250926,172000,1.38,1.38,1.38,1.38,615,0
SCNI.US,5,20250926,174000,1.34,1.34,1.33,1.33,1700,0
SCNI.US,5,20250926,175500,1.34,1.34,1.34,1.34,600,0
SCNI.US,5,20250926,190000,1.3402,1.3402,1.3402,1.3402,901,0
SCNI.US,5,20250926,190500,1.34,1.34,1.34,1.34,300,0
SCNI.US,5,20250926,191500,1.331,1.331,1.33,1.33,1266,0
SCNI.US,5,20250926,192500,1.3297,1.3297,1.3297,1.3297,100,0
SCNI.US,5,20250926,195000,1.325,1.325,1.325,1.325,100,0
SCNI.US,5,20250926,205000,1.33,1.33,1.325,1.33,1803,0
SCNI.US,5,20250926,210500,1.3247,1.325,1.3247,1.325,2802,0
SCNI.US,5,20250926,211000,1.325,1.325,1.325,1.325,166,0
SCNI.US,5,20250926,212000,1.33,1.33,1.325,1.33,10678,0
SCNI.US,5,20250926,214500,1.34,1.34,1.34,1.34,4247,0
SCNI.US,5,20250926,215000,1.36,1.36,1.36,1.36,600,0
SCNI.US,5,20250926,215500,1.34,1.34,1.32,1.32,300,0
SCNI.US,5,20250929,153000,1.32,1.32,1.32,1.32,4564,0
SCNI.US,5,20250929,153500,1.32,1.32,1.31,1.31,2726,0
SCNI.US,5,20250929,154500,1.31,1.31,1.305,1.31,2991,0
SCNI.US,5,20250929,160500,1.32,1.32,1.315,1.3199,600,0
SCNI.US,5,20250929,161000,1.314,1.3199,1.31,1.31,714,0
SCNI.US,5,20250929,162000,1.3199,1.32,1.3192,1.3192,2359,0
SCNI.US,5,20250929,164500,1.31,1.31,1.31,1.31,3933,0
SCNI.US,5,20250929,165500,1.3006,1.3006,1.3006,1.3006,379,0
SCNI.US,5,20250929,170000,1.305,1.31,1.305,1.31,383,0
SCNI.US,5,20250929,170500,1.3034,1.3034,1.29,1.3,3675,0
SCNI.US,5,20250929,171000,1.3,1.3,1.3,1.3,100,0
SCNI.US,5,20250929,171500,1.3,1.3,1.3,1.3,100,0
SCNI.US,5,20250929,172000,1.3,1.3,1.3,1.3,100,0
SCNI.US,5,20250929,172500,1.3,1.3,1.3,1.3,100,0
SCNI.US,5,20250929,173000,1.3,1.3,1.3,1.3,1000,0
SCNI.US,5,20250929,174500,1.2925,1.2925,1.2925,1.2925,185,0
SCNI.US,5,20250929,175000,1.3,1.3,1.295,1.295,300,0
SCNI.US,5,20250929,175500,1.3,1.3,1.295,1.3,1490,0
SCNI.US,5,20250929,180000,1.29,1.29,1.29,1.29,100,0
SCNI.US,5,20250929,180500,1.29,1.29,1.29,1.29,100,0
SCNI.US,5,20250929,181500,1.295,1.295,1.295,1.295,1000,0
SCNI.US,5,20250929,182000,1.2999,1.2999,1.2999,1.2999,2000,0
SCNI.US,5,20250929,183500,1.2908,1.2908,1.2908,1.2908,100,0
SCNI.US,5,20250929,184000,1.29,1.29,1.29,1.29,151,0
SCNI.US,5,20250929,185000,1.295,1.295,1.295,1.295,750,0
SCNI.US,5,20250929,185500,1.2965,1.3,1.295,1.295,2800,0
SCNI.US,5,20250929,190000,1.295,1.295,1.295,1.295,100,0
SCNI.US,5,20250929,190500,1.3197,1.32,1.3,1.3177,3500,0
SCNI.US,5,20250929,191000,1.3197,1.3197,1.3,1.3,2500,0
SCNI.US,5,20250929,192000,1.3,1.3,1.3,1.3,100,0
SCNI.US,5,20250929,192500,1.3,1.3,1.3,1.3,600,0
SCNI.US,5,20250929,193000,1.3,1.3,1.3,1.3,100,0
SCNI.US,5,20250929,193500,1.2902,1.3,1.25,1.25,15183,0
SCNI.US,5,20250929,194500,1.2427,1.2691,1.24,1.25,4362,0
SCNI.US,5,20250929,195000,1.26,1.2611,1.2404,1.2404,6600,0
SCNI.US,5,20250929,195500,1.2403,1.25,1.2335,1.2335,2600,0
SCNI.US,5,20250929,200000,1.2403,1.245,1.231,1.245,1685,0
SCNI.US,5,20250929,201000,1.258,1.2598,1.25,1.2598,2100,0
SCNI.US,5,20250929,201500,1.25,1.25,1.23,1.23,4199,0
SCNI.US,5,20250929,203000,1.2301,1.2301,1.23,1.23,1521,0
SCNI.US,5,20250929,203500,1.24,1.24,1.23,1.23,1750,0
SCNI.US,5,20250929,205500,1.23,1.24,1.225,1.24,1600,0
SCNI.US,5,20250929,210500,1.24,1.2401,1.24,1.2401,6721,0
SCNI.US,5,20250929,212000,1.2403,1.2403,1.2,1.22,27342,0
SCNI.US,5,20250929,212500,1.2,1.2,1.2,1.2,4800,0
SCNI.US,5,20250929,213000,1.2011,1.2011,1.2011,1.2011,800,0
SCNI.US,5,20250929,213500,1.2105,1.2187,1.21,1.218393,1585,0
SCNI.US,5,20250929,214000,1.218401,1.2199,1.218401,1.2199,1000,0
SCNI.US,5,20250929,214500,1.215,1.22,1.215,1.22,666,0
SCNI.US,5,20250929,215000,1.22,1.22,1.21,1.21,1300,0
SCNI.US,5,20250929,215500,1.2138,1.2138,1.2,1.2,9112,0
SCNI.US,5,20250930,153000,1.22,1.22,1.22,1.22,8576,0
SCNI.US,5,20250930,153500,1.22,1.22,1.22,1.22,100,0
SCNI.US,5,20250930,160500,1.2215,1.2299,1.2215,1.2299,200,0
SCNI.US,5,20250930,161000,1.22,1.22,1.22,1.22,100,0
SCNI.US,5,20250930,161500,1.225,1.23,1.22,1.22,2077,0
SCNI.US,5,20250930,163000,1.228,1.228,1.228,1.228,100,0
SCNI.US,5,20250930,164000,1.22,1.22,1.22,1.22,4411,0
SCNI.US,5,20250930,165000,1.2283,1.2283,1.22,1.22,1088,0
SCNI.US,5,20250930,171000,1.2194,1.2194,1.2151,1.2151,1500,0
SCNI.US,5,20250930,172000,1.215,1.215,1.215,1.215,100,0
SCNI.US,5,20250930,173500,1.215,1.215,1.215,1.215,100,0
SCNI.US,5,20250930,175000,1.22,1.22,1.22,1.22,513,0
SCNI.US,5,20250930,180000,1.2198,1.2198,1.2198,1.2198,193,0
SCNI.US,5,20250930,183000,1.2101,1.2101,1.2101,1.2101,363,0
SCNI.US,5,20250930,190000,1.215,1.23,1.215,1.23,1334,0
SCNI.US,5,20250930,191000,1.235,1.2399,1.235,1.2399,2109,0
SCNI.US,5,20250930,191500,1.2301,1.2301,1.2301,1.2301,1800,0
SCNI.US,5,20250930,193000,1.2301,1.2301,1.2301,1.2301,700,0
SCNI.US,5,20250930,201000,1.23,1.23,1.23,1.23,100,0
SCNI.US,5,20250930,210000,1.24,1.25,1.24,1.25,5490,0
SCNI.US,5,20250930,211500,1.27,1.27,1.27,1.27,647,0
SCNI.US,5,20250930,212500,1.276,1.276,1.276,1.276,750,0
SCNI.US,5,20250930,214500,1.28,1.28,1.27,1.27,300,0
SCNI.US,5,20250930,215500,1.2703,1.2703,1.265,1.265,2500,0
SCNI.US,5,20251001,153000,1.28,1.2804,1.28,1.2801,2981,0
SCNI.US,5,20251001,153500,1.28,1.2853,1.28,1.28,380,0
SCNI.US,5,20251001,154000,1.29,1.3,1.29,1.3,1400,0
SCNI.US,5,20251001,154500,1.2998,1.36,1.2998,1.35,45409,0
SCNI.US,5,20251001,155000,1.332,1.345,1.3,1.3171,7680,0
SCNI.US,5,20251001,155500,1.3299,1.4395,1.31,1.4,23652,0
SCNI.US,5,20251001,160000,1.38,1.39,1.33,1.33,23391,0
SCNI.US,5,20251001,160500,1.35,1.35,1.35,1.35,370,0
SCNI.US,5,20251001,162000,1.35,1.35,1.34,1.34,2614,0
SCNI.US,5,20251001,162500,1.335,1.335,1.335,1.335,446,0
SCNI.US,5,20251001,163000,1.33,1.33,1.315,1.315,3945,0
SCNI.US,5,20251001,164000,1.3002,1.315,1.3,1.315,4916,0
SCNI.US,5,20251001,165000,1.31,1.31,1.31,1.31,999,0
SCNI.US,5,20251001,165500,1.31,1.3198,1.31,1.3198,7376,0
SCNI.US,5,20251001,170500,1.32,1.32,1.32,1.32,300,0
SCNI.US,5,20251001,171000,1.32,1.32,1.32,1.32,200,0
SCNI.US,5,20251001,172000,1.32,1.32,1.32,1.32,2000,0
SCNI.US,5,20251001,172500,1.32,1.33,1.31,1.33,5500,0
SCNI.US,5,20251001,173500,1.35,1.35,1.3477,1.3477,3793,0
SCNI.US,5,20251001,175000,1.33,1.33,1.33,1.33,2513,0
SCNI.US,5,20251001,182500,1.33,1.33,1.33,1.33,200,0
SCNI.US,5,20251001,185000,1.33,1.33,1.33,1.33,300,0
SCNI.US,5,20251001,185500,1.33,1.33,1.33,1.33,487,0
SCNI.US,5,20251001,190000,1.33,1.33,1.33,1.33,6800,0
SCNI.US,5,20251001,191500,1.33,1.33,1.33,1.33,579,0
SCNI.US,5,20251001,192500,1.33,1.33,1.33,1.33,100,0
SCNI.US,5,20251001,200000,1.3299,1.3299,1.3299,1.3299,1540,0
SCNI.US,5,20251001,200500,1.33,1.365,1.33,1.35,3921,0
SCNI.US,5,20251001,204500,1.38,1.38,1.355,1.355,350,0
SCNI.US,5,20251001,205500,1.38,1.38,1.38,1.38,100,0
SCNI.US,5,20251001,211500,1.32,1.32,1.32,1.32,400,0
SCNI.US,5,20251001,215000,1.37,1.37,1.37,1.37,200,0
SCNI.US,5,20251001,215500,1.39,1.39,1.39,1.39,183,0
SCNI.US,5,20251002,153000,1.39,1.4029,1.39,1.4029,3017,0
SCNI.US,5,20251002,154000,1.39,1.39,1.38,1.38,1859,0
SCNI.US,5,20251002,154500,1.38,1.38,1.38,1.38,107,0
SCNI.US,5,20251002,160000,1.38,1.38,1.38,1.38,500,0
SCNI.US,5,20251002,161500,1.3701,1.3701,1.36,1.36,398,0
SCNI.US,5,20251002,162000,1.3606,1.3606,1.3606,1.3606,500,0
SCNI.US,5,20251002,162500,1.3605,1.3605,1.3605,1.3605,888,0
SCNI.US,5,20251002,164000,1.37,1.37,1.37,1.37,162,0
SCNI.US,5,20251002,164500,1.3602,1.3602,1.3602,1.3602,100,0
SCNI.US,5,20251002,173500,1.375,1.375,1.375,1.375,6898,0
SCNI.US,5,20251002,180500,1.365853,1.3693,1.365853,1.3693,700,0
SCNI.US,5,20251002,181000,1.37,1.37,1.37,1.37,257,0
SCNI.US,5,20251002,183500,1.37,1.37,1.37,1.37,100,0
SCNI.US,5,20251002,184000,1.375,1.375,1.375,1.375,100,0
SCNI.US,5,20251002,185000,1.375,1.375,1.37,1.37,439,0
SCNI.US,5,20251002,185500,1.3604,1.3604,1.3604,1.3604,200,0
SCNI.US,5,20251002,202000,1.36,1.36,1.36,1.36,1263,0
SCNI.US,5,20251002,204000,1.36,1.36,1.36,1.36,500,0
SCNI.US,5,20251002,204500,1.36,1.37,1.35,1.35,700,0
SCNI.US,5,20251002,205500,1.34,1.354,1.34,1.354,1000,0
SCNI.US,5,20251002,210000,1.3501,1.3501,1.3501,1.3501,700,0
SCNI.US,5,20251002,210500,1.36,1.36,1.36,1.36,5200,0
SCNI.US,5,20251002,211000,1.36,1.36,1.36,1.36,200,0
SCNI.US,5,20251002,212000,1.3693,1.3693,1.36,1.36,3507,0
SCNI.US,5,20251003,153000,1.36,1.36,1.36,1.36,1809,0
SCNI.US,5,20251003,153500,1.36,1.36,1.36,1.36,2667,0
SCNI.US,5,20251003,154500,1.37,1.37,1.37,1.37,100,0
SCNI.US,5,20251003,155000,1.37,1.37,1.37,1.37,300,0
SCNI.US,5,20251003,155500,1.37,1.37,1.37,1.37,900,0
SCNI.US,5,20251003,160000,1.37,1.37,1.37,1.37,100,0
SCNI.US,5,20251003,160500,1.37,1.37,1.37,1.37,1651,0
SCNI.US,5,20251003,162000,1.37,1.37,1.37,1.37,337,0
SCNI.US,5,20251003,165500,1.37,1.37,1.37,1.37,200,0
SCNI.US,5,20251003,170500,1.36,1.36,1.36,1.36,504,0
SCNI.US,5,20251003,171500,1.36,1.36,1.32,1.32,1896,0
SCNI.US,5,20251003,172000,1.34,1.34,1.3301,1.3301,1900,0
SCNI.US,5,20251003,173000,1.35,1.35,1.35,1.35,239,0
SCNI.US,5,20251003,174500,1.35,1.35,1.35,1.35,100,0
SCNI.US,5,20251003,185500,1.3501,1.3503,1.35,1.3501,7700,0
SCNI.US,5,20251003,190500,1.35,1.35,1.35,1.35,991,0
SCNI.US,5,20251003,201000,1.35,1.35,1.35,1.35,223,0
SCNI.US,5,20251003,203000,1.34,1.34,1.34,1.34,2000,0
SCNI.US,5,20251003,213500,1.355,1.355,1.355,1.355,500,0
SCNI.US,5,20251003,214000,1.33,1.33,1.33,1.33,955,0
SCNI.US,5,20251003,214500,1.38,1.38,1.38,1.38,200,0
SCNI.US,5,20251003,215000,1.3535,1.3535,1.3535,1.3535,175,0
SCNI.US,5,20251006,153000,1.4,1.413,1.4,1.41,2904,0
SCNI.US,5,20251006,153500,1.4101,1.4101,1.39,1.39,13264,0
SCNI.US,5,20251006,154000,1.39,1.39,1.39,1.39,220,0
SCNI.US,5,20251006,154500,1.3704,1.3704,1.3704,1.3704,200,0
SCNI.US,5,20251006,160000,1.39,1.39,1.39,1.39,100,0
SCNI.US,5,20251006,163000,1.41,1.45,1.4,1.41,4030,0
SCNI.US,5,20251006,163500,1.4409,1.4447,1.4324,1.4324,2600,0
SCNI.US,5,20251006,164000,1.42,1.42,1.42,1.42,219,0
SCNI.US,5,20251006,165000,1.42,1.4236,1.39,1.4129,8251,0
SCNI.US,5,20251006,170000,1.4159,1.43,1.4,1.4,2157,0
SCNI.US,5,20251006,171500,1.4172,1.4228,1.4172,1.4228,200,0
SCNI.US,5,20251006,173000,1.4101,1.4102,1.4101,1.4101,1700,0
SCNI.US,5,20251006,180500,1.4196,1.4196,1.419,1.419,2305,0
SCNI.US,5,20251006,181500,1.41,1.41,1.404,1.404,300,0
SCNI.US,5,20251006,184000,1.4001,1.4001,1.4,1.4,3380,0
SCNI.US,5,20251006,184500,1.39,1.39,1.38,1.38,2319,0
SCNI.US,5,20251006,191000,1.3802,1.3802,1.37,1.37,8254,0
SCNI.US,5,20251006,191500,1.3702,1.3702,1.36,1.36,9111,0
SCNI.US,5,20251006,192000,1.36,1.36,1.36,1.36,100,0
SCNI.US,5,20251006,193500,1.37,1.37,1.37,1.37,4255,0
SCNI.US,5,20251006,194000,1.355,1.355,1.355,1.355,1000,0
SCNI.US,5,20251006,213500,1.355,1.355,1.355,1.355,1000,0
SCNI.US,5,20251006,214000,1.36,1.36,1.34,1.34,1267,0
SCNI.US,5,20251006,214500,1.35,1.35,1.35,1.35,100,0
SCNI.US,5,20251006,215500,1.355,1.355,1.355,1.355,241,0
SCNI.US,5,20251007,153000,1.43,1.43,1.38,1.42,25137,0
SCNI.US,5,20251007,153500,1.4198,1.42,1.4191,1.42,15500,0
SCNI.US,5,20251007,154000,1.42,1.54,1.42,1.491,58943,0
SCNI.US,5,20251007,154500,1.45,1.47,1.4367,1.45,19314,0
SCNI.US,5,20251007,155000,1.45,1.4699,1.4,1.4001,77998,0
SCNI.US,5,20251007,155500,1.4377,1.4377,1.4377,1.4377,500,0
SCNI.US,5,20251007,160000,1.4372,1.4398,1.42,1.4398,1757,0
SCNI.US,5,20251007,160500,1.42,1.42,1.42,1.42,300,0
SCNI.US,5,20251007,162500,1.4,1.42,1.4,1.41,1735,0
SCNI.US,5,20251007,163000,1.42,1.42,1.42,1.42,1700,0
SCNI.US,5,20251007,163500,1.425,1.425,1.425,1.425,2000,0
SCNI.US,5,20251007,165000,1.4399,1.44,1.4399,1.44,585,0
SCNI.US,5,20251007,165500,1.44,1.44,1.44,1.44,100,0
SCNI.US,5,20251007,170000,1.44,1.45,1.44,1.45,210,0
SCNI.US,5,20251007,170500,1.4499,1.4499,1.4499,1.4499,179,0
SCNI.US,5,20251007,171000,1.45,1.45,1.42,1.44,4200,0
SCNI.US,5,20251007,172000,1.43,1.4399,1.43,1.439,7000,0
SCNI.US,5,20251007,172500,1.4211,1.4211,1.4211,1.4211,700,0
SCNI.US,5,20251007,173000,1.44,1.45,1.43,1.43,4839,0
SCNI.US,5,20251007,173500,1.4583,1.4583,1.44,1.44,1450,0
SCNI.US,5,20251007,174000,1.45,1.46,1.44,1.45,2391,0
SCNI.US,5,20251007,174500,1.46,1.46,1.44,1.44,2101,0
SCNI.US,5,20251007,175500,1.42,1.449,1.42,1.449,1290,0
SCNI.US,5,20251007,180000,1.4499,1.45,1.4499,1.45,1100,0
SCNI.US,5,20251007,180500,1.45,1.45,1.44,1.44,624,0
SCNI.US,5,20251007,181000,1.4401,1.46,1.4401,1.4402,1600,0
SCNI.US,5,20251007,181500,1.44,1.44,1.44,1.44,2000,0
SCNI.US,5,20251007,182000,1.45,1.45,1.45,1.45,100,0
SCNI.US,5,20251007,183000,1.4402,1.45,1.4402,1.45,300,0
SCNI.US,5,20251007,183500,1.44,1.44,1.44,1.44,400,0
SCNI.US,5,20251007,184000,1.4201,1.44,1.4201,1.44,3074,0
SCNI.US,5,20251007,184500,1.43,1.44,1.42,1.42,3468,0
SCNI.US,5,20251007,185500,1.45,1.45,1.45,1.45,100,0
SCNI.US,5,20251007,191000,1.44,1.44,1.44,1.44,100,0
SCNI.US,5,20251007,192500,1.42,1.42,1.42,1.42,1000,0
SCNI.US,5,20251007,193500,1.45,1.45,1.45,1.45,200,0
SCNI.US,5,20251007,194000,1.445,1.445,1.445,1.445,157,0
SCNI.US,5,20251007,195500,1.4397,1.44,1.4397,1.44,1670,0
SCNI.US,5,20251007,200000,1.44,1.44,1.44,1.44,200,0
SCNI.US,5,20251007,204000,1.45,1.45,1.45,1.45,1000,0
SCNI.US,5,20251007,204500,1.46,1.46,1.46,1.46,301,0
SCNI.US,5,20251007,211000,1.45,1.45,1.45,1.45,1000,0
SCNI.US,5,20251007,211500,1.445,1.45,1.445,1.45,2693,0
SCNI.US,5,20251007,212000,1.46,1.465,1.44,1.44,2200,0
SCNI.US,5,20251007,213000,1.47,1.47,1.47,1.47,100,0
SCNI.US,5,20251007,213500,1.45,1.455,1.45,1.455,1250,0
SCNI.US,5,20251007,215000,1.45,1.45,1.45,1.45,1500,0
SCNI.US,5,20251007,215500,1.45,1.46,1.45,1.46,388,0
SCNI.US,5,20251008,153000,1.47,1.4999,1.46,1.46,7947,0
SCNI.US,5,20251008,153500,1.46,1.46,1.4325,1.442,2119,0
SCNI.US,5,20251008,154000,1.46,1.46,1.46,1.46,100,0
SCNI.US,5,20251008,154500,1.4326,1.4326,1.4326,1.4326,500,0
SCNI.US,5,20251008,155500,1.46,1.46,1.46,1.46,100,0
SCNI.US,5,20251008,162000,1.46,1.46,1.46,1.46,100,0
SCNI.US,5,20251008,162500,1.45,1.45,1.45,1.45,200,0
SCNI.US,5,20251008,163000,1.4501,1.46,1.4501,1.46,300,0
SCNI.US,5,20251008,163500,1.4592,1.46,1.4592,1.46,630,0
SCNI.US,5,20251008,165000,1.47,1.4723,1.47,1.4723,599,0
SCNI.US,5,20251008,165500,1.48,1.48,1.48,1.48,200,0
SCNI.US,5,20251008,170000,1.48,1.48,1.43,1.43,4927,0
SCNI.US,5,20251008,171000,1.485,1.485,1.485,1.485,100,0
SCNI.US,5,20251008,172000,1.48,1.48,1.48,1.48,2100,0
SCNI.US,5,20251008,173000,1.46,1.4601,1.4201,1.45,3632,0
SCNI.US,5,20251008,174000,1.49,1.49,1.49,1.49,100,0
SCNI.US,5,20251008,175500,1.46,1.46,1.46,1.46,400,0
SCNI.US,5,20251008,180500,1.46,1.46,1.46,1.46,400,0
SCNI.US,5,20251008,181000,1.46,1.46,1.45,1.45,3100,0
SCNI.US,5,20251008,181500,1.45,1.45,1.45,1.45,800,0
SCNI.US,5,20251008,182500,1.4501,1.46,1.4501,1.46,600,0
SCNI.US,5,20251008,183000,1.465,1.47,1.465,1.47,955,0
SCNI.US,5,20251008,184500,1.4616,1.4707,1.4616,1.4707,521,0
SCNI.US,5,20251008,185000,1.49,1.49,1.47,1.47,200,0
SCNI.US,5,20251008,185500,1.4701,1.49,1.47,1.48,1800,0
SCNI.US,5,20251008,190000,1.47,1.47,1.47,1.47,100,0
SCNI.US,5,20251008,190500,1.47,1.4896,1.47,1.4896,1600,0
SCNI.US,5,20251008,191000,1.48,1.5271,1.48,1.5271,5700,0
SCNI.US,5,20251008,191500,1.49,1.49,1.49,1.49,537,0
SCNI.US,5,20251008,192500,1.4898,1.4899,1.4898,1.4899,3000,0
SCNI.US,5,20251008,193000,1.4623,1.52,1.4623,1.52,1790,0
SCNI.US,5,20251008,193500,1.485,1.485,1.485,1.485,200,0
SCNI.US,5,20251008,201000,1.47,1.47,1.47,1.47,2500,0
SCNI.US,5,20251008,203000,1.48,1.48,1.48,1.48,1000,0
SCNI.US,5,20251008,203500,1.4997,1.4997,1.4997,1.4997,1454,0
SCNI.US,5,20251008,205000,1.485,1.49,1.485,1.49,1600,0
SCNI.US,5,20251008,205500,1.4977,1.4977,1.4977,1.4977,500,0
SCNI.US,5,20251008,215000,1.49,1.49,1.49,1.49,367,0
SCNI.US,5,20251008,215500,1.5,1.63,1.485,1.63,53646,0
SCNI.US,5,20251009,153000,1.58,1.58,1.56,1.56,2354,0
SCNI.US,5,20251009,153500,1.5718,1.5718,1.57,1.57,2690,0
SCNI.US,5,20251009,154000,1.565,1.565,1.55,1.56,4763,0
SCNI.US,5,20251009,154500,1.55,1.55,1.55,1.55,100,0
SCNI.US,5,20251009,155000,1.55,1.55,1.5402,1.5413,2718,0
SCNI.US,5,20251009,161000,1.55,1.55,1.55,1.55,500,0
SCNI.US,5,20251009,163000,1.5402,1.5555,1.54,1.54,1500,0
SCNI.US,5,20251009,163500,1.5404,1.5404,1.5404,1.5404,100,0
SCNI.US,5,20251009,164000,1.54,1.54,1.54,1.54,100,0
SCNI.US,5,20251009,164500,1.53,1.5397,1.525,1.5397,2689,0
SCNI.US,5,20251009,170000,1.53,1.53,1.53,1.53,2774,0
SCNI.US,5,20251009,171000,1.5313,1.5313,1.5313,1.5313,200,0
SCNI.US,5,20251009,171500,1.5499,1.5499,1.54,1.54,1980,0
SCNI.US,5,20251009,172000,1.53,1.53,1.53,1.53,100,0
SCNI.US,5,20251009,173000,1.54,1.54,1.54,1.54,100,0
SCNI.US,5,20251009,173500,1.55,1.55,1.5472,1.5472,645,0
SCNI.US,5,20251009,174500,1.54,1.55,1.5301,1.55,2815,0
SCNI.US,5,20251009,180000,1.54,1.54,1.54,1.54,500,0
SCNI.US,5,20251009,182000,1.56,1.56,1.55,1.55,700,0
SCNI.US,5,20251009,183500,1.55,1.55,1.55,1.55,100,0
SCNI.US,5,20251009,184000,1.55,1.55,1.55,1.55,100,0
SCNI.US,5,20251009,190000,1.5301,1.5301,1.5301,1.5301,1999,0
SCNI.US,5,20251009,191000,1.54,1.54,1.54,1.54,1000,0
SCNI.US,5,20251009,193500,1.5324,1.5324,1.5324,1.5324,100,0
SCNI.US,5,20251009,194000,1.53,1.5311,1.51,1.515,7363,0
SCNI.US,5,20251009,194500,1.515,1.53,1.515,1.53,3900,0
SCNI.US,5,20251009,195000,1.5297,1.5297,1.5297,1.5297,530,0
SCNI.US,5,20251009,200000,1.52,1.52,1.5199,1.5199,1500,0
SCNI.US,5,20251009,201000,1.51,1.51,1.51,1.51,1200,0
SCNI.US,5,20251009,201500,1.51,1.51,1.51,1.51,100,0
SCNI.US,5,20251009,202500,1.5198,1.5198,1.5198,1.5198,100,0
SCNI.US,5,20251009,203000,1.5001,1.5001,1.5001,1.5001,100,0
SCNI.US,5,20251009,204000,1.5263,1.5263,1.5263,1.5263,200,0
SCNI.US,5,20251009,212000,1.5,1.5,1.5,1.5,800,0
SCNI.US,5,20251009,212500,1.5,1.5,1.5,1.5,1291,0
SCNI.US,5,20251009,213000,1.5,1.5,1.5,1.5,185,0
SCNI.US,5,20251009,213500,1.5,1.5,1.5,1.5,3467,0
SCNI.US,5,20251009,214000,1.49,1.5,1.49,1.5,557,0
SCNI.US,5,20251009,214500,1.49,1.51,1.4843,1.5,2700,0
SCNI.US,5,20251009,215500,1.499,1.5,1.4801,1.4801,2426,0
SCNI.US,5,20251010,153000,1.46,1.49,1.46,1.49,1121,0
SCNI.US,5,20251010,154000,1.49,1.49,1.49,1.49,282,0
SCNI.US,5,20251010,154500,1.505,1.505,1.49,1.49,1200,0
SCNI.US,5,20251010,160000,1.49,1.49,1.49,1.49,400,0
SCNI.US,5,20251010,161000,1.4996,1.5,1.4996,1.5,300,0
SCNI.US,5,20251010,162500,1.49,1.49,1.49,1.49,2430,0
SCNI.US,5,20251010,163000,1.46,1.46,1.46,1.46,200,0
SCNI.US,5,20251010,165500,1.48,1.48,1.48,1.48,484,0
SCNI.US,5,20251010,170000,1.46,1.46,1.46,1.46,400,0
SCNI.US,5,20251010,170500,1.46,1.46,1.46,1.46,100,0
SCNI.US,5,20251010,171500,1.46,1.46,1.46,1.46,100,0
SCNI.US,5,20251010,172000,1.45,1.45,1.4293,1.4293,1220,0
SCNI.US,5,20251010,172500,1.44,1.45,1.35,1.38,22599,0
SCNI.US,5,20251010,173000,1.435,1.435,1.435,1.435,200,0
SCNI.US,5,20251010,173500,1.4,1.4,1.4,1.4,100,0
SCNI.US,5,20251010,174500,1.405,1.4148,1.405,1.4083,23065,0
SCNI.US,5,20251010,175500,1.4,1.402,1.37,1.37,13919,0
SCNI.US,5,20251010,180000,1.3701,1.3701,1.35,1.363,14579,0
SCNI.US,5,20251010,180500,1.37,1.37,1.37,1.37,288,0
SCNI.US,5,20251010,182500,1.37,1.37,1.37,1.37,100,0
SCNI.US,5,20251010,184000,1.35,1.35,1.34,1.34,2143,0
SCNI.US,5,20251010,184500,1.3405,1.3405,1.3405,1.3405,750,0
SCNI.US,5,20251010,185000,1.34,1.34,1.33,1.33,748,0
SCNI.US,5,20251010,185500,1.33,1.34,1.33,1.34,1757,0
SCNI.US,5,20251010,190000,1.3456,1.3456,1.34,1.34,300,0
SCNI.US,5,20251010,191000,1.3499,1.3499,1.34,1.34,700,0
SCNI.US,5,20251010,191500,1.34,1.345,1.33,1.34,2519,0
SCNI.US,5,20251010,192000,1.34,1.34,1.33,1.33,2113,0
SCNI.US,5,20251010,192500,1.33,1.33,1.33,1.33,1361,0
SCNI.US,5,20251010,193000,1.33,1.33,1.325,1.33,539,0
SCNI.US,5,20251010,195500,1.33,1.33,1.33,1.33,500,0
SCNI.US,5,20251010,201500,1.33,1.33,1.33,1.33,100,0
SCNI.US,5,20251010,204500,1.3474,1.3474,1.3474,1.3474,370,0
SCNI.US,5,20251010,205500,1.3475,1.3475,1.3475,1.3475,1648,0
SCNI.US,5,20251010,210500,1.34,1.35,1.34,1.35,500,0
SCNI.US,5,20251010,211500,1.34,1.34,1.3319,1.3319,1100,0
SCNI.US,5,20251010,214000,1.36,1.36,1.36,1.36,210,0
SCNI.US,5,20251010,215000,1.3462,1.3462,1.3462,1.3462,650,0
SCNI.US,5,20251013,153000,1.37,1.37,1.32,1.3211,4117,0
SCNI.US,5,20251013,153500,1.35,1.35,1.35,1.35,110,0
SCNI.US,5,20251013,154000,1.33,1.35,1.33,1.35,800,0
SCNI.US,5,20251013,155500,1.3408,1.3408,1.34,1.34,250,0
SCNI.US,5,20251013,160000,1.3487,1.3487,1.3487,1.3487,200,0
SCNI.US,5,20251013,160500,1.34,1.34,1.34,1.34,100,0
SCNI.US,5,20251013,161000,1.34,1.34,1.335,1.34,10574,0
SCNI.US,5,20251013,161500,1.34,1.34,1.34,1.34,2293,0
SCNI.US,5,20251013,170000,1.34,1.34,1.34,1.34,985,0
SCNI.US,5,20251013,171000,1.33,1.33,1.3201,1.3201,846,0
SCNI.US,5,20251013,172000,1.33,1.3399,1.33,1.3399,300,0
SCNI.US,5,20251013,172500,1.33,1.33,1.32,1.33,3994,0
SCNI.US,5,20251013,173000,1.34,1.34,1.34,1.34,1986,0
SCNI.US,5,20251013,174000,1.36,1.36,1.36,1.36,2000,0
SCNI.US,5,20251013,174500,1.36,1.36,1.36,1.36,486,0
SCNI.US,5,20251013,175000,1.35,1.35,1.35,1.35,100,0
SCNI.US,5,20251013,181000,1.35,1.35,1.35,1.35,100,0
SCNI.US,5,20251013,182500,1.355,1.355,1.355,1.355,966,0
SCNI.US,5,20251013,183500,1.36,1.36,1.355,1.36,7882,0
SCNI.US,5,20251013,185000,1.35,1.35,1.35,1.35,100,0
SCNI.US,5,20251013,192000,1.35,1.35,1.35,1.35,100,0
SCNI.US,5,20251013,204000,1.3567,1.3567,1.3567,1.3567,150,0
SCNI.US,5,20251013,204500,1.3518,1.37,1.3518,1.37,1726,0
SCNI.US,5,20251013,205000,1.376,1.376,1.37,1.375,2880,0
SCNI.US,5,20251013,211500,1.37,1.37,1.37,1.37,200,0
SCNI.US,5,20251013,212000,1.365,1.365,1.365,1.365,200,0
SCNI.US,5,20251013,213000,1.35,1.35,1.35,1.35,100,0
SCNI.US,5,20251013,213500,1.365,1.365,1.365,1.365,500,0
SCNI.US,5,20251013,214000,1.365,1.365,1.35,1.35,600,0
SCNI.US,5,20251013,215500,1.36,1.36,1.36,1.36,434,0
SCNI.US,5,20251014,153000,1.36,1.36,1.36,1.36,335,0
SCNI.US,5,20251014,155500,1.34,1.34,1.33,1.33,1995,0
SCNI.US,5,20251014,160000,1.34,1.34,1.34,1.34,166,0
SCNI.US,5,20251014,161000,1.34,1.34,1.34,1.34,2000,0
SCNI.US,5,20251014,164000,1.35,1.35,1.35,1.35,100,0
SCNI.US,5,20251014,165500,1.3473,1.3473,1.3473,1.3473,100,0
SCNI.US,5,20251014,171500,1.3404,1.3404,1.3404,1.3404,175,0
SCNI.US,5,20251014,172000,1.34,1.3401,1.34,1.3401,552,0
SCNI.US,5,20251014,173500,1.34,1.34,1.34,1.34,1742,0
SCNI.US,5,20251014,174500,1.34,1.34,1.34,1.34,2050,0
SCNI.US,5,20251014,183500,1.345,1.3482,1.345,1.3482,1000,0
SCNI.US,5,20251014,185000,1.34,1.34,1.34,1.34,200,0
SCNI.US,5,20251014,190500,1.345,1.35,1.345,1.35,300,0
SCNI.US,5,20251014,191500,1.38,1.38,1.38,1.38,1200,0
SCNI.US,5,20251014,192000,1.3797,1.3797,1.3797,1.3797,100,0
SCNI.US,5,20251014,193500,1.38,1.38,1.3799,1.38,4402,0
SCNI.US,5,20251014,194000,1.4,1.4,1.4,1.4,100,0
SCNI.US,5,20251014,194500,1.38,1.38,1.38,1.38,100,0
SCNI.US,5,20251014,195000,1.398,1.398,1.398,1.398,500,0
SCNI.US,5,20251014,200000,1.39,1.4,1.38,1.4,8552,0
SCNI.US,5,20251014,201000,1.3835,1.4,1.36,1.36,7660,0
SCNI.US,5,20251014,210500,1.3602,1.3615,1.34,1.34,4027,0
SCNI.US,5,20251014,211000,1.36,1.36,1.36,1.36,300,0
SCNI.US,5,20251014,212000,1.35,1.35,1.34,1.34,200,0
SCNI.US,5,20251014,212500,1.34,1.34,1.34,1.34,200,0
SCNI.US,5,20251014,214500,1.345,1.365,1.342,1.365,3615,0
SCNI.US,5,20251014,215000,1.35,1.35,1.34,1.3492,1400,0
SCNI.US,5,20251014,215500,1.34,1.37,1.34,1.37,2900,0
SCNI.US,5,20251015,153000,1.38,1.38,1.38,1.38,1785,0
SCNI.US,5,20251015,155000,1.38,1.38,1.38,1.38,100,0
SCNI.US,5,20251015,155500,1.4,1.4,1.38,1.3863,7199,0
SCNI.US,5,20251015,161500,1.39,1.39,1.39,1.39,220,0
SCNI.US,5,20251015,162500,1.38,1.38,1.38,1.38,100,0
SCNI.US,5,20251015,172000,1.38,1.3955,1.38,1.3955,200,0
SCNI.US,5,20251015,175500,1.37,1.3891,1.37,1.3891,4621,0
SCNI.US,5,20251015,180500,1.38,1.38,1.38,1.38,100,0
SCNI.US,5,20251015,181000,1.3724,1.3891,1.3724,1.3891,1602,0
SCNI.US,5,20251015,182000,1.378,1.38,1.375,1.38,1000,0
SCNI.US,5,20251015,182500,1.375,1.375,1.375,1.375,250,0
SCNI.US,5,20251015,183000,1.37,1.37,1.37,1.37,100,0
SCNI.US,5,20251015,183500,1.3701,1.3701,1.3701,1.3701,900,0
SCNI.US,5,20251015,185000,1.38,1.38,1.38,1.38,1000,0
SCNI.US,5,20251015,185500,1.375,1.38,1.375,1.38,2033,0
SCNI.US,5,20251015,190500,1.37,1.3717,1.37,1.3717,1294,0
SCNI.US,5,20251015,191500,1.37,1.37,1.37,1.37,2776,0
SCNI.US,5,20251015,192500,1.37,1.375,1.37,1.375,2000,0
SCNI.US,5,20251015,195000,1.37,1.37,1.37,1.37,100,0
SCNI.US,5,20251015,203500,1.37,1.37,1.37,1.37,1177,0
SCNI.US,5,20251015,204000,1.35,1.35,1.35,1.35,2118,0
SCNI.US,5,20251015,210500,1.384,1.384,1.34,1.35,1226,0
SCNI.US,5,20251015,211000,1.35,1.35,1.35,1.35,100,0
SCNI.US,5,20251015,213000,1.352,1.352,1.35,1.35,645,0
SCNI.US,5,20251015,213500,1.35,1.35,1.34,1.34,1099,0
SCNI.US,5,20251015,214500,1.36,1.36,1.36,1.36,3100,0
SCNI.US,5,20251015,215000,1.36,1.36,1.34,1.34,200,0
SCNI.US,5,20251015,215500,1.3799,1.3799,1.34,1.34,1127,0
SCNI.US,5,20251016,153000,1.38,1.3884,1.38,1.38,684,0
SCNI.US,5,20251016,153500,1.38,1.3805,1.38,1.38,698,0
SCNI.US,5,20251016,160500,1.37,1.4,1.37,1.4,4476,0
SCNI.US,5,20251016,161000,1.4,1.42,1.4,1.42,1125,0
SCNI.US,5,20251016,161500,1.4023,1.4295,1.4023,1.4295,5500,0
SCNI.US,5,20251016,162000,1.4295,1.51,1.405,1.49,68863,0
SCNI.US,5,20251016,162500,1.47,1.48,1.46,1.48,17367,0
SCNI.US,5,20251016,163000,1.4796,1.51,1.4796,1.51,5955,0
SCNI.US,5,20251016,163500,1.51,1.54,1.49,1.5,17100,0
SCNI.US,5,20251016,164000,1.502,1.51,1.495,1.495,3682,0
SCNI.US,5,20251016,164500,1.5,1.53,1.5,1.51,13511,0
SCNI.US,5,20251016,165500,1.5,1.5,1.4924,1.4924,900,0
SCNI.US,5,20251016,170000,1.5,1.565,1.4999,1.5301,25810,0
SCNI.US,5,20251016,170500,1.54,1.5597,1.53,1.55,2800,0
SCNI.US,5,20251016,171000,1.54,1.54,1.53,1.53,2400,0
SCNI.US,5,20251016,171500,1.55,1.55,1.525,1.55,2500,0
SCNI.US,5,20251016,172000,1.55,1.5602,1.545,1.55,9352,0
SCNI.US,5,20251016,172500,1.545,1.55,1.5401,1.545,2154,0
SCNI.US,5,20251016,173000,1.54,1.54,1.501,1.501,12702,0
SCNI.US,5,20251016,173500,1.51,1.54,1.51,1.54,444,0
SCNI.US,5,20251016,174000,1.535,1.535,1.5001,1.53,3476,0
SCNI.US,5,20251016,174500,1.5302,1.5302,1.51,1.51,2730,0
SCNI.US,5,20251016,175000,1.52,1.52,1.5001,1.5001,7000,0
SCNI.US,5,20251016,175500,1.54,1.54,1.5013,1.5013,5350,0
SCNI.US,5,20251016,181000,1.525,1.525,1.525,1.525,1350,0
SCNI.US,5,20251016,182500,1.54,1.54,1.5,1.52,8224,0
SCNI.US,5,20251016,183000,1.525,1.525,1.5,1.5,6930,0
SCNI.US,5,20251016,183500,1.5,1.5,1.49,1.49,1050,0
SCNI.US,5,20251016,184000,1.488,1.49,1.48,1.49,8225,0
SCNI.US,5,20251016,184500,1.48,1.48,1.48,1.48,135,0
SCNI.US,5,20251016,185000,1.4701,1.49,1.4701,1.49,7620,0
SCNI.US,5,20251016,185500,1.485,1.485,1.46,1.48,10716,0
SCNI.US,5,20251016,190000,1.46,1.4899,1.46,1.4899,300,0
SCNI.US,5,20251016,192000,1.49,1.548,1.49,1.54,7420,0
SCNI.US,5,20251016,192500,1.51,1.51,1.485,1.485,550,0
SCNI.US,5,20251016,193500,1.51,1.51,1.51,1.51,658,0
SCNI.US,5,20251016,200000,1.4957,1.4957,1.4957,1.4957,6940,0
SCNI.US,5,20251016,200500,1.47,1.47,1.46,1.46,27990,0
SCNI.US,5,20251016,201500,1.49,1.49,1.47,1.48,6900,0
SCNI.US,5,20251016,202000,1.48,1.48,1.48,1.48,1000,0
SCNI.US,5,20251016,202500,1.48,1.48,1.48,1.48,400,0
SCNI.US,5,20251016,203000,1.47,1.48,1.47,1.48,2748,0
SCNI.US,5,20251016,203500,1.4799,1.4799,1.4799,1.4799,1300,0
SCNI.US,5,20251016,204000,1.47,1.48,1.47,1.4799,2370,0
SCNI.US,5,20251016,210000,1.475,1.48,1.47,1.48,619,0
SCNI.US,5,20251016,210500,1.475,1.48,1.475,1.48,2000,0
SCNI.US,5,20251016,211500,1.47,1.475,1.43,1.435,4940,0
SCNI.US,5,20251016,212000,1.43,1.435,1.402,1.435,4941,0
SCNI.US,5,20251016,212500,1.45,1.47,1.45,1.47,200,0
SCNI.US,5,20251016,213000,1.46,1.48,1.44,1.44,3600,0
SCNI.US,5,20251016,214000,1.45,1.45,1.45,1.45,100,0
SCNI.US,5,20251016,214500,1.45,1.48,1.45,1.48,582,0
SCNI.US,5,20251016,215500,1.47,1.475,1.46,1.46,5024,0
SCNI.US,5,20251017,153000,1.44,1.44,1.44,1.44,189,0
SCNI.US,5,20251017,154500,1.432,1.4409,1.432,1.4409,448,0
SCNI.US,5,20251017,155500,1.47,1.47,1.47,1.47,100,0
SCNI.US,5,20251017,160000,1.4799,1.4799,1.4799,1.4799,1000,0
SCNI.US,5,20251017,161000,1.47,1.47,1.47,1.47,658,0
SCNI.US,5,20251017,161500,1.46,1.46,1.46,1.46,100,0
SCNI.US,5,20251017,162000,1.47,1.47,1.47,1.47,100,0
SCNI.US,5,20251017,163500,1.45,1.45,1.45,1.45,100,0
SCNI.US,5,20251017,164000,1.45,1.45,1.432,1.432,1400,0
SCNI.US,5,20251017,165000,1.445,1.445,1.445,1.445,320,0
SCNI.US,5,20251017,171000,1.43,1.43,1.41,1.41,1439,0
SCNI.US,5,20251017,171500,1.4,1.41,1.39,1.41,7802,0
SCNI.US,5,20251017,172000,1.42,1.42,1.42,1.42,255,0
SCNI.US,5,20251017,172500,1.43,1.43,1.43,1.43,100,0
SCNI.US,5,20251017,174000,1.4203,1.4203,1.4203,1.4203,100,0
SCNI.US,5,20251017,175000,1.44,1.44,1.44,1.44,200,0
SCNI.US,5,20251017,182500,1.43,1.43,1.43,1.43,240,0
SCNI.US,5,20251017,183000,1.43,1.43,1.43,1.43,240,0
SCNI.US,5,20251017,185000,1.44,1.44,1.44,1.44,300,0
SCNI.US,5,20251017,185500,1.435,1.435,1.435,1.435,500,0
SCNI.US,5,20251017,191500,1.43,1.43,1.43,1.43,2300,0
SCNI.US,5,20251017,195000,1.43,1.43,1.43,1.43,486,0
SCNI.US,5,20251017,195500,1.4201,1.4201,1.4201,1.4201,1000,0
SCNI.US,5,20251017,200000,1.42,1.42,1.42,1.42,200,0
SCNI.US,5,20251017,202500,1.42,1.42,1.42,1.42,624,0
SCNI.US,5,20251017,204500,1.41,1.41,1.41,1.41,715,0
SCNI.US,5,20251017,212000,1.41,1.41,1.4,1.4,285,0
SCNI.US,5,20251017,212500,1.39,1.415,1.39,1.39,1962,0
SCNI.US,5,20251017,213000,1.39,1.39,1.39,1.39,153,0
SCNI.US,5,20251017,213500,1.44,1.44,1.44,1.44,500,0
SCNI.US,5,20251017,215500,1.4,1.4,1.4,1.4,200,0
SCNI.US,5,20251020,153000,1.4,1.43,1.4,1.43,749,0
SCNI.US,5,20251020,155500,1.4101,1.4101,1.4101,1.4101,200,0
SCNI.US,5,20251020,160500,1.41,1.41,1.41,1.41,100,0
SCNI.US,5,20251020,162500,1.41,1.41,1.41,1.41,6417,0
SCNI.US,5,20251020,163500,1.41,1.41,1.4,1.4,200,0
SCNI.US,5,20251020,164000,1.4,1.4,1.39,1.39,2286,0
SCNI.US,5,20251020,170000,1.41,1.41,1.41,1.41,500,0
SCNI.US,5,20251020,171500,1.4099,1.4099,1.4099,1.4099,1000,0
SCNI.US,5,20251020,172000,1.41,1.41,1.41,1.41,361,0
SCNI.US,5,20251020,174500,1.4243,1.4243,1.4243,1.4243,2000,0
SCNI.US,5,20251020,175000,1.4201,1.43,1.4201,1.43,600,0
SCNI.US,5,20251020,184500,1.42,1.42,1.42,1.42,100,0
SCNI.US,5,20251020,185000,1.43,1.43,1.43,1.43,200,0
SCNI.US,5,20251020,185500,1.43,1.43,1.43,1.43,150,0
SCNI.US,5,20251020,190500,1.44,1.44,1.44,1.44,245,0
SCNI.US,5,20251020,192500,1.44,1.44,1.44,1.44,143,0
SCNI.US,5,20251020,193500,1.4399,1.45,1.4398,1.45,2261,0
SCNI.US,5,20251020,194500,1.45,1.45,1.45,1.45,100,0
SCNI.US,5,20251020,195000,1.46,1.47,1.4501,1.47,8600,0
SCNI.US,5,20251020,195500,1.4682,1.4682,1.4682,1.4682,100,0
SCNI.US,5,20251020,200000,1.46,1.47,1.46,1.46,1099,0
SCNI.US,5,20251020,201000,1.4739,1.4739,1.47,1.47,700,0
SCNI.US,5,20251020,201500,1.48,1.48,1.47,1.48,3600,0
SCNI.US,5,20251020,202500,1.46,1.48,1.45,1.48,9053,0
SCNI.US,5,20251020,204500,1.4741,1.4741,1.4741,1.4741,2500,0
SCNI.US,5,20251020,205000,1.48,1.48,1.48,1.48,200,0
SCNI.US,5,20251020,205500,1.4918,1.4918,1.475,1.475,1000,0
SCNI.US,5,20251020,210000,1.475,1.5,1.475,1.4984,3467,0
SCNI.US,5,20251020,210500,1.4763,1.4763,1.4763,1.4763,1000,0
SCNI.US,5,20251020,211000,1.4995,1.4999,1.4995,1.4999,1133,0
SCNI.US,5,20251020,212500,1.4984,1.4984,1.4984,1.4984,1000,0
SCNI.US,5,20251020,213000,1.4996,1.4996,1.45,1.45,1700,0
SCNI.US,5,20251020,213500,1.45,1.45,1.45,1.45,700,0
SCNI.US,5,20251020,215500,1.46,1.47,1.46,1.47,300,0
SCNI.US,5,20251021,153000,1.45,1.46,1.45,1.46,932,0
SCNI.US,5,20251021,153500,1.45,1.45,1.45,1.45,2490,0
SCNI.US,5,20251021,154000,1.46,1.46,1.46,1.46,500,0
SCNI.US,5,20251021,155000,1.46,1.46,1.451,1.451,610,0
SCNI.US,5,20251021,155500,1.46,1.46,1.46,1.46,689,0
SCNI.US,5,20251021,160000,1.46,1.46,1.46,1.46,600,0
SCNI.US,5,20251021,160500,1.455,1.455,1.455,1.455,100,0
SCNI.US,5,20251021,161500,1.455,1.455,1.455,1.455,450,0
SCNI.US,5,20251021,162000,1.455,1.455,1.452,1.452,789,0
SCNI.US,5,20251021,164000,1.4599,1.46,1.4599,1.46,600,0
SCNI.US,5,20251021,164500,1.46,1.46,1.46,1.46,800,0
SCNI.US,5,20251021,165000,1.46,1.46,1.46,1.46,750,0
SCNI.US,5,20251021,172500,1.4601,1.47,1.4601,1.47,200,0
SCNI.US,5,20251021,173500,1.48,1.5,1.48,1.5,3265,0
SCNI.US,5,20251021,174000,1.51,1.51,1.5,1.51,10017,0
SCNI.US,5,20251021,174500,1.51,1.51,1.5,1.5,530,0
SCNI.US,5,20251021,175000,1.51,1.51,1.5,1.5,846,0
SCNI.US,5,20251021,180000,1.5,1.5001,1.5,1.5001,15321,0
SCNI.US,5,20251021,180500,1.5,1.5,1.5,1.5,9661,0
SCNI.US,5,20251021,184500,1.46,1.46,1.46,1.46,1500,0
SCNI.US,5,20251021,185000,1.46,1.48,1.46,1.48,2100,0
SCNI.US,5,20251021,190000,1.475,1.475,1.475,1.475,110,0
SCNI.US,5,20251021,191000,1.48,1.48,1.48,1.48,100,0
SCNI.US,5,20251021,192500,1.4848,1.4848,1.48,1.48,200,0
SCNI.US,5,20251021,200500,1.48,1.48,1.48,1.48,100,0
SCNI.US,5,20251021,202000,1.47,1.47,1.47,1.47,100,0
SCNI.US,5,20251021,205000,1.47,1.47,1.47,1.47,2240,0
SCNI.US,5,20251021,205500,1.4735,1.4735,1.4735,1.4735,900,0
SCNI.US,5,20251021,210000,1.485,1.485,1.485,1.485,100,0
SCNI.US,5,20251021,210500,1.48,1.4801,1.48,1.4801,200,0
SCNI.US,5,20251021,211000,1.4801,1.4801,1.4801,1.4801,500,0
SCNI.US,5,20251021,211500,1.48,1.485,1.48,1.485,3350,0
SCNI.US,5,20251021,212000,1.48,1.48,1.48,1.48,62841,0
SCNI.US,5,20251021,212500,1.47,1.49,1.47,1.49,1600,0
SCNI.US,5,20251021,213000,1.49,1.49,1.49,1.49,100,0
SCNI.US,5,20251021,213500,1.49,1.49,1.49,1.49,100,0
SCNI.US,5,20251021,214000,1.49,1.51,1.49,1.5,2288,0
SCNI.US,5,20251021,214500,1.525,1.525,1.5101,1.5101,400,0
SCNI.US,5,20251021,215500,1.52,1.52,1.48,1.51,2900,0
SCNI.US,5,20251022,153000,1.46,1.46,1.46,1.46,301,0
SCNI.US,5,20251022,153500,1.45,1.45,1.45,1.45,191,0
SCNI.US,5,20251022,154500,1.4001,1.41,1.4001,1.41,2004,0
SCNI.US,5,20251022,155000,1.4473,1.4473,1.4473,1.4473,100,0
SCNI.US,5,20251022,160000,1.44,1.44,1.44,1.44,199,0
SCNI.US,5,20251022,161000,1.44,1.44,1.44,1.44,188,0
SCNI.US,5,20251022,161500,1.43,1.43,1.43,1.43,1600,0
SCNI.US,5,20251022,162000,1.43,1.43,1.43,1.43,100,0
SCNI.US,5,20251022,162500,1.422,1.44,1.42,1.44,7705,0
SCNI.US,5,20251022,163500,1.4372,1.4372,1.4372,1.4372,200,0
SCNI.US,5,20251022,164000,1.4398,1.4398,1.43,1.43,251,0
SCNI.US,5,20251022,164500,1.43,1.43,1.42,1.4202,14000,0
SCNI.US,5,20251022,165000,1.42,1.42,1.42,1.42,280,0
SCNI.US,5,20251022,170000,1.41,1.4199,1.4,1.4199,1172,0
SCNI.US,5,20251022,171000,1.4,1.4,1.4,1.4,100,0
SCNI.US,5,20251022,172000,1.41,1.41,1.41,1.41,2000,0
SCNI.US,5,20251022,172500,1.41,1.41,1.4095,1.4095,300,0
SCNI.US,5,20251022,173000,1.4,1.4,1.39,1.39,1129,0
SCNI.US,5,20251022,174000,1.4,1.4,1.4,1.4,744,0
SCNI.US,5,20251022,174500,1.3801,1.3801,1.3801,1.3801,100,0
SCNI.US,5,20251022,175500,1.395,1.395,1.39,1.39,862,0
SCNI.US,5,20251022,180000,1.3901,1.3901,1.3901,1.3901,522,0
SCNI.US,5,20251022,180500,1.4,1.4,1.3999,1.4,2800,0
SCNI.US,5,20251022,183500,1.3905,1.3905,1.3905,1.3905,1000,0
SCNI.US,5,20251022,192000,1.4,1.4,1.4,1.4,100,0
SCNI.US,5,20251022,200500,1.4,1.42,1.4,1.42,600,0
SCNI.US,5,20251022,201500,1.4019,1.42,1.4019,1.42,606,0
SCNI.US,5,20251022,202500,1.4,1.4,1.4,1.4,1300,0
SCNI.US,5,20251022,203000,1.4,1.405,1.4,1.405,600,0
SCNI.US,5,20251022,204000,1.4,1.4,1.39,1.4,1171,0
SCNI.US,5,20251022,210500,1.4,1.405,1.39,1.405,8000,0
SCNI.US,5,20251022,211000,1.39,1.3901,1.39,1.3901,1987,0
SCNI.US,5,20251022,211500,1.3932,1.3932,1.3932,1.3932,820,0
SCNI.US,5,20251022,212000,1.39,1.39,1.39,1.39,200,0
SCNI.US,5,20251022,212500,1.39,1.39,1.39,1.39,400,0
SCNI.US,5,20251022,214500,1.4,1.4,1.4,1.4,500,0
SCNI.US,5,20251022,215500,1.39,1.39,1.39,1.39,539,0
SCNI.US,5,20251023,153000,1.36,1.38,1.35,1.367,5567,0
SCNI.US,5,20251023,153500,1.37,1.37,1.37,1.37,1000,0
SCNI.US,5,20251023,154000,1.38,1.417,1.37,1.417,4971,0
SCNI.US,5,20251023,154500,1.4,1.4,1.4,1.4,100,0
SCNI.US,5,20251023,155000,1.4114,1.4455,1.4114,1.4455,5439,0
SCNI.US,5,20251023,160000,1.45,1.46,1.43,1.4401,9803,0
SCNI.US,5,20251023,160500,1.46,1.46,1.4401,1.45,1672,0
SCNI.US,5,20251023,161000,1.4507,1.4507,1.4401,1.4401,1254,0
SCNI.US,5,20251023,161500,1.44,1.4435,1.4353,1.4353,1565,0
SCNI.US,5,20251023,163500,1.4305,1.4342,1.43,1.43,3200,0
SCNI.US,5,20251023,171000,1.44,1.46,1.43,1.45,3431,0
SCNI.US,5,20251023,171500,1.434,1.434,1.434,1.434,400,0
SCNI.US,5,20251023,172000,1.46,1.46,1.4598,1.4598,300,0
SCNI.US,5,20251023,172500,1.46,1.46,1.4401,1.4401,549,0
SCNI.US,5,20251023,174500,1.44,1.44,1.44,1.44,1307,0
SCNI.US,5,20251023,180500,1.44,1.44,1.44,1.44,200,0
SCNI.US,5,20251023,181000,1.4416,1.4416,1.4416,1.4416,418,0
SCNI.US,5,20251023,181500,1.455,1.4654,1.4401,1.4401,2500,0
SCNI.US,5,20251023,182000,1.441,1.441,1.44,1.44,1000,0
SCNI.US,5,20251023,183500,1.4369,1.4369,1.4369,1.4369,500,0
SCNI.US,5,20251023,184000,1.43,1.43,1.43,1.43,100,0
SCNI.US,5,20251023,184500,1.446,1.446,1.446,1.446,109,0
SCNI.US,5,20251023,191500,1.44,1.44,1.44,1.44,100,0
SCNI.US,5,20251023,192000,1.45,1.45,1.45,1.45,300,0
SCNI.US,5,20251023,200000,1.4301,1.4301,1.4301,1.4301,291,0
SCNI.US,5,20251023,202500,1.44,1.44,1.44,1.44,100,0
SCNI.US,5,20251023,203000,1.4489,1.4489,1.4489,1.4489,238,0
SCNI.US,5,20251023,211000,1.4409,1.4409,1.4409,1.4409,100,0
SCNI.US,5,20251023,214000,1.44,1.44,1.44,1.44,335,0
SCNI.US,5,20251023,215500,1.42,1.42,1.42,1.42,691,0
SCNI.US,5,20251024,153000,1.42,1.42,1.415,1.415,966,0
SCNI.US,5,20251024,153500,1.39,1.39,1.39,1.39,4500,0
SCNI.US,5,20251024,154500,1.41,1.41,1.41,1.41,237,0
SCNI.US,5,20251024,163000,1.43,1.43,1.43,1.43,304,0
SCNI.US,5,20251024,163500,1.43,1.4681,1.43,1.4681,7000,0
SCNI.US,5,20251024,164000,1.475,1.4827,1.46,1.46,3193,0
SCNI.US,5,20251024,164500,1.48,1.48,1.43,1.48,1238,0
SCNI.US,5,20251024,171000,1.47,1.47,1.47,1.47,300,0
SCNI.US,5,20251024,173000,1.43,1.43,1.43,1.43,100,0
SCNI.US,5,20251024,174500,1.43,1.43,1.43,1.43,100,0
SCNI.US,5,20251024,175000,1.4495,1.4495,1.4495,1.4495,400,0
SCNI.US,5,20251024,180000,1.44,1.44,1.44,1.44,100,0
SCNI.US,5,20251024,182500,1.44,1.44,1.44,1.44,100,0
SCNI.US,5,20251024,190500,1.45,1.45,1.45,1.45,150,0
SCNI.US,5,20251024,191000,1.4488,1.4488,1.4488,1.4488,100,0
SCNI.US,5,20251024,191500,1.4509,1.4509,1.4509,1.4509,100,0
SCNI.US,5,20251024,192000,1.44,1.44,1.4,1.4,1175,0
SCNI.US,5,20251024,193500,1.4287,1.4287,1.4287,1.4287,2500,0
SCNI.US,5,20251024,194000,1.41,1.41,1.41,1.41,844,0
SCNI.US,5,20251024,200500,1.41,1.41,1.41,1.41,1500,0
SCNI.US,5,20251024,201500,1.41,1.41,1.41,1.41,300,0
SCNI.US,5,20251024,202000,1.411,1.411,1.41,1.4101,3456,0
SCNI.US,5,20251024,203500,1.4009,1.44,1.4009,1.44,1160,0
SCNI.US,5,20251024,205500,1.43,1.43,1.43,1.43,2455,0
SCNI.US,5,20251024,210500,1.4101,1.4101,1.4101,1.4101,110,0
SCNI.US,5,20251024,214000,1.45,1.45,1.45,1.45,200,0
SCNI.US,5,20251024,215000,1.44,1.44,1.44,1.44,100,0
SCNI.US,5,20251024,215500,1.45,1.46,1.45,1.46,1706,0
SCNI.US,5,20251027,143000,1.46,1.46,1.44,1.44,700,0
SCNI.US,5,20251027,143500,1.43,1.43,1.43,1.43,352,0
SCNI.US,5,20251027,144500,1.43,1.4471,1.43,1.4471,624,0
SCNI.US,5,20251027,145000,1.44,1.44,1.43,1.43,678,0
SCNI.US,5,20251027,150000,1.445,1.445,1.445,1.445,2828,0
SCNI.US,5,20251027,150500,1.4347,1.4347,1.4347,1.4347,100,0
SCNI.US,5,20251027,152000,1.4434,1.4434,1.4434,1.4434,500,0
SCNI.US,5,20251027,152500,1.43,1.43,1.43,1.43,100,0
SCNI.US,5,20251027,160500,1.4367,1.4367,1.43,1.43,673,0
SCNI.US,5,20251027,162000,1.43,1.43,1.43,1.43,571,0
SCNI.US,5,20251027,164000,1.43,1.43,1.43,1.43,540,0
SCNI.US,5,20251027,171000,1.4299,1.4299,1.4299,1.4299,210,0
SCNI.US,5,20251027,172500,1.43,1.43,1.43,1.43,100,0
SCNI.US,5,20251027,174000,1.44,1.445,1.44,1.445,2000,0
SCNI.US,5,20251027,174500,1.445,1.445,1.4401,1.445,5100,0
SCNI.US,5,20251027,175000,1.4499,1.4499,1.445,1.445,2100,0
SCNI.US,5,20251027,180000,1.445,1.445,1.44,1.44,750,0
SCNI.US,5,20251027,180500,1.43,1.43,1.43,1.43,100,0
SCNI.US,5,20251027,182000,1.44,1.44,1.435,1.44,977,0
SCNI.US,5,20251027,182500,1.445,1.445,1.445,1.445,500,0
SCNI.US,5,20251027,185000,1.445,1.445,1.44,1.4415,320,0
SCNI.US,5,20251027,185500,1.44,1.45,1.44,1.45,200,0
SCNI.US,5,20251027,190000,1.4499,1.4499,1.4499,1.4499,750,0
SCNI.US,5,20251027,194000,1.45,1.45,1.44,1.45,3300,0
SCNI.US,5,20251027,203500,1.46,1.5,1.46,1.5,1779,0
SCNI.US,5,20251027,204000,1.4986,1.4986,1.4802,1.4804,500,0
SCNI.US,5,20251027,204500,1.48,1.48,1.46,1.46,9357,0
SCNI.US,5,20251027,205000,1.45,1.46,1.45,1.46,1944,0
SCNI.US,5,20251027,205500,1.465,1.465,1.46,1.46,1402,0
SCNI.US,5,20251028,144000,1.4675,1.4675,1.4675,1.4675,148,0
SCNI.US,5,20251028,150000,1.45,1.45,1.4401,1.4401,940,0
SCNI.US,5,20251028,160500,1.43,1.43,1.43,1.43,110,0
SCNI.US,5,20251028,161500,1.4452,1.4452,1.4452,1.4452,500,0
SCNI.US,5,20251028,162500,1.44,1.44,1.44,1.44,3500,0
SCNI.US,5,20251028,164000,1.44,1.44,1.44,1.44,1100,0
SCNI.US,5,20251028,164500,1.445,1.5047,1.445,1.5,25861,0
SCNI.US,5,20251028,165000,1.485,1.49,1.485,1.49,2248,0
SCNI.US,5,20251028,165500,1.4692,1.5099,1.4692,1.49,1200,0
SCNI.US,5,20251028,170000,1.48,1.48,1.48,1.48,550,0
SCNI.US,5,20251028,171000,1.51,1.51,1.51,1.51,10000,0
SCNI.US,5,20251028,171500,1.5,1.5,1.48,1.48,736,0
SCNI.US,5,20251028,172500,1.4809,1.4809,1.4809,1.4809,200,0
SCNI.US,5,20251028,174500,1.49,1.49,1.49,1.49,300,0
SCNI.US,5,20251028,175500,1.4801,1.49,1.4801,1.49,3000,0
SCNI.US,5,20251028,180000,1.4979,1.4999,1.4948,1.4948,900,0
SCNI.US,5,20251028,181000,1.48,1.4802,1.48,1.48,11401,0
SCNI.US,5,20251028,182000,1.45,1.46,1.4298,1.43,13074,0
SCNI.US,5,20251028,182500,1.43,1.5,1.4263,1.5,10531,0
SCNI.US,5,20251028,183000,1.5,1.505,1.5,1.505,3154,0
SCNI.US,5,20251028,183500,1.5,1.5,1.5,1.5,3978,0
SCNI.US,5,20251028,184000,1.51,1.52,1.5023,1.5023,1329,0
SCNI.US,5,20251028,185000,1.5018,1.51,1.5018,1.51,723,0
SCNI.US,5,20251028,190000,1.51,1.51,1.5,1.5,512,0
SCNI.US,5,20251028,192000,1.51,1.51,1.5001,1.5005,1434,0
SCNI.US,5,20251028,193000,1.5,1.5,1.5,1.5,600,0
SCNI.US,5,20251028,193500,1.51,1.51,1.5,1.505,4260,0
SCNI.US,5,20251028,194000,1.51,1.51,1.51,1.51,1000,0
SCNI.US,5,20251028,195000,1.51,1.51,1.5,1.5086,2132,0
SCNI.US,5,20251028,200000,1.5,1.5001,1.5,1.5001,2294,0
SCNI.US,5,20251028,202000,1.47,1.47,1.47,1.47,238,0
SCNI.US,5,20251028,203000,1.47,1.47,1.47,1.47,100,0
SCNI.US,5,20251028,205500,1.485,1.5,1.485,1.5,700,0
SCNI.US,5,20251029,143000,1.48,1.4815,1.48,1.48,3167,0
SCNI.US,5,20251029,143500,1.46,1.46,1.46,1.46,2000,0
SCNI.US,5,20251029,145000,1.46,1.46,1.46,1.46,1000,0
SCNI.US,5,20251029,150500,1.45,1.46,1.45,1.46,1027,0
SCNI.US,5,20251029,151000,1.47,1.47,1.47,1.47,1301,0
SCNI.US,5,20251029,152000,1.47,1.47,1.47,1.47,300,0
SCNI.US,5,20251029,154500,1.4505,1.4505,1.4505,1.4505,667,0
SCNI.US,5,20251029,160000,1.462,1.462,1.462,1.462,130,0
SCNI.US,5,20251029,160500,1.46,1.46,1.46,1.46,1000,0
SCNI.US,5,20251029,171500,1.45,1.46,1.45,1.46,2335,0
SCNI.US,5,20251029,173000,1.46,1.46,1.4501,1.4501,2790,0
SCNI.US,5,20251029,173500,1.455,1.46,1.455,1.46,1700,0
SCNI.US,5,20251029,174500,1.4578,1.46,1.4578,1.46,2068,0
SCNI.US,5,20251029,175000,1.48,1.48,1.47,1.47,946,0
SCNI.US,5,20251029,181000,1.47,1.47,1.47,1.47,501,0
SCNI.US,5,20251029,183500,1.45,1.45,1.45,1.45,1000,0
SCNI.US,5,20251029,184500,1.4589,1.4589,1.45,1.45,1999,0
SCNI.US,5,20251029,190000,1.4836,1.4836,1.4836,1.4836,500,0
SCNI.US,5,20251029,193500,1.45,1.45,1.45,1.45,600,0
SCNI.US,5,20251029,194500,1.48,1.48,1.48,1.48,1000,0
SCNI.US,5,20251029,203000,1.4764,1.4764,1.4764,1.4764,1200,0
SCNI.US,5,20251029,205500,1.4671,1.4671,1.45,1.45,415,0
SCNI.US,5,20251030,144000,1.43,1.43,1.43,1.43,100,0
SCNI.US,5,20251030,145000,1.44,1.45,1.425,1.45,4715,0
SCNI.US,5,20251030,150000,1.43,1.43,1.43,1.43,683,0
SCNI.US,5,20251030,152500,1.4301,1.4301,1.4301,1.4301,330,0
SCNI.US,5,20251030,163000,1.44,1.44,1.44,1.44,100,0
SCNI.US,5,20251030,171500,1.4487,1.45,1.4487,1.45,1447,0
SCNI.US,5,20251030,172500,1.47,1.498,1.47,1.47,8036,0
SCNI.US,5,20251030,174000,1.461,1.4616,1.45,1.45,6200,0
SCNI.US,5,20251030,175000,1.47,1.47,1.47,1.47,2715,0
SCNI.US,5,20251030,175500,1.49,1.49,1.4757,1.4757,4518,0
SCNI.US,5,20251030,181500,1.475,1.475,1.475,1.475,200,0
SCNI.US,5,20251030,182500,1.4897,1.54,1.4608,1.54,38041,0
SCNI.US,5,20251030,183000,1.52,1.52,1.52,1.52,170,0
SCNI.US,5,20251030,183500,1.51,1.51,1.49,1.4901,5090,0
SCNI.US,5,20251030,185500,1.49,1.49,1.49,1.49,1330,0
SCNI.US,5,20251030,191500,1.48,1.48,1.48,1.48,796,0
SCNI.US,5,20251030,200500,1.46,1.48,1.452,1.48,5500,0
SCNI.US,5,20251030,202500,1.4747,1.4747,1.4747,1.4747,1000,0
SCNI.US,5,20251030,203000,1.47,1.4799,1.47,1.4799,400,0
SCNI.US,5,20251030,203500,1.47,1.47,1.47,1.47,170,0
SCNI.US,5,20251030,205500,1.46,1.46,1.46,1.46,100,0
SCNI.US,5,20251031,143000,1.45,1.45,1.45,1.45,400,0
SCNI.US,5,20251031,144000,1.476,1.476,1.43,1.43,5006,0
SCNI.US,5,20251031,145000,1.453,1.453,1.453,1.453,1000,0
SCNI.US,5,20251031,145500,1.465,1.465,1.465,1.465,1000,0
SCNI.US,5,20251031,150500,1.475,1.475,1.475,1.475,500,0
SCNI.US,5,20251031,151000,1.48,1.48,1.48,1.48,1000,0
SCNI.US,5,20251031,152000,1.475,1.475,1.475,1.475,300,0
SCNI.US,5,20251031,152500,1.4762,1.4762,1.4762,1.4762,339,0
SCNI.US,5,20251031,160500,1.46,1.46,1.46,1.46,750,0
SCNI.US,5,20251031,161500,1.4596,1.4596,1.45,1.4596,7133,0
SCNI.US,5,20251031,162000,1.4489,1.4489,1.4489,1.4489,200,0
SCNI.US,5,20251031,163000,1.452,1.47,1.4401,1.47,4367,0
SCNI.US,5,20251031,163500,1.47,1.47,1.47,1.47,700,0
SCNI.US,5,20251031,165500,1.44,1.44,1.43,1.43,5000,0
SCNI.US,5,20251031,170000,1.45,1.45,1.44,1.44,2750,0
SCNI.US,5,20251031,170500,1.43,1.43,1.35,1.4,22948,0
SCNI.US,5,20251031,172000,1.405,1.405,1.405,1.405,1000,0
SCNI.US,5,20251031,172500,1.3801,1.3866,1.3801,1.3866,2000,0
SCNI.US,5,20251031,173000,1.405,1.405,1.405,1.405,1100,0
SCNI.US,5,20251031,174500,1.38,1.38,1.38,1.38,100,0
SCNI.US,5,20251031,180000,1.38,1.38,1.36,1.36,2499,0
SCNI.US,5,20251031,182000,1.3923,1.3923,1.3923,1.3923,200,0
SCNI.US,5,20251031,182500,1.3701,1.3701,1.3701,1.3701,600,0
SCNI.US,5,20251031,183000,1.385,1.385,1.385,1.385,300,0
SCNI.US,5,20251031,190500,1.3799,1.3799,1.3765,1.3765,1100,0
SCNI.US,5,20251031,191500,1.3634,1.3634,1.3634,1.3634,606,0
SCNI.US,5,20251031,192000,1.37,1.37,1.37,1.37,1610,0
SCNI.US,5,20251031,192500,1.37,1.3799,1.37,1.3799,700,0
SCNI.US,5,20251031,193000,1.36,1.36,1.35,1.35,1298,0
SCNI.US,5,20251031,193500,1.3765,1.3765,1.3763,1.3763,462,0
SCNI.US,5,20251031,194000,1.37,1.37,1.37,1.37,200,0
SCNI.US,5,20251031,194500,1.37,1.37,1.3601,1.37,862,0
SCNI.US,5,20251031,195000,1.375,1.375,1.375,1.375,500,0
SCNI.US,5,20251031,195500,1.38,1.38,1.37,1.37,11610,0
SCNI.US,5,20251031,201000,1.43,1.43,1.43,1.43,500,0
SCNI.US,5,20251031,202000,1.4,1.4,1.4,1.4,2100,0
SCNI.US,5,20251031,202500,1.413,1.413,1.413,1.413,900,0
SCNI.US,5,20251031,203500,1.414,1.414,1.41,1.41,599,0
SCNI.US,5,20251031,204500,1.4,1.4,1.4,1.4,573,0
SCNI.US,5,20251031,205500,1.405,1.4052,1.4,1.4,1270,0
SCNI.US,5,20251103,153000,1.37,1.37,1.37,1.37,2347,0
SCNI.US,5,20251103,153500,1.4,1.4,1.4,1.4,100,0
SCNI.US,5,20251103,154000,1.3875,1.3875,1.3875,1.3875,138,0
SCNI.US,5,20251103,155500,1.39,1.39,1.38,1.38,1390,0
SCNI.US,5,20251103,161500,1.3955,1.3955,1.3955,1.3955,100,0
SCNI.US,5,20251103,163000,1.39,1.39,1.38,1.38,3233,0
SCNI.US,5,20251103,171000,1.3742,1.38,1.37,1.37,1432,0
SCNI.US,5,20251103,172500,1.3805,1.3805,1.3701,1.3805,7000,0
SCNI.US,5,20251103,173000,1.37,1.37,1.36,1.36,1235,0
SCNI.US,5,20251103,174000,1.36,1.3772,1.3501,1.3772,8435,0
SCNI.US,5,20251103,181500,1.35,1.35,1.35,1.35,240,0
SCNI.US,5,20251103,182000,1.35,1.35,1.35,1.35,100,0
SCNI.US,5,20251103,183000,1.355,1.3555,1.3501,1.3501,7353,0
SCNI.US,5,20251103,183500,1.35,1.35,1.34,1.34,4122,0
SCNI.US,5,20251103,184000,1.32,1.33,1.32,1.33,1651,0
SCNI.US,5,20251103,184500,1.33,1.33,1.33,1.33,100,0
SCNI.US,5,20251103,185500,1.32,1.35,1.32,1.35,8138,0
SCNI.US,5,20251103,190000,1.35,1.5499,1.345,1.42,27031,0
SCNI.US,5,20251103,190500,1.41,1.42,1.366,1.366,700,0
SCNI.US,5,20251103,193000,1.37,1.37,1.37,1.37,100,0
SCNI.US,5,20251103,200000,1.36,1.365,1.35,1.35,1700,0
SCNI.US,5,20251103,200500,1.35,1.35,1.335,1.34,1900,0
SCNI.US,5,20251103,201000,1.34,1.38,1.1801,1.28,30854,0
SCNI.US,5,20251103,201500,1.2939,1.3,1.2939,1.3,1200,0
SCNI.US,5,20251103,202500,1.3015,1.3015,1.28,1.28,4023,0
SCNI.US,5,20251103,205500,1.3345,1.3345,1.3345,1.3345,270,0
SCNI.US,5,20251103,210500,1.3184,1.3184,1.3184,1.3184,1500,0
SCNI.US,5,20251103,211500,1.3015,1.305,1.3015,1.305,1125,0
SCNI.US,5,20251103,213000,1.3,1.31,1.27,1.2701,18322,0
SCNI.US,5,20251103,214000,1.27,1.27,1.27,1.27,100,0
SCNI.US,5,20251103,215500,1.27,1.27,1.27,1.27,236,0
SCNI.US,5,20251104,153000,1.27,1.295,1.23,1.25,13529,0
SCNI.US,5,20251104,153500,1.23,1.25,1.22,1.2463,6087,0
SCNI.US,5,20251104,154000,1.222,1.222,1.21,1.21,3479,0
SCNI.US,5,20251104,154500,1.2101,1.2298,1.2101,1.2294,450,0
SCNI.US,5,20251104,155500,1.2102,1.2102,1.2102,1.2102,4313,0
SCNI.US,5,20251104,160000,1.22,1.2201,1.21,1.2201,9079,0
SCNI.US,5,20251104,163000,1.23,1.23,1.23,1.23,3100,0
SCNI.US,5,20251104,164000,1.215,1.215,1.21,1.211,2368,0
SCNI.US,5,20251104,171000,1.22,1.22,1.22,1.22,200,0
SCNI.US,5,20251104,173000,1.22,1.22,1.22,1.22,100,0
SCNI.US,5,20251104,180500,1.2287,1.2287,1.2287,1.2287,250,0
SCNI.US,5,20251104,181000,1.2201,1.2201,1.2201,1.2201,148,0
SCNI.US,5,20251104,182000,1.22,1.22,1.22,1.22,1210,0
SCNI.US,5,20251104,183500,1.2298,1.2298,1.225,1.2298,400,0
SCNI.US,5,20251104,184500,1.21,1.21,1.18,1.2,3947,0
SCNI.US,5,20251104,190000,1.1835,1.1835,1.1835,1.1835,200,0
SCNI.US,5,20251104,190500,1.18,1.18,1.18,1.18,691,0
SCNI.US,5,20251104,191500,1.1798,1.18,1.17,1.18,2000,0
SCNI.US,5,20251104,192500,1.16,1.16,1.16,1.16,696,0
SCNI.US,5,20251104,193500,1.16,1.16,1.15,1.15,1374,0
SCNI.US,5,20251104,194000,1.15,1.15,1.15,1.15,100,0
SCNI.US,5,20251104,194500,1.1546,1.16,1.1546,1.155,2259,0
SCNI.US,5,20251104,195500,1.16,1.16,1.155,1.16,1866,0
SCNI.US,5,20251104,200000,1.155,1.155,1.155,1.155,199,0
SCNI.US,5,20251104,200500,1.1501,1.1501,1.1501,1.1501,2500,0
SCNI.US,5,20251104,201500,1.15,1.15,1.15,1.15,200,0
SCNI.US,5,20251104,203500,1.15,1.15,1.14,1.14,22176,0
SCNI.US,5,20251104,205500,1.14,1.14,1.14,1.14,200,0
SCNI.US,5,20251104,210500,1.148,1.1484,1.145,1.145,3600,0
SCNI.US,5,20251104,211000,1.1499,1.1499,1.1499,1.1499,1990,0
SCNI.US,5,20251104,211500,1.14,1.1499,1.14,1.1498,3300,0
SCNI.US,5,20251104,212000,1.1483,1.1483,1.1483,1.1483,150,0
SCNI.US,5,20251104,213000,1.145,1.145,1.145,1.145,300,0
SCNI.US,5,20251104,214500,1.145,1.145,1.145,1.145,1261,0
SCNI.US,5,20251104,215500,1.145,1.145,1.13,1.13,7426,0
SCNI.US,5,20251105,153000,1.14,1.1402,1.14,1.1402,5516,0
SCNI.US,5,20251105,154000,1.15,1.15,1.15,1.15,300,0
SCNI.US,5,20251105,163000,1.1501,1.17,1.1501,1.17,600,0
SCNI.US,5,20251105,163500,1.17,1.17,1.17,1.17,1500,0
SCNI.US,5,20251105,164000,1.1545,1.1545,1.1545,1.1545,200,0
SCNI.US,5,20251105,170000,1.18,1.18,1.17,1.17,2741,0
SCNI.US,5,20251105,171500,1.155,1.155,1.155,1.155,100,0
SCNI.US,5,20251105,174500,1.16,1.16,1.155,1.16,545,0
SCNI.US,5,20251105,180000,1.16,1.17,1.16,1.1689,2500,0
SCNI.US,5,20251105,180500,1.17,1.17,1.17,1.17,1700,0
SCNI.US,5,20251105,181000,1.175,1.181,1.175,1.1798,3264,0
SCNI.US,5,20251105,182000,1.17,1.17,1.17,1.17,100,0
SCNI.US,5,20251105,182500,1.18,1.18,1.18,1.18,300,0
SCNI.US,5,20251105,193500,1.17,1.17,1.17,1.17,200,0
SCNI.US,5,20251105,201000,1.17,1.17,1.17,1.17,301,0
SCNI.US,5,20251105,205500,1.165,1.165,1.165,1.165,197,0
SCNI.US,5,20251105,211000,1.16,1.16,1.16,1.16,200,0
SCNI.US,5,20251105,211500,1.16,1.16,1.16,1.16,300,0
SCNI.US,5,20251106,153000,1.17,1.17,1.17,1.17,897,0
SCNI.US,5,20251106,155500,1.17,1.17,1.17,1.17,1644,0
SCNI.US,5,20251106,162000,1.15,1.1516,1.15,1.1516,400,0
SCNI.US,5,20251106,162500,1.155,1.155,1.155,1.155,100,0
SCNI.US,5,20251106,163500,1.15,1.15,1.115,1.12,7596,0
SCNI.US,5,20251106,164000,1.12,1.12,1.11,1.11,4175,0
SCNI.US,5,20251106,170500,1.126,1.126,1.126,1.126,176,0
SCNI.US,5,20251106,171000,1.12,1.12,1.095,1.095,7652,0
SCNI.US,5,20251106,174000,1.11,1.1299,1.11,1.1299,989,0
SCNI.US,5,20251106,175500,1.1,1.11,1.1,1.11,310,0
SCNI.US,5,20251106,180000,1.11,1.11,1.11,1.11,1899,0
SCNI.US,5,20251106,181500,1.11,1.11,1.11,1.11,623,0
SCNI.US,5,20251106,184000,1.09,1.1,1.09,1.1,1240,0
SCNI.US,5,20251106,185000,1.1,1.1,1.1,1.1,136,0
SCNI.US,5,20251106,185500,1.1094,1.1094,1.09,1.09,500,0
SCNI.US,5,20251106,190000,1.1004,1.1004,1.1004,1.1004,200,0
SCNI.US,5,20251106,191000,1.09,1.09,1.09,1.09,100,0
SCNI.US,5,20251106,194500,1.1,1.1,1.1,1.1,320,0
SCNI.US,5,20251106,195000,1.1004,1.1004,1.1,1.1,990,0
SCNI.US,5,20251106,195500,1.1099,1.1099,1.1004,1.1004,251,0
SCNI.US,5,20251106,200000,1.09,1.1,1.09,1.1,700,0
SCNI.US,5,20251106,203500,1.08,1.08,1.08,1.08,172,0
SCNI.US,5,20251106,205000,1.07,1.08,1.05,1.08,4948,0
SCNI.US,5,20251106,211500,1.08,1.08,1.08,1.08,100,0
SCNI.US,5,20251106,213500,1.0893,1.0893,1.06,1.06,1650,0
SCNI.US,5,20251106,214000,1.0601,1.07,1.0601,1.07,200,0
SCNI.US,5,20251106,214500,1.07,1.07,1.07,1.07,100,0
SCNI.US,5,20251106,215000,1.065,1.065,1.065,1.065,100,0
SCNI.US,5,20251106,215500,1.06,1.06,1.06,1.06,1830,0
SCNI.US,5,20251107,153000,1.0752,1.09,1.0715,1.0715,2452,0
SCNI.US,5,20251107,153500,1.0863,1.0863,1.0863,1.0863,400,0
SCNI.US,5,20251107,154000,1.0705,1.0844,1.0705,1.0844,800,0
SCNI.US,5,20251107,155500,1.08,1.08,1.08,1.08,100,0
SCNI.US,5,20251107,162000,1.07,1.07,1.07,1.07,100,0
SCNI.US,5,20251107,164000,1.0702,1.0702,1.06,1.07,3268,0
SCNI.US,5,20251107,165000,1.06,1.06,1.06,1.06,100,0
SCNI.US,5,20251107,170000,1.06,1.06,1.06,1.06,100,0
SCNI.US,5,20251107,171000,1.0639,1.0639,1.06,1.06,1600,0
SCNI.US,5,20251107,171500,1.0611,1.065,1.0611,1.065,286,0
SCNI.US,5,20251107,172000,1.06,1.06,1.06,1.06,100,0
SCNI.US,5,20251107,174000,1.0601,1.0601,1.0601,1.0601,300,0
SCNI.US,5,20251107,175000,1.07,1.07,1.06,1.06,2580,0
SCNI.US,5,20251107,180000,1.065,1.065,1.065,1.065,100,0
SCNI.US,5,20251107,180500,1.065,1.065,1.02,1.03,10893,0
SCNI.US,5,20251107,182000,1.0116,1.0116,1.0116,1.0116,219,0
SCNI.US,5,20251107,182500,1.035,1.035,1.035,1.035,100,0
SCNI.US,5,20251107,183000,1.01,1.025,1,1.0005,4609,0
SCNI.US,5,20251107,183500,1.025,1.025,1.025,1.025,1000,0
SCNI.US,5,20251107,185500,1.02,1.02,1,1.01,1190,0
SCNI.US,5,20251107,200500,1.01,1.01,1.01,1.01,100,0
SCNI.US,5,20251107,204000,1.04,1.04,1.03,1.04,1100,0
SCNI.US,5,20251107,205000,1.03,1.03,1.03,1.03,100,0
SCNI.US,5,20251107,205500,1.03,1.03,1.03,1.03,100,0
SCNI.US,5,20251107,210500,1.04,1.04,1.04,1.04,100,0
SCNI.US,5,20251107,211500,1.04,1.04,1.04,1.04,600,0
SCNI.US,5,20251107,213000,1.04,1.0402,1.04,1.04,600,0
SCNI.US,5,20251107,213500,1.04,1.04,1.04,1.04,800,0
SCNI.US,5,20251107,214500,1.04,1.04,1.03,1.03,300,0
SCNI.US,5,20251107,215500,1.04,1.04,1.02,1.02,664,0
SCNI.US,5,20251110,153000,1.03,1.03,1.03,1.03,400,0
SCNI.US,5,20251110,154500,1.0498,1.08,1.0498,1.07,18658,0
SCNI.US,5,20251110,155500,1.09,1.09,1.09,1.09,100,0
SCNI.US,5,20251110,161000,1.09,1.09,1.09,1.09,480,0
SCNI.US,5,20251110,162000,1.0577,1.0577,1.0577,1.0577,1000,0
SCNI.US,5,20251110,164000,1.07,1.07,1.07,1.07,100,0
SCNI.US,5,20251110,170000,1.07,1.07,1.07,1.07,260,0
SCNI.US,5,20251110,171500,1.06,1.06,1.05,1.06,1200,0
SCNI.US,5,20251110,173500,1.054,1.054,1.054,1.054,100,0
SCNI.US,5,20251110,175500,1.05,1.05,1.05,1.05,100,0
SCNI.US,5,20251110,185500,1.0699,1.0699,1.06,1.0604,1200,0
SCNI.US,5,20251110,192500,1.05,1.06,1.05,1.06,400,0
SCNI.US,5,20251110,195500,1.05,1.05,1.05,1.05,100,0
SCNI.US,5,20251110,201500,1.0301,1.0301,1.0301,1.0301,2000,0
SCNI.US,5,20251110,202000,1.0699,1.0699,1.0699,1.0699,1000,0
SCNI.US,5,20251110,211500,1.05,1.05,1.05,1.05,4625,0
SCNI.US,5,20251110,213000,1.05,1.05,1.05,1.05,290,0
SCNI.US,5,20251110,215500,1.05,1.05,1.05,1.05,600,0
SCNI.US,5,20251111,153000,1.03,1.095,1.03,1.095,530,0
SCNI.US,5,20251111,154500,1.1,1.1,1.1,1.1,5100,0
SCNI.US,5,20251111,155500,1.1,1.1,1.1,1.1,2000,0
SCNI.US,5,20251111,160000,1.1,1.1,1.1,1.1,4774,0
SCNI.US,5,20251111,161000,1.1,1.11,1.08,1.08,900,0
SCNI.US,5,20251111,170000,1.08,1.08,1.08,1.08,700,0
SCNI.US,5,20251111,173000,1.082,1.095,1.082,1.09,1000,0
SCNI.US,5,20251111,191500,1.095,1.1099,1.095,1.1099,1000,0
SCNI.US,5,20251111,215500,1.1,1.1,1.1,1.1,1400,0
SCNI.US,5,20251112,153000,1.09,1.11,1.09,1.11,2551,0
SCNI.US,5,20251112,154000,1.1194,1.1194,1.11,1.11,8000,0
SCNI.US,5,20251112,154500,1.128,1.128,1.128,1.128,227,0
SCNI.US,5,20251112,170000,1.119,1.13,1.119,1.13,9959,0
SCNI.US,5,20251112,172000,1.11,1.11,1.11,1.11,100,0
SCNI.US,5,20251112,173500,1.12,1.12,1.12,1.12,2600,0
SCNI.US,5,20251112,174500,1.11,1.11,1.11,1.11,473,0
SCNI.US,5,20251112,175000,1.11,1.11,1.11,1.11,2260,0
SCNI.US,5,20251112,175500,1.1013,1.1013,1.1,1.1,5101,0
SCNI.US,5,20251112,183500,1.1,1.1,1.1,1.1,100,0
SCNI.US,5,20251112,194000,1.11,1.11,1.11,1.11,800,0
SCNI.US,5,20251112,194500,1.1,1.1,1.1,1.1,100,0
SCNI.US,5,20251112,201000,1.1,1.1,1.1,1.1,100,0
SCNI.US,5,20251112,203000,1.105,1.105,1.1,1.1,200,0
SCNI.US,5,20251112,210000,1.1,1.1,1.1,1.1,3725,0
SCNI.US,5,20251112,211000,1.1,1.1,1.1,1.1,668,0
SCNI.US,5,20251112,211500,1.09,1.09,1.09,1.09,100,0
SCNI.US,5,20251112,214500,1.0944,1.0944,1.0944,1.0944,366,0
SCNI.US,5,20251112,215000,1.09,1.09,1.09,1.09,500,0
SCNI.US,5,20251112,215500,1.095,1.095,1.095,1.095,100,0
SCNI.US,5,20251113,153000,1.085,1.09,1.08,1.09,1975,0
SCNI.US,5,20251113,154000,1.07,1.07,1.06,1.06,1400,0
SCNI.US,5,20251113,154500,1.07,1.09,1.07,1.09,1560,0
SCNI.US,5,20251113,160500,1.09,1.09,1.0401,1.0401,1465,0
SCNI.US,5,20251113,161000,1.08,1.08,1.08,1.08,400,0
SCNI.US,5,20251113,162000,1.08,1.08,1.08,1.08,100,0
SCNI.US,5,20251113,163000,1.08,1.08,1.08,1.08,543,0
SCNI.US,5,20251113,165000,1.05,1.05,1.01,1.03,7037,0
SCNI.US,5,20251113,165500,1.05,1.05,1.02,1.05,5000,0
SCNI.US,5,20251113,172000,1.022,1.03,1.02,1.03,1000,0
SCNI.US,5,20251113,172500,1.02,1.02,1.01,1.01,1732,0
SCNI.US,5,20251113,173000,1.0119,1.0119,1.01,1.01,342,0
SCNI.US,5,20251113,175500,1.01,1.01,1.01,1.01,100,0
SCNI.US,5,20251113,180000,1.0214,1.0214,1.0214,1.0214,800,0
SCNI.US,5,20251113,180500,1.01,1.01,1.01,1.01,200,0
SCNI.US,5,20251113,181000,1.0101,1.0101,1.01,1.01,300,0
SCNI.US,5,20251113,182000,1.0102,1.0102,1.0101,1.0101,1123,0
SCNI.US,5,20251113,182500,1.015,1.015,1.015,1.015,133,0
SCNI.US,5,20251113,183000,1.01,1.01,1.01,1.01,100,0
SCNI.US,5,20251113,183500,1.02,1.02,1.02,1.02,200,0
SCNI.US,5,20251113,184000,1.01,1.01,1.01,1.01,100,0
SCNI.US,5,20251113,185000,1.0155,1.0155,1.0155,1.0155,550,0
SCNI.US,5,20251113,191000,1.015,1.015,1.015,1.015,920,0
SCNI.US,5,20251113,192500,1.01,1.01,1.01,1.01,215,0
SCNI.US,5,20251113,195000,1,1,1,1,1056,0
SCNI.US,5,20251113,195500,0.988,0.988,0.9809,0.9816,600,0
SCNI.US,5,20251113,200500,0.9901,0.9901,0.9901,0.9901,145,0
SCNI.US,5,20251113,201000,0.9901,1,0.99,0.99,3694,0
SCNI.US,5,20251113,202000,0.9901,0.9901,0.9901,0.9901,1250,0
SCNI.US,5,20251113,205500,0.9909,0.9909,0.9909,0.9909,100,0
SCNI.US,5,20251113,212000,1,1.02,0.99,1.015,3200,0
SCNI.US,5,20251113,213000,1.005,1.005,1.005,1.005,100,0
SCNI.US,5,20251113,214000,1,1.0037,1,1.0037,200,0
SCNI.US,5,20251113,215000,0.9901,0.9912,0.99,0.9906,846,0
SCNI.US,5,20251113,215500,0.99,1,0.99,1,470,0
SCNI.US,5,20251114,153000,1.02,1.02,1,1,2922,0
SCNI.US,5,20251114,153500,1,1,1,1,786,0
SCNI.US,5,20251114,154000,0.9528,0.9606,0.89,0.89,8863,0
SCNI.US,5,20251114,154500,0.995,1,0.995,1,1000,0
SCNI.US,5,20251114,160000,0.96,0.985,0.96,0.985,224,0
SCNI.US,5,20251114,161500,0.99,0.99,0.99,0.99,1020,0
SCNI.US,5,20251114,163000,0.99,0.99,0.99,0.99,100,0
SCNI.US,5,20251114,164000,1.0004,1.0004,1.0004,1.0004,500,0
SCNI.US,5,20251114,170500,1.01,1.01,1.01,1.01,700,0
SCNI.US,5,20251114,171000,1.015,1.015,1.015,1.015,100,0
SCNI.US,5,20251114,173000,1.01,1.01,1.01,1.01,185,0
SCNI.US,5,20251114,181500,1.01,1.01,1.01,1.01,400,0
SCNI.US,5,20251114,184500,1.015,1.015,1.01,1.01,300,0
SCNI.US,5,20251114,185000,1.01,1.0101,1.01,1.0101,300,0
SCNI.US,5,20251114,185500,1.0103,1.0103,1.0102,1.0102,300,0
SCNI.US,5,20251114,190000,1.0155,1.0155,1.0155,1.0155,100,0
SCNI.US,5,20251114,192000,1.01,1.01,1.01,1.01,500,0
SCNI.US,5,20251114,193500,1.012,1.0151,1.0101,1.0151,349,0
SCNI.US,5,20251114,201000,1.01,1.01,1.01,1.01,200,0
SCNI.US,5,20251114,201500,1.0162,1.0162,1.0162,1.0162,100,0
SCNI.US,5,20251114,210500,1.0155,1.02,0.991,0.991,2528,0
SCNI.US,5,20251114,212500,1.015,1.03,0.96,0.965,8382,0
SCNI.US,5,20251117,153000,1,1.07,0.9,0.9401,8856,0
SCNI.US,5,20251117,153500,0.96,0.98,0.96,0.98,2972,0
SCNI.US,5,20251117,154500,0.9521,0.9521,0.9521,0.9521,2000,0
SCNI.US,5,20251117,155000,0.9835,0.9835,0.9835,0.9835,100,0
SCNI.US,5,20251117,160500,1.0052,1.0052,1.0052,1.0052,1000,0
SCNI.US,5,20251117,162000,0.99,0.99,0.95,0.95,4510,0
SCNI.US,5,20251117,170000,0.96,0.9669,0.96,0.9669,1700,0
SCNI.US,5,20251117,170500,0.98,0.99,0.98,0.99,567,0
SCNI.US,5,20251117,174000,0.99,0.99,0.99,0.99,1508,0
SCNI.US,5,20251117,174500,0.97,1.03,0.97,1.03,1200,0
SCNI.US,5,20251117,175000,1.03,1.03,0.95,0.95,600,0
SCNI.US,5,20251117,180500,0.9503,0.9503,0.9502,0.9502,808,0
SCNI.US,5,20251117,181000,0.962,0.962,0.962,0.962,2000,0
SCNI.US,5,20251118,153000,0.97,0.97,0.9499,0.95,3467,0
SCNI.US,5,20251118,153500,0.95,0.95,0.95,0.95,1500,0
SCNI.US,5,20251118,154000,0.928,0.95,0.928,0.9499,1500,0
SCNI.US,5,20251118,155500,0.9455,0.9455,0.9455,0.9455,160,0
SCNI.US,5,20251118,161500,0.93,0.94,0.93,0.93,1500,0
SCNI.US,5,20251118,162000,0.9352,0.9352,0.9352,0.9352,500,0
SCNI.US,5,20251118,162500,0.94,0.94,0.93101,0.93101,1400,0
SCNI.US,5,20251118,163500,0.95,0.9694,0.9474,0.9694,3136,0
SCNI.US,5,20251118,164000,0.975,0.98,0.975,0.98,2088,0
SCNI.US,5,20251118,164500,0.9809,0.9809,0.9766,0.9766,9000,0
SCNI.US,5,20251118,171500,0.9701,0.9714,0.9314,0.9314,22518,0
SCNI.US,5,20251118,173000,0.9526,0.9526,0.9526,0.9526,1000,0
SCNI.US,5,20251118,174500,0.9526,0.9526,0.9526,0.9526,137,0
SCNI.US,5,20251118,180500,0.9512,0.9512,0.9512,0.9512,100,0
SCNI.US,5,20251118,183500,0.951,0.951,0.951,0.951,100,0
SCNI.US,5,20251118,190500,0.9725,0.9725,0.9725,0.9725,100,0
SCNI.US,5,20251118,191500,0.978,0.978,0.978,0.978,750,0
SCNI.US,5,20251118,192500,0.9725,0.9725,0.9725,0.9725,100,0
SCNI.US,5,20251118,194000,0.9725,0.9725,0.9725,0.9725,877,0
SCNI.US,5,20251118,194500,0.9725,0.9725,0.9725,0.9725,100,0
SCNI.US,5,20251118,203000,0.9725,0.9725,0.9725,0.9725,100,0
SCNI.US,5,20251118,203500,0.9726,0.9726,0.9726,0.9726,150,0
SCNI.US,5,20251118,211500,0.9725,0.9725,0.9725,0.9725,100,0
SCNI.US,5,20251118,213000,0.9726,0.9726,0.9726,0.9726,100,0
SCNI.US,5,20251118,214000,0.9726,0.9726,0.9726,0.9726,100,0
SCNI.US,5,20251119,153000,0.9725,1.0356,0.97,0.9703,6226,0
SCNI.US,5,20251119,153500,0.96045,0.97,0.96045,0.97,879,0
SCNI.US,5,20251119,160000,0.9532,0.9532,0.9532,0.9532,100,0
SCNI.US,5,20251119,160500,0.9698,0.97,0.9698,0.97,572,0
SCNI.US,5,20251119,161500,1.0171,1.0171,1.0171,1.0171,255,0
SCNI.US,5,20251119,162000,0.9744,0.9744,0.9744,0.9744,100,0
SCNI.US,5,20251119,175500,0.973,0.973,0.973,0.973,200,0
SCNI.US,5,20251119,185500,0.9731,0.9731,0.9731,0.9731,100,0
SCNI.US,5,20251119,195000,0.973,0.9788,0.97,0.97,2483,0
SCNI.US,5,20251119,195500,0.97,0.97,0.97,0.97,1947,0
SCNI.US,5,20251119,200000,0.9562,0.9562,0.9562,0.9562,100,0
SCNI.US,5,20251119,201500,0.9567,0.9567,0.9567,0.9567,100,0
SCNI.US,5,20251119,204000,0.953,0.953,0.953,0.953,100,0
SCNI.US,5,20251119,205000,0.953,0.953,0.953,0.953,156,0
SCNI.US,5,20251119,210500,0.9578,0.9578,0.9578,0.9578,301,0
SCNI.US,5,20251119,211000,0.9541,0.9541,0.9541,0.9541,100,0
SCNI.US,5,20251119,212500,0.9541,0.9541,0.9541,0.9541,100,0
SCNI.US,5,20251119,213500,0.972001,0.972001,0.972001,0.972001,200,0
SCNI.US,5,20251119,215500,0.9869,0.9893,0.9869,0.9893,200,0
SCNI.US,5,20251120,153000,0.98,0.98,0.98,0.98,400,0
SCNI.US,5,20251120,161500,0.99,0.99,0.97,0.97,200,0
SCNI.US,5,20251120,163500,0.95,0.95,0.95,0.95,110,0
SCNI.US,5,20251120,164000,0.971,0.971,0.971,0.971,100,0
SCNI.US,5,20251120,165000,0.97,0.97,0.97,0.97,300,0
SCNI.US,5,20251120,170500,0.9899,0.9899,0.952,0.952,200,0
SCNI.US,5,20251120,175000,0.963,0.963,0.963,0.963,1200,0
SCNI.US,5,20251120,175500,0.9618,0.9618,0.9618,0.9618,1150,0
SCNI.US,5,20251120,180000,0.9626,0.9626,0.9537,0.9537,1075,0
SCNI.US,5,20251120,180500,0.9535,0.9564,0.9201,0.94965,1939,0
SCNI.US,5,20251120,181500,0.948,0.948,0.948,0.948,100,0
SCNI.US,5,20251120,183500,0.93,0.93,0.93,0.93,100,0
SCNI.US,5,20251120,192000,0.9306,0.9306,0.9306,0.9306,100,0
SCNI.US,5,20251120,200000,0.9201,0.9201,0.9201,0.9201,100,0
SCNI.US,5,20251120,204500,0.97,0.97,0.97,0.97,1000,0
SCNI.US,5,20251120,205500,0.9323,0.9323,0.932,0.932,1557,0
SCNI.US,5,20251120,211000,0.932,0.932,0.932,0.932,200,0
SCNI.US,5,20251120,211500,0.93,0.93,0.911,0.911,1118,0
SCNI.US,5,20251120,213000,0.9138,0.9138,0.9138,0.9138,100,0
SCNI.US,5,20251120,214500,0.9141,0.9141,0.9141,0.9141,200,0
SCNI.US,5,20251120,215000,0.92905,0.9347,0.92905,0.9347,850,0
SCNI.US,5,20251120,215500,0.9111,0.9111,0.911,0.911,200,0
SCNI.US,5,20251121,153000,0.91,0.91,0.888,0.8995,3438,0
SCNI.US,5,20251121,155500,0.89,0.9,0.89,0.9,300,0
SCNI.US,5,20251121,160000,0.89,0.89,0.89,0.89,100,0
SCNI.US,5,20251121,163500,0.89,0.89,0.89,0.89,460,0
SCNI.US,5,20251121,164500,0.895,0.9039,0.895,0.9,2000,0
SCNI.US,5,20251121,165000,0.9,0.9,0.9,0.9,500,0
SCNI.US,5,20251121,165500,0.9,0.9,0.9,0.9,1957,0
SCNI.US,5,20251121,171500,0.88,0.895,0.88,0.895,2100,0
SCNI.US,5,20251121,172000,0.89,0.89,0.8878,0.8878,350,0
SCNI.US,5,20251121,173000,0.88,0.8801,0.88,0.88,1978,0
SCNI.US,5,20251121,174500,0.87,0.8701,0.86,0.86,2650,0
SCNI.US,5,20251121,175500,0.88,0.88,0.88,0.88,170,0
SCNI.US,5,20251121,181000,0.889999,0.894246,0.889999,0.894246,200,0
SCNI.US,5,20251121,181500,0.89,0.89,0.89,0.89,1000,0
SCNI.US,5,20251121,183000,0.88,0.88,0.88,0.88,100,0
SCNI.US,5,20251121,185000,0.8901,0.893467,0.8601,0.889,6897,0
SCNI.US,5,20251121,193000,0.88,0.88,0.88,0.88,100,0
SCNI.US,5,20251121,194500,0.880001,0.880001,0.88,0.88,510,0
SCNI.US,5,20251121,201500,0.87,0.87,0.87,0.87,100,0
SCNI.US,5,20251121,202500,0.87,0.87,0.87,0.87,200,0
SCNI.US,5,20251121,211000,0.862,0.862,0.862,0.862,100,0
SCNI.US,5,20251121,215500,0.8621,0.8621,0.8621,0.8621,100,0
SCNI.US,5,20251124,153000,0.89,0.9299,0.89,0.9299,1100,0
SCNI.US,5,20251124,154000,0.9077,0.9077,0.9077,0.9077,322,0
SCNI.US,5,20251124,155500,0.8885,0.8977,0.8885,0.8977,200,0
SCNI.US,5,20251124,161500,0.9057,0.9057,0.9057,0.9057,322,0
SCNI.US,5,20251124,162000,0.8875,0.8875,0.8875,0.8875,100,0
SCNI.US,5,20251124,164500,0.8875,0.8875,0.8875,0.8875,100,0
SCNI.US,5,20251124,172000,0.8874,0.8874,0.8874,0.8874,2588,0
SCNI.US,5,20251124,173000,0.8977,0.8977,0.8977,0.8977,300,0
SCNI.US,5,20251124,173500,0.907,0.908,0.9065,0.9065,809,0
SCNI.US,5,20251124,174500,0.914,0.914,0.914,0.914,100,0
SCNI.US,5,20251124,175000,0.91485,0.93,0.91485,0.9224,1936,0
SCNI.US,5,20251124,175500,0.9299,0.9481,0.9299,0.9462,4701,0
SCNI.US,5,20251124,183500,0.892,0.9195,0.892,0.9195,300,0
SCNI.US,5,20251124,184000,0.932858,0.932858,0.932858,0.932858,400,0
SCNI.US,5,20251124,184500,0.892,0.892,0.892,0.892,100,0
SCNI.US,5,20251124,185500,0.9139,0.9139,0.9139,0.9139,128,0
SCNI.US,5,20251124,190000,0.8891,0.8891,0.8891,0.8891,100,0
SCNI.US,5,20251124,200500,0.8891,0.8891,0.8891,0.8891,100,0
SCNI.US,5,20251124,211500,0.9498,0.9498,0.9498,0.9498,1000,0
SCNI.US,5,20251124,214000,0.892,0.892,0.892,0.892,100,0
SCNI.US,5,20251124,215000,0.8949,0.8949,0.8949,0.8949,100,0
SCNI.US,5,20251124,215500,0.8973,0.8973,0.892,0.8946,956,0
SCNI.US,5,20251125,153000,0.89,0.89,0.89,0.89,526,0
SCNI.US,5,20251125,153500,0.8899,0.89,0.8899,0.89,2000,0
SCNI.US,5,20251125,154000,0.882879,0.882879,0.882879,0.882879,100,0
SCNI.US,5,20251125,154500,0.89,0.89,0.89,0.89,2144,0
SCNI.US,5,20251125,155000,0.915,0.915,0.915,0.915,200,0
SCNI.US,5,20251125,162500,0.881,0.8966,0.881,0.8966,2100,0
SCNI.US,5,20251125,172000,0.8967,0.8967,0.8967,0.8967,100,0
SCNI.US,5,20251125,173000,0.8968,0.8968,0.8968,0.8968,100,0
SCNI.US,5,20251125,184000,0.8967,0.8967,0.8967,0.8967,100,0
SCNI.US,5,20251125,192500,0.92335,0.92335,0.92335,0.92335,169,0
SCNI.US,5,20251125,195000,0.8968,0.8968,0.8968,0.8968,100,0
SCNI.US,5,20251125,205000,0.9235,0.9235,0.9235,0.9235,100,0
SCNI.US,5,20251125,205500,0.9235,0.9235,0.9235,0.9235,100,0
SCNI.US,5,20251126,153000,0.93,0.9301,0.93,0.9301,670,0
SCNI.US,5,20251126,154500,0.93,0.93,0.93,0.93,794,0
SCNI.US,5,20251126,160500,0.97,0.97,0.93,0.93,10106,0
SCNI.US,5,20251126,161500,0.9301,0.9301,0.9301,0.9301,100,0
SCNI.US,5,20251126,171000,0.9301,0.9301,0.9301,0.9301,100,0
SCNI.US,5,20251126,175000,0.95005,0.95005,0.95005,0.95005,3000,0
SCNI.US,5,20251126,175500,0.95005,0.95005,0.95005,0.95005,3000,0
SCNI.US,5,20251126,180000,0.9501,0.9501,0.9501,0.9501,2000,0
SCNI.US,5,20251126,181500,0.964,0.964,0.964,0.964,999,0
SCNI.US,5,20251126,183500,0.9586,0.9586,0.9586,0.9586,100,0
SCNI.US,5,20251126,191000,0.951,0.9606,0.951,0.9606,6510,0
SCNI.US,5,20251126,191500,0.97,0.98,0.97,0.98,600,0
SCNI.US,5,20251126,192000,0.9799,0.98,0.9799,0.98,587,0
SCNI.US,5,20251126,193000,0.99,1.0025,0.99,1.0025,570,0
SCNI.US,5,20251126,193500,0.9951,0.9989,0.9951,0.9989,1129,0
SCNI.US,5,20251126,194500,1.0099,1.0099,1.0099,1.0099,100,0
SCNI.US,5,20251126,195500,1.01,1.01,1.01,1.01,1327,0
SCNI.US,5,20251126,200000,1.01,1.02,1.01,1.02,2897,0
SCNI.US,5,20251126,201500,1.02,1.02,1.02,1.02,100,0
SCNI.US,5,20251126,202000,1.02,1.02,1.02,1.02,100,0
SCNI.US,5,20251126,203000,1.02,1.02,1.02,1.02,1299,0
SCNI.US,5,20251126,204000,1.015,1.03,1.015,1.03,2207,0
SCNI.US,5,20251126,204500,1.0316,1.0316,1.0316,1.0316,100,0
SCNI.US,5,20251126,205000,1.025,1.025,1.025,1.025,100,0
SCNI.US,5,20251126,210000,1.03,1.03,1.03,1.03,100,0
SCNI.US,5,20251126,210500,1.04,1.04,1.04,1.04,477,0
SCNI.US,5,20251126,212000,1.04,1.04,1.04,1.04,100,0
SCNI.US,5,20251126,212500,1.02,1.02,1.02,1.02,500,0
SCNI.US,5,20251126,213500,1.04,1.04,1.04,1.04,100,0
SCNI.US,5,20251126,214500,1.03,1.03,1.02,1.02,500,0
SCNI.US,5,20251126,215000,1.04,1.04,1.0203,1.0203,458,0
SCNI.US,5,20251126,215500,1.02,1.02,0.9958,0.9958,1381,0
SCNI.US,5,20251128,161500,0.97,0.97,0.9369,0.9369,4782,0
SCNI.US,5,20251128,162500,0.96,0.97,0.959801,0.97,9698,0
SCNI.US,5,20251128,165000,0.97,0.97,0.97,0.97,100,0
SCNI.US,5,20251128,165500,0.9689,0.9689,0.9689,0.9689,400,0
SCNI.US,5,20251128,170000,0.9401,0.943,0.9401,0.9401,400,0
SCNI.US,5,20251128,170500,0.9427,0.943,0.9424,0.9424,400,0
SCNI.US,5,20251128,171000,0.95,0.95,0.9411,0.9411,400,0
SCNI.US,5,20251128,171500,0.9411,0.9411,0.9401,0.9401,400,0
SCNI.US,5,20251128,172000,0.9401,0.9401,0.9401,0.9401,400,0
SCNI.US,5,20251128,172500,0.9401,0.9551,0.9401,0.9551,1132,0
SCNI.US,5,20251128,173000,0.97,0.97,0.9551,0.9551,1341,0
SCNI.US,5,20251128,173500,0.9551,0.9551,0.9551,0.9551,400,0
SCNI.US,5,20251128,174000,0.9551,0.9551,0.94,0.94,5867,0
SCNI.US,5,20251128,174500,0.94,0.94,0.9359,0.9359,435,0
SCNI.US,5,20251128,175000,0.9305,0.9306,0.9305,0.9306,1100,0
SCNI.US,5,20251128,175500,0.9305,0.9453,0.9218,0.9218,616,0
SCNI.US,5,20251128,180000,0.93,0.969899,0.9225,0.9468,3460,0
SCNI.US,5,20251128,180500,0.9209,0.93,0.9206,0.93,500,0
SCNI.US,5,20251128,181000,0.93,0.9325,0.93,0.9325,314,0
SCNI.US,5,20251128,181500,0.9325,0.985,0.9325,0.975,8000,0
SCNI.US,5,20251128,182500,0.9875,0.9875,0.975,0.98,2000,0
SCNI.US,5,20251128,183000,0.99,1,0.9884,1,1950,0
SCNI.US,5,20251128,183500,1.0094,1.0115,1.0094,1.0115,5100,0
SCNI.US,5,20251128,184000,0.9889,0.9889,0.9889,0.9889,1000,0
SCNI.US,5,20251128,185500,1.02,1.03,1.02,1.03,200,0
SCNI.US,5,20251201,153000,0.9888,1.04,0.9888,1.04,12370,0
SCNI.US,5,20251201,153500,1.03,1.03,1.03,1.03,226,0
SCNI.US,5,20251201,154000,1.04,1.04,1.04,1.04,139,0
SCNI.US,5,20251201,154500,1.06,1.06,1.058,1.06,1127,0
SCNI.US,5,20251201,155500,1.09,1.09,1.08,1.089,2920,0
SCNI.US,5,20251201,160000,1.09,1.09,1.0802,1.09,3771,0
SCNI.US,5,20251201,160500,1.08,1.08,1.08,1.08,600,0
SCNI.US,5,20251201,161500,1.08,1.08,1.0712,1.0712,3456,0
SCNI.US,5,20251201,162500,1.0504,1.0504,1.0504,1.0504,794,0
SCNI.US,5,20251201,163000,1.0501,1.08,1.0501,1.08,3885,0
SCNI.US,5,20251201,171500,1.0515,1.0515,1,1,13359,0
SCNI.US,5,20251201,172000,1.0101,1.0101,1,1,3587,0
SCNI.US,5,20251201,172500,1,1,1,1,210,0
SCNI.US,5,20251201,174500,1.02,1.02,1.02,1.02,2000,0
SCNI.US,5,20251201,181500,1,1,1,1,100,0
SCNI.US,5,20251201,190000,1,1,1,1,100,0
SCNI.US,5,20251201,191500,1,1,1,1,910,0
SCNI.US,5,20251201,193500,1.0178,1.0178,1.0178,1.0178,934,0
SCNI.US,5,20251201,194000,1.02,1.02,1.02,1.02,100,0
SCNI.US,5,20251201,200000,1,1,1,1,100,0
SCNI.US,5,20251201,201000,1.0191,1.0191,1.0191,1.0191,750,0
SCNI.US,5,20251201,203000,1.01,1.0199,1.01,1.0199,850,0
SCNI.US,5,20251201,204500,1.0198,1.02,1.0166,1.02,1900,0
SCNI.US,5,20251201,205500,1.015,1.015,1.015,1.015,672,0
SCNI.US,5,20251201,215500,1,1,1,1,553,0
SCNI.US,5,20251202,153000,1.01,1.0228,1.01,1.0228,694,0
SCNI.US,5,20251202,161000,1.049,1.0499,1.049,1.0499,1500,0
SCNI.US,5,20251202,162000,1.02,1.02,1.02,1.02,1826,0
SCNI.US,5,20251202,164500,1.0051,1.01,0.9995,1.01,6400,0
SCNI.US,5,20251202,165500,1.01,1.01,1.01,1.01,100,0
SCNI.US,5,20251202,170500,1.0178,1.02,1,1,2000,0
SCNI.US,5,20251202,171000,1,1.005,0.99,1.005,1300,0
SCNI.US,5,20251202,172000,1.0176,1.0197,1.0176,1.0197,1000,0
SCNI.US,5,20251202,172500,0.9901,0.9901,0.9901,0.9901,242,0
SCNI.US,5,20251202,174000,0.9901,0.998,0.9885,0.9885,3057,0
SCNI.US,5,20251202,183500,1.0011,1.0011,1.0011,1.0011,100,0
SCNI.US,5,20251202,190500,1.02,1.0479,1.0198,1.0479,998,0
SCNI.US,5,20251202,192500,1.0094,1.0094,1.0094,1.0094,500,0
SCNI.US,5,20251202,194000,1.04,1.04,1,1.015,8678,0
SCNI.US,5,20251202,194500,1,1,1,1,101,0
SCNI.US,5,20251202,195000,1.02,1.02,1.02,1.02,250,0
SCNI.US,5,20251202,201500,1.0264,1.03,1.015,1.03,1963,0
SCNI.US,5,20251202,205000,1.0129,1.0129,1.0129,1.0129,1000,0
SCNI.US,5,20251202,205500,1.03,1.03,1.03,1.03,400,0
SCNI.US,5,20251202,212500,1.0407,1.0407,1.0407,1.0407,189,0
SCNI.US,5,20251202,215500,1.03,1.03,1.03,1.03,763,0
SCNI.US,5,20251203,153000,1.01,1.0513,1.01,1.0513,2364,0
SCNI.US,5,20251203,153500,1.06,1.06,1.05,1.05,400,0
SCNI.US,5,20251203,154000,1.0732,1.0732,1.066,1.066,2169,0
SCNI.US,5,20251203,160000,1.05,1.06,1.05,1.06,698,0
SCNI.US,5,20251203,160500,1.07,1.07,1.07,1.07,1246,0
SCNI.US,5,20251203,161000,1.07,1.07,1.07,1.07,100,0
SCNI.US,5,20251203,163500,1.07,1.07,1.06,1.07,6450,0
SCNI.US,5,20251203,164500,1.0755,1.0999,1.075,1.0999,15300,0
SCNI.US,5,20251203,165500,1.087,1.0946,1.087,1.0946,267,0
SCNI.US,5,20251203,172500,1.09,1.09,1.09,1.09,100,0
SCNI.US,5,20251203,174000,1.08,1.08,1.08,1.08,153,0
SCNI.US,5,20251203,180000,1.09,1.09,1.085,1.09,500,0
SCNI.US,5,20251203,190500,1.0895,1.0895,1.0895,1.0895,100,0
SCNI.US,5,20251203,192500,1.1,1.1,1.1,1.1,1621,0
SCNI.US,5,20251203,193000,1.1001,1.1001,1.1001,1.1001,2000,0
SCNI.US,5,20251203,193500,1.12,1.13,1.11,1.11,3849,0
SCNI.US,5,20251203,194000,1.11,1.12,1.11,1.12,700,0
SCNI.US,5,20251203,194500,1.13,1.14,1.13,1.14,500,0
SCNI.US,5,20251203,195000,1.135,1.14,1.12,1.14,2242,0
SCNI.US,5,20251203,195500,1.1365,1.1365,1.13,1.13,782,0
SCNI.US,5,20251203,200500,1.0906,1.0906,1.0906,1.0906,100,0
SCNI.US,5,20251203,202500,1.12,1.12,1.12,1.12,100,0
SCNI.US,5,20251203,211500,1.12,1.14,1.11,1.12,1690,0
SCNI.US,5,20251203,214500,1.12,1.12,1.12,1.12,360,0
SCNI.US,5,20251203,215000,1.14,1.14,1.14,1.14,200,0
SCNI.US,5,20251203,215500,1.1358,1.15,1.1358,1.1499,5840,0
SCNI.US,5,20251204,153000,1.1,1.1,1.0941,1.0941,434,0
SCNI.US,5,20251204,153500,1.0939,1.0939,1.0939,1.0939,200,0
SCNI.US,5,20251204,154500,1.09,1.1,1.09,1.1,436,0
SCNI.US,5,20251204,155000,1.08,1.09,1.08,1.09,10300,0
SCNI.US,5,20251204,160500,1.0918,1.0918,1.0918,1.0918,120,0
SCNI.US,5,20251204,161000,1.0999,1.0999,1.0999,1.0999,150,0
SCNI.US,5,20251204,162000,1.1,1.1,1.0999,1.1,1997,0
SCNI.US,5,20251204,165000,1.1099,1.1099,1.105,1.105,2100,0
SCNI.US,5,20251204,165500,1.11,1.11,1.11,1.11,1576,0
SCNI.US,5,20251204,171500,1.11,1.11,1.1,1.1,2050,0
SCNI.US,5,20251204,173500,1.12,1.12,1.12,1.12,107,0
SCNI.US,5,20251204,175500,1.1168,1.1168,1.1101,1.1101,6150,0
SCNI.US,5,20251204,180500,1.11,1.12,1.11,1.12,4606,0
SCNI.US,5,20251204,182000,1.11,1.11,1.11,1.11,100,0
SCNI.US,5,20251204,182500,1.1101,1.1101,1.1101,1.1101,200,0
SCNI.US,5,20251204,194000,1.11,1.11,1.1001,1.1001,5226,0
SCNI.US,5,20251204,200000,1.1,1.1,1.085,1.085,400,0
SCNI.US,5,20251204,201000,1.0986,1.0986,1.07,1.07,400,0
SCNI.US,5,20251204,202000,1.07,1.07,1.07,1.07,2676,0
SCNI.US,5,20251204,203000,1.06,1.06,1.06,1.06,100,0
SCNI.US,5,20251204,204000,1.0622,1.0622,1.0622,1.0622,275,0
SCNI.US,5,20251204,204500,1.07,1.07,1.07,1.07,100,0
SCNI.US,5,20251204,205000,1.075,1.0798,1.075,1.075,1000,0
SCNI.US,5,20251204,211000,1.065,1.065,1.065,1.065,2500,0
SCNI.US,5,20251204,213500,1.08,1.08,1.08,1.08,100,0
SCNI.US,5,20251204,215500,1.07,1.07,1.07,1.07,200,0
SCNI.US,5,20251205,153000,1.13,1.13,1.0883,1.12,824,0
SCNI.US,5,20251205,153500,1.12,1.12,1.12,1.12,400,0
SCNI.US,5,20251205,154000,1.0812,1.0812,1.0779,1.0779,528,0
SCNI.US,5,20251205,160000,1.0701,1.0701,1.0701,1.0701,154,0
SCNI.US,5,20251205,164000,1.08,1.08,1.07,1.07,1098,0
SCNI.US,5,20251205,165500,1.075,1.0756,1.075,1.0756,637,0
SCNI.US,5,20251205,172000,1.08,1.1325,1.075,1.1325,2044,0
SCNI.US,5,20251205,175500,1.098,1.111,1.098,1.111,988,0
SCNI.US,5,20251205,180500,1.09,1.09,1.09,1.09,114,0
SCNI.US,5,20251205,190000,1.1199,1.18,1.1083,1.16,39677,0
SCNI.US,5,20251205,190500,1.16,1.18,1.155,1.18,7095,0
SCNI.US,5,20251205,191000,1.15,1.16,1.15,1.15,5000,0
SCNI.US,5,20251205,191500,1.1588,1.1588,1.1588,1.1588,500,0
SCNI.US,5,20251205,192000,1.15,1.152,1.142,1.152,2140,0
SCNI.US,5,20251205,193000,1.1699,1.1699,1.1699,1.1699,2500,0
SCNI.US,5,20251205,194000,1.1636,1.1636,1.1636,1.1636,500,0
SCNI.US,5,20251205,195500,1.1406,1.1406,1.1406,1.1406,500,0
SCNI.US,5,20251205,200000,1.155,1.155,1.155,1.155,1000,0
SCNI.US,5,20251205,201000,1.15,1.15,1.15,1.15,233,0
SCNI.US,5,20251205,201500,1.1401,1.1445,1.1401,1.1445,1800,0
SCNI.US,5,20251205,202000,1.14,1.15,1.1301,1.14,3300,0
SCNI.US,5,20251205,202500,1.145,1.145,1.14,1.14,739,0
SCNI.US,5,20251205,203500,1.1332,1.14,1.1332,1.14,1208,0
SCNI.US,5,20251205,205000,1.15,1.15,1.15,1.15,100,0
SCNI.US,5,20251205,205500,1.13,1.13,1.13,1.13,100,0
SCNI.US,5,20251205,210500,1.14,1.15,1.13,1.15,1900,0
SCNI.US,5,20251205,211500,1.1692,1.1692,1.15,1.1692,1592,0
SCNI.US,5,20251205,212500,1.16,1.16,1.15,1.15,808,0
SCNI.US,5,20251205,213500,1.1699,1.1799,1.15,1.1799,20900,0
SCNI.US,5,20251205,214000,1.155,1.1798,1.155,1.1798,356,0
SCNI.US,5,20251205,215000,1.17,1.1836,1.169,1.1836,11770,0
SCNI.US,5,20251205,215500,1.19,1.2,1.19,1.2,649,0
SCNI.US,5,20251208,153000,1.22,1.225,1.18,1.2,6481,0
SCNI.US,5,20251208,154000,1.185,1.185,1.18,1.18,600,0
SCNI.US,5,20251208,163000,1.18,1.18,1.18,1.18,200,0
SCNI.US,5,20251208,170000,1.1933,1.1933,1.1933,1.1933,1090,0
SCNI.US,5,20251208,175000,1.19,1.19,1.19,1.19,100,0
SCNI.US,5,20251208,175500,1.17,1.18,1.17,1.18,3141,0
SCNI.US,5,20251208,182000,1.18,1.18,1.18,1.18,200,0
SCNI.US,5,20251208,183000,1.17,1.17,1.17,1.17,100,0
SCNI.US,5,20251208,184500,1.18,1.18,1.17,1.17,324,0
SCNI.US,5,20251208,185500,1.17,1.17,1.17,1.17,200,0
SCNI.US,5,20251208,191000,1.1601,1.18,1.1601,1.18,2123,0
SCNI.US,5,20251208,192500,1.1899,1.1899,1.1899,1.1899,200,0
SCNI.US,5,20251208,195500,1.19,1.19,1.19,1.19,200,0
SCNI.US,5,20251208,201000,1.19,1.21,1.19,1.21,1720,0
SCNI.US,5,20251208,201500,1.22,1.22,1.21,1.215,1280,0
SCNI.US,5,20251208,205000,1.21,1.2199,1.21,1.2199,596,0
SCNI.US,5,20251208,212000,1.21,1.21,1.21,1.21,200,0
SCNI.US,5,20251208,213000,1.2131,1.2131,1.2131,1.2131,287,0
SCNI.US,5,20251208,214000,1.1942,1.21,1.1942,1.21,750,0
SCNI.US,5,20251208,215500,1.2,1.2,1.18,1.19,629,0
SCNI.US,5,20251209,153000,1.21,1.21,1.14,1.14,1751,0
SCNI.US,5,20251209,154500,1.19,1.19,1.19,1.19,250,0
SCNI.US,5,20251209,162500,1.174,1.174,1.174,1.174,100,0
SCNI.US,5,20251209,163000,1.1822,1.25,1.1822,1.2483,42117,0
SCNI.US,5,20251209,163500,1.25,1.27,1.245,1.2644,9379,0
SCNI.US,5,20251209,164000,1.27,1.3,1.255,1.255,5230,0
SCNI.US,5,20251209,164500,1.2352,1.2352,1.2352,1.2352,1307,0
SCNI.US,5,20251209,165500,1.25,1.2508,1.24,1.25,3950,0
SCNI.US,5,20251209,170000,1.25,1.2604,1.25,1.25,10000,0
SCNI.US,5,20251209,170500,1.2232,1.27,1.2148,1.2193,6972,0
SCNI.US,5,20251209,172000,1.24,1.24,1.24,1.24,120,0
SCNI.US,5,20251209,173000,1.25,1.25,1.25,1.25,1000,0
SCNI.US,5,20251209,181500,1.2213,1.2213,1.2213,1.2213,100,0
SCNI.US,5,20251209,182500,1.25,1.25,1.25,1.25,100,0
SCNI.US,5,20251209,191500,1.2384,1.25,1.23,1.23,1520,0
SCNI.US,5,20251209,192000,1.23,1.2306,1.23,1.2306,1090,0
SCNI.US,5,20251209,200000,1.22,1.23,1.22,1.23,2800,0
SCNI.US,5,20251209,204000,1.245,1.245,1.245,1.245,100,0
SCNI.US,5,20251209,211500,1.25,1.25,1.25,1.25,100,0
SCNI.US,5,20251209,215000,1.25,1.25,1.25,1.25,100,0
SCNI.US,5,20251209,215500,1.2403,1.245,1.24,1.24,1831,0
SCNI.US,5,20251210,153500,1.2663,1.2663,1.2663,1.2663,1100,0
SCNI.US,5,20251210,154500,1.2401,1.2401,1.2199,1.2375,7111,0
SCNI.US,5,20251210,155000,1.21,1.21,1.21,1.21,348,0
SCNI.US,5,20251210,160500,1.23,1.23,1.2153,1.2153,1600,0
SCNI.US,5,20251210,162500,1.21,1.21,1.21,1.21,306,0
SCNI.US,5,20251210,163500,1.24,1.24,1.24,1.24,100,0
SCNI.US,5,20251210,172500,1.25,1.25,1.25,1.25,850,0
SCNI.US,5,20251210,173000,1.2205,1.2205,1.2205,1.2205,100,0
SCNI.US,5,20251210,182000,1.2425,1.2425,1.2425,1.2425,300,0
SCNI.US,5,20251210,183000,1.2201,1.2201,1.2201,1.2201,200,0
SCNI.US,5,20251210,185500,1.23,1.23,1.23,1.23,1500,0
SCNI.US,5,20251210,191000,1.23,1.23,1.23,1.23,100,0
SCNI.US,5,20251210,194500,1.2278,1.23,1.2278,1.23,982,0
SCNI.US,5,20251210,195000,1.23,1.23,1.23,1.23,100,0
SCNI.US,5,20251210,202000,1.245,1.245,1.245,1.245,100,0
SCNI.US,5,20251210,204000,1.23,1.23,1.23,1.23,181,0
SCNI.US,5,20251210,210500,1.25,1.25,1.25,1.25,100,0
SCNI.US,5,20251210,212000,1.2271,1.24,1.2271,1.24,2600,0
SCNI.US,5,20251210,212500,1.22,1.22,1.22,1.22,1151,0
SCNI.US,5,20251210,213500,1.23,1.23,1.23,1.23,300,0
SCNI.US,5,20251210,214000,1.21,1.23,1.21,1.225,1037,0
SCNI.US,5,20251210,215000,1.2275,1.2275,1.225,1.225,1039,0
SCNI.US,5,20251210,215500,1.21,1.24,1.21,1.23,1111,0
SCNI.US,5,20251211,153000,1.22,1.23,1.22,1.23,2097,0
SCNI.US,5,20251211,154000,1.2325,1.2325,1.2325,1.2325,118,0
SCNI.US,5,20251211,155000,1.235,1.235,1.235,1.235,100,0
SCNI.US,5,20251211,155500,1.235,1.235,1.21,1.21,2546,0
SCNI.US,5,20251211,205000,1.23,1.23,1.23,1.23,100,0
SCNI.US,5,20251212,153000,1.23,1.2563,1.23,1.2563,2488,0
SCNI.US,5,20251212,153500,1.2309,1.2309,1.2309,1.2309,287,0
SCNI.US,5,20251212,154500,1.2308,1.2308,1.2308,1.2308,123,0
SCNI.US,5,20251212,160500,1.23,1.23,1.23,1.23,1009,0
SCNI.US,5,20251212,170000,1.22,1.22,1.22,1.22,125,0
SCNI.US,5,20251212,171000,1.21,1.21,1.21,1.21,2000,0
SCNI.US,5,20251212,173000,1.23,1.23,1.23,1.23,151,0
SCNI.US,5,20251212,174500,1.23,1.2301,1.23,1.23,1600,0
SCNI.US,5,20251212,175500,1.21,1.21,1.21,1.21,100,0
SCNI.US,5,20251212,191000,1.2001,1.2001,1.2001,1.2001,1593,0
SCNI.US,5,20251212,200500,1.2,1.2,1.2,1.2,375,0
SCNI.US,5,20251212,212500,1.2044,1.2044,1.2044,1.2044,200,0
SCNI.US,5,20251212,213000,1.2,1.2,1.2,1.2,100,0
SCNI.US,5,20251212,214000,1.2001,1.2001,1.2001,1.2001,352,0
SCNI.US,5,20251212,215000,1.2,1.2001,1.2,1.2,2930,0
SCNI.US,5,20251215,153000,1.1201,1.1201,1.1201,1.1201,500,0
SCNI.US,5,20251215,153500,1.165,1.165,1.165,1.165,1200,0
SCNI.US,5,20251215,154000,1.16,1.18,1.16,1.18,348,0
SCNI.US,5,20251215,160500,1.17,1.17,1.17,1.17,100,0
SCNI.US,5,20251215,161000,1.165,1.165,1.165,1.165,280,0
SCNI.US,5,20251215,162000,1.16,1.16,1.16,1.16,100,0
SCNI.US,5,20251215,163000,1.1472,1.1472,1.1472,1.1472,1000,0
SCNI.US,5,20251215,163500,1.15,1.15,1.15,1.15,100,0
SCNI.US,5,20251215,164000,1.17,1.17,1.17,1.17,100,0
SCNI.US,5,20251215,165500,1.17,1.17,1.17,1.17,100,0
SCNI.US,5,20251215,170500,1.1559,1.1559,1.1559,1.1559,3000,0
SCNI.US,5,20251215,171500,1.17,1.17,1.17,1.17,100,0
SCNI.US,5,20251215,172500,1.17,1.17,1.17,1.17,500,0
SCNI.US,5,20251215,173000,1.17,1.17,1.17,1.17,132,0
SCNI.US,5,20251215,173500,1.155,1.155,1.15,1.15,2700,0
SCNI.US,5,20251215,174000,1.155,1.155,1.13,1.155,2600,0
SCNI.US,5,20251215,174500,1.13,1.14,1.0901,1.11,4918,0
SCNI.US,5,20251215,175000,1.1,1.1,1.1,1.1,1000,0
SCNI.US,5,20251215,180000,1.11,1.11,1.03,1.09,5076,0
SCNI.US,5,20251215,180500,1.0699,1.0699,1.06,1.06,6000,0
SCNI.US,5,20251215,181000,1.0602,1.069,1.0601,1.069,13792,0
SCNI.US,5,20251215,181500,1.1021,1.1021,1.1021,1.1021,500,0
SCNI.US,5,20251215,183500,1.11,1.11,1.05,1.05,4800,0
SCNI.US,5,20251215,185000,1.08,1.08,1.08,1.08,300,0
SCNI.US,5,20251215,193500,1.06,1.06,0.97,0.97,9097,0
SCNI.US,5,20251215,194000,1.08,1.09,1.08,1.09,2000,0
SCNI.US,5,20251215,195500,1.05,1.05,1.05,1.05,120,0
SCNI.US,5,20251215,200000,1.055,1.055,1.055,1.055,200,0
SCNI.US,5,20251215,200500,1.055,1.08,1.055,1.06,406,0
SCNI.US,5,20251215,201000,1.065,1.065,1.065,1.065,226,0
SCNI.US,5,20251215,202500,1.055,1.055,1.055,1.055,120,0
SCNI.US,5,20251215,204000,1.05,1.05,1.045,1.045,220,0
SCNI.US,5,20251215,205500,1.06,1.06,1.06,1.06,120,0
SCNI.US,5,20251215,212000,1.05,1.0675,1.0401,1.0401,4000,0
SCNI.US,5,20251215,212500,1.05,1.06,1.04,1.0404,4176,0
SCNI.US,5,20251215,213000,1.06,1.06,1.05,1.05,200,0
SCNI.US,5,20251215,213500,1.04,1.04,1.04,1.04,500,0
SCNI.US,5,20251215,214000,1.05,1.065,1.0104,1.0161,11641,0
SCNI.US,5,20251215,214500,1.02,1.05,0.9901,1,5294,0
SCNI.US,5,20251215,215000,0.9981,1,0.97,0.97,18188,0
SCNI.US,5,20251215,215500,0.97,0.97,0.8821,0.8821,14706,0
SCNI.US,5,20251216,153000,0.88,0.88,0.8597,0.8601,3941,0
SCNI.US,5,20251216,153500,0.86,0.87,0.86,0.87,2289,0
SCNI.US,5,20251216,154000,0.87,0.87,0.8159,0.8278,1532,0
SCNI.US,5,20251216,160000,0.87,0.87,0.84,0.84,808,0
SCNI.US,5,20251216,160500,0.855,0.855,0.855,0.855,500,0
SCNI.US,5,20251216,161000,0.84,0.854899,0.84,0.84,1727,0
SCNI.US,5,20251216,161500,0.8405,0.8405,0.8156,0.8156,1544,0
SCNI.US,5,20251216,162000,0.8156,0.8156,0.8156,0.8156,100,0
SCNI.US,5,20251216,162500,0.81,0.81,0.8,0.8,800,0
SCNI.US,5,20251216,163000,0.8,0.8001,0.8,0.8001,713,0
SCNI.US,5,20251216,163500,0.8405,0.8405,0.831,0.831,1000,0
SCNI.US,5,20251216,164000,0.811,0.811,0.811,0.811,100,0
SCNI.US,5,20251216,164500,0.8176,0.8176,0.811,0.811,400,0
SCNI.US,5,20251216,165000,0.82,0.83,0.795446,0.795446,5439,0
SCNI.US,5,20251216,165500,0.8049,0.8187,0.7993,0.8146,15202,0
SCNI.US,5,20251216,170000,0.8191,0.825,0.8191,0.825,500,0
SCNI.US,5,20251216,171500,0.8227,0.8227,0.8227,0.8227,100,0
SCNI.US,5,20251216,172000,0.8204,0.83,0.8204,0.83,1235,0
SCNI.US,5,20251216,173500,0.8301,0.8301,0.8301,0.8301,100,0
SCNI.US,5,20251216,175500,0.8301,0.8301,0.83,0.83,936,0
SCNI.US,5,20251216,180500,0.83,0.84,0.83,0.84,7633,0
SCNI.US,5,20251216,182500,0.8301,0.8301,0.8301,0.8301,151,0
SCNI.US,5,20251216,190000,0.830201,0.830201,0.830201,0.830201,320,0
SCNI.US,5,20251216,190500,0.835,0.835,0.835,0.835,215,0
SCNI.US,5,20251216,192500,0.84,0.84,0.84,0.84,900,0
SCNI.US,5,20251216,194500,0.8301,0.8301,0.8301,0.8301,200,0
SCNI.US,5,20251216,203000,0.83,0.83,0.83,0.83,112,0
SCNI.US,5,20251216,205500,0.835,0.835,0.835,0.835,2000,0
SCNI.US,5,20251216,212000,0.8303,0.8303,0.8303,0.8303,153,0
SCNI.US,5,20251216,214000,0.8302,0.8302,0.8302,0.8302,100,0
SCNI.US,5,20251216,215500,0.8303,0.8399,0.8303,0.8399,541,0
SCNI.US,5,20251217,153000,0.875,0.875,0.83,0.83,9952,0
SCNI.US,5,20251217,153500,0.8301,0.8301,0.8301,0.8301,346,0
SCNI.US,5,20251217,154000,0.8414,0.8414,0.8414,0.8414,2000,0
SCNI.US,5,20251217,154500,0.8319,0.843999,0.8319,0.843999,1302,0
SCNI.US,5,20251217,155000,0.834,0.834,0.834,0.834,105,0
SCNI.US,5,20251217,155500,0.834,0.834,0.834,0.834,425,0
SCNI.US,5,20251217,160000,0.8305,0.8305,0.8305,0.8305,346,0
SCNI.US,5,20251217,160500,0.856,0.856,0.8443,0.8443,1405,0
SCNI.US,5,20251217,163000,0.849,0.849,0.849,0.849,100,0
SCNI.US,5,20251217,163500,0.8514,0.8514,0.8514,0.8514,500,0
SCNI.US,5,20251217,174500,0.856,0.856,0.856,0.856,2000,0
SCNI.US,5,20251217,175500,0.856,0.856,0.856,0.856,200,0
SCNI.US,5,20251217,181000,0.8562,0.8562,0.8562,0.8562,116,0
SCNI.US,5,20251217,181500,0.855,0.858,0.852,0.858,2536,0
SCNI.US,5,20251217,182000,0.86,0.869,0.86,0.869,278,0
SCNI.US,5,20251217,184000,0.89,0.89,0.89,0.89,3735,0
SCNI.US,5,20251217,192500,0.8928,0.8929,0.89,0.8929,1145,0
SCNI.US,5,20251217,201500,0.9,0.9,0.9,0.9,111,0
SCNI.US,5,20251217,202000,0.8501,0.8501,0.8501,0.8501,200,0
SCNI.US,5,20251217,202500,0.8699,0.8699,0.8699,0.8699,120,0
SCNI.US,5,20251217,210000,0.8699,0.87,0.8699,0.87,200,0
SCNI.US,5,20251217,211000,0.8698,0.8698,0.8698,0.8698,300,0
SCNI.US,5,20251217,212500,0.8514,0.8514,0.8514,0.8514,1000,0
SCNI.US,5,20251217,213500,0.8599,0.8599,0.8599,0.8599,126,0
SCNI.US,5,20251217,215000,0.8625,0.8698,0.8625,0.8698,500,0
SCNI.US,5,20251217,215500,0.8699,0.8699,0.85,0.85,1839,0
SCNI.US,5,20251218,153000,0.84,0.85,0.84,0.85,2760,0
SCNI.US,5,20251218,154000,0.876649,0.876649,0.876649,0.876649,219,0
SCNI.US,5,20251218,154500,0.86,0.86,0.86,0.86,2999,0
SCNI.US,5,20251218,155500,0.8764,0.8765,0.8764,0.8764,2835,0
SCNI.US,5,20251218,160500,0.868,0.868,0.868,0.868,100,0
SCNI.US,5,20251218,161000,0.865,0.865,0.865,0.865,100,0
SCNI.US,5,20251218,161500,0.8764,0.8764,0.8764,0.8764,100,0
SCNI.US,5,20251218,162500,0.865,0.865,0.865,0.865,100,0
SCNI.US,5,20251218,172000,0.865,0.8763,0.86,0.86,4350,0
SCNI.US,5,20251218,172500,0.8528,0.8528,0.84,0.84,5901,0
SCNI.US,5,20251218,173000,0.8403,0.8406,0.8403,0.8406,200,0
SCNI.US,5,20251218,173500,0.8407,0.8407,0.8407,0.8407,1841,0
SCNI.US,5,20251218,175500,0.84,0.8407,0.84,0.84,12257,0
SCNI.US,5,20251218,181500,0.83,0.83,0.83,0.83,600,0
SCNI.US,5,20251218,182000,0.8248,0.8248,0.8248,0.8248,1000,0
SCNI.US,5,20251218,183500,0.82,0.82,0.82,0.82,1042,0
SCNI.US,5,20251218,184000,0.815,0.815,0.81,0.8136,9943,0
SCNI.US,5,20251218,184500,0.81,0.81,0.81,0.81,5100,0
SCNI.US,5,20251218,185000,0.81,0.8432,0.81,0.81,5300,0
SCNI.US,5,20251218,185500,0.8066,0.8066,0.801,0.8029,3988,0
SCNI.US,5,20251218,190500,0.81,0.81,0.81,0.81,1600,0
SCNI.US,5,20251218,191000,0.81055,0.811,0.802,0.805,2954,0
SCNI.US,5,20251218,192000,0.8,0.8,0.8,0.8,980,0
SCNI.US,5,20251218,192500,0.8001,0.8001,0.8,0.8,418,0
SCNI.US,5,20251218,193500,0.7907,0.7907,0.79,0.7901,500,0
SCNI.US,5,20251218,194000,0.7916,0.7952,0.781,0.781,5100,0
SCNI.US,5,20251218,195000,0.7743,0.79,0.75101,0.75101,12958,0
SCNI.US,5,20251218,195500,0.7777,0.8,0.775664,0.775664,5307,0
SCNI.US,5,20251218,200500,0.78,0.78,0.75,0.75,5236,0
SCNI.US,5,20251218,201000,0.7501,0.7501,0.7501,0.7501,300,0
SCNI.US,5,20251218,201500,0.75,0.75,0.75,0.75,100,0
SCNI.US,5,20251218,202000,0.750099,0.750099,0.750099,0.750099,200,0
SCNI.US,5,20251218,203500,0.75,0.75,0.7411,0.7412,6915,0
SCNI.US,5,20251218,204000,0.741,0.741,0.741,0.741,1400,0
SCNI.US,5,20251218,204500,0.741,0.741,0.7221,0.7221,3380,0
SCNI.US,5,20251218,205000,0.7231,0.7232,0.722706,0.7232,1900,0
SCNI.US,5,20251218,205500,0.7232,0.7232,0.7232,0.7232,100,0
SCNI.US,5,20251218,210000,0.721,0.7232,0.721,0.7232,1470,0
SCNI.US,5,20251218,210500,0.721,0.7879,0.721,0.7879,5100,0
SCNI.US,5,20251218,211000,0.74,0.74,0.731,0.731,5200,0
SCNI.US,5,20251218,211500,0.7171,0.749987,0.7171,0.749987,1303,0
SCNI.US,5,20251218,212000,0.7301,0.7555,0.7285,0.7306,5911,0
SCNI.US,5,20251218,212500,0.7106,0.7113,0.7106,0.7113,747,0
SCNI.US,5,20251218,213000,0.75,0.75,0.7201,0.7201,2900,0
SCNI.US,5,20251218,213500,0.72,0.72,0.72,0.72,3600,0
SCNI.US,5,20251218,214000,0.7102,0.72,0.7,0.7001,2345,0
SCNI.US,5,20251218,214500,0.7001,0.71,0.7001,0.71,500,0
SCNI.US,5,20251218,215000,0.7638,0.7638,0.72,0.72,1600,0
SCNI.US,5,20251218,215500,0.7,0.74,0.7,0.7195,10375,0
SCNI.US,5,20251219,153000,0.74,0.7587,0.74,0.7587,11871,0
SCNI.US,5,20251219,153500,0.75,0.75,0.75,0.75,300,0
SCNI.US,5,20251219,155000,0.7698,0.7698,0.7559,0.7559,6500,0
SCNI.US,5,20251219,155500,0.7601,0.7601,0.7601,0.7601,1075,0
SCNI.US,5,20251219,163500,0.7549,0.7549,0.7549,0.7549,100,0
SCNI.US,5,20251219,164000,0.7508,0.7508,0.7508,0.7508,100,0
SCNI.US,5,20251219,165000,0.75,0.75,0.75,0.75,4990,0
SCNI.US,5,20251219,170500,0.7699,0.7699,0.7625,0.7625,4000,0
SCNI.US,5,20251219,173000,0.77,0.77,0.77,0.77,100,0
SCNI.US,5,20251219,173500,0.7603,0.7603,0.7603,0.7603,480,0
SCNI.US,5,20251219,174000,0.77,0.77,0.7699,0.7699,200,0
SCNI.US,5,20251219,174500,0.79,0.7958,0.789,0.7958,1234,0
SCNI.US,5,20251219,175000,0.76,0.76,0.76,0.76,140,0
SCNI.US,5,20251219,181000,0.775,0.775,0.76,0.76,2483,0
SCNI.US,5,20251219,185000,0.7768,0.7768,0.7768,0.7768,500,0
SCNI.US,5,20251219,190500,0.7769,0.7769,0.7769,0.7769,200,0
SCNI.US,5,20251219,193500,0.777,0.777,0.777,0.777,2686,0
SCNI.US,5,20251219,202500,0.77,0.77,0.77,0.77,402,0
SCNI.US,5,20251219,203000,0.777,0.777,0.777,0.777,322,0
SCNI.US,5,20251219,204000,0.7801,0.7801,0.7801,0.7801,753,0
SCNI.US,5,20251219,212500,0.799799,0.8,0.799,0.799,2556,0
SCNI.US,5,20251219,213000,0.8,0.8,0.8,0.8,900,0
SCNI.US,5,20251219,215500,0.7968,0.7968,0.79,0.79,698,0
SCNI.US,5,20251222,153000,0.832,0.832,0.8,0.8,1613,0
SCNI.US,5,20251222,153500,0.825,0.825,0.825,0.825,769,0
SCNI.US,5,20251222,155000,0.8001,0.8001,0.8001,0.8001,600,0
SCNI.US,5,20251222,155500,0.801,0.801,0.8,0.8001,911,0
SCNI.US,5,20251222,160000,0.7919,0.8,0.7602,0.8,2824,0
SCNI.US,5,20251222,161500,0.7999,0.7999,0.7999,0.7999,123,0
SCNI.US,5,20251222,165500,0.8068,0.81,0.8068,0.81,2912,0
SCNI.US,5,20251222,171500,0.8143,0.8395,0.8143,0.8295,1300,0
SCNI.US,5,20251222,172000,0.8295,0.8396,0.8295,0.8396,800,0
SCNI.US,5,20251222,175500,0.84,0.84,0.84,0.84,650,0
SCNI.US,5,20251222,181000,0.84495,0.8499,0.84495,0.8499,2000,0
SCNI.US,5,20251222,182000,0.8449,0.8499,0.8449,0.8499,300,0
SCNI.US,5,20251222,184500,0.8401,0.8401,0.8401,0.8401,500,0
SCNI.US,5,20251222,185500,0.84,0.8447,0.8262,0.8262,1977,0
SCNI.US,5,20251222,202500,0.8243,0.8243,0.8243,0.8243,672,0
SCNI.US,5,20251222,203500,0.8243,0.824429,0.8243,0.824429,700,0
SCNI.US,5,20251222,204000,0.84,0.84,0.835,0.84,1440,0
SCNI.US,5,20251222,204500,0.84,0.84,0.84,0.84,1000,0
SCNI.US,5,20251222,205000,0.8259,0.8259,0.8243,0.8243,1075,0
SCNI.US,5,20251222,205500,0.8243,0.8259,0.8243,0.8259,560,0
SCNI.US,5,20251222,212500,0.8243,0.8243,0.8243,0.8243,100,0
SCNI.US,5,20251222,213500,0.8399,0.8399,0.8399,0.8399,1200,0
SCNI.US,5,20251222,214000,0.8243,0.8243,0.8243,0.8243,100,0
SCNI.US,5,20251222,214500,0.8243,0.8243,0.8243,0.8243,100,0
SCNI.US,5,20251222,215000,0.82795,0.82795,0.82795,0.82795,100,0
SCNI.US,5,20251222,215500,0.8279,0.8279,0.764,0.7955,13370,0
SCNI.US,5,20251223,153000,0.777,0.8035,0.777,0.7955,6743,0
SCNI.US,5,20251223,154000,0.78,0.78,0.78,0.78,256,0
SCNI.US,5,20251223,154500,0.781,0.781,0.781,0.781,200,0
SCNI.US,5,20251223,162500,0.77,0.77,0.77,0.77,270,0
SCNI.US,5,20251223,164500,0.78,0.78,0.78,0.78,300,0
SCNI.US,5,20251223,165500,0.78,0.78,0.78,0.78,100,0
SCNI.US,5,20251223,215500,0.7791,0.7791,0.762,0.762,661,0
SCNI.US,5,20251224,153000,0.7466,0.7466,0.7466,0.7466,521,0
SCNI.US,5,20251224,153500,0.7701,0.7701,0.7701,0.7701,800,0
SCNI.US,5,20251224,160000,0.7999,0.7999,0.7999,0.7999,200,0
SCNI.US,5,20251224,160500,0.77,0.7701,0.77,0.77,500,0
SCNI.US,5,20251224,162500,0.7701,0.7701,0.7701,0.7701,574,0
SCNI.US,5,20251224,163500,0.77,0.7701,0.77,0.7701,320,0
SCNI.US,5,20251224,170000,0.7701,0.7701,0.7701,0.7701,830,0
SCNI.US,5,20251224,172500,0.77,0.77,0.7629,0.7629,900,0
SCNI.US,5,20251224,173000,0.76,0.76,0.76,0.76,178,0
SCNI.US,5,20251224,182000,0.751,0.751,0.751,0.751,140,0
SCNI.US,5,20251224,185500,0.7616,0.7616,0.7616,0.7616,100,0
SCNI.US,5,20251224,190000,0.75,0.75,0.75,0.75,409,0
SCNI.US,5,20251226,153000,0.7836,0.7836,0.7703,0.7703,4258,0
SCNI.US,5,20251226,153500,0.7998,0.8,0.7998,0.8,1400,0
SCNI.US,5,20251226,154000,0.8,0.8,0.7885,0.8,3572,0
SCNI.US,5,20251226,154500,0.7999,0.7999,0.794572,0.7996,800,0
SCNI.US,5,20251226,160500,0.7811,0.7811,0.7811,0.7811,5000,0
SCNI.US,5,20251226,161000,0.77,0.78475,0.77,0.78475,1614,0
SCNI.US,5,20251226,162000,0.77,0.77,0.77,0.77,2903,0
SCNI.US,5,20251226,163500,0.7569,0.76025,0.7569,0.76025,1220,0
SCNI.US,5,20251226,165000,0.7506,0.7507,0.7473,0.7473,4818,0
SCNI.US,5,20251226,170500,0.75,0.75,0.7381,0.7381,712,0
SCNI.US,5,20251226,174500,0.735,0.7381,0.735,0.7381,200,0
SCNI.US,5,20251226,175000,0.735,0.735,0.735,0.735,1799,0
SCNI.US,5,20251226,175500,0.735,0.735,0.735,0.735,100,0
SCNI.US,5,20251226,181000,0.735,0.735,0.735,0.735,200,0
SCNI.US,5,20251226,183000,0.738099,0.738099,0.738099,0.738099,1000,0
SCNI.US,5,20251226,183500,0.7381,0.738131,0.7381,0.738131,1000,0
SCNI.US,5,20251226,185500,0.7262,0.7262,0.7262,0.7262,277,0
SCNI.US,5,20251226,193000,0.725,0.738,0.72,0.738,739,0
SCNI.US,5,20251226,194500,0.725,0.7251,0.7001,0.7251,1925,0
SCNI.US,5,20251226,200500,0.7033,0.7054,0.7,0.7,3680,0
SCNI.US,5,20251226,204000,0.7251,0.7251,0.7251,0.7251,1882,0
SCNI.US,5,20251226,205000,0.7033,0.7033,0.7033,0.7033,150,0
SCNI.US,5,20251226,212500,0.7044,0.7044,0.7044,0.7044,100,0
SCNI.US,5,20251226,214000,0.7186,0.7186,0.7186,0.7186,500,0
SCNI.US,5,20251226,214500,0.7037,0.7251,0.7037,0.72,795,0
SCNI.US,5,20251226,215500,0.7088,0.7088,0.7035,0.7035,707,0
SCNI.US,5,20251229,153000,0.6784,0.68,0.6784,0.6784,707,0
SCNI.US,5,20251229,153500,0.6799,0.68,0.669,0.68,2477,0
SCNI.US,5,20251229,154000,0.6684,0.6684,0.6591,0.6591,2072,0
SCNI.US,5,20251229,154500,0.661,0.661,0.661,0.661,100,0
SCNI.US,5,20251229,155000,0.67,0.67005,0.6596,0.67005,3212,0
SCNI.US,5,20251229,160000,0.6568,0.6568,0.65,0.65,1392,0
SCNI.US,5,20251229,162500,0.67,0.67,0.67,0.67,1492,0
SCNI.US,5,20251229,163500,0.6791,0.6791,0.6791,0.6791,982,0
SCNI.US,5,20251229,165500,0.6515,0.6515,0.648547,0.648547,2581,0
SCNI.US,5,20251229,170000,0.64545,0.64545,0.64545,0.64545,1847,0
SCNI.US,5,20251229,170500,0.6475,0.6475,0.6475,0.6475,100,0
SCNI.US,5,20251229,171000,0.6455,0.6639,0.632,0.632,17465,0
SCNI.US,5,20251229,171500,0.613,0.6239,0.613,0.6239,556,0
SCNI.US,5,20251229,173000,0.657,0.657,0.657,0.657,114,0
SCNI.US,5,20251229,174000,0.6334,0.6334,0.6334,0.6334,100,0
SCNI.US,5,20251229,175500,0.640001,0.66,0.640001,0.651,14700,0
SCNI.US,5,20251229,180000,0.6499,0.6499,0.6499,0.6499,4000,0
SCNI.US,5,20251229,180500,0.6501,0.6515,0.65,0.65,1900,0
SCNI.US,5,20251229,183000,0.65,0.65,0.649,0.649,940,0
SCNI.US,5,20251229,184000,0.65,0.65,0.645,0.65,2045,0
SCNI.US,5,20251229,185500,0.6645,0.6791,0.6645,0.6778,3536,0
SCNI.US,5,20251229,190000,0.6799,0.68,0.6752,0.68,7245,0
SCNI.US,5,20251229,190500,0.65,0.65,0.65,0.65,200,0
SCNI.US,5,20251229,191000,0.65,0.65,0.65,0.65,370,0
SCNI.US,5,20251229,192500,0.6515,0.6515,0.64,0.65,6112,0
SCNI.US,5,20251229,193000,0.6647,0.6647,0.6647,0.6647,100,0
SCNI.US,5,20251229,193500,0.6648,0.6648,0.6648,0.6648,306,0
SCNI.US,5,20251229,194500,0.6647,0.6647,0.6647,0.6647,874,0
SCNI.US,5,20251229,195000,0.64,0.64,0.64,0.64,200,0
SCNI.US,5,20251229,195500,0.6799,0.6799,0.6799,0.6799,2000,0
SCNI.US,5,20251229,201000,0.65,0.65,0.64,0.64,3299,0
SCNI.US,5,20251229,201500,0.6401,0.6401,0.6401,0.6401,2000,0
SCNI.US,5,20251229,202000,0.645,0.6451,0.6401,0.6449,3500,0
SCNI.US,5,20251229,203000,0.64,0.64,0.64,0.64,100,0
SCNI.US,5,20251229,204500,0.64,0.64,0.64,0.64,3000,0
SCNI.US,5,20251229,210500,0.6401,0.6401,0.6401,0.6401,100,0
SCNI.US,5,20251229,212500,0.6401,0.6641,0.6401,0.660051,10000,0
SCNI.US,5,20251229,214000,0.65,0.65,0.65,0.65,100,0
SCNI.US,5,20251229,215000,0.6531,0.6531,0.6502,0.653,913,0
SCNI.US,5,20251229,215500,0.68,0.68,0.652,0.652,4423,0
SCNI.US,5,20251230,153000,0.63,0.6301,0.63,0.6301,8346,0
SCNI.US,5,20251230,153500,0.631338,0.64,0.631338,0.64,4104,0
SCNI.US,5,20251230,154000,0.6301,0.6351,0.6301,0.6351,4000,0
SCNI.US,5,20251230,154500,0.635049,0.635049,0.635049,0.635049,800,0
SCNI.US,5,20251230,155500,0.6345,0.64,0.6345,0.64,410,0
SCNI.US,5,20251230,160500,0.6399,0.64,0.6399,0.64,4679,0
SCNI.US,5,20251230,161500,0.64,0.64,0.6399,0.64,3042,0
SCNI.US,5,20251230,162500,0.64,0.64,0.64,0.64,100,0
SCNI.US,5,20251230,170500,0.64,0.64,0.63,0.63,1690,0
SCNI.US,5,20251230,172500,0.6397,0.6397,0.6397,0.6397,100,0
SCNI.US,5,20251230,173000,0.639899,0.639899,0.639899,0.639899,100,0
SCNI.US,5,20251230,174500,0.6399,0.6399,0.6398,0.6399,2700,0
SCNI.US,5,20251230,175000,0.6399,0.6399,0.6396,0.6396,589,0
SCNI.US,5,20251230,180000,0.63995,0.64,0.63995,0.639986,1400,0
SCNI.US,5,20251230,181500,0.64,0.64,0.64,0.64,3438,0
SCNI.US,5,20251230,183500,0.64,0.64,0.64,0.64,2862,0
SCNI.US,5,20251230,184500,0.64,0.64,0.64,0.64,3195,0
SCNI.US,5,20251230,185500,0.64,0.64,0.64,0.64,1805,0
SCNI.US,5,20251230,191000,0.63995,0.63995,0.63995,0.63995,1000,0
SCNI.US,5,20251230,193500,0.64,0.685,0.64,0.6841,15888,0
SCNI.US,5,20251230,194500,0.6703,0.6703,0.6703,0.6703,1000,0
SCNI.US,5,20251230,200500,0.695,0.7,0.695,0.6997,10590,0
SCNI.US,5,20251230,201000,0.6977,0.6977,0.6977,0.6977,390,0
SCNI.US,5,20251230,201500,0.7,0.7,0.6977,0.6977,2597,0
SCNI.US,5,20251230,202000,0.6678,0.6678,0.6396,0.6678,1311,0
SCNI.US,5,20251230,202500,0.68,0.68,0.68,0.68,1000,0
SCNI.US,5,20251230,205500,0.688,0.689,0.6801,0.6801,798,0
SCNI.US,5,20251230,211500,0.6889,0.71,0.6705,0.71,10908,0
SCNI.US,5,20251230,212000,0.7069,0.71,0.7069,0.708,2188,0
SCNI.US,5,20251230,213000,0.7352,0.7352,0.7352,0.7352,1766,0
SCNI.US,5,20251230,214500,0.7365,0.7387,0.7047,0.7047,1653,0
SCNI.US,5,20251230,215000,0.7348,0.74,0.7307,0.7338,600,0
SCNI.US,5,20251230,215500,0.73595,0.73595,0.7169,0.7169,637,0
SCNI.US,5,20251231,153000,0.701,0.73,0.701,0.73,2647,0
SCNI.US,5,20251231,154000,0.72,0.72,0.6906,0.6906,2104,0
SCNI.US,5,20251231,160500,0.7001,0.7001,0.7001,0.7001,2197,0
SCNI.US,5,20251231,161500,0.71,0.71,0.71,0.71,190,0
SCNI.US,5,20251231,162000,0.75,0.8208,0.75,0.7501,4638,0
SCNI.US,5,20251231,163000,0.771,0.771,0.771,0.771,375,0
SCNI.US,5,20251231,164000,0.785,0.8,0.767,0.8,2452,0
SCNI.US,5,20251231,170000,0.79,0.79,0.79,0.79,1187,0
SCNI.US,5,20251231,171500,0.79,0.79,0.75,0.7503,576,0
SCNI.US,5,20251231,172000,0.7406,0.7406,0.7377,0.7377,200,0
SCNI.US,5,20251231,184500,0.7176,0.7176,0.7176,0.7176,1000,0
SCNI.US,5,20251231,191500,0.7176,0.7176,0.7176,0.7176,139,0
SCNI.US,5,20251231,195500,0.7176,0.7176,0.7176,0.7176,140,0
SCNI.US,5,20251231,204000,0.715,0.7278,0.715,0.7278,3700,0
SCNI.US,5,20251231,204500,0.7279,0.728,0.7279,0.728,300,0
SCNI.US,5,20251231,205000,0.71,0.71,0.71,0.71,1200,0
SCNI.US,5,20251231,212500,0.71,0.71,0.71,0.71,198,0
SCNI.US,5,20251231,215000,0.725,0.7399,0.725,0.7397,2357,0
SCNI.US,5,20251231,215500,0.725,0.725,0.71,0.7121,2541,0
SCNI.US,5,20260102,154000,0.7122,0.7122,0.7122,0.7122,443,0
SCNI.US,5,20260102,155000,0.7207,0.7207,0.7207,0.7207,1500,0
SCNI.US,5,20260102,161000,0.75,0.75,0.75,0.75,1000,0
SCNI.US,5,20260102,162000,0.7311,0.7311,0.7311,0.7311,128,0
SCNI.US,5,20260102,162500,0.7311,0.7311,0.7311,0.7311,600,0
SCNI.US,5,20260102,164000,0.7311,0.7311,0.7122,0.7122,1985,0
SCNI.US,5,20260102,171000,0.7123,0.7123,0.7123,0.7123,205,0
SCNI.US,5,20260102,190500,0.7123,0.7123,0.7123,0.7123,200,0
SCNI.US,5,20260102,201000,0.729474,0.729474,0.729474,0.729474,2000,0
SCNI.US,5,20260102,204500,0.729,0.7295,0.729,0.7295,1941,0
SCNI.US,5,20260105,153000,0.7298,0.7298,0.7298,0.7298,200,0
SCNI.US,5,20260105,154500,0.7399,0.744115,0.7399,0.743,740,0
SCNI.US,5,20260105,161500,0.7491,0.7491,0.7491,0.7491,1330,0
SCNI.US,5,20260105,162000,0.7491,0.7491,0.7491,0.7491,200,0
SCNI.US,5,20260105,163000,0.7499,0.7499,0.749551,0.749551,828,0
SCNI.US,5,20260105,164000,0.75,0.75,0.75,0.75,346,0
SCNI.US,5,20260105,171000,0.759,0.759,0.759,0.759,100,0
SCNI.US,5,20260105,172500,0.754551,0.764,0.754551,0.764,564,0
SCNI.US,5,20260105,173000,0.764,0.764,0.75455,0.75455,251,0
SCNI.US,5,20260105,173500,0.75,0.77,0.75,0.77,1294,0
SCNI.US,5,20260105,182500,0.77,0.77,0.77,0.77,100,0
SCNI.US,5,20260105,190000,0.7679,0.7679,0.7679,0.7679,1000,0
SCNI.US,5,20260105,194500,0.77,0.77,0.77,0.77,100,0
SCNI.US,5,20260105,210000,0.8,0.8,0.8,0.8,100,0
SCNI.US,5,20260105,215000,0.7713,0.7713,0.77,0.77,2000,0
SCNI.US,5,20260105,215500,0.773858,0.773858,0.7679,0.7679,2257,0
SCNI.US,5,20260106,181500,0.7601,0.782,0.7601,0.782,430,0
SCNI.US,5,20260106,183500,0.83,0.8342,0.83,0.8342,258,0
SCNI.US,5,20260106,184000,0.83,0.83,0.83,0.83,100,0
SCNI.US,5,20260106,184500,0.81,0.81,0.81,0.81,100,0
SCNI.US,5,20260106,185000,0.792,0.792,0.7642,0.7642,630,0
SCNI.US,5,20260106,185500,0.7616,0.7616,0.7616,0.7616,100,0
SCNI.US,5,20260106,190000,0.8342,0.8342,0.8342,0.8342,100,0
SCNI.US,5,20260106,195000,0.8236,0.83,0.763901,0.763901,900,0
SCNI.US,5,20260106,195500,0.83,0.83,0.83,0.83,295,0
SCNI.US,5,20260106,200500,0.7639,0.7639,0.7639,0.7639,498,0
SCNI.US,5,20260106,215500,0.8266,0.8266,0.8266,0.8266,100,0
SCNI.US,5,20260107,155000,0.82,0.82,0.82,0.82,100,0
SCNI.US,5,20260107,163000,0.8467,0.8467,0.8467,0.8467,100,0
SCNI.US,5,20260107,164000,0.82,0.8201,0.8093,0.8093,400,0
SCNI.US,5,20260107,170500,0.81,0.81,0.81,0.81,750,0
SCNI.US,5,20260107,175500,0.801,0.801,0.801,0.801,300,0
SCNI.US,5,20260107,202000,0.801,0.801,0.801,0.801,100,0
SCNI.US,5,20260107,202500,0.8399,0.8399,0.8399,0.8399,120,0
SCNI.US,5,20260107,211000,0.8239,0.8399,0.8239,0.8399,2559,0
SCNI.US,5,20260107,213000,0.81,0.81,0.81,0.81,500,0
SCNI.US,5,20260107,215500,0.8,0.8,0.8,0.8,162,0
SCNI.US,5,20260108,153500,0.8,0.8,0.8,0.8,121,0
SCNI.US,5,20260108,160500,0.81,0.82,0.81,0.82,1004,0
SCNI.US,5,20260108,173500,0.82,0.82,0.82,0.82,100,0
SCNI.US,5,20260108,190500,0.8,0.801,0.8,0.8,2186,0
SCNI.US,5,20260108,191000,0.8,0.8,0.8,0.8,229,0
SCNI.US,5,20260108,193500,0.8,0.8,0.8,0.8,812,0
SCNI.US,5,20260108,194000,0.8,0.8,0.8,0.8,1629,0
SCNI.US,5,20260108,215500,0.8053,0.8053,0.8053,0.8053,100,0
