<TICKER>,<PER>,<DATE>,<TIME>,<OPEN>,<HIGH>,<LOW>,<CLOSE>,<VOL>,<OPENINT>
TNON.US,5,20250813,153000,1.49,1.51,1.465,1.493,28012,0
TNON.US,5,20250813,153500,1.4894,1.53,1.4802,1.53,51943,0
TNON.US,5,20250813,154000,1.5298,1.53,1.52,1.525,11681,0
TNON.US,5,20250813,154500,1.5205,1.521,1.5006,1.515,41552,0
TNON.US,5,20250813,155000,1.51,1.5105,1.5,1.5006,9941,0
TNON.US,5,20250813,155500,1.51,1.51,1.505,1.505,1650,0
TNON.US,5,20250813,160000,1.505,1.52,1.5011,1.52,18492,0
TNON.US,5,20250813,160500,1.53,1.53,1.51,1.51,6847,0
TNON.US,5,20250813,161000,1.5115,1.5167,1.51,1.51,2646,0
TNON.US,5,20250813,161500,1.51,1.54,1.5,1.525,61711,0
TNON.US,5,20250813,162000,1.5299,1.545,1.5299,1.545,13783,0
TNON.US,5,20250813,162500,1.5499,1.5499,1.5301,1.5399,13726,0
TNON.US,5,20250813,163000,1.535,1.54,1.53,1.53,8280,0
TNON.US,5,20250813,163500,1.5306,1.54,1.53,1.53,9679,0
TNON.US,5,20250813,164000,1.535,1.535,1.53,1.53,7485,0
TNON.US,5,20250813,164500,1.53,1.5372,1.4901,1.53,29796,0
TNON.US,5,20250813,165000,1.54,1.54,1.5301,1.54,14073,0
TNON.US,5,20250813,165500,1.535,1.545,1.535,1.54,3624,0
TNON.US,5,20250813,170000,1.5403,1.55,1.535,1.54,19870,0
TNON.US,5,20250813,170500,1.541,1.57,1.54,1.5697,61370,0
TNON.US,5,20250813,171000,1.5668,1.59,1.5604,1.59,5094,0
TNON.US,5,20250813,171500,1.5805,1.59,1.5688,1.57,25109,0
TNON.US,5,20250813,172000,1.571,1.575,1.56,1.57,21581,0
TNON.US,5,20250813,172500,1.569,1.59,1.569,1.59,74197,0
TNON.US,5,20250813,173000,1.59,1.63,1.59,1.6201,123391,0
TNON.US,5,20250813,173500,1.625,1.63,1.62,1.6299,52181,0
TNON.US,5,20250813,174000,1.6299,1.65,1.61,1.635,166426,0
TNON.US,5,20250813,174500,1.6398,1.645,1.625,1.64,62901,0
TNON.US,5,20250813,175000,1.6398,1.66,1.6307,1.655,44312,0
TNON.US,5,20250813,175500,1.66,1.66,1.65,1.659,36440,0
TNON.US,5,20250813,180000,1.65,1.7,1.65,1.695,100790,0
TNON.US,5,20250813,180500,1.6974,1.72,1.69,1.72,169570,0
TNON.US,5,20250813,181000,1.7147,1.73,1.71,1.7267,77021,0
TNON.US,5,20250813,181500,1.7296,1.7296,1.6604,1.6604,156345,0
TNON.US,5,20250813,182000,1.665,1.665,1.63,1.65,132888,0
TNON.US,5,20250813,182500,1.655,1.6799,1.655,1.6719,26404,0
TNON.US,5,20250813,183000,1.675,1.69,1.66,1.685,24681,0
TNON.US,5,20250813,183500,1.69,1.695,1.68,1.685,20428,0
TNON.US,5,20250813,184000,1.685,1.6899,1.66,1.67,29315,0
TNON.US,5,20250813,184500,1.6702,1.685,1.66,1.66,23167,0
TNON.US,5,20250813,185000,1.66,1.67,1.66,1.6606,11212,0
TNON.US,5,20250813,185500,1.665,1.6698,1.64,1.6402,17348,0
TNON.US,5,20250813,190000,1.645,1.66,1.64,1.6501,42768,0
TNON.US,5,20250813,190500,1.6502,1.66,1.65,1.6504,5502,0
TNON.US,5,20250813,191000,1.655,1.67,1.655,1.665,11239,0
TNON.US,5,20250813,191500,1.6601,1.6603,1.645,1.66,30290,0
TNON.US,5,20250813,192000,1.655,1.6694,1.64,1.6694,23447,0
TNON.US,5,20250813,192500,1.661,1.6617,1.655,1.66,6761,0
TNON.US,5,20250813,193000,1.66,1.66,1.645,1.655,22144,0
TNON.US,5,20250813,193500,1.6506,1.67,1.6506,1.67,32939,0
TNON.US,5,20250813,194000,1.675,1.68,1.67,1.6796,36809,0
TNON.US,5,20250813,194500,1.6799,1.6799,1.67,1.67,1853,0
TNON.US,5,20250813,195000,1.675,1.675,1.67,1.67,3921,0
TNON.US,5,20250813,195500,1.6718,1.7,1.67,1.7,64088,0
TNON.US,5,20250813,200000,1.705,1.72,1.7004,1.72,9883,0
TNON.US,5,20250813,200500,1.7103,1.72,1.71,1.715,16391,0
TNON.US,5,20250813,201000,1.7181,1.725,1.71,1.715,53115,0
TNON.US,5,20250813,201500,1.7194,1.72,1.7,1.705,10315,0
TNON.US,5,20250813,202000,1.705,1.71,1.7,1.7046,9976,0
TNON.US,5,20250813,202500,1.7001,1.71,1.7001,1.7053,6529,0
TNON.US,5,20250813,203000,1.7001,1.72,1.7001,1.715,11642,0
TNON.US,5,20250813,203500,1.715,1.73,1.71,1.725,82505,0
TNON.US,5,20250813,204000,1.725,1.73,1.72,1.73,23138,0
TNON.US,5,20250813,204500,1.725,1.73,1.72,1.725,8790,0
TNON.US,5,20250813,205000,1.725,1.73,1.715,1.72,14996,0
TNON.US,5,20250813,205500,1.715,1.72,1.71,1.715,6060,0
TNON.US,5,20250813,210000,1.715,1.735,1.7102,1.725,59223,0
TNON.US,5,20250813,210500,1.725,1.725,1.71,1.7195,39626,0
TNON.US,5,20250813,211000,1.715,1.73,1.7105,1.73,20193,0
TNON.US,5,20250813,211500,1.73,1.73,1.72,1.7204,25215,0
TNON.US,5,20250813,212000,1.725,1.735,1.7201,1.7305,12170,0
TNON.US,5,20250813,212500,1.73,1.7398,1.73,1.7305,7376,0
TNON.US,5,20250813,213000,1.7301,1.74,1.73,1.7301,21304,0
TNON.US,5,20250813,213500,1.73,1.7347,1.7,1.72,39857,0
TNON.US,5,20250813,214000,1.7228,1.74,1.72,1.735,29924,0
TNON.US,5,20250813,214500,1.735,1.74,1.73,1.73,22017,0
TNON.US,5,20250813,215000,1.7253,1.74,1.72,1.72,32163,0
TNON.US,5,20250813,215500,1.7235,1.7299,1.67,1.67,64598,0
TNON.US,5,20250814,153000,1.36,1.42,1.36,1.4,73642,0
TNON.US,5,20250814,153500,1.395,1.3994,1.375,1.375,8656,0
TNON.US,5,20250814,154000,1.37,1.38,1.36,1.38,17348,0
TNON.US,5,20250814,154500,1.39,1.4199,1.39,1.415,107166,0
TNON.US,5,20250814,155000,1.4194,1.45,1.41,1.42,56797,0
TNON.US,5,20250814,155500,1.425,1.425,1.41,1.4102,14188,0
TNON.US,5,20250814,160000,1.4201,1.425,1.395,1.3999,19108,0
TNON.US,5,20250814,160500,1.39,1.39,1.38,1.3801,20226,0
TNON.US,5,20250814,161000,1.3899,1.4097,1.3844,1.405,19228,0
TNON.US,5,20250814,161500,1.41,1.41,1.38,1.3802,39748,0
TNON.US,5,20250814,162000,1.385,1.3899,1.37,1.37,34444,0
TNON.US,5,20250814,162500,1.375,1.3798,1.36,1.375,19389,0
TNON.US,5,20250814,163000,1.3799,1.3995,1.3701,1.3894,29713,0
TNON.US,5,20250814,163500,1.39,1.39,1.38,1.38,19419,0
TNON.US,5,20250814,164000,1.3778,1.38,1.37,1.37,3180,0
TNON.US,5,20250814,164500,1.37,1.3799,1.36,1.36,10772,0
TNON.US,5,20250814,165000,1.37,1.37,1.3584,1.3599,4097,0
TNON.US,5,20250814,165500,1.3565,1.3565,1.335,1.34,16443,0
TNON.US,5,20250814,170000,1.34,1.3498,1.34,1.345,3970,0
TNON.US,5,20250814,170500,1.345,1.3503,1.345,1.35,8079,0
TNON.US,5,20250814,171000,1.35,1.35,1.3401,1.3401,3703,0
TNON.US,5,20250814,171500,1.345,1.345,1.34,1.34,900,0
TNON.US,5,20250814,172000,1.35,1.35,1.3401,1.3498,17147,0
TNON.US,5,20250814,172500,1.345,1.35,1.34,1.34,2705,0
TNON.US,5,20250814,173000,1.3498,1.35,1.341,1.341,4850,0
TNON.US,5,20250814,173500,1.3499,1.35,1.34,1.345,7052,0
TNON.US,5,20250814,174000,1.34,1.345,1.34,1.3401,1578,0
TNON.US,5,20250814,174500,1.345,1.355,1.345,1.355,11018,0
TNON.US,5,20250814,175000,1.358,1.358,1.358,1.358,200,0
TNON.US,5,20250814,175500,1.3503,1.36,1.3502,1.3502,1142,0
TNON.US,5,20250814,180000,1.355,1.36,1.3505,1.355,1370,0
TNON.US,5,20250814,180500,1.355,1.355,1.3501,1.3501,939,0
TNON.US,5,20250814,181000,1.35,1.35,1.3401,1.3404,12276,0
TNON.US,5,20250814,181500,1.345,1.345,1.34,1.34,4365,0
TNON.US,5,20250814,182000,1.34,1.34,1.335,1.34,13226,0
TNON.US,5,20250814,182500,1.3301,1.3301,1.3301,1.3301,194,0
TNON.US,5,20250814,183000,1.3398,1.34,1.3398,1.34,2267,0
TNON.US,5,20250814,183500,1.335,1.335,1.3305,1.3305,1304,0
TNON.US,5,20250814,184000,1.3398,1.3398,1.335,1.335,413,0
TNON.US,5,20250814,184500,1.338,1.34,1.33,1.335,1335,0
TNON.US,5,20250814,185000,1.33,1.33,1.33,1.33,238,0
TNON.US,5,20250814,185500,1.3305,1.335,1.33,1.3324,12482,0
TNON.US,5,20250814,190000,1.3387,1.34,1.3301,1.3397,7935,0
TNON.US,5,20250814,190500,1.34,1.35,1.34,1.3499,1632,0
TNON.US,5,20250814,191000,1.345,1.3497,1.345,1.3497,200,0
TNON.US,5,20250814,191500,1.3497,1.35,1.3405,1.3405,2491,0
TNON.US,5,20250814,192000,1.345,1.345,1.3401,1.3401,4696,0
TNON.US,5,20250814,192500,1.34,1.34,1.33,1.3395,9574,0
TNON.US,5,20250814,193000,1.3301,1.3398,1.3301,1.3398,8437,0
TNON.US,5,20250814,193500,1.34,1.36,1.33,1.36,27782,0
TNON.US,5,20250814,194000,1.37,1.3799,1.36,1.36,47417,0
TNON.US,5,20250814,194500,1.3698,1.37,1.36,1.37,14067,0
TNON.US,5,20250814,195000,1.3656,1.37,1.359,1.3612,76723,0
TNON.US,5,20250814,195500,1.3612,1.39,1.3612,1.38,26129,0
TNON.US,5,20250814,200000,1.38,1.41,1.3799,1.3893,45280,0
TNON.US,5,20250814,200500,1.39,1.41,1.3606,1.385,21573,0
TNON.US,5,20250814,201000,1.385,1.3988,1.385,1.3868,2876,0
TNON.US,5,20250814,201500,1.38,1.39,1.38,1.385,13410,0
TNON.US,5,20250814,202000,1.385,1.39,1.38,1.3893,2415,0
TNON.US,5,20250814,202500,1.38,1.39,1.38,1.38,3865,0
TNON.US,5,20250814,203000,1.385,1.39,1.385,1.39,1298,0
TNON.US,5,20250814,203500,1.39,1.39,1.3802,1.39,4127,0
TNON.US,5,20250814,204000,1.39,1.39,1.39,1.39,2300,0
TNON.US,5,20250814,204500,1.39,1.39,1.3802,1.3802,3068,0
TNON.US,5,20250814,205000,1.39,1.4,1.39,1.4,4024,0
TNON.US,5,20250814,205500,1.3902,1.4,1.3902,1.395,5579,0
TNON.US,5,20250814,210000,1.4,1.41,1.3997,1.4,9973,0
TNON.US,5,20250814,210500,1.4,1.4,1.4,1.4,1298,0
TNON.US,5,20250814,211000,1.395,1.395,1.395,1.395,290,0
TNON.US,5,20250814,211500,1.4,1.409,1.4,1.405,2273,0
TNON.US,5,20250814,212000,1.4,1.41,1.4,1.41,3359,0
TNON.US,5,20250814,212500,1.415,1.42,1.41,1.4102,4524,0
TNON.US,5,20250814,213000,1.4101,1.42,1.4101,1.415,12846,0
TNON.US,5,20250814,213500,1.42,1.43,1.41,1.41,34830,0
TNON.US,5,20250814,214000,1.4111,1.415,1.41,1.41,2884,0
TNON.US,5,20250814,214500,1.41,1.41,1.41,1.41,550,0
TNON.US,5,20250814,215000,1.42,1.42,1.4,1.4,32760,0
TNON.US,5,20250814,215500,1.4099,1.415,1.4,1.4,27425,0
TNON.US,5,20250815,153000,1.395,1.41,1.38,1.38,11767,0
TNON.US,5,20250815,153500,1.3805,1.39,1.3805,1.3811,25179,0
TNON.US,5,20250815,154000,1.3801,1.385,1.38,1.385,10636,0
TNON.US,5,20250815,154500,1.382,1.3899,1.382,1.3897,2648,0
TNON.US,5,20250815,155000,1.38,1.395,1.38,1.395,6820,0
TNON.US,5,20250815,155500,1.395,1.395,1.3931,1.3931,506,0
TNON.US,5,20250815,160000,1.392,1.3999,1.392,1.3999,200,0
TNON.US,5,20250815,160500,1.395,1.41,1.395,1.4075,3035,0
TNON.US,5,20250815,161000,1.3901,1.4025,1.39,1.4,7462,0
TNON.US,5,20250815,161500,1.4,1.4037,1.4,1.4,1400,0
TNON.US,5,20250815,162000,1.3902,1.3902,1.39,1.39,1278,0
TNON.US,5,20250815,162500,1.3902,1.3953,1.3902,1.3953,1350,0
TNON.US,5,20250815,163000,1.3906,1.3906,1.385,1.3898,2411,0
TNON.US,5,20250815,163500,1.3804,1.39,1.3804,1.39,15268,0
TNON.US,5,20250815,164000,1.3999,1.3999,1.38,1.38,240,0
TNON.US,5,20250815,165000,1.39,1.4,1.39,1.4,352,0
TNON.US,5,20250815,165500,1.3901,1.3901,1.3901,1.3901,820,0
TNON.US,5,20250815,170000,1.395,1.395,1.395,1.395,140,0
TNON.US,5,20250815,170500,1.4,1.4,1.395,1.4,11308,0
TNON.US,5,20250815,171000,1.4,1.4,1.3901,1.4,11013,0
TNON.US,5,20250815,171500,1.4018,1.4018,1.4018,1.4018,435,0
TNON.US,5,20250815,172000,1.405,1.41,1.3995,1.3995,1319,0
TNON.US,5,20250815,172500,1.395,1.395,1.3903,1.3903,1120,0
TNON.US,5,20250815,173000,1.395,1.4,1.395,1.4,864,0
TNON.US,5,20250815,173500,1.4,1.4,1.395,1.4,3773,0
TNON.US,5,20250815,174000,1.39,1.39,1.39,1.39,2844,0
TNON.US,5,20250815,174500,1.38,1.38,1.37,1.38,12040,0
TNON.US,5,20250815,175500,1.3801,1.3843,1.3801,1.3817,1555,0
TNON.US,5,20250815,180000,1.38,1.38,1.38,1.38,808,0
TNON.US,5,20250815,180500,1.37,1.3703,1.37,1.3703,2750,0
TNON.US,5,20250815,181000,1.3701,1.38,1.3701,1.38,4400,0
TNON.US,5,20250815,181500,1.38,1.38,1.38,1.38,100,0
TNON.US,5,20250815,182000,1.38,1.3894,1.38,1.3894,805,0
TNON.US,5,20250815,182500,1.38,1.38,1.38,1.38,300,0
TNON.US,5,20250815,183000,1.38,1.38,1.38,1.38,800,0
TNON.US,5,20250815,183500,1.385,1.385,1.385,1.385,100,0
TNON.US,5,20250815,184000,1.39,1.3901,1.39,1.3901,4772,0
TNON.US,5,20250815,184500,1.3903,1.3903,1.38,1.385,812,0
TNON.US,5,20250815,185000,1.3801,1.3853,1.3801,1.3853,289,0
TNON.US,5,20250815,185500,1.3865,1.3865,1.38,1.38,1000,0
TNON.US,5,20250815,190500,1.3853,1.3853,1.3853,1.3853,127,0
TNON.US,5,20250815,191000,1.3802,1.3863,1.3802,1.3863,1523,0
TNON.US,5,20250815,191500,1.385,1.385,1.385,1.385,500,0
TNON.US,5,20250815,192000,1.385,1.385,1.385,1.385,1400,0
TNON.US,5,20250815,192500,1.385,1.39,1.385,1.39,1103,0
TNON.US,5,20250815,193000,1.385,1.385,1.385,1.385,1000,0
TNON.US,5,20250815,193500,1.3801,1.3801,1.3801,1.3801,731,0
TNON.US,5,20250815,194000,1.385,1.385,1.385,1.385,100,0
TNON.US,5,20250815,194500,1.3802,1.385,1.38,1.3802,1700,0
TNON.US,5,20250815,195000,1.3803,1.3803,1.3803,1.3803,100,0
TNON.US,5,20250815,200000,1.39,1.39,1.39,1.39,1000,0
TNON.US,5,20250815,200500,1.388,1.39,1.3801,1.3801,3503,0
TNON.US,5,20250815,201500,1.38,1.39,1.38,1.39,4330,0
TNON.US,5,20250815,202000,1.385,1.385,1.38,1.38,1316,0
TNON.US,5,20250815,202500,1.3886,1.39,1.385,1.39,3000,0
TNON.US,5,20250815,203000,1.3853,1.3853,1.3853,1.3853,2000,0
TNON.US,5,20250815,203500,1.3801,1.3801,1.3801,1.3801,206,0
TNON.US,5,20250815,204500,1.39,1.39,1.385,1.39,4900,0
TNON.US,5,20250815,205000,1.39,1.395,1.39,1.395,700,0
TNON.US,5,20250815,205500,1.395,1.395,1.395,1.395,200,0
TNON.US,5,20250815,210000,1.39,1.39,1.39,1.39,410,0
TNON.US,5,20250815,211500,1.39,1.4,1.39,1.4,5035,0
TNON.US,5,20250815,212000,1.39,1.39,1.39,1.39,1000,0
TNON.US,5,20250815,212500,1.3892,1.3892,1.3801,1.3801,620,0
TNON.US,5,20250815,213000,1.4,1.4,1.3901,1.3901,4604,0
TNON.US,5,20250815,213500,1.39,1.395,1.39,1.395,208,0
TNON.US,5,20250815,214000,1.395,1.3957,1.3901,1.395,6400,0
TNON.US,5,20250815,214500,1.3946,1.405,1.39,1.405,7719,0
TNON.US,5,20250815,215000,1.405,1.405,1.395,1.395,6051,0
TNON.US,5,20250815,215500,1.395,1.41,1.39,1.39,37537,0
TNON.US,5,20250818,153000,1.37,1.38,1.361,1.361,9279,0
TNON.US,5,20250818,153500,1.3719,1.375,1.36,1.375,14881,0
TNON.US,5,20250818,154000,1.37,1.395,1.37,1.39,16965,0
TNON.US,5,20250818,154500,1.3619,1.38,1.3619,1.38,802,0
TNON.US,5,20250818,155000,1.385,1.4,1.38,1.3925,3395,0
TNON.US,5,20250818,155500,1.3999,1.4163,1.39,1.3905,18129,0
TNON.US,5,20250818,160000,1.3928,1.3928,1.3928,1.3928,500,0
TNON.US,5,20250818,160500,1.3929,1.4,1.3902,1.3902,3200,0
TNON.US,5,20250818,161000,1.402,1.4097,1.4002,1.4097,1421,0
TNON.US,5,20250818,161500,1.4002,1.405,1.39,1.4002,2481,0
TNON.US,5,20250818,162000,1.4042,1.405,1.4,1.4001,12066,0
TNON.US,5,20250818,162500,1.4,1.4089,1.4,1.4089,10800,0
TNON.US,5,20250818,163000,1.4,1.4,1.4,1.4,600,0
TNON.US,5,20250818,163500,1.395,1.4,1.39,1.39,6474,0
TNON.US,5,20250818,164000,1.3902,1.4,1.38,1.39,5424,0
TNON.US,5,20250818,164500,1.39,1.3998,1.39,1.39,883,0
TNON.US,5,20250818,165000,1.39,1.3998,1.39,1.3998,530,0
TNON.US,5,20250818,165500,1.4,1.405,1.4,1.405,933,0
TNON.US,5,20250818,170000,1.405,1.405,1.4,1.4,1505,0
TNON.US,5,20250818,170500,1.3906,1.3998,1.39,1.39,2975,0
TNON.US,5,20250818,171000,1.3892,1.3892,1.3892,1.3892,278,0
TNON.US,5,20250818,171500,1.39,1.39,1.39,1.39,101,0
TNON.US,5,20250818,172000,1.395,1.4,1.39,1.4,1870,0
TNON.US,5,20250818,172500,1.395,1.4,1.395,1.4,1572,0
TNON.US,5,20250818,173000,1.405,1.4096,1.4,1.4,3590,0
TNON.US,5,20250818,173500,1.395,1.41,1.395,1.4008,957,0
TNON.US,5,20250818,174000,1.4,1.4,1.395,1.4,4832,0
TNON.US,5,20250818,174500,1.4002,1.4002,1.4,1.4,1539,0
TNON.US,5,20250818,175000,1.4,1.4,1.4,1.4,6177,0
TNON.US,5,20250818,175500,1.4,1.4,1.4,1.4,800,0
TNON.US,5,20250818,180000,1.4,1.4,1.395,1.4,3000,0
TNON.US,5,20250818,180500,1.4,1.4004,1.4,1.4,5233,0
TNON.US,5,20250818,181000,1.395,1.41,1.395,1.41,11080,0
TNON.US,5,20250818,181500,1.41,1.415,1.4,1.41,4095,0
TNON.US,5,20250818,182000,1.41,1.41,1.405,1.41,2920,0
TNON.US,5,20250818,182500,1.41,1.41,1.41,1.41,3950,0
TNON.US,5,20250818,183000,1.405,1.41,1.405,1.41,1580,0
TNON.US,5,20250818,183500,1.41,1.41,1.4,1.4,4921,0
TNON.US,5,20250818,184500,1.4002,1.41,1.395,1.395,3394,0
TNON.US,5,20250818,185000,1.39,1.39,1.39,1.39,1979,0
TNON.US,5,20250818,185500,1.385,1.39,1.385,1.39,2947,0
TNON.US,5,20250818,190000,1.39,1.4,1.385,1.4,2710,0
TNON.US,5,20250818,190500,1.4,1.41,1.395,1.41,9763,0
TNON.US,5,20250818,191000,1.405,1.415,1.405,1.4102,3681,0
TNON.US,5,20250818,191500,1.41,1.415,1.405,1.41,9132,0
TNON.US,5,20250818,192000,1.41,1.41,1.405,1.41,2890,0
TNON.US,5,20250818,192500,1.4101,1.415,1.405,1.41,3657,0
TNON.US,5,20250818,193000,1.41,1.415,1.405,1.41,5823,0
TNON.US,5,20250818,193500,1.413,1.413,1.413,1.413,538,0
TNON.US,5,20250818,194000,1.4026,1.4026,1.4026,1.4026,3300,0
TNON.US,5,20250818,194500,1.41,1.4101,1.41,1.4101,2781,0
TNON.US,5,20250818,195000,1.41,1.415,1.41,1.41,4956,0
TNON.US,5,20250818,195500,1.41,1.43,1.405,1.43,21373,0
TNON.US,5,20250818,200000,1.43,1.4305,1.43,1.43,4354,0
TNON.US,5,20250818,200500,1.43,1.4301,1.425,1.4301,2338,0
TNON.US,5,20250818,201000,1.425,1.425,1.42,1.42,1860,0
TNON.US,5,20250818,201500,1.4104,1.4104,1.4104,1.4104,320,0
TNON.US,5,20250818,202500,1.42,1.42,1.415,1.415,3430,0
TNON.US,5,20250818,204000,1.42,1.426,1.42,1.4201,13942,0
TNON.US,5,20250818,204500,1.43,1.43,1.43,1.43,4456,0
TNON.US,5,20250818,205000,1.43,1.43,1.43,1.43,800,0
TNON.US,5,20250818,205500,1.43,1.435,1.43,1.435,2900,0
TNON.US,5,20250818,210000,1.44,1.44,1.44,1.44,972,0
TNON.US,5,20250818,210500,1.44,1.445,1.43,1.44,9780,0
TNON.US,5,20250818,211000,1.44,1.44,1.4301,1.4357,13651,0
TNON.US,5,20250818,211500,1.435,1.435,1.435,1.435,300,0
TNON.US,5,20250818,212000,1.43,1.45,1.43,1.44,3554,0
TNON.US,5,20250818,213000,1.43,1.44,1.43,1.44,1100,0
TNON.US,5,20250818,213500,1.44,1.44,1.4301,1.4301,2032,0
TNON.US,5,20250818,214000,1.44,1.44,1.435,1.44,423,0
TNON.US,5,20250818,214500,1.435,1.435,1.43,1.435,1616,0
TNON.US,5,20250818,215000,1.43,1.43,1.42,1.42,3160,0
TNON.US,5,20250818,215500,1.43,1.44,1.42,1.42,39453,0
TNON.US,5,20250819,153000,1.39,1.39,1.38,1.39,8812,0
TNON.US,5,20250819,153500,1.39,1.4597,1.39,1.4597,124781,0
TNON.US,5,20250819,154000,1.45,1.5,1.45,1.47,43787,0
TNON.US,5,20250819,154500,1.47,1.47,1.44,1.445,3911,0
TNON.US,5,20250819,155000,1.441,1.4498,1.44,1.4404,4941,0
TNON.US,5,20250819,155500,1.4499,1.4499,1.43,1.445,19179,0
TNON.US,5,20250819,160000,1.4497,1.4497,1.4401,1.4404,6184,0
TNON.US,5,20250819,160500,1.445,1.445,1.445,1.445,2100,0
TNON.US,5,20250819,161000,1.4401,1.4401,1.43,1.435,15443,0
TNON.US,5,20250819,161500,1.4365,1.44,1.42,1.435,9138,0
TNON.US,5,20250819,162000,1.4399,1.4399,1.4205,1.4205,2300,0
TNON.US,5,20250819,162500,1.44,1.45,1.44,1.45,16523,0
TNON.US,5,20250819,163000,1.45,1.4502,1.4499,1.4499,630,0
TNON.US,5,20250819,163500,1.44,1.445,1.4306,1.44,4850,0
TNON.US,5,20250819,164000,1.43,1.435,1.43,1.435,1595,0
TNON.US,5,20250819,164500,1.4397,1.4397,1.4205,1.4205,3268,0
TNON.US,5,20250819,165000,1.4201,1.4298,1.4201,1.4298,2100,0
TNON.US,5,20250819,165500,1.425,1.428,1.42,1.42,1750,0
TNON.US,5,20250819,170000,1.42,1.42,1.4103,1.4103,1670,0
TNON.US,5,20250819,170500,1.4199,1.4199,1.4,1.4005,54003,0
TNON.US,5,20250819,171000,1.41,1.4103,1.385,1.385,104998,0
TNON.US,5,20250819,171500,1.39,1.4,1.39,1.4,7800,0
TNON.US,5,20250819,172500,1.392,1.4093,1.392,1.4093,1200,0
TNON.US,5,20250819,173000,1.405,1.41,1.4047,1.41,3340,0
TNON.US,5,20250819,173500,1.41,1.41,1.4,1.4,1400,0
TNON.US,5,20250819,174000,1.41,1.42,1.41,1.42,2895,0
TNON.US,5,20250819,175000,1.42,1.42,1.42,1.42,3600,0
TNON.US,5,20250819,175500,1.4102,1.4294,1.4102,1.4294,9743,0
TNON.US,5,20250819,180000,1.42,1.42,1.4127,1.4127,630,0
TNON.US,5,20250819,180500,1.42,1.42,1.42,1.42,920,0
TNON.US,5,20250819,181000,1.42,1.42,1.42,1.42,400,0
TNON.US,5,20250819,181500,1.42,1.43,1.42,1.43,5400,0
TNON.US,5,20250819,183000,1.44,1.445,1.4398,1.44,1131,0
TNON.US,5,20250819,183500,1.44,1.44,1.44,1.44,100,0
TNON.US,5,20250819,184000,1.4305,1.44,1.4301,1.44,555,0
TNON.US,5,20250819,184500,1.4402,1.4402,1.44,1.44,900,0
TNON.US,5,20250819,185000,1.4403,1.45,1.4301,1.441,3190,0
TNON.US,5,20250819,185500,1.45,1.4598,1.44,1.4598,2912,0
TNON.US,5,20250819,190000,1.45,1.46,1.44,1.45,11143,0
TNON.US,5,20250819,190500,1.45,1.46,1.44,1.46,4697,0
TNON.US,5,20250819,191000,1.4597,1.46,1.4597,1.46,2734,0
TNON.US,5,20250819,191500,1.46,1.465,1.445,1.4501,10608,0
TNON.US,5,20250819,192000,1.46,1.46,1.45,1.4534,4800,0
TNON.US,5,20250819,192500,1.4694,1.4694,1.4544,1.4544,4227,0
TNON.US,5,20250819,193000,1.4616,1.49,1.4616,1.485,9906,0
TNON.US,5,20250819,193500,1.485,1.54,1.3982,1.44,302970,0
TNON.US,5,20250819,194000,1.44,1.4699,1.42,1.445,100245,0
TNON.US,5,20250819,194500,1.4406,1.4599,1.4201,1.4597,130476,0
TNON.US,5,20250819,195000,1.4401,1.4472,1.43,1.4472,2130,0
TNON.US,5,20250819,195500,1.445,1.4498,1.445,1.4498,1000,0
TNON.US,5,20250819,200000,1.4403,1.4498,1.44,1.4446,3140,0
TNON.US,5,20250819,200500,1.44,1.44,1.44,1.44,217,0
TNON.US,5,20250819,201000,1.45,1.45,1.45,1.45,1010,0
TNON.US,5,20250819,201500,1.445,1.445,1.43,1.43,1740,0
TNON.US,5,20250819,202000,1.4399,1.4399,1.4399,1.4399,250,0
TNON.US,5,20250819,202500,1.435,1.435,1.435,1.435,200,0
TNON.US,5,20250819,203000,1.4398,1.4398,1.42,1.42,747,0
TNON.US,5,20250819,203500,1.425,1.43,1.425,1.43,659,0
TNON.US,5,20250819,204000,1.4254,1.4254,1.4254,1.4254,500,0
TNON.US,5,20250819,204500,1.425,1.425,1.42,1.4216,4702,0
TNON.US,5,20250819,205000,1.425,1.44,1.42,1.42,1776,0
TNON.US,5,20250819,205500,1.42,1.44,1.42,1.44,6279,0
TNON.US,5,20250819,210000,1.42,1.4205,1.41,1.415,11658,0
TNON.US,5,20250819,210500,1.41,1.4102,1.39,1.405,18317,0
TNON.US,5,20250819,211500,1.41,1.41,1.41,1.41,4786,0
TNON.US,5,20250819,212000,1.4102,1.4102,1.4102,1.4102,400,0
TNON.US,5,20250819,212500,1.411,1.4114,1.39,1.41,11157,0
TNON.US,5,20250819,213000,1.41,1.42,1.41,1.415,10017,0
TNON.US,5,20250819,213500,1.415,1.415,1.415,1.415,800,0
TNON.US,5,20250819,214000,1.41,1.415,1.4,1.41,6785,0
TNON.US,5,20250819,214500,1.4137,1.4137,1.4137,1.4137,100,0
TNON.US,5,20250819,215000,1.41,1.41,1.4,1.41,9424,0
TNON.US,5,20250819,215500,1.41,1.43,1.4,1.4,13643,0
TNON.US,5,20250820,153000,1.41,1.415,1.4,1.41,9267,0
TNON.US,5,20250820,153500,1.41,1.4106,1.41,1.4106,3214,0
TNON.US,5,20250820,154000,1.42,1.4244,1.4,1.4,10533,0
TNON.US,5,20250820,154500,1.4,1.4019,1.4,1.4,4240,0
TNON.US,5,20250820,155000,1.41,1.41,1.41,1.41,153,0
TNON.US,5,20250820,155500,1.4097,1.4097,1.4,1.4036,1224,0
TNON.US,5,20250820,160000,1.4001,1.4049,1.4001,1.4049,879,0
TNON.US,5,20250820,160500,1.4002,1.405,1.4,1.4,4943,0
TNON.US,5,20250820,161000,1.4,1.4,1.4,1.4,578,0
TNON.US,5,20250820,161500,1.4,1.4001,1.4,1.4,2114,0
TNON.US,5,20250820,162000,1.4049,1.405,1.401,1.405,1778,0
TNON.US,5,20250820,162500,1.4097,1.4097,1.4097,1.4097,120,0
TNON.US,5,20250820,163500,1.3901,1.4,1.3901,1.4,251,0
TNON.US,5,20250820,164000,1.3901,1.3901,1.3901,1.3901,116,0
TNON.US,5,20250820,164500,1.4,1.405,1.4,1.405,5520,0
TNON.US,5,20250820,165000,1.41,1.4105,1.41,1.4105,5347,0
TNON.US,5,20250820,165500,1.41,1.42,1.41,1.42,2348,0
TNON.US,5,20250820,170000,1.415,1.42,1.415,1.42,2630,0
TNON.US,5,20250820,170500,1.43,1.44,1.42,1.42,22205,0
TNON.US,5,20250820,171000,1.4275,1.4275,1.4275,1.4275,100,0
TNON.US,5,20250820,171500,1.43,1.44,1.43,1.44,6111,0
TNON.US,5,20250820,172000,1.43,1.44,1.43,1.44,4476,0
TNON.US,5,20250820,172500,1.44,1.44,1.44,1.44,1533,0
TNON.US,5,20250820,173000,1.4328,1.44,1.4328,1.44,2055,0
TNON.US,5,20250820,174000,1.445,1.445,1.44,1.44,1359,0
TNON.US,5,20250820,174500,1.445,1.445,1.445,1.445,200,0
TNON.US,5,20250820,175000,1.4487,1.4487,1.44,1.44,1202,0
TNON.US,5,20250820,180000,1.43,1.43,1.43,1.43,1000,0
TNON.US,5,20250820,180500,1.435,1.4397,1.43,1.4302,4779,0
TNON.US,5,20250820,181000,1.43,1.4349,1.43,1.4349,1015,0
TNON.US,5,20250820,181500,1.435,1.435,1.435,1.435,100,0
TNON.US,5,20250820,182000,1.44,1.44,1.44,1.44,3782,0
TNON.US,5,20250820,183000,1.4496,1.4496,1.44,1.44,1100,0
TNON.US,5,20250820,184000,1.445,1.45,1.445,1.45,5073,0
TNON.US,5,20250820,184500,1.445,1.45,1.4431,1.4431,3667,0
TNON.US,5,20250820,185000,1.4404,1.45,1.4404,1.45,700,0
TNON.US,5,20250820,185500,1.4401,1.4401,1.44,1.44,1220,0
TNON.US,5,20250820,190000,1.44,1.44,1.44,1.44,600,0
TNON.US,5,20250820,190500,1.4412,1.445,1.4401,1.4401,900,0
TNON.US,5,20250820,191000,1.441,1.441,1.441,1.441,1535,0
TNON.US,5,20250820,191500,1.445,1.45,1.44,1.45,13321,0
TNON.US,5,20250820,192000,1.46,1.4768,1.46,1.4768,8647,0
TNON.US,5,20250820,192500,1.48,1.48,1.47,1.479,7588,0
TNON.US,5,20250820,193000,1.475,1.475,1.47,1.4701,12921,0
TNON.US,5,20250820,193500,1.46,1.46,1.43,1.44,77716,0
TNON.US,5,20250820,194000,1.4308,1.4308,1.4308,1.4308,435,0
TNON.US,5,20250820,195000,1.44,1.4401,1.44,1.4401,1209,0
TNON.US,5,20250820,195500,1.44,1.44,1.435,1.44,1190,0
TNON.US,5,20250820,201000,1.445,1.445,1.445,1.445,1600,0
TNON.US,5,20250820,201500,1.4432,1.4432,1.4432,1.4432,300,0
TNON.US,5,20250820,202500,1.445,1.445,1.445,1.445,877,0
TNON.US,5,20250820,203000,1.44,1.445,1.44,1.445,1219,0
TNON.US,5,20250820,203500,1.4481,1.4481,1.44,1.4431,1500,0
TNON.US,5,20250820,204000,1.44,1.4404,1.44,1.4404,393,0
TNON.US,5,20250820,204500,1.44,1.45,1.44,1.45,3807,0
TNON.US,5,20250820,205000,1.45,1.45,1.45,1.45,143,0
TNON.US,5,20250820,205500,1.45,1.4501,1.43,1.43,7344,0
TNON.US,5,20250820,210500,1.4406,1.45,1.4406,1.45,3030,0
TNON.US,5,20250820,211000,1.44,1.4501,1.44,1.4501,7320,0
TNON.US,5,20250820,212000,1.45,1.45,1.45,1.45,190,0
TNON.US,5,20250820,212500,1.45,1.4504,1.45,1.4504,1179,0
TNON.US,5,20250820,213000,1.4503,1.4503,1.45,1.45,650,0
TNON.US,5,20250820,213500,1.45,1.455,1.45,1.45,1699,0
TNON.US,5,20250820,214000,1.45,1.4501,1.45,1.45,4981,0
TNON.US,5,20250820,214500,1.45,1.4501,1.44,1.45,27418,0
TNON.US,5,20250820,215500,1.455,1.47,1.455,1.46,24040,0
TNON.US,5,20250821,153000,1.45,1.45,1.44,1.45,9474,0
TNON.US,5,20250821,153500,1.445,1.4497,1.445,1.445,1650,0
TNON.US,5,20250821,154000,1.45,1.46,1.45,1.46,4610,0
TNON.US,5,20250821,154500,1.465,1.465,1.465,1.465,1261,0
TNON.US,5,20250821,155000,1.46,1.47,1.46,1.47,2107,0
TNON.US,5,20250821,155500,1.4601,1.4601,1.44,1.44,1450,0
TNON.US,5,20250821,160500,1.4502,1.4502,1.4502,1.4502,5313,0
TNON.US,5,20250821,161000,1.45,1.4694,1.45,1.4694,1140,0
TNON.US,5,20250821,161500,1.45,1.455,1.44,1.44,13345,0
TNON.US,5,20250821,162000,1.43,1.44,1.43,1.44,7249,0
TNON.US,5,20250821,162500,1.45,1.45,1.45,1.45,400,0
TNON.US,5,20250821,163000,1.455,1.455,1.44,1.45,9946,0
TNON.US,5,20250821,165000,1.4406,1.4499,1.44,1.4499,859,0
TNON.US,5,20250821,165500,1.4435,1.4435,1.4435,1.4435,350,0
TNON.US,5,20250821,170500,1.443,1.445,1.443,1.445,1100,0
TNON.US,5,20250821,171500,1.45,1.45,1.45,1.45,943,0
TNON.US,5,20250821,172000,1.45,1.46,1.45,1.46,1468,0
TNON.US,5,20250821,172500,1.4502,1.4597,1.4502,1.4597,650,0
TNON.US,5,20250821,173500,1.46,1.465,1.46,1.465,2824,0
TNON.US,5,20250821,174000,1.4699,1.47,1.4696,1.47,5725,0
TNON.US,5,20250821,174500,1.4796,1.4796,1.4796,1.4796,400,0
TNON.US,5,20250821,175000,1.4758,1.4758,1.4758,1.4758,300,0
TNON.US,5,20250821,180000,1.47,1.48,1.47,1.48,27313,0
TNON.US,5,20250821,180500,1.485,1.49,1.48,1.49,4525,0
TNON.US,5,20250821,181000,1.5,1.5001,1.5,1.5001,823,0
TNON.US,5,20250821,181500,1.505,1.505,1.505,1.505,500,0
TNON.US,5,20250821,182000,1.505,1.52,1.505,1.52,15563,0
TNON.US,5,20250821,182500,1.51,1.515,1.5002,1.5013,2742,0
TNON.US,5,20250821,183000,1.505,1.51,1.505,1.5097,1458,0
TNON.US,5,20250821,183500,1.505,1.505,1.505,1.505,130,0
TNON.US,5,20250821,184000,1.505,1.505,1.505,1.505,100,0
TNON.US,5,20250821,184500,1.5096,1.5096,1.5096,1.5096,276,0
TNON.US,5,20250821,185500,1.5,1.505,1.48,1.48,11265,0
TNON.US,5,20250821,190000,1.485,1.49,1.485,1.49,7256,0
TNON.US,5,20250821,190500,1.4801,1.4801,1.4801,1.4801,2000,0
TNON.US,5,20250821,192000,1.49,1.49,1.48,1.48,2140,0
TNON.US,5,20250821,192500,1.49,1.495,1.485,1.495,1900,0
TNON.US,5,20250821,193000,1.4999,1.4999,1.4996,1.4996,417,0
TNON.US,5,20250821,193500,1.5,1.5,1.495,1.5,3240,0
TNON.US,5,20250821,194000,1.49,1.495,1.49,1.4903,2911,0
TNON.US,5,20250821,194500,1.4903,1.4903,1.4903,1.4903,1000,0
TNON.US,5,20250821,195500,1.495,1.495,1.47,1.49,83081,0
TNON.US,5,20250821,200000,1.48,1.4813,1.48,1.4813,12810,0
TNON.US,5,20250821,201500,1.48,1.48,1.47,1.47,9705,0
TNON.US,5,20250821,202500,1.47,1.47,1.47,1.47,319,0
TNON.US,5,20250821,203000,1.4795,1.4795,1.4795,1.4795,135,0
TNON.US,5,20250821,203500,1.4704,1.4704,1.4704,1.4704,1000,0
TNON.US,5,20250821,204000,1.47,1.47,1.47,1.47,107,0
TNON.US,5,20250821,204500,1.48,1.48,1.48,1.48,100,0
TNON.US,5,20250821,205000,1.4701,1.4701,1.4701,1.4701,205,0
TNON.US,5,20250821,205500,1.4716,1.4716,1.47,1.47,400,0
TNON.US,5,20250821,210000,1.48,1.48,1.475,1.475,11046,0
TNON.US,5,20250821,210500,1.48,1.48,1.48,1.48,800,0
TNON.US,5,20250821,211000,1.4803,1.4803,1.4803,1.4803,400,0
TNON.US,5,20250821,212000,1.4842,1.4842,1.48,1.48,4300,0
TNON.US,5,20250821,212500,1.475,1.475,1.475,1.475,1000,0
TNON.US,5,20250821,213000,1.471,1.471,1.471,1.471,605,0
TNON.US,5,20250821,213500,1.4799,1.4799,1.4701,1.4701,490,0
TNON.US,5,20250821,214000,1.4799,1.48,1.475,1.48,5460,0
TNON.US,5,20250821,214500,1.475,1.48,1.475,1.48,1520,0
TNON.US,5,20250821,215000,1.47,1.47,1.47,1.47,324,0
TNON.US,5,20250821,215500,1.475,1.49,1.475,1.49,22171,0
TNON.US,5,20250822,153000,1.48,1.495,1.4702,1.48,18018,0
TNON.US,5,20250822,153500,1.4847,1.5,1.46,1.495,83132,0
TNON.US,5,20250822,154000,1.5,1.52,1.5,1.5008,14560,0
TNON.US,5,20250822,154500,1.5006,1.5006,1.5006,1.5006,955,0
TNON.US,5,20250822,155000,1.5199,1.5199,1.49,1.51,9713,0
TNON.US,5,20250822,155500,1.5,1.5,1.5,1.5,500,0
TNON.US,5,20250822,160000,1.5,1.5,1.5,1.5,896,0
TNON.US,5,20250822,160500,1.51,1.5302,1.51,1.53,17800,0
TNON.US,5,20250822,161000,1.53,1.55,1.53,1.55,18128,0
TNON.US,5,20250822,161500,1.5496,1.5701,1.5496,1.565,16768,0
TNON.US,5,20250822,162000,1.5604,1.5649,1.545,1.545,12605,0
TNON.US,5,20250822,162500,1.55,1.55,1.54,1.545,1885,0
TNON.US,5,20250822,163000,1.5497,1.5497,1.5302,1.535,7147,0
TNON.US,5,20250822,163500,1.5389,1.5389,1.5389,1.5389,900,0
TNON.US,5,20250822,164000,1.53,1.54,1.5201,1.525,21633,0
TNON.US,5,20250822,164500,1.5299,1.5299,1.5202,1.5202,3286,0
TNON.US,5,20250822,165000,1.52,1.53,1.52,1.53,7806,0
TNON.US,5,20250822,165500,1.53,1.53,1.52,1.52,381,0
TNON.US,5,20250822,170000,1.53,1.53,1.525,1.525,4032,0
TNON.US,5,20250822,171000,1.5201,1.5201,1.5103,1.5103,2600,0
TNON.US,5,20250822,171500,1.51,1.51,1.505,1.5098,3717,0
TNON.US,5,20250822,172000,1.505,1.51,1.49,1.5036,20549,0
TNON.US,5,20250822,173000,1.505,1.505,1.5,1.5,6925,0
TNON.US,5,20250822,173500,1.49,1.495,1.49,1.495,6637,0
TNON.US,5,20250822,174000,1.49,1.4901,1.49,1.49,2811,0
TNON.US,5,20250822,174500,1.49,1.495,1.49,1.495,353,0
TNON.US,5,20250822,175000,1.4996,1.5,1.495,1.495,5738,0
TNON.US,5,20250822,175500,1.495,1.5,1.495,1.5,900,0
TNON.US,5,20250822,180000,1.495,1.4999,1.495,1.4999,1396,0
TNON.US,5,20250822,180500,1.5,1.52,1.5,1.515,49841,0
TNON.US,5,20250822,181000,1.515,1.515,1.515,1.515,336,0
TNON.US,5,20250822,182000,1.515,1.52,1.51,1.51,1979,0
TNON.US,5,20250822,182500,1.51,1.51,1.51,1.51,10000,0
TNON.US,5,20250822,184000,1.5,1.5,1.5,1.5,5000,0
TNON.US,5,20250822,184500,1.51,1.51,1.51,1.51,100,0
TNON.US,5,20250822,185000,1.5,1.5,1.5,1.5,291,0
TNON.US,5,20250822,185500,1.5001,1.5001,1.5001,1.5001,5000,0
TNON.US,5,20250822,190000,1.5,1.5,1.5,1.5,176,0
TNON.US,5,20250822,190500,1.5095,1.5099,1.505,1.505,1360,0
TNON.US,5,20250822,191000,1.5001,1.5002,1.5,1.5,5200,0
TNON.US,5,20250822,192000,1.5,1.505,1.5,1.5,3400,0
TNON.US,5,20250822,193000,1.5,1.505,1.5,1.505,2200,0
TNON.US,5,20250822,194000,1.5003,1.5003,1.5001,1.5001,746,0
TNON.US,5,20250822,194500,1.5001,1.5001,1.5001,1.5001,1500,0
TNON.US,5,20250822,195000,1.51,1.51,1.505,1.505,1055,0
TNON.US,5,20250822,200000,1.5004,1.5004,1.5004,1.5004,250,0
TNON.US,5,20250822,200500,1.51,1.51,1.51,1.51,1243,0
TNON.US,5,20250822,202000,1.51,1.51,1.51,1.51,1000,0
TNON.US,5,20250822,202500,1.5005,1.5005,1.5005,1.5005,110,0
TNON.US,5,20250822,203000,1.5005,1.51,1.5005,1.51,3041,0
TNON.US,5,20250822,203500,1.5142,1.5195,1.5142,1.5195,445,0
TNON.US,5,20250822,204000,1.51,1.51,1.51,1.51,2218,0
TNON.US,5,20250822,205500,1.5003,1.51,1.5003,1.51,1636,0
TNON.US,5,20250822,210000,1.51,1.51,1.51,1.51,1000,0
TNON.US,5,20250822,210500,1.5104,1.5104,1.5104,1.5104,250,0
TNON.US,5,20250822,212000,1.5105,1.5105,1.5105,1.5105,200,0
TNON.US,5,20250822,212500,1.51,1.51,1.51,1.51,100,0
TNON.US,5,20250822,213000,1.5104,1.5199,1.51,1.5199,1839,0
TNON.US,5,20250822,213500,1.51,1.51,1.51,1.51,450,0
TNON.US,5,20250822,214000,1.5196,1.5196,1.5101,1.513,1340,0
TNON.US,5,20250822,214500,1.51,1.51,1.5,1.51,9239,0
TNON.US,5,20250822,215000,1.5,1.505,1.5,1.5,6468,0
TNON.US,5,20250822,215500,1.5,1.5,1.49,1.49,9166,0
TNON.US,5,20250825,153000,1.49,1.5,1.48,1.4842,6797,0
TNON.US,5,20250825,153500,1.4829,1.4829,1.47,1.47,5809,0
TNON.US,5,20250825,154000,1.47,1.47,1.45,1.4575,31145,0
TNON.US,5,20250825,155000,1.4598,1.4599,1.45,1.45,8480,0
TNON.US,5,20250825,155500,1.4505,1.4505,1.44,1.4401,13154,0
TNON.US,5,20250825,160000,1.45,1.45,1.4431,1.4431,1948,0
TNON.US,5,20250825,160500,1.445,1.445,1.4,1.4265,59649,0
TNON.US,5,20250825,161000,1.425,1.4299,1.42,1.4299,1928,0
TNON.US,5,20250825,161500,1.4297,1.43,1.42,1.42,5200,0
TNON.US,5,20250825,162000,1.4205,1.4205,1.42,1.42,1973,0
TNON.US,5,20250825,162500,1.43,1.43,1.4201,1.4201,3178,0
TNON.US,5,20250825,163500,1.4298,1.43,1.4297,1.43,2650,0
TNON.US,5,20250825,164000,1.45,1.45,1.44,1.4482,3786,0
TNON.US,5,20250825,164500,1.4498,1.4498,1.43,1.435,1282,0
TNON.US,5,20250825,165000,1.44,1.44,1.435,1.4397,5468,0
TNON.US,5,20250825,165500,1.43,1.43,1.42,1.42,1181,0
TNON.US,5,20250825,170000,1.4202,1.425,1.4101,1.4101,2555,0
TNON.US,5,20250825,170500,1.4106,1.42,1.4101,1.4101,7109,0
TNON.US,5,20250825,171000,1.4197,1.4197,1.4197,1.4197,600,0
TNON.US,5,20250825,171500,1.415,1.415,1.4101,1.4101,1196,0
TNON.US,5,20250825,172000,1.42,1.42,1.4103,1.415,1200,0
TNON.US,5,20250825,172500,1.4198,1.4199,1.4198,1.4199,3400,0
TNON.US,5,20250825,173000,1.415,1.4198,1.415,1.4198,4768,0
TNON.US,5,20250825,173500,1.415,1.4199,1.41,1.4199,450,0
TNON.US,5,20250825,174000,1.4158,1.4197,1.4158,1.4196,1300,0
TNON.US,5,20250825,174500,1.418615,1.418615,1.405,1.41,27591,0
TNON.US,5,20250825,175000,1.4096,1.41,1.4,1.41,9077,0
TNON.US,5,20250825,175500,1.4169,1.4169,1.4169,1.4169,184,0
TNON.US,5,20250825,180500,1.41,1.41,1.405,1.405,2085,0
TNON.US,5,20250825,181000,1.405,1.405,1.405,1.405,882,0
TNON.US,5,20250825,181500,1.41,1.41,1.4,1.41,5002,0
TNON.US,5,20250825,182000,1.4047,1.4047,1.4047,1.4047,200,0
TNON.US,5,20250825,183000,1.4001,1.4001,1.4001,1.4001,200,0
TNON.US,5,20250825,183500,1.4013,1.4013,1.4013,1.4013,2400,0
TNON.US,5,20250825,184000,1.4098,1.4098,1.4098,1.4098,100,0
TNON.US,5,20250825,184500,1.4,1.4,1.4,1.4,141,0
TNON.US,5,20250825,185000,1.41,1.41,1.41,1.41,100,0
TNON.US,5,20250825,185500,1.4098,1.41,1.405,1.4098,1300,0
TNON.US,5,20250825,190000,1.41,1.41,1.405,1.4051,5000,0
TNON.US,5,20250825,191000,1.4096,1.4096,1.4047,1.4047,500,0
TNON.US,5,20250825,192000,1.405,1.405,1.405,1.405,100,0
TNON.US,5,20250825,192500,1.4099,1.4099,1.4099,1.4099,234,0
TNON.US,5,20250825,193500,1.4098,1.41,1.405,1.4099,3640,0
TNON.US,5,20250825,194000,1.41,1.41,1.41,1.41,493,0
TNON.US,5,20250825,195000,1.4,1.4,1.4,1.4,499,0
TNON.US,5,20250825,195500,1.4,1.4,1.39,1.3968,16736,0
TNON.US,5,20250825,200500,1.39,1.395,1.39,1.395,300,0
TNON.US,5,20250825,201000,1.3995,1.3995,1.3994,1.3994,602,0
TNON.US,5,20250825,202500,1.39,1.39,1.39,1.39,200,0
TNON.US,5,20250825,203000,1.39,1.39,1.39,1.39,500,0
TNON.US,5,20250825,204000,1.395,1.395,1.395,1.395,500,0
TNON.US,5,20250825,205000,1.3999,1.3999,1.3999,1.3999,100,0
TNON.US,5,20250825,210000,1.395,1.395,1.3905,1.3905,1280,0
TNON.US,5,20250825,210500,1.395,1.395,1.3906,1.3906,800,0
TNON.US,5,20250825,211000,1.395,1.4,1.39,1.4,1042,0
TNON.US,5,20250825,212000,1.395,1.3997,1.395,1.3997,200,0
TNON.US,5,20250825,212500,1.39,1.39,1.39,1.39,200,0
TNON.US,5,20250825,213000,1.3994,1.3994,1.3994,1.3994,100,0
TNON.US,5,20250825,214000,1.395,1.4,1.39,1.395,2059,0
TNON.US,5,20250825,214500,1.39,1.39,1.38,1.39,15449,0
TNON.US,5,20250825,215000,1.3899,1.3899,1.3801,1.3801,2600,0
TNON.US,5,20250825,215500,1.39,1.39,1.385,1.39,12153,0
TNON.US,5,20250826,153000,1.39,1.42,1.3701,1.4,18093,0
TNON.US,5,20250826,153500,1.4,1.4,1.3902,1.3902,1062,0
TNON.US,5,20250826,154000,1.4,1.4,1.39,1.4,957,0
TNON.US,5,20250826,154500,1.3984,1.3984,1.36,1.36,9071,0
TNON.US,5,20250826,155000,1.3702,1.3702,1.3702,1.3702,2000,0
TNON.US,5,20250826,160000,1.374,1.3892,1.374,1.38,550,0
TNON.US,5,20250826,160500,1.37,1.37,1.3628,1.3628,1220,0
TNON.US,5,20250826,161000,1.3603,1.37,1.36,1.37,4251,0
TNON.US,5,20250826,161500,1.36,1.36,1.36,1.36,500,0
TNON.US,5,20250826,162000,1.365,1.3697,1.365,1.3697,1965,0
TNON.US,5,20250826,162500,1.3697,1.37,1.36,1.365,37925,0
TNON.US,5,20250826,163000,1.365,1.37,1.36,1.365,5780,0
TNON.US,5,20250826,163500,1.36,1.36,1.36,1.36,574,0
TNON.US,5,20250826,164000,1.365,1.3699,1.365,1.3694,500,0
TNON.US,5,20250826,164500,1.3699,1.37,1.365,1.3656,3890,0
TNON.US,5,20250826,165000,1.365,1.365,1.365,1.365,250,0
TNON.US,5,20250826,170000,1.3635,1.3635,1.3635,1.3635,920,0
TNON.US,5,20250826,170500,1.3605,1.37,1.3605,1.3646,3856,0
TNON.US,5,20250826,171000,1.365,1.365,1.365,1.365,100,0
TNON.US,5,20250826,171500,1.3698,1.3698,1.36,1.36,9148,0
TNON.US,5,20250826,172000,1.3505,1.36,1.3505,1.355,619,0
TNON.US,5,20250826,172500,1.355,1.3598,1.3505,1.3549,7207,0
TNON.US,5,20250826,173000,1.355,1.3599,1.3502,1.3599,800,0
TNON.US,5,20250826,173500,1.355,1.3565,1.355,1.3565,1300,0
TNON.US,5,20250826,174000,1.350992,1.350992,1.35,1.35,1000,0
TNON.US,5,20250826,174500,1.355,1.36,1.35,1.35,8390,0
TNON.US,5,20250826,175000,1.3546,1.359109,1.3546,1.355,7510,0
TNON.US,5,20250826,180000,1.355,1.3597,1.3506,1.3597,1728,0
TNON.US,5,20250826,181000,1.3542,1.355,1.3502,1.3502,3074,0
TNON.US,5,20250826,181500,1.355,1.355,1.35,1.3546,2199,0
TNON.US,5,20250826,182000,1.355,1.355,1.355,1.355,110,0
TNON.US,5,20250826,182500,1.3501,1.3501,1.3501,1.3501,100,0
TNON.US,5,20250826,183000,1.35,1.36,1.35,1.35,6150,0
TNON.US,5,20250826,183500,1.3504,1.355,1.35,1.35,12206,0
TNON.US,5,20250826,184000,1.355,1.355,1.345,1.345,14293,0
TNON.US,5,20250826,184500,1.34,1.34,1.34,1.34,150,0
TNON.US,5,20250826,185000,1.3435,1.3435,1.3403,1.3403,1840,0
TNON.US,5,20250826,185500,1.3454,1.3454,1.3454,1.3454,300,0
TNON.US,5,20250826,190000,1.3494,1.35,1.3494,1.35,7300,0
TNON.US,5,20250826,190500,1.35,1.35,1.345,1.345,657,0
TNON.US,5,20250826,191000,1.3497,1.3497,1.3497,1.3497,740,0
TNON.US,5,20250826,191500,1.34,1.34,1.34,1.34,784,0
TNON.US,5,20250826,192000,1.3401,1.3401,1.3401,1.3401,2000,0
TNON.US,5,20250826,192500,1.345,1.35,1.345,1.3497,389,0
TNON.US,5,20250826,193000,1.345,1.345,1.345,1.345,500,0
TNON.US,5,20250826,194000,1.3452,1.3452,1.3452,1.3452,200,0
TNON.US,5,20250826,195000,1.34,1.345,1.34,1.345,1535,0
TNON.US,5,20250826,195500,1.34,1.34,1.34,1.34,250,0
TNON.US,5,20250826,200500,1.34,1.34,1.335,1.3353,5075,0
TNON.US,5,20250826,202000,1.3305,1.3346,1.3305,1.3346,1200,0
TNON.US,5,20250826,202500,1.3305,1.3305,1.3305,1.3305,2000,0
TNON.US,5,20250826,203000,1.335,1.3398,1.335,1.3398,700,0
TNON.US,5,20250826,203500,1.34,1.34,1.34,1.34,1255,0
TNON.US,5,20250826,204000,1.335,1.335,1.335,1.335,112,0
TNON.US,5,20250826,204500,1.335,1.335,1.335,1.335,1200,0
TNON.US,5,20250826,210000,1.34,1.34,1.34,1.34,2056,0
TNON.US,5,20250826,210500,1.335,1.34,1.3303,1.3399,4042,0
TNON.US,5,20250826,211000,1.34,1.34,1.34,1.34,1000,0
TNON.US,5,20250826,211500,1.338,1.338,1.338,1.338,500,0
TNON.US,5,20250826,212000,1.3306,1.335,1.3297,1.3297,16666,0
TNON.US,5,20250826,212500,1.32,1.3296,1.32,1.32,3909,0
TNON.US,5,20250826,213000,1.33,1.33,1.31,1.31,10229,0
TNON.US,5,20250826,213500,1.3101,1.315,1.3101,1.315,2012,0
TNON.US,5,20250826,214000,1.3196,1.3196,1.315,1.315,400,0
TNON.US,5,20250826,215000,1.31,1.315,1.31,1.31,2042,0
TNON.US,5,20250826,215500,1.315,1.32,1.31,1.31,14644,0
TNON.US,5,20250827,153000,1.31,1.3198,1.31,1.315,2377,0
TNON.US,5,20250827,153500,1.315,1.32,1.315,1.3169,1418,0
TNON.US,5,20250827,154000,1.315,1.32,1.315,1.32,7332,0
TNON.US,5,20250827,154500,1.32,1.34,1.32,1.33,1657,0
TNON.US,5,20250827,155000,1.32,1.33,1.32,1.32,3997,0
TNON.US,5,20250827,155500,1.33,1.3397,1.33,1.33,600,0
TNON.US,5,20250827,160000,1.335,1.335,1.33,1.33,5476,0
TNON.US,5,20250827,160500,1.32,1.32,1.3159,1.3159,4761,0
TNON.US,5,20250827,161000,1.3153,1.3153,1.315,1.315,7360,0
TNON.US,5,20250827,161500,1.315,1.33,1.315,1.33,3693,0
TNON.US,5,20250827,162000,1.3259,1.3259,1.3259,1.3259,251,0
TNON.US,5,20250827,162500,1.3202,1.34,1.3202,1.33,17830,0
TNON.US,5,20250827,163000,1.33,1.33,1.33,1.33,210,0
TNON.US,5,20250827,163500,1.33,1.33,1.33,1.33,200,0
TNON.US,5,20250827,164500,1.32,1.32,1.32,1.32,590,0
TNON.US,5,20250827,165500,1.3201,1.3201,1.3201,1.3201,137,0
TNON.US,5,20250827,170000,1.32,1.325,1.32,1.32,3394,0
TNON.US,5,20250827,170500,1.315,1.315,1.315,1.315,5000,0
TNON.US,5,20250827,171500,1.32,1.32,1.3177,1.3177,600,0
TNON.US,5,20250827,172000,1.3104,1.312,1.3104,1.312,270,0
TNON.US,5,20250827,172500,1.3199,1.3199,1.3199,1.3199,600,0
TNON.US,5,20250827,173000,1.32,1.32,1.31,1.31,1651,0
TNON.US,5,20250827,173500,1.315,1.315,1.3104,1.3104,415,0
TNON.US,5,20250827,174000,1.315,1.315,1.315,1.315,900,0
TNON.US,5,20250827,174500,1.31,1.3101,1.31,1.3101,1350,0
TNON.US,5,20250827,175000,1.3181,1.3197,1.3181,1.3197,2100,0
TNON.US,5,20250827,175500,1.315,1.32,1.315,1.32,2500,0
TNON.US,5,20250827,180500,1.3197,1.3197,1.3197,1.3197,100,0
TNON.US,5,20250827,182000,1.3197,1.3197,1.315,1.315,500,0
TNON.US,5,20250827,182500,1.3197,1.3197,1.3197,1.3197,1050,0
TNON.US,5,20250827,183500,1.32,1.32,1.315,1.3197,1592,0
TNON.US,5,20250827,184000,1.315,1.315,1.315,1.315,2800,0
TNON.US,5,20250827,184500,1.3197,1.32,1.315,1.315,600,0
TNON.US,5,20250827,185000,1.32,1.32,1.31,1.31,1183,0
TNON.US,5,20250827,185500,1.32,1.32,1.32,1.32,5241,0
TNON.US,5,20250827,190000,1.32,1.325,1.315,1.315,420,0
TNON.US,5,20250827,190500,1.3199,1.3199,1.3107,1.3107,200,0
TNON.US,5,20250827,191000,1.315,1.315,1.315,1.315,300,0
TNON.US,5,20250827,192500,1.3198,1.3198,1.3198,1.3198,200,0
TNON.US,5,20250827,193000,1.31,1.315,1.31,1.31,4846,0
TNON.US,5,20250827,194500,1.315,1.315,1.31,1.31,1704,0
TNON.US,5,20250827,195000,1.3111,1.3111,1.3111,1.3111,1165,0
TNON.US,5,20250827,195500,1.316,1.316,1.316,1.316,100,0
TNON.US,5,20250827,200000,1.3194,1.3198,1.315,1.315,700,0
TNON.US,5,20250827,200500,1.3163,1.3163,1.315,1.3153,4400,0
TNON.US,5,20250827,201000,1.315,1.315,1.315,1.315,340,0
TNON.US,5,20250827,201500,1.3106,1.3106,1.3106,1.3106,300,0
TNON.US,5,20250827,202000,1.315,1.315,1.315,1.315,100,0
TNON.US,5,20250827,202500,1.315,1.32,1.315,1.32,3379,0
TNON.US,5,20250827,203500,1.3196,1.3196,1.3196,1.3196,100,0
TNON.US,5,20250827,204000,1.3197,1.32,1.3103,1.3103,1100,0
TNON.US,5,20250827,205000,1.32,1.32,1.3198,1.3198,200,0
TNON.US,5,20250827,205500,1.3199,1.32,1.3106,1.32,1626,0
TNON.US,5,20250827,210500,1.3111,1.3111,1.3111,1.3111,130,0
TNON.US,5,20250827,211000,1.3196,1.3196,1.3101,1.3101,1632,0
TNON.US,5,20250827,211500,1.315,1.315,1.315,1.315,500,0
TNON.US,5,20250827,212000,1.31,1.315,1.31,1.31,5160,0
TNON.US,5,20250827,213000,1.32,1.32,1.32,1.32,2800,0
TNON.US,5,20250827,213500,1.32,1.32,1.32,1.32,1343,0
TNON.US,5,20250827,214000,1.315,1.315,1.315,1.315,288,0
TNON.US,5,20250827,215000,1.315,1.32,1.3146,1.315,2003,0
TNON.US,5,20250827,215500,1.315,1.32,1.31,1.31,4538,0
TNON.US,5,20250828,153000,1.33,1.33,1.32,1.33,9821,0
TNON.US,5,20250828,153500,1.33,1.33,1.33,1.33,801,0
TNON.US,5,20250828,154000,1.33,1.33,1.33,1.33,100,0
TNON.US,5,20250828,154500,1.32,1.32,1.32,1.32,272,0
TNON.US,5,20250828,155500,1.335,1.335,1.3203,1.3206,7123,0
TNON.US,5,20250828,160500,1.33,1.33,1.33,1.33,689,0
TNON.US,5,20250828,161000,1.32,1.3202,1.32,1.3202,8208,0
TNON.US,5,20250828,161500,1.3202,1.3202,1.32,1.32,1718,0
TNON.US,5,20250828,162000,1.32,1.32,1.3104,1.318,3331,0
TNON.US,5,20250828,162500,1.3198,1.34,1.315,1.3398,11239,0
TNON.US,5,20250828,163000,1.33,1.33,1.32,1.32,450,0
TNON.US,5,20250828,163500,1.3202,1.3299,1.32,1.3299,3296,0
TNON.US,5,20250828,164000,1.32,1.32,1.32,1.32,827,0
TNON.US,5,20250828,164500,1.3242,1.3242,1.3205,1.3205,5100,0
TNON.US,5,20250828,165000,1.33,1.33,1.33,1.33,1000,0
TNON.US,5,20250828,170000,1.325,1.3398,1.325,1.3398,999,0
TNON.US,5,20250828,170500,1.3301,1.3301,1.3301,1.3301,286,0
TNON.US,5,20250828,171000,1.33,1.3301,1.33,1.3301,742,0
TNON.US,5,20250828,172000,1.33,1.33,1.33,1.33,3700,0
TNON.US,5,20250828,172500,1.325,1.325,1.315,1.315,11850,0
TNON.US,5,20250828,173000,1.3104,1.315,1.3104,1.315,300,0
TNON.US,5,20250828,173500,1.315,1.315,1.315,1.315,650,0
TNON.US,5,20250828,174000,1.315,1.3198,1.315,1.3198,648,0
TNON.US,5,20250828,174500,1.3104,1.3104,1.3104,1.3104,227,0
TNON.US,5,20250828,175000,1.3199,1.3199,1.3199,1.3199,1000,0
TNON.US,5,20250828,180000,1.315,1.315,1.315,1.315,490,0
TNON.US,5,20250828,181000,1.315,1.315,1.31,1.31,700,0
TNON.US,5,20250828,181500,1.3162,1.32,1.3162,1.3199,650,0
TNON.US,5,20250828,183000,1.32,1.32,1.31,1.31,12828,0
TNON.US,5,20250828,183500,1.308,1.31,1.305,1.31,10000,0
TNON.US,5,20250828,184000,1.3,1.31,1.3,1.305,2437,0
TNON.US,5,20250828,190000,1.3054,1.3054,1.305,1.305,217,0
TNON.US,5,20250828,190500,1.3001,1.3001,1.3001,1.3001,1754,0
TNON.US,5,20250828,191500,1.3005,1.3095,1.3,1.3046,3391,0
TNON.US,5,20250828,192000,1.3,1.3,1.3,1.3,5000,0
TNON.US,5,20250828,195000,1.305,1.305,1.305,1.305,500,0
TNON.US,5,20250828,195500,1.305,1.305,1.305,1.305,200,0
TNON.US,5,20250828,200500,1.305,1.305,1.305,1.305,100,0
TNON.US,5,20250828,201500,1.31,1.31,1.3,1.3,700,0
TNON.US,5,20250828,202500,1.305,1.305,1.3,1.3,5497,0
TNON.US,5,20250828,203000,1.305,1.31,1.3,1.305,4478,0
TNON.US,5,20250828,203500,1.3036,1.3036,1.3036,1.3036,600,0
TNON.US,5,20250828,204000,1.3099,1.31,1.305,1.31,6118,0
TNON.US,5,20250828,204500,1.3097,1.3097,1.3097,1.3097,100,0
TNON.US,5,20250828,205000,1.3006,1.3006,1.3006,1.3006,200,0
TNON.US,5,20250828,205500,1.3089,1.3098,1.3089,1.3098,600,0
TNON.US,5,20250828,210000,1.31,1.31,1.305,1.305,300,0
TNON.US,5,20250828,210500,1.31,1.31,1.31,1.31,500,0
TNON.US,5,20250828,211000,1.305,1.31,1.3,1.3,13686,0
TNON.US,5,20250828,211500,1.305,1.31,1.305,1.3098,784,0
TNON.US,5,20250828,212500,1.305,1.305,1.3005,1.3005,10190,0
TNON.US,5,20250828,213000,1.3063,1.3063,1.3,1.3046,2200,0
TNON.US,5,20250828,213500,1.3005,1.305,1.3005,1.305,736,0
TNON.US,5,20250828,214000,1.300811,1.305,1.300811,1.305,1300,0
TNON.US,5,20250828,214500,1.305,1.305,1.295,1.295,15329,0
TNON.US,5,20250828,215000,1.295,1.2999,1.29,1.295,11380,0
TNON.US,5,20250828,215500,1.295,1.3,1.29,1.29,16121,0
TNON.US,5,20250829,153000,1.26,1.27,1.26,1.27,5453,0
TNON.US,5,20250829,153500,1.275,1.275,1.275,1.275,150,0
TNON.US,5,20250829,154000,1.275,1.275,1.275,1.275,500,0
TNON.US,5,20250829,154500,1.2641,1.29,1.2641,1.29,5950,0
TNON.US,5,20250829,155000,1.2844,1.2844,1.2844,1.2844,103,0
TNON.US,5,20250829,155500,1.2773,1.2773,1.2773,1.2773,200,0
TNON.US,5,20250829,160000,1.2694,1.2694,1.2694,1.2694,118,0
TNON.US,5,20250829,160500,1.265,1.2698,1.265,1.2698,1000,0
TNON.US,5,20250829,161000,1.25,1.26,1.24,1.245,3454,0
TNON.US,5,20250829,161500,1.2402,1.2402,1.23,1.23,9817,0
TNON.US,5,20250829,162000,1.2323,1.24,1.23,1.2303,3807,0
TNON.US,5,20250829,162500,1.23,1.2376,1.225,1.225,6592,0
TNON.US,5,20250829,163000,1.225,1.23,1.225,1.23,10230,0
TNON.US,5,20250829,163500,1.235,1.235,1.235,1.235,1100,0
TNON.US,5,20250829,164500,1.23,1.24,1.23,1.24,818,0
TNON.US,5,20250829,165500,1.24,1.24,1.235,1.235,411,0
TNON.US,5,20250829,170000,1.23,1.23,1.23,1.23,120,0
TNON.US,5,20250829,171000,1.23,1.23,1.23,1.23,825,0
TNON.US,5,20250829,171500,1.239,1.24,1.235,1.24,6400,0
TNON.US,5,20250829,172000,1.24,1.24,1.24,1.24,100,0
TNON.US,5,20250829,173000,1.25,1.25,1.2496,1.2496,569,0
TNON.US,5,20250829,173500,1.25,1.2529,1.25,1.2529,1000,0
TNON.US,5,20250829,174500,1.2501,1.2501,1.25,1.25,2327,0
TNON.US,5,20250829,175000,1.2497,1.2497,1.2497,1.2497,800,0
TNON.US,5,20250829,181500,1.2494,1.2494,1.2494,1.2494,200,0
TNON.US,5,20250829,182000,1.2496,1.2496,1.24,1.2436,5100,0
TNON.US,5,20250829,182500,1.2486,1.26,1.2486,1.26,8392,0
TNON.US,5,20250829,183000,1.26,1.26,1.26,1.26,300,0
TNON.US,5,20250829,184000,1.27,1.27,1.27,1.27,415,0
TNON.US,5,20250829,184500,1.279,1.28,1.27,1.27,450,0
TNON.US,5,20250829,185000,1.2608,1.27,1.2607,1.27,825,0
TNON.US,5,20250829,190000,1.2699,1.2699,1.26,1.26,1045,0
TNON.US,5,20250829,190500,1.2601,1.2699,1.2601,1.2602,10700,0
TNON.US,5,20250829,192000,1.265,1.265,1.265,1.265,108,0
TNON.US,5,20250829,193000,1.2601,1.2601,1.2601,1.2601,100,0
TNON.US,5,20250829,193500,1.261,1.265,1.25,1.26,3839,0
TNON.US,5,20250829,200500,1.265,1.265,1.265,1.265,125,0
TNON.US,5,20250829,202000,1.2603,1.2603,1.2603,1.2603,1000,0
TNON.US,5,20250829,204000,1.27,1.27,1.27,1.27,500,0
TNON.US,5,20250829,205000,1.262,1.265,1.26,1.26,5995,0
TNON.US,5,20250829,205500,1.26,1.26,1.2505,1.2505,200,0
TNON.US,5,20250829,210000,1.26,1.26,1.26,1.26,200,0
TNON.US,5,20250829,211000,1.25,1.25,1.25,1.25,150,0
TNON.US,5,20250829,211500,1.25,1.26,1.25,1.25,2757,0
TNON.US,5,20250829,212000,1.25,1.25,1.25,1.25,860,0
TNON.US,5,20250829,214000,1.25,1.25,1.245,1.245,2250,0
TNON.US,5,20250829,215000,1.2419,1.2497,1.2419,1.245,600,0
TNON.US,5,20250829,215500,1.25,1.25,1.24,1.24,9795,0
TNON.US,5,20250902,153000,1.23,1.2776,1.23,1.27,4227,0
TNON.US,5,20250902,153500,1.275,1.275,1.26,1.2601,1771,0
TNON.US,5,20250902,154000,1.2685,1.27,1.2605,1.2605,685,0
TNON.US,5,20250902,154500,1.26,1.2881,1.26,1.2881,804,0
TNON.US,5,20250902,155000,1.28,1.29,1.26,1.2705,7771,0
TNON.US,5,20250902,155500,1.285,1.2854,1.285,1.2854,2070,0
TNON.US,5,20250902,160000,1.2898,1.2898,1.28,1.2801,1050,0
TNON.US,5,20250902,160500,1.2802,1.29,1.28,1.28,4015,0
TNON.US,5,20250902,161000,1.26,1.26,1.26,1.26,200,0
TNON.US,5,20250902,161500,1.27,1.275,1.27,1.275,4600,0
TNON.US,5,20250902,162000,1.275,1.275,1.275,1.275,250,0
TNON.US,5,20250902,162500,1.27,1.2704,1.27,1.2704,1729,0
TNON.US,5,20250902,163500,1.27,1.27,1.27,1.27,252,0
TNON.US,5,20250902,164000,1.2799,1.2799,1.27,1.2796,680,0
TNON.US,5,20250902,165000,1.2702,1.2702,1.2702,1.2702,750,0
TNON.US,5,20250902,170000,1.2735,1.275,1.2701,1.2701,787,0
TNON.US,5,20250902,170500,1.27,1.27,1.27,1.27,3475,0
TNON.US,5,20250902,171000,1.2601,1.2601,1.26,1.26,733,0
TNON.US,5,20250902,172500,1.2794,1.2794,1.2794,1.2794,500,0
TNON.US,5,20250902,173000,1.2608,1.2608,1.26,1.26,9916,0
TNON.US,5,20250902,173500,1.2602,1.2602,1.2602,1.2602,425,0
TNON.US,5,20250902,174000,1.2601,1.27,1.2601,1.27,1050,0
TNON.US,5,20250902,174500,1.26,1.26,1.26,1.26,2502,0
TNON.US,5,20250902,175000,1.25,1.25,1.25,1.25,139,0
TNON.US,5,20250902,182500,1.25,1.25,1.24,1.2406,1894,0
TNON.US,5,20250902,183000,1.245,1.245,1.2447,1.2447,550,0
TNON.US,5,20250902,183500,1.245,1.245,1.24,1.24,1181,0
TNON.US,5,20250902,184000,1.25,1.25,1.25,1.25,830,0
TNON.US,5,20250902,184500,1.24,1.24,1.24,1.24,117,0
TNON.US,5,20250902,191000,1.2404,1.2404,1.2404,1.2404,350,0
TNON.US,5,20250902,191500,1.25,1.25,1.25,1.25,123,0
TNON.US,5,20250902,192000,1.25,1.25,1.25,1.25,168,0
TNON.US,5,20250902,193000,1.245,1.245,1.245,1.245,270,0
TNON.US,5,20250902,193500,1.245,1.245,1.2401,1.243,1432,0
TNON.US,5,20250902,194000,1.2442,1.2442,1.2442,1.2442,218,0
TNON.US,5,20250902,194500,1.24,1.24,1.24,1.24,3116,0
TNON.US,5,20250902,195000,1.24,1.24,1.24,1.24,3009,0
TNON.US,5,20250902,195500,1.2397,1.2397,1.2397,1.2397,213,0
TNON.US,5,20250902,200000,1.23,1.23,1.23,1.23,1162,0
TNON.US,5,20250902,201000,1.2397,1.2397,1.235,1.235,200,0
TNON.US,5,20250902,202000,1.23,1.23,1.215,1.2199,5462,0
TNON.US,5,20250902,202500,1.2197,1.22,1.215,1.215,3853,0
TNON.US,5,20250902,203000,1.215,1.22,1.215,1.2197,2474,0
TNON.US,5,20250902,203500,1.2178,1.2178,1.2178,1.2178,1000,0
TNON.US,5,20250902,205000,1.215,1.22,1.215,1.2199,1930,0
TNON.US,5,20250902,205500,1.215,1.2196,1.21,1.2196,3041,0
TNON.US,5,20250902,210000,1.21,1.2196,1.21,1.2196,2454,0
TNON.US,5,20250902,210500,1.2146,1.2146,1.21,1.21,900,0
TNON.US,5,20250902,211000,1.2199,1.2199,1.2199,1.2199,200,0
TNON.US,5,20250902,212000,1.2131,1.215,1.2131,1.215,6200,0
TNON.US,5,20250902,213500,1.21,1.215,1.21,1.215,916,0
TNON.US,5,20250902,214000,1.2102,1.215,1.2102,1.215,564,0
TNON.US,5,20250902,214500,1.2146,1.2146,1.21,1.21,900,0
TNON.US,5,20250902,215000,1.215,1.215,1.21,1.21,6500,0
TNON.US,5,20250902,215500,1.212,1.22,1.21,1.22,9790,0
TNON.US,5,20250903,153000,1.2,1.22,1.2,1.22,7731,0
TNON.US,5,20250903,153500,1.215,1.2199,1.2,1.2,11108,0
TNON.US,5,20250903,154000,1.2,1.2,1.2,1.2,500,0
TNON.US,5,20250903,154500,1.2,1.2101,1.2,1.2,5578,0
TNON.US,5,20250903,155000,1.21,1.215,1.2,1.2,1509,0
TNON.US,5,20250903,155500,1.21,1.21,1.2,1.209,2628,0
TNON.US,5,20250903,160000,1.2001,1.21,1.1903,1.195,3267,0
TNON.US,5,20250903,160500,1.1999,1.1999,1.19,1.19,3282,0
TNON.US,5,20250903,161000,1.19,1.19,1.17,1.172,13203,0
TNON.US,5,20250903,161500,1.17,1.1701,1.17,1.1701,916,0
TNON.US,5,20250903,162000,1.17,1.175,1.17,1.172,2620,0
TNON.US,5,20250903,162500,1.175,1.18,1.1706,1.18,1425,0
TNON.US,5,20250903,163000,1.173,1.18,1.17,1.18,2710,0
TNON.US,5,20250903,163500,1.1799,1.1799,1.17,1.17,11758,0
TNON.US,5,20250903,164000,1.1706,1.18,1.1706,1.175,10487,0
TNON.US,5,20250903,164500,1.18,1.19,1.18,1.19,10418,0
TNON.US,5,20250903,165000,1.19,1.1901,1.19,1.1901,745,0
TNON.US,5,20250903,165500,1.2,1.2,1.2,1.2,100,0
TNON.US,5,20250903,170000,1.19,1.19,1.19,1.19,169,0
TNON.US,5,20250903,170500,1.195,1.1969,1.195,1.1969,270,0
TNON.US,5,20250903,171000,1.1999,1.1999,1.1999,1.1999,200,0
TNON.US,5,20250903,171500,1.1997,1.1997,1.195,1.195,2167,0
TNON.US,5,20250903,172000,1.1904,1.1904,1.19,1.19,2592,0
TNON.US,5,20250903,173000,1.19,1.19,1.185,1.185,1900,0
TNON.US,5,20250903,173500,1.1854,1.1854,1.185,1.185,350,0
TNON.US,5,20250903,174500,1.1806,1.1865,1.1806,1.1865,1700,0
TNON.US,5,20250903,175000,1.1852,1.1852,1.1845,1.1845,269,0
TNON.US,5,20250903,175500,1.1801,1.1801,1.1801,1.1801,1698,0
TNON.US,5,20250903,180500,1.18,1.18,1.18,1.18,135,0
TNON.US,5,20250903,181000,1.1898,1.1899,1.1898,1.1899,788,0
TNON.US,5,20250903,181500,1.185,1.185,1.185,1.185,200,0
TNON.US,5,20250903,182000,1.185,1.185,1.18,1.18,949,0
TNON.US,5,20250903,183500,1.1804,1.1804,1.1803,1.1803,4657,0
TNON.US,5,20250903,184500,1.1805,1.1805,1.1805,1.1805,100,0
TNON.US,5,20250903,185000,1.185,1.185,1.14,1.15,91457,0
TNON.US,5,20250903,185500,1.145,1.15,1.145,1.15,957,0
TNON.US,5,20250903,190000,1.15,1.15,1.1496,1.15,4713,0
TNON.US,5,20250903,190500,1.15,1.15,1.14,1.15,2346,0
TNON.US,5,20250903,191000,1.145,1.16,1.145,1.16,4674,0
TNON.US,5,20250903,191500,1.16,1.16,1.1597,1.1597,1510,0
TNON.US,5,20250903,192000,1.155,1.155,1.155,1.155,493,0
TNON.US,5,20250903,192500,1.16,1.16,1.16,1.16,200,0
TNON.US,5,20250903,193000,1.16,1.17,1.1598,1.1658,3650,0
TNON.US,5,20250903,193500,1.1601,1.1601,1.1599,1.1599,1800,0
TNON.US,5,20250903,194000,1.165,1.165,1.16,1.165,900,0
TNON.US,5,20250903,194500,1.16,1.165,1.16,1.165,3215,0
TNON.US,5,20250903,195000,1.1605,1.1605,1.1605,1.1605,100,0
TNON.US,5,20250903,195500,1.16,1.165,1.16,1.165,900,0
TNON.US,5,20250903,200000,1.165,1.165,1.165,1.165,100,0
TNON.US,5,20250903,201000,1.16,1.16,1.16,1.16,100,0
TNON.US,5,20250903,202000,1.1699,1.1699,1.1699,1.1699,100,0
TNON.US,5,20250903,202500,1.165,1.1799,1.165,1.1799,14176,0
TNON.US,5,20250903,203000,1.18,1.18,1.18,1.18,200,0
TNON.US,5,20250903,203500,1.18,1.18,1.1796,1.1796,1238,0
TNON.US,5,20250903,204000,1.17,1.17,1.17,1.17,410,0
TNON.US,5,20250903,204500,1.16,1.16,1.16,1.16,137,0
TNON.US,5,20250903,205000,1.1797,1.1797,1.1797,1.1797,1372,0
TNON.US,5,20250903,210000,1.17,1.17,1.165,1.165,7100,0
TNON.US,5,20250903,210500,1.17,1.17,1.1601,1.1679,900,0
TNON.US,5,20250903,211000,1.165,1.165,1.165,1.165,100,0
TNON.US,5,20250903,211500,1.16,1.16,1.16,1.16,400,0
TNON.US,5,20250903,212000,1.165,1.17,1.165,1.165,1200,0
TNON.US,5,20250903,212500,1.165,1.175,1.165,1.175,2970,0
TNON.US,5,20250903,213000,1.18,1.18,1.1704,1.18,1408,0
TNON.US,5,20250903,213500,1.18,1.18,1.175,1.18,1480,0
TNON.US,5,20250903,214000,1.175,1.175,1.175,1.175,200,0
TNON.US,5,20250903,214500,1.18,1.18,1.175,1.175,300,0
TNON.US,5,20250903,215000,1.175,1.175,1.175,1.175,300,0
TNON.US,5,20250903,215500,1.1797,1.1799,1.17,1.175,8516,0
TNON.US,5,20250904,153000,1.17,1.1702,1.14,1.1419,42665,0
TNON.US,5,20250904,153500,1.1775,1.1775,1.15,1.165,1800,0
TNON.US,5,20250904,154000,1.1644,1.17,1.16,1.1604,2670,0
TNON.US,5,20250904,154500,1.17,1.17,1.1401,1.1401,12313,0
TNON.US,5,20250904,155000,1.1406,1.1499,1.14,1.1468,11430,0
TNON.US,5,20250904,155500,1.14,1.145,1.14,1.1403,1420,0
TNON.US,5,20250904,160000,1.1499,1.1499,1.145,1.145,300,0
TNON.US,5,20250904,160500,1.15,1.15,1.15,1.15,200,0
TNON.US,5,20250904,161000,1.1404,1.1497,1.122959,1.122959,19121,0
TNON.US,5,20250904,161500,1.13,1.1308,1.125,1.13,414,0
TNON.US,5,20250904,162000,1.13,1.13,1.13,1.13,102,0
TNON.US,5,20250904,163000,1.1298,1.1299,1.1298,1.1299,550,0
TNON.US,5,20250904,163500,1.1298,1.16,1.1298,1.16,5145,0
TNON.US,5,20250904,164000,1.155,1.1594,1.147,1.147,8809,0
TNON.US,5,20250904,164500,1.1539,1.1598,1.1539,1.1598,600,0
TNON.US,5,20250904,165000,1.16,1.16,1.16,1.16,11800,0
TNON.US,5,20250904,165500,1.16,1.16,1.16,1.16,100,0
TNON.US,5,20250904,170000,1.1597,1.1597,1.1597,1.1597,1076,0
TNON.US,5,20250904,170500,1.1597,1.1597,1.1597,1.1597,286,0
TNON.US,5,20250904,171000,1.1599,1.1599,1.1599,1.1599,500,0
TNON.US,5,20250904,171500,1.155,1.155,1.155,1.155,6000,0
TNON.US,5,20250904,172000,1.155,1.155,1.155,1.155,302,0
TNON.US,5,20250904,172500,1.1505,1.1598,1.1505,1.1598,1100,0
TNON.US,5,20250904,173000,1.1597,1.1597,1.1403,1.1403,19386,0
TNON.US,5,20250904,173500,1.145,1.145,1.145,1.145,400,0
TNON.US,5,20250904,174000,1.14,1.15,1.14,1.14,750,0
TNON.US,5,20250904,174500,1.145,1.145,1.135,1.135,6303,0
TNON.US,5,20250904,175000,1.14,1.14,1.14,1.14,300,0
TNON.US,5,20250904,180000,1.1304,1.1398,1.1304,1.1398,2026,0
TNON.US,5,20250904,180500,1.1301,1.1301,1.1301,1.1301,300,0
TNON.US,5,20250904,181000,1.14,1.14,1.14,1.14,1000,0
TNON.US,5,20250904,182000,1.13,1.135,1.13,1.135,1500,0
TNON.US,5,20250904,182500,1.1398,1.1398,1.1398,1.1398,500,0
TNON.US,5,20250904,183500,1.1303,1.1313,1.1303,1.1313,705,0
TNON.US,5,20250904,184000,1.14,1.14,1.135,1.135,975,0
TNON.US,5,20250904,185000,1.1329,1.1329,1.125,1.125,8165,0
TNON.US,5,20250904,185500,1.125,1.125,1.125,1.125,2625,0
TNON.US,5,20250904,190000,1.1203,1.1299,1.1203,1.1297,2525,0
TNON.US,5,20250904,190500,1.12,1.1298,1.12,1.125,300,0
TNON.US,5,20250904,192500,1.12,1.12,1.12,1.12,2978,0
TNON.US,5,20250904,193000,1.12,1.125,1.12,1.1203,1150,0
TNON.US,5,20250904,193500,1.1232,1.13,1.12,1.125,2697,0
TNON.US,5,20250904,194000,1.13,1.13,1.13,1.13,200,0
TNON.US,5,20250904,194500,1.1203,1.13,1.12,1.12,10728,0
TNON.US,5,20250904,195000,1.1103,1.12,1.1103,1.12,9676,0
TNON.US,5,20250904,195500,1.1203,1.13,1.1203,1.125,515,0
TNON.US,5,20250904,200500,1.1296,1.13,1.12,1.13,7710,0
TNON.US,5,20250904,201000,1.1303,1.135,1.1303,1.135,200,0
TNON.US,5,20250904,201500,1.1397,1.1397,1.1389,1.1389,1240,0
TNON.US,5,20250904,202000,1.1399,1.1399,1.135,1.135,2000,0
TNON.US,5,20250904,203000,1.13,1.13,1.1206,1.13,1239,0
TNON.US,5,20250904,203500,1.1303,1.1303,1.1303,1.1303,100,0
TNON.US,5,20250904,204500,1.1359,1.1359,1.135,1.135,892,0
TNON.US,5,20250904,205000,1.1325,1.1325,1.1325,1.1325,100,0
TNON.US,5,20250904,205500,1.135,1.135,1.1302,1.1306,1127,0
TNON.US,5,20250904,210000,1.14,1.14,1.14,1.14,200,0
TNON.US,5,20250904,210500,1.14,1.14,1.13,1.13,1138,0
TNON.US,5,20250904,211000,1.1398,1.1398,1.135,1.135,400,0
TNON.US,5,20250904,211500,1.1306,1.15,1.1306,1.1312,815,0
TNON.US,5,20250904,212000,1.145,1.145,1.14,1.1401,1490,0
TNON.US,5,20250904,212500,1.1301,1.14,1.1301,1.14,38042,0
TNON.US,5,20250904,213000,1.14,1.15,1.14,1.145,8060,0
TNON.US,5,20250904,213500,1.145,1.15,1.145,1.15,4503,0
TNON.US,5,20250904,214000,1.145,1.145,1.145,1.145,924,0
TNON.US,5,20250904,214500,1.145,1.145,1.145,1.145,900,0
TNON.US,5,20250904,215000,1.15,1.15,1.145,1.145,2487,0
TNON.US,5,20250904,215500,1.15,1.16,1.145,1.15,7218,0
TNON.US,5,20250905,153000,1.13,1.145,1.13,1.145,3981,0
TNON.US,5,20250905,153500,1.145,1.15,1.14,1.145,2371,0
TNON.US,5,20250905,154000,1.15,1.15,1.15,1.15,200,0
TNON.US,5,20250905,155000,1.1405,1.16,1.1405,1.16,1488,0
TNON.US,5,20250905,155500,1.16,1.17,1.154,1.17,5079,0
TNON.US,5,20250905,160000,1.18,1.18,1.1622,1.17,3324,0
TNON.US,5,20250905,160500,1.155,1.16,1.155,1.16,225,0
TNON.US,5,20250905,161000,1.155,1.155,1.155,1.155,289,0
TNON.US,5,20250905,161500,1.15,1.1598,1.14,1.14,9285,0
TNON.US,5,20250905,162000,1.14,1.145,1.14,1.1401,1750,0
TNON.US,5,20250905,162500,1.1401,1.1401,1.13,1.13,1876,0
TNON.US,5,20250905,163500,1.14,1.14,1.134,1.134,2050,0
TNON.US,5,20250905,164500,1.1372,1.14,1.13,1.14,2640,0
TNON.US,5,20250905,165000,1.1397,1.1397,1.1301,1.1301,1103,0
TNON.US,5,20250905,170000,1.13,1.13,1.13,1.13,100,0
TNON.US,5,20250905,170500,1.13,1.13,1.13,1.13,200,0
TNON.US,5,20250905,171000,1.13,1.14,1.13,1.13,2400,0
TNON.US,5,20250905,171500,1.13,1.135,1.13,1.135,2100,0
TNON.US,5,20250905,173000,1.135,1.15,1.135,1.14,15585,0
TNON.US,5,20250905,174500,1.15,1.15,1.1409,1.1409,1240,0
TNON.US,5,20250905,175000,1.1594,1.1594,1.1409,1.1409,275,0
TNON.US,5,20250905,175500,1.15,1.1599,1.15,1.15,2208,0
TNON.US,5,20250905,180500,1.15,1.15,1.15,1.15,655,0
TNON.US,5,20250905,181000,1.155,1.16,1.155,1.16,200,0
TNON.US,5,20250905,181500,1.1597,1.1597,1.1597,1.1597,500,0
TNON.US,5,20250905,183000,1.1504,1.1504,1.1504,1.1504,1050,0
TNON.US,5,20250905,183500,1.16,1.16,1.16,1.16,100,0
TNON.US,5,20250905,184000,1.1599,1.1599,1.155,1.155,2100,0
TNON.US,5,20250905,184500,1.16,1.17,1.16,1.17,5225,0
TNON.US,5,20250905,185000,1.17,1.17,1.165,1.17,1108,0
TNON.US,5,20250905,193500,1.17,1.17,1.1688,1.1688,4000,0
TNON.US,5,20250905,194500,1.1601,1.1601,1.16,1.16,573,0
TNON.US,5,20250905,195000,1.165,1.17,1.165,1.17,1232,0
TNON.US,5,20250905,200500,1.1696,1.1696,1.16,1.16,2207,0
TNON.US,5,20250905,201000,1.16,1.16,1.16,1.16,300,0
TNON.US,5,20250905,202000,1.17,1.17,1.17,1.17,100,0
TNON.US,5,20250905,202500,1.17,1.17,1.17,1.17,1000,0
TNON.US,5,20250905,203000,1.17,1.17,1.165,1.165,776,0
TNON.US,5,20250905,204000,1.1697,1.1697,1.1654,1.1654,750,0
TNON.US,5,20250905,205000,1.1657,1.17,1.1605,1.17,3261,0
TNON.US,5,20250905,205500,1.18,1.18,1.1704,1.1704,403,0
TNON.US,5,20250905,210000,1.18,1.18,1.18,1.18,400,0
TNON.US,5,20250905,210500,1.18,1.18,1.1754,1.1754,462,0
TNON.US,5,20250905,211500,1.175,1.1798,1.1738,1.1798,1595,0
TNON.US,5,20250905,212500,1.1799,1.18,1.1799,1.18,6000,0
TNON.US,5,20250905,213000,1.18,1.1861,1.18,1.1861,4409,0
TNON.US,5,20250905,213500,1.185,1.19,1.18,1.19,2385,0
TNON.US,5,20250905,214000,1.1899,1.2,1.1899,1.2,15902,0
TNON.US,5,20250905,214500,1.1998,1.2,1.19,1.19,687,0
TNON.US,5,20250905,215000,1.1903,1.195,1.18,1.1803,8359,0
TNON.US,5,20250905,215500,1.1803,1.185,1.18,1.18,9516,0
TNON.US,5,20250908,153000,1.15,1.15,1.15,1.15,7095,0
TNON.US,5,20250908,153500,1.15,1.15,1.1402,1.1404,5715,0
TNON.US,5,20250908,154000,1.15,1.15,1.14,1.14,8988,0
TNON.US,5,20250908,154500,1.13,1.15,1.13,1.13,6657,0
TNON.US,5,20250908,155000,1.15,1.1542,1.14,1.15,2344,0
TNON.US,5,20250908,155500,1.1401,1.1401,1.1401,1.1401,135,0
TNON.US,5,20250908,160000,1.1409,1.145,1.1409,1.145,228,0
TNON.US,5,20250908,160500,1.141,1.15,1.141,1.15,3837,0
TNON.US,5,20250908,161000,1.15,1.15,1.1403,1.1403,300,0
TNON.US,5,20250908,162000,1.1403,1.1503,1.14,1.1503,11549,0
TNON.US,5,20250908,162500,1.1501,1.16,1.15,1.16,5530,0
TNON.US,5,20250908,163000,1.1503,1.16,1.15,1.16,1998,0
TNON.US,5,20250908,163500,1.1698,1.1698,1.16,1.16,400,0
TNON.US,5,20250908,164000,1.1514,1.1696,1.1514,1.1696,1100,0
TNON.US,5,20250908,164500,1.17,1.18,1.17,1.1795,642,0
TNON.US,5,20250908,165500,1.1797,1.1797,1.1797,1.1797,1000,0
TNON.US,5,20250908,170000,1.18,1.18,1.175,1.18,5300,0
TNON.US,5,20250908,170500,1.175,1.18,1.162,1.1701,15707,0
TNON.US,5,20250908,171500,1.173,1.173,1.161,1.1658,2770,0
TNON.US,5,20250908,173000,1.1605,1.1605,1.1605,1.1605,219,0
TNON.US,5,20250908,173500,1.1699,1.1699,1.1699,1.1699,4500,0
TNON.US,5,20250908,174000,1.16,1.163,1.16,1.163,800,0
TNON.US,5,20250908,174500,1.16,1.16,1.16,1.16,100,0
TNON.US,5,20250908,175000,1.16,1.16,1.16,1.16,136,0
TNON.US,5,20250908,175500,1.1604,1.165,1.1604,1.165,774,0
TNON.US,5,20250908,180000,1.1698,1.17,1.165,1.17,300,0
TNON.US,5,20250908,181500,1.1696,1.1696,1.1696,1.1696,902,0
TNON.US,5,20250908,182000,1.1699,1.1699,1.1699,1.1699,400,0
TNON.US,5,20250908,182500,1.1604,1.165,1.1604,1.165,1696,0
TNON.US,5,20250908,183000,1.16,1.16,1.16,1.16,200,0
TNON.US,5,20250908,184000,1.165,1.165,1.16,1.16,1528,0
TNON.US,5,20250908,184500,1.165,1.165,1.16,1.16,1000,0
TNON.US,5,20250908,185000,1.165,1.165,1.165,1.165,127,0
TNON.US,5,20250908,185500,1.16,1.17,1.16,1.16,2527,0
TNON.US,5,20250908,190000,1.17,1.17,1.16,1.165,838,0
TNON.US,5,20250908,190500,1.16,1.16,1.16,1.16,100,0
TNON.US,5,20250908,191000,1.1604,1.1604,1.1604,1.1604,101,0
TNON.US,5,20250908,192000,1.165,1.165,1.165,1.165,100,0
TNON.US,5,20250908,192500,1.165,1.165,1.165,1.165,100,0
TNON.US,5,20250908,194000,1.1699,1.1699,1.1602,1.165,1324,0
TNON.US,5,20250908,200000,1.1645,1.1645,1.1645,1.1645,800,0
TNON.US,5,20250908,200500,1.165,1.165,1.161,1.165,1325,0
TNON.US,5,20250908,201000,1.16,1.165,1.16,1.1605,406,0
TNON.US,5,20250908,202000,1.165,1.17,1.165,1.17,380,0
TNON.US,5,20250908,202500,1.1698,1.1698,1.1698,1.1698,999,0
TNON.US,5,20250908,203000,1.165,1.165,1.16,1.1603,1189,0
TNON.US,5,20250908,203500,1.1696,1.1696,1.165,1.165,375,0
TNON.US,5,20250908,204500,1.165,1.165,1.16,1.16,300,0
TNON.US,5,20250908,205500,1.165,1.165,1.165,1.165,2000,0
TNON.US,5,20250908,210000,1.17,1.175,1.17,1.175,1650,0
TNON.US,5,20250908,210500,1.1799,1.1799,1.1799,1.1799,546,0
TNON.US,5,20250908,211500,1.18,1.18,1.18,1.18,224,0
TNON.US,5,20250908,213500,1.175,1.175,1.1703,1.1703,1656,0
TNON.US,5,20250908,215000,1.175,1.175,1.175,1.175,100,0
TNON.US,5,20250908,215500,1.17,1.1797,1.17,1.175,3660,0
TNON.US,5,20250909,153000,1.18,1.2,1.165,1.1942,13428,0
TNON.US,5,20250909,153500,1.19,1.2095,1.17,1.2,17174,0
TNON.US,5,20250909,154000,1.2,1.205,1.1974,1.1974,3391,0
TNON.US,5,20250909,154500,1.18,1.19,1.17,1.1809,1962,0
TNON.US,5,20250909,155000,1.2,1.2,1.2,1.2,150,0
TNON.US,5,20250909,155500,1.18,1.1802,1.15,1.155,22846,0
TNON.US,5,20250909,160000,1.17,1.17,1.17,1.17,201,0
TNON.US,5,20250909,160500,1.17,1.17,1.15,1.15,20312,0
TNON.US,5,20250909,161000,1.1526,1.1696,1.1526,1.16,985,0
TNON.US,5,20250909,161500,1.16,1.16,1.13,1.1599,26028,0
TNON.US,5,20250909,162000,1.15,1.15,1.15,1.15,125,0
TNON.US,5,20250909,162500,1.15,1.155,1.1494,1.1494,3128,0
TNON.US,5,20250909,163000,1.1401,1.1485,1.1401,1.1467,2212,0
TNON.US,5,20250909,163500,1.1499,1.1499,1.1499,1.1499,400,0
TNON.US,5,20250909,164000,1.1403,1.1403,1.1403,1.1403,828,0
TNON.US,5,20250909,164500,1.1403,1.15,1.1403,1.15,1764,0
TNON.US,5,20250909,165000,1.155,1.155,1.155,1.155,100,0
TNON.US,5,20250909,165500,1.15,1.15,1.15,1.15,100,0
TNON.US,5,20250909,171000,1.1606,1.1606,1.1606,1.1606,5000,0
TNON.US,5,20250909,171500,1.16,1.16,1.1528,1.1528,1317,0
TNON.US,5,20250909,172000,1.16,1.16,1.16,1.16,563,0
TNON.US,5,20250909,174000,1.1598,1.1598,1.155,1.155,7495,0
TNON.US,5,20250909,174500,1.155,1.155,1.155,1.155,400,0
TNON.US,5,20250909,175500,1.155,1.155,1.155,1.155,500,0
TNON.US,5,20250909,180500,1.15,1.15,1.1404,1.1404,2266,0
TNON.US,5,20250909,181000,1.1498,1.1498,1.145,1.145,600,0
TNON.US,5,20250909,181500,1.145,1.145,1.145,1.145,100,0
TNON.US,5,20250909,182000,1.1498,1.1498,1.1498,1.1498,5000,0
TNON.US,5,20250909,182500,1.148,1.148,1.145,1.145,5200,0
TNON.US,5,20250909,183000,1.145,1.145,1.14,1.14,895,0
TNON.US,5,20250909,184000,1.145,1.15,1.142,1.142,4151,0
TNON.US,5,20250909,185000,1.145,1.145,1.14,1.1401,10687,0
TNON.US,5,20250909,185500,1.14,1.14,1.14,1.14,100,0
TNON.US,5,20250909,190000,1.1447,1.1447,1.1447,1.1447,500,0
TNON.US,5,20250909,192500,1.15,1.15,1.15,1.15,100,0
TNON.US,5,20250909,193000,1.1499,1.15,1.1499,1.15,2039,0
TNON.US,5,20250909,193500,1.15,1.15,1.1401,1.1401,661,0
TNON.US,5,20250909,194000,1.1572,1.1572,1.1572,1.1572,320,0
TNON.US,5,20250909,200000,1.15,1.15,1.15,1.15,424,0
TNON.US,5,20250909,201000,1.145,1.145,1.145,1.145,290,0
TNON.US,5,20250909,201500,1.1499,1.1499,1.1499,1.1499,1000,0
TNON.US,5,20250909,202000,1.15,1.15,1.15,1.15,1231,0
TNON.US,5,20250909,202500,1.15,1.1501,1.14,1.14,600,0
TNON.US,5,20250909,203500,1.15,1.15,1.15,1.15,1400,0
TNON.US,5,20250909,204000,1.15,1.15,1.15,1.15,454,0
TNON.US,5,20250909,204500,1.1501,1.1501,1.1501,1.1501,1000,0
TNON.US,5,20250909,210000,1.155,1.155,1.14,1.1497,3600,0
TNON.US,5,20250909,210500,1.15,1.16,1.15,1.155,1400,0
TNON.US,5,20250909,211500,1.1599,1.1599,1.1599,1.1599,140,0
TNON.US,5,20250909,212000,1.1502,1.155,1.1502,1.155,10300,0
TNON.US,5,20250909,212500,1.15,1.15,1.15,1.15,1000,0
TNON.US,5,20250909,214000,1.1557,1.1557,1.1557,1.1557,1000,0
TNON.US,5,20250909,214500,1.155,1.155,1.155,1.155,335,0
TNON.US,5,20250909,215500,1.15,1.155,1.14,1.14,12415,0
TNON.US,5,20250910,153000,1.13,1.14,1.13,1.14,2250,0
TNON.US,5,20250910,153500,1.14,1.1405,1.14,1.1405,300,0
TNON.US,5,20250910,154500,1.155,1.155,1.155,1.155,100,0
TNON.US,5,20250910,155000,1.16,1.16,1.16,1.16,444,0
TNON.US,5,20250910,155500,1.15,1.1599,1.15,1.1503,8300,0
TNON.US,5,20250910,160000,1.155,1.17,1.155,1.17,10300,0
TNON.US,5,20250910,161000,1.16,1.1694,1.16,1.1643,1687,0
TNON.US,5,20250910,161500,1.17,1.17,1.17,1.17,200,0
TNON.US,5,20250910,162000,1.164,1.168,1.16,1.168,4768,0
TNON.US,5,20250910,162500,1.17,1.17,1.17,1.17,100,0
TNON.US,5,20250910,163000,1.16,1.165,1.16,1.165,299,0
TNON.US,5,20250910,163500,1.16,1.16,1.16,1.16,6495,0
TNON.US,5,20250910,164000,1.17,1.17,1.17,1.17,700,0
TNON.US,5,20250910,164500,1.16,1.16,1.16,1.16,3245,0
TNON.US,5,20250910,170000,1.1736,1.1736,1.1602,1.1602,490,0
TNON.US,5,20250910,171000,1.1601,1.1605,1.1601,1.1602,1808,0
TNON.US,5,20250910,171500,1.165,1.18,1.165,1.18,4848,0
TNON.US,5,20250910,172000,1.1702,1.1702,1.1702,1.1702,208,0
TNON.US,5,20250910,172500,1.18,1.18,1.18,1.18,153,0
TNON.US,5,20250910,174500,1.18,1.18,1.18,1.18,2394,0
TNON.US,5,20250910,175000,1.17,1.1898,1.17,1.1898,4500,0
TNON.US,5,20250910,175500,1.19,1.19,1.19,1.19,249,0
TNON.US,5,20250910,180000,1.18,1.18,1.18,1.18,100,0
TNON.US,5,20250910,181000,1.185,1.1858,1.185,1.1858,200,0
TNON.US,5,20250910,181500,1.1804,1.1804,1.1804,1.1804,100,0
TNON.US,5,20250910,183500,1.185,1.185,1.185,1.185,600,0
TNON.US,5,20250910,184000,1.18,1.18,1.18,1.18,19823,0
TNON.US,5,20250910,184500,1.18,1.18,1.17,1.18,10059,0
TNON.US,5,20250910,185000,1.19,1.195,1.18,1.195,21095,0
TNON.US,5,20250910,185500,1.195,1.2,1.195,1.2,500,0
TNON.US,5,20250910,190000,1.2,1.2,1.19,1.2,513,0
TNON.US,5,20250910,190500,1.19,1.19,1.19,1.19,813,0
TNON.US,5,20250910,191000,1.195,1.1996,1.195,1.195,1842,0
TNON.US,5,20250910,191500,1.195,1.1997,1.195,1.1997,3500,0
TNON.US,5,20250910,192000,1.195,1.21,1.195,1.2092,15686,0
TNON.US,5,20250910,192500,1.21,1.21,1.2002,1.2002,3705,0
TNON.US,5,20250910,193000,1.2093,1.2093,1.2093,1.2093,350,0
TNON.US,5,20250910,193500,1.21,1.21,1.21,1.21,12042,0
TNON.US,5,20250910,194000,1.2,1.2,1.1999,1.1999,1754,0
TNON.US,5,20250910,194500,1.1996,1.1999,1.1996,1.1999,300,0
TNON.US,5,20250910,195500,1.195,1.1964,1.195,1.1964,478,0
TNON.US,5,20250910,200000,1.1902,1.195,1.1902,1.195,1727,0
TNON.US,5,20250910,202000,1.195,1.195,1.19,1.19,3299,0
TNON.US,5,20250910,203000,1.195,1.195,1.195,1.195,130,0
TNON.US,5,20250910,204000,1.1902,1.1903,1.1902,1.1903,1253,0
TNON.US,5,20250910,204500,1.19,1.19,1.19,1.19,11942,0
TNON.US,5,20250910,210500,1.195,1.195,1.195,1.195,100,0
TNON.US,5,20250910,212500,1.195,1.195,1.19,1.19,400,0
TNON.US,5,20250910,214000,1.19,1.1942,1.19,1.1942,400,0
TNON.US,5,20250910,215000,1.195,1.195,1.195,1.195,100,0
TNON.US,5,20250910,215500,1.19,1.195,1.16,1.16,28163,0
TNON.US,5,20250911,153000,1.14,1.16,1.14,1.16,3847,0
TNON.US,5,20250911,154000,1.16,1.165,1.1598,1.16,4672,0
TNON.US,5,20250911,154500,1.1505,1.17,1.1505,1.16,2619,0
TNON.US,5,20250911,155000,1.17,1.17,1.16,1.16,930,0
TNON.US,5,20250911,155500,1.1601,1.17,1.1601,1.17,3700,0
TNON.US,5,20250911,160000,1.17,1.19,1.17,1.19,27008,0
TNON.US,5,20250911,160500,1.2,1.255,1.2,1.23,86678,0
TNON.US,5,20250911,161000,1.2297,1.2299,1.2,1.2,8769,0
TNON.US,5,20250911,161500,1.2,1.2,1.2,1.2,500,0
TNON.US,5,20250911,162000,1.2026,1.2026,1.2026,1.2026,400,0
TNON.US,5,20250911,162500,1.2,1.22,1.2,1.22,8127,0
TNON.US,5,20250911,163000,1.22,1.22,1.19,1.19,8924,0
TNON.US,5,20250911,163500,1.19,1.2,1.19,1.2,840,0
TNON.US,5,20250911,164000,1.2184,1.2184,1.1932,1.1932,2638,0
TNON.US,5,20250911,164500,1.195,1.195,1.1901,1.1901,272,0
TNON.US,5,20250911,165000,1.2,1.21,1.2,1.21,1420,0
TNON.US,5,20250911,165500,1.21,1.21,1.21,1.21,118,0
TNON.US,5,20250911,170500,1.2016,1.21,1.2,1.2,2600,0
TNON.US,5,20250911,171500,1.21,1.21,1.21,1.21,787,0
TNON.US,5,20250911,172000,1.2001,1.205,1.1997,1.1997,4633,0
TNON.US,5,20250911,172500,1.205,1.205,1.2003,1.2003,460,0
TNON.US,5,20250911,173000,1.2029,1.2029,1.2029,1.2029,351,0
TNON.US,5,20250911,174000,1.2001,1.2001,1.2001,1.2001,200,0
TNON.US,5,20250911,174500,1.2,1.2,1.195,1.195,4625,0
TNON.US,5,20250911,175000,1.2,1.2,1.2,1.2,125,0
TNON.US,5,20250911,175500,1.2,1.2,1.2,1.2,420,0
TNON.US,5,20250911,180000,1.2,1.2,1.2,1.2,1129,0
TNON.US,5,20250911,180500,1.2042,1.2042,1.2,1.2042,2300,0
TNON.US,5,20250911,181000,1.1999,1.1999,1.1999,1.1999,1000,0
TNON.US,5,20250911,181500,1.2,1.2,1.2,1.2,1000,0
TNON.US,5,20250911,183500,1.1953,1.205,1.1953,1.2,2964,0
TNON.US,5,20250911,184000,1.195,1.2,1.19,1.2,596,0
TNON.US,5,20250911,184500,1.1999,1.2,1.1998,1.1998,300,0
TNON.US,5,20250911,190000,1.205,1.2099,1.205,1.2099,1960,0
TNON.US,5,20250911,190500,1.2,1.2,1.2,1.2,200,0
TNON.US,5,20250911,192000,1.205,1.21,1.205,1.21,3600,0
TNON.US,5,20250911,193000,1.2098,1.2098,1.2098,1.2098,376,0
TNON.US,5,20250911,193500,1.2,1.2,1.2,1.2,100,0
TNON.US,5,20250911,195500,1.205,1.21,1.205,1.21,218,0
TNON.US,5,20250911,201000,1.21,1.2101,1.21,1.2101,2821,0
TNON.US,5,20250911,201500,1.2,1.2,1.2,1.2,100,0
TNON.US,5,20250911,202000,1.2002,1.2002,1.2,1.2,5743,0
TNON.US,5,20250911,203500,1.1902,1.1902,1.1902,1.1902,500,0
TNON.US,5,20250911,204500,1.2,1.2,1.2,1.2,19486,0
TNON.US,5,20250911,205500,1.2002,1.2002,1.2,1.2,6224,0
TNON.US,5,20250911,210000,1.195,1.195,1.195,1.195,200,0
TNON.US,5,20250911,212000,1.205,1.205,1.205,1.205,225,0
TNON.US,5,20250911,213500,1.205,1.205,1.205,1.205,700,0
TNON.US,5,20250911,214000,1.21,1.21,1.21,1.21,2700,0
TNON.US,5,20250911,214500,1.21,1.21,1.205,1.205,755,0
TNON.US,5,20250911,215000,1.2097,1.215,1.2002,1.215,4399,0
TNON.US,5,20250911,215500,1.21,1.21,1.19,1.2,8737,0
TNON.US,5,20250912,153000,1.16,1.2,1.16,1.2,15180,0
TNON.US,5,20250912,153500,1.2,1.2001,1.2,1.2,2864,0
TNON.US,5,20250912,155500,1.2002,1.2002,1.19,1.19,7856,0
TNON.US,5,20250912,161500,1.2,1.2,1.19,1.19,2812,0
TNON.US,5,20250912,162000,1.1901,1.1901,1.19,1.19,7200,0
TNON.US,5,20250912,162500,1.19,1.191,1.18,1.1801,1897,0
TNON.US,5,20250912,163500,1.18,1.18,1.18,1.18,2100,0
TNON.US,5,20250912,164000,1.1797,1.1797,1.17,1.17,910,0
TNON.US,5,20250912,164500,1.1896,1.1896,1.1896,1.1896,100,0
TNON.US,5,20250912,171500,1.19,1.19,1.19,1.19,400,0
TNON.US,5,20250912,172000,1.19,1.19,1.19,1.19,100,0
TNON.US,5,20250912,174000,1.19,1.19,1.19,1.19,322,0
TNON.US,5,20250912,174500,1.19,1.19,1.19,1.19,100,0
TNON.US,5,20250912,175000,1.19,1.19,1.1898,1.1898,800,0
TNON.US,5,20250912,175500,1.185,1.185,1.18,1.18,750,0
TNON.US,5,20250912,180000,1.18,1.18,1.18,1.18,100,0
TNON.US,5,20250912,180500,1.185,1.185,1.185,1.185,100,0
TNON.US,5,20250912,181500,1.19,1.2,1.1899,1.1999,1237,0
TNON.US,5,20250912,182000,1.195,1.1999,1.19,1.19,5202,0
TNON.US,5,20250912,184000,1.1994,1.1994,1.1994,1.1994,200,0
TNON.US,5,20250912,184500,1.1912,1.1912,1.1912,1.1912,110,0
TNON.US,5,20250912,185500,1.19,1.19,1.19,1.19,599,0
TNON.US,5,20250912,190000,1.19,1.19,1.19,1.19,100,0
TNON.US,5,20250912,191000,1.1902,1.1902,1.1902,1.1902,745,0
TNON.US,5,20250912,191500,1.195,1.195,1.18,1.18,4498,0
TNON.US,5,20250912,192000,1.185,1.185,1.185,1.185,115,0
TNON.US,5,20250912,192500,1.191,1.191,1.191,1.191,197,0
TNON.US,5,20250912,193500,1.19,1.19,1.19,1.19,1000,0
TNON.US,5,20250912,194000,1.183,1.183,1.183,1.183,113,0
TNON.US,5,20250912,194500,1.19,1.19,1.19,1.19,238,0
TNON.US,5,20250912,201000,1.185,1.185,1.18,1.18,400,0
TNON.US,5,20250912,201500,1.1898,1.1898,1.1898,1.1898,600,0
TNON.US,5,20250912,202000,1.185,1.185,1.18,1.18,5224,0
TNON.US,5,20250912,202500,1.18,1.1899,1.18,1.1899,11295,0
TNON.US,5,20250912,203000,1.185,1.185,1.18,1.18,11295,0
TNON.US,5,20250912,204000,1.18,1.18,1.18,1.18,2000,0
TNON.US,5,20250912,205000,1.18,1.18,1.18,1.18,125,0
TNON.US,5,20250912,205500,1.1838,1.1847,1.1838,1.1847,300,0
TNON.US,5,20250912,210500,1.185,1.185,1.185,1.185,430,0
TNON.US,5,20250912,212500,1.18,1.185,1.18,1.18,600,0
TNON.US,5,20250912,213000,1.185,1.185,1.18,1.18,699,0
TNON.US,5,20250912,214000,1.185,1.185,1.185,1.185,1400,0
TNON.US,5,20250912,214500,1.185,1.185,1.18,1.18,1633,0
TNON.US,5,20250912,215000,1.185,1.185,1.18,1.18,8670,0
TNON.US,5,20250912,215500,1.185,1.19,1.18,1.19,2324,0
TNON.US,5,20250915,153000,1.19,1.19,1.18,1.18,2332,0
TNON.US,5,20250915,153500,1.1801,1.19,1.17,1.17,1771,0
TNON.US,5,20250915,154000,1.17,1.171,1.17,1.171,200,0
TNON.US,5,20250915,154500,1.17,1.17,1.1662,1.1662,2059,0
TNON.US,5,20250915,155000,1.1696,1.1698,1.16,1.16,2079,0
TNON.US,5,20250915,155500,1.1698,1.1698,1.1698,1.1698,300,0
TNON.US,5,20250915,160000,1.17,1.17,1.17,1.17,400,0
TNON.US,5,20250915,160500,1.1699,1.1699,1.1699,1.1699,1000,0
TNON.US,5,20250915,161000,1.16,1.161,1.15,1.1598,10467,0
TNON.US,5,20250915,161500,1.16,1.1605,1.16,1.1605,429,0
TNON.US,5,20250915,162500,1.1604,1.1604,1.1604,1.1604,1202,0
TNON.US,5,20250915,163000,1.1693,1.17,1.16,1.17,2613,0
TNON.US,5,20250915,163500,1.165,1.165,1.165,1.165,642,0
TNON.US,5,20250915,165000,1.1601,1.1601,1.1601,1.1601,275,0
TNON.US,5,20250915,165500,1.16,1.1611,1.158,1.1599,2327,0
TNON.US,5,20250915,170000,1.16,1.16,1.155,1.155,400,0
TNON.US,5,20250915,170500,1.1589,1.16,1.1589,1.16,2200,0
TNON.US,5,20250915,171000,1.17,1.17,1.17,1.17,100,0
TNON.US,5,20250915,171500,1.16,1.16,1.1599,1.1599,525,0
TNON.US,5,20250915,172000,1.16,1.16,1.16,1.16,200,0
TNON.US,5,20250915,173000,1.15,1.15,1.15,1.15,1676,0
TNON.US,5,20250915,173500,1.15,1.15,1.15,1.15,9854,0
TNON.US,5,20250915,174000,1.1497,1.1499,1.145,1.1462,1175,0
TNON.US,5,20250915,174500,1.1499,1.1499,1.1499,1.1499,696,0
TNON.US,5,20250915,175500,1.15,1.15,1.15,1.15,623,0
TNON.US,5,20250915,180000,1.1498,1.1498,1.1498,1.1498,1400,0
TNON.US,5,20250915,180500,1.145,1.15,1.145,1.1489,664,0
TNON.US,5,20250915,181000,1.145,1.145,1.145,1.145,100,0
TNON.US,5,20250915,181500,1.1404,1.1498,1.1404,1.1498,700,0
TNON.US,5,20250915,182000,1.145,1.1499,1.145,1.145,3801,0
TNON.US,5,20250915,183500,1.15,1.15,1.15,1.15,307,0
TNON.US,5,20250915,184000,1.1484,1.15,1.1484,1.15,409,0
TNON.US,5,20250915,184500,1.15,1.15,1.15,1.15,500,0
TNON.US,5,20250915,185000,1.145,1.15,1.145,1.15,200,0
TNON.US,5,20250915,185500,1.15,1.15,1.145,1.145,2000,0
TNON.US,5,20250915,190000,1.145,1.145,1.14,1.14,700,0
TNON.US,5,20250915,192000,1.15,1.16,1.15,1.15,1849,0
TNON.US,5,20250915,193500,1.155,1.155,1.155,1.155,181,0
TNON.US,5,20250915,194000,1.155,1.155,1.15,1.15,500,0
TNON.US,5,20250915,195500,1.16,1.16,1.1599,1.1599,8720,0
TNON.US,5,20250915,200000,1.1549,1.1549,1.1549,1.1549,112,0
TNON.US,5,20250915,201500,1.1596,1.1596,1.1501,1.1564,805,0
TNON.US,5,20250915,203000,1.15,1.15,1.15,1.15,900,0
TNON.US,5,20250915,205000,1.155,1.155,1.155,1.155,822,0
TNON.US,5,20250915,205500,1.155,1.155,1.155,1.155,200,0
TNON.US,5,20250915,210000,1.155,1.155,1.155,1.155,172,0
TNON.US,5,20250915,210500,1.158,1.158,1.1501,1.155,4256,0
TNON.US,5,20250915,211500,1.16,1.16,1.1504,1.155,1865,0
TNON.US,5,20250915,213000,1.1599,1.16,1.1599,1.16,200,0
TNON.US,5,20250915,213500,1.1596,1.1596,1.1596,1.1596,266,0
TNON.US,5,20250915,214000,1.155,1.155,1.155,1.155,350,0
TNON.US,5,20250915,214500,1.1568,1.1568,1.155,1.155,1364,0
TNON.US,5,20250915,215000,1.155,1.155,1.1506,1.1549,746,0
TNON.US,5,20250915,215500,1.15,1.155,1.15,1.15,1589,0
TNON.US,5,20250916,153000,1.13,1.145,1.13,1.145,5020,0
TNON.US,5,20250916,153500,1.14,1.14,1.14,1.14,1981,0
TNON.US,5,20250916,154000,1.14,1.15,1.14,1.14,1575,0
TNON.US,5,20250916,155000,1.1357,1.14,1.13,1.1356,1364,0
TNON.US,5,20250916,155500,1.13,1.1357,1.13,1.1357,9698,0
TNON.US,5,20250916,160000,1.13,1.13,1.13,1.13,200,0
TNON.US,5,20250916,160500,1.13,1.13,1.13,1.13,542,0
TNON.US,5,20250916,161000,1.13,1.1396,1.13,1.13,1353,0
TNON.US,5,20250916,161500,1.13,1.1397,1.13,1.13,8374,0
TNON.US,5,20250916,162000,1.14,1.14,1.13,1.13,16795,0
TNON.US,5,20250916,163000,1.14,1.14,1.13,1.135,2811,0
TNON.US,5,20250916,163500,1.1303,1.135,1.13,1.135,3738,0
TNON.US,5,20250916,164000,1.1398,1.14,1.131,1.14,10110,0
TNON.US,5,20250916,164500,1.13,1.13,1.13,1.13,308,0
TNON.US,5,20250916,165000,1.14,1.14,1.14,1.14,100,0
TNON.US,5,20250916,165500,1.14,1.14,1.14,1.14,11008,0
TNON.US,5,20250916,172000,1.15,1.15,1.15,1.15,4723,0
TNON.US,5,20250916,172500,1.16,1.16,1.16,1.16,177,0
TNON.US,5,20250916,173000,1.1502,1.17,1.1502,1.17,5275,0
TNON.US,5,20250916,173500,1.1504,1.17,1.1504,1.17,9000,0
TNON.US,5,20250916,174000,1.16,1.18,1.16,1.18,30171,0
TNON.US,5,20250916,174500,1.185,1.1904,1.185,1.1904,8200,0
TNON.US,5,20250916,175000,1.1999,1.21,1.1904,1.21,8175,0
TNON.US,5,20250916,175500,1.21,1.2199,1.209,1.2104,5729,0
TNON.US,5,20250916,180000,1.2102,1.2102,1.1801,1.1801,30254,0
TNON.US,5,20250916,180500,1.185,1.185,1.185,1.185,600,0
TNON.US,5,20250916,182500,1.185,1.2,1.185,1.2,10022,0
TNON.US,5,20250916,183000,1.199,1.2,1.19,1.19,7427,0
TNON.US,5,20250916,183500,1.19,1.19,1.1802,1.1802,225,0
TNON.US,5,20250916,184000,1.185,1.185,1.185,1.185,200,0
TNON.US,5,20250916,184500,1.1994,1.1994,1.1994,1.1994,1666,0
TNON.US,5,20250916,185500,1.18,1.18,1.175,1.175,2019,0
TNON.US,5,20250916,190000,1.17,1.17,1.16,1.16,5300,0
TNON.US,5,20250916,190500,1.165,1.165,1.165,1.165,1000,0
TNON.US,5,20250916,191000,1.1604,1.1698,1.1604,1.1698,1100,0
TNON.US,5,20250916,191500,1.169,1.18,1.169,1.17,5000,0
TNON.US,5,20250916,193000,1.175,1.175,1.175,1.175,135,0
TNON.US,5,20250916,193500,1.16,1.175,1.16,1.164,14555,0
TNON.US,5,20250916,194000,1.169,1.179,1.169,1.179,4977,0
TNON.US,5,20250916,195500,1.18,1.18,1.18,1.18,1400,0
TNON.US,5,20250916,201000,1.17,1.17,1.17,1.17,600,0
TNON.US,5,20250916,202000,1.16,1.16,1.16,1.16,920,0
TNON.US,5,20250916,202500,1.1602,1.1697,1.1602,1.1697,3200,0
TNON.US,5,20250916,203000,1.16,1.16,1.16,1.16,13210,0
TNON.US,5,20250916,203500,1.17,1.17,1.17,1.17,100,0
TNON.US,5,20250916,204000,1.1699,1.1699,1.1699,1.1699,2300,0
TNON.US,5,20250916,205500,1.165,1.165,1.165,1.165,4150,0
TNON.US,5,20250916,210000,1.1606,1.165,1.1605,1.165,710,0
TNON.US,5,20250916,211000,1.17,1.17,1.17,1.17,1870,0
TNON.US,5,20250916,211500,1.1698,1.175,1.1698,1.175,2250,0
TNON.US,5,20250916,212000,1.175,1.175,1.175,1.175,300,0
TNON.US,5,20250916,212500,1.175,1.175,1.175,1.175,310,0
TNON.US,5,20250916,213000,1.175,1.175,1.175,1.175,600,0
TNON.US,5,20250916,213500,1.1703,1.175,1.1703,1.175,577,0
TNON.US,5,20250916,214500,1.1797,1.1799,1.1797,1.1799,3900,0
TNON.US,5,20250916,215000,1.18,1.22,1.18,1.22,20363,0
TNON.US,5,20250916,215500,1.19,1.23,1.19,1.23,65818,0
TNON.US,5,20250917,153000,1.21,1.245,1.21,1.23,7566,0
TNON.US,5,20250917,153500,1.2303,1.24,1.22,1.22,5415,0
TNON.US,5,20250917,154000,1.23,1.23,1.22,1.22,3026,0
TNON.US,5,20250917,154500,1.225,1.225,1.21,1.2103,4786,0
TNON.US,5,20250917,155000,1.22,1.22,1.22,1.22,1287,0
TNON.US,5,20250917,160000,1.22,1.22,1.22,1.22,100,0
TNON.US,5,20250917,160500,1.211,1.22,1.21,1.21,13251,0
TNON.US,5,20250917,161000,1.22,1.22,1.21,1.21,2943,0
TNON.US,5,20250917,161500,1.21,1.2199,1.21,1.2199,2448,0
TNON.US,5,20250917,162000,1.21,1.2194,1.21,1.2194,1821,0
TNON.US,5,20250917,162500,1.21,1.21,1.2,1.2,2639,0
TNON.US,5,20250917,163000,1.2,1.205,1.195,1.2,9158,0
TNON.US,5,20250917,163500,1.2002,1.2002,1.2002,1.2002,408,0
TNON.US,5,20250917,164500,1.2,1.2,1.19,1.19,381,0
TNON.US,5,20250917,165000,1.1912,1.1912,1.1912,1.1912,150,0
TNON.US,5,20250917,170000,1.2,1.2,1.19,1.19,2000,0
TNON.US,5,20250917,170500,1.2,1.2,1.19,1.19,1300,0
TNON.US,5,20250917,171000,1.2,1.2,1.19,1.19,1125,0
TNON.US,5,20250917,171500,1.2,1.2,1.2,1.2,802,0
TNON.US,5,20250917,173000,1.19,1.19,1.19,1.19,1925,0
TNON.US,5,20250917,173500,1.2,1.2,1.2,1.2,291,0
TNON.US,5,20250917,174500,1.2,1.2,1.2,1.2,400,0
TNON.US,5,20250917,175000,1.2065,1.2065,1.2065,1.2065,500,0
TNON.US,5,20250917,175500,1.2,1.2,1.2,1.2,119,0
TNON.US,5,20250917,180000,1.21,1.21,1.205,1.205,997,0
TNON.US,5,20250917,181000,1.2,1.2,1.2,1.2,1884,0
TNON.US,5,20250917,181500,1.205,1.205,1.205,1.205,250,0
TNON.US,5,20250917,182000,1.2099,1.2099,1.2099,1.2099,131,0
TNON.US,5,20250917,182500,1.2007,1.205,1.2007,1.205,500,0
TNON.US,5,20250917,184000,1.205,1.205,1.205,1.205,100,0
TNON.US,5,20250917,184500,1.205,1.205,1.205,1.205,100,0
TNON.US,5,20250917,185000,1.2006,1.2006,1.2006,1.2006,200,0
TNON.US,5,20250917,185500,1.2,1.2065,1.2,1.2065,3094,0
TNON.US,5,20250917,191000,1.2065,1.2065,1.2065,1.2065,334,0
TNON.US,5,20250917,192000,1.2,1.2045,1.2,1.2045,577,0
TNON.US,5,20250917,193500,1.2,1.205,1.2,1.205,900,0
TNON.US,5,20250917,194500,1.2001,1.2001,1.2001,1.2001,4201,0
TNON.US,5,20250917,200000,1.2098,1.21,1.2006,1.205,1423,0
TNON.US,5,20250917,201000,1.2086,1.21,1.2086,1.21,599,0
TNON.US,5,20250917,201500,1.2,1.2,1.2,1.2,1984,0
TNON.US,5,20250917,202500,1.2097,1.2097,1.2006,1.2006,3400,0
TNON.US,5,20250917,203000,1.2,1.205,1.2,1.205,1301,0
TNON.US,5,20250917,203500,1.2,1.2,1.2,1.2,10477,0
TNON.US,5,20250917,204000,1.195,1.195,1.195,1.195,16183,0
TNON.US,5,20250917,205000,1.19,1.19,1.19,1.19,2209,0
TNON.US,5,20250917,205500,1.185,1.185,1.18,1.18,1500,0
TNON.US,5,20250917,210000,1.185,1.185,1.185,1.185,116,0
TNON.US,5,20250917,210500,1.18,1.19,1.18,1.19,960,0
TNON.US,5,20250917,211000,1.19,1.19,1.19,1.19,300,0
TNON.US,5,20250917,211500,1.185,1.19,1.185,1.19,500,0
TNON.US,5,20250917,212000,1.1897,1.1897,1.18,1.18,1475,0
TNON.US,5,20250917,212500,1.19,1.19,1.19,1.19,822,0
TNON.US,5,20250917,214500,1.1804,1.1804,1.17,1.18,2533,0
TNON.US,5,20250917,215000,1.17,1.175,1.17,1.1702,960,0
TNON.US,5,20250917,215500,1.16,1.175,1.16,1.17,5473,0
TNON.US,5,20250918,153000,1.21,1.21,1.1959,1.1959,2820,0
TNON.US,5,20250918,153500,1.195,1.1999,1.191,1.1999,6119,0
TNON.US,5,20250918,154000,1.1996,1.1996,1.1901,1.193,400,0
TNON.US,5,20250918,154500,1.2,1.2,1.2,1.2,200,0
TNON.US,5,20250918,155500,1.1903,1.1903,1.1903,1.1903,1605,0
TNON.US,5,20250918,160000,1.2,1.205,1.2,1.2001,2728,0
TNON.US,5,20250918,160500,1.205,1.25,1.2001,1.2209,14197,0
TNON.US,5,20250918,161000,1.2396,1.2396,1.2396,1.2396,245,0
TNON.US,5,20250918,161500,1.22,1.2201,1.22,1.2201,24306,0
TNON.US,5,20250918,162000,1.2204,1.2204,1.2204,1.2204,110,0
TNON.US,5,20250918,162500,1.2201,1.23,1.2201,1.23,760,0
TNON.US,5,20250918,163000,1.2201,1.2201,1.2201,1.2201,225,0
TNON.US,5,20250918,164000,1.2205,1.225,1.2205,1.225,200,0
TNON.US,5,20250918,164500,1.22,1.22,1.22,1.22,100,0
TNON.US,5,20250918,170000,1.2205,1.2205,1.2205,1.2205,150,0
TNON.US,5,20250918,171500,1.225,1.225,1.225,1.225,100,0
TNON.US,5,20250918,172000,1.2201,1.225,1.21,1.21,11201,0
TNON.US,5,20250918,172500,1.2099,1.2099,1.2002,1.2002,2500,0
TNON.US,5,20250918,173500,1.2,1.2101,1.2,1.2,1909,0
TNON.US,5,20250918,174000,1.205,1.21,1.2,1.21,3502,0
TNON.US,5,20250918,174500,1.205,1.205,1.2001,1.2001,2590,0
TNON.US,5,20250918,175000,1.205,1.21,1.205,1.21,2900,0
TNON.US,5,20250918,175500,1.215,1.215,1.215,1.215,4824,0
TNON.US,5,20250918,180000,1.22,1.22,1.2199,1.2199,1418,0
TNON.US,5,20250918,180500,1.21,1.21,1.21,1.21,905,0
TNON.US,5,20250918,181000,1.21,1.21,1.2002,1.2002,1750,0
TNON.US,5,20250918,181500,1.2001,1.21,1.2001,1.21,250,0
TNON.US,5,20250918,182000,1.2055,1.2055,1.2055,1.2055,355,0
TNON.US,5,20250918,182500,1.2096,1.21,1.2096,1.21,711,0
TNON.US,5,20250918,183500,1.215,1.215,1.215,1.215,385,0
TNON.US,5,20250918,185500,1.21,1.215,1.21,1.215,435,0
TNON.US,5,20250918,191000,1.22,1.22,1.22,1.22,100,0
TNON.US,5,20250918,191500,1.22,1.22,1.22,1.22,5129,0
TNON.US,5,20250918,193000,1.21,1.215,1.21,1.215,2601,0
TNON.US,5,20250918,195500,1.21,1.21,1.21,1.21,300,0
TNON.US,5,20250918,202000,1.215,1.2199,1.215,1.2199,5000,0
TNON.US,5,20250918,202500,1.2199,1.2199,1.2199,1.2199,2166,0
TNON.US,5,20250918,203000,1.215,1.215,1.2101,1.2101,4805,0
TNON.US,5,20250918,210000,1.215,1.215,1.21,1.21,823,0
TNON.US,5,20250918,211500,1.215,1.215,1.215,1.215,257,0
TNON.US,5,20250918,212000,1.215,1.23,1.2105,1.22,9926,0
TNON.US,5,20250918,212500,1.2297,1.2297,1.2297,1.2297,255,0
TNON.US,5,20250918,213500,1.225,1.23,1.225,1.23,916,0
TNON.US,5,20250918,214000,1.225,1.225,1.225,1.225,5000,0
TNON.US,5,20250918,214500,1.2297,1.2297,1.2297,1.2297,244,0
TNON.US,5,20250918,215000,1.23,1.23,1.23,1.23,2151,0
TNON.US,5,20250918,215500,1.2205,1.2205,1.2205,1.2205,266,0
TNON.US,5,20250919,153000,1.2,1.23,1.2,1.23,6266,0
TNON.US,5,20250919,153500,1.2,1.2013,1.2,1.2013,300,0
TNON.US,5,20250919,154000,1.2,1.2196,1.2,1.2196,1046,0
TNON.US,5,20250919,155000,1.2295,1.2295,1.2295,1.2295,250,0
TNON.US,5,20250919,155500,1.215,1.22,1.215,1.216,1634,0
TNON.US,5,20250919,160000,1.22,1.22,1.22,1.22,130,0
TNON.US,5,20250919,160500,1.2101,1.2101,1.2101,1.2101,1722,0
TNON.US,5,20250919,161000,1.22,1.22,1.2151,1.2151,875,0
TNON.US,5,20250919,161500,1.22,1.2299,1.22,1.2299,5420,0
TNON.US,5,20250919,162000,1.225,1.2298,1.225,1.2298,1200,0
TNON.US,5,20250919,162500,1.225,1.225,1.225,1.225,1249,0
TNON.US,5,20250919,163000,1.22,1.2202,1.22,1.2202,4000,0
TNON.US,5,20250919,164000,1.225,1.225,1.225,1.225,655,0
TNON.US,5,20250919,164500,1.22,1.22,1.22,1.22,270,0
TNON.US,5,20250919,165000,1.23,1.23,1.23,1.23,100,0
TNON.US,5,20250919,170500,1.2153,1.2153,1.2153,1.2153,500,0
TNON.US,5,20250919,171000,1.22,1.22,1.22,1.22,5000,0
TNON.US,5,20250919,171500,1.22,1.22,1.21,1.21,600,0
TNON.US,5,20250919,172000,1.22,1.22,1.22,1.22,1000,0
TNON.US,5,20250919,173000,1.2204,1.2204,1.2204,1.2204,180,0
TNON.US,5,20250919,173500,1.2203,1.2203,1.2203,1.2203,359,0
TNON.US,5,20250919,174000,1.23,1.23,1.23,1.23,100,0
TNON.US,5,20250919,174500,1.22,1.22,1.21,1.21,750,0
TNON.US,5,20250919,175000,1.21,1.21,1.21,1.21,302,0
TNON.US,5,20250919,175500,1.22,1.22,1.2198,1.2198,1176,0
TNON.US,5,20250919,180500,1.215,1.215,1.215,1.215,317,0
TNON.US,5,20250919,181000,1.215,1.215,1.21,1.21,908,0
TNON.US,5,20250919,181500,1.2165,1.2189,1.2165,1.2189,2714,0
TNON.US,5,20250919,182500,1.2101,1.22,1.2101,1.22,444,0
TNON.US,5,20250919,183000,1.22,1.22,1.22,1.22,200,0
TNON.US,5,20250919,183500,1.2106,1.2106,1.21,1.21,300,0
TNON.US,5,20250919,184000,1.2106,1.2106,1.2106,1.2106,100,0
TNON.US,5,20250919,185000,1.2105,1.2105,1.2105,1.2105,450,0
TNON.US,5,20250919,190000,1.23,1.23,1.22,1.2298,300,0
TNON.US,5,20250919,190500,1.2216,1.2216,1.2216,1.2216,2500,0
TNON.US,5,20250919,191000,1.2299,1.2299,1.2299,1.2299,589,0
TNON.US,5,20250919,191500,1.2201,1.2201,1.2201,1.2201,1000,0
TNON.US,5,20250919,192000,1.225,1.225,1.225,1.225,700,0
TNON.US,5,20250919,192500,1.225,1.225,1.2203,1.2203,1200,0
TNON.US,5,20250919,193500,1.22,1.22,1.22,1.22,368,0
TNON.US,5,20250919,194000,1.2297,1.2297,1.2297,1.2297,115,0
TNON.US,5,20250919,194500,1.23,1.23,1.23,1.23,200,0
TNON.US,5,20250919,195000,1.2346,1.2346,1.2346,1.2346,1000,0
TNON.US,5,20250919,200000,1.2304,1.235,1.23,1.23,1008,0
TNON.US,5,20250919,201000,1.2303,1.2303,1.23,1.23,900,0
TNON.US,5,20250919,201500,1.2204,1.2204,1.2204,1.2204,1373,0
TNON.US,5,20250919,202000,1.23,1.23,1.23,1.23,140,0
TNON.US,5,20250919,203000,1.225,1.23,1.225,1.225,955,0
TNON.US,5,20250919,203500,1.225,1.225,1.22,1.225,1332,0
TNON.US,5,20250919,205000,1.22,1.23,1.22,1.23,700,0
TNON.US,5,20250919,211000,1.22,1.22,1.215,1.215,736,0
TNON.US,5,20250919,213000,1.22,1.22,1.22,1.22,600,0
TNON.US,5,20250919,213500,1.22,1.23,1.22,1.2204,2534,0
TNON.US,5,20250919,214500,1.225,1.225,1.22,1.22,715,0
TNON.US,5,20250919,215000,1.23,1.25,1.23,1.245,13157,0
TNON.US,5,20250919,215500,1.25,1.25,1.24,1.245,11464,0
TNON.US,5,20250922,153000,1.23,1.23,1.21,1.21,6004,0
TNON.US,5,20250922,153500,1.21,1.22,1.21,1.22,3146,0
TNON.US,5,20250922,154000,1.22,1.2298,1.22,1.2298,791,0
TNON.US,5,20250922,155000,1.22,1.22,1.2106,1.2106,755,0
TNON.US,5,20250922,155500,1.22,1.22,1.19,1.19,85624,0
TNON.US,5,20250922,160000,1.1912,1.2,1.1912,1.2,957,0
TNON.US,5,20250922,160500,1.1998,1.205,1.1997,1.205,600,0
TNON.US,5,20250922,161000,1.205,1.205,1.1899,1.19,9212,0
TNON.US,5,20250922,161500,1.19,1.2,1.19,1.1944,1125,0
TNON.US,5,20250922,162000,1.2,1.207,1.2,1.2045,3045,0
TNON.US,5,20250922,162500,1.2095,1.2095,1.2,1.2001,2255,0
TNON.US,5,20250922,163000,1.2001,1.2095,1.2,1.2,1669,0
TNON.US,5,20250922,163500,1.2,1.2,1.19,1.1901,3918,0
TNON.US,5,20250922,164000,1.195,1.2,1.195,1.2,1133,0
TNON.US,5,20250922,164500,1.2,1.2,1.2,1.2,2641,0
TNON.US,5,20250922,165500,1.2,1.2,1.2,1.2,100,0
TNON.US,5,20250922,170500,1.2003,1.2003,1.2003,1.2003,250,0
TNON.US,5,20250922,171000,1.2004,1.2004,1.2,1.2,2400,0
TNON.US,5,20250922,172500,1.198,1.21,1.195,1.2,14984,0
TNON.US,5,20250922,173000,1.2168,1.2168,1.2168,1.2168,220,0
TNON.US,5,20250922,175500,1.2103,1.2103,1.2103,1.2103,100,0
TNON.US,5,20250922,180500,1.21,1.2199,1.21,1.2199,985,0
TNON.US,5,20250922,181500,1.2104,1.2104,1.2104,1.2104,867,0
TNON.US,5,20250922,182000,1.215,1.215,1.21,1.215,2761,0
TNON.US,5,20250922,183500,1.215,1.215,1.2101,1.2101,838,0
TNON.US,5,20250922,184000,1.215,1.215,1.21,1.21,240,0
TNON.US,5,20250922,185000,1.22,1.22,1.22,1.22,100,0
TNON.US,5,20250922,185500,1.2101,1.22,1.2101,1.22,999,0
TNON.US,5,20250922,190000,1.22,1.22,1.22,1.22,100,0
TNON.US,5,20250922,192000,1.22,1.22,1.22,1.22,1043,0
TNON.US,5,20250922,193000,1.2102,1.2102,1.2102,1.2102,200,0
TNON.US,5,20250922,194500,1.215,1.215,1.21,1.21,1292,0
TNON.US,5,20250922,200000,1.22,1.22,1.22,1.22,200,0
TNON.US,5,20250922,200500,1.215,1.23,1.215,1.23,8382,0
TNON.US,5,20250922,202000,1.225,1.225,1.225,1.225,480,0
TNON.US,5,20250922,202500,1.2201,1.2201,1.2201,1.2201,114,0
TNON.US,5,20250922,203000,1.22,1.22,1.22,1.22,100,0
TNON.US,5,20250922,203500,1.225,1.225,1.2201,1.2201,1787,0
TNON.US,5,20250922,204500,1.2203,1.2203,1.2203,1.2203,555,0
TNON.US,5,20250922,210000,1.22,1.22,1.22,1.22,385,0
TNON.US,5,20250922,211000,1.22,1.22,1.22,1.22,100,0
TNON.US,5,20250922,214500,1.22,1.2215,1.22,1.22,2998,0
TNON.US,5,20250922,215000,1.22,1.22,1.22,1.22,4381,0
TNON.US,5,20250922,215500,1.215,1.24,1.21,1.23,3589,0
TNON.US,5,20250923,153000,1.23,1.23,1.23,1.23,1230,0
TNON.US,5,20250923,153500,1.24,1.24,1.23,1.23,1475,0
TNON.US,5,20250923,154000,1.23,1.24,1.23,1.24,1189,0
TNON.US,5,20250923,154500,1.235,1.25,1.235,1.25,950,0
TNON.US,5,20250923,155000,1.24,1.24,1.2302,1.2302,755,0
TNON.US,5,20250923,155500,1.24,1.25,1.24,1.2403,6757,0
TNON.US,5,20250923,160000,1.24,1.24,1.24,1.24,6526,0
TNON.US,5,20250923,161000,1.245,1.245,1.24,1.245,2800,0
TNON.US,5,20250923,162000,1.2496,1.2496,1.2496,1.2496,713,0
TNON.US,5,20250923,163500,1.23,1.24,1.23,1.23,972,0
TNON.US,5,20250923,164000,1.2304,1.2304,1.2304,1.2304,923,0
TNON.US,5,20250923,164500,1.24,1.2498,1.23,1.2301,2655,0
TNON.US,5,20250923,165000,1.235,1.2356,1.235,1.2356,655,0
TNON.US,5,20250923,170000,1.24,1.24,1.24,1.24,100,0
TNON.US,5,20250923,170500,1.24,1.24,1.24,1.24,200,0
TNON.US,5,20250923,171000,1.24,1.2496,1.24,1.2496,2700,0
TNON.US,5,20250923,171500,1.2406,1.2406,1.2406,1.2406,500,0
TNON.US,5,20250923,173000,1.24,1.24,1.24,1.24,2200,0
TNON.US,5,20250923,174500,1.235,1.235,1.235,1.235,193,0
TNON.US,5,20250923,181000,1.23,1.23,1.225,1.2256,7857,0
TNON.US,5,20250923,181500,1.23,1.23,1.23,1.23,200,0
TNON.US,5,20250923,182000,1.2299,1.2299,1.2299,1.2299,563,0
TNON.US,5,20250923,182500,1.23,1.23,1.23,1.23,2585,0
TNON.US,5,20250923,183000,1.2301,1.235,1.2301,1.235,1000,0
TNON.US,5,20250923,185000,1.2396,1.2396,1.2396,1.2396,767,0
TNON.US,5,20250923,185500,1.2398,1.2398,1.2302,1.2303,1300,0
TNON.US,5,20250923,190000,1.23,1.23,1.22,1.23,3704,0
TNON.US,5,20250923,191000,1.2307,1.2307,1.2307,1.2307,120,0
TNON.US,5,20250923,191500,1.226,1.226,1.226,1.226,480,0
TNON.US,5,20250923,192000,1.2395,1.24,1.2395,1.24,200,0
TNON.US,5,20250923,193000,1.23,1.23,1.22,1.22,2190,0
TNON.US,5,20250923,194500,1.21,1.2101,1.21,1.2101,728,0
TNON.US,5,20250923,195000,1.21,1.21,1.2098,1.2098,783,0
TNON.US,5,20250923,195500,1.205,1.21,1.19,1.21,23854,0
TNON.US,5,20250923,200000,1.2,1.203,1.2,1.203,1200,0
TNON.US,5,20250923,200500,1.1963,1.1963,1.19,1.1902,6625,0
TNON.US,5,20250923,202500,1.197,1.21,1.195,1.21,10301,0
TNON.US,5,20250923,203000,1.21,1.2198,1.21,1.2198,2000,0
TNON.US,5,20250923,203500,1.21,1.21,1.21,1.21,3100,0
TNON.US,5,20250923,204000,1.21,1.21,1.21,1.21,200,0
TNON.US,5,20250923,205500,1.21,1.22,1.21,1.21,1212,0
TNON.US,5,20250923,211000,1.2198,1.2198,1.2198,1.2198,200,0
TNON.US,5,20250923,211500,1.21,1.21,1.21,1.21,400,0
TNON.US,5,20250923,212000,1.215,1.22,1.215,1.215,979,0
TNON.US,5,20250923,212500,1.213,1.215,1.213,1.215,200,0
TNON.US,5,20250923,213000,1.2199,1.2199,1.215,1.215,398,0
TNON.US,5,20250923,213500,1.2155,1.2155,1.2155,1.2155,100,0
TNON.US,5,20250923,214000,1.215,1.22,1.215,1.22,500,0
TNON.US,5,20250923,214500,1.2145,1.2145,1.2145,1.2145,185,0
TNON.US,5,20250923,215000,1.215,1.215,1.21,1.215,1528,0
TNON.US,5,20250923,215500,1.215,1.22,1.215,1.22,1115,0
TNON.US,5,20250924,154000,1.2295,1.2295,1.21,1.21,12576,0
TNON.US,5,20250924,154500,1.2,1.205,1.2,1.2,5575,0
TNON.US,5,20250924,155000,1.205,1.205,1.2001,1.2001,1202,0
TNON.US,5,20250924,155500,1.2,1.2,1.2,1.2,1000,0
TNON.US,5,20250924,160000,1.205,1.2098,1.205,1.2098,966,0
TNON.US,5,20250924,160500,1.21,1.21,1.21,1.21,1000,0
TNON.US,5,20250924,161500,1.2101,1.2101,1.18,1.19,23797,0
TNON.US,5,20250924,162000,1.1992,1.1992,1.1992,1.1992,192,0
TNON.US,5,20250924,163500,1.2021,1.2021,1.2021,1.2021,150,0
TNON.US,5,20250924,165500,1.2,1.2,1.2,1.2,1634,0
TNON.US,5,20250924,170000,1.2,1.2,1.2,1.2,200,0
TNON.US,5,20250924,170500,1.1902,1.1902,1.1902,1.1902,500,0
TNON.US,5,20250924,171000,1.1965,1.1965,1.19,1.1901,433,0
TNON.US,5,20250924,172000,1.1906,1.1906,1.19,1.19,1771,0
TNON.US,5,20250924,172500,1.1905,1.1905,1.1905,1.1905,100,0
TNON.US,5,20250924,173500,1.195,1.195,1.195,1.195,1000,0
TNON.US,5,20250924,174000,1.195,1.195,1.195,1.195,100,0
TNON.US,5,20250924,175000,1.19,1.19,1.1898,1.19,1290,0
TNON.US,5,20250924,180000,1.18,1.18,1.16,1.17,28644,0
TNON.US,5,20250924,180500,1.175,1.18,1.175,1.18,452,0
TNON.US,5,20250924,181000,1.1873,1.1873,1.1873,1.1873,110,0
TNON.US,5,20250924,182000,1.17,1.17,1.155,1.16,6312,0
TNON.US,5,20250924,182500,1.16,1.16,1.15,1.15,5184,0
TNON.US,5,20250924,183000,1.1599,1.1599,1.1599,1.1599,373,0
TNON.US,5,20250924,183500,1.16,1.165,1.16,1.16,10954,0
TNON.US,5,20250924,184000,1.1644,1.1697,1.1644,1.1697,1671,0
TNON.US,5,20250924,184500,1.165,1.165,1.16,1.16,6757,0
TNON.US,5,20250924,185000,1.17,1.17,1.1602,1.1602,2245,0
TNON.US,5,20250924,185500,1.1605,1.1605,1.1605,1.1605,305,0
TNON.US,5,20250924,190000,1.1601,1.1698,1.1601,1.1698,200,0
TNON.US,5,20250924,190500,1.16,1.1698,1.16,1.16,1036,0
TNON.US,5,20250924,191000,1.165,1.165,1.165,1.165,4060,0
TNON.US,5,20250924,192000,1.165,1.165,1.165,1.165,250,0
TNON.US,5,20250924,192500,1.1606,1.1606,1.16,1.16,200,0
TNON.US,5,20250924,193000,1.16,1.16,1.16,1.16,1100,0
TNON.US,5,20250924,193500,1.1699,1.1699,1.1699,1.1699,1094,0
TNON.US,5,20250924,195000,1.1605,1.1605,1.1605,1.1605,547,0
TNON.US,5,20250924,195500,1.16,1.16,1.16,1.16,305,0
TNON.US,5,20250924,200000,1.165,1.165,1.16,1.16,3194,0
TNON.US,5,20250924,200500,1.1605,1.1605,1.1605,1.1605,547,0
TNON.US,5,20250924,201500,1.16,1.1699,1.16,1.1635,8110,0
TNON.US,5,20250924,202000,1.1698,1.1698,1.1698,1.1698,1000,0
TNON.US,5,20250924,203000,1.167,1.21,1.167,1.208,22200,0
TNON.US,5,20250924,205000,1.2,1.2,1.2,1.2,300,0
TNON.US,5,20250924,205500,1.195,1.195,1.195,1.195,1133,0
TNON.US,5,20250924,210500,1.2,1.2,1.2,1.2,100,0
TNON.US,5,20250924,211000,1.19,1.19,1.19,1.19,500,0
TNON.US,5,20250924,211500,1.2,1.2,1.2,1.2,1600,0
TNON.US,5,20250924,212000,1.195,1.195,1.195,1.195,500,0
TNON.US,5,20250924,212500,1.195,1.195,1.195,1.195,500,0
TNON.US,5,20250924,213500,1.19,1.2,1.18,1.2,3297,0
TNON.US,5,20250924,214500,1.19,1.19,1.19,1.19,346,0
TNON.US,5,20250924,215000,1.195,1.195,1.19,1.19,1763,0
TNON.US,5,20250924,215500,1.19,1.19,1.19,1.19,1307,0
TNON.US,5,20250925,153500,1.185,1.185,1.17,1.17,1298,0
TNON.US,5,20250925,154000,1.172,1.1726,1.16,1.1726,4918,0
TNON.US,5,20250925,155000,1.18,1.18,1.1644,1.1644,425,0
TNON.US,5,20250925,155500,1.1699,1.1699,1.1699,1.1699,1400,0
TNON.US,5,20250925,160000,1.165,1.175,1.165,1.175,3300,0
TNON.US,5,20250925,160500,1.17,1.17,1.17,1.17,8000,0
TNON.US,5,20250925,161000,1.17,1.17,1.17,1.17,200,0
TNON.US,5,20250925,162000,1.177,1.177,1.17,1.17,4112,0
TNON.US,5,20250925,162500,1.17,1.17,1.165,1.165,2831,0
TNON.US,5,20250925,164000,1.1694,1.1694,1.1694,1.1694,200,0
TNON.US,5,20250925,164500,1.17,1.17,1.165,1.165,3109,0
TNON.US,5,20250925,165500,1.1694,1.1694,1.1694,1.1694,1250,0
TNON.US,5,20250925,170000,1.165,1.165,1.165,1.165,115,0
TNON.US,5,20250925,170500,1.1601,1.1601,1.1601,1.1601,200,0
TNON.US,5,20250925,171000,1.17,1.17,1.17,1.17,1100,0
TNON.US,5,20250925,172000,1.1605,1.1605,1.1605,1.1605,474,0
TNON.US,5,20250925,172500,1.1697,1.17,1.165,1.165,1922,0
TNON.US,5,20250925,173000,1.1697,1.1697,1.165,1.165,474,0
TNON.US,5,20250925,174000,1.17,1.17,1.17,1.17,12637,0
TNON.US,5,20250925,174500,1.16,1.16,1.16,1.16,200,0
TNON.US,5,20250925,175000,1.17,1.18,1.165,1.17,5311,0
TNON.US,5,20250925,175500,1.165,1.17,1.165,1.17,200,0
TNON.US,5,20250925,180000,1.1619,1.1619,1.16,1.16,6100,0
TNON.US,5,20250925,180500,1.1698,1.1698,1.1698,1.1698,1200,0
TNON.US,5,20250925,183000,1.1698,1.1698,1.1698,1.1698,100,0
TNON.US,5,20250925,185000,1.16,1.1698,1.16,1.1698,483,0
TNON.US,5,20250925,190500,1.17,1.17,1.17,1.17,2214,0
TNON.US,5,20250925,191000,1.17,1.172,1.165,1.17,1841,0
TNON.US,5,20250925,192000,1.1698,1.1698,1.1698,1.1698,100,0
TNON.US,5,20250925,195000,1.1698,1.17,1.1697,1.17,600,0
TNON.US,5,20250925,200000,1.1605,1.1699,1.1605,1.1699,706,0
TNON.US,5,20250925,201500,1.17,1.17,1.17,1.17,100,0
TNON.US,5,20250925,203000,1.165,1.165,1.165,1.165,2000,0
TNON.US,5,20250925,203500,1.17,1.17,1.17,1.17,2500,0
TNON.US,5,20250925,204500,1.173,1.175,1.1703,1.1703,683,0
TNON.US,5,20250925,205500,1.17,1.17,1.17,1.17,727,0
TNON.US,5,20250925,210000,1.175,1.175,1.175,1.175,500,0
TNON.US,5,20250925,210500,1.1703,1.1703,1.1702,1.1702,1000,0
TNON.US,5,20250925,211000,1.1703,1.1704,1.1703,1.1704,1145,0
TNON.US,5,20250925,212500,1.1799,1.1799,1.1735,1.1735,2960,0
TNON.US,5,20250925,213000,1.1751,1.1751,1.1751,1.1751,1249,0
TNON.US,5,20250925,215500,1.17,1.17,1.16,1.16,6006,0
TNON.US,5,20250926,153000,1.18,1.19,1.18,1.1899,1769,0
TNON.US,5,20250926,153500,1.19,1.19,1.19,1.19,500,0
TNON.US,5,20250926,154000,1.19,1.1994,1.19,1.19,2333,0
TNON.US,5,20250926,155000,1.1903,1.2,1.1903,1.2,751,0
TNON.US,5,20250926,155500,1.19,1.19,1.19,1.19,820,0
TNON.US,5,20250926,160000,1.19,1.19,1.18,1.18,400,0
TNON.US,5,20250926,161000,1.18,1.18,1.18,1.18,2700,0
TNON.US,5,20250926,161500,1.1701,1.18,1.1701,1.1703,1846,0
TNON.US,5,20250926,162000,1.1775,1.19,1.175,1.1801,3157,0
TNON.US,5,20250926,162500,1.18,1.19,1.1701,1.19,3000,0
TNON.US,5,20250926,164000,1.1898,1.1898,1.1898,1.1898,200,0
TNON.US,5,20250926,164500,1.19,1.19,1.19,1.19,1000,0
TNON.US,5,20250926,165000,1.2,1.2,1.2,1.2,100,0
TNON.US,5,20250926,165500,1.19,1.19,1.19,1.19,3668,0
TNON.US,5,20250926,170000,1.19,1.19,1.19,1.19,400,0
TNON.US,5,20250926,171000,1.19,1.19,1.19,1.19,2000,0
TNON.US,5,20250926,172500,1.19,1.19,1.1806,1.1806,300,0
TNON.US,5,20250926,173000,1.19,1.195,1.19,1.19,12778,0
TNON.US,5,20250926,174500,1.19,1.19,1.19,1.19,200,0
TNON.US,5,20250926,180500,1.19,1.19,1.19,1.19,100,0
TNON.US,5,20250926,181000,1.1899,1.1899,1.185,1.185,1421,0
TNON.US,5,20250926,183500,1.19,1.19,1.19,1.19,100,0
TNON.US,5,20250926,184000,1.18,1.18,1.18,1.18,1000,0
TNON.US,5,20250926,184500,1.18,1.18,1.18,1.18,300,0
TNON.US,5,20250926,185500,1.18,1.18,1.18,1.18,101,0
TNON.US,5,20250926,190500,1.1853,1.1853,1.1853,1.1853,500,0
TNON.US,5,20250926,191000,1.185,1.19,1.185,1.19,766,0
TNON.US,5,20250926,193500,1.185,1.185,1.185,1.185,500,0
TNON.US,5,20250926,194000,1.1888,1.19,1.1888,1.19,3769,0
TNON.US,5,20250926,200000,1.1805,1.1858,1.1805,1.1858,212,0
TNON.US,5,20250926,201000,1.185,1.185,1.18,1.18,604,0
TNON.US,5,20250926,202000,1.185,1.185,1.185,1.185,300,0
TNON.US,5,20250926,204500,1.19,1.19,1.185,1.185,2100,0
TNON.US,5,20250926,205500,1.1897,1.1897,1.1897,1.1897,152,0
TNON.US,5,20250926,212500,1.1897,1.1897,1.1897,1.1897,1000,0
TNON.US,5,20250926,213500,1.185,1.185,1.185,1.185,1021,0
TNON.US,5,20250926,214000,1.185,1.185,1.185,1.185,921,0
TNON.US,5,20250926,214500,1.18,1.18,1.175,1.175,2642,0
TNON.US,5,20250926,215000,1.18,1.18,1.17,1.17,3609,0
TNON.US,5,20250926,215500,1.165,1.18,1.16,1.18,4166,0
TNON.US,5,20250929,153000,1.17,1.19,1.17,1.19,4200,0
TNON.US,5,20250929,153500,1.18,1.18,1.18,1.18,2106,0
TNON.US,5,20250929,154000,1.19,1.19,1.19,1.19,768,0
TNON.US,5,20250929,154500,1.18,1.18,1.18,1.18,699,0
TNON.US,5,20250929,155000,1.1894,1.1894,1.1803,1.1803,470,0
TNON.US,5,20250929,155500,1.18,1.18,1.18,1.18,704,0
TNON.US,5,20250929,160000,1.1796,1.1796,1.17,1.17,1069,0
TNON.US,5,20250929,161000,1.1704,1.1704,1.1704,1.1704,423,0
TNON.US,5,20250929,162000,1.1711,1.1798,1.1711,1.1798,1098,0
TNON.US,5,20250929,163000,1.1798,1.1798,1.1798,1.1798,1000,0
TNON.US,5,20250929,164000,1.18,1.1898,1.18,1.1898,3620,0
TNON.US,5,20250929,164500,1.1898,1.1898,1.1898,1.1898,400,0
TNON.US,5,20250929,165500,1.1835,1.1835,1.1835,1.1835,168,0
TNON.US,5,20250929,170500,1.1898,1.1898,1.1898,1.1898,478,0
TNON.US,5,20250929,171000,1.1803,1.1803,1.1803,1.1803,104,0
TNON.US,5,20250929,171500,1.1802,1.1802,1.1802,1.1802,450,0
TNON.US,5,20250929,172500,1.18,1.18,1.18,1.18,100,0
TNON.US,5,20250929,173500,1.18,1.18,1.17,1.175,7600,0
TNON.US,5,20250929,174500,1.18,1.18,1.175,1.175,700,0
TNON.US,5,20250929,175000,1.175,1.175,1.175,1.175,5500,0
TNON.US,5,20250929,180500,1.175,1.175,1.175,1.175,6653,0
TNON.US,5,20250929,181000,1.175,1.175,1.175,1.175,1000,0
TNON.US,5,20250929,182500,1.1702,1.18,1.17,1.18,940,0
TNON.US,5,20250929,183000,1.18,1.2,1.18,1.2,11936,0
TNON.US,5,20250929,184000,1.2,1.2,1.1997,1.1997,1600,0
TNON.US,5,20250929,184500,1.1999,1.1999,1.1999,1.1999,500,0
TNON.US,5,20250929,190000,1.19,1.19,1.19,1.19,1500,0
TNON.US,5,20250929,190500,1.1996,1.1996,1.1996,1.1996,142,0
TNON.US,5,20250929,192000,1.19,1.19,1.19,1.19,1940,0
TNON.US,5,20250929,194000,1.1804,1.1804,1.1802,1.1802,1184,0
TNON.US,5,20250929,195000,1.1801,1.1801,1.1801,1.1801,850,0
TNON.US,5,20250929,195500,1.18,1.18,1.18,1.18,4126,0
TNON.US,5,20250929,201000,1.1897,1.1897,1.1897,1.1897,3000,0
TNON.US,5,20250929,201500,1.19,1.19,1.19,1.19,100,0
TNON.US,5,20250929,202000,1.185,1.185,1.185,1.185,134,0
TNON.US,5,20250929,204000,1.18,1.18,1.18,1.18,200,0
TNON.US,5,20250929,205000,1.185,1.185,1.185,1.185,145,0
TNON.US,5,20250929,211500,1.18,1.18,1.18,1.18,200,0
TNON.US,5,20250929,212500,1.19,1.19,1.19,1.19,3895,0
TNON.US,5,20250929,213500,1.18,1.18,1.18,1.18,3785,0
TNON.US,5,20250929,214500,1.19,1.2,1.19,1.19,5210,0
TNON.US,5,20250929,215000,1.19,1.19,1.19,1.19,200,0
TNON.US,5,20250929,215500,1.18,1.18,1.18,1.18,1119,0
TNON.US,5,20250930,153000,1.17,1.17,1.17,1.17,596,0
TNON.US,5,20250930,153500,1.1992,1.1992,1.1992,1.1992,2250,0
TNON.US,5,20250930,154000,1.1806,1.19,1.1806,1.19,1225,0
TNON.US,5,20250930,155000,1.1846,1.1846,1.1846,1.1846,200,0
TNON.US,5,20250930,160500,1.185,1.185,1.18,1.18,1220,0
TNON.US,5,20250930,161000,1.1896,1.1896,1.185,1.185,791,0
TNON.US,5,20250930,163000,1.19,1.19,1.19,1.19,662,0
TNON.US,5,20250930,163500,1.1802,1.1802,1.18,1.18,2306,0
TNON.US,5,20250930,164500,1.1801,1.1801,1.1801,1.1801,370,0
TNON.US,5,20250930,170500,1.19,1.19,1.1899,1.19,4620,0
TNON.US,5,20250930,171000,1.1902,1.1902,1.1902,1.1902,360,0
TNON.US,5,20250930,172500,1.195,1.2,1.195,1.2,1136,0
TNON.US,5,20250930,174000,1.19,1.19,1.19,1.19,2427,0
TNON.US,5,20250930,175000,1.1902,1.1997,1.19,1.1901,3124,0
TNON.US,5,20250930,175500,1.18,1.1801,1.18,1.18,12388,0
TNON.US,5,20250930,180000,1.1704,1.1704,1.1704,1.1704,6800,0
TNON.US,5,20250930,181500,1.1701,1.1701,1.17,1.1701,14944,0
TNON.US,5,20250930,183000,1.1753,1.1753,1.1753,1.1753,100,0
TNON.US,5,20250930,183500,1.18,1.18,1.18,1.18,1795,0
TNON.US,5,20250930,184000,1.1788,1.18,1.175,1.18,3000,0
TNON.US,5,20250930,184500,1.1788,1.1788,1.178,1.178,300,0
TNON.US,5,20250930,185500,1.175,1.175,1.175,1.175,1300,0
TNON.US,5,20250930,190000,1.17,1.17,1.17,1.17,1111,0
TNON.US,5,20250930,191500,1.175,1.175,1.17,1.17,722,0
TNON.US,5,20250930,193000,1.175,1.175,1.175,1.175,400,0
TNON.US,5,20250930,193500,1.17,1.17,1.17,1.17,419,0
TNON.US,5,20250930,195000,1.17,1.17,1.17,1.17,381,0
TNON.US,5,20250930,195500,1.17,1.17,1.17,1.17,650,0
TNON.US,5,20250930,200500,1.17,1.1797,1.17,1.1797,2300,0
TNON.US,5,20250930,201500,1.1799,1.1799,1.17,1.1747,3000,0
TNON.US,5,20250930,203000,1.175,1.175,1.175,1.175,100,0
TNON.US,5,20250930,204500,1.17,1.17,1.17,1.17,200,0
TNON.US,5,20250930,205500,1.17,1.17,1.17,1.17,100,0
TNON.US,5,20250930,210000,1.1704,1.1704,1.1704,1.1704,1500,0
TNON.US,5,20250930,212500,1.1753,1.1753,1.1701,1.1701,684,0
TNON.US,5,20250930,213000,1.175,1.175,1.17,1.17,935,0
TNON.US,5,20250930,214500,1.17,1.175,1.17,1.175,2486,0
TNON.US,5,20250930,215000,1.16,1.17,1.16,1.16,6313,0
TNON.US,5,20250930,215500,1.1699,1.18,1.16,1.18,10167,0
TNON.US,5,20251001,153000,1.18,1.18,1.18,1.18,1186,0
TNON.US,5,20251001,153500,1.19,1.19,1.19,1.19,595,0
TNON.US,5,20251001,154000,1.1801,1.195,1.1801,1.19,3101,0
TNON.US,5,20251001,154500,1.19,1.19,1.19,1.19,260,0
TNON.US,5,20251001,155500,1.19,1.19,1.19,1.19,423,0
TNON.US,5,20251001,160500,1.1803,1.1803,1.1803,1.1803,400,0
TNON.US,5,20251001,162500,1.1898,1.1898,1.1898,1.1898,776,0
TNON.US,5,20251001,163500,1.18,1.1802,1.18,1.1802,1400,0
TNON.US,5,20251001,170000,1.1803,1.1803,1.1803,1.1803,1000,0
TNON.US,5,20251001,170500,1.1801,1.1801,1.1801,1.1801,1000,0
TNON.US,5,20251001,171000,1.185,1.185,1.185,1.185,121,0
TNON.US,5,20251001,172000,1.183,1.183,1.175,1.175,1715,0
TNON.US,5,20251001,172500,1.18,1.18,1.18,1.18,200,0
TNON.US,5,20251001,173500,1.18,1.18,1.18,1.18,121,0
TNON.US,5,20251001,174000,1.18,1.18,1.18,1.18,100,0
TNON.US,5,20251001,181500,1.18,1.18,1.18,1.18,131,0
TNON.US,5,20251001,182000,1.18,1.185,1.18,1.185,494,0
TNON.US,5,20251001,182500,1.18,1.18,1.18,1.18,1000,0
TNON.US,5,20251001,185000,1.185,1.185,1.185,1.185,600,0
TNON.US,5,20251001,191000,1.1899,1.1899,1.1899,1.1899,200,0
TNON.US,5,20251001,191500,1.188,1.188,1.185,1.185,6400,0
TNON.US,5,20251001,192000,1.18,1.18,1.18,1.18,840,0
TNON.US,5,20251001,192500,1.1844,1.1844,1.1844,1.1844,101,0
TNON.US,5,20251001,193000,1.1888,1.1888,1.1888,1.1888,400,0
TNON.US,5,20251001,200000,1.1899,1.1899,1.1866,1.1866,10000,0
TNON.US,5,20251001,200500,1.19,1.19,1.19,1.19,2359,0
TNON.US,5,20251001,202500,1.1903,1.1903,1.1903,1.1903,253,0
TNON.US,5,20251001,203000,1.1903,1.1903,1.1903,1.1903,155,0
TNON.US,5,20251001,205500,1.1959,1.1959,1.1959,1.1959,2000,0
TNON.US,5,20251001,211000,1.195,1.2,1.195,1.2,400,0
TNON.US,5,20251001,211500,1.2,1.2,1.2,1.2,300,0
TNON.US,5,20251001,213000,1.1999,1.2,1.1999,1.2,1623,0
TNON.US,5,20251001,214500,1.2,1.205,1.2,1.205,300,0
TNON.US,5,20251001,215000,1.2097,1.22,1.205,1.215,3363,0
TNON.US,5,20251001,215500,1.2138,1.23,1.21,1.22,5353,0
TNON.US,5,20251002,153000,1.22,1.22,1.2094,1.2094,1759,0
TNON.US,5,20251002,154000,1.207,1.207,1.207,1.207,2554,0
TNON.US,5,20251002,155500,1.2001,1.2001,1.2001,1.2001,1480,0
TNON.US,5,20251002,160000,1.2002,1.2002,1.2,1.2,400,0
TNON.US,5,20251002,161500,1.2,1.2,1.2,1.2,1020,0
TNON.US,5,20251002,162000,1.19,1.19,1.19,1.19,3877,0
TNON.US,5,20251002,162500,1.1997,1.1997,1.19,1.19,8300,0
TNON.US,5,20251002,163000,1.1801,1.1999,1.1801,1.1999,11748,0
TNON.US,5,20251002,163500,1.1996,1.1996,1.1996,1.1996,283,0
TNON.US,5,20251002,164000,1.1998,1.1998,1.1998,1.1998,800,0
TNON.US,5,20251002,165000,1.1964,1.1964,1.1964,1.1964,1000,0
TNON.US,5,20251002,165500,1.195,1.195,1.195,1.195,2960,0
TNON.US,5,20251002,170000,1.1903,1.1903,1.19,1.19,650,0
TNON.US,5,20251002,172000,1.19,1.195,1.19,1.195,400,0
TNON.US,5,20251002,173500,1.19,1.19,1.19,1.19,476,0
TNON.US,5,20251002,174500,1.19,1.19,1.19,1.19,100,0
TNON.US,5,20251002,180500,1.195,1.195,1.195,1.195,2290,0
TNON.US,5,20251002,181500,1.2,1.2,1.2,1.2,1020,0
TNON.US,5,20251002,182000,1.2,1.2,1.2,1.2,200,0
TNON.US,5,20251002,183000,1.205,1.205,1.205,1.205,305,0
TNON.US,5,20251002,183500,1.2099,1.2099,1.205,1.205,1492,0
TNON.US,5,20251002,184000,1.205,1.205,1.205,1.205,500,0
TNON.US,5,20251002,184500,1.21,1.21,1.21,1.21,150,0
TNON.US,5,20251002,185000,1.207,1.207,1.207,1.207,185,0
TNON.US,5,20251002,192000,1.2098,1.21,1.2098,1.21,3072,0
TNON.US,5,20251002,195000,1.21,1.21,1.21,1.21,100,0
TNON.US,5,20251002,201000,1.2104,1.2104,1.2104,1.2104,420,0
TNON.US,5,20251002,202000,1.21,1.21,1.21,1.21,100,0
TNON.US,5,20251002,203000,1.2098,1.2098,1.2098,1.2098,103,0
TNON.US,5,20251002,203500,1.2001,1.2001,1.2001,1.2001,100,0
TNON.US,5,20251002,205000,1.2006,1.2006,1.2006,1.2006,450,0
TNON.US,5,20251002,205500,1.205,1.205,1.205,1.205,100,0
TNON.US,5,20251002,213500,1.21,1.21,1.2005,1.21,480,0
TNON.US,5,20251002,214500,1.21,1.2198,1.2002,1.2002,1204,0
TNON.US,5,20251002,215000,1.215,1.22,1.215,1.22,4513,0
TNON.US,5,20251002,215500,1.22,1.23,1.22,1.22,15627,0
TNON.US,5,20251003,153000,1.19,1.21,1.19,1.2099,3232,0
TNON.US,5,20251003,153500,1.21,1.22,1.21,1.22,2965,0
TNON.US,5,20251003,154000,1.2102,1.2102,1.2102,1.2102,166,0
TNON.US,5,20251003,154500,1.23,1.23,1.22,1.22,1435,0
TNON.US,5,20251003,155000,1.22,1.225,1.2003,1.2003,16412,0
TNON.US,5,20251003,160500,1.21,1.23,1.21,1.23,300,0
TNON.US,5,20251003,161000,1.215,1.215,1.21,1.21,1800,0
TNON.US,5,20251003,161500,1.2,1.2006,1.2,1.2006,30884,0
TNON.US,5,20251003,162500,1.215,1.2296,1.215,1.2296,580,0
TNON.US,5,20251003,164000,1.22,1.22,1.22,1.22,3000,0
TNON.US,5,20251003,164500,1.2199,1.22,1.2199,1.22,2194,0
TNON.US,5,20251003,165000,1.21,1.21,1.205,1.205,1526,0
TNON.US,5,20251003,165500,1.205,1.21,1.205,1.21,4750,0
TNON.US,5,20251003,170000,1.21,1.21,1.21,1.21,130,0
TNON.US,5,20251003,170500,1.2199,1.2199,1.2199,1.2199,200,0
TNON.US,5,20251003,171000,1.2101,1.2101,1.2101,1.2101,564,0
TNON.US,5,20251003,171500,1.22,1.22,1.2102,1.2102,600,0
TNON.US,5,20251003,172000,1.21,1.21,1.2,1.2,900,0
TNON.US,5,20251003,173000,1.21,1.21,1.21,1.21,3153,0
TNON.US,5,20251003,174000,1.2154,1.2154,1.2154,1.2154,8088,0
TNON.US,5,20251003,175000,1.2158,1.2158,1.2158,1.2158,200,0
TNON.US,5,20251003,175500,1.21,1.22,1.21,1.215,2548,0
TNON.US,5,20251003,180000,1.2101,1.2101,1.2101,1.2101,1000,0
TNON.US,5,20251003,180500,1.215,1.22,1.215,1.219,3782,0
TNON.US,5,20251003,181500,1.22,1.22,1.22,1.22,1729,0
TNON.US,5,20251003,182000,1.215,1.215,1.215,1.215,213,0
TNON.US,5,20251003,183500,1.2103,1.2103,1.2103,1.2103,103,0
TNON.US,5,20251003,184000,1.21,1.2102,1.2098,1.2098,7500,0
TNON.US,5,20251003,184500,1.2006,1.2006,1.2,1.2,2066,0
TNON.US,5,20251003,185000,1.2004,1.2004,1.2004,1.2004,1360,0
TNON.US,5,20251003,185500,1.2047,1.2047,1.2047,1.2047,1074,0
TNON.US,5,20251003,190000,1.2,1.2038,1.2,1.2038,600,0
TNON.US,5,20251003,191500,1.205,1.21,1.205,1.21,15280,0
TNON.US,5,20251003,193000,1.2007,1.205,1.2007,1.205,516,0
TNON.US,5,20251003,194000,1.205,1.205,1.205,1.205,225,0
TNON.US,5,20251003,195000,1.205,1.2099,1.205,1.2099,360,0
TNON.US,5,20251003,200000,1.2005,1.2005,1.2005,1.2005,500,0
TNON.US,5,20251003,201500,1.205,1.21,1.205,1.21,1422,0
TNON.US,5,20251003,202000,1.22,1.22,1.22,1.22,700,0
TNON.US,5,20251003,202500,1.215,1.215,1.215,1.215,100,0
TNON.US,5,20251003,203000,1.22,1.22,1.22,1.22,300,0
TNON.US,5,20251003,203500,1.2199,1.2199,1.2199,1.2199,600,0
TNON.US,5,20251003,204000,1.2197,1.2197,1.2197,1.2197,301,0
TNON.US,5,20251003,204500,1.215,1.215,1.215,1.215,100,0
TNON.US,5,20251003,210000,1.2197,1.22,1.2197,1.22,1624,0
TNON.US,5,20251003,212000,1.215,1.215,1.215,1.215,100,0
TNON.US,5,20251003,212500,1.215,1.215,1.21,1.21,5324,0
TNON.US,5,20251003,213500,1.215,1.215,1.215,1.215,300,0
TNON.US,5,20251003,215500,1.21,1.23,1.21,1.23,5458,0
TNON.US,5,20251006,153000,1.2,1.21,1.2,1.205,18156,0
TNON.US,5,20251006,153500,1.21,1.21,1.2095,1.2095,3100,0
TNON.US,5,20251006,154500,1.205,1.205,1.2,1.2,7793,0
TNON.US,5,20251006,155000,1.2003,1.2003,1.2,1.2,700,0
TNON.US,5,20251006,155500,1.2099,1.2099,1.19,1.195,4848,0
TNON.US,5,20251006,160500,1.1965,1.1965,1.1965,1.1965,5000,0
TNON.US,5,20251006,161000,1.1996,1.1996,1.1996,1.1996,271,0
TNON.US,5,20251006,161500,1.1965,1.1965,1.1965,1.1965,300,0
TNON.US,5,20251006,162000,1.1997,1.1997,1.1997,1.1997,100,0
TNON.US,5,20251006,162500,1.2,1.2,1.195,1.195,1235,0
TNON.US,5,20251006,163000,1.19,1.19,1.19,1.19,4000,0
TNON.US,5,20251006,164500,1.1999,1.1999,1.1999,1.1999,500,0
TNON.US,5,20251006,165500,1.19,1.195,1.19,1.1906,700,0
TNON.US,5,20251006,170000,1.1953,1.1953,1.195,1.195,400,0
TNON.US,5,20251006,170500,1.1905,1.195,1.1905,1.195,4891,0
TNON.US,5,20251006,171000,1.1906,1.1906,1.1906,1.1906,301,0
TNON.US,5,20251006,171500,1.1901,1.1901,1.1901,1.1901,3300,0
TNON.US,5,20251006,172000,1.1997,1.1997,1.19,1.19,500,0
TNON.US,5,20251006,172500,1.2,1.2,1.2,1.2,300,0
TNON.US,5,20251006,173000,1.195,1.195,1.19,1.19,241,0
TNON.US,5,20251006,174000,1.1906,1.1906,1.1906,1.1906,100,0
TNON.US,5,20251006,174500,1.1947,1.1947,1.1947,1.1947,250,0
TNON.US,5,20251006,175000,1.19,1.1906,1.19,1.1906,491,0
TNON.US,5,20251006,180000,1.1957,1.1957,1.19,1.19,1100,0
TNON.US,5,20251006,181000,1.195,1.195,1.195,1.195,215,0
TNON.US,5,20251006,182000,1.19,1.19,1.18,1.18,10853,0
TNON.US,5,20251006,182500,1.19,1.19,1.19,1.19,100,0
TNON.US,5,20251006,183500,1.18,1.18,1.18,1.18,1700,0
TNON.US,5,20251006,184000,1.185,1.185,1.185,1.185,1246,0
TNON.US,5,20251006,184500,1.185,1.185,1.1801,1.1801,1363,0
TNON.US,5,20251006,185000,1.1858,1.1858,1.185,1.185,1715,0
TNON.US,5,20251006,190000,1.1835,1.1835,1.1835,1.1835,673,0
TNON.US,5,20251006,190500,1.18,1.1802,1.18,1.18,9094,0
TNON.US,5,20251006,191000,1.18,1.1801,1.1749,1.1749,5268,0
TNON.US,5,20251006,192500,1.175,1.18,1.175,1.1799,3600,0
TNON.US,5,20251006,193000,1.17,1.17,1.17,1.17,100,0
TNON.US,5,20251006,193500,1.1799,1.19,1.1799,1.18,2870,0
TNON.US,5,20251006,194000,1.18,1.18,1.18,1.18,535,0
TNON.US,5,20251006,194500,1.1855,1.1855,1.1855,1.1855,875,0
TNON.US,5,20251006,195000,1.18,1.18,1.18,1.18,343,0
TNON.US,5,20251006,195500,1.18,1.1801,1.17,1.1798,3890,0
TNON.US,5,20251006,200500,1.175,1.175,1.175,1.175,100,0
TNON.US,5,20251006,201000,1.18,1.18,1.17,1.17,4040,0
TNON.US,5,20251006,202000,1.1796,1.1796,1.1796,1.1796,100,0
TNON.US,5,20251006,202500,1.1799,1.1799,1.1799,1.1799,2000,0
TNON.US,5,20251006,203500,1.175,1.175,1.17,1.175,400,0
TNON.US,5,20251006,204000,1.175,1.175,1.175,1.175,100,0
TNON.US,5,20251006,205000,1.175,1.1799,1.1706,1.175,2725,0
TNON.US,5,20251006,210000,1.175,1.1787,1.1735,1.1735,3420,0
TNON.US,5,20251006,211000,1.17,1.175,1.17,1.175,5938,0
TNON.US,5,20251006,211500,1.17,1.175,1.17,1.175,1100,0
TNON.US,5,20251006,212000,1.17,1.1798,1.17,1.1798,400,0
TNON.US,5,20251006,212500,1.1701,1.1701,1.1701,1.1701,3800,0
TNON.US,5,20251006,213000,1.175,1.175,1.175,1.175,1100,0
TNON.US,5,20251006,214000,1.175,1.175,1.175,1.175,200,0
TNON.US,5,20251006,215000,1.175,1.1799,1.17,1.1799,7640,0
TNON.US,5,20251006,215500,1.175,1.18,1.17,1.17,11876,0
TNON.US,5,20251007,153000,1.16,1.16,1.16,1.16,444,0
TNON.US,5,20251007,153500,1.1702,1.1702,1.1702,1.1702,198,0
TNON.US,5,20251007,154000,1.1705,1.1705,1.169,1.169,4921,0
TNON.US,5,20251007,155000,1.17,1.1892,1.17,1.18,3400,0
TNON.US,5,20251007,155500,1.1702,1.1702,1.17,1.17,1500,0
TNON.US,5,20251007,160500,1.1704,1.1704,1.1704,1.1704,310,0
TNON.US,5,20251007,161000,1.1701,1.1701,1.1701,1.1701,634,0
TNON.US,5,20251007,161500,1.175,1.175,1.175,1.175,100,0
TNON.US,5,20251007,162500,1.17,1.17,1.17,1.17,1030,0
TNON.US,5,20251007,163000,1.175,1.18,1.175,1.175,500,0
TNON.US,5,20251007,163500,1.173,1.18,1.17,1.1795,14638,0
TNON.US,5,20251007,164000,1.1701,1.175,1.1701,1.175,2280,0
TNON.US,5,20251007,165000,1.18,1.18,1.17,1.18,2542,0
TNON.US,5,20251007,170000,1.175,1.1796,1.175,1.1796,218,0
TNON.US,5,20251007,170500,1.17,1.17,1.15,1.1555,24620,0
TNON.US,5,20251007,171000,1.1598,1.1598,1.14,1.145,5293,0
TNON.US,5,20251007,171500,1.1487,1.15,1.145,1.15,2100,0
TNON.US,5,20251007,172000,1.155,1.155,1.155,1.155,250,0
TNON.US,5,20251007,173000,1.15,1.1519,1.15,1.1519,990,0
TNON.US,5,20251007,173500,1.15,1.1596,1.15,1.1596,2889,0
TNON.US,5,20251007,174000,1.155,1.155,1.155,1.155,500,0
TNON.US,5,20251007,174500,1.15,1.1505,1.15,1.1505,266,0
TNON.US,5,20251007,175000,1.1535,1.1535,1.1501,1.1501,2700,0
TNON.US,5,20251007,175500,1.1598,1.1598,1.1598,1.1598,310,0
TNON.US,5,20251007,180000,1.16,1.16,1.1597,1.1597,650,0
TNON.US,5,20251007,180500,1.1597,1.1699,1.1551,1.1699,7581,0
TNON.US,5,20251007,181000,1.1603,1.1603,1.1601,1.1601,800,0
TNON.US,5,20251007,181500,1.16,1.16,1.159,1.159,700,0
TNON.US,5,20251007,182000,1.16,1.16,1.16,1.16,855,0
TNON.US,5,20251007,183000,1.1626,1.1626,1.1626,1.1626,100,0
TNON.US,5,20251007,183500,1.1603,1.1603,1.1603,1.1603,100,0
TNON.US,5,20251007,184000,1.16,1.1603,1.16,1.1603,1299,0
TNON.US,5,20251007,184500,1.1599,1.16,1.1599,1.16,1500,0
TNON.US,5,20251007,191500,1.155,1.155,1.155,1.155,532,0
TNON.US,5,20251007,192000,1.15,1.1597,1.15,1.15,2861,0
TNON.US,5,20251007,192500,1.15,1.1551,1.15,1.15,611,0
TNON.US,5,20251007,193500,1.1501,1.1501,1.1501,1.1501,394,0
TNON.US,5,20251007,194000,1.1577,1.1577,1.1577,1.1577,200,0
TNON.US,5,20251007,194500,1.15,1.15,1.15,1.15,100,0
TNON.US,5,20251007,195000,1.155,1.1596,1.155,1.1596,357,0
TNON.US,5,20251007,195500,1.155,1.155,1.15,1.15,473,0
TNON.US,5,20251007,200000,1.15,1.15,1.15,1.15,131,0
TNON.US,5,20251007,200500,1.155,1.1598,1.155,1.1598,1200,0
TNON.US,5,20251007,201000,1.159,1.17,1.159,1.17,26035,0
TNON.US,5,20251007,202500,1.17,1.17,1.17,1.17,2600,0
TNON.US,5,20251007,203500,1.17,1.18,1.17,1.18,37995,0
TNON.US,5,20251007,204500,1.17,1.17,1.17,1.17,1121,0
TNON.US,5,20251007,205000,1.17,1.17,1.17,1.17,451,0
TNON.US,5,20251007,210000,1.17,1.17,1.17,1.17,343,0
TNON.US,5,20251007,210500,1.17,1.17,1.17,1.17,800,0
TNON.US,5,20251007,211500,1.17,1.179,1.1635,1.179,5448,0
TNON.US,5,20251007,212000,1.17,1.17,1.17,1.17,1910,0
TNON.US,5,20251007,212500,1.1643,1.1643,1.1625,1.1625,201,0
TNON.US,5,20251007,214000,1.1618,1.1618,1.1618,1.1618,100,0
TNON.US,5,20251007,214500,1.17,1.17,1.1699,1.1699,1900,0
TNON.US,5,20251007,215000,1.1799,1.1799,1.1799,1.1799,840,0
TNON.US,5,20251007,215500,1.1701,1.18,1.17,1.18,689,0
TNON.US,5,20251008,153000,1.18,1.18,1.1701,1.1701,1832,0
TNON.US,5,20251008,153500,1.18,1.18,1.18,1.18,200,0
TNON.US,5,20251008,154000,1.1712,1.1712,1.1712,1.1712,3500,0
TNON.US,5,20251008,155000,1.17,1.19,1.17,1.1894,3567,0
TNON.US,5,20251008,155500,1.18,1.2099,1.175,1.2,11389,0
TNON.US,5,20251008,160000,1.1999,1.2,1.18,1.18,3867,0
TNON.US,5,20251008,160500,1.1802,1.1999,1.1802,1.1999,6500,0
TNON.US,5,20251008,161000,1.2,1.2045,1.2,1.2045,1000,0
TNON.US,5,20251008,161500,1.209,1.22,1.209,1.2198,6266,0
TNON.US,5,20251008,162000,1.215,1.2198,1.21,1.21,4705,0
TNON.US,5,20251008,162500,1.2002,1.2002,1.2002,1.2002,582,0
TNON.US,5,20251008,163000,1.2,1.2075,1.2,1.2,1085,0
TNON.US,5,20251008,163500,1.1801,1.19,1.1801,1.19,4958,0
TNON.US,5,20251008,164000,1.2,1.2,1.2,1.2,268,0
TNON.US,5,20251008,164500,1.2,1.2,1.18,1.1805,6643,0
TNON.US,5,20251008,165500,1.1901,1.195,1.1901,1.195,500,0
TNON.US,5,20251008,170000,1.184,1.184,1.184,1.184,300,0
TNON.US,5,20251008,170500,1.1805,1.19,1.1805,1.19,284,0
TNON.US,5,20251008,172000,1.18,1.18,1.18,1.18,1120,0
TNON.US,5,20251008,172500,1.18,1.18,1.16,1.18,401,0
TNON.US,5,20251008,173000,1.175,1.175,1.175,1.175,1150,0
TNON.US,5,20251008,173500,1.18,1.18,1.16,1.1702,2304,0
TNON.US,5,20251008,174000,1.175,1.175,1.1702,1.1702,510,0
TNON.US,5,20251008,174500,1.17,1.17,1.16,1.17,2000,0
TNON.US,5,20251008,175500,1.175,1.175,1.175,1.175,124,0
TNON.US,5,20251008,180000,1.17,1.1701,1.17,1.17,6978,0
TNON.US,5,20251008,180500,1.1635,1.1635,1.1635,1.1635,100,0
TNON.US,5,20251008,181000,1.165,1.165,1.165,1.165,300,0
TNON.US,5,20251008,181500,1.17,1.17,1.17,1.17,400,0
TNON.US,5,20251008,182500,1.1608,1.1608,1.1608,1.1608,300,0
TNON.US,5,20251008,183000,1.16,1.16,1.16,1.16,259,0
TNON.US,5,20251008,183500,1.165,1.165,1.165,1.165,990,0
TNON.US,5,20251008,184000,1.1699,1.17,1.1699,1.17,4040,0
TNON.US,5,20251008,191500,1.17,1.17,1.17,1.17,1146,0
TNON.US,5,20251008,192500,1.175,1.175,1.175,1.175,125,0
TNON.US,5,20251008,193000,1.179,1.179,1.175,1.175,2000,0
TNON.US,5,20251008,193500,1.175,1.175,1.175,1.175,350,0
TNON.US,5,20251008,194500,1.1715,1.1715,1.1715,1.1715,500,0
TNON.US,5,20251008,195000,1.18,1.19,1.18,1.1899,4917,0
TNON.US,5,20251008,195500,1.185,1.185,1.185,1.185,199,0
TNON.US,5,20251008,200000,1.18,1.1801,1.18,1.1801,3602,0
TNON.US,5,20251008,201500,1.1802,1.1802,1.18,1.18,530,0
TNON.US,5,20251008,203500,1.18,1.18,1.18,1.18,413,0
TNON.US,5,20251008,204500,1.18,1.18,1.18,1.18,8237,0
TNON.US,5,20251008,205000,1.18,1.1801,1.18,1.1801,302,0
TNON.US,5,20251008,210500,1.18,1.18,1.18,1.18,2750,0
TNON.US,5,20251008,211500,1.1801,1.1801,1.1801,1.1801,300,0
TNON.US,5,20251008,212500,1.19,1.19,1.19,1.19,1500,0
TNON.US,5,20251008,214000,1.19,1.19,1.18,1.18,8647,0
TNON.US,5,20251008,214500,1.18,1.18,1.17,1.17,45249,0
TNON.US,5,20251008,215000,1.18,1.18,1.18,1.18,300,0
TNON.US,5,20251008,215500,1.19,1.2,1.19,1.2,7978,0
TNON.US,5,20251009,153000,1.18,1.1811,1.17,1.1811,2604,0
TNON.US,5,20251009,154000,1.2,1.2,1.2,1.2,100,0
TNON.US,5,20251009,154500,1.18,1.18,1.17,1.17,2829,0
TNON.US,5,20251009,155500,1.1703,1.18,1.1703,1.18,2291,0
TNON.US,5,20251009,160000,1.1705,1.1799,1.1705,1.1799,250,0
TNON.US,5,20251009,161000,1.1719,1.1719,1.1719,1.1719,411,0
TNON.US,5,20251009,162000,1.19,1.19,1.19,1.19,100,0
TNON.US,5,20251009,163500,1.19,1.19,1.19,1.19,2144,0
TNON.US,5,20251009,164000,1.18,1.18,1.18,1.18,100,0
TNON.US,5,20251009,164500,1.195,1.195,1.195,1.195,200,0
TNON.US,5,20251009,165000,1.18,1.18,1.18,1.18,436,0
TNON.US,5,20251009,165500,1.1701,1.1701,1.1701,1.1701,2259,0
TNON.US,5,20251009,170000,1.175,1.175,1.175,1.175,101,0
TNON.US,5,20251009,170500,1.18,1.18,1.18,1.18,100,0
TNON.US,5,20251009,171000,1.185,1.185,1.185,1.185,100,0
TNON.US,5,20251009,173000,1.18,1.18,1.18,1.18,100,0
TNON.US,5,20251009,173500,1.18,1.18,1.18,1.18,100,0
TNON.US,5,20251009,174000,1.185,1.185,1.185,1.185,100,0
TNON.US,5,20251009,180000,1.1803,1.1803,1.1803,1.1803,1000,0
TNON.US,5,20251009,180500,1.18,1.1804,1.18,1.1804,536,0
TNON.US,5,20251009,181000,1.1801,1.1801,1.1801,1.1801,100,0
TNON.US,5,20251009,184000,1.19,1.19,1.18,1.18,837,0
TNON.US,5,20251009,185500,1.2,1.2,1.2,1.2,501,0
TNON.US,5,20251009,191000,1.1912,1.1912,1.18,1.18,2893,0
TNON.US,5,20251009,192000,1.1997,1.1998,1.19,1.1998,550,0
TNON.US,5,20251009,193000,1.19,1.19,1.19,1.19,100,0
TNON.US,5,20251009,194500,1.19,1.19,1.19,1.19,200,0
TNON.US,5,20251009,195000,1.19,1.19,1.19,1.19,100,0
TNON.US,5,20251009,195500,1.19,1.19,1.19,1.19,100,0
TNON.US,5,20251009,200000,1.185,1.185,1.185,1.185,1790,0
TNON.US,5,20251009,201500,1.1901,1.1901,1.19,1.1901,1200,0
TNON.US,5,20251009,202000,1.19,1.19,1.19,1.19,1300,0
TNON.US,5,20251009,203000,1.19,1.19,1.19,1.19,100,0
TNON.US,5,20251009,204500,1.1801,1.1801,1.1801,1.1801,300,0
TNON.US,5,20251009,205500,1.18,1.18,1.17,1.18,24130,0
TNON.US,5,20251009,210000,1.1702,1.1702,1.1702,1.1702,224,0
TNON.US,5,20251009,212000,1.1895,1.1895,1.1895,1.1895,500,0
TNON.US,5,20251009,212500,1.18,1.185,1.18,1.185,335,0
TNON.US,5,20251009,213000,1.19,1.19,1.19,1.19,100,0
TNON.US,5,20251009,214500,1.185,1.19,1.185,1.19,1100,0
TNON.US,5,20251009,215000,1.19,1.19,1.19,1.19,100,0
TNON.US,5,20251009,215500,1.19,1.19,1.19,1.19,393,0
TNON.US,5,20251010,153000,1.19,1.1904,1.19,1.1904,3089,0
TNON.US,5,20251010,153500,1.1902,1.195,1.1902,1.195,6537,0
TNON.US,5,20251010,154000,1.1988,1.1988,1.19,1.1902,6220,0
TNON.US,5,20251010,154500,1.1997,1.1997,1.1997,1.1997,1000,0
TNON.US,5,20251010,155000,1.195,1.195,1.195,1.195,1000,0
TNON.US,5,20251010,155500,1.19,1.19,1.19,1.19,400,0
TNON.US,5,20251010,160000,1.1901,1.1901,1.1901,1.1901,100,0
TNON.US,5,20251010,160500,1.1916,1.1916,1.18,1.1889,4209,0
TNON.US,5,20251010,161500,1.18,1.18,1.18,1.18,502,0
TNON.US,5,20251010,162000,1.175,1.175,1.17,1.17,2197,0
TNON.US,5,20251010,162500,1.18,1.18,1.18,1.18,100,0
TNON.US,5,20251010,164000,1.1701,1.1701,1.1701,1.1701,200,0
TNON.US,5,20251010,164500,1.1799,1.1799,1.1706,1.1706,1776,0
TNON.US,5,20251010,165000,1.1706,1.1706,1.17,1.17,400,0
TNON.US,5,20251010,165500,1.1707,1.1707,1.1707,1.1707,178,0
TNON.US,5,20251010,170000,1.17,1.17,1.165,1.165,4121,0
TNON.US,5,20251010,170500,1.1598,1.1598,1.1511,1.155,2161,0
TNON.US,5,20251010,171000,1.155,1.155,1.155,1.155,200,0
TNON.US,5,20251010,171500,1.1501,1.16,1.1501,1.16,3985,0
TNON.US,5,20251010,172000,1.15,1.15,1.15,1.15,221,0
TNON.US,5,20251010,172500,1.1544,1.1544,1.1544,1.1544,100,0
TNON.US,5,20251010,173000,1.15,1.15,1.15,1.15,330,0
TNON.US,5,20251010,174000,1.15,1.15,1.15,1.15,4933,0
TNON.US,5,20251010,175500,1.15,1.1503,1.15,1.1503,200,0
TNON.US,5,20251010,180500,1.15,1.15,1.15,1.15,1750,0
TNON.US,5,20251010,181000,1.1637,1.1637,1.1637,1.1637,100,0
TNON.US,5,20251010,181500,1.165,1.165,1.165,1.165,600,0
TNON.US,5,20251010,182000,1.16,1.16,1.16,1.16,763,0
TNON.US,5,20251010,184000,1.1597,1.1597,1.1597,1.1597,100,0
TNON.US,5,20251010,184500,1.1505,1.1505,1.1505,1.1505,1290,0
TNON.US,5,20251010,185500,1.15,1.15,1.15,1.15,754,0
TNON.US,5,20251010,190500,1.15,1.1598,1.15,1.15,5224,0
TNON.US,5,20251010,191000,1.1596,1.1596,1.1596,1.1596,517,0
TNON.US,5,20251010,191500,1.15,1.15,1.15,1.15,140,0
TNON.US,5,20251010,193000,1.1489,1.1489,1.1489,1.1489,240,0
TNON.US,5,20251010,193500,1.15,1.1598,1.15,1.1598,1044,0
TNON.US,5,20251010,200500,1.15,1.15,1.15,1.15,579,0
TNON.US,5,20251010,201000,1.1552,1.1552,1.1499,1.1499,500,0
TNON.US,5,20251010,201500,1.15,1.15,1.15,1.15,1100,0
TNON.US,5,20251010,202000,1.1544,1.155,1.14,1.15,8662,0
TNON.US,5,20251010,203000,1.145,1.145,1.145,1.145,300,0
TNON.US,5,20251010,203500,1.145,1.145,1.14,1.14,1000,0
TNON.US,5,20251010,204000,1.14,1.14,1.14,1.14,500,0
TNON.US,5,20251010,204500,1.15,1.15,1.15,1.15,1111,0
TNON.US,5,20251010,205000,1.145,1.145,1.13,1.14,10727,0
TNON.US,5,20251010,210000,1.14,1.14,1.14,1.14,400,0
TNON.US,5,20251010,211000,1.1435,1.1435,1.1435,1.1435,100,0
TNON.US,5,20251010,211500,1.14,1.145,1.14,1.145,1129,0
TNON.US,5,20251010,212000,1.1401,1.1401,1.1401,1.1401,330,0
TNON.US,5,20251010,213500,1.145,1.145,1.145,1.145,300,0
TNON.US,5,20251010,214500,1.15,1.15,1.15,1.15,100,0
TNON.US,5,20251010,215000,1.1444,1.1444,1.13,1.135,4748,0
TNON.US,5,20251010,215500,1.14,1.14,1.13,1.14,7963,0
TNON.US,5,20251013,153000,1.15,1.15,1.12,1.12,16357,0
TNON.US,5,20251013,153500,1.12,1.125,1.12,1.12,3479,0
TNON.US,5,20251013,154000,1.125,1.14,1.125,1.14,2802,0
TNON.US,5,20251013,154500,1.13,1.13,1.13,1.13,100,0
TNON.US,5,20251013,155000,1.13,1.14,1.13,1.14,6472,0
TNON.US,5,20251013,155500,1.1402,1.1422,1.14,1.1422,450,0
TNON.US,5,20251013,160000,1.14,1.14,1.1398,1.1399,1672,0
TNON.US,5,20251013,160500,1.1301,1.1301,1.1301,1.1301,10000,0
TNON.US,5,20251013,161000,1.1395,1.1395,1.1395,1.1395,2000,0
TNON.US,5,20251013,161500,1.135,1.135,1.12,1.12,9216,0
TNON.US,5,20251013,162000,1.1299,1.13,1.1299,1.13,1294,0
TNON.US,5,20251013,162500,1.1265,1.1265,1.1265,1.1265,3000,0
TNON.US,5,20251013,163000,1.13,1.16,1.13,1.1307,15116,0
TNON.US,5,20251013,163500,1.13,1.13,1.13,1.13,987,0
TNON.US,5,20251013,164000,1.16,1.16,1.16,1.16,1200,0
TNON.US,5,20251013,164500,1.1499,1.1499,1.1499,1.1499,100,0
TNON.US,5,20251013,165500,1.15,1.15,1.14,1.14,2838,0
TNON.US,5,20251013,170000,1.15,1.15,1.15,1.15,604,0
TNON.US,5,20251013,170500,1.1401,1.1401,1.1401,1.1401,100,0
TNON.US,5,20251013,171000,1.1423,1.1423,1.14,1.14,200,0
TNON.US,5,20251013,172000,1.1499,1.1499,1.1499,1.1499,10000,0
TNON.US,5,20251013,172500,1.14,1.14,1.14,1.14,100,0
TNON.US,5,20251013,173000,1.14,1.1498,1.14,1.1498,1364,0
TNON.US,5,20251013,173500,1.1402,1.1402,1.1402,1.1402,211,0
TNON.US,5,20251013,174500,1.1401,1.1452,1.1401,1.1401,6100,0
TNON.US,5,20251013,175000,1.14,1.14,1.14,1.14,100,0
TNON.US,5,20251013,180500,1.1456,1.1456,1.145,1.145,200,0
TNON.US,5,20251013,181500,1.14,1.14,1.14,1.14,270,0
TNON.US,5,20251013,182000,1.1404,1.1404,1.14,1.14,617,0
TNON.US,5,20251013,183000,1.135,1.135,1.13,1.13,1000,0
TNON.US,5,20251013,183500,1.14,1.14,1.14,1.14,200,0
TNON.US,5,20251013,184000,1.1399,1.1399,1.1399,1.1399,100,0
TNON.US,5,20251013,185500,1.135,1.14,1.135,1.14,5700,0
TNON.US,5,20251013,190000,1.1307,1.1307,1.1307,1.1307,1459,0
TNON.US,5,20251013,191000,1.141,1.141,1.141,1.141,500,0
TNON.US,5,20251013,191500,1.1498,1.1498,1.14,1.14,2100,0
TNON.US,5,20251013,192000,1.135,1.135,1.135,1.135,100,0
TNON.US,5,20251013,192500,1.14,1.145,1.138,1.14,1760,0
TNON.US,5,20251013,193000,1.15,1.15,1.15,1.15,100,0
TNON.US,5,20251013,194000,1.14,1.14,1.14,1.14,100,0
TNON.US,5,20251013,194500,1.14,1.1403,1.14,1.1403,3100,0
TNON.US,5,20251013,200000,1.14,1.14,1.14,1.14,400,0
TNON.US,5,20251013,201500,1.14,1.14,1.14,1.14,4000,0
TNON.US,5,20251013,202500,1.15,1.15,1.15,1.15,127,0
TNON.US,5,20251013,203500,1.15,1.15,1.15,1.15,100,0
TNON.US,5,20251013,204500,1.15,1.15,1.15,1.15,100,0
TNON.US,5,20251013,205500,1.14,1.14,1.14,1.14,100,0
TNON.US,5,20251013,210000,1.14,1.14,1.14,1.14,1000,0
TNON.US,5,20251013,210500,1.1304,1.1304,1.1304,1.1304,300,0
TNON.US,5,20251013,211000,1.135,1.135,1.135,1.135,100,0
TNON.US,5,20251013,213000,1.14,1.14,1.14,1.14,800,0
TNON.US,5,20251013,213500,1.14,1.14,1.12,1.1301,8583,0
TNON.US,5,20251013,214000,1.135,1.135,1.13,1.13,8926,0
TNON.US,5,20251013,214500,1.1295,1.13,1.1201,1.125,7496,0
TNON.US,5,20251013,215000,1.13,1.13,1.1201,1.1201,1700,0
TNON.US,5,20251013,215500,1.12,1.1299,1.115,1.125,10614,0
TNON.US,5,20251014,153000,1.1,1.128,1.1,1.1096,12692,0
TNON.US,5,20251014,153500,1.1,1.1099,1.09,1.09,8985,0
TNON.US,5,20251014,154000,1.095,1.095,1.0901,1.0901,1225,0
TNON.US,5,20251014,154500,1.0953,1.0953,1.0905,1.0905,1522,0
TNON.US,5,20251014,155000,1.09,1.1,1.09,1.09,6789,0
TNON.US,5,20251014,155500,1.1,1.1,1.1,1.1,288,0
TNON.US,5,20251014,160500,1.095,1.095,1.095,1.095,1000,0
TNON.US,5,20251014,161000,1.1,1.1,1.095,1.095,500,0
TNON.US,5,20251014,161500,1.1,1.1,1.1,1.1,6206,0
TNON.US,5,20251014,162500,1.11,1.11,1.11,1.11,500,0
TNON.US,5,20251014,163000,1.114532,1.114532,1.114532,1.114532,500,0
TNON.US,5,20251014,163500,1.115,1.1241,1.1,1.1241,2694,0
TNON.US,5,20251014,164500,1.11,1.1104,1.11,1.1104,738,0
TNON.US,5,20251014,165000,1.11,1.11,1.11,1.11,476,0
TNON.US,5,20251014,171000,1.12,1.12,1.12,1.12,100,0
TNON.US,5,20251014,171500,1.12,1.12,1.12,1.12,400,0
TNON.US,5,20251014,173000,1.1199,1.12,1.115,1.12,2945,0
TNON.US,5,20251014,175000,1.115,1.115,1.115,1.115,650,0
TNON.US,5,20251014,175500,1.12,1.12,1.12,1.12,100,0
TNON.US,5,20251014,180000,1.12,1.12,1.12,1.12,111,0
TNON.US,5,20251014,182000,1.11,1.11,1.11,1.11,500,0
TNON.US,5,20251014,184000,1.12,1.12,1.12,1.12,100,0
TNON.US,5,20251014,184500,1.12,1.12,1.12,1.12,297,0
TNON.US,5,20251014,190500,1.121,1.125,1.12,1.125,1718,0
TNON.US,5,20251014,192000,1.13,1.13,1.125,1.13,3541,0
TNON.US,5,20251014,192500,1.14,1.14,1.14,1.14,100,0
TNON.US,5,20251014,193000,1.135,1.16,1.1341,1.16,16226,0
TNON.US,5,20251014,194000,1.1588,1.1588,1.1588,1.1588,457,0
TNON.US,5,20251014,195000,1.15,1.15,1.15,1.15,600,0
TNON.US,5,20251014,201000,1.1505,1.1691,1.1505,1.16,1400,0
TNON.US,5,20251014,201500,1.1502,1.1502,1.1502,1.1502,1000,0
TNON.US,5,20251014,202000,1.16,1.22,1.159,1.21,52477,0
TNON.US,5,20251014,202500,1.21,1.22,1.2,1.2103,77876,0
TNON.US,5,20251014,203000,1.2148,1.22,1.199,1.21,30978,0
TNON.US,5,20251014,203500,1.2,1.2004,1.2,1.2,41000,0
TNON.US,5,20251014,204000,1.21,1.22,1.21,1.22,2597,0
TNON.US,5,20251014,204500,1.21,1.21,1.21,1.21,900,0
TNON.US,5,20251014,205000,1.21,1.21,1.21,1.21,100,0
TNON.US,5,20251014,205500,1.21,1.2199,1.21,1.21,9823,0
TNON.US,5,20251014,210000,1.2105,1.2105,1.2,1.2,1103,0
TNON.US,5,20251014,211000,1.2,1.21,1.2,1.21,1400,0
TNON.US,5,20251014,211500,1.2001,1.2047,1.2,1.2,5526,0
TNON.US,5,20251014,212500,1.19,1.2,1.19,1.1901,9556,0
TNON.US,5,20251014,213000,1.195,1.199,1.195,1.199,200,0
TNON.US,5,20251014,213500,1.2,1.2,1.19,1.19,600,0
TNON.US,5,20251014,214000,1.19,1.19,1.1801,1.1802,4400,0
TNON.US,5,20251014,214500,1.193,1.193,1.18,1.18,630,0
TNON.US,5,20251014,215000,1.1905,1.1905,1.1905,1.1905,1000,0
TNON.US,5,20251014,215500,1.2,1.22,1.2,1.22,39822,0
TNON.US,5,20251015,153000,1.19,1.22,1.19,1.22,1890,0
TNON.US,5,20251015,153500,1.2101,1.22,1.21,1.22,595,0
TNON.US,5,20251015,154000,1.211,1.211,1.21,1.21,15541,0
TNON.US,5,20251015,154500,1.2102,1.2102,1.21,1.21,3500,0
TNON.US,5,20251015,155000,1.205,1.21,1.2,1.2,7640,0
TNON.US,5,20251015,155500,1.1901,1.2,1.1901,1.2,822,0
TNON.US,5,20251015,160000,1.2053,1.22,1.2053,1.2196,14044,0
TNON.US,5,20251015,160500,1.22,1.22,1.22,1.22,200,0
TNON.US,5,20251015,161000,1.22,1.22,1.21,1.21,92819,0
TNON.US,5,20251015,162000,1.21,1.2193,1.21,1.2101,1250,0
TNON.US,5,20251015,162500,1.2154,1.2154,1.2154,1.2154,318,0
TNON.US,5,20251015,163000,1.2101,1.2101,1.21,1.21,922,0
TNON.US,5,20251015,163500,1.21,1.21,1.21,1.21,100,0
TNON.US,5,20251015,164000,1.21,1.21,1.21,1.21,1243,0
TNON.US,5,20251015,164500,1.2076,1.21,1.2076,1.21,5140,0
TNON.US,5,20251015,165500,1.2084,1.22,1.2084,1.215,4295,0
TNON.US,5,20251015,170500,1.21,1.21,1.21,1.21,100,0
TNON.US,5,20251015,171000,1.2182,1.22,1.2182,1.22,429,0
TNON.US,5,20251015,172000,1.21,1.21,1.2,1.2,3771,0
TNON.US,5,20251015,172500,1.2,1.205,1.2,1.2001,3551,0
TNON.US,5,20251015,173000,1.2,1.2,1.2,1.2,100,0
TNON.US,5,20251015,173500,1.2,1.2001,1.2,1.2001,1536,0
TNON.US,5,20251015,174000,1.205,1.205,1.2,1.2,1100,0
TNON.US,5,20251015,174500,1.2,1.2,1.2,1.2,500,0
TNON.US,5,20251015,175000,1.2,1.2,1.195,1.195,8600,0
TNON.US,5,20251015,181000,1.195,1.2,1.195,1.2,1000,0
TNON.US,5,20251015,182000,1.1999,1.1999,1.1999,1.1999,3390,0
TNON.US,5,20251015,183000,1.2,1.2,1.2,1.2,100,0
TNON.US,5,20251015,183500,1.2,1.2,1.2,1.2,100,0
TNON.US,5,20251015,184500,1.195,1.195,1.195,1.195,378,0
TNON.US,5,20251015,190000,1.195,1.2,1.195,1.2,6153,0
TNON.US,5,20251015,190500,1.205,1.205,1.18,1.18,5284,0
TNON.US,5,20251015,191000,1.18,1.19,1.18,1.19,3300,0
TNON.US,5,20251015,191500,1.19,1.19,1.19,1.19,420,0
TNON.US,5,20251015,192000,1.19,1.19,1.19,1.19,133,0
TNON.US,5,20251015,193000,1.185,1.185,1.18,1.18,200,0
TNON.US,5,20251015,194000,1.18,1.19,1.18,1.19,472,0
TNON.US,5,20251015,200500,1.1864,1.1864,1.1864,1.1864,420,0
TNON.US,5,20251015,201500,1.19,1.19,1.19,1.19,150,0
TNON.US,5,20251015,202500,1.185,1.185,1.185,1.185,400,0
TNON.US,5,20251015,204500,1.1824,1.1824,1.1824,1.1824,200,0
TNON.US,5,20251015,205000,1.1852,1.1852,1.1852,1.1852,222,0
TNON.US,5,20251015,211000,1.19,1.19,1.19,1.19,100,0
TNON.US,5,20251015,211500,1.18,1.1801,1.18,1.1801,1453,0
TNON.US,5,20251015,212000,1.18,1.18,1.18,1.18,287,0
TNON.US,5,20251015,213000,1.19,1.19,1.19,1.19,1111,0
TNON.US,5,20251015,213500,1.19,1.19,1.19,1.19,1373,0
TNON.US,5,20251015,214000,1.195,1.2,1.195,1.2,8325,0
TNON.US,5,20251015,214500,1.195,1.195,1.195,1.195,4400,0
TNON.US,5,20251015,215000,1.195,1.195,1.195,1.195,100,0
TNON.US,5,20251015,215500,1.2,1.27,1.195,1.2399,207315,0
TNON.US,5,20251016,153000,1.23,1.27,1.23,1.25,2402,0
TNON.US,5,20251016,153500,1.222,1.24,1.222,1.24,2700,0
TNON.US,5,20251016,154000,1.2599,1.26,1.24,1.24,5200,0
TNON.US,5,20251016,154500,1.24,1.24,1.24,1.24,100,0
TNON.US,5,20251016,155500,1.2402,1.2402,1.24,1.24,10900,0
TNON.US,5,20251016,160000,1.24,1.2432,1.221,1.221,8363,0
TNON.US,5,20251016,160500,1.24,1.25,1.24,1.2411,4400,0
TNON.US,5,20251016,161000,1.25,1.25,1.25,1.25,377,0
TNON.US,5,20251016,162000,1.24,1.24,1.2377,1.2377,2726,0
TNON.US,5,20251016,163000,1.2498,1.2498,1.2498,1.2498,500,0
TNON.US,5,20251016,163500,1.24,1.2499,1.24,1.24,12477,0
TNON.US,5,20251016,164000,1.24,1.24,1.24,1.24,2200,0
TNON.US,5,20251016,164500,1.24,1.25,1.24,1.25,1200,0
TNON.US,5,20251016,165000,1.24,1.24,1.24,1.24,200,0
TNON.US,5,20251016,165500,1.24,1.24,1.23,1.24,1772,0
TNON.US,5,20251016,170000,1.24,1.24,1.24,1.24,200,0
TNON.US,5,20251016,171000,1.23,1.2359,1.23,1.2359,750,0
TNON.US,5,20251016,171500,1.235,1.235,1.23,1.23,339,0
TNON.US,5,20251016,172000,1.23,1.23,1.23,1.23,391,0
TNON.US,5,20251016,172500,1.24,1.24,1.23,1.23,5900,0
TNON.US,5,20251016,173000,1.23,1.24,1.23,1.24,1000,0
TNON.US,5,20251016,173500,1.235,1.2359,1.235,1.2359,2132,0
TNON.US,5,20251016,175000,1.2351,1.2351,1.2351,1.2351,1279,0
TNON.US,5,20251016,175500,1.2301,1.2399,1.23,1.23,8800,0
TNON.US,5,20251016,180000,1.235,1.2398,1.235,1.235,300,0
TNON.US,5,20251016,180500,1.2397,1.2397,1.2397,1.2397,1602,0
TNON.US,5,20251016,181000,1.23,1.23,1.23,1.23,370,0
TNON.US,5,20251016,181500,1.235,1.235,1.225,1.225,1795,0
TNON.US,5,20251016,182000,1.22,1.22,1.22,1.22,100,0
TNON.US,5,20251016,182500,1.22,1.2203,1.22,1.22,1225,0
TNON.US,5,20251016,183000,1.21,1.21,1.21,1.21,367,0
TNON.US,5,20251016,183500,1.21,1.21,1.21,1.21,100,0
TNON.US,5,20251016,184000,1.21,1.21,1.21,1.21,100,0
TNON.US,5,20251016,184500,1.215,1.215,1.215,1.215,416,0
TNON.US,5,20251016,185000,1.21,1.215,1.21,1.215,5999,0
TNON.US,5,20251016,185500,1.21,1.2101,1.21,1.2101,972,0
TNON.US,5,20251016,190000,1.21,1.22,1.21,1.22,1080,0
TNON.US,5,20251016,191000,1.2199,1.2199,1.2199,1.2199,627,0
TNON.US,5,20251016,191500,1.215,1.215,1.215,1.215,391,0
TNON.US,5,20251016,192000,1.2199,1.23,1.2199,1.23,41339,0
TNON.US,5,20251016,192500,1.2399,1.2401,1.2399,1.2401,17256,0
TNON.US,5,20251016,193000,1.24,1.24,1.24,1.24,100,0
TNON.US,5,20251016,194000,1.24,1.25,1.24,1.25,2650,0
TNON.US,5,20251016,194500,1.2498,1.2498,1.2498,1.2498,200,0
TNON.US,5,20251016,200000,1.25,1.25,1.245,1.25,2752,0
TNON.US,5,20251016,200500,1.245,1.245,1.245,1.245,100,0
TNON.US,5,20251016,202000,1.24,1.24,1.24,1.24,800,0
TNON.US,5,20251016,202500,1.24,1.24,1.24,1.24,400,0
TNON.US,5,20251016,203500,1.2401,1.2401,1.2401,1.2401,1900,0
TNON.US,5,20251016,204000,1.24,1.24,1.24,1.24,270,0
TNON.US,5,20251016,205000,1.24,1.24,1.24,1.24,100,0
TNON.US,5,20251016,210000,1.235,1.24,1.235,1.2399,2000,0
TNON.US,5,20251016,210500,1.24,1.24,1.24,1.24,910,0
TNON.US,5,20251016,211000,1.24,1.24,1.24,1.24,100,0
TNON.US,5,20251016,211500,1.25,1.25,1.24,1.24,811,0
TNON.US,5,20251016,212500,1.24,1.2401,1.24,1.24,2100,0
TNON.US,5,20251016,213000,1.24,1.25,1.24,1.25,10175,0
TNON.US,5,20251016,213500,1.25,1.25,1.24,1.24,300,0
TNON.US,5,20251016,215000,1.24,1.24,1.24,1.24,1060,0
TNON.US,5,20251016,215500,1.25,1.26,1.245,1.25,16613,0
TNON.US,5,20251017,153000,1.24,1.24,1.22,1.23,16917,0
TNON.US,5,20251017,153500,1.23,1.23,1.23,1.23,2186,0
TNON.US,5,20251017,154000,1.2343,1.235,1.23,1.235,489,0
TNON.US,5,20251017,154500,1.235,1.235,1.235,1.235,223,0
TNON.US,5,20251017,155000,1.235,1.235,1.235,1.235,123,0
TNON.US,5,20251017,155500,1.235,1.235,1.235,1.235,100,0
TNON.US,5,20251017,161500,1.23,1.23,1.23,1.23,700,0
TNON.US,5,20251017,162000,1.22,1.22,1.22,1.22,1000,0
TNON.US,5,20251017,163000,1.22,1.22,1.215,1.2165,2550,0
TNON.US,5,20251017,163500,1.2132,1.2132,1.21,1.21,1237,0
TNON.US,5,20251017,164000,1.21,1.21,1.205,1.205,6055,0
TNON.US,5,20251017,165000,1.2004,1.21,1.2004,1.21,1047,0
TNON.US,5,20251017,165500,1.2199,1.23,1.21,1.22,37714,0
TNON.US,5,20251017,170000,1.2256,1.23,1.2256,1.23,7200,0
TNON.US,5,20251017,170500,1.22,1.22,1.22,1.22,100,0
TNON.US,5,20251017,172000,1.2204,1.2227,1.22,1.22,400,0
TNON.US,5,20251017,172500,1.22,1.23,1.22,1.2299,12102,0
TNON.US,5,20251017,173000,1.2202,1.23,1.22,1.23,9755,0
TNON.US,5,20251017,173500,1.2282,1.2282,1.2282,1.2282,105,0
TNON.US,5,20251017,174500,1.22,1.22,1.22,1.22,200,0
TNON.US,5,20251017,175000,1.22,1.22,1.22,1.22,300,0
TNON.US,5,20251017,180000,1.225,1.225,1.225,1.225,132,0
TNON.US,5,20251017,181000,1.2301,1.2501,1.2301,1.2501,13087,0
TNON.US,5,20251017,181500,1.26,1.26,1.2582,1.2582,200,0
TNON.US,5,20251017,182000,1.255,1.255,1.25,1.25,3550,0
TNON.US,5,20251017,182500,1.25,1.25,1.25,1.25,100,0
TNON.US,5,20251017,183500,1.2526,1.2526,1.2505,1.2505,300,0
TNON.US,5,20251017,184000,1.26,1.26,1.255,1.255,300,0
TNON.US,5,20251017,184500,1.2501,1.2501,1.2501,1.2501,1130,0
TNON.US,5,20251017,185000,1.25,1.25,1.245,1.245,3139,0
TNON.US,5,20251017,190000,1.24,1.24,1.24,1.24,1400,0
TNON.US,5,20251017,190500,1.24,1.245,1.24,1.24,4577,0
TNON.US,5,20251017,191000,1.24,1.245,1.24,1.245,200,0
TNON.US,5,20251017,191500,1.24,1.24,1.24,1.24,2000,0
TNON.US,5,20251017,194000,1.245,1.245,1.245,1.245,100,0
TNON.US,5,20251017,200500,1.24,1.24,1.24,1.24,200,0
TNON.US,5,20251017,201500,1.25,1.25,1.25,1.25,340,0
TNON.US,5,20251017,204500,1.25,1.25,1.25,1.25,100,0
TNON.US,5,20251017,205500,1.25,1.25,1.25,1.25,3674,0
TNON.US,5,20251017,210000,1.2502,1.2502,1.25,1.25,4298,0
TNON.US,5,20251017,210500,1.245,1.25,1.24,1.2465,7578,0
TNON.US,5,20251017,211500,1.24,1.24,1.24,1.24,100,0
TNON.US,5,20251017,212000,1.2495,1.25,1.245,1.25,1000,0
TNON.US,5,20251017,213000,1.25,1.25,1.2453,1.2453,200,0
TNON.US,5,20251017,213500,1.25,1.25,1.25,1.25,100,0
TNON.US,5,20251017,214000,1.245,1.245,1.245,1.245,100,0
TNON.US,5,20251017,214500,1.245,1.245,1.24,1.2418,2600,0
TNON.US,5,20251017,215000,1.245,1.245,1.245,1.245,100,0
TNON.US,5,20251017,215500,1.245,1.245,1.23,1.24,10087,0
TNON.US,5,20251020,153000,1.25,1.25,1.245,1.25,3809,0
TNON.US,5,20251020,153500,1.25,1.2503,1.25,1.25,3014,0
TNON.US,5,20251020,154000,1.255,1.255,1.255,1.255,200,0
TNON.US,5,20251020,154500,1.2517,1.2517,1.2517,1.2517,500,0
TNON.US,5,20251020,155000,1.26,1.29,1.26,1.29,23380,0
TNON.US,5,20251020,155500,1.29,1.3,1.285,1.29,13682,0
TNON.US,5,20251020,160000,1.28,1.29,1.28,1.28,5466,0
TNON.US,5,20251020,160500,1.28,1.28,1.27,1.28,2285,0
TNON.US,5,20251020,161000,1.29,1.3,1.29,1.3,11069,0
TNON.US,5,20251020,162000,1.2901,1.295,1.28,1.29,18948,0
TNON.US,5,20251020,162500,1.2899,1.3,1.28,1.3,19461,0
TNON.US,5,20251020,163000,1.29,1.29,1.2807,1.2807,2948,0
TNON.US,5,20251020,164000,1.28,1.28,1.28,1.28,1997,0
TNON.US,5,20251020,165000,1.29,1.29,1.28,1.29,2362,0
TNON.US,5,20251020,165500,1.28,1.285,1.2701,1.2701,14712,0
TNON.US,5,20251020,170000,1.275,1.275,1.275,1.275,1955,0
TNON.US,5,20251020,170500,1.28,1.28,1.261,1.261,1260,0
TNON.US,5,20251020,171500,1.2601,1.2601,1.2601,1.2601,100,0
TNON.US,5,20251020,172500,1.2795,1.2795,1.2795,1.2795,500,0
TNON.US,5,20251020,173500,1.28,1.28,1.28,1.28,300,0
TNON.US,5,20251020,174500,1.28,1.28,1.28,1.28,500,0
TNON.US,5,20251020,175000,1.275,1.275,1.275,1.275,2500,0
TNON.US,5,20251020,175500,1.27,1.2701,1.27,1.2701,352,0
TNON.US,5,20251020,180000,1.2706,1.2784,1.2701,1.275,2225,0
TNON.US,5,20251020,180500,1.27,1.27,1.27,1.27,100,0
TNON.US,5,20251020,181000,1.275,1.275,1.275,1.275,100,0
TNON.US,5,20251020,181500,1.27,1.27,1.27,1.27,1491,0
TNON.US,5,20251020,182000,1.26,1.265,1.26,1.26,6500,0
TNON.US,5,20251020,185500,1.2698,1.2698,1.26,1.26,2251,0
TNON.US,5,20251020,191000,1.265,1.265,1.26,1.26,15887,0
TNON.US,5,20251020,192000,1.2631,1.2631,1.2631,1.2631,200,0
TNON.US,5,20251020,192500,1.2601,1.2601,1.2601,1.2601,786,0
TNON.US,5,20251020,193000,1.265,1.265,1.265,1.265,400,0
TNON.US,5,20251020,195000,1.26,1.265,1.26,1.265,300,0
TNON.US,5,20251020,195500,1.265,1.265,1.26,1.265,500,0
TNON.US,5,20251020,202000,1.26233,1.265,1.26233,1.265,940,0
TNON.US,5,20251020,203500,1.26,1.26,1.26,1.26,170,0
TNON.US,5,20251020,204500,1.265,1.265,1.265,1.265,200,0
TNON.US,5,20251020,205500,1.2605,1.2605,1.2605,1.2605,250,0
TNON.US,5,20251020,210000,1.26,1.26,1.26,1.26,100,0
TNON.US,5,20251020,211000,1.26,1.26,1.26,1.26,200,0
TNON.US,5,20251020,213500,1.265,1.265,1.26,1.26,1840,0
TNON.US,5,20251020,214000,1.26,1.2603,1.26,1.2603,200,0
TNON.US,5,20251020,214500,1.26,1.26,1.26,1.26,289,0
TNON.US,5,20251020,215000,1.27,1.275,1.27,1.275,900,0
TNON.US,5,20251020,215500,1.275,1.28,1.27,1.28,6160,0
TNON.US,5,20251021,153000,1.44,1.44,1.335,1.355,569203,0
TNON.US,5,20251021,153500,1.3598,1.3598,1.31,1.35,406227,0
TNON.US,5,20251021,154000,1.3595,1.39,1.31,1.325,276617,0
TNON.US,5,20251021,154500,1.325,1.34,1.29,1.3344,371458,0
TNON.US,5,20251021,155000,1.34,1.34,1.33,1.34,90878,0
TNON.US,5,20251021,155500,1.34,1.36,1.28,1.33,224112,0
TNON.US,5,20251021,160000,1.355,1.36,1.33,1.33,78060,0
TNON.US,5,20251021,160500,1.3301,1.39,1.33,1.38,169209,0
TNON.US,5,20251021,161000,1.375,1.38,1.35,1.355,56075,0
TNON.US,5,20251021,161500,1.3598,1.36,1.33,1.34,58900,0
TNON.US,5,20251021,162000,1.335,1.36,1.335,1.3403,22904,0
TNON.US,5,20251021,162500,1.3401,1.385,1.34,1.38,62276,0
TNON.US,5,20251021,163000,1.38,1.39,1.36,1.3645,36065,0
TNON.US,5,20251021,163500,1.37,1.37,1.36,1.37,37344,0
TNON.US,5,20251021,164000,1.37,1.39,1.36,1.385,58919,0
TNON.US,5,20251021,164500,1.385,1.39,1.37,1.375,41250,0
TNON.US,5,20251021,165000,1.37,1.375,1.35,1.355,33433,0
TNON.US,5,20251021,165500,1.3501,1.36,1.35,1.36,33281,0
TNON.US,5,20251021,170000,1.355,1.38,1.35,1.375,37947,0
TNON.US,5,20251021,170500,1.375,1.39,1.3701,1.385,22900,0
TNON.US,5,20251021,171000,1.3865,1.41,1.38,1.38,79703,0
TNON.US,5,20251021,171500,1.3804,1.41,1.38,1.395,76450,0
TNON.US,5,20251021,172000,1.4,1.4,1.38,1.39,30346,0
TNON.US,5,20251021,172500,1.38,1.38,1.36,1.3701,41217,0
TNON.US,5,20251021,173000,1.38,1.39,1.37,1.37,71794,0
TNON.US,5,20251021,173500,1.3741,1.38,1.37,1.375,24751,0
TNON.US,5,20251021,174000,1.371,1.38,1.33,1.3401,41857,0
TNON.US,5,20251021,174500,1.3486,1.3486,1.315,1.32,46453,0
TNON.US,5,20251021,175000,1.325,1.335,1.32,1.325,27977,0
TNON.US,5,20251021,175500,1.3206,1.33,1.31,1.315,32139,0
TNON.US,5,20251021,180000,1.32,1.32,1.3,1.305,83337,0
TNON.US,5,20251021,180500,1.31,1.32,1.305,1.32,12149,0
TNON.US,5,20251021,181000,1.31,1.32,1.27,1.28,118593,0
TNON.US,5,20251021,181500,1.28,1.29,1.26,1.285,41641,0
TNON.US,5,20251021,182000,1.29,1.31,1.28,1.2863,52759,0
TNON.US,5,20251021,182500,1.2899,1.295,1.28,1.295,9236,0
TNON.US,5,20251021,183000,1.295,1.3,1.29,1.295,15549,0
TNON.US,5,20251021,183500,1.2941,1.31,1.2941,1.3001,9661,0
TNON.US,5,20251021,184000,1.31,1.32,1.305,1.32,18879,0
TNON.US,5,20251021,184500,1.32,1.32,1.31,1.315,14477,0
TNON.US,5,20251021,185000,1.32,1.33,1.31,1.311371,27516,0
TNON.US,5,20251021,185500,1.315,1.315,1.31,1.31,5850,0
TNON.US,5,20251021,190000,1.315,1.32,1.31,1.315,1657,0
TNON.US,5,20251021,190500,1.3102,1.32,1.3,1.31,35379,0
TNON.US,5,20251021,191000,1.32,1.32,1.31,1.32,6715,0
TNON.US,5,20251021,191500,1.315,1.32,1.31,1.315,11207,0
TNON.US,5,20251021,192000,1.315,1.32,1.31,1.3165,4337,0
TNON.US,5,20251021,192500,1.32,1.32,1.32,1.32,1309,0
TNON.US,5,20251021,193000,1.31,1.33,1.31,1.32,14328,0
TNON.US,5,20251021,193500,1.32,1.33,1.32,1.325,37337,0
TNON.US,5,20251021,194000,1.33,1.34,1.32,1.32,18957,0
TNON.US,5,20251021,194500,1.32,1.325,1.31,1.325,10522,0
TNON.US,5,20251021,195000,1.3201,1.33,1.32,1.325,10730,0
TNON.US,5,20251021,195500,1.33,1.33,1.3203,1.325,4762,0
TNON.US,5,20251021,200000,1.3201,1.33,1.3201,1.325,1057,0
TNON.US,5,20251021,200500,1.33,1.34,1.3201,1.335,15223,0
TNON.US,5,20251021,201000,1.34,1.34,1.33,1.335,2184,0
TNON.US,5,20251021,201500,1.335,1.34,1.33,1.3395,26770,0
TNON.US,5,20251021,202000,1.33,1.34,1.33,1.34,18029,0
TNON.US,5,20251021,202500,1.3316,1.3399,1.33,1.33,3922,0
TNON.US,5,20251021,203000,1.33,1.34,1.32,1.34,19376,0
TNON.US,5,20251021,203500,1.34,1.34,1.33,1.3315,2437,0
TNON.US,5,20251021,204000,1.335,1.34,1.33,1.335,10380,0
TNON.US,5,20251021,204500,1.3301,1.335,1.33,1.33,1950,0
TNON.US,5,20251021,205000,1.33,1.34,1.33,1.3301,23814,0
TNON.US,5,20251021,205500,1.3283,1.33,1.32,1.3201,19619,0
TNON.US,5,20251021,210000,1.3297,1.33,1.31,1.31,17460,0
TNON.US,5,20251021,210500,1.31,1.315,1.3,1.3001,26374,0
TNON.US,5,20251021,211000,1.3,1.305,1.29,1.2901,15372,0
TNON.US,5,20251021,211500,1.2901,1.3,1.29,1.2951,4421,0
TNON.US,5,20251021,212000,1.295,1.3,1.29,1.3,8012,0
TNON.US,5,20251021,212500,1.292,1.295,1.27,1.27,101656,0
TNON.US,5,20251021,213000,1.2799,1.28,1.25,1.26,127163,0
TNON.US,5,20251021,213500,1.25,1.26,1.24,1.255,22411,0
TNON.US,5,20251021,214000,1.255,1.27,1.25,1.265,22341,0
TNON.US,5,20251021,214500,1.265,1.3,1.265,1.295,45532,0
TNON.US,5,20251021,215000,1.295,1.3,1.23,1.255,65695,0
TNON.US,5,20251021,215500,1.2501,1.26,1.18,1.19,217787,0
TNON.US,5,20251022,153000,1.12,1.1605,1.12,1.1501,34547,0
TNON.US,5,20251022,153500,1.17,1.18,1.1699,1.18,20708,0
TNON.US,5,20251022,154000,1.175,1.19,1.175,1.19,21521,0
TNON.US,5,20251022,154500,1.19,1.2,1.19,1.193,8057,0
TNON.US,5,20251022,155000,1.19,1.205,1.19,1.205,15929,0
TNON.US,5,20251022,155500,1.21,1.21,1.2001,1.205,4316,0
TNON.US,5,20251022,160000,1.205,1.22,1.205,1.22,11187,0
TNON.US,5,20251022,160500,1.22,1.22,1.21,1.22,2341,0
TNON.US,5,20251022,161000,1.2102,1.215,1.2,1.215,8854,0
TNON.US,5,20251022,161500,1.215,1.22,1.21,1.22,7289,0
TNON.US,5,20251022,162000,1.215,1.23,1.21,1.21,14928,0
TNON.US,5,20251022,162500,1.215,1.22,1.18,1.1801,42748,0
TNON.US,5,20251022,163000,1.185,1.19,1.1801,1.19,13951,0
TNON.US,5,20251022,163500,1.1801,1.2,1.1801,1.2,9791,0
TNON.US,5,20251022,164000,1.2,1.2,1.18,1.18,18221,0
TNON.US,5,20251022,164500,1.18,1.185,1.16,1.16,11313,0
TNON.US,5,20251022,165000,1.165,1.1652,1.16,1.1601,8128,0
TNON.US,5,20251022,165500,1.16,1.18,1.16,1.18,15986,0
TNON.US,5,20251022,170000,1.18,1.18,1.17,1.18,19891,0
TNON.US,5,20251022,170500,1.18,1.18,1.17,1.18,2494,0
TNON.US,5,20251022,171000,1.18,1.18,1.175,1.18,6570,0
TNON.US,5,20251022,171500,1.18,1.18,1.1702,1.18,2550,0
TNON.US,5,20251022,172000,1.18,1.18,1.16,1.165,3054,0
TNON.US,5,20251022,172500,1.165,1.17,1.16,1.165,4915,0
TNON.US,5,20251022,173000,1.165,1.175,1.16,1.175,4010,0
TNON.US,5,20251022,173500,1.175,1.175,1.1601,1.165,3331,0
TNON.US,5,20251022,174000,1.17,1.17,1.16,1.165,1882,0
TNON.US,5,20251022,174500,1.17,1.175,1.16,1.175,1820,0
TNON.US,5,20251022,175000,1.175,1.179,1.1701,1.175,1431,0
TNON.US,5,20251022,175500,1.175,1.18,1.17,1.17,6051,0
TNON.US,5,20251022,180000,1.175,1.18,1.17,1.175,1800,0
TNON.US,5,20251022,180500,1.1701,1.175,1.17,1.17,2611,0
TNON.US,5,20251022,181000,1.175,1.18,1.1701,1.175,3100,0
TNON.US,5,20251022,181500,1.18,1.18,1.18,1.18,2523,0
TNON.US,5,20251022,182000,1.175,1.175,1.175,1.175,1000,0
TNON.US,5,20251022,182500,1.18,1.18,1.17,1.17,4639,0
TNON.US,5,20251022,183000,1.18,1.18,1.17,1.175,3122,0
TNON.US,5,20251022,183500,1.1742,1.18,1.1742,1.18,310,0
TNON.US,5,20251022,184000,1.18,1.19,1.18,1.185,4513,0
TNON.US,5,20251022,184500,1.185,1.185,1.18,1.185,3996,0
TNON.US,5,20251022,185000,1.185,1.185,1.1802,1.185,3785,0
TNON.US,5,20251022,185500,1.185,1.1894,1.185,1.185,1000,0
TNON.US,5,20251022,190000,1.185,1.185,1.17,1.18,3649,0
TNON.US,5,20251022,191000,1.18,1.18,1.17,1.175,3934,0
TNON.US,5,20251022,191500,1.175,1.178,1.17,1.175,5636,0
TNON.US,5,20251022,192000,1.18,1.18,1.18,1.18,300,0
TNON.US,5,20251022,192500,1.18,1.18,1.17,1.1765,1634,0
TNON.US,5,20251022,193000,1.175,1.18,1.175,1.18,200,0
TNON.US,5,20251022,194000,1.175,1.18,1.15,1.17,20512,0
TNON.US,5,20251022,194500,1.1699,1.1699,1.1699,1.1699,500,0
TNON.US,5,20251022,195000,1.17,1.17,1.16,1.16,9066,0
TNON.US,5,20251022,195500,1.165,1.17,1.165,1.17,3308,0
TNON.US,5,20251022,200000,1.17,1.17,1.16,1.16,400,0
TNON.US,5,20251022,200500,1.17,1.17,1.17,1.17,400,0
TNON.US,5,20251022,201500,1.165,1.165,1.165,1.165,100,0
TNON.US,5,20251022,202000,1.17,1.17,1.16,1.1695,9574,0
TNON.US,5,20251022,202500,1.17,1.17,1.17,1.17,166,0
TNON.US,5,20251022,203000,1.1696,1.17,1.1696,1.17,654,0
TNON.US,5,20251022,203500,1.16,1.165,1.15,1.16,5217,0
TNON.US,5,20251022,204000,1.16,1.165,1.16,1.165,1526,0
TNON.US,5,20251022,205000,1.1682,1.1685,1.1682,1.1685,800,0
TNON.US,5,20251022,205500,1.16,1.16,1.16,1.16,200,0
TNON.US,5,20251022,210000,1.165,1.165,1.165,1.165,300,0
TNON.US,5,20251022,210500,1.17,1.17,1.16,1.165,1400,0
TNON.US,5,20251022,211000,1.17,1.17,1.165,1.165,1500,0
TNON.US,5,20251022,211500,1.1601,1.165,1.1601,1.165,3888,0
TNON.US,5,20251022,212000,1.165,1.165,1.165,1.165,300,0
TNON.US,5,20251022,213000,1.165,1.165,1.165,1.165,435,0
TNON.US,5,20251022,213500,1.165,1.17,1.16,1.16,3499,0
TNON.US,5,20251022,214000,1.17,1.17,1.17,1.17,1296,0
TNON.US,5,20251022,214500,1.165,1.165,1.1601,1.165,1720,0
TNON.US,5,20251022,215000,1.165,1.175,1.16,1.17,33580,0
TNON.US,5,20251022,215500,1.165,1.17,1.14,1.14,28910,0
TNON.US,5,20251023,153000,1.115,1.15,1.11,1.14,13421,0
TNON.US,5,20251023,153500,1.14,1.15,1.135,1.15,20063,0
TNON.US,5,20251023,154000,1.15,1.1552,1.15,1.155,4446,0
TNON.US,5,20251023,154500,1.16,1.16,1.15,1.1504,2100,0
TNON.US,5,20251023,155000,1.155,1.1699,1.155,1.16,2896,0
TNON.US,5,20251023,155500,1.1699,1.1699,1.1629,1.1699,5880,0
TNON.US,5,20251023,160000,1.165,1.165,1.165,1.165,636,0
TNON.US,5,20251023,160500,1.165,1.19,1.165,1.19,16055,0
TNON.US,5,20251023,161000,1.1802,1.19,1.18,1.185,10053,0
TNON.US,5,20251023,161500,1.185,1.185,1.185,1.185,6450,0
TNON.US,5,20251023,162000,1.19,1.2,1.19,1.1997,12333,0
TNON.US,5,20251023,162500,1.1914,1.195,1.1914,1.195,600,0
TNON.US,5,20251023,163000,1.195,1.195,1.195,1.195,900,0
TNON.US,5,20251023,163500,1.19,1.2,1.19,1.19,11150,0
TNON.US,5,20251023,164000,1.185,1.195,1.18,1.18,8028,0
TNON.US,5,20251023,164500,1.185,1.185,1.185,1.185,100,0
TNON.US,5,20251023,165000,1.19,1.19,1.19,1.19,787,0
TNON.US,5,20251023,165500,1.185,1.185,1.18,1.185,1300,0
TNON.US,5,20251023,170000,1.182,1.2,1.18,1.195,9802,0
TNON.US,5,20251023,170500,1.2,1.2,1.195,1.1999,4443,0
TNON.US,5,20251023,171000,1.1998,1.1998,1.1998,1.1998,200,0
TNON.US,5,20251023,171500,1.195,1.205,1.19,1.205,16090,0
TNON.US,5,20251023,172000,1.2003,1.205,1.2,1.2,1631,0
TNON.US,5,20251023,172500,1.19,1.19,1.18,1.19,1857,0
TNON.US,5,20251023,173000,1.17,1.1707,1.17,1.1701,1687,0
TNON.US,5,20251023,173500,1.18,1.18,1.18,1.18,1745,0
TNON.US,5,20251023,174000,1.18,1.185,1.16,1.185,13425,0
TNON.US,5,20251023,174500,1.185,1.185,1.185,1.185,100,0
TNON.US,5,20251023,175500,1.185,1.185,1.185,1.185,100,0
TNON.US,5,20251023,180000,1.185,1.185,1.185,1.185,100,0
TNON.US,5,20251023,180500,1.185,1.195,1.1802,1.19,2662,0
TNON.US,5,20251023,181000,1.185,1.185,1.185,1.185,100,0
TNON.US,5,20251023,181500,1.185,1.185,1.185,1.185,100,0
TNON.US,5,20251023,182500,1.185,1.185,1.185,1.185,100,0
TNON.US,5,20251023,183000,1.185,1.185,1.185,1.185,1200,0
TNON.US,5,20251023,183500,1.185,1.185,1.185,1.185,100,0
TNON.US,5,20251023,184000,1.1801,1.1801,1.1801,1.1801,788,0
TNON.US,5,20251023,184500,1.1801,1.185,1.1801,1.185,276,0
TNON.US,5,20251023,185500,1.185,1.185,1.185,1.185,600,0
TNON.US,5,20251023,190500,1.1802,1.185,1.1802,1.185,898,0
TNON.US,5,20251023,191500,1.185,1.195,1.185,1.19,10606,0
TNON.US,5,20251023,193000,1.195,1.195,1.19,1.195,1600,0
TNON.US,5,20251023,193500,1.19,1.19,1.185,1.185,1410,0
TNON.US,5,20251023,194000,1.1891,1.1891,1.185,1.185,300,0
TNON.US,5,20251023,195500,1.18,1.18,1.18,1.18,200,0
TNON.US,5,20251023,200000,1.185,1.185,1.185,1.185,100,0
TNON.US,5,20251023,201000,1.18,1.185,1.18,1.185,757,0
TNON.US,5,20251023,201500,1.1802,1.195,1.1802,1.19,5666,0
TNON.US,5,20251023,202000,1.185,1.185,1.185,1.185,211,0
TNON.US,5,20251023,203000,1.18,1.18,1.18,1.18,100,0
TNON.US,5,20251023,204000,1.18,1.19,1.16,1.19,14291,0
TNON.US,5,20251023,204500,1.18,1.18,1.17,1.18,1810,0
TNON.US,5,20251023,205000,1.1801,1.1899,1.18,1.18,4062,0
TNON.US,5,20251023,205500,1.18,1.18,1.18,1.18,100,0
TNON.US,5,20251023,210500,1.175,1.18,1.17,1.18,401,0
TNON.US,5,20251023,211000,1.1705,1.185,1.17,1.18,7800,0
TNON.US,5,20251023,211500,1.185,1.185,1.185,1.185,300,0
TNON.US,5,20251023,212000,1.185,1.205,1.185,1.205,20861,0
TNON.US,5,20251023,212500,1.21,1.21,1.205,1.205,1160,0
TNON.US,5,20251023,213000,1.205,1.205,1.2,1.2,200,0
TNON.US,5,20251023,213500,1.201,1.205,1.2,1.2001,2270,0
TNON.US,5,20251023,214000,1.2,1.2,1.195,1.195,300,0
TNON.US,5,20251023,214500,1.195,1.195,1.195,1.195,434,0
TNON.US,5,20251023,215000,1.2,1.2,1.19,1.195,1600,0
TNON.US,5,20251023,215500,1.195,1.2,1.17,1.17,19150,0
TNON.US,5,20251024,153000,1.16,1.17,1.16,1.1602,4700,0
TNON.US,5,20251024,153500,1.165,1.1885,1.165,1.1885,1820,0
TNON.US,5,20251024,154000,1.1887,1.1997,1.18,1.19,6913,0
TNON.US,5,20251024,154500,1.195,1.195,1.19,1.19,1174,0
TNON.US,5,20251024,155000,1.2,1.2,1.1901,1.1901,7830,0
TNON.US,5,20251024,155500,1.2,1.21,1.2,1.21,3538,0
TNON.US,5,20251024,160000,1.21,1.22,1.2001,1.2001,1568,0
TNON.US,5,20251024,160500,1.2004,1.2059,1.2004,1.2059,3558,0
TNON.US,5,20251024,161000,1.2098,1.2103,1.2,1.2103,2100,0
TNON.US,5,20251024,161500,1.2102,1.2102,1.2102,1.2102,151,0
TNON.US,5,20251024,162000,1.215,1.22,1.2101,1.22,7811,0
TNON.US,5,20251024,162500,1.22,1.22,1.2,1.2,5768,0
TNON.US,5,20251024,163000,1.205,1.21,1.2004,1.2004,1496,0
TNON.US,5,20251024,163500,1.21,1.22,1.21,1.22,3876,0
TNON.US,5,20251024,164000,1.222,1.23,1.22,1.225,5800,0
TNON.US,5,20251024,164500,1.22,1.225,1.22,1.22,2100,0
TNON.US,5,20251024,165000,1.22,1.225,1.22,1.22,3948,0
TNON.US,5,20251024,165500,1.2201,1.2201,1.22,1.22,750,0
TNON.US,5,20251024,170000,1.2128,1.2128,1.2128,1.2128,250,0
TNON.US,5,20251024,170500,1.215,1.215,1.215,1.215,200,0
TNON.US,5,20251024,171000,1.21,1.2395,1.21,1.235,27883,0
TNON.US,5,20251024,171500,1.2302,1.2302,1.23,1.2302,964,0
TNON.US,5,20251024,172000,1.23,1.23,1.23,1.23,200,0
TNON.US,5,20251024,172500,1.235,1.2356,1.23,1.23,1111,0
TNON.US,5,20251024,173000,1.2302,1.235,1.23,1.2303,2750,0
TNON.US,5,20251024,173500,1.23,1.235,1.215,1.215,29751,0
TNON.US,5,20251024,174000,1.22,1.23,1.215,1.22,5950,0
TNON.US,5,20251024,174500,1.22,1.22,1.22,1.22,100,0
TNON.US,5,20251024,175500,1.22,1.22,1.22,1.22,600,0
TNON.US,5,20251024,180000,1.2201,1.2201,1.2201,1.2201,300,0
TNON.US,5,20251024,180500,1.225,1.23,1.22,1.23,2730,0
TNON.US,5,20251024,181000,1.23,1.235,1.23,1.235,2231,0
TNON.US,5,20251024,181500,1.2301,1.2301,1.23,1.23,1405,0
TNON.US,5,20251024,182000,1.24,1.24,1.235,1.235,700,0
TNON.US,5,20251024,182500,1.2301,1.235,1.2301,1.235,260,0
TNON.US,5,20251024,183000,1.23,1.23,1.23,1.23,305,0
TNON.US,5,20251024,183500,1.23,1.23,1.23,1.23,800,0
TNON.US,5,20251024,184000,1.24,1.245,1.24,1.245,3055,0
TNON.US,5,20251024,184500,1.24,1.245,1.24,1.245,382,0
TNON.US,5,20251024,185000,1.245,1.245,1.24,1.2436,5800,0
TNON.US,5,20251024,185500,1.243,1.26,1.2401,1.2501,20094,0
TNON.US,5,20251024,190000,1.2501,1.2599,1.2501,1.255,2350,0
TNON.US,5,20251024,190500,1.2501,1.255,1.25,1.255,1916,0
TNON.US,5,20251024,191000,1.2501,1.2501,1.2501,1.2501,1500,0
TNON.US,5,20251024,191500,1.25,1.255,1.245,1.25,7006,0
TNON.US,5,20251024,192000,1.2501,1.255,1.25,1.255,4739,0
TNON.US,5,20251024,192500,1.255,1.26,1.255,1.26,1410,0
TNON.US,5,20251024,193000,1.255,1.26,1.25,1.25,2177,0
TNON.US,5,20251024,193500,1.255,1.255,1.25,1.255,1088,0
TNON.US,5,20251024,194000,1.255,1.26,1.25,1.255,16662,0
TNON.US,5,20251024,194500,1.26,1.26,1.25,1.25,4509,0
TNON.US,5,20251024,195500,1.2501,1.26,1.2501,1.255,13535,0
TNON.US,5,20251024,200000,1.25,1.25,1.25,1.25,140,0
TNON.US,5,20251024,200500,1.251,1.251,1.25,1.25,5255,0
TNON.US,5,20251024,201000,1.25,1.26,1.25,1.2501,1852,0
TNON.US,5,20251024,201500,1.2501,1.2502,1.2501,1.2502,500,0
TNON.US,5,20251024,202500,1.2599,1.2599,1.25,1.255,1876,0
TNON.US,5,20251024,203000,1.25,1.25,1.25,1.25,777,0
TNON.US,5,20251024,203500,1.25,1.255,1.25,1.255,6150,0
TNON.US,5,20251024,204000,1.25,1.25,1.25,1.25,1571,0
TNON.US,5,20251024,204500,1.2501,1.255,1.25,1.25,8648,0
TNON.US,5,20251024,205000,1.2512,1.26,1.2506,1.2506,5200,0
TNON.US,5,20251024,205500,1.2512,1.26,1.2512,1.26,10970,0
TNON.US,5,20251024,210000,1.2601,1.265,1.2601,1.265,3100,0
TNON.US,5,20251024,210500,1.26,1.265,1.255,1.26,12705,0
TNON.US,5,20251024,211000,1.2694,1.27,1.26,1.27,3018,0
TNON.US,5,20251024,211500,1.2665,1.2665,1.2665,1.2665,700,0
TNON.US,5,20251024,212000,1.2601,1.2601,1.24,1.255,21239,0
TNON.US,5,20251024,213500,1.2501,1.255,1.24,1.2501,16881,0
TNON.US,5,20251024,214000,1.255,1.255,1.255,1.255,400,0
TNON.US,5,20251024,214500,1.25,1.25,1.25,1.25,3813,0
TNON.US,5,20251024,215000,1.245,1.2454,1.24,1.24,1492,0
TNON.US,5,20251024,215500,1.24,1.26,1.24,1.24,9064,0
TNON.US,5,20251027,143000,1.24,1.24,1.22,1.22,3072,0
TNON.US,5,20251027,143500,1.22,1.2302,1.215,1.2201,14394,0
TNON.US,5,20251027,144000,1.23,1.2399,1.22,1.2399,4238,0
TNON.US,5,20251027,144500,1.222,1.222,1.22,1.22,265,0
TNON.US,5,20251027,145000,1.2201,1.23,1.22,1.23,1645,0
TNON.US,5,20251027,145500,1.22,1.23,1.22,1.22,4296,0
TNON.US,5,20251027,150000,1.22,1.2398,1.215,1.2201,8360,0
TNON.US,5,20251027,150500,1.2131,1.215,1.21,1.21,1725,0
TNON.US,5,20251027,151000,1.2191,1.2191,1.21,1.21,1496,0
TNON.US,5,20251027,151500,1.215,1.215,1.205,1.205,6774,0
TNON.US,5,20251027,152000,1.21,1.21,1.2008,1.21,4933,0
TNON.US,5,20251027,152500,1.22,1.22,1.22,1.22,129,0
TNON.US,5,20251027,154000,1.21,1.21,1.21,1.21,130,0
TNON.US,5,20251027,154500,1.21,1.21,1.205,1.21,2245,0
TNON.US,5,20251027,155000,1.2101,1.215,1.2,1.205,5600,0
TNON.US,5,20251027,155500,1.205,1.205,1.205,1.205,120,0
TNON.US,5,20251027,160000,1.205,1.22,1.205,1.2156,2827,0
TNON.US,5,20251027,160500,1.2198,1.2198,1.21,1.21,2665,0
TNON.US,5,20251027,161500,1.2199,1.2199,1.2199,1.2199,1000,0
TNON.US,5,20251027,162000,1.215,1.215,1.215,1.215,100,0
TNON.US,5,20251027,162500,1.2156,1.2156,1.2156,1.2156,150,0
TNON.US,5,20251027,165000,1.21,1.21,1.2,1.21,9583,0
TNON.US,5,20251027,170000,1.205,1.205,1.2,1.2,1988,0
TNON.US,5,20251027,170500,1.205,1.205,1.205,1.205,100,0
TNON.US,5,20251027,171500,1.205,1.2096,1.205,1.2096,519,0
TNON.US,5,20251027,172500,1.21,1.21,1.205,1.205,5200,0
TNON.US,5,20251027,173000,1.205,1.205,1.2,1.205,12200,0
TNON.US,5,20251027,173500,1.21,1.215,1.21,1.215,913,0
TNON.US,5,20251027,174500,1.22,1.22,1.21,1.21,300,0
TNON.US,5,20251027,175000,1.21,1.22,1.21,1.22,8678,0
TNON.US,5,20251027,182000,1.225,1.23,1.225,1.23,2613,0
TNON.US,5,20251027,183500,1.225,1.225,1.21,1.215,12597,0
TNON.US,5,20251027,184000,1.2202,1.2202,1.2,1.22,12999,0
TNON.US,5,20251027,184500,1.2201,1.2201,1.21,1.21,3201,0
TNON.US,5,20251027,185000,1.22,1.22,1.215,1.22,977,0
TNON.US,5,20251027,190000,1.22,1.22,1.215,1.22,2882,0
TNON.US,5,20251027,192000,1.22,1.22,1.22,1.22,100,0
TNON.US,5,20251027,194000,1.23,1.23,1.225,1.225,900,0
TNON.US,5,20251027,195500,1.22,1.22,1.22,1.22,600,0
TNON.US,5,20251027,200500,1.2201,1.23,1.2201,1.23,1600,0
TNON.US,5,20251027,201000,1.23,1.23,1.225,1.23,805,0
TNON.US,5,20251027,202000,1.2204,1.2204,1.22,1.22,1266,0
TNON.US,5,20251027,202500,1.225,1.23,1.225,1.23,613,0
TNON.US,5,20251027,203000,1.22,1.22,1.22,1.22,200,0
TNON.US,5,20251027,203500,1.22,1.22,1.22,1.22,100,0
TNON.US,5,20251027,204500,1.23,1.23,1.22,1.22,2300,0
TNON.US,5,20251027,205000,1.225,1.225,1.2102,1.2102,3817,0
TNON.US,5,20251027,205500,1.22,1.23,1.21,1.22,14389,0
TNON.US,5,20251028,143000,1.23,1.23,1.2,1.2004,4435,0
TNON.US,5,20251028,143500,1.2,1.22,1.2,1.22,1120,0
TNON.US,5,20251028,144000,1.23,1.23,1.215,1.215,1673,0
TNON.US,5,20251028,144500,1.22,1.22,1.22,1.22,698,0
TNON.US,5,20251028,145000,1.22,1.22,1.2101,1.2101,1300,0
TNON.US,5,20251028,150500,1.22,1.22,1.22,1.22,3540,0
TNON.US,5,20251028,151000,1.225,1.225,1.225,1.225,100,0
TNON.US,5,20251028,151500,1.225,1.225,1.2103,1.2103,6878,0
TNON.US,5,20251028,152000,1.215,1.215,1.215,1.215,100,0
TNON.US,5,20251028,152500,1.2104,1.2104,1.2104,1.2104,190,0
TNON.US,5,20251028,153000,1.22,1.22,1.215,1.22,2429,0
TNON.US,5,20251028,153500,1.22,1.22,1.215,1.22,1297,0
TNON.US,5,20251028,154000,1.22,1.22,1.22,1.22,185,0
TNON.US,5,20251028,155000,1.2238,1.2238,1.2238,1.2238,1000,0
TNON.US,5,20251028,160000,1.22,1.23,1.22,1.23,611,0
TNON.US,5,20251028,161000,1.2211,1.2211,1.2211,1.2211,1000,0
TNON.US,5,20251028,161500,1.225,1.235,1.225,1.235,700,0
TNON.US,5,20251028,162000,1.23,1.23,1.23,1.23,2751,0
TNON.US,5,20251028,162500,1.23,1.23,1.23,1.23,2000,0
TNON.US,5,20251028,163000,1.23,1.23,1.23,1.23,190,0
TNON.US,5,20251028,163500,1.222,1.23,1.22,1.23,12514,0
TNON.US,5,20251028,165000,1.23,1.23,1.23,1.23,200,0
TNON.US,5,20251028,170000,1.23,1.235,1.23,1.235,6100,0
TNON.US,5,20251028,170500,1.2301,1.235,1.2301,1.235,782,0
TNON.US,5,20251028,171000,1.24,1.24,1.24,1.24,700,0
TNON.US,5,20251028,171500,1.2301,1.2301,1.2301,1.2301,1500,0
TNON.US,5,20251028,172000,1.2364,1.24,1.2364,1.24,772,0
TNON.US,5,20251028,173000,1.245,1.245,1.245,1.245,500,0
TNON.US,5,20251028,175000,1.25,1.25,1.245,1.245,1100,0
TNON.US,5,20251028,175500,1.24,1.24,1.24,1.24,600,0
TNON.US,5,20251028,180500,1.24,1.24,1.235,1.24,10169,0
TNON.US,5,20251028,181000,1.24,1.24,1.24,1.24,1100,0
TNON.US,5,20251028,182000,1.245,1.25,1.24,1.245,20133,0
TNON.US,5,20251028,183500,1.245,1.25,1.2401,1.2401,3492,0
TNON.US,5,20251028,184000,1.245,1.245,1.24,1.24,2034,0
TNON.US,5,20251028,185000,1.235,1.235,1.2301,1.2301,1250,0
TNON.US,5,20251028,190000,1.23,1.23,1.23,1.23,243,0
TNON.US,5,20251028,190500,1.235,1.2389,1.235,1.235,4110,0
TNON.US,5,20251028,191500,1.235,1.235,1.2339,1.2339,1865,0
TNON.US,5,20251028,192000,1.235,1.24,1.235,1.235,2511,0
TNON.US,5,20251028,193500,1.235,1.24,1.235,1.24,2202,0
TNON.US,5,20251028,194000,1.235,1.235,1.235,1.235,100,0
TNON.US,5,20251028,201000,1.235,1.2363,1.235,1.2363,350,0
TNON.US,5,20251028,201500,1.2352,1.2352,1.2352,1.2352,1000,0
TNON.US,5,20251028,202500,1.235,1.235,1.232,1.232,1284,0
TNON.US,5,20251028,203000,1.2301,1.2301,1.2301,1.2301,258,0
TNON.US,5,20251028,203500,1.235,1.235,1.22,1.22,3700,0
TNON.US,5,20251028,204000,1.225,1.225,1.215,1.22,4322,0
TNON.US,5,20251028,205000,1.22,1.23,1.215,1.2202,4458,0
TNON.US,5,20251028,205500,1.225,1.23,1.21,1.22,5329,0
TNON.US,5,20251029,143000,1.23,1.23,1.23,1.23,543,0
TNON.US,5,20251029,143500,1.21,1.21,1.21,1.21,583,0
TNON.US,5,20251029,144000,1.21,1.21,1.2,1.21,4672,0
TNON.US,5,20251029,144500,1.205,1.21,1.205,1.21,1142,0
TNON.US,5,20251029,145000,1.215,1.215,1.21,1.21,5897,0
TNON.US,5,20251029,150500,1.22,1.22,1.22,1.22,1100,0
TNON.US,5,20251029,151000,1.22,1.235,1.22,1.235,1828,0
TNON.US,5,20251029,151500,1.235,1.235,1.23,1.23,2497,0
TNON.US,5,20251029,152000,1.236,1.24,1.23,1.24,5445,0
TNON.US,5,20251029,152500,1.235,1.235,1.2207,1.2207,274,0
TNON.US,5,20251029,153500,1.22,1.22,1.22,1.22,106,0
TNON.US,5,20251029,154500,1.22,1.22,1.22,1.22,344,0
TNON.US,5,20251029,155000,1.2368,1.2368,1.2368,1.2368,111,0
TNON.US,5,20251029,155500,1.24,1.24,1.24,1.24,100,0
TNON.US,5,20251029,161000,1.2398,1.26,1.23,1.26,19741,0
TNON.US,5,20251029,161500,1.26,1.26,1.26,1.26,694,0
TNON.US,5,20251029,162500,1.25,1.25,1.24,1.24,2412,0
TNON.US,5,20251029,164000,1.2301,1.2301,1.2301,1.2301,1000,0
TNON.US,5,20251029,165000,1.24,1.2412,1.2302,1.2412,718,0
TNON.US,5,20251029,170500,1.24,1.2409,1.24,1.2409,1152,0
TNON.US,5,20251029,172000,1.24,1.24,1.23,1.24,19441,0
TNON.US,5,20251029,172500,1.2401,1.245,1.2401,1.245,706,0
TNON.US,5,20251029,173500,1.24,1.24,1.24,1.24,296,0
TNON.US,5,20251029,174000,1.245,1.245,1.245,1.245,1000,0
TNON.US,5,20251029,175000,1.245,1.245,1.23,1.2301,2158,0
TNON.US,5,20251029,181000,1.24,1.24,1.24,1.24,271,0
TNON.US,5,20251029,181500,1.235,1.24,1.235,1.24,5327,0
TNON.US,5,20251029,184500,1.233,1.233,1.233,1.233,2000,0
TNON.US,5,20251029,185000,1.2301,1.24,1.2301,1.24,500,0
TNON.US,5,20251029,190000,1.2315,1.2315,1.2315,1.2315,500,0
TNON.US,5,20251029,191000,1.2301,1.24,1.22,1.24,12541,0
TNON.US,5,20251029,192000,1.23,1.24,1.23,1.24,1700,0
TNON.US,5,20251029,192500,1.24,1.24,1.24,1.24,4800,0
TNON.US,5,20251029,193500,1.24,1.24,1.23,1.24,1800,0
TNON.US,5,20251029,194000,1.23,1.23,1.23,1.23,800,0
TNON.US,5,20251029,194500,1.2202,1.23,1.2202,1.23,389,0
TNON.US,5,20251029,195500,1.24,1.24,1.24,1.24,200,0
TNON.US,5,20251029,200500,1.235,1.235,1.235,1.235,104,0
TNON.US,5,20251029,201000,1.24,1.24,1.24,1.24,2000,0
TNON.US,5,20251029,201500,1.235,1.24,1.235,1.24,1066,0
TNON.US,5,20251029,202000,1.24,1.24,1.2302,1.2302,2826,0
TNON.US,5,20251029,203500,1.24,1.24,1.22,1.23,30135,0
TNON.US,5,20251029,204000,1.235,1.235,1.235,1.235,100,0
TNON.US,5,20251029,204500,1.24,1.24,1.24,1.24,700,0
TNON.US,5,20251029,205000,1.2499,1.2499,1.24,1.24,800,0
TNON.US,5,20251029,205500,1.235,1.24,1.235,1.24,2689,0
TNON.US,5,20251030,143000,1.22,1.22,1.205,1.21,6509,0
TNON.US,5,20251030,143500,1.2,1.22,1.19,1.2,21076,0
TNON.US,5,20251030,144000,1.2001,1.2001,1.2,1.2,1560,0
TNON.US,5,20251030,144500,1.2002,1.2002,1.2002,1.2002,500,0
TNON.US,5,20251030,145500,1.2057,1.21,1.2005,1.21,800,0
TNON.US,5,20251030,150500,1.215,1.215,1.21,1.21,500,0
TNON.US,5,20251030,151000,1.21,1.21,1.21,1.21,500,0
TNON.US,5,20251030,151500,1.21,1.2123,1.21,1.2123,4078,0
TNON.US,5,20251030,152500,1.215,1.2199,1.21,1.2101,2836,0
TNON.US,5,20251030,153000,1.21,1.215,1.21,1.215,3652,0
TNON.US,5,20251030,153500,1.215,1.22,1.21,1.22,5884,0
TNON.US,5,20251030,154000,1.2101,1.2101,1.21,1.21,525,0
TNON.US,5,20251030,154500,1.2128,1.2128,1.2128,1.2128,182,0
TNON.US,5,20251030,155000,1.2101,1.2249,1.2101,1.2249,4254,0
TNON.US,5,20251030,160000,1.22,1.22,1.2101,1.22,5219,0
TNON.US,5,20251030,160500,1.22,1.22,1.22,1.22,100,0
TNON.US,5,20251030,162500,1.22,1.22,1.22,1.22,229,0
TNON.US,5,20251030,164500,1.22,1.22,1.22,1.22,600,0
TNON.US,5,20251030,171000,1.215,1.2201,1.215,1.22,5707,0
TNON.US,5,20251030,171500,1.22,1.22,1.22,1.22,100,0
TNON.US,5,20251030,173000,1.2204,1.2204,1.2204,1.2204,776,0
TNON.US,5,20251030,173500,1.22,1.2236,1.22,1.22,419,0
TNON.US,5,20251030,174000,1.22,1.22,1.215,1.22,1353,0
TNON.US,5,20251030,174500,1.214,1.214,1.212,1.212,1000,0
TNON.US,5,20251030,181000,1.2103,1.2103,1.2103,1.2103,227,0
TNON.US,5,20251030,181500,1.2205,1.2205,1.2195,1.2195,1225,0
TNON.US,5,20251030,183000,1.22,1.22,1.215,1.22,2741,0
TNON.US,5,20251030,183500,1.22,1.22,1.22,1.22,498,0
TNON.US,5,20251030,184000,1.215,1.215,1.21,1.21,2400,0
TNON.US,5,20251030,185000,1.21,1.2195,1.2,1.2195,11201,0
TNON.US,5,20251030,190000,1.2002,1.2002,1.2002,1.2002,2000,0
TNON.US,5,20251030,191500,1.2198,1.2198,1.2198,1.2198,200,0
TNON.US,5,20251030,194500,1.21,1.23,1.21,1.23,12249,0
TNON.US,5,20251030,195000,1.225,1.225,1.225,1.225,100,0
TNON.US,5,20251030,200000,1.225,1.23,1.225,1.23,1374,0
TNON.US,5,20251030,200500,1.22,1.22,1.22,1.22,100,0
TNON.US,5,20251030,201000,1.23,1.23,1.23,1.23,200,0
TNON.US,5,20251030,202000,1.2211,1.225,1.2211,1.225,2400,0
TNON.US,5,20251030,202500,1.23,1.23,1.23,1.23,5290,0
TNON.US,5,20251030,203000,1.221,1.221,1.221,1.221,100,0
TNON.US,5,20251030,203500,1.225,1.225,1.225,1.225,100,0
TNON.US,5,20251030,204000,1.23,1.23,1.23,1.23,400,0
TNON.US,5,20251030,205000,1.225,1.225,1.21,1.22,2067,0
TNON.US,5,20251030,205500,1.22,1.22,1.2,1.2,9426,0
TNON.US,5,20251031,143000,1.2,1.2,1.2,1.2,513,0
TNON.US,5,20251031,144000,1.19,1.19,1.19,1.19,4348,0
TNON.US,5,20251031,145000,1.19,1.19,1.19,1.19,1670,0
TNON.US,5,20251031,145500,1.19,1.2,1.19,1.1901,2500,0
TNON.US,5,20251031,150000,1.1999,1.2,1.1999,1.2,3609,0
TNON.US,5,20251031,150500,1.195,1.195,1.195,1.195,109,0
TNON.US,5,20251031,151000,1.195,1.195,1.195,1.195,5000,0
TNON.US,5,20251031,151500,1.2,1.2,1.195,1.2,4000,0
TNON.US,5,20251031,152000,1.2,1.2,1.195,1.2,600,0
TNON.US,5,20251031,152500,1.1911,1.1911,1.1911,1.1911,1743,0
TNON.US,5,20251031,153500,1.2,1.2,1.2,1.2,100,0
TNON.US,5,20251031,154500,1.21,1.21,1.2,1.21,444,0
TNON.US,5,20251031,155000,1.205,1.2112,1.205,1.2112,644,0
TNON.US,5,20251031,155500,1.21,1.21,1.21,1.21,100,0
TNON.US,5,20251031,160000,1.21,1.21,1.21,1.21,300,0
TNON.US,5,20251031,160500,1.21,1.21,1.21,1.21,100,0
TNON.US,5,20251031,162000,1.205,1.205,1.205,1.205,678,0
TNON.US,5,20251031,162500,1.2,1.2,1.2,1.2,18766,0
TNON.US,5,20251031,163500,1.205,1.205,1.205,1.205,685,0
TNON.US,5,20251031,164500,1.205,1.205,1.205,1.205,100,0
TNON.US,5,20251031,165500,1.205,1.205,1.205,1.205,100,0
TNON.US,5,20251031,170000,1.2,1.21,1.2,1.205,5930,0
TNON.US,5,20251031,170500,1.2001,1.2001,1.195,1.195,4300,0
TNON.US,5,20251031,171000,1.2,1.2,1.2,1.2,100,0
TNON.US,5,20251031,172000,1.1999,1.2,1.1902,1.1902,5557,0
TNON.US,5,20251031,173000,1.2,1.2,1.2,1.2,2600,0
TNON.US,5,20251031,173500,1.2,1.2,1.2,1.2,900,0
TNON.US,5,20251031,174500,1.2,1.2,1.2,1.2,100,0
TNON.US,5,20251031,180000,1.2,1.2,1.1902,1.1902,900,0
TNON.US,5,20251031,180500,1.19,1.2,1.19,1.2,1978,0
TNON.US,5,20251031,181000,1.2,1.2,1.2,1.2,100,0
TNON.US,5,20251031,181500,1.2099,1.2099,1.2099,1.2099,250,0
TNON.US,5,20251031,182000,1.2,1.2,1.2,1.2,200,0
TNON.US,5,20251031,182500,1.2,1.2,1.2,1.2,100,0
TNON.US,5,20251031,183000,1.2,1.2,1.2,1.2,100,0
TNON.US,5,20251031,183500,1.205,1.205,1.205,1.205,100,0
TNON.US,5,20251031,184000,1.205,1.205,1.205,1.205,1000,0
TNON.US,5,20251031,184500,1.2044,1.2044,1.2044,1.2044,400,0
TNON.US,5,20251031,185000,1.205,1.205,1.205,1.205,100,0
TNON.US,5,20251031,190000,1.205,1.21,1.205,1.21,610,0
TNON.US,5,20251031,190500,1.205,1.205,1.205,1.205,100,0
TNON.US,5,20251031,191000,1.21,1.21,1.21,1.21,100,0
TNON.US,5,20251031,192000,1.205,1.21,1.205,1.205,900,0
TNON.US,5,20251031,192500,1.21,1.21,1.205,1.205,2731,0
TNON.US,5,20251031,193000,1.21,1.21,1.21,1.21,100,0
TNON.US,5,20251031,193500,1.205,1.205,1.205,1.205,400,0
TNON.US,5,20251031,194000,1.205,1.205,1.205,1.205,100,0
TNON.US,5,20251031,194500,1.205,1.205,1.2,1.2,9648,0
TNON.US,5,20251031,201000,1.21,1.21,1.21,1.21,1429,0
TNON.US,5,20251031,204500,1.2,1.205,1.2,1.205,200,0
TNON.US,5,20251031,205000,1.21,1.21,1.21,1.21,100,0
TNON.US,5,20251031,205500,1.21,1.21,1.2,1.205,4746,0
TNON.US,5,20251103,153000,1.19,1.19,1.17,1.17,2566,0
TNON.US,5,20251103,153500,1.1799,1.18,1.1799,1.18,200,0
TNON.US,5,20251103,154000,1.175,1.1799,1.17,1.17,8433,0
TNON.US,5,20251103,155000,1.18,1.18,1.18,1.18,100,0
TNON.US,5,20251103,155500,1.18,1.19,1.1701,1.1701,5174,0
TNON.US,5,20251103,160000,1.17,1.173,1.17,1.17,1353,0
TNON.US,5,20251103,162500,1.18,1.18,1.17,1.17,1859,0
TNON.US,5,20251103,163000,1.1746,1.1746,1.1746,1.1746,384,0
TNON.US,5,20251103,163500,1.175,1.175,1.175,1.175,101,0
TNON.US,5,20251103,164500,1.1781,1.1781,1.1706,1.1706,210,0
TNON.US,5,20251103,170500,1.1706,1.1706,1.17,1.17,630,0
TNON.US,5,20251103,172500,1.1756,1.1756,1.1756,1.1756,100,0
TNON.US,5,20251103,173000,1.18,1.18,1.18,1.18,300,0
TNON.US,5,20251103,173500,1.18,1.18,1.18,1.18,1600,0
TNON.US,5,20251103,174000,1.1799,1.1799,1.1702,1.1702,1100,0
TNON.US,5,20251103,174500,1.175,1.175,1.175,1.175,1057,0
TNON.US,5,20251103,175000,1.175,1.175,1.175,1.175,222,0
TNON.US,5,20251103,175500,1.18,1.18,1.18,1.18,2500,0
TNON.US,5,20251103,181500,1.175,1.175,1.175,1.175,138,0
TNON.US,5,20251103,183000,1.17,1.17,1.17,1.17,599,0
TNON.US,5,20251103,183500,1.17,1.17,1.17,1.17,2500,0
TNON.US,5,20251103,184500,1.18,1.18,1.18,1.18,400,0
TNON.US,5,20251103,190500,1.185,1.185,1.185,1.185,599,0
TNON.US,5,20251103,191000,1.188,1.188,1.185,1.185,846,0
TNON.US,5,20251103,194000,1.185,1.185,1.185,1.185,149,0
TNON.US,5,20251103,195000,1.185,1.185,1.18,1.18,2784,0
TNON.US,5,20251103,195500,1.18,1.18,1.18,1.18,211,0
TNON.US,5,20251103,200000,1.185,1.185,1.185,1.185,100,0
TNON.US,5,20251103,200500,1.185,1.185,1.185,1.185,100,0
TNON.US,5,20251103,202000,1.1811,1.1811,1.1811,1.1811,103,0
TNON.US,5,20251103,202500,1.185,1.185,1.185,1.185,100,0
TNON.US,5,20251103,204000,1.185,1.185,1.185,1.185,1000,0
TNON.US,5,20251103,205500,1.19,1.195,1.19,1.19,1655,0
TNON.US,5,20251103,210000,1.19,1.19,1.19,1.19,100,0
TNON.US,5,20251103,212500,1.19,1.19,1.19,1.19,350,0
TNON.US,5,20251103,213500,1.185,1.185,1.185,1.185,100,0
TNON.US,5,20251103,215000,1.182,1.2,1.182,1.1875,1909,0
TNON.US,5,20251103,215500,1.19,1.19,1.19,1.19,1044,0
TNON.US,5,20251104,153000,1.19,1.19,1.19,1.19,1432,0
TNON.US,5,20251104,153500,1.1706,1.1706,1.17,1.17,3588,0
TNON.US,5,20251104,154500,1.18,1.18,1.17,1.17,300,0
TNON.US,5,20251104,161500,1.17,1.17,1.16,1.162,1000,0
TNON.US,5,20251104,164000,1.1745,1.1745,1.1745,1.1745,401,0
TNON.US,5,20251104,165000,1.17,1.1701,1.17,1.17,776,0
TNON.US,5,20251104,165500,1.17,1.17,1.17,1.17,750,0
TNON.US,5,20251104,170000,1.17,1.17,1.16,1.16,1800,0
TNON.US,5,20251104,171000,1.16,1.165,1.16,1.165,334,0
TNON.US,5,20251104,171500,1.165,1.165,1.16,1.16,1634,0
TNON.US,5,20251104,172500,1.16,1.16,1.16,1.16,200,0
TNON.US,5,20251104,173500,1.1601,1.1601,1.1601,1.1601,700,0
TNON.US,5,20251104,175000,1.1601,1.1601,1.1601,1.1601,1385,0
TNON.US,5,20251104,180500,1.16,1.16,1.15,1.15,5813,0
TNON.US,5,20251104,181000,1.17,1.17,1.17,1.17,462,0
TNON.US,5,20251104,181500,1.1581,1.1581,1.1581,1.1581,1052,0
TNON.US,5,20251104,182000,1.1599,1.1599,1.1599,1.1599,6000,0
TNON.US,5,20251104,182500,1.15,1.155,1.15,1.155,1485,0
TNON.US,5,20251104,183000,1.155,1.155,1.155,1.155,1023,0
TNON.US,5,20251104,183500,1.16,1.16,1.1501,1.1501,3321,0
TNON.US,5,20251104,184000,1.15,1.1595,1.15,1.1595,845,0
TNON.US,5,20251104,184500,1.1562,1.1562,1.1562,1.1562,100,0
TNON.US,5,20251104,190000,1.1599,1.161,1.1599,1.161,5805,0
TNON.US,5,20251104,190500,1.16,1.16,1.16,1.16,566,0
TNON.US,5,20251104,192000,1.16,1.16,1.16,1.16,1006,0
TNON.US,5,20251104,192500,1.16,1.16,1.16,1.16,470,0
TNON.US,5,20251104,193000,1.16,1.165,1.16,1.16,790,0
TNON.US,5,20251104,193500,1.165,1.165,1.165,1.165,200,0
TNON.US,5,20251104,195000,1.17,1.17,1.17,1.17,1358,0
TNON.US,5,20251104,195500,1.17,1.17,1.17,1.17,300,0
TNON.US,5,20251104,200000,1.1663,1.1663,1.1663,1.1663,506,0
TNON.US,5,20251104,202000,1.165,1.165,1.16,1.165,1300,0
TNON.US,5,20251104,203500,1.16,1.16,1.15,1.16,12962,0
TNON.US,5,20251104,204500,1.16,1.165,1.16,1.165,1300,0
TNON.US,5,20251104,205000,1.16,1.16,1.16,1.16,1481,0
TNON.US,5,20251104,210000,1.1601,1.1601,1.1601,1.1601,1500,0
TNON.US,5,20251104,211000,1.165,1.165,1.165,1.165,200,0
TNON.US,5,20251104,212500,1.165,1.165,1.165,1.165,100,0
TNON.US,5,20251104,214500,1.17,1.17,1.17,1.17,1497,0
TNON.US,5,20251104,215500,1.165,1.17,1.1401,1.17,15568,0
TNON.US,5,20251105,153000,1.17,1.17,1.17,1.17,1229,0
TNON.US,5,20251105,153500,1.1601,1.1601,1.1601,1.1601,1439,0
TNON.US,5,20251105,154000,1.17,1.17,1.17,1.17,100,0
TNON.US,5,20251105,155000,1.16,1.16,1.16,1.16,200,0
TNON.US,5,20251105,155500,1.16,1.16,1.16,1.16,130,0
TNON.US,5,20251105,161500,1.1505,1.1505,1.1505,1.1505,200,0
TNON.US,5,20251105,162500,1.155,1.16,1.15,1.16,3433,0
TNON.US,5,20251105,163500,1.154,1.166,1.154,1.166,700,0
TNON.US,5,20251105,164500,1.165,1.165,1.165,1.165,1000,0
TNON.US,5,20251105,165500,1.165,1.19,1.165,1.18,19198,0
TNON.US,5,20251105,170500,1.17,1.18,1.17,1.18,350,0
TNON.US,5,20251105,173000,1.18,1.18,1.18,1.18,1710,0
TNON.US,5,20251105,173500,1.175,1.175,1.175,1.175,200,0
TNON.US,5,20251105,180500,1.1705,1.1705,1.1705,1.1705,100,0
TNON.US,5,20251105,181000,1.1766,1.1766,1.1766,1.1766,1500,0
TNON.US,5,20251105,184500,1.1702,1.1702,1.1702,1.1702,150,0
TNON.US,5,20251105,185000,1.18,1.18,1.18,1.18,1511,0
TNON.US,5,20251105,190000,1.17,1.18,1.17,1.18,5000,0
TNON.US,5,20251105,193500,1.18,1.18,1.18,1.18,100,0
TNON.US,5,20251105,195000,1.18,1.18,1.18,1.18,100,0
TNON.US,5,20251105,200500,1.18,1.18,1.18,1.18,214,0
TNON.US,5,20251105,202000,1.18,1.18,1.18,1.18,155,0
TNON.US,5,20251105,202500,1.1715,1.1715,1.1715,1.1715,170,0
TNON.US,5,20251105,205000,1.1834,1.1834,1.1834,1.1834,5000,0
TNON.US,5,20251105,205500,1.18,1.19,1.18,1.19,1289,0
TNON.US,5,20251105,210000,1.18,1.18,1.18,1.18,400,0
TNON.US,5,20251105,210500,1.18,1.18,1.18,1.18,200,0
TNON.US,5,20251105,212000,1.17,1.17,1.17,1.17,201,0
TNON.US,5,20251105,213000,1.1805,1.1805,1.1805,1.1805,1600,0
TNON.US,5,20251105,213500,1.18,1.1847,1.18,1.1847,2750,0
TNON.US,5,20251105,214500,1.18,1.18,1.18,1.18,100,0
TNON.US,5,20251105,215000,1.1704,1.19,1.17,1.18,2348,0
TNON.US,5,20251105,215500,1.1767,1.2,1.1767,1.18,7990,0
TNON.US,5,20251106,153000,1.18,1.18,1.17,1.17,773,0
TNON.US,5,20251106,154500,1.17,1.17,1.16,1.16,3513,0
TNON.US,5,20251106,155500,1.1615,1.1615,1.16,1.16,605,0
TNON.US,5,20251106,160500,1.1744,1.1745,1.16,1.1745,3287,0
TNON.US,5,20251106,161000,1.17,1.17,1.17,1.17,100,0
TNON.US,5,20251106,161500,1.165,1.165,1.16,1.16,992,0
TNON.US,5,20251106,162000,1.175,1.175,1.175,1.175,290,0
TNON.US,5,20251106,164000,1.17,1.17,1.1505,1.1505,6956,0
TNON.US,5,20251106,164500,1.16,1.16,1.16,1.16,290,0
TNON.US,5,20251106,165000,1.155,1.1565,1.145,1.145,6275,0
TNON.US,5,20251106,165500,1.15,1.15,1.15,1.15,4744,0
TNON.US,5,20251106,171000,1.15,1.15,1.15,1.15,539,0
TNON.US,5,20251106,172000,1.16,1.16,1.16,1.16,1401,0
TNON.US,5,20251106,172500,1.161,1.161,1.16,1.16,770,0
TNON.US,5,20251106,173500,1.15,1.15,1.15,1.15,420,0
TNON.US,5,20251106,175000,1.15,1.155,1.15,1.155,585,0
TNON.US,5,20251106,175500,1.15,1.15,1.15,1.15,223,0
TNON.US,5,20251106,180000,1.15,1.15,1.14,1.1401,4848,0
TNON.US,5,20251106,180500,1.14,1.1401,1.14,1.1401,966,0
TNON.US,5,20251106,181000,1.145,1.145,1.145,1.145,200,0
TNON.US,5,20251106,182000,1.14,1.14,1.14,1.14,450,0
TNON.US,5,20251106,182500,1.1445,1.1445,1.1445,1.1445,300,0
TNON.US,5,20251106,183000,1.15,1.16,1.145,1.16,5298,0
TNON.US,5,20251106,183500,1.1599,1.1599,1.1599,1.1599,500,0
TNON.US,5,20251106,185500,1.15,1.15,1.15,1.15,100,0
TNON.US,5,20251106,190500,1.15,1.15,1.15,1.15,212,0
TNON.US,5,20251106,192000,1.155,1.16,1.155,1.155,500,0
TNON.US,5,20251106,193500,1.1513,1.1513,1.1513,1.1513,310,0
TNON.US,5,20251106,194500,1.16,1.16,1.16,1.16,321,0
TNON.US,5,20251106,195000,1.156,1.1584,1.156,1.1584,400,0
TNON.US,5,20251106,201000,1.1504,1.1504,1.15,1.15,250,0
TNON.US,5,20251106,203000,1.15,1.16,1.15,1.16,423,0
TNON.US,5,20251106,205500,1.1699,1.1699,1.16,1.16,2947,0
TNON.US,5,20251106,211500,1.16,1.16,1.16,1.16,1340,0
TNON.US,5,20251106,213000,1.155,1.155,1.15,1.15,4089,0
TNON.US,5,20251106,213500,1.1499,1.15,1.1433,1.145,639,0
TNON.US,5,20251106,214000,1.145,1.145,1.145,1.145,100,0
TNON.US,5,20251106,214500,1.1402,1.1455,1.1402,1.1455,489,0
TNON.US,5,20251106,215000,1.145,1.145,1.14,1.14,7475,0
TNON.US,5,20251106,215500,1.135,1.15,1.13,1.15,2081,0
TNON.US,5,20251107,153000,1.14,1.14,1.14,1.14,277,0
TNON.US,5,20251107,153500,1.14,1.14,1.14,1.14,800,0
TNON.US,5,20251107,154500,1.14,1.14,1.14,1.14,147,0
TNON.US,5,20251107,155500,1.1399,1.1399,1.1399,1.1399,100,0
TNON.US,5,20251107,160500,1.1305,1.1305,1.1305,1.1305,200,0
TNON.US,5,20251107,161500,1.1372,1.1372,1.1372,1.1372,100,0
TNON.US,5,20251107,162000,1.13,1.13,1.13,1.13,925,0
TNON.US,5,20251107,162500,1.1255,1.1255,1.12,1.12,1223,0
TNON.US,5,20251107,163000,1.1235,1.1235,1.1235,1.1235,2500,0
TNON.US,5,20251107,164500,1.13,1.13,1.13,1.13,1335,0
TNON.US,5,20251107,165000,1.1283,1.1283,1.1283,1.1283,400,0
TNON.US,5,20251107,171500,1.12,1.12,1.12,1.12,1800,0
TNON.US,5,20251107,172000,1.12,1.12,1.12,1.12,2410,0
TNON.US,5,20251107,172500,1.13,1.13,1.11,1.11,1848,0
TNON.US,5,20251107,173000,1.1199,1.1289,1.1199,1.1289,13018,0
TNON.US,5,20251107,173500,1.1201,1.1201,1.12,1.12,300,0
TNON.US,5,20251107,174000,1.11,1.12,1.11,1.12,842,0
TNON.US,5,20251107,175000,1.12,1.12,1.1155,1.1155,819,0
TNON.US,5,20251107,175500,1.1104,1.1104,1.11,1.11,694,0
TNON.US,5,20251107,181000,1.1146,1.1146,1.11,1.11,16000,0
TNON.US,5,20251107,181500,1.115,1.115,1.115,1.115,2500,0
TNON.US,5,20251107,183000,1.12,1.12,1.1167,1.12,556,0
TNON.US,5,20251107,184500,1.1101,1.115,1.1101,1.115,1100,0
TNON.US,5,20251107,185500,1.12,1.12,1.11,1.11,384,0
TNON.US,5,20251107,190000,1.1195,1.12,1.1195,1.12,1896,0
TNON.US,5,20251107,190500,1.1182,1.12,1.1182,1.1199,1050,0
TNON.US,5,20251107,191500,1.115,1.115,1.115,1.115,1000,0
TNON.US,5,20251107,193500,1.1129,1.1199,1.1129,1.1199,5100,0
TNON.US,5,20251107,195000,1.1198,1.1198,1.1198,1.1198,100,0
TNON.US,5,20251107,200000,1.1104,1.1145,1.1104,1.1145,400,0
TNON.US,5,20251107,200500,1.12,1.12,1.12,1.12,6691,0
TNON.US,5,20251107,202000,1.12,1.1295,1.12,1.1295,567,0
TNON.US,5,20251107,203000,1.13,1.13,1.13,1.13,460,0
TNON.US,5,20251107,204000,1.1201,1.1201,1.1201,1.1201,2000,0
TNON.US,5,20251107,205500,1.14,1.14,1.14,1.14,2197,0
TNON.US,5,20251107,210500,1.15,1.15,1.15,1.15,100,0
TNON.US,5,20251107,211000,1.1501,1.1501,1.1501,1.1501,2636,0
TNON.US,5,20251107,212500,1.1401,1.1401,1.1401,1.1401,1000,0
TNON.US,5,20251107,213000,1.14,1.14,1.14,1.14,100,0
TNON.US,5,20251107,213500,1.15,1.15,1.15,1.15,760,0
TNON.US,5,20251107,214500,1.145,1.145,1.145,1.145,100,0
TNON.US,5,20251107,215000,1.15,1.15,1.15,1.15,947,0
TNON.US,5,20251107,215500,1.15,1.17,1.1499,1.17,5810,0
TNON.US,5,20251110,153000,1.18,1.18,1.17,1.17,16711,0
TNON.US,5,20251110,153500,1.17,1.17,1.16,1.1625,1590,0
TNON.US,5,20251110,154500,1.16,1.16,1.16,1.16,129,0
TNON.US,5,20251110,155500,1.165,1.165,1.165,1.165,1350,0
TNON.US,5,20251110,160500,1.1605,1.1605,1.1602,1.1602,1507,0
TNON.US,5,20251110,162000,1.1601,1.1601,1.1601,1.1601,200,0
TNON.US,5,20251110,164000,1.1604,1.1604,1.1604,1.1604,266,0
TNON.US,5,20251110,165000,1.16,1.16,1.155,1.16,8226,0
TNON.US,5,20251110,170500,1.1699,1.1699,1.1699,1.1699,1000,0
TNON.US,5,20251110,171000,1.1613,1.1613,1.1613,1.1613,500,0
TNON.US,5,20251110,172000,1.165,1.1698,1.16,1.1698,2931,0
TNON.US,5,20251110,173000,1.1693,1.1693,1.1693,1.1693,250,0
TNON.US,5,20251110,175000,1.17,1.17,1.17,1.17,1800,0
TNON.US,5,20251110,175500,1.17,1.17,1.17,1.17,127,0
TNON.US,5,20251110,180500,1.17,1.17,1.17,1.17,1496,0
TNON.US,5,20251110,181500,1.17,1.17,1.17,1.17,270,0
TNON.US,5,20251110,183000,1.165,1.165,1.1636,1.1636,4100,0
TNON.US,5,20251110,183500,1.165,1.165,1.165,1.165,2500,0
TNON.US,5,20251110,184000,1.1608,1.165,1.1608,1.165,227,0
TNON.US,5,20251110,185000,1.1611,1.1611,1.16,1.16,274,0
TNON.US,5,20251110,190000,1.16,1.16,1.16,1.16,230,0
TNON.US,5,20251110,190500,1.165,1.165,1.165,1.165,210,0
TNON.US,5,20251110,191500,1.1695,1.1695,1.1695,1.1695,317,0
TNON.US,5,20251110,195500,1.165,1.2,1.165,1.1864,36913,0
TNON.US,5,20251110,200000,1.185,1.185,1.185,1.185,1000,0
TNON.US,5,20251110,200500,1.18,1.18,1.18,1.18,200,0
TNON.US,5,20251110,201000,1.185,1.185,1.185,1.185,100,0
TNON.US,5,20251110,201500,1.185,1.185,1.185,1.185,100,0
TNON.US,5,20251110,202500,1.185,1.185,1.185,1.185,100,0
TNON.US,5,20251110,203000,1.185,1.185,1.185,1.185,100,0
TNON.US,5,20251110,204000,1.185,1.185,1.185,1.185,100,0
TNON.US,5,20251110,204500,1.185,1.185,1.185,1.185,100,0
TNON.US,5,20251110,205000,1.185,1.185,1.185,1.185,100,0
TNON.US,5,20251110,210000,1.185,1.185,1.185,1.185,100,0
TNON.US,5,20251110,210500,1.185,1.185,1.185,1.185,100,0
TNON.US,5,20251110,211000,1.19,1.19,1.19,1.19,400,0
TNON.US,5,20251110,211500,1.1801,1.19,1.1801,1.19,960,0
TNON.US,5,20251110,212000,1.19,1.2,1.19,1.1999,12546,0
TNON.US,5,20251110,213000,1.195,1.2,1.19,1.19,3702,0
TNON.US,5,20251110,214000,1.19,1.19,1.19,1.19,2500,0
TNON.US,5,20251110,214500,1.195,1.2,1.195,1.195,308,0
TNON.US,5,20251110,215000,1.195,1.195,1.195,1.195,200,0
TNON.US,5,20251110,215500,1.195,1.2,1.19,1.197,2789,0
TNON.US,5,20251111,153000,1.17,1.1855,1.17,1.1855,3817,0
TNON.US,5,20251111,153500,1.185,1.185,1.185,1.185,800,0
TNON.US,5,20251111,154000,1.182,1.182,1.17,1.17,4742,0
TNON.US,5,20251111,154500,1.1736,1.1736,1.17,1.17,1218,0
TNON.US,5,20251111,155000,1.17,1.17,1.17,1.17,141,0
TNON.US,5,20251111,155500,1.18,1.18,1.172,1.172,200,0
TNON.US,5,20251111,160000,1.181,1.181,1.17,1.17,800,0
TNON.US,5,20251111,161000,1.175,1.175,1.17,1.17,4207,0
TNON.US,5,20251111,161500,1.17,1.17,1.17,1.17,300,0
TNON.US,5,20251111,162500,1.1799,1.1799,1.175,1.175,1925,0
TNON.US,5,20251111,163000,1.172,1.172,1.172,1.172,100,0
TNON.US,5,20251111,164000,1.18,1.185,1.18,1.185,943,0
TNON.US,5,20251111,164500,1.185,1.185,1.185,1.185,100,0
TNON.US,5,20251111,165000,1.19,1.19,1.185,1.19,1708,0
TNON.US,5,20251111,170000,1.185,1.185,1.185,1.185,212,0
TNON.US,5,20251111,170500,1.18,1.18,1.18,1.18,322,0
TNON.US,5,20251111,171000,1.185,1.185,1.185,1.185,1700,0
TNON.US,5,20251111,171500,1.175,1.1823,1.175,1.1823,1751,0
TNON.US,5,20251111,172000,1.18,1.18,1.175,1.175,1900,0
TNON.US,5,20251111,172500,1.175,1.175,1.175,1.175,100,0
TNON.US,5,20251111,173000,1.175,1.175,1.175,1.175,300,0
TNON.US,5,20251111,174000,1.1745,1.175,1.1745,1.175,200,0
TNON.US,5,20251111,180000,1.175,1.175,1.17,1.171,3614,0
TNON.US,5,20251111,181000,1.170939,1.175,1.170939,1.175,857,0
TNON.US,5,20251111,184000,1.18,1.185,1.18,1.185,1919,0
TNON.US,5,20251111,190000,1.19,1.19,1.19,1.19,100,0
TNON.US,5,20251111,190500,1.19,1.19,1.19,1.19,14525,0
TNON.US,5,20251111,191000,1.195,1.195,1.195,1.195,400,0
TNON.US,5,20251111,191500,1.195,1.195,1.195,1.195,300,0
TNON.US,5,20251111,192000,1.19,1.1929,1.19,1.1929,1150,0
TNON.US,5,20251111,192500,1.19,1.19,1.19,1.19,1255,0
TNON.US,5,20251111,193000,1.1962,1.1962,1.1962,1.1962,100,0
TNON.US,5,20251111,194000,1.1901,1.1901,1.19,1.19,4100,0
TNON.US,5,20251111,195000,1.2,1.2,1.2,1.2,5504,0
TNON.US,5,20251111,201500,1.2073,1.2073,1.2073,1.2073,100,0
TNON.US,5,20251111,202000,1.21,1.21,1.21,1.21,894,0
TNON.US,5,20251111,202500,1.2,1.205,1.2,1.205,4200,0
TNON.US,5,20251111,204500,1.2039,1.2039,1.2039,1.2039,300,0
TNON.US,5,20251111,205000,1.2029,1.2029,1.2029,1.2029,100,0
TNON.US,5,20251111,205500,1.205,1.21,1.2001,1.2001,6332,0
TNON.US,5,20251111,210000,1.2,1.2,1.2,1.2,115,0
TNON.US,5,20251111,212000,1.2001,1.2001,1.2001,1.2001,202,0
TNON.US,5,20251111,213000,1.2,1.2,1.2,1.2,952,0
TNON.US,5,20251111,213500,1.2,1.2041,1.2,1.2041,3217,0
TNON.US,5,20251111,214500,1.2097,1.2097,1.2097,1.2097,325,0
TNON.US,5,20251111,215500,1.2045,1.205,1.2,1.2,3964,0
TNON.US,5,20251112,153000,1.21,1.235,1.21,1.23,5664,0
TNON.US,5,20251112,153500,1.235,1.28,1.235,1.28,30938,0
TNON.US,5,20251112,154000,1.279,1.29,1.2631,1.29,7586,0
TNON.US,5,20251112,154500,1.2855,1.29,1.266,1.2773,19146,0
TNON.US,5,20251112,155000,1.27,1.28,1.27,1.27,497,0
TNON.US,5,20251112,155500,1.2755,1.28,1.26,1.27,4679,0
TNON.US,5,20251112,160000,1.27,1.27,1.26,1.26,381,0
TNON.US,5,20251112,161000,1.26,1.2795,1.26,1.2795,4729,0
TNON.US,5,20251112,161500,1.27,1.27,1.26,1.26,941,0
TNON.US,5,20251112,162000,1.2601,1.2764,1.2601,1.275,4948,0
TNON.US,5,20251112,162500,1.28,1.3,1.26,1.26,16432,0
TNON.US,5,20251112,163000,1.275,1.275,1.266,1.266,11383,0
TNON.US,5,20251112,164000,1.27,1.27,1.27,1.27,3588,0
TNON.US,5,20251112,164500,1.27,1.2703,1.27,1.2703,200,0
TNON.US,5,20251112,165000,1.27,1.27,1.26,1.26,1898,0
TNON.US,5,20251112,170000,1.265,1.265,1.26,1.26,6914,0
TNON.US,5,20251112,170500,1.26,1.2606,1.25,1.251,23916,0
TNON.US,5,20251112,171000,1.25,1.25,1.24,1.2406,36164,0
TNON.US,5,20251112,171500,1.245,1.25,1.245,1.25,400,0
TNON.US,5,20251112,172000,1.24,1.26,1.24,1.26,740,0
TNON.US,5,20251112,172500,1.245,1.25,1.24,1.24,4438,0
TNON.US,5,20251112,173000,1.245,1.25,1.24,1.24,4711,0
TNON.US,5,20251112,173500,1.245,1.2499,1.245,1.2499,2250,0
TNON.US,5,20251112,174000,1.242,1.245,1.24,1.245,7364,0
TNON.US,5,20251112,174500,1.245,1.25,1.245,1.25,2232,0
TNON.US,5,20251112,175500,1.25,1.2505,1.25,1.2505,200,0
TNON.US,5,20251112,180000,1.25,1.25,1.25,1.25,1650,0
TNON.US,5,20251112,180500,1.255,1.255,1.255,1.255,100,0
TNON.US,5,20251112,181000,1.255,1.255,1.25,1.25,200,0
TNON.US,5,20251112,181500,1.25,1.25,1.25,1.25,540,0
TNON.US,5,20251112,182000,1.25,1.25,1.25,1.25,100,0
TNON.US,5,20251112,182500,1.2505,1.2535,1.24,1.24,12070,0
TNON.US,5,20251112,185500,1.24,1.24,1.24,1.24,1300,0
TNON.US,5,20251112,190500,1.24,1.24,1.24,1.24,128,0
TNON.US,5,20251112,191000,1.24,1.24,1.24,1.24,1973,0
TNON.US,5,20251112,193500,1.23,1.23,1.23,1.23,200,0
TNON.US,5,20251112,194500,1.24,1.24,1.24,1.24,100,0
TNON.US,5,20251112,200500,1.2345,1.2345,1.2345,1.2345,200,0
TNON.US,5,20251112,201000,1.24,1.24,1.24,1.24,100,0
TNON.US,5,20251112,202000,1.24,1.24,1.24,1.24,250,0
TNON.US,5,20251112,204000,1.24,1.25,1.24,1.245,1642,0
TNON.US,5,20251112,205500,1.245,1.245,1.245,1.245,300,0
TNON.US,5,20251112,211000,1.245,1.245,1.245,1.245,200,0
TNON.US,5,20251112,212000,1.25,1.255,1.25,1.255,404,0
TNON.US,5,20251112,212500,1.2596,1.275,1.2596,1.275,3596,0
TNON.US,5,20251112,213000,1.2726,1.28,1.27,1.28,3600,0
TNON.US,5,20251112,213500,1.27,1.2708,1.27,1.27,2007,0
TNON.US,5,20251112,214500,1.27,1.29,1.27,1.29,2750,0
TNON.US,5,20251112,215000,1.29,1.295,1.28,1.2901,2175,0
TNON.US,5,20251112,215500,1.295,1.295,1.2849,1.29,11049,0
TNON.US,5,20251113,153000,1.27,1.275,1.26,1.26,3703,0
TNON.US,5,20251113,153500,1.26,1.276,1.26,1.265,6507,0
TNON.US,5,20251113,154000,1.28,1.28,1.265,1.265,7164,0
TNON.US,5,20251113,154500,1.26,1.28,1.26,1.27,9642,0
TNON.US,5,20251113,155000,1.27,1.28,1.27,1.28,1289,0
TNON.US,5,20251113,160000,1.26,1.26,1.26,1.26,4738,0
TNON.US,5,20251113,160500,1.2601,1.2601,1.2601,1.2601,100,0
TNON.US,5,20251113,161500,1.262,1.262,1.262,1.262,100,0
TNON.US,5,20251113,162500,1.26,1.26,1.25,1.25,3991,0
TNON.US,5,20251113,163000,1.25,1.25,1.25,1.25,110,0
TNON.US,5,20251113,163500,1.24,1.24,1.2316,1.2316,852,0
TNON.US,5,20251113,164000,1.24,1.24,1.24,1.24,468,0
TNON.US,5,20251113,164500,1.2495,1.2495,1.24,1.24,1597,0
TNON.US,5,20251113,165000,1.2316,1.235,1.23,1.23,4000,0
TNON.US,5,20251113,170500,1.235,1.235,1.235,1.235,124,0
TNON.US,5,20251113,171000,1.24,1.24,1.2318,1.2318,7771,0
TNON.US,5,20251113,172000,1.23,1.23,1.23,1.23,400,0
TNON.US,5,20251113,172500,1.225,1.225,1.22,1.22,1645,0
TNON.US,5,20251113,173000,1.22,1.2205,1.22,1.2205,3239,0
TNON.US,5,20251113,174000,1.2201,1.2201,1.2,1.215,27426,0
TNON.US,5,20251113,174500,1.21,1.21,1.21,1.21,412,0
TNON.US,5,20251113,175000,1.215,1.215,1.2102,1.2102,400,0
TNON.US,5,20251113,180000,1.22,1.22,1.22,1.22,420,0
TNON.US,5,20251113,180500,1.22,1.22,1.22,1.22,232,0
TNON.US,5,20251113,181000,1.23,1.23,1.23,1.23,7938,0
TNON.US,5,20251113,181500,1.21,1.2102,1.21,1.21,3138,0
TNON.US,5,20251113,183500,1.2102,1.22,1.2101,1.2101,2410,0
TNON.US,5,20251113,184000,1.22,1.22,1.2182,1.2182,345,0
TNON.US,5,20251113,184500,1.22,1.22,1.21,1.21,1249,0
TNON.US,5,20251113,185000,1.22,1.22,1.22,1.22,2823,0
TNON.US,5,20251113,185500,1.21,1.2199,1.21,1.2199,445,0
TNON.US,5,20251113,190500,1.218,1.23,1.218,1.23,8856,0
TNON.US,5,20251113,191000,1.2244,1.2244,1.2244,1.2244,100,0
TNON.US,5,20251113,193500,1.22,1.22,1.22,1.22,200,0
TNON.US,5,20251113,195500,1.22,1.22,1.22,1.22,200,0
TNON.US,5,20251113,200000,1.21,1.21,1.21,1.21,250,0
TNON.US,5,20251113,201000,1.21,1.21,1.205,1.21,3355,0
TNON.US,5,20251113,201500,1.2124,1.2124,1.2124,1.2124,180,0
TNON.US,5,20251113,202500,1.215,1.215,1.215,1.215,100,0
TNON.US,5,20251113,203000,1.22,1.22,1.22,1.22,100,0
TNON.US,5,20251113,203500,1.2102,1.2102,1.2102,1.2102,200,0
TNON.US,5,20251113,205500,1.2192,1.2192,1.2192,1.2192,500,0
TNON.US,5,20251113,210000,1.21,1.2101,1.21,1.21,1334,0
TNON.US,5,20251113,210500,1.205,1.205,1.2,1.205,9708,0
TNON.US,5,20251113,211000,1.2099,1.2099,1.2099,1.2099,1000,0
TNON.US,5,20251113,212500,1.2065,1.2065,1.2,1.2065,2600,0
TNON.US,5,20251113,213000,1.2,1.2,1.2,1.2,1884,0
TNON.US,5,20251113,213500,1.2,1.2,1.2,1.2,168,0
TNON.US,5,20251113,214000,1.1905,1.1905,1.1905,1.1905,690,0
TNON.US,5,20251113,214500,1.195,1.195,1.19,1.19,365,0
TNON.US,5,20251113,215000,1.1977,1.1977,1.196,1.196,300,0
TNON.US,5,20251113,215500,1.1965,1.1965,1.16,1.17,11447,0
TNON.US,5,20251114,153000,1.14,1.1431,1.14,1.14,1622,0
TNON.US,5,20251114,153500,1.145,1.15,1.14,1.15,8933,0
TNON.US,5,20251114,154000,1.1613,1.165,1.15,1.15,12919,0
TNON.US,5,20251114,154500,1.1546,1.1546,1.1546,1.1546,3000,0
TNON.US,5,20251114,155000,1.155,1.17,1.15,1.17,8173,0
TNON.US,5,20251114,155500,1.17,1.17,1.17,1.17,4739,0
TNON.US,5,20251114,160500,1.17,1.17,1.1602,1.165,3206,0
TNON.US,5,20251114,161000,1.16,1.17,1.16,1.1698,10500,0
TNON.US,5,20251114,161500,1.17,1.17,1.1699,1.17,3673,0
TNON.US,5,20251114,162000,1.1751,1.18,1.17,1.18,1380,0
TNON.US,5,20251114,162500,1.1784,1.1784,1.1784,1.1784,1903,0
TNON.US,5,20251114,163500,1.17,1.17,1.17,1.17,200,0
TNON.US,5,20251114,164000,1.17,1.17,1.17,1.17,449,0
TNON.US,5,20251114,165000,1.1615,1.1615,1.16,1.16,10275,0
TNON.US,5,20251114,170000,1.165,1.168,1.165,1.168,650,0
TNON.US,5,20251114,170500,1.165,1.165,1.16,1.16,1401,0
TNON.US,5,20251114,172000,1.165,1.1685,1.165,1.1685,3100,0
TNON.US,5,20251114,172500,1.165,1.165,1.165,1.165,100,0
TNON.US,5,20251114,173000,1.165,1.165,1.165,1.165,265,0
TNON.US,5,20251114,174000,1.1672,1.1672,1.1672,1.1672,500,0
TNON.US,5,20251114,175500,1.165,1.165,1.165,1.165,100,0
TNON.US,5,20251114,180000,1.16,1.16,1.16,1.16,200,0
TNON.US,5,20251114,181000,1.165,1.165,1.165,1.165,100,0
TNON.US,5,20251114,182000,1.17,1.18,1.17,1.18,2128,0
TNON.US,5,20251114,182500,1.18,1.18,1.17,1.17,200,0
TNON.US,5,20251114,185000,1.175,1.18,1.17,1.17,1161,0
TNON.US,5,20251114,190000,1.1701,1.1701,1.1701,1.1701,800,0
TNON.US,5,20251114,190500,1.17,1.17,1.17,1.17,344,0
TNON.US,5,20251114,191000,1.1727,1.1727,1.1727,1.1727,200,0
TNON.US,5,20251114,191500,1.17,1.17,1.17,1.17,100,0
TNON.US,5,20251114,192500,1.175,1.18,1.175,1.18,2700,0
TNON.US,5,20251114,194000,1.1718,1.1718,1.1718,1.1718,100,0
TNON.US,5,20251114,195000,1.17,1.17,1.17,1.17,100,0
TNON.US,5,20251114,195500,1.1742,1.1742,1.1742,1.1742,220,0
TNON.US,5,20251114,200000,1.17,1.17,1.17,1.17,100,0
TNON.US,5,20251114,202000,1.175,1.175,1.175,1.175,193,0
TNON.US,5,20251114,202500,1.1743,1.175,1.1743,1.175,735,0
TNON.US,5,20251114,203000,1.17,1.18,1.17,1.18,329,0
TNON.US,5,20251114,203500,1.17,1.18,1.17,1.18,615,0
TNON.US,5,20251114,204500,1.17,1.18,1.17,1.18,215,0
TNON.US,5,20251114,205500,1.17,1.17,1.17,1.17,100,0
TNON.US,5,20251114,211000,1.17,1.18,1.17,1.18,850,0
TNON.US,5,20251114,211500,1.17,1.17,1.17,1.17,100,0
TNON.US,5,20251114,212000,1.175,1.175,1.175,1.175,100,0
TNON.US,5,20251114,212500,1.17,1.175,1.17,1.175,200,0
TNON.US,5,20251114,213000,1.175,1.175,1.175,1.175,100,0
TNON.US,5,20251114,213500,1.175,1.175,1.175,1.175,100,0
TNON.US,5,20251114,215000,1.175,1.175,1.17,1.17,998,0
TNON.US,5,20251114,215500,1.175,1.18,1.17,1.18,4304,0
TNON.US,5,20251117,153000,1.22,1.23,1.2,1.2004,18278,0
TNON.US,5,20251117,153500,1.205,1.205,1.19,1.19,7716,0
TNON.US,5,20251117,154500,1.1852,1.1852,1.1852,1.1852,1200,0
TNON.US,5,20251117,155000,1.1899,1.19,1.185,1.19,2774,0
TNON.US,5,20251117,155500,1.185,1.185,1.185,1.185,497,0
TNON.US,5,20251117,160000,1.18,1.18,1.18,1.18,200,0
TNON.US,5,20251117,160500,1.1833,1.1833,1.17,1.17,12121,0
TNON.US,5,20251117,161000,1.1636,1.1636,1.1636,1.1636,2764,0
TNON.US,5,20251117,161500,1.1753,1.1753,1.1753,1.1753,300,0
TNON.US,5,20251117,162000,1.17,1.1899,1.17,1.1899,2858,0
TNON.US,5,20251117,162500,1.17,1.17,1.16,1.16,27200,0
TNON.US,5,20251117,163000,1.165,1.165,1.165,1.165,153,0
TNON.US,5,20251117,164000,1.165,1.165,1.165,1.165,100,0
TNON.US,5,20251117,165000,1.1602,1.1603,1.16,1.16,2137,0
TNON.US,5,20251117,165500,1.155,1.155,1.155,1.155,400,0
TNON.US,5,20251117,170000,1.155,1.1585,1.155,1.155,800,0
TNON.US,5,20251117,170500,1.155,1.155,1.155,1.155,373,0
TNON.US,5,20251117,171500,1.1564,1.1564,1.1564,1.1564,1000,0
TNON.US,5,20251117,173000,1.155,1.16,1.155,1.16,2034,0
TNON.US,5,20251117,173500,1.1638,1.1638,1.1638,1.1638,500,0
TNON.US,5,20251117,174000,1.16,1.16,1.16,1.16,363,0
TNON.US,5,20251117,174500,1.18,1.18,1.18,1.18,10000,0
TNON.US,5,20251117,175000,1.17,1.17,1.17,1.17,500,0
TNON.US,5,20251117,180500,1.16,1.16,1.16,1.16,100,0
TNON.US,5,20251117,181000,1.17,1.17,1.17,1.17,5000,0
TNON.US,5,20251117,181500,1.165,1.17,1.165,1.17,400,0
TNON.US,5,20251117,183000,1.165,1.17,1.1601,1.1601,500,0
TNON.US,5,20251117,183500,1.16,1.16,1.16,1.16,100,0
TNON.US,5,20251117,184500,1.16,1.16,1.15,1.16,2698,0
TNON.US,5,20251117,190500,1.1601,1.1601,1.1601,1.1601,219,0
TNON.US,5,20251117,191500,1.16,1.16,1.16,1.16,300,0
TNON.US,5,20251117,192000,1.17,1.17,1.17,1.17,137,0
TNON.US,5,20251117,192500,1.1601,1.1601,1.1601,1.1601,500,0
TNON.US,5,20251117,193000,1.16,1.1601,1.16,1.16,1278,0
TNON.US,5,20251117,194500,1.16,1.16,1.155,1.155,1825,0
TNON.US,5,20251117,195000,1.16,1.16,1.16,1.16,590,0
TNON.US,5,20251117,195500,1.15,1.15,1.15,1.15,100,0
TNON.US,5,20251117,200000,1.155,1.155,1.155,1.155,200,0
TNON.US,5,20251117,200500,1.15,1.15,1.145,1.145,10655,0
TNON.US,5,20251117,201000,1.145,1.145,1.145,1.145,100,0
TNON.US,5,20251117,201500,1.15,1.15,1.15,1.15,300,0
TNON.US,5,20251117,202000,1.145,1.145,1.14,1.14,3327,0
TNON.US,5,20251117,203500,1.145,1.145,1.135,1.135,11197,0
TNON.US,5,20251117,204500,1.135,1.135,1.135,1.135,100,0
TNON.US,5,20251117,205000,1.1398,1.1398,1.1398,1.1398,200,0
TNON.US,5,20251117,205500,1.13,1.13,1.13,1.13,150,0
TNON.US,5,20251117,210000,1.1365,1.1384,1.1308,1.1308,893,0
TNON.US,5,20251117,211000,1.13,1.13,1.13,1.13,100,0
TNON.US,5,20251117,212500,1.14,1.14,1.14,1.14,100,0
TNON.US,5,20251117,213000,1.136,1.136,1.136,1.136,500,0
TNON.US,5,20251117,213500,1.1398,1.1462,1.1398,1.1462,4913,0
TNON.US,5,20251117,214000,1.14,1.14,1.14,1.14,100,0
TNON.US,5,20251117,214500,1.1432,1.1432,1.14,1.14,534,0
TNON.US,5,20251117,215000,1.14,1.14,1.14,1.14,153,0
TNON.US,5,20251117,215500,1.14,1.15,1.14,1.145,2939,0
TNON.US,5,20251118,153500,1.14,1.14,1.14,1.14,498,0
TNON.US,5,20251118,154000,1.1456,1.1456,1.1456,1.1456,164,0
TNON.US,5,20251118,154500,1.1407,1.1493,1.14,1.1493,5480,0
TNON.US,5,20251118,155000,1.145,1.145,1.145,1.145,119,0
TNON.US,5,20251118,155500,1.14,1.14,1.14,1.14,610,0
TNON.US,5,20251118,160000,1.14,1.14,1.14,1.14,13199,0
TNON.US,5,20251118,160500,1.1301,1.1301,1.1301,1.1301,3000,0
TNON.US,5,20251118,161000,1.125,1.125,1.125,1.125,100,0
TNON.US,5,20251118,161500,1.1252,1.1252,1.12,1.125,9673,0
TNON.US,5,20251118,162000,1.125,1.1298,1.125,1.1298,300,0
TNON.US,5,20251118,162500,1.13,1.13,1.1201,1.125,1200,0
TNON.US,5,20251118,163000,1.13,1.13,1.13,1.13,398,0
TNON.US,5,20251118,163500,1.135,1.135,1.135,1.135,286,0
TNON.US,5,20251118,164500,1.13,1.1302,1.13,1.1302,796,0
TNON.US,5,20251118,170500,1.13,1.13,1.13,1.13,208,0
TNON.US,5,20251118,171000,1.14,1.15,1.14,1.14,8700,0
TNON.US,5,20251118,171500,1.14,1.14,1.1348,1.1348,860,0
TNON.US,5,20251118,172000,1.1366,1.1366,1.1366,1.1366,100,0
TNON.US,5,20251118,172500,1.1336,1.145,1.1336,1.145,1139,0
TNON.US,5,20251118,173000,1.1458,1.1458,1.145,1.145,1100,0
TNON.US,5,20251118,173500,1.14,1.14,1.14,1.14,100,0
TNON.US,5,20251118,174500,1.145,1.145,1.14,1.14,200,0
TNON.US,5,20251118,180000,1.1306,1.135,1.1303,1.1303,830,0
TNON.US,5,20251118,180500,1.135,1.14,1.13,1.14,1145,0
TNON.US,5,20251118,182000,1.138,1.138,1.138,1.138,400,0
TNON.US,5,20251118,182500,1.135,1.135,1.135,1.135,100,0
TNON.US,5,20251118,183500,1.14,1.14,1.11,1.11,76761,0
TNON.US,5,20251118,184000,1.1102,1.12,1.1101,1.1195,2246,0
TNON.US,5,20251118,184500,1.115,1.1182,1.11,1.1105,2077,0
TNON.US,5,20251118,185500,1.115,1.115,1.115,1.115,100,0
TNON.US,5,20251118,190000,1.115,1.115,1.115,1.115,100,0
TNON.US,5,20251118,190500,1.118,1.118,1.118,1.118,700,0
TNON.US,5,20251118,191000,1.12,1.12,1.11,1.115,9627,0
TNON.US,5,20251118,191500,1.11,1.115,1.11,1.115,298,0
TNON.US,5,20251118,192000,1.11,1.11,1.11,1.11,100,0
TNON.US,5,20251118,193000,1.115,1.115,1.115,1.115,405,0
TNON.US,5,20251118,193500,1.1104,1.1104,1.1104,1.1104,222,0
TNON.US,5,20251118,194000,1.1166,1.1166,1.115,1.115,809,0
TNON.US,5,20251118,194500,1.1148,1.1148,1.1148,1.1148,1061,0
TNON.US,5,20251118,195500,1.115,1.115,1.115,1.115,200,0
TNON.US,5,20251118,200000,1.115,1.12,1.115,1.12,2682,0
TNON.US,5,20251118,201000,1.1242,1.1242,1.1242,1.1242,215,0
TNON.US,5,20251118,201500,1.125,1.125,1.12,1.1203,1200,0
TNON.US,5,20251118,202000,1.12,1.12,1.12,1.12,337,0
TNON.US,5,20251118,202500,1.1297,1.1297,1.12,1.12,1798,0
TNON.US,5,20251118,203000,1.1245,1.1245,1.1245,1.1245,100,0
TNON.US,5,20251118,203500,1.125,1.125,1.12,1.12,1380,0
TNON.US,5,20251118,204000,1.12,1.12,1.12,1.12,200,0
TNON.US,5,20251118,210000,1.12,1.12,1.12,1.12,100,0
TNON.US,5,20251118,210500,1.1297,1.1297,1.1297,1.1297,200,0
TNON.US,5,20251118,211000,1.12,1.125,1.12,1.125,200,0
TNON.US,5,20251118,211500,1.1201,1.1201,1.12,1.12,248,0
TNON.US,5,20251118,212000,1.1205,1.1205,1.1205,1.1205,138,0
TNON.US,5,20251118,212500,1.125,1.125,1.125,1.125,100,0
TNON.US,5,20251118,213500,1.1202,1.1202,1.1202,1.1202,252,0
TNON.US,5,20251118,214000,1.125,1.125,1.12,1.12,400,0
TNON.US,5,20251118,214500,1.125,1.125,1.125,1.125,901,0
TNON.US,5,20251118,215000,1.125,1.125,1.12,1.12,200,0
TNON.US,5,20251118,215500,1.125,1.15,1.125,1.13,10182,0
TNON.US,5,20251119,153000,1.13,1.17,1.13,1.17,518,0
TNON.US,5,20251119,153500,1.1345,1.1345,1.1345,1.1345,200,0
TNON.US,5,20251119,154000,1.14,1.14,1.13,1.13,1211,0
TNON.US,5,20251119,154500,1.135,1.1378,1.135,1.1357,860,0
TNON.US,5,20251119,155000,1.14,1.14,1.14,1.14,112,0
TNON.US,5,20251119,155500,1.14,1.14,1.14,1.14,300,0
TNON.US,5,20251119,160000,1.145,1.145,1.13,1.1301,10000,0
TNON.US,5,20251119,162500,1.145,1.145,1.145,1.145,100,0
TNON.US,5,20251119,163000,1.145,1.145,1.145,1.145,100,0
TNON.US,5,20251119,163500,1.13,1.13,1.13,1.13,400,0
TNON.US,5,20251119,164000,1.14,1.14,1.14,1.14,410,0
TNON.US,5,20251119,164500,1.14,1.14,1.13,1.13,5169,0
TNON.US,5,20251119,165000,1.13,1.13,1.12,1.12,2953,0
TNON.US,5,20251119,165500,1.125,1.125,1.125,1.125,100,0
TNON.US,5,20251119,172000,1.13,1.13,1.13,1.13,500,0
TNON.US,5,20251119,172500,1.125,1.125,1.125,1.125,100,0
TNON.US,5,20251119,174500,1.12,1.13,1.12,1.13,1211,0
TNON.US,5,20251119,175500,1.13,1.13,1.13,1.13,1770,0
TNON.US,5,20251119,180500,1.125,1.125,1.125,1.125,100,0
TNON.US,5,20251119,182000,1.12,1.12,1.12,1.12,300,0
TNON.US,5,20251119,183000,1.12,1.12,1.12,1.12,100,0
TNON.US,5,20251119,183500,1.125,1.125,1.12,1.12,735,0
TNON.US,5,20251119,185000,1.1213,1.1213,1.1213,1.1213,320,0
TNON.US,5,20251119,191000,1.125,1.125,1.125,1.125,100,0
TNON.US,5,20251119,191500,1.12,1.12,1.12,1.12,100,0
TNON.US,5,20251119,192500,1.12,1.1202,1.12,1.1202,1000,0
TNON.US,5,20251119,194000,1.12,1.12,1.11,1.11,18520,0
TNON.US,5,20251119,194500,1.1195,1.1195,1.11,1.11,935,0
TNON.US,5,20251119,200500,1.115,1.115,1.115,1.115,100,0
TNON.US,5,20251119,202000,1.11,1.115,1.11,1.115,773,0
TNON.US,5,20251119,210000,1.11,1.11,1.11,1.11,100,0
TNON.US,5,20251119,211500,1.115,1.115,1.115,1.115,2600,0
TNON.US,5,20251119,212000,1.11,1.11,1.11,1.11,100,0
TNON.US,5,20251119,213000,1.115,1.115,1.115,1.115,100,0
TNON.US,5,20251119,214000,1.12,1.12,1.115,1.115,2600,0
TNON.US,5,20251119,214500,1.11,1.11,1.1,1.1,6956,0
TNON.US,5,20251119,215000,1.1048,1.11,1.1,1.1,992,0
TNON.US,5,20251119,215500,1.105,1.11,1.1,1.11,8240,0
TNON.US,5,20251120,153000,1.134,1.134,1.1235,1.1235,3500,0
TNON.US,5,20251120,153500,1.125,1.125,1.1235,1.125,5000,0
TNON.US,5,20251120,154000,1.125,1.125,1.125,1.125,170,0
TNON.US,5,20251120,154500,1.12,1.12,1.12,1.12,160,0
TNON.US,5,20251120,155000,1.115,1.115,1.115,1.115,1000,0
TNON.US,5,20251120,155500,1.12,1.12,1.12,1.12,2000,0
TNON.US,5,20251120,161000,1.1121,1.1121,1.1121,1.1121,2000,0
TNON.US,5,20251120,161500,1.12,1.12,1.1101,1.1101,4558,0
TNON.US,5,20251120,165500,1.11,1.11,1.11,1.11,100,0
TNON.US,5,20251120,170500,1.115,1.115,1.11,1.11,656,0
TNON.US,5,20251120,171500,1.1199,1.1199,1.1199,1.1199,4200,0
TNON.US,5,20251120,172000,1.11,1.11,1.1052,1.1052,1509,0
TNON.US,5,20251120,172500,1.1098,1.11,1.1,1.105,8920,0
TNON.US,5,20251120,173000,1.11,1.11,1.11,1.11,3000,0
TNON.US,5,20251120,173500,1.105,1.105,1.105,1.105,600,0
TNON.US,5,20251120,174500,1.105,1.105,1.105,1.105,100,0
TNON.US,5,20251120,175000,1.105,1.105,1.105,1.105,400,0
TNON.US,5,20251120,175500,1.1003,1.1003,1.1,1.1,12979,0
TNON.US,5,20251120,180000,1.09,1.095,1.085,1.085,4700,0
TNON.US,5,20251120,180500,1.085,1.085,1.085,1.085,200,0
TNON.US,5,20251120,181000,1.085,1.085,1.0804,1.085,1798,0
TNON.US,5,20251120,181500,1.08,1.081,1.06,1.07,4403,0
TNON.US,5,20251120,182000,1.07,1.08,1.07,1.08,5732,0
TNON.US,5,20251120,183500,1.075,1.0793,1.06,1.0793,5041,0
TNON.US,5,20251120,184000,1.07,1.07,1.07,1.07,2295,0
TNON.US,5,20251120,185000,1.0699,1.07,1.065,1.07,8300,0
TNON.US,5,20251120,185500,1.07,1.07,1.065,1.065,3016,0
TNON.US,5,20251120,190000,1.07,1.07,1.07,1.07,300,0
TNON.US,5,20251120,190500,1.08,1.08,1.0652,1.0652,1156,0
TNON.US,5,20251120,191000,1.06,1.076,1.06,1.07,6506,0
TNON.US,5,20251120,191500,1.075,1.075,1.075,1.075,100,0
TNON.US,5,20251120,194000,1.075,1.075,1.075,1.075,1460,0
TNON.US,5,20251120,194500,1.0796,1.0796,1.0796,1.0796,300,0
TNON.US,5,20251120,195500,1.08,1.08,1.08,1.08,200,0
TNON.US,5,20251120,200500,1.08,1.08,1.08,1.08,746,0
TNON.US,5,20251120,201000,1.0797,1.0797,1.0797,1.0797,100,0
TNON.US,5,20251120,203000,1.0705,1.0705,1.0705,1.0705,167,0
TNON.US,5,20251120,204000,1.075,1.075,1.06,1.065,18668,0
TNON.US,5,20251120,204500,1.06,1.0601,1.02,1.02,72565,0
TNON.US,5,20251120,205000,1.02,1.0201,1.01,1.015,22779,0
TNON.US,5,20251120,205500,1.015,1.02,1.015,1.02,5213,0
TNON.US,5,20251120,210000,1.0237,1.035,1.0237,1.035,2385,0
TNON.US,5,20251120,210500,1.04,1.04,1.035,1.035,1800,0
TNON.US,5,20251120,212500,1.03,1.03,1.03,1.03,1035,0
TNON.US,5,20251120,214000,1.0361,1.0362,1.035,1.035,3430,0
TNON.US,5,20251120,214500,1.035,1.038,1.03,1.03,6613,0
TNON.US,5,20251120,215000,1.0315,1.035,1.03,1.035,1324,0
TNON.US,5,20251120,215500,1.03,1.0385,1.03,1.035,9243,0
TNON.US,5,20251121,153000,1.04,1.05,1.04,1.045,7275,0
TNON.US,5,20251121,153500,1.05,1.05,1.0495,1.0495,3390,0
TNON.US,5,20251121,154000,1.045,1.05,1.045,1.05,2385,0
TNON.US,5,20251121,155000,1.05,1.08,1.0401,1.07,2267,0
TNON.US,5,20251121,155500,1.09,1.09,1.09,1.09,740,0
TNON.US,5,20251121,160500,1.0601,1.0601,1.0601,1.0601,195,0
TNON.US,5,20251121,161500,1.06,1.06,1.06,1.06,100,0
TNON.US,5,20251121,162000,1.06,1.06,1.06,1.06,1100,0
TNON.US,5,20251121,162500,1.08,1.09,1.07,1.08,4057,0
TNON.US,5,20251121,163000,1.07,1.07,1.0499,1.0499,3003,0
TNON.US,5,20251121,163500,1.05,1.0701,1.04,1.05,29579,0
TNON.US,5,20251121,164500,1.055,1.055,1.055,1.055,100,0
TNON.US,5,20251121,165000,1.06,1.06,1.06,1.06,900,0
TNON.US,5,20251121,165500,1.06,1.06,1.06,1.06,100,0
TNON.US,5,20251121,171000,1.06,1.07,1.06,1.07,1150,0
TNON.US,5,20251121,171500,1.07,1.09,1.07,1.08,3313,0
TNON.US,5,20251121,172000,1.0422,1.08,1.0422,1.08,1300,0
TNON.US,5,20251121,172500,1.08,1.08,1.08,1.08,350,0
TNON.US,5,20251121,173500,1.08,1.08,1.05,1.05,12229,0
TNON.US,5,20251121,174000,1.08,1.08,1.08,1.08,200,0
TNON.US,5,20251121,175000,1.07,1.07,1.07,1.07,1000,0
TNON.US,5,20251121,181000,1.085,1.085,1.07,1.07,5588,0
TNON.US,5,20251121,181500,1.09,1.09,1.06,1.08,17788,0
TNON.US,5,20251121,183500,1.0798,1.0798,1.0798,1.0798,4567,0
TNON.US,5,20251121,184000,1.08,1.08,1.08,1.08,500,0
TNON.US,5,20251121,184500,1.07,1.08,1.07,1.08,2186,0
TNON.US,5,20251121,190000,1.09,1.09,1.08,1.08,5489,0
TNON.US,5,20251121,191000,1.08,1.08,1.08,1.08,100,0
TNON.US,5,20251121,191500,1.09,1.09,1.09,1.09,1013,0
TNON.US,5,20251121,201500,1.08,1.09,1.08,1.09,7024,0
TNON.US,5,20251121,202000,1.09,1.09,1.09,1.09,936,0
TNON.US,5,20251121,202500,1.08,1.08,1.07,1.07,1127,0
TNON.US,5,20251121,204500,1.08,1.08,1.08,1.08,100,0
TNON.US,5,20251121,205500,1.085,1.085,1.085,1.085,400,0
TNON.US,5,20251121,210000,1.0823,1.0823,1.0823,1.0823,100,0
TNON.US,5,20251121,211000,1.081,1.081,1.08,1.08,400,0
TNON.US,5,20251121,215000,1.08,1.08,1.075,1.08,6606,0
TNON.US,5,20251121,215500,1.09,1.1,1.09,1.1,1268,0
TNON.US,5,20251124,153000,1.11,1.11,1.11,1.11,171,0
TNON.US,5,20251124,154500,1.102,1.102,1.102,1.102,200,0
TNON.US,5,20251124,160500,1.11,1.11,1.11,1.11,100,0
TNON.US,5,20251124,161500,1.11,1.11,1.11,1.11,500,0
TNON.US,5,20251124,172000,1.1199,1.1199,1.1199,1.1199,1000,0
TNON.US,5,20251124,172500,1.115,1.115,1.115,1.115,100,0
TNON.US,5,20251124,173000,1.1199,1.12,1.115,1.115,4952,0
TNON.US,5,20251124,173500,1.115,1.115,1.115,1.115,410,0
TNON.US,5,20251124,174000,1.115,1.115,1.115,1.115,500,0
TNON.US,5,20251124,175000,1.1199,1.1199,1.1199,1.1199,863,0
TNON.US,5,20251124,180000,1.1101,1.1101,1.1101,1.1101,504,0
TNON.US,5,20251124,183500,1.1102,1.12,1.1102,1.115,2730,0
TNON.US,5,20251124,184000,1.1186,1.1193,1.1186,1.1193,769,0
TNON.US,5,20251124,185500,1.1155,1.14,1.115,1.14,12300,0
TNON.US,5,20251124,190000,1.14,1.14,1.14,1.14,781,0
TNON.US,5,20251124,191000,1.13,1.13,1.12,1.12,2664,0
TNON.US,5,20251124,192500,1.13,1.1338,1.13,1.1338,4060,0
TNON.US,5,20251124,193500,1.135,1.135,1.135,1.135,225,0
TNON.US,5,20251124,203000,1.1354,1.1354,1.1354,1.1354,134,0
TNON.US,5,20251124,204000,1.135,1.135,1.135,1.135,100,0
TNON.US,5,20251124,211500,1.14,1.14,1.14,1.14,1100,0
TNON.US,5,20251124,213000,1.135,1.135,1.135,1.135,200,0
TNON.US,5,20251124,214500,1.135,1.135,1.135,1.135,200,0
TNON.US,5,20251124,215000,1.14,1.15,1.14,1.15,1500,0
TNON.US,5,20251124,215500,1.15,1.16,1.15,1.15,7349,0
TNON.US,5,20251125,153000,1.1,1.1,1.1,1.1,11295,0
TNON.US,5,20251125,153500,1.1201,1.15,1.1201,1.15,2100,0
TNON.US,5,20251125,154500,1.1209,1.135,1.1209,1.135,2400,0
TNON.US,5,20251125,155000,1.1201,1.1201,1.095,1.095,4548,0
TNON.US,5,20251125,155500,1.1,1.12,1.095,1.12,38359,0
TNON.US,5,20251125,162500,1.13,1.14,1.13,1.14,343,0
TNON.US,5,20251125,165500,1.129,1.129,1.129,1.129,160,0
TNON.US,5,20251125,170500,1.135,1.135,1.135,1.135,4982,0
TNON.US,5,20251125,171500,1.135,1.135,1.135,1.135,315,0
TNON.US,5,20251125,173000,1.135,1.135,1.12,1.12,2167,0
TNON.US,5,20251125,180000,1.14,1.14,1.14,1.14,5000,0
TNON.US,5,20251125,181000,1.14,1.14,1.14,1.14,900,0
TNON.US,5,20251125,181500,1.14,1.14,1.14,1.14,3397,0
TNON.US,5,20251125,182500,1.14,1.14,1.13,1.13,900,0
TNON.US,5,20251125,183000,1.13,1.13,1.13,1.13,100,0
TNON.US,5,20251125,185500,1.1317,1.1317,1.13,1.13,752,0
TNON.US,5,20251125,190500,1.13,1.13,1.13,1.13,100,0
TNON.US,5,20251125,192000,1.13,1.13,1.13,1.13,1948,0
TNON.US,5,20251125,193500,1.14,1.14,1.14,1.14,1860,0
TNON.US,5,20251125,194500,1.14,1.14,1.13,1.13,12119,0
TNON.US,5,20251125,195000,1.13,1.13,1.13,1.13,100,0
TNON.US,5,20251125,201500,1.13,1.13,1.13,1.13,5083,0
TNON.US,5,20251125,204000,1.13,1.13,1.13,1.13,1001,0
TNON.US,5,20251125,204500,1.12,1.12,1.12,1.12,207,0
TNON.US,5,20251125,210500,1.13,1.135,1.125,1.125,3773,0
TNON.US,5,20251125,211000,1.13,1.13,1.13,1.13,1814,0
TNON.US,5,20251125,214000,1.135,1.135,1.135,1.135,550,0
TNON.US,5,20251125,214500,1.14,1.14,1.14,1.14,542,0
TNON.US,5,20251125,215500,1.15,1.15,1.13,1.13,2391,0
TNON.US,5,20251126,153000,1.12,1.12,1.11,1.11,5279,0
TNON.US,5,20251126,153500,1.112,1.112,1.11,1.11,2100,0
TNON.US,5,20251126,154000,1.12,1.12,1.1,1.1,1998,0
TNON.US,5,20251126,155500,1.11,1.11,1.1,1.1,650,0
TNON.US,5,20251126,160000,1.1,1.1021,1.1,1.1021,710,0
TNON.US,5,20251126,160500,1.1001,1.1001,1.1001,1.1001,300,0
TNON.US,5,20251126,161000,1.1,1.1,1.1,1.1,2160,0
TNON.US,5,20251126,161500,1.0992,1.1,1.0992,1.1,5800,0
TNON.US,5,20251126,162000,1.1,1.1,1.1,1.1,1991,0
TNON.US,5,20251126,162500,1.12,1.12,1.11,1.11,3200,0
TNON.US,5,20251126,163000,1.11,1.1199,1.11,1.1199,13285,0
TNON.US,5,20251126,165000,1.115,1.12,1.115,1.12,666,0
TNON.US,5,20251126,171000,1.13,1.13,1.13,1.13,200,0
TNON.US,5,20251126,175500,1.11,1.11,1.11,1.11,500,0
TNON.US,5,20251126,180500,1.1376,1.1376,1.1376,1.1376,200,0
TNON.US,5,20251126,181500,1.111,1.111,1.111,1.111,1000,0
TNON.US,5,20251126,182000,1.125,1.125,1.125,1.125,1000,0
TNON.US,5,20251126,182500,1.125,1.125,1.125,1.125,100,0
TNON.US,5,20251126,185000,1.13,1.13,1.13,1.13,2612,0
TNON.US,5,20251126,190000,1.1216,1.1216,1.1216,1.1216,190,0
TNON.US,5,20251126,191000,1.125,1.125,1.125,1.125,262,0
TNON.US,5,20251126,191500,1.125,1.125,1.125,1.125,159,0
TNON.US,5,20251126,192500,1.12,1.12,1.12,1.12,340,0
TNON.US,5,20251126,202500,1.1375,1.1375,1.1375,1.1375,600,0
TNON.US,5,20251126,204000,1.137,1.137,1.137,1.137,200,0
TNON.US,5,20251126,211000,1.13,1.13,1.13,1.13,100,0
TNON.US,5,20251126,211500,1.13,1.13,1.13,1.13,1758,0
TNON.US,5,20251126,213000,1.13,1.13,1.13,1.13,124,0
TNON.US,5,20251126,214500,1.13,1.13,1.13,1.13,200,0
TNON.US,5,20251126,215000,1.13,1.14,1.13,1.13,1944,0
TNON.US,5,20251126,215500,1.125,1.14,1.12,1.13,2100,0
TNON.US,5,20251128,153000,1.12,1.12,1.12,1.12,145,0
TNON.US,5,20251128,154000,1.13,1.13,1.125,1.125,2100,0
TNON.US,5,20251128,160000,1.1264,1.13,1.1264,1.13,711,0
TNON.US,5,20251128,160500,1.1301,1.1301,1.1301,1.1301,100,0
TNON.US,5,20251128,161000,1.1341,1.1341,1.1301,1.1301,1100,0
TNON.US,5,20251128,161500,1.135,1.135,1.135,1.135,510,0
TNON.US,5,20251128,162000,1.135,1.135,1.135,1.135,110,0
TNON.US,5,20251128,162500,1.135,1.135,1.135,1.135,100,0
TNON.US,5,20251128,163000,1.1343,1.1343,1.13,1.13,1250,0
TNON.US,5,20251128,163500,1.1324,1.1324,1.1324,1.1324,2000,0
TNON.US,5,20251128,164000,1.13,1.13,1.13,1.13,100,0
TNON.US,5,20251128,165000,1.135,1.135,1.135,1.135,300,0
TNON.US,5,20251128,165500,1.14,1.14,1.14,1.14,1012,0
TNON.US,5,20251128,170000,1.135,1.135,1.1336,1.1336,800,0
TNON.US,5,20251128,170500,1.14,1.14,1.14,1.14,397,0
TNON.US,5,20251128,173500,1.14,1.14,1.14,1.14,100,0
TNON.US,5,20251128,175000,1.14,1.14,1.14,1.14,100,0
TNON.US,5,20251128,180000,1.135,1.135,1.135,1.135,100,0
TNON.US,5,20251128,180500,1.1428,1.1428,1.1428,1.1428,100,0
TNON.US,5,20251128,181000,1.135,1.14,1.13,1.14,3172,0
TNON.US,5,20251128,181500,1.135,1.135,1.135,1.135,100,0
TNON.US,5,20251128,183000,1.13,1.1322,1.13,1.13,1100,0
TNON.US,5,20251128,183500,1.13,1.135,1.125,1.125,11100,0
TNON.US,5,20251128,184500,1.125,1.13,1.125,1.13,1369,0
TNON.US,5,20251128,185000,1.13,1.13,1.13,1.13,200,0
TNON.US,5,20251128,185500,1.13,1.13,1.13,1.13,1062,0
TNON.US,5,20251128,190000,1.13,1.13,1.13,1.13,176,0
TNON.US,5,20251201,153000,1.11,1.11,1.11,1.11,395,0
TNON.US,5,20251201,154500,1.12,1.12,1.12,1.12,100,0
TNON.US,5,20251201,155000,1.1,1.1,1.1,1.1,100,0
TNON.US,5,20251201,155500,1.11,1.11,1.11,1.11,1010,0
TNON.US,5,20251201,160000,1.12,1.12,1.12,1.12,2092,0
TNON.US,5,20251201,162000,1.11,1.11,1.11,1.11,184,0
TNON.US,5,20251201,163500,1.115,1.115,1.115,1.115,2181,0
TNON.US,5,20251201,164000,1.11,1.11,1.103,1.103,350,0
TNON.US,5,20251201,164500,1.1028,1.11,1.1028,1.11,400,0
TNON.US,5,20251201,165000,1.11,1.11,1.11,1.11,300,0
TNON.US,5,20251201,165500,1.11,1.11,1.11,1.11,300,0
TNON.US,5,20251201,170000,1.11,1.11,1.11,1.11,350,0
TNON.US,5,20251201,170500,1.11,1.11,1.1,1.105,2400,0
TNON.US,5,20251201,172000,1.11,1.11,1.11,1.11,229,0
TNON.US,5,20251201,172500,1.1022,1.1022,1.1022,1.1022,730,0
TNON.US,5,20251201,173000,1.11,1.11,1.1,1.1,200,0
TNON.US,5,20251201,174000,1.1001,1.1001,1.1001,1.1001,100,0
TNON.US,5,20251201,175000,1.11,1.11,1.11,1.11,100,0
TNON.US,5,20251201,175500,1.11,1.11,1.11,1.11,200,0
TNON.US,5,20251201,180500,1.11,1.11,1.11,1.11,100,0
TNON.US,5,20251201,181000,1.1,1.1,1.1,1.1,129,0
TNON.US,5,20251201,184000,1.12,1.12,1.12,1.12,300,0
TNON.US,5,20251201,184500,1.12,1.12,1.12,1.12,100,0
TNON.US,5,20251201,185500,1.1102,1.1102,1.1102,1.1102,1000,0
TNON.US,5,20251201,191500,1.115,1.115,1.115,1.115,100,0
TNON.US,5,20251201,192000,1.115,1.115,1.1,1.1,2831,0
TNON.US,5,20251201,193500,1.1,1.1,1.1,1.1,156,0
TNON.US,5,20251201,194500,1.1,1.1,1.1,1.1,280,0
TNON.US,5,20251201,195000,1.1,1.1,1.1,1.1,280,0
TNON.US,5,20251201,195500,1.09,1.09,1.09,1.09,100,0
TNON.US,5,20251201,201000,1.11,1.11,1.11,1.11,100,0
TNON.US,5,20251201,201500,1.12,1.12,1.12,1.12,100,0
TNON.US,5,20251201,204500,1.105,1.105,1.105,1.105,100,0
TNON.US,5,20251201,205500,1.12,1.12,1.12,1.12,400,0
TNON.US,5,20251201,212500,1.115,1.115,1.115,1.115,500,0
TNON.US,5,20251201,213000,1.115,1.115,1.115,1.115,180,0
TNON.US,5,20251201,214500,1.12,1.12,1.12,1.12,500,0
TNON.US,5,20251201,215500,1.11,1.11,1.1,1.1,1221,0
TNON.US,5,20251202,153000,1.06,1.06,1.06,1.06,11988,0
TNON.US,5,20251202,161500,1.073519,1.073519,1.073519,1.073519,100,0
TNON.US,5,20251202,162000,1.0701,1.0701,1.0701,1.0701,1445,0
TNON.US,5,20251202,162500,1.07,1.07,1.07,1.07,230,0
TNON.US,5,20251202,165000,1.07,1.07,1.07,1.07,300,0
TNON.US,5,20251202,165500,1.07,1.0728,1.07,1.0728,800,0
TNON.US,5,20251202,171000,1.0755,1.0755,1.0749,1.0749,1305,0
TNON.US,5,20251202,172500,1.07,1.07,1.07,1.07,100,0
TNON.US,5,20251202,180500,1.07,1.07,1.07,1.07,1083,0
TNON.US,5,20251202,182000,1.07,1.075,1.07,1.075,9870,0
TNON.US,5,20251202,184000,1.07,1.07,1.07,1.07,100,0
TNON.US,5,20251202,185000,1.07,1.08,1.07,1.075,7949,0
TNON.US,5,20251202,192000,1.07,1.07,1.07,1.07,200,0
TNON.US,5,20251202,193000,1.08,1.08,1.08,1.08,300,0
TNON.US,5,20251202,194000,1.075,1.075,1.075,1.075,1346,0
TNON.US,5,20251202,195500,1.07,1.075,1.07,1.075,300,0
TNON.US,5,20251202,201000,1.075,1.075,1.075,1.075,100,0
TNON.US,5,20251202,201500,1.0751,1.0751,1.0751,1.0751,2550,0
TNON.US,5,20251202,203000,1.07,1.075,1.07,1.075,300,0
TNON.US,5,20251202,204500,1.075,1.075,1.075,1.075,100,0
TNON.US,5,20251202,205000,1.08,1.08,1.07,1.07,922,0
TNON.US,5,20251202,210000,1.07,1.07,1.07,1.07,300,0
TNON.US,5,20251202,210500,1.0602,1.07,1.0602,1.07,209,0
TNON.US,5,20251202,211500,1.07,1.08,1.07,1.0701,1300,0
TNON.US,5,20251202,212000,1.0799,1.0799,1.07,1.07,300,0
TNON.US,5,20251202,213000,1.075,1.075,1.075,1.075,200,0
TNON.US,5,20251202,214000,1.075,1.075,1.075,1.075,100,0
TNON.US,5,20251202,214500,1.08,1.08,1.075,1.075,800,0
TNON.US,5,20251202,215500,1.07,1.08,1.07,1.07,3070,0
TNON.US,5,20251203,153000,1.06,1.08,1.06,1.07,950,0
TNON.US,5,20251203,153500,1.09,1.09,1.09,1.09,2500,0
TNON.US,5,20251203,154000,1.12,1.12,1.115,1.115,336,0
TNON.US,5,20251203,154500,1.105,1.105,1.1,1.1,1061,0
TNON.US,5,20251203,155500,1.1169,1.1169,1.1169,1.1169,650,0
TNON.US,5,20251203,160000,1.09,1.11,1.09,1.11,500,0
TNON.US,5,20251203,160500,1.13,1.14,1.105,1.105,3404,0
TNON.US,5,20251203,163000,1.115,1.115,1.115,1.115,6296,0
TNON.US,5,20251203,163500,1.11,1.11,1.11,1.11,100,0
TNON.US,5,20251203,165500,1.11,1.11,1.11,1.11,201,0
TNON.US,5,20251203,170000,1.12,1.14,1.11,1.14,3941,0
TNON.US,5,20251203,170500,1.1004,1.15,1.1004,1.15,5200,0
TNON.US,5,20251203,171000,1.1015,1.115,1.1015,1.115,300,0
TNON.US,5,20251203,171500,1.11,1.13,1.11,1.115,1500,0
TNON.US,5,20251203,172500,1.1,1.1,1.1,1.1,2642,0
TNON.US,5,20251203,174500,1.14,1.14,1.14,1.14,100,0
TNON.US,5,20251203,175000,1.13,1.14,1.13,1.14,1400,0
TNON.US,5,20251203,180000,1.13,1.13,1.115,1.115,1300,0
TNON.US,5,20251203,183000,1.0912,1.0912,1.0912,1.0912,5000,0
TNON.US,5,20251203,184000,1.12,1.12,1.12,1.12,200,0
TNON.US,5,20251203,191500,1.1,1.1,1.1,1.1,100,0
TNON.US,5,20251203,193000,1.113,1.113,1.11,1.11,3100,0
TNON.US,5,20251203,193500,1.11,1.11,1.075,1.11,11145,0
TNON.US,5,20251203,194000,1.075,1.09,1.075,1.09,4050,0
TNON.US,5,20251203,200000,1.1,1.11,1.1,1.1,1500,0
TNON.US,5,20251203,203000,1.1199,1.12,1.1196,1.12,10200,0
TNON.US,5,20251203,204500,1.13,1.13,1.13,1.13,100,0
TNON.US,5,20251203,210500,1.13,1.13,1.13,1.13,1432,0
TNON.US,5,20251203,211000,1.13,1.13,1.12,1.13,7097,0
TNON.US,5,20251203,211500,1.13,1.13,1.13,1.13,100,0
TNON.US,5,20251203,212000,1.125,1.125,1.125,1.125,100,0
TNON.US,5,20251203,214000,1.115,1.115,1.115,1.115,178,0
TNON.US,5,20251203,215000,1.115,1.115,1.115,1.115,111,0
TNON.US,5,20251203,215500,1.13,1.13,1.13,1.13,9748,0
TNON.US,5,20251204,153000,1.11,1.13,1.11,1.13,5853,0
TNON.US,5,20251204,154000,1.125,1.125,1.12,1.12,1987,0
TNON.US,5,20251204,155000,1.124,1.124,1.124,1.124,5000,0
TNON.US,5,20251204,155500,1.12,1.12,1.12,1.12,21943,0
TNON.US,5,20251204,161000,1.13,1.13,1.13,1.13,100,0
TNON.US,5,20251204,161500,1.12,1.12,1.12,1.12,19964,0
TNON.US,5,20251204,162000,1.13,1.13,1.13,1.13,400,0
TNON.US,5,20251204,163000,1.12,1.12,1.12,1.12,400,0
TNON.US,5,20251204,163500,1.13,1.13,1.13,1.13,200,0
TNON.US,5,20251204,164500,1.1277,1.1277,1.1277,1.1277,291,0
TNON.US,5,20251204,165000,1.13,1.13,1.126,1.126,300,0
TNON.US,5,20251204,170500,1.12,1.12,1.12,1.12,100,0
TNON.US,5,20251204,172000,1.12,1.12,1.12,1.12,893,0
TNON.US,5,20251204,172500,1.12,1.12,1.12,1.12,101,0
TNON.US,5,20251204,173500,1.1101,1.125,1.1101,1.12,600,0
TNON.US,5,20251204,175500,1.13,1.13,1.13,1.13,200,0
TNON.US,5,20251204,180500,1.13,1.13,1.11,1.11,8169,0
TNON.US,5,20251204,181000,1.11,1.1102,1.11,1.11,2591,0
TNON.US,5,20251204,181500,1.1099,1.1099,1.1,1.1,3512,0
TNON.US,5,20251204,183500,1.12,1.12,1.11,1.11,200,0
TNON.US,5,20251204,184500,1.11,1.11,1.1,1.1,4744,0
TNON.US,5,20251204,185500,1.11,1.11,1.11,1.11,130,0
TNON.US,5,20251204,190500,1.104,1.104,1.104,1.104,100,0
TNON.US,5,20251204,191000,1.1,1.1,1.1,1.1,2225,0
TNON.US,5,20251204,192500,1.115,1.115,1.115,1.115,100,0
TNON.US,5,20251204,193000,1.12,1.12,1.12,1.12,200,0
TNON.US,5,20251204,193500,1.125,1.125,1.125,1.125,100,0
TNON.US,5,20251204,194000,1.12,1.12,1.12,1.12,3329,0
TNON.US,5,20251204,194500,1.11,1.11,1.11,1.11,100,0
TNON.US,5,20251204,195000,1.12,1.12,1.12,1.12,200,0
TNON.US,5,20251204,200000,1.12,1.12,1.11,1.11,700,0
TNON.US,5,20251204,200500,1.12,1.12,1.12,1.12,100,0
TNON.US,5,20251204,201500,1.1188,1.1188,1.115,1.115,200,0
TNON.US,5,20251204,202000,1.115,1.115,1.11,1.11,500,0
TNON.US,5,20251204,203000,1.11,1.11,1.11,1.11,200,0
TNON.US,5,20251204,204000,1.12,1.12,1.12,1.12,100,0
TNON.US,5,20251204,204500,1.12,1.12,1.12,1.12,227,0
TNON.US,5,20251204,210000,1.12,1.12,1.1177,1.1177,200,0
TNON.US,5,20251204,210500,1.1005,1.1165,1.1005,1.1165,850,0
TNON.US,5,20251204,211000,1.1186,1.1186,1.1,1.11,12246,0
TNON.US,5,20251204,211500,1.1187,1.12,1.1187,1.12,600,0
TNON.US,5,20251204,212000,1.1299,1.1299,1.12,1.12,400,0
TNON.US,5,20251204,212500,1.12,1.12,1.12,1.12,100,0
TNON.US,5,20251204,214000,1.12,1.1295,1.11,1.1295,2323,0
TNON.US,5,20251204,214500,1.125,1.125,1.125,1.125,100,0
TNON.US,5,20251204,215000,1.13,1.14,1.12,1.13,3182,0
TNON.US,5,20251204,215500,1.1212,1.13,1.1212,1.13,2953,0
TNON.US,5,20251205,153000,1.11,1.11,1.11,1.11,105,0
TNON.US,5,20251205,154500,1.12,1.12,1.1,1.1102,5825,0
TNON.US,5,20251205,155500,1.113368,1.113368,1.1101,1.1101,400,0
TNON.US,5,20251205,160000,1.115,1.115,1.1,1.1099,21975,0
TNON.US,5,20251205,160500,1.1147,1.1147,1.1147,1.1147,175,0
TNON.US,5,20251205,161000,1.11,1.11,1.11,1.11,100,0
TNON.US,5,20251205,161500,1.1,1.1,1.1,1.1,179,0
TNON.US,5,20251205,162000,1.11,1.11,1.11,1.11,219,0
TNON.US,5,20251205,172000,1.11,1.11,1.11,1.11,900,0
TNON.US,5,20251205,173000,1.105,1.105,1.1042,1.1042,1100,0
TNON.US,5,20251205,173500,1.1,1.1001,1.095,1.095,1899,0
TNON.US,5,20251205,174000,1.0998,1.0999,1.095,1.095,1050,0
TNON.US,5,20251205,174500,1.1,1.1,1.1,1.1,836,0
TNON.US,5,20251205,175500,1.1,1.1,1.1,1.1,438,0
TNON.US,5,20251205,180500,1.1,1.1,1.1,1.1,1000,0
TNON.US,5,20251205,181500,1.09,1.0916,1.09,1.0916,1604,0
TNON.US,5,20251205,183500,1.095,1.095,1.095,1.095,541,0
TNON.US,5,20251205,184500,1.0955,1.0955,1.0955,1.0955,100,0
TNON.US,5,20251205,185000,1.095,1.095,1.095,1.095,108,0
TNON.US,5,20251205,190000,1.098,1.1,1.095,1.1,3901,0
TNON.US,5,20251205,191500,1.1016,1.1016,1.1016,1.1016,188,0
TNON.US,5,20251205,193500,1.11,1.11,1.11,1.11,411,0
TNON.US,5,20251205,195000,1.1061,1.1061,1.1061,1.1061,1800,0
TNON.US,5,20251205,200500,1.1,1.1,1.1,1.1,493,0
TNON.US,5,20251205,215000,1.11,1.12,1.11,1.12,1025,0
TNON.US,5,20251205,215500,1.12,1.12,1.11,1.11,527,0
TNON.US,5,20251208,153000,1.1,1.1,1.1,1.1,931,0
TNON.US,5,20251208,153500,1.0956,1.0956,1.0956,1.0956,108,0
TNON.US,5,20251208,154500,1.105,1.105,1.105,1.105,100,0
TNON.US,5,20251208,160500,1.1,1.1,1.1,1.1,435,0
TNON.US,5,20251208,161500,1.1,1.1,1.1,1.1,1000,0
TNON.US,5,20251208,162500,1.1,1.11,1.1,1.11,500,0
TNON.US,5,20251208,163500,1.1099,1.11,1.1099,1.11,7911,0
TNON.US,5,20251208,165000,1.0913,1.095,1.0913,1.095,369,0
TNON.US,5,20251208,165500,1.0987,1.0987,1.0987,1.0987,300,0
TNON.US,5,20251208,170000,1.095,1.095,1.09,1.09,737,0
TNON.US,5,20251208,171500,1.1076,1.11,1.1076,1.11,700,0
TNON.US,5,20251208,172000,1.0922,1.0922,1.0922,1.0922,100,0
TNON.US,5,20251208,172500,1.1,1.1,1.1,1.1,115,0
TNON.US,5,20251208,175000,1.11,1.11,1.11,1.11,100,0
TNON.US,5,20251208,181500,1.1,1.1,1.1,1.1,185,0
TNON.US,5,20251208,184000,1.105,1.11,1.105,1.11,5086,0
TNON.US,5,20251208,184500,1.0939,1.0939,1.0901,1.0901,1300,0
TNON.US,5,20251208,185000,1.1,1.101,1.1,1.101,300,0
TNON.US,5,20251208,193000,1.1015,1.1015,1.1015,1.1015,200,0
TNON.US,5,20251208,194500,1.105,1.105,1.105,1.105,800,0
TNON.US,5,20251208,200500,1.1058,1.1058,1.1058,1.1058,100,0
TNON.US,5,20251208,201000,1.1014,1.1014,1.1014,1.1014,125,0
TNON.US,5,20251208,201500,1.105,1.105,1.105,1.105,140,0
TNON.US,5,20251208,203000,1.1,1.1,1.1,1.1,549,0
TNON.US,5,20251208,204000,1.105,1.105,1.105,1.105,100,0
TNON.US,5,20251208,204500,1.105,1.105,1.1001,1.1048,1385,0
TNON.US,5,20251208,211500,1.1055,1.1055,1.1055,1.1055,122,0
TNON.US,5,20251208,212000,1.1,1.1,1.1,1.1,335,0
TNON.US,5,20251208,214000,1.1061,1.1061,1.1061,1.1061,455,0
TNON.US,5,20251208,214500,1.11,1.11,1.11,1.11,494,0
TNON.US,5,20251208,215500,1.11,1.11,1.11,1.11,1514,0
TNON.US,5,20251209,153000,1.1,1.1148,1.1,1.1148,7197,0
TNON.US,5,20251209,155000,1.1165,1.1165,1.1165,1.1165,205,0
TNON.US,5,20251209,155500,1.1105,1.1105,1.11,1.11,654,0
TNON.US,5,20251209,160000,1.11,1.1165,1.1063,1.1063,4132,0
TNON.US,5,20251209,160500,1.13,1.13,1.12,1.12,6850,0
TNON.US,5,20251209,161000,1.12,1.12,1.1101,1.1101,1080,0
TNON.US,5,20251209,163000,1.115,1.115,1.115,1.115,7000,0
TNON.US,5,20251209,163500,1.1101,1.1101,1.1101,1.1101,5540,0
TNON.US,5,20251209,164000,1.115,1.115,1.11,1.1118,345,0
TNON.US,5,20251209,165500,1.115,1.115,1.115,1.115,100,0
TNON.US,5,20251209,171000,1.1114,1.1114,1.1114,1.1114,650,0
TNON.US,5,20251209,171500,1.1114,1.1114,1.1114,1.1114,100,0
TNON.US,5,20251209,172000,1.11,1.11,1.102,1.11,3200,0
TNON.US,5,20251209,175000,1.1101,1.1101,1.1101,1.1101,581,0
TNON.US,5,20251209,180500,1.11,1.1102,1.11,1.11,915,0
TNON.US,5,20251209,181000,1.11,1.11,1.11,1.11,500,0
TNON.US,5,20251209,183500,1.105,1.1098,1.105,1.1098,698,0
TNON.US,5,20251209,184500,1.101,1.105,1.1,1.105,17940,0
TNON.US,5,20251209,190000,1.1,1.1,1.0999,1.1,7013,0
TNON.US,5,20251209,190500,1.1026,1.11,1.1026,1.11,16838,0
TNON.US,5,20251209,194500,1.11,1.11,1.11,1.11,480,0
TNON.US,5,20251209,202500,1.11,1.11,1.11,1.11,100,0
TNON.US,5,20251209,215500,1.11,1.15,1.11,1.15,39406,0
TNON.US,5,20251210,153000,1.13,1.13,1.13,1.13,2004,0
TNON.US,5,20251210,153500,1.1103,1.125,1.1103,1.125,650,0
TNON.US,5,20251210,154000,1.125,1.125,1.125,1.125,945,0
TNON.US,5,20251210,154500,1.1256,1.1256,1.12,1.12,1600,0
TNON.US,5,20251210,155000,1.13,1.13,1.13,1.13,582,0
TNON.US,5,20251210,160000,1.13,1.13,1.12,1.12,1199,0
TNON.US,5,20251210,162000,1.14,1.14,1.14,1.14,300,0
TNON.US,5,20251210,162500,1.135,1.14,1.135,1.135,1640,0
TNON.US,5,20251210,163000,1.1301,1.1301,1.1301,1.1301,100,0
TNON.US,5,20251210,164000,1.13,1.14,1.13,1.135,1179,0
TNON.US,5,20251210,164500,1.13,1.14,1.13,1.131437,1109,0
TNON.US,5,20251210,170500,1.1308,1.1308,1.13,1.13,293,0
TNON.US,5,20251210,171500,1.1301,1.14,1.1301,1.1301,900,0
TNON.US,5,20251210,173500,1.1345,1.14,1.1345,1.135,1477,0
TNON.US,5,20251210,190000,1.13,1.13,1.13,1.13,100,0
TNON.US,5,20251210,192000,1.13,1.13,1.13,1.13,300,0
TNON.US,5,20251210,194000,1.1322,1.14,1.13,1.135,2312,0
TNON.US,5,20251210,195500,1.13,1.13,1.13,1.13,100,0
TNON.US,5,20251210,200500,1.125,1.125,1.125,1.125,100,0
TNON.US,5,20251210,201500,1.12,1.12,1.12,1.12,776,0
TNON.US,5,20251210,202500,1.13,1.13,1.13,1.13,240,0
TNON.US,5,20251210,203000,1.13,1.13,1.13,1.13,300,0
TNON.US,5,20251210,204000,1.13,1.13,1.13,1.13,240,0
TNON.US,5,20251210,212500,1.12,1.1201,1.12,1.1201,400,0
TNON.US,5,20251210,214000,1.12,1.12,1.12,1.12,100,0
TNON.US,5,20251210,215000,1.12,1.13,1.12,1.13,2389,0
TNON.US,5,20251210,215500,1.13,1.13,1.1148,1.12,11019,0
TNON.US,5,20251211,153000,1.13,1.13,1.13,1.13,332,0
TNON.US,5,20251211,153500,1.12,1.125,1.11,1.1235,2863,0
TNON.US,5,20251211,155000,1.12,1.13,1.12,1.12,5200,0
TNON.US,5,20251211,155500,1.122,1.125,1.11,1.11,2016,0
TNON.US,5,20251211,160500,1.1123,1.1123,1.1123,1.1123,100,0
TNON.US,5,20251211,162000,1.12,1.12,1.12,1.12,320,0
TNON.US,5,20251211,162500,1.12,1.12,1.12,1.12,170,0
TNON.US,5,20251211,163500,1.12,1.12,1.12,1.12,280,0
TNON.US,5,20251211,164500,1.13,1.13,1.12,1.12,1430,0
TNON.US,5,20251211,165500,1.115,1.115,1.115,1.115,100,0
TNON.US,5,20251211,170500,1.12,1.1201,1.12,1.1201,2000,0
TNON.US,5,20251211,171000,1.12,1.12,1.12,1.12,100,0
TNON.US,5,20251211,172500,1.115,1.115,1.115,1.115,100,0
TNON.US,5,20251211,173500,1.12,1.12,1.12,1.12,10400,0
TNON.US,5,20251211,174000,1.12,1.12,1.12,1.12,100,0
TNON.US,5,20251211,180000,1.12,1.12,1.12,1.12,100,0
TNON.US,5,20251211,180500,1.12,1.12,1.12,1.12,100,0
TNON.US,5,20251211,181500,1.12,1.12,1.115,1.115,310,0
TNON.US,5,20251211,182000,1.115,1.12,1.115,1.12,2980,0
TNON.US,5,20251211,182500,1.12,1.12,1.12,1.12,500,0
TNON.US,5,20251211,184000,1.12,1.12,1.12,1.12,200,0
TNON.US,5,20251211,190000,1.12,1.12,1.12,1.12,100,0
TNON.US,5,20251211,193500,1.11,1.11,1.11,1.11,100,0
TNON.US,5,20251211,194000,1.11,1.13,1.11,1.13,712,0
TNON.US,5,20251211,202000,1.1216,1.1216,1.1216,1.1216,100,0
TNON.US,5,20251211,202500,1.125,1.125,1.125,1.125,100,0
TNON.US,5,20251211,203000,1.125,1.125,1.1228,1.1228,450,0
TNON.US,5,20251211,204500,1.125,1.125,1.125,1.125,100,0
TNON.US,5,20251211,212500,1.12,1.12,1.12,1.12,200,0
TNON.US,5,20251211,213500,1.125,1.125,1.12,1.12,300,0
TNON.US,5,20251211,214000,1.13,1.13,1.125,1.125,1153,0
TNON.US,5,20251211,214500,1.13,1.135,1.13,1.13,1640,0
TNON.US,5,20251211,215000,1.13,1.13,1.13,1.13,100,0
TNON.US,5,20251211,215500,1.13,1.15,1.13,1.14,14864,0
TNON.US,5,20251212,153000,1.13,1.13,1.13,1.13,238,0
TNON.US,5,20251212,153500,1.13,1.13,1.13,1.13,1000,0
TNON.US,5,20251212,154000,1.13,1.13,1.13,1.13,3931,0
TNON.US,5,20251212,154500,1.1399,1.14,1.1399,1.14,1660,0
TNON.US,5,20251212,155000,1.15,1.15,1.15,1.15,200,0
TNON.US,5,20251212,155500,1.15,1.1501,1.14,1.14,1377,0
TNON.US,5,20251212,161000,1.16,1.16,1.14,1.15,1600,0
TNON.US,5,20251212,161500,1.1401,1.16,1.1401,1.16,1400,0
TNON.US,5,20251212,162000,1.15,1.15,1.145,1.1486,2662,0
TNON.US,5,20251212,162500,1.15,1.15,1.1441,1.145,620,0
TNON.US,5,20251212,163000,1.15,1.15,1.145,1.145,400,0
TNON.US,5,20251212,163500,1.145,1.15,1.145,1.15,325,0
TNON.US,5,20251212,164000,1.15,1.15,1.15,1.15,100,0
TNON.US,5,20251212,164500,1.15,1.15,1.15,1.15,100,0
TNON.US,5,20251212,165000,1.15,1.15,1.15,1.15,100,0
TNON.US,5,20251212,165500,1.1413,1.15,1.1413,1.15,300,0
TNON.US,5,20251212,171000,1.15,1.15,1.14,1.145,2360,0
TNON.US,5,20251212,171500,1.145,1.145,1.1442,1.1442,727,0
TNON.US,5,20251212,172000,1.14,1.145,1.135,1.135,1121,0
TNON.US,5,20251212,172500,1.1305,1.1305,1.1305,1.1305,183,0
TNON.US,5,20251212,174000,1.13,1.13,1.12,1.12,2262,0
TNON.US,5,20251212,174500,1.12,1.12,1.12,1.12,100,0
TNON.US,5,20251212,175500,1.12,1.12,1.12,1.12,210,0
TNON.US,5,20251212,180000,1.115,1.115,1.115,1.115,100,0
TNON.US,5,20251212,180500,1.12,1.12,1.12,1.12,100,0
TNON.US,5,20251212,181000,1.115,1.115,1.115,1.115,200,0
TNON.US,5,20251212,181500,1.119,1.12,1.115,1.12,13497,0
TNON.US,5,20251212,182500,1.1189,1.1189,1.1189,1.1189,4700,0
TNON.US,5,20251212,183000,1.1185,1.1185,1.1185,1.1185,2800,0
TNON.US,5,20251212,184000,1.115,1.12,1.115,1.12,4357,0
TNON.US,5,20251212,185000,1.12,1.12,1.12,1.12,200,0
TNON.US,5,20251212,190000,1.12,1.125,1.12,1.125,1736,0
TNON.US,5,20251212,190500,1.13,1.13,1.13,1.13,254,0
TNON.US,5,20251212,191000,1.13,1.13,1.13,1.13,100,0
TNON.US,5,20251212,191500,1.13,1.13,1.13,1.13,100,0
TNON.US,5,20251212,192000,1.13,1.13,1.1255,1.1255,303,0
TNON.US,5,20251212,192500,1.13,1.13,1.13,1.13,100,0
TNON.US,5,20251212,193000,1.13,1.13,1.13,1.13,100,0
TNON.US,5,20251212,194500,1.13,1.13,1.13,1.13,200,0
TNON.US,5,20251212,195500,1.13,1.145,1.13,1.145,9720,0
TNON.US,5,20251212,200000,1.15,1.15,1.14,1.15,3600,0
TNON.US,5,20251212,202000,1.15,1.15,1.15,1.15,100,0
TNON.US,5,20251212,202500,1.15,1.15,1.15,1.15,100,0
TNON.US,5,20251212,203000,1.15,1.15,1.1489,1.1489,3943,0
TNON.US,5,20251212,203500,1.15,1.15,1.15,1.15,9271,0
TNON.US,5,20251212,204000,1.15,1.15,1.13,1.145,11040,0
TNON.US,5,20251212,204500,1.16,1.16,1.16,1.16,100,0
TNON.US,5,20251212,210000,1.15,1.16,1.15,1.16,1925,0
TNON.US,5,20251212,210500,1.15,1.15,1.145,1.145,5100,0
TNON.US,5,20251212,211000,1.1406,1.1406,1.1406,1.1406,228,0
TNON.US,5,20251212,211500,1.14,1.14,1.14,1.14,582,0
TNON.US,5,20251212,212000,1.145,1.145,1.145,1.145,2700,0
TNON.US,5,20251212,213000,1.145,1.145,1.14,1.145,1103,0
TNON.US,5,20251212,214000,1.1496,1.1496,1.145,1.145,15110,0
TNON.US,5,20251212,214500,1.15,1.17,1.15,1.1685,29162,0
TNON.US,5,20251212,215000,1.165,1.17,1.1601,1.165,1983,0
TNON.US,5,20251212,215500,1.165,1.17,1.15,1.15,9424,0
TNON.US,5,20251215,153000,1.13,1.1304,1.1201,1.1205,1298,0
TNON.US,5,20251215,153500,1.14,1.14,1.14,1.14,2892,0
TNON.US,5,20251215,154000,1.12,1.12,1.12,1.12,100,0
TNON.US,5,20251215,155000,1.1101,1.1101,1.1101,1.1101,1018,0
TNON.US,5,20251215,160000,1.12,1.12,1.12,1.12,100,0
TNON.US,5,20251215,161000,1.12,1.12,1.12,1.12,890,0
TNON.US,5,20251215,161500,1.1199,1.1199,1.1199,1.1199,100,0
TNON.US,5,20251215,163000,1.12,1.12,1.115,1.12,3296,0
TNON.US,5,20251215,163500,1.11,1.11,1.11,1.11,123,0
TNON.US,5,20251215,170500,1.115,1.115,1.115,1.115,200,0
TNON.US,5,20251215,172000,1.12,1.12,1.12,1.12,101,0
TNON.US,5,20251215,174500,1.1118,1.1118,1.1118,1.1118,400,0
TNON.US,5,20251215,181000,1.11,1.1109,1.11,1.1109,3160,0
TNON.US,5,20251215,184500,1.11,1.11,1.11,1.11,134,0
TNON.US,5,20251215,185000,1.11,1.11,1.11,1.11,3000,0
TNON.US,5,20251215,192000,1.11,1.11,1.11,1.11,500,0
TNON.US,5,20251215,193000,1.12,1.12,1.12,1.12,147,0
TNON.US,5,20251215,194500,1.115,1.12,1.115,1.12,1050,0
TNON.US,5,20251215,200000,1.11,1.11,1.11,1.11,1886,0
TNON.US,5,20251215,202000,1.1055,1.1055,1.1051,1.1051,4518,0
TNON.US,5,20251215,210000,1.105,1.105,1.105,1.105,125,0
TNON.US,5,20251215,210500,1.102,1.102,1.1,1.1,7650,0
TNON.US,5,20251215,215500,1.1,1.1,1.083,1.085,5777,0
TNON.US,5,20251216,153000,1.08,1.08,1.0718,1.0718,2990,0
TNON.US,5,20251216,153500,1.075,1.075,1.07,1.075,1250,0
TNON.US,5,20251216,154000,1.0716,1.0716,1.0716,1.0716,150,0
TNON.US,5,20251216,154500,1.08,1.08,1.08,1.08,793,0
TNON.US,5,20251216,155000,1.0993,1.1019,1.0993,1.1019,1170,0
TNON.US,5,20251216,155500,1.11,1.11,1.11,1.11,100,0
TNON.US,5,20251216,161500,1.105,1.1099,1.105,1.105,2628,0
TNON.US,5,20251216,162500,1.1,1.1,1.1,1.1,818,0
TNON.US,5,20251216,163500,1.11,1.11,1.105,1.105,4805,0
TNON.US,5,20251216,164000,1.105,1.105,1.105,1.105,3044,0
TNON.US,5,20251216,165500,1.1058,1.1058,1.1058,1.1058,1802,0
TNON.US,5,20251216,173000,1.1062,1.1062,1.1062,1.1062,100,0
TNON.US,5,20251216,174000,1.105,1.14,1.105,1.11,15466,0
TNON.US,5,20251216,174500,1.12,1.12,1.12,1.12,1803,0
TNON.US,5,20251216,175500,1.1087,1.1087,1.1087,1.1087,100,0
TNON.US,5,20251216,181000,1.11,1.11,1.1092,1.1092,2000,0
TNON.US,5,20251216,190000,1.107,1.107,1.107,1.107,247,0
TNON.US,5,20251216,192500,1.1053,1.1053,1.1053,1.1053,500,0
TNON.US,5,20251216,193000,1.1043,1.1043,1.1043,1.1043,600,0
TNON.US,5,20251216,193500,1.11,1.11,1.11,1.11,1490,0
TNON.US,5,20251216,194500,1.105,1.105,1.1,1.1,4942,0
TNON.US,5,20251216,202000,1.11,1.11,1.1,1.1,706,0
TNON.US,5,20251216,203000,1.1016,1.1016,1.1016,1.1016,1000,0
TNON.US,5,20251216,211500,1.105,1.105,1.105,1.105,264,0
TNON.US,5,20251216,212000,1.1015,1.1016,1.1015,1.1016,250,0
TNON.US,5,20251216,213500,1.1,1.1,1.1,1.1,1744,0
TNON.US,5,20251216,215000,1.11,1.11,1.11,1.11,100,0
TNON.US,5,20251216,215500,1.1,1.11,1.1,1.1,2666,0
TNON.US,5,20251217,153000,1.13,1.13,1.1,1.105,4913,0
TNON.US,5,20251217,153500,1.1,1.1,1.1,1.1,531,0
TNON.US,5,20251217,160500,1.11,1.11,1.11,1.11,806,0
TNON.US,5,20251217,161000,1.12,1.12,1.12,1.12,250,0
TNON.US,5,20251217,161500,1.1198,1.1198,1.1198,1.1198,2714,0
TNON.US,5,20251217,163000,1.11,1.11,1.11,1.11,534,0
TNON.US,5,20251217,164000,1.112,1.112,1.112,1.112,100,0
TNON.US,5,20251217,164500,1.1107,1.1107,1.1107,1.1107,396,0
TNON.US,5,20251217,165000,1.11,1.115,1.11,1.115,1348,0
TNON.US,5,20251217,165500,1.112,1.115,1.112,1.115,241,0
TNON.US,5,20251217,174000,1.12,1.12,1.12,1.12,100,0
TNON.US,5,20251217,175500,1.1101,1.1101,1.1101,1.1101,4000,0
TNON.US,5,20251217,180000,1.11,1.11,1.11,1.11,300,0
TNON.US,5,20251217,181000,1.11,1.11,1.11,1.11,2381,0
TNON.US,5,20251217,182000,1.1002,1.1002,1.1002,1.1002,300,0
TNON.US,5,20251217,183500,1.1,1.1,1.1,1.1,8100,0
TNON.US,5,20251217,184000,1.095,1.095,1.08,1.08,40223,0
TNON.US,5,20251217,184500,1.095,1.095,1.0801,1.0803,5779,0
TNON.US,5,20251217,191500,1.0801,1.09,1.0801,1.09,1117,0
TNON.US,5,20251217,192000,1.08,1.081,1.08,1.08,2406,0
TNON.US,5,20251217,195000,1.08,1.08,1.08,1.08,5403,0
TNON.US,5,20251217,200500,1.075,1.075,1.07,1.07,4806,0
TNON.US,5,20251217,201000,1.075,1.075,1.075,1.075,5900,0
TNON.US,5,20251217,202000,1.0732,1.0732,1.0732,1.0732,100,0
TNON.US,5,20251217,202500,1.07,1.0701,1.06,1.0601,15555,0
TNON.US,5,20251217,203000,1.0699,1.0699,1.0699,1.0699,356,0
TNON.US,5,20251217,203500,1.065,1.075,1.065,1.07,3362,0
TNON.US,5,20251217,204000,1.07,1.07,1.07,1.07,2494,0
TNON.US,5,20251217,205500,1.07,1.07,1.07,1.07,174,0
TNON.US,5,20251217,210500,1.07,1.07,1.07,1.07,471,0
TNON.US,5,20251217,211500,1.07,1.07,1.07,1.07,400,0
TNON.US,5,20251217,213500,1.06,1.06,1.06,1.06,100,0
TNON.US,5,20251217,215000,1.05,1.0599,1.05,1.059,1339,0
TNON.US,5,20251217,215500,1.06,1.07,1.06,1.07,1031,0
TNON.US,5,20251218,153000,1.11,1.11,1.09,1.09,3500,0
TNON.US,5,20251218,153500,1.0999,1.0999,1.0999,1.0999,500,0
TNON.US,5,20251218,154500,1.09,1.09,1.09,1.09,100,0
TNON.US,5,20251218,155000,1.0807,1.0807,1.0807,1.0807,460,0
TNON.US,5,20251218,161500,1.08,1.08,1.08,1.08,221,0
TNON.US,5,20251218,163500,1.08,1.08,1.08,1.08,199,0
TNON.US,5,20251218,165500,1.08,1.0801,1.07,1.08,4865,0
TNON.US,5,20251218,170500,1.0701,1.0701,1.07,1.07,1014,0
TNON.US,5,20251218,171500,1.075,1.075,1.0745,1.0745,271,0
TNON.US,5,20251218,173000,1.075,1.08,1.075,1.08,1125,0
TNON.US,5,20251218,175000,1.0895,1.0895,1.0895,1.0895,101,0
TNON.US,5,20251218,180500,1.085,1.09,1.085,1.09,1106,0
TNON.US,5,20251218,181000,1.081,1.081,1.081,1.081,318,0
TNON.US,5,20251218,182500,1.0801,1.0825,1.0801,1.0825,415,0
TNON.US,5,20251218,184000,1.09,1.09,1.08,1.08,1900,0
TNON.US,5,20251218,192000,1.0801,1.0838,1.0801,1.0838,400,0
TNON.US,5,20251218,192500,1.086,1.086,1.086,1.086,500,0
TNON.US,5,20251218,194500,1.0801,1.0801,1.0801,1.0801,175,0
TNON.US,5,20251218,200000,1.081,1.081,1.08,1.08,1527,0
TNON.US,5,20251218,200500,1.0715,1.0715,1.0715,1.0715,1273,0
TNON.US,5,20251218,201000,1.0715,1.08,1.0715,1.08,382,0
TNON.US,5,20251218,203000,1.075,1.075,1.075,1.075,100,0
TNON.US,5,20251218,214500,1.075,1.075,1.075,1.075,329,0
TNON.US,5,20251218,215500,1.07,1.075,1.07,1.075,1000,0
TNON.US,5,20251219,153000,1.07,1.07,1.07,1.07,112,0
TNON.US,5,20251219,153500,1.07,1.08,1.07,1.08,850,0
TNON.US,5,20251219,154000,1.08,1.09,1.08,1.09,517,0
TNON.US,5,20251219,160500,1.075,1.0899,1.0749,1.0749,2690,0
TNON.US,5,20251219,161500,1.08,1.08,1.08,1.08,900,0
TNON.US,5,20251219,163000,1.075,1.075,1.075,1.075,607,0
TNON.US,5,20251219,170000,1.08,1.08,1.08,1.08,5000,0
TNON.US,5,20251219,170500,1.08,1.08,1.08,1.08,900,0
TNON.US,5,20251219,172000,1.07,1.07,1.07,1.07,2600,0
TNON.US,5,20251219,173500,1.0736,1.0736,1.0736,1.0736,200,0
TNON.US,5,20251219,174500,1.075,1.075,1.075,1.075,100,0
TNON.US,5,20251219,175000,1.0796,1.0796,1.0796,1.0796,307,0
TNON.US,5,20251219,175500,1.07,1.07,1.07,1.07,100,0
TNON.US,5,20251219,181500,1.0788,1.0788,1.0788,1.0788,1800,0
TNON.US,5,20251219,182500,1.07,1.07,1.07,1.07,500,0
TNON.US,5,20251219,183500,1.08,1.08,1.08,1.08,1605,0
TNON.US,5,20251219,184500,1.07,1.07,1.07,1.07,1500,0
TNON.US,5,20251219,185000,1.07,1.07,1.07,1.07,433,0
TNON.US,5,20251219,185500,1.0601,1.0601,1.0601,1.0601,380,0
TNON.US,5,20251219,190000,1.065,1.07,1.065,1.07,1116,0
TNON.US,5,20251219,191000,1.071,1.08,1.07,1.08,1584,0
TNON.US,5,20251219,192000,1.075,1.08,1.075,1.08,600,0
TNON.US,5,20251219,193500,1.085,1.085,1.085,1.085,100,0
TNON.US,5,20251219,194000,1.09,1.09,1.09,1.09,200,0
TNON.US,5,20251219,195000,1.09,1.09,1.09,1.09,1200,0
TNON.US,5,20251219,204000,1.085,1.085,1.08,1.08,4922,0
TNON.US,5,20251219,205000,1.08,1.08,1.08,1.08,185,0
TNON.US,5,20251219,211000,1.08,1.08,1.07,1.07,1000,0
TNON.US,5,20251219,211500,1.0702,1.075,1.07,1.07,3712,0
TNON.US,5,20251219,212000,1.08,1.08,1.08,1.08,100,0
TNON.US,5,20251219,215000,1.09,1.09,1.08,1.08,7226,0
TNON.US,5,20251219,215500,1.1,1.1,1.09,1.095,6876,0
TNON.US,5,20251222,153000,1.13,1.13,1.1001,1.1001,3129,0
TNON.US,5,20251222,154000,1.1056,1.1056,1.1056,1.1056,1000,0
TNON.US,5,20251222,160000,1.105,1.105,1.1,1.1,1844,0
TNON.US,5,20251222,160500,1.1,1.1,1.09,1.09,6649,0
TNON.US,5,20251222,161500,1.0934,1.0934,1.0934,1.0934,1125,0
TNON.US,5,20251222,162000,1.09,1.09,1.09,1.09,100,0
TNON.US,5,20251222,162500,1.09,1.09,1.09,1.09,100,0
TNON.US,5,20251222,165500,1.0918,1.0918,1.0918,1.0918,350,0
TNON.US,5,20251222,170000,1.0916,1.095,1.0916,1.095,238,0
TNON.US,5,20251222,172000,1.0999,1.0999,1.0989,1.0999,650,0
TNON.US,5,20251222,173500,1.0901,1.0901,1.0901,1.0901,3000,0
TNON.US,5,20251222,174000,1.095,1.095,1.095,1.095,100,0
TNON.US,5,20251222,175000,1.1,1.1,1.095,1.095,300,0
TNON.US,5,20251222,180000,1.095,1.095,1.0902,1.0902,1824,0
TNON.US,5,20251222,181000,1.099,1.099,1.099,1.099,1853,0
TNON.US,5,20251222,181500,1.0986,1.0986,1.0986,1.0986,450,0
TNON.US,5,20251222,182000,1.0944,1.095,1.0944,1.095,200,0
TNON.US,5,20251222,182500,1.0996,1.0996,1.0956,1.0956,459,0
TNON.US,5,20251222,184500,1.095,1.095,1.095,1.095,100,0
TNON.US,5,20251222,185500,1.095,1.095,1.095,1.095,100,0
TNON.US,5,20251222,191500,1.1,1.1,1.095,1.095,2177,0
TNON.US,5,20251222,192000,1.095,1.095,1.095,1.095,100,0
TNON.US,5,20251222,193000,1.1,1.1,1.095,1.095,3600,0
TNON.US,5,20251222,194000,1.0995,1.0995,1.0995,1.0995,155,0
TNON.US,5,20251222,200500,1.1,1.1,1.1,1.1,1467,0
TNON.US,5,20251222,204500,1.1,1.1,1.1,1.1,250,0
TNON.US,5,20251222,205000,1.1,1.1,1.1,1.1,650,0
TNON.US,5,20251222,210500,1.1,1.1,1.0904,1.0904,646,0
TNON.US,5,20251222,214500,1.0972,1.1,1.0972,1.1,341,0
TNON.US,5,20251222,215000,1.1,1.1,1.1,1.1,300,0
TNON.US,5,20251222,215500,1.1,1.1,1.09,1.09,1454,0
TNON.US,5,20251223,153000,1.06,1.0816,1.06,1.0816,4103,0
TNON.US,5,20251223,154000,1.08,1.085,1.08,1.0815,2282,0
TNON.US,5,20251223,154500,1.0816,1.09,1.0814,1.0898,2034,0
TNON.US,5,20251223,155000,1.085,1.085,1.08,1.08,1000,0
TNON.US,5,20251223,155500,1.0804,1.0804,1.07,1.07,3767,0
TNON.US,5,20251223,162000,1.08,1.08,1.08,1.08,614,0
TNON.US,5,20251223,164000,1.07,1.08,1.07,1.07,5242,0
TNON.US,5,20251223,164500,1.0701,1.0701,1.0701,1.0701,500,0
TNON.US,5,20251223,170500,1.075,1.075,1.075,1.075,200,0
TNON.US,5,20251223,173000,1.0701,1.0701,1.0701,1.0701,200,0
TNON.US,5,20251223,173500,1.07,1.07,1.07,1.07,100,0
TNON.US,5,20251223,174000,1.075,1.075,1.075,1.075,139,0
TNON.US,5,20251223,180000,1.0701,1.0701,1.0701,1.0701,310,0
TNON.US,5,20251223,181000,1.075,1.075,1.075,1.075,100,0
TNON.US,5,20251223,181500,1.0713,1.075,1.0713,1.075,3448,0
TNON.US,5,20251223,183000,1.075,1.075,1.075,1.075,100,0
TNON.US,5,20251223,183500,1.0716,1.0716,1.0716,1.0716,126,0
TNON.US,5,20251223,185500,1.07,1.07,1.06,1.06,6407,0
TNON.US,5,20251223,190000,1.07,1.07,1.0601,1.0666,400,0
TNON.US,5,20251223,192000,1.065,1.07,1.065,1.07,1009,0
TNON.US,5,20251223,193000,1.07,1.07,1.07,1.07,490,0
TNON.US,5,20251223,194000,1.065,1.065,1.065,1.065,100,0
TNON.US,5,20251223,195500,1.0614,1.0614,1.0614,1.0614,128,0
TNON.US,5,20251223,201000,1.065,1.065,1.065,1.065,100,0
TNON.US,5,20251223,202000,1.0662,1.07,1.0642,1.065,14333,0
TNON.US,5,20251223,203000,1.0604,1.0604,1.0604,1.0604,155,0
TNON.US,5,20251223,204000,1.08,1.08,1.08,1.08,100,0
TNON.US,5,20251223,204500,1.07,1.07,1.07,1.07,500,0
TNON.US,5,20251223,210500,1.07,1.07,1.07,1.07,200,0
TNON.US,5,20251223,212500,1.06,1.06,1.06,1.06,1090,0
TNON.US,5,20251223,213500,1.0692,1.0692,1.06,1.065,1842,0
TNON.US,5,20251223,215500,1.06,1.06,1.06,1.06,1824,0
TNON.US,5,20251224,153000,1.06,1.06,1.06,1.06,369,0
TNON.US,5,20251224,154500,1.05,1.05,1.045,1.05,3666,0
TNON.US,5,20251224,155500,1.05,1.05,1.05,1.05,480,0
TNON.US,5,20251224,161500,1.055,1.055,1.055,1.055,5250,0
TNON.US,5,20251224,162000,1.0504,1.0599,1.05,1.0599,952,0
TNON.US,5,20251224,163000,1.06,1.06,1.06,1.06,501,0
TNON.US,5,20251224,165000,1.0575,1.06,1.0575,1.06,3045,0
TNON.US,5,20251224,170000,1.06,1.06,1.06,1.06,650,0
TNON.US,5,20251224,171000,1.07,1.07,1.07,1.07,150,0
TNON.US,5,20251224,172000,1.0519,1.0519,1.0519,1.0519,1000,0
TNON.US,5,20251224,174000,1.065,1.065,1.065,1.065,3400,0
TNON.US,5,20251224,180500,1.0616,1.0616,1.0616,1.0616,500,0
TNON.US,5,20251224,183000,1.0617,1.0617,1.0617,1.0617,220,0
TNON.US,5,20251224,185000,1.06,1.065,1.06,1.065,1500,0
TNON.US,5,20251224,190000,1.06,1.06,1.06,1.06,925,0
TNON.US,5,20251226,153000,1.07,1.07,1.0675,1.0675,2114,0
TNON.US,5,20251226,153500,1.06,1.06,1.06,1.06,390,0
TNON.US,5,20251226,155000,1.06,1.06,1.06,1.06,100,0
TNON.US,5,20251226,160000,1.0655,1.0655,1.0655,1.0655,100,0
TNON.US,5,20251226,160500,1.065,1.065,1.065,1.065,200,0
TNON.US,5,20251226,161000,1.07,1.07,1.06,1.06,514,0
TNON.US,5,20251226,161500,1.0612,1.0612,1.0612,1.0612,738,0
TNON.US,5,20251226,162500,1.06,1.06,1.06,1.06,200,0
TNON.US,5,20251226,163000,1.065,1.065,1.065,1.065,2504,0
TNON.US,5,20251226,164000,1.06,1.0617,1.06,1.0617,1435,0
TNON.US,5,20251226,165500,1.06,1.06,1.06,1.06,2470,0
TNON.US,5,20251226,170000,1.0613,1.0613,1.0613,1.0613,700,0
TNON.US,5,20251226,171000,1.0601,1.065,1.0601,1.061,1370,0
TNON.US,5,20251226,172000,1.061,1.061,1.06,1.06,294,0
TNON.US,5,20251226,172500,1.07,1.07,1.065,1.065,4891,0
TNON.US,5,20251226,173500,1.07,1.08,1.07,1.08,558,0
TNON.US,5,20251226,175000,1.06,1.06,1.06,1.06,100,0
TNON.US,5,20251226,175500,1.0693,1.0693,1.0693,1.0693,1000,0
TNON.US,5,20251226,182000,1.06,1.06,1.06,1.06,100,0
TNON.US,5,20251226,184000,1.0601,1.0601,1.0601,1.0601,2941,0
TNON.US,5,20251226,184500,1.061,1.061,1.06,1.06,579,0
TNON.US,5,20251226,185000,1.06,1.07,1.06,1.0656,600,0
TNON.US,5,20251226,185500,1.065,1.065,1.065,1.065,100,0
TNON.US,5,20251226,190500,1.0601,1.0601,1.055,1.055,3470,0
TNON.US,5,20251226,192500,1.055,1.055,1.055,1.055,100,0
TNON.US,5,20251226,193000,1.06,1.06,1.055,1.06,2800,0
TNON.US,5,20251226,193500,1.06,1.06,1.06,1.06,1045,0
TNON.US,5,20251226,194000,1.065,1.065,1.065,1.065,1920,0
TNON.US,5,20251226,194500,1.065,1.065,1.065,1.065,200,0
TNON.US,5,20251226,195500,1.0613,1.0613,1.0613,1.0613,800,0
TNON.US,5,20251226,200000,1.065,1.065,1.065,1.065,100,0
TNON.US,5,20251226,200500,1.0696,1.0696,1.0696,1.0696,121,0
TNON.US,5,20251226,201000,1.07,1.07,1.07,1.07,2336,0
TNON.US,5,20251226,201500,1.06,1.06,1.06,1.06,200,0
TNON.US,5,20251226,203000,1.06,1.06,1.06,1.06,100,0
TNON.US,5,20251226,203500,1.07,1.07,1.07,1.07,500,0
TNON.US,5,20251226,204000,1.07,1.0756,1.07,1.0756,1314,0
TNON.US,5,20251226,210500,1.0701,1.0701,1.0701,1.0701,300,0
TNON.US,5,20251226,211500,1.07,1.07,1.07,1.07,900,0
TNON.US,5,20251226,212500,1.07,1.07,1.07,1.07,528,0
TNON.US,5,20251226,213500,1.07,1.07,1.07,1.07,474,0
TNON.US,5,20251226,215000,1.065,1.07,1.065,1.07,200,0
TNON.US,5,20251226,215500,1.07,1.08,1.07,1.07,2456,0
TNON.US,5,20251229,153000,1.08,1.08,1.08,1.08,4402,0
TNON.US,5,20251229,153500,1.06,1.06,1.06,1.06,600,0
TNON.US,5,20251229,154500,1.07,1.07,1.07,1.07,895,0
TNON.US,5,20251229,155500,1.06,1.06,1.06,1.06,259,0
TNON.US,5,20251229,160000,1.065,1.065,1.05,1.06,1683,0
TNON.US,5,20251229,161000,1.055,1.055,1.05,1.055,6200,0
TNON.US,5,20251229,162000,1.05,1.0501,1.05,1.0501,2600,0
TNON.US,5,20251229,162500,1.0585,1.0585,1.0585,1.0585,110,0
TNON.US,5,20251229,163500,1.0502,1.0502,1.0502,1.0502,300,0
TNON.US,5,20251229,164500,1.0512,1.0512,1.0512,1.0512,300,0
TNON.US,5,20251229,165000,1.0501,1.0501,1.05,1.05,1450,0
TNON.US,5,20251229,170500,1.045,1.045,1.045,1.045,190,0
TNON.US,5,20251229,172000,1.0483,1.0483,1.0483,1.0483,810,0
TNON.US,5,20251229,173500,1.0399,1.04,1.0399,1.04,4100,0
TNON.US,5,20251229,174500,1.04,1.04,1.04,1.04,1000,0
TNON.US,5,20251229,175500,1.0354,1.0354,1.0354,1.0354,100,0
TNON.US,5,20251229,180000,1.0386,1.0386,1.0386,1.0386,1000,0
TNON.US,5,20251229,180500,1.035,1.04,1.035,1.04,6201,0
TNON.US,5,20251229,181000,1.0401,1.0401,1.0401,1.0401,540,0
TNON.US,5,20251229,181500,1.049,1.049,1.049,1.049,458,0
TNON.US,5,20251229,182000,1.045,1.045,1.045,1.045,500,0
TNON.US,5,20251229,183000,1.049,1.049,1.049,1.049,298,0
TNON.US,5,20251229,184000,1.04,1.04,1.0319,1.0319,1300,0
TNON.US,5,20251229,184500,1.035,1.035,1.035,1.035,100,0
TNON.US,5,20251229,185500,1.05,1.05,1.05,1.05,1000,0
TNON.US,5,20251229,190000,1.04,1.04,1.04,1.04,1500,0
TNON.US,5,20251229,191000,1.04,1.04,1.04,1.04,100,0
TNON.US,5,20251229,193000,1.04,1.04,1.04,1.04,905,0
TNON.US,5,20251229,194500,1.04,1.04,1.04,1.04,500,0
TNON.US,5,20251229,195500,1.035,1.035,1.035,1.035,2700,0
TNON.US,5,20251229,200500,1.035,1.035,1.035,1.035,100,0
TNON.US,5,20251229,202000,1.04,1.04,1.04,1.04,800,0
TNON.US,5,20251229,202500,1.035,1.0351,1.03,1.0332,11172,0
TNON.US,5,20251229,203000,1.03,1.03,1.03,1.03,1176,0
TNON.US,5,20251229,204000,1.03,1.03,1.03,1.03,1350,0
TNON.US,5,20251229,204500,1.0202,1.03,1.0202,1.03,2675,0
TNON.US,5,20251229,205000,1.0376,1.0376,1.02,1.02,200,0
TNON.US,5,20251229,210500,1.025,1.025,1.025,1.025,100,0
TNON.US,5,20251229,211500,1.028,1.028,1.028,1.028,100,0
TNON.US,5,20251229,212000,1.0289,1.0289,1.025,1.025,400,0
TNON.US,5,20251229,212500,1.0256,1.0256,1.025,1.025,5700,0
TNON.US,5,20251229,213000,1.021,1.025,1.021,1.025,320,0
TNON.US,5,20251229,213500,1.028,1.028,1.025,1.025,2300,0
TNON.US,5,20251229,214000,1.02,1.02,1.02,1.02,100,0
TNON.US,5,20251229,214500,1.02,1.02,1.02,1.02,100,0
TNON.US,5,20251229,215000,1.02,1.02,1.02,1.02,358,0
TNON.US,5,20251229,215500,1.025,1.03,1.025,1.03,1652,0
TNON.US,5,20251230,153000,1.01,1.025,1.01,1.02,3580,0
TNON.US,5,20251230,154000,1.025,1.025,1.02,1.02,1095,0
TNON.US,5,20251230,154500,1.02,1.0218,1.02,1.0218,3659,0
TNON.US,5,20251230,155000,1.0299,1.0299,1.0299,1.0299,1000,0
TNON.US,5,20251230,155500,1.026,1.026,1.02,1.02,2840,0
TNON.US,5,20251230,160000,1.025,1.025,1.025,1.025,100,0
TNON.US,5,20251230,161000,1.025,1.025,1.025,1.025,100,0
TNON.US,5,20251230,170000,1.025,1.03,1.025,1.03,795,0
TNON.US,5,20251230,171500,1.0287,1.0287,1.0287,1.0287,400,0
TNON.US,5,20251230,172000,1.025,1.03,1.025,1.03,700,0
TNON.US,5,20251230,172500,1.0299,1.0299,1.0299,1.0299,1340,0
TNON.US,5,20251230,175000,1.0227,1.0227,1.0227,1.0227,1000,0
TNON.US,5,20251230,175500,1.025,1.025,1.02,1.02,543,0
TNON.US,5,20251230,180000,1.0234,1.0234,1.015,1.02,6391,0
TNON.US,5,20251230,181500,1.02,1.02,1.0199,1.0199,1273,0
TNON.US,5,20251230,182000,1.015,1.015,1.0125,1.0125,700,0
TNON.US,5,20251230,182500,1.02,1.02,1.015,1.015,2400,0
TNON.US,5,20251230,183000,1.019,1.019,1.019,1.019,249,0
TNON.US,5,20251230,184000,1.01,1.01,1.01,1.01,801,0
TNON.US,5,20251230,185000,1.015,1.02,1.015,1.02,1100,0
TNON.US,5,20251230,190500,1.01,1.015,1,1,22727,0
TNON.US,5,20251230,191000,1.0039,1.005,1,1.005,7664,0
TNON.US,5,20251230,191500,1.0037,1.005,1.0027,1.0027,5500,0
TNON.US,5,20251230,192000,1.005,1.005,1,1,1941,0
TNON.US,5,20251230,192500,0.9992,0.9992,0.9992,0.9992,1000,0
TNON.US,5,20251230,193500,1,1,1,1,2500,0
TNON.US,5,20251230,194000,1,1,1,1,100,0
TNON.US,5,20251230,195000,1,1,1,1,100,0
TNON.US,5,20251230,195500,1,1.0051,0.996,0.996,1910,0
TNON.US,5,20251230,200000,0.9935,0.9935,0.9847,0.986,5600,0
TNON.US,5,20251230,201000,0.9904,0.990451,0.9904,0.990451,1500,0
TNON.US,5,20251230,202500,0.9915,0.9915,0.9915,0.9915,400,0
TNON.US,5,20251230,203500,0.99,0.99,0.99,0.99,397,0
TNON.US,5,20251230,204000,0.987,0.9885,0.9863,0.9885,620,0
TNON.US,5,20251230,204500,0.986,0.986,0.986,0.986,101,0
TNON.US,5,20251230,205000,0.986,1,0.986,1,533,0
TNON.US,5,20251230,205500,0.986,1,0.986,1,250,0
TNON.US,5,20251230,210000,0.986,0.9885,0.986,0.9885,200,0
TNON.US,5,20251230,211000,0.986,0.986,0.986,0.986,100,0
TNON.US,5,20251230,211500,0.9916,0.9916,0.986,0.986,200,0
TNON.US,5,20251230,212000,0.986,0.993,0.986,0.993,400,0
TNON.US,5,20251230,212500,0.986,0.993,0.986,0.993,340,0
TNON.US,5,20251230,213000,0.993,0.993,0.991,0.991,451,0
TNON.US,5,20251230,214500,0.9901,0.9901,0.9901,0.9901,100,0
TNON.US,5,20251230,215500,0.993,0.993,0.986,0.986,402,0
TNON.US,5,20251231,153500,1.01,1.014,1.01,1.014,2000,0
TNON.US,5,20251231,154500,1.01,1.01,1.01,1.01,700,0
TNON.US,5,20251231,155000,1.01,1.01,1.01,1.01,200,0
TNON.US,5,20251231,160000,1.01,1.01,1,1,2313,0
TNON.US,5,20251231,160500,0.9929,0.993,0.99,0.990359,1822,0
TNON.US,5,20251231,161500,0.99,0.99,0.986,0.986,2608,0
TNON.US,5,20251231,162000,0.9856,0.9856,0.9855,0.9855,2173,0
TNON.US,5,20251231,162500,0.9851,0.9851,0.985,0.985,1200,0
TNON.US,5,20251231,163000,0.985,0.9851,0.985,0.985099,4416,0
TNON.US,5,20251231,163500,0.985035,0.985035,0.985,0.985,600,0
TNON.US,5,20251231,165000,0.9851,0.9851,0.9851,0.9851,450,0
TNON.US,5,20251231,170000,0.985,0.985001,0.985,0.985,9883,0
TNON.US,5,20251231,171000,0.985,0.98505,0.985,0.985,3711,0
TNON.US,5,20251231,172000,0.985,0.985,0.967,0.9675,30704,0
TNON.US,5,20251231,172500,0.9749,0.9756,0.9749,0.9756,2842,0
TNON.US,5,20251231,173500,0.9799,0.9799,0.9799,0.9799,1000,0
TNON.US,5,20251231,174500,0.9757,0.9757,0.9757,0.9757,200,0
TNON.US,5,20251231,175000,0.9757,0.9757,0.9757,0.9757,396,0
TNON.US,5,20251231,175500,0.9778,0.9778,0.9778,0.9778,500,0
TNON.US,5,20251231,180000,0.9756,0.9756,0.9756,0.9756,604,0
TNON.US,5,20251231,180500,0.975,0.9757,0.9701,0.9701,10954,0
TNON.US,5,20251231,181000,0.97,0.9703,0.965,0.97,14637,0
TNON.US,5,20251231,181500,0.965,0.97,0.965,0.97,2980,0
TNON.US,5,20251231,182500,0.9696,0.9699,0.9696,0.9699,449,0
TNON.US,5,20251231,183000,0.9663,0.969,0.9663,0.969,1100,0
TNON.US,5,20251231,183500,0.9699,0.9699,0.9699,0.9699,230,0
TNON.US,5,20251231,184500,0.9699,0.9699,0.9653,0.9654,22938,0
TNON.US,5,20251231,185000,0.9654,0.9655,0.9654,0.9655,1100,0
TNON.US,5,20251231,190000,0.9618,0.9624,0.9605,0.9609,800,0
TNON.US,5,20251231,191000,0.9624,0.9624,0.9602,0.9606,2058,0
TNON.US,5,20251231,191500,0.965,0.965,0.9602,0.9602,300,0
TNON.US,5,20251231,200500,0.966,0.9697,0.966,0.9697,969,0
TNON.US,5,20251231,202000,0.9621,0.9621,0.9621,0.9621,100,0
TNON.US,5,20251231,204000,0.9621,0.9621,0.9621,0.9621,100,0
TNON.US,5,20251231,205000,0.9621,0.9621,0.9621,0.9621,140,0
TNON.US,5,20251231,210500,0.9625,0.9625,0.9625,0.9625,1000,0
TNON.US,5,20251231,211000,0.9602,0.9602,0.95,0.9501,13217,0
TNON.US,5,20251231,211500,0.95005,0.95005,0.95005,0.95005,100,0
TNON.US,5,20251231,212000,0.95,0.9501,0.95,0.9501,2218,0
TNON.US,5,20251231,214000,0.9501,0.9501,0.9308,0.9343,32647,0
TNON.US,5,20251231,214500,0.9303,0.938,0.93,0.938,6250,0
TNON.US,5,20251231,215000,0.93405,0.93405,0.93405,0.93405,288,0
TNON.US,5,20251231,215500,0.938,0.9698,0.938,0.9515,4820,0
TNON.US,5,20260102,153000,0.94,0.952,0.94,0.952,2479,0
TNON.US,5,20260102,155000,0.9785,0.9785,0.9785,0.9785,150,0
TNON.US,5,20260102,160000,0.962,0.9927,0.9619,0.976,3735,0
TNON.US,5,20260102,162000,0.962,0.9621,0.962,0.962,980,0
TNON.US,5,20260102,164000,0.9636,0.9636,0.9599,0.96,5643,0
TNON.US,5,20260102,170500,0.9775,0.9775,0.9617,0.9617,500,0
TNON.US,5,20260102,173500,0.9688,1,0.9688,1,7958,0
TNON.US,5,20260102,174000,0.99,0.994828,0.99,0.994828,1441,0
TNON.US,5,20260102,181000,0.9931,0.995,0.9806,0.9934,1290,0
TNON.US,5,20260102,182500,0.9899,0.9899,0.9899,0.9899,350,0
TNON.US,5,20260102,184500,0.9783,0.9783,0.9783,0.9783,2536,0
TNON.US,5,20260102,191500,0.99,0.99,0.99,0.99,15000,0
TNON.US,5,20260102,194000,0.9881,0.9881,0.9881,0.9881,152,0
TNON.US,5,20260102,195000,0.97,0.97,0.97,0.97,1012,0
TNON.US,5,20260102,202000,0.9709,0.9709,0.9709,0.9709,100,0
TNON.US,5,20260102,205000,0.98045,0.98045,0.9709,0.9725,3947,0
TNON.US,5,20260102,205500,0.98,0.98,0.9684,0.97,3412,0
TNON.US,5,20260102,212500,0.9701,0.9701,0.9701,0.9701,100,0
TNON.US,5,20260102,214500,0.974,0.974,0.974,0.974,500,0
TNON.US,5,20260102,215000,0.9739,0.974,0.97005,0.9701,3198,0
TNON.US,5,20260102,215500,0.974,0.974,0.973,0.974,5607,0
TNON.US,5,20260105,153000,0.93,0.9605,0.93,0.9512,66355,0
TNON.US,5,20260105,153500,0.96,0.98,0.96,0.98,3295,0
TNON.US,5,20260105,154000,0.9871,0.99,0.979,0.9895,3262,0
TNON.US,5,20260105,154500,0.9896,0.99,0.9896,0.99,2400,0
TNON.US,5,20260105,155000,0.99,0.99,0.99,0.99,700,0
TNON.US,5,20260105,155500,0.9899,0.99,0.98,0.99,4546,0
TNON.US,5,20260105,160000,0.99,0.99,0.99,0.99,765,0
TNON.US,5,20260105,161000,0.989,0.989,0.98505,0.98505,409,0
TNON.US,5,20260105,162500,0.9897,0.99,0.9896,0.99,2399,0
TNON.US,5,20260105,163000,0.975,0.97575,0.975,0.975,727,0
TNON.US,5,20260105,163500,0.975,0.975,0.975,0.975,1300,0
TNON.US,5,20260105,165500,0.975,0.975,0.97495,0.97495,702,0
TNON.US,5,20260105,170500,0.975,0.975,0.975,0.975,275,0
TNON.US,5,20260105,173000,0.985365,0.985365,0.985365,0.985365,700,0
TNON.US,5,20260105,173500,0.97,0.97,0.97,0.97,172,0
TNON.US,5,20260105,181000,0.97,0.97,0.97,0.97,500,0
TNON.US,5,20260105,185000,0.9702,0.9705,0.97,0.97,600,0
TNON.US,5,20260105,191000,0.98,0.9899,0.98,0.9899,695,0
TNON.US,5,20260105,200000,0.9774,0.9774,0.9774,0.9774,100,0
TNON.US,5,20260105,203000,0.9774,0.98,0.9774,0.98,200,0
TNON.US,5,20260105,205000,0.97505,0.97505,0.97505,0.97505,120,0
TNON.US,5,20260105,205500,0.9704,0.9724,0.9701,0.9721,1037,0
TNON.US,5,20260105,210500,0.9724,0.9724,0.97,0.9711,1597,0
TNON.US,5,20260105,211500,0.9706,0.9711,0.9706,0.9711,550,0
TNON.US,5,20260105,212000,0.97055,0.97055,0.97055,0.97055,150,0
TNON.US,5,20260105,213000,0.9706,0.9711,0.9703,0.9703,2550,0
TNON.US,5,20260105,213500,0.9706,0.9706,0.970205,0.970205,698,0
TNON.US,5,20260105,214500,0.9702,0.9702,0.9701,0.9702,2860,0
TNON.US,5,20260105,215000,0.97015,0.9702,0.9701,0.9702,802,0
TNON.US,5,20260105,215500,0.9705,0.9732,0.9307,0.932,21012,0
TNON.US,5,20260106,153000,0.9571,0.97,0.9571,0.9571,805,0
TNON.US,5,20260106,154500,0.9571,0.9572,0.9571,0.9572,290,0
TNON.US,5,20260106,160000,0.9665,0.9778,0.9665,0.9778,10705,0
TNON.US,5,20260106,160500,0.976,0.9778,0.976,0.9778,1135,0
TNON.US,5,20260106,162000,0.9782,0.98,0.9778,0.98,6150,0
TNON.US,5,20260106,162500,0.9778,0.98,0.9778,0.98,1200,0
TNON.US,5,20260106,165000,0.985,0.985,0.9823,0.9823,1200,0
TNON.US,5,20260106,165500,0.9822,0.9822,0.9822,0.9822,300,0
TNON.US,5,20260106,170500,0.99,0.99,0.99,0.99,800,0
TNON.US,5,20260106,171000,0.99,0.99,0.98,0.98,310,0
TNON.US,5,20260106,174000,0.9904,0.99505,0.9904,0.99505,555,0
TNON.US,5,20260106,175000,0.99505,0.99505,0.99505,0.99505,200,0
TNON.US,5,20260106,180500,0.995,0.995,0.995,0.995,1182,0
TNON.US,5,20260106,181500,1,1,1,1,5000,0
TNON.US,5,20260106,182000,1,1,1,1,593,0
TNON.US,5,20260106,182500,1.0244,1.0244,1.0244,1.0244,100,0
TNON.US,5,20260106,183000,1.024,1.024,1.015,1.015,10100,0
TNON.US,5,20260106,183500,1.0104,1.0104,1.0104,1.0104,225,0
TNON.US,5,20260106,185000,1.02,1.02,1.02,1.02,1000,0
TNON.US,5,20260106,185500,1.02,1.02,1.02,1.02,311,0
TNON.US,5,20260106,190000,1.02,1.02,1.02,1.02,3223,0
TNON.US,5,20260106,191000,1.0198,1.02,1.01,1.02,1491,0
TNON.US,5,20260106,191500,1.01,1.01,1.01,1.01,366,0
TNON.US,5,20260106,202000,1.01,1.0101,1.005,1.005,12151,0
TNON.US,5,20260106,203500,1,1,1,1,800,0
TNON.US,5,20260106,204000,0.996,0.996,0.996,0.996,435,0
TNON.US,5,20260106,205000,0.9991,0.9991,0.9991,0.9991,300,0
TNON.US,5,20260106,210000,1.0095,1.0095,1.0095,1.0095,1500,0
TNON.US,5,20260106,210500,1.0095,1.0095,1.0095,1.0095,1000,0
TNON.US,5,20260106,214000,1,1,1,1,100,0
TNON.US,5,20260106,215500,1.01,1.01,1,1,703,0
TNON.US,5,20260107,153000,0.9983,0.9983,0.9983,0.9983,149,0
TNON.US,5,20260107,153500,0.9896,0.999,0.9896,0.9896,1352,0
TNON.US,5,20260107,155000,0.9899,0.9918,0.9899,0.9918,1150,0
TNON.US,5,20260107,155500,0.9996,1,0.9996,1,10336,0
TNON.US,5,20260107,160500,1.005,1.005,1,1.0002,300,0
TNON.US,5,20260107,161000,1.01,1.01,1.01,1.01,230,0
TNON.US,5,20260107,161500,1.01,1.02,1.01,1.02,2798,0
TNON.US,5,20260107,162000,1.01,1.01,1.01,1.01,460,0
TNON.US,5,20260107,163000,1.0199,1.0199,1.0199,1.0199,100,0
TNON.US,5,20260107,170000,1.02,1.02,1.02,1.02,700,0
TNON.US,5,20260107,171000,1,1,1,1,115,0
TNON.US,5,20260107,175500,1.02,1.02,1.02,1.02,4506,0
TNON.US,5,20260107,180000,1.02,1.02,1.02,1.02,1200,0
TNON.US,5,20260107,181500,1.02,1.02,1.02,1.02,5000,0
TNON.US,5,20260107,183000,1.0102,1.0102,1.0102,1.0102,381,0
TNON.US,5,20260107,184500,1.015,1.0188,1.015,1.0188,656,0
TNON.US,5,20260107,185000,1.02,1.02,1.02,1.02,2944,0
TNON.US,5,20260107,190000,1.02,1.02,1.02,1.02,1000,0
TNON.US,5,20260107,192000,1.01,1.01,1.005,1.0063,2031,0
TNON.US,5,20260107,192500,1.02,1.02,1.015,1.015,520,0
TNON.US,5,20260107,195000,1.03,1.03,1.02,1.02,6900,0
TNON.US,5,20260107,195500,1.03,1.03,1.03,1.03,200,0
TNON.US,5,20260107,200000,1.015,1.015,1.01,1.015,500,0
TNON.US,5,20260107,200500,1.0138,1.015,1.0138,1.015,500,0
TNON.US,5,20260107,202500,1.01,1.0109,1.01,1.0109,1100,0
TNON.US,5,20260107,204000,1.01,1.01,1.01,1.01,1400,0
TNON.US,5,20260107,204500,1.01,1.01,1.01,1.01,696,0
TNON.US,5,20260107,212000,1.01,1.01,1,1,1379,0
TNON.US,5,20260107,212500,1.0001,1.0001,1.0001,1.0001,101,0
TNON.US,5,20260107,213000,1.002,1.002,1.002,1.002,280,0
TNON.US,5,20260107,214000,1,1,1,1,100,0
TNON.US,5,20260107,214500,1.002,1.0043,1,1.0043,900,0
TNON.US,5,20260107,215500,1.0175,1.0175,1,1.01,589,0
TNON.US,5,20260108,153000,1.01,1.01,1.01,1.01,141,0
TNON.US,5,20260108,154500,1.02,1.029,1.02,1.029,1173,0
TNON.US,5,20260108,155000,1.02,1.02,1.02,1.02,500,0
TNON.US,5,20260108,163000,1.0201,1.0201,1.0201,1.0201,500,0
TNON.US,5,20260108,164000,1.02,1.02,1.02,1.02,100,0
TNON.US,5,20260108,164500,1.02,1.02,1.015,1.02,1735,0
TNON.US,5,20260108,165000,1.0212,1.0212,1.0212,1.0212,175,0
TNON.US,5,20260108,165500,1.02,1.02,1.02,1.02,900,0
TNON.US,5,20260108,170000,1.015,1.015,1.015,1.015,1600,0
TNON.US,5,20260108,173000,1.01,1.01,1.01,1.01,100,0
TNON.US,5,20260108,175000,1.0117,1.0117,1.0117,1.0117,500,0
TNON.US,5,20260108,180500,1.02,1.02,1.02,1.02,2500,0
TNON.US,5,20260108,182500,1.015,1.015,1.015,1.015,100,0
TNON.US,5,20260108,183500,1.01,1.01,1.01,1.01,2100,0
TNON.US,5,20260108,194000,1.01,1.01,1,1,7550,0
TNON.US,5,20260108,194500,1,1,1,1,100,0
TNON.US,5,20260108,195500,1,1,1,1,100,0
TNON.US,5,20260108,200500,1,1.0001,1,1.0001,700,0
TNON.US,5,20260108,201000,1.005,1.005,1.005,1.005,250,0
TNON.US,5,20260108,201500,1.0001,1.0001,1.0001,1.0001,125,0
TNON.US,5,20260108,203000,1.0004,1.0004,1.0004,1.0004,100,0
TNON.US,5,20260108,203500,1.0097,1.0097,1,1,666,0
TNON.US,5,20260108,204500,1.0018,1.0018,1.0018,1.0018,160,0
TNON.US,5,20260108,214000,1,1,1,1,637,0
TNON.US,5,20260108,215500,1.01,1.01,1,1,2054,0
