<TICKER>,<PER>,<DATE>,<TIME>,<OPEN>,<HIGH>,<LOW>,<CLOSE>,<VOL>,<OPENINT>
TROO.US,5,20250813,153000,0.8079,0.8079,0.7842,0.8001,8620,0
TROO.US,5,20250813,153500,0.78905,0.79289,0.77,0.77,9652,0
TROO.US,5,20250813,154000,0.7738,0.8088,0.77,0.8088,2326,0
TROO.US,5,20250813,154500,0.789501,0.789501,0.78,0.7802,1863,0
TROO.US,5,20250813,155000,0.7957,0.8329,0.7957,0.8329,20337,0
TROO.US,5,20250813,155500,0.8077,0.8115,0.7972,0.8115,15333,0
TROO.US,5,20250813,160500,0.8296,0.8296,0.8296,0.8296,300,0
TROO.US,5,20250813,161000,0.8296,0.8296,0.8296,0.8296,514,0
TROO.US,5,20250813,161500,0.7901,0.7901,0.7901,0.7901,250,0
TROO.US,5,20250813,162500,0.7901,0.7901,0.7901,0.7901,359,0
TROO.US,5,20250813,163500,0.8001,0.8001,0.78,0.78,28143,0
TROO.US,5,20250813,164500,0.7902,0.7902,0.79,0.7902,20080,0
TROO.US,5,20250813,165000,0.79,0.8152,0.7805,0.7805,1320,0
TROO.US,5,20250813,165500,0.8151,0.8152,0.8151,0.8151,400,0
TROO.US,5,20250813,170500,0.8151,0.8151,0.8151,0.8151,400,0
TROO.US,5,20250813,171000,0.8151,0.8151,0.8151,0.8151,499,0
TROO.US,5,20250813,171500,0.79,0.791,0.7804,0.7804,39671,0
TROO.US,5,20250813,172000,0.823,0.823,0.823,0.823,100,0
TROO.US,5,20250813,172500,0.79,0.79,0.7899,0.7899,11100,0
TROO.US,5,20250813,173500,0.8396,0.8396,0.781,0.781,1171,0
TROO.US,5,20250813,175000,0.7902,0.84,0.7902,0.8034,6340,0
TROO.US,5,20250813,181000,0.8036,0.8036,0.7817,0.782,51093,0
TROO.US,5,20250813,181500,0.8003,0.8004,0.8003,0.8004,1364,0
TROO.US,5,20250813,182000,0.8003,0.8003,0.8003,0.8003,100,0
TROO.US,5,20250813,184000,0.82,0.82,0.8,0.8,3100,0
TROO.US,5,20250813,190500,0.8001,0.8001,0.8001,0.8001,370,0
TROO.US,5,20250813,201000,0.8003,0.8004,0.8003,0.8004,300,0
TROO.US,5,20250813,203000,0.82025,0.84,0.8005,0.8005,6600,0
TROO.US,5,20250813,204000,0.8005,0.8005,0.8005,0.8005,100,0
TROO.US,5,20250813,205500,0.8005,0.8005,0.8005,0.8005,200,0
TROO.US,5,20250813,212000,0.803,0.8091,0.7817,0.8091,14160,0
TROO.US,5,20250813,212500,0.8115,0.8115,0.783,0.783,2410,0
TROO.US,5,20250813,213000,0.82,0.82,0.82,0.82,100,0
TROO.US,5,20250813,215500,0.8053,0.8288,0.8053,0.8288,200,0
TROO.US,5,20250814,153000,0.8039,0.8277,0.78849,0.78849,8300,0
TROO.US,5,20250814,155000,0.7847,0.7847,0.78,0.7804,1529,0
TROO.US,5,20250814,160000,0.79758,0.79758,0.7901,0.7901,509,0
TROO.US,5,20250814,163500,0.7902,0.7902,0.7902,0.7902,320,0
TROO.US,5,20250814,164500,0.8095,0.8095,0.8095,0.8095,222,0
TROO.US,5,20250814,165500,0.7912,0.8043,0.7912,0.8043,1000,0
TROO.US,5,20250814,180500,0.81653,0.81653,0.81,0.81,350,0
TROO.US,5,20250814,182500,0.81,0.81,0.8,0.8,469,0
TROO.US,5,20250814,185000,0.8093,0.8093,0.8093,0.8093,1704,0
TROO.US,5,20250814,193000,0.8299,0.8299,0.8299,0.8299,100,0
TROO.US,5,20250814,194000,0.8299,0.8299,0.8299,0.8299,3000,0
TROO.US,5,20250814,200000,0.815,0.820326,0.815,0.820326,246,0
TROO.US,5,20250814,201500,0.8298,0.8298,0.8298,0.8298,125,0
TROO.US,5,20250814,204000,0.8298,0.8298,0.8298,0.8298,100,0
TROO.US,5,20250814,210000,0.8,0.8107,0.8,0.8,1100,0
TROO.US,5,20250814,212000,0.800101,0.800101,0.800101,0.800101,115,0
TROO.US,5,20250814,214000,0.822,0.822,0.822,0.822,200,0
TROO.US,5,20250814,214500,0.8298,0.8298,0.8298,0.8298,200,0
TROO.US,5,20250814,215500,0.82,0.82,0.8002,0.8137,3197,0
TROO.US,5,20250815,153000,0.84,0.84,0.801325,0.801325,4489,0
TROO.US,5,20250815,153500,0.795,0.795,0.7791,0.783,7219,0
TROO.US,5,20250815,154500,0.81,0.8191,0.7998,0.8188,5300,0
TROO.US,5,20250815,155000,0.8188,0.8188,0.8188,0.8188,107,0
TROO.US,5,20250815,155500,0.819,0.819,0.819,0.819,914,0
TROO.US,5,20250815,160000,0.8192,0.8192,0.8192,0.8192,200,0
TROO.US,5,20250815,161500,0.8247,0.8247,0.8247,0.8247,500,0
TROO.US,5,20250815,162500,0.834499,0.8665,0.834499,0.866498,26700,0
TROO.US,5,20250815,163000,0.8664,0.9199,0.8543,0.887719,69930,0
TROO.US,5,20250815,163500,0.8907,0.8907,0.8907,0.8907,200,0
TROO.US,5,20250815,165000,0.877745,0.8907,0.877745,0.8907,427,0
TROO.US,5,20250815,170000,0.861193,0.88,0.7895,0.79,31507,0
TROO.US,5,20250815,173000,0.852089,0.852089,0.852089,0.852089,1400,0
TROO.US,5,20250815,174500,0.815946,0.815946,0.815946,0.815946,1400,0
TROO.US,5,20250815,175000,0.8252,0.8252,0.8252,0.8252,770,0
TROO.US,5,20250815,181500,0.849,0.849,0.849,0.849,100,0
TROO.US,5,20250815,182000,0.8,0.8,0.8,0.8,100,0
TROO.US,5,20250815,183000,0.8317,0.8317,0.8317,0.8317,100,0
TROO.US,5,20250815,191000,0.802,0.808,0.8,0.8,41403,0
TROO.US,5,20250815,191500,0.8242,0.8242,0.824,0.824,200,0
TROO.US,5,20250815,192000,0.831619,0.831619,0.8001,0.8001,520,0
TROO.US,5,20250815,192500,0.839614,0.839614,0.839614,0.839614,1000,0
TROO.US,5,20250815,194000,0.8467,0.8467,0.8467,0.8467,120,0
TROO.US,5,20250815,195000,0.8173,0.824,0.8173,0.824,1380,0
TROO.US,5,20250815,195500,0.813192,0.813192,0.813192,0.813192,100,0
TROO.US,5,20250815,204000,0.8101,0.8101,0.8101,0.8101,100,0
TROO.US,5,20250815,204500,0.849999,0.849999,0.849999,0.849999,245,0
TROO.US,5,20250815,205500,0.81,0.8249,0.81,0.8249,200,0
TROO.US,5,20250815,212000,0.8283,0.8283,0.825,0.825,200,0
TROO.US,5,20250815,213500,0.825,0.825,0.825,0.825,100,0
TROO.US,5,20250815,215000,0.8252,0.8252,0.8252,0.8252,100,0
TROO.US,5,20250815,215500,0.8398,0.849,0.839,0.849,532,0
TROO.US,5,20250818,153000,0.834,0.844,0.825,0.8439,6653,0
TROO.US,5,20250818,154500,0.8413,0.8413,0.8413,0.8413,466,0
TROO.US,5,20250818,155000,0.84,0.84,0.84,0.84,673,0
TROO.US,5,20250818,160500,0.841249,0.841249,0.825,0.825,906,0
TROO.US,5,20250818,161500,0.852213,0.852213,0.852213,0.852213,1200,0
TROO.US,5,20250818,162000,0.84,0.84,0.84,0.84,488,0
TROO.US,5,20250818,164000,0.83,0.83,0.83,0.83,400,0
TROO.US,5,20250818,164500,0.84,0.86,0.82,0.86,5947,0
TROO.US,5,20250818,165500,0.864,0.87,0.861096,0.87,3882,0
TROO.US,5,20250818,170000,0.8476,0.87,0.8476,0.87,1495,0
TROO.US,5,20250818,171000,0.8475,0.8475,0.8273,0.8273,8024,0
TROO.US,5,20250818,175000,0.833,0.85999,0.833,0.85999,300,0
TROO.US,5,20250818,180000,0.833,0.833,0.833,0.833,100,0
TROO.US,5,20250818,183000,0.8476,0.8476,0.8476,0.8476,100,0
TROO.US,5,20250818,191500,0.86,0.86,0.8476,0.8476,582,0
TROO.US,5,20250818,192500,0.8414,0.8414,0.833,0.833,723,0
TROO.US,5,20250818,193500,0.833,0.833,0.833,0.833,100,0
TROO.US,5,20250818,203000,0.839076,0.839076,0.839076,0.839076,300,0
TROO.US,5,20250818,204500,0.833,0.833,0.833,0.833,1010,0
TROO.US,5,20250818,205000,0.854473,0.854473,0.8273,0.8273,1500,0
TROO.US,5,20250818,212000,0.82,0.8332,0.8065,0.8332,1026,0
TROO.US,5,20250818,212500,0.8332,0.8332,0.8332,0.8332,125,0
TROO.US,5,20250818,214000,0.8101,0.8101,0.8101,0.8101,100,0
TROO.US,5,20250818,215000,0.8374,0.8374,0.8374,0.8374,258,0
TROO.US,5,20250818,215500,0.8397,0.85,0.8397,0.85,800,0
TROO.US,5,20250819,153000,0.845,0.845,0.8106,0.8106,600,0
TROO.US,5,20250819,153500,0.8499,0.8499,0.8499,0.8499,700,0
TROO.US,5,20250819,154500,0.8115,0.8141,0.8115,0.8141,400,0
TROO.US,5,20250819,155000,0.8499,0.8499,0.8151,0.8151,1200,0
TROO.US,5,20250819,155500,0.8172,0.8172,0.8171,0.8171,1938,0
TROO.US,5,20250819,160000,0.839447,0.839447,0.839447,0.839447,100,0
TROO.US,5,20250819,161500,0.8171,0.8171,0.8171,0.8171,200,0
TROO.US,5,20250819,162500,0.842917,0.842917,0.8171,0.8171,1422,0
TROO.US,5,20250819,163000,0.8204,0.84,0.8204,0.84,250,0
TROO.US,5,20250819,163500,0.849,0.87,0.849,0.87,60908,0
TROO.US,5,20250819,164000,0.87,0.9,0.87,0.889951,10825,0
TROO.US,5,20250819,164500,0.89899,0.899,0.89,0.89,3431,0
TROO.US,5,20250819,165000,0.8745,0.8745,0.8745,0.8745,100,0
TROO.US,5,20250819,165500,0.898,0.898,0.898,0.898,1200,0
TROO.US,5,20250819,170000,0.8863,0.8863,0.8863,0.8863,2000,0
TROO.US,5,20250819,170500,0.8863,0.8863,0.8863,0.8863,100,0
TROO.US,5,20250819,171000,0.8863,0.8863,0.8863,0.8863,1121,0
TROO.US,5,20250819,172000,0.8745,0.8803,0.87,0.8802,5000,0
TROO.US,5,20250819,182000,0.8417,0.851,0.8417,0.851,300,0
TROO.US,5,20250819,184500,0.8301,0.8301,0.8301,0.8301,5000,0
TROO.US,5,20250819,185000,0.86,0.86,0.86,0.86,682,0
TROO.US,5,20250819,190000,0.86,0.86,0.86,0.86,250,0
TROO.US,5,20250819,190500,0.8346,0.83806,0.8346,0.83806,400,0
TROO.US,5,20250819,191000,0.8313,0.8405,0.8313,0.8405,2000,0
TROO.US,5,20250819,192500,0.85,0.85,0.85,0.85,500,0
TROO.US,5,20250819,193500,0.85,0.8557,0.844,0.844,2079,0
TROO.US,5,20250819,194000,0.844,0.844,0.844,0.844,233,0
TROO.US,5,20250819,195000,0.844,0.844,0.844,0.844,100,0
TROO.US,5,20250819,200000,0.8557,0.8557,0.8557,0.8557,100,0
TROO.US,5,20250819,201000,0.856,0.856,0.856,0.856,100,0
TROO.US,5,20250819,201500,0.8402,0.8402,0.8402,0.8402,125,0
TROO.US,5,20250819,211000,0.8313,0.8313,0.8313,0.8313,10000,0
TROO.US,5,20250819,212000,0.8557,0.8557,0.8538,0.8557,800,0
TROO.US,5,20250819,213500,0.8301,0.8551,0.8301,0.8551,2100,0
TROO.US,5,20250819,214000,0.83,0.8551,0.83,0.851,6171,0
TROO.US,5,20250819,214500,0.8379,0.8379,0.8379,0.8379,100,0
TROO.US,5,20250819,215000,0.8691,0.8691,0.8691,0.8691,500,0
TROO.US,5,20250819,215500,0.8695,0.8695,0.85,0.85,3366,0
TROO.US,5,20250820,153000,0.87,0.87,0.87,0.87,461,0
TROO.US,5,20250820,154500,0.83,0.83,0.83,0.83,100,0
TROO.US,5,20250820,160000,0.8499,0.8499,0.8399,0.8399,1483,0
TROO.US,5,20250820,160500,0.84,0.84,0.83706,0.83706,250,0
TROO.US,5,20250820,161000,0.8399,0.8399,0.8399,0.8399,198,0
TROO.US,5,20250820,161500,0.84,0.84,0.84,0.84,200,0
TROO.US,5,20250820,162000,0.835,0.835,0.835,0.835,200,0
TROO.US,5,20250820,163000,0.835,0.835,0.835,0.835,100,0
TROO.US,5,20250820,163500,0.84,0.84,0.84,0.84,1000,0
TROO.US,5,20250820,164000,0.84,0.84,0.84,0.84,323,0
TROO.US,5,20250820,165000,0.835,0.84,0.835,0.84,1269,0
TROO.US,5,20250820,170500,0.84,0.8401,0.84,0.8401,5701,0
TROO.US,5,20250820,172000,0.8401,0.8401,0.8401,0.8401,590,0
TROO.US,5,20250820,173500,0.8489,0.8489,0.8489,0.8489,369,0
TROO.US,5,20250820,174000,0.8488,0.92,0.8488,0.8984,28902,0
TROO.US,5,20250820,174500,0.918,0.93,0.918,0.92,50563,0
TROO.US,5,20250820,175000,0.93,0.93,0.9,0.9,9843,0
TROO.US,5,20250820,175500,0.91,0.92045,0.9,0.9,3000,0
TROO.US,5,20250820,180000,0.9015,0.9015,0.87,0.87,13500,0
TROO.US,5,20250820,180500,0.87,0.8751,0.79,0.8295,189475,0
TROO.US,5,20250820,181500,0.841299,0.841299,0.841299,0.841299,250,0
TROO.US,5,20250820,182000,0.8413,0.8413,0.8185,0.8185,6500,0
TROO.US,5,20250820,185000,0.8378,0.8378,0.8378,0.8378,100,0
TROO.US,5,20250820,185500,0.8329,0.8329,0.8329,0.8329,190,0
TROO.US,5,20250820,191000,0.828728,0.828728,0.8199,0.8199,300,0
TROO.US,5,20250820,192000,0.8187,0.8187,0.8187,0.8187,2419,0
TROO.US,5,20250820,193500,0.83865,0.855,0.83865,0.855,3930,0
TROO.US,5,20250820,194000,0.84,0.9329,0.84,0.92,90856,0
TROO.US,5,20250820,194500,0.92,0.9234,0.81,0.8969,110102,0
TROO.US,5,20250820,195000,0.8785,0.91,0.8776,0.9096,18500,0
TROO.US,5,20250820,195500,0.8961,0.8961,0.8764,0.8764,3286,0
TROO.US,5,20250820,200000,0.8977,0.8977,0.8854,0.8854,1400,0
TROO.US,5,20250820,201000,0.9,0.91,0.876,0.9,5369,0
TROO.US,5,20250820,201500,0.8968,0.92,0.8691,0.8855,8091,0
TROO.US,5,20250820,202500,0.875,0.875,0.875,0.875,477,0
TROO.US,5,20250820,203000,0.8909,0.8909,0.8909,0.8909,100,0
TROO.US,5,20250820,203500,0.8893,0.9018,0.8893,0.9,1463,0
TROO.US,5,20250820,210000,0.8952,0.8952,0.8952,0.8952,200,0
TROO.US,5,20250820,210500,0.8952,0.8952,0.8952,0.8952,300,0
TROO.US,5,20250820,211500,0.9012,0.9012,0.9012,0.9012,100,0
TROO.US,5,20250820,212000,0.901,0.9479,0.901,0.9311,20437,0
TROO.US,5,20250820,212500,0.9311,0.932616,0.898,0.9036,1853,0
TROO.US,5,20250820,213000,0.9126,0.94,0.9126,0.94,415,0
TROO.US,5,20250820,213500,0.9188,0.9188,0.888,0.9075,44290,0
TROO.US,5,20250820,214000,0.8933,0.92,0.88,0.8925,54661,0
TROO.US,5,20250820,214500,0.8915,0.8915,0.8915,0.8915,2230,0
TROO.US,5,20250820,215000,0.89,0.89,0.89,0.89,231,0
TROO.US,5,20250820,215500,0.901,0.923,0.901,0.923,4138,0
TROO.US,5,20250821,153000,0.9036,0.92,0.87,0.87,9197,0
TROO.US,5,20250821,153500,0.836,0.8839,0.836,0.88,6500,0
TROO.US,5,20250821,154500,0.8801,0.923,0.88,0.923,75165,0
TROO.US,5,20250821,155000,0.92,0.94,0.92,0.936,1967,0
TROO.US,5,20250821,155500,0.925,0.925,0.925,0.925,100,0
TROO.US,5,20250821,160000,0.925,0.94,0.9249,0.94,1881,0
TROO.US,5,20250821,160500,0.9446,0.9446,0.9273,0.9273,832,0
TROO.US,5,20250821,161000,0.9267,0.9267,0.9267,0.9267,100,0
TROO.US,5,20250821,162500,0.914806,0.914806,0.914806,0.914806,1500,0
TROO.US,5,20250821,163000,0.93,0.93,0.9273,0.9273,9550,0
TROO.US,5,20250821,165000,0.9274,0.928482,0.9274,0.928482,565,0
TROO.US,5,20250821,170000,0.9337,0.9337,0.9273,0.9273,900,0
TROO.US,5,20250821,170500,0.9273,0.9273,0.9273,0.9273,100,0
TROO.US,5,20250821,172500,0.9273,0.9273,0.92,0.9201,9492,0
TROO.US,5,20250821,173500,0.925,0.925,0.925,0.925,516,0
TROO.US,5,20250821,175500,0.92,0.92,0.92,0.92,500,0
TROO.US,5,20250821,180000,0.92,0.92,0.92,0.92,125,0
TROO.US,5,20250821,182500,0.92,0.92,0.92,0.92,1500,0
TROO.US,5,20250821,183000,0.92,0.92,0.92,0.92,100,0
TROO.US,5,20250821,191500,0.915,0.916,0.9101,0.9101,800,0
TROO.US,5,20250821,192000,0.9101,0.9101,0.9101,0.9101,100,0
TROO.US,5,20250821,193000,0.9103,0.9103,0.9101,0.9102,1452,0
TROO.US,5,20250821,200500,0.9102,0.9102,0.9102,0.9102,300,0
TROO.US,5,20250821,202000,0.9101,0.92,0.91,0.92,17528,0
TROO.US,5,20250821,202500,0.92,0.92,0.92,0.92,120,0
TROO.US,5,20250821,203500,0.9199,0.9199,0.91,0.91,1940,0
TROO.US,5,20250821,210000,0.885,0.885,0.885,0.885,940,0
TROO.US,5,20250821,210500,0.9,0.9,0.9,0.9,1272,0
TROO.US,5,20250821,212500,0.9,0.9,0.9,0.9,200,0
TROO.US,5,20250821,214000,0.9152,0.92,0.9,0.92,4643,0
TROO.US,5,20250821,214500,0.9068,0.9068,0.9068,0.9068,100,0
TROO.US,5,20250821,215500,0.8937,0.9024,0.8716,0.8976,1100,0
TROO.US,5,20250822,153000,0.88,0.89,0.88,0.89,950,0
TROO.US,5,20250822,153500,0.8851,0.8894,0.8759,0.8787,10357,0
TROO.US,5,20250822,154000,0.9101,0.9101,0.9101,0.9101,1500,0
TROO.US,5,20250822,154500,0.8788,0.9229,0.8788,0.9229,2100,0
TROO.US,5,20250822,155000,0.9229,0.9266,0.9044,0.9044,3274,0
TROO.US,5,20250822,155500,0.9222,0.9222,0.9222,0.9222,1000,0
TROO.US,5,20250822,160500,0.9222,0.9222,0.9222,0.9222,1027,0
TROO.US,5,20250822,161000,0.926099,0.926099,0.926099,0.926099,125,0
TROO.US,5,20250822,162000,0.926,0.926,0.926,0.926,196,0
TROO.US,5,20250822,162500,0.9223,0.9223,0.9223,0.9223,342,0
TROO.US,5,20250822,163000,0.9264,0.9264,0.9264,0.9264,1000,0
TROO.US,5,20250822,163500,0.9263,0.9263,0.9224,0.9224,1120,0
TROO.US,5,20250822,164000,0.9262,0.9262,0.9262,0.9262,148,0
TROO.US,5,20250822,165000,0.9242,0.9242,0.9242,0.9242,300,0
TROO.US,5,20250822,171000,0.9218,0.9262,0.9218,0.9262,1600,0
TROO.US,5,20250822,171500,0.9232,0.9233,0.9232,0.9233,3600,0
TROO.US,5,20250822,173000,0.926,0.926,0.9232,0.9232,977,0
TROO.US,5,20250822,174000,0.9232,0.9242,0.9201,0.9201,7323,0
TROO.US,5,20250822,174500,0.9201,0.9201,0.9201,0.9201,2222,0
TROO.US,5,20250822,175500,0.9201,0.9201,0.9201,0.9201,712,0
TROO.US,5,20250822,181000,0.9201,0.9201,0.92,0.92,444,0
TROO.US,5,20250822,182500,0.9206,0.9206,0.92,0.92,897,0
TROO.US,5,20250822,183000,0.9206,0.9221,0.9206,0.9221,200,0
TROO.US,5,20250822,185500,0.92215,0.92215,0.920663,0.920663,208,0
TROO.US,5,20250822,190500,0.9241,0.9241,0.9241,0.9241,210,0
TROO.US,5,20250822,191000,0.9202,0.9202,0.9202,0.9202,108,0
TROO.US,5,20250822,191500,0.9206,0.9206,0.9206,0.9206,187,0
TROO.US,5,20250822,192500,0.9242,0.9242,0.9242,0.9242,342,0
TROO.US,5,20250822,193000,0.9206,0.9206,0.9206,0.9206,203,0
TROO.US,5,20250822,200000,0.93,0.93,0.93,0.93,12202,0
TROO.US,5,20250822,200500,0.934102,0.934102,0.934102,0.934102,100,0
TROO.US,5,20250822,201500,0.9202,0.9202,0.9202,0.9202,100,0
TROO.US,5,20250822,204500,0.92,0.936,0.92,0.936,210,0
TROO.US,5,20250822,211000,0.9285,0.9285,0.9211,0.9211,1000,0
TROO.US,5,20250822,211500,0.921,0.921,0.921,0.921,690,0
TROO.US,5,20250822,212000,0.9285,0.9285,0.9285,0.9285,200,0
TROO.US,5,20250822,213000,0.9286,0.9286,0.9139,0.9139,3398,0
TROO.US,5,20250822,213500,0.9165,0.9165,0.9165,0.9165,500,0
TROO.US,5,20250822,215500,0.9254,0.94,0.9254,0.94,800,0
TROO.US,5,20250825,153000,0.9446,0.9446,0.9392,0.9399,4409,0
TROO.US,5,20250825,153500,0.9442,1.015,0.9435,1.015,25938,0
TROO.US,5,20250825,154000,1.02,1.05,1,1.05,47687,0
TROO.US,5,20250825,154500,1.0407,1.09,1.0407,1.07,6932,0
TROO.US,5,20250825,155000,1.08,1.11,1.08,1.08,35329,0
TROO.US,5,20250825,155500,1.08,1.0836,1.02,1.06,26723,0
TROO.US,5,20250825,160000,1.06,1.11,1.06,1.1,15151,0
TROO.US,5,20250825,160500,1.0943,1.12,1.0807,1.09,5400,0
TROO.US,5,20250825,161000,1.09,1.1031,1.0801,1.095,9336,0
TROO.US,5,20250825,161500,1.1,1.1,1.1,1.1,3785,0
TROO.US,5,20250825,162000,1.1,1.1076,1.09,1.09,23620,0
TROO.US,5,20250825,162500,1.0802,1.0802,1.04,1.05,36120,0
TROO.US,5,20250825,163000,1.03,1.05,1.03,1.05,1400,0
TROO.US,5,20250825,164000,1.0372,1.0372,1.03,1.03,1121,0
TROO.US,5,20250825,170000,1.07,1.07,1.065,1.065,1200,0
TROO.US,5,20250825,170500,1.06,1.075,1.0543,1.075,1230,0
TROO.US,5,20250825,171000,1.07,1.075,1.05,1.06,6960,0
TROO.US,5,20250825,171500,1.0514,1.0514,1.0514,1.0514,232,0
TROO.US,5,20250825,172000,1.05,1.06,1.05,1.06,5000,0
TROO.US,5,20250825,172500,1.061,1.09,1.061,1.09,8415,0
TROO.US,5,20250825,173000,1.094,1.094,1.0729,1.085,1736,0
TROO.US,5,20250825,173500,1.09,1.1,1.07,1.1,33529,0
TROO.US,5,20250825,174000,1.0986,1.0998,1.08,1.08,427,0
TROO.US,5,20250825,174500,1.0991,1.0993,1.0991,1.0993,1327,0
TROO.US,5,20250825,175000,1.09,1.09,1.0884,1.0884,6000,0
TROO.US,5,20250825,175500,1.0846,1.0846,1.0846,1.0846,1150,0
TROO.US,5,20250825,180000,1.082,1.1,1.03,1.059,61537,0
TROO.US,5,20250825,181000,1.0997,1.0997,0.980001,0.980001,50431,0
TROO.US,5,20250825,181500,0.9943,1.025,0.9745,1.025,32148,0
TROO.US,5,20250825,182000,1.03,1.06,1.02,1.06,5150,0
TROO.US,5,20250825,182500,1.08,1.08,1.06,1.08,1939,0
TROO.US,5,20250825,183000,1.06,1.06,1.06,1.06,200,0
TROO.US,5,20250825,183500,1.06,1.07,1.06,1.06,3350,0
TROO.US,5,20250825,184000,1.04,1.06,1.04,1.055,2606,0
TROO.US,5,20250825,184500,1.04,1.07,1.04,1.07,5952,0
TROO.US,5,20250825,185000,1.08,1.09,1.08,1.09,2130,0
TROO.US,5,20250825,185500,1.09,1.098,1.09,1.098,5200,0
TROO.US,5,20250825,190000,1.09,1.09,1.09,1.09,211,0
TROO.US,5,20250825,190500,1.082,1.082,1.07,1.07,3600,0
TROO.US,5,20250825,191000,1.0541,1.0541,1.0541,1.0541,219,0
TROO.US,5,20250825,192000,1.0502,1.0502,1.0502,1.0502,2100,0
TROO.US,5,20250825,192500,1.07,1.07,1.07,1.07,100,0
TROO.US,5,20250825,193000,1.06,1.06,1.06,1.06,100,0
TROO.US,5,20250825,193500,1.07,1.08,1.06,1.07,6868,0
TROO.US,5,20250825,195000,1.0699,1.08,1.0699,1.08,63000,0
TROO.US,5,20250825,195500,1.1,1.1,1.0801,1.0806,3500,0
TROO.US,5,20250825,200000,1.08,1.08,1.063,1.08,11675,0
TROO.US,5,20250825,200500,1.075,1.075,1.075,1.075,400,0
TROO.US,5,20250825,201000,1.08,1.0898,1.08,1.0898,713,0
TROO.US,5,20250825,202500,1.0899,1.11,1.0899,1.11,34987,0
TROO.US,5,20250825,203000,1.138,1.1753,1.11,1.13,24312,0
TROO.US,5,20250825,203500,1.13,1.13,1.11,1.11,5386,0
TROO.US,5,20250825,204000,1.12,1.1276,1.12,1.1276,1525,0
TROO.US,5,20250825,205000,1.11,1.12,1.11,1.12,419,0
TROO.US,5,20250825,205500,1.12,1.1279,1.1164,1.1279,2500,0
TROO.US,5,20250825,210000,1.1283,1.1283,1.12,1.12,408,0
TROO.US,5,20250825,210500,1.13,1.17,1.13,1.1301,34714,0
TROO.US,5,20250825,211000,1.1493,1.1493,1.1493,1.1493,1000,0
TROO.US,5,20250825,211500,1.1548,1.1548,1.14,1.1409,1147,0
TROO.US,5,20250825,212000,1.1591,1.1593,1.145,1.145,901,0
TROO.US,5,20250825,212500,1.14,1.15,1.12,1.13,6231,0
TROO.US,5,20250825,213000,1.13,1.13,1.125,1.125,1755,0
TROO.US,5,20250825,213500,1.14,1.14,1.125,1.125,1674,0
TROO.US,5,20250825,214000,1.1291,1.1291,1.1291,1.1291,100,0
TROO.US,5,20250825,214500,1.1201,1.1399,1.1201,1.1399,1096,0
TROO.US,5,20250825,215000,1.14,1.159,1.11,1.159,5317,0
TROO.US,5,20250825,215500,1.15,1.16,1.1492,1.16,10940,0
TROO.US,5,20250826,153000,1.15,1.165,1.09,1.09,20780,0
TROO.US,5,20250826,153500,1.13,1.13,1.1,1.105,1604,0
TROO.US,5,20250826,154000,1.11,1.1399,1.11,1.1399,3681,0
TROO.US,5,20250826,154500,1.11,1.11,1.1027,1.1027,3971,0
TROO.US,5,20250826,155000,1.11,1.11,1.08,1.0943,7972,0
TROO.US,5,20250826,155500,1.09,1.09,1.04,1.0412,21108,0
TROO.US,5,20250826,160000,1.0601,1.0601,1.0601,1.0601,175,0
TROO.US,5,20250826,160500,1.05,1.06,1.05,1.05,764,0
TROO.US,5,20250826,161000,1.07,1.07,1.05,1.06,5432,0
TROO.US,5,20250826,161500,1.0791,1.0791,1.0791,1.0791,1851,0
TROO.US,5,20250826,162000,1.07,1.08,1.0684,1.075,1220,0
TROO.US,5,20250826,162500,1.075,1.075,1.07,1.075,10451,0
TROO.US,5,20250826,163000,1.075,1.1,1.075,1.09,3194,0
TROO.US,5,20250826,163500,1.09,1.09,1.07,1.08,300,0
TROO.US,5,20250826,164500,1.07,1.07,1.07,1.07,300,0
TROO.US,5,20250826,165000,1.085,1.085,1.085,1.085,2000,0
TROO.US,5,20250826,165500,1.07,1.07,1.07,1.07,249,0
TROO.US,5,20250826,170000,1.07,1.0799,1.07,1.0799,5239,0
TROO.US,5,20250826,171000,1.0794,1.0794,1.0728,1.0728,2387,0
TROO.US,5,20250826,171500,1.0799,1.09,1.0751,1.09,6362,0
TROO.US,5,20250826,172000,1.08,1.08,1.08,1.08,459,0
TROO.US,5,20250826,172500,1.09,1.1,1.09,1.1,1193,0
TROO.US,5,20250826,173000,1.0807,1.09,1.0807,1.09,3109,0
TROO.US,5,20250826,173500,1.09,1.09,1.09,1.09,100,0
TROO.US,5,20250826,175000,1.08,1.08,1.08,1.08,994,0
TROO.US,5,20250826,180500,1.0897,1.0897,1.0897,1.0897,500,0
TROO.US,5,20250826,181500,1.08,1.09,1.08,1.09,3683,0
TROO.US,5,20250826,182000,1.095,1.095,1.095,1.095,1755,0
TROO.US,5,20250826,182500,1.0936,1.0936,1.0936,1.0936,500,0
TROO.US,5,20250826,183500,1.0901,1.0901,1.0901,1.0901,727,0
TROO.US,5,20250826,184000,1.09,1.095,1.09,1.09,4129,0
TROO.US,5,20250826,190500,1.0811,1.0811,1.0811,1.0811,1002,0
TROO.US,5,20250826,191000,1.0802,1.0802,1.0802,1.0802,200,0
TROO.US,5,20250826,192000,1.085,1.085,1.085,1.085,475,0
TROO.US,5,20250826,193000,1.085,1.09,1.085,1.09,720,0
TROO.US,5,20250826,193500,1.0806,1.0806,1.0806,1.0806,610,0
TROO.US,5,20250826,195000,1.083175,1.083175,1.083175,1.083175,2174,0
TROO.US,5,20250826,201000,1.085,1.085,1.085,1.085,100,0
TROO.US,5,20250826,204500,1.085,1.085,1.085,1.085,761,0
TROO.US,5,20250826,210000,1.085,1.085,1.085,1.085,150,0
TROO.US,5,20250826,210500,1.085,1.1,1.085,1.085,7015,0
TROO.US,5,20250826,211500,1.1,1.11,1.1,1.11,200,0
TROO.US,5,20250826,213500,1.105,1.105,1.105,1.105,227,0
TROO.US,5,20250826,214500,1.105,1.1058,1.1,1.1058,4704,0
TROO.US,5,20250826,215500,1.11,1.12,1.11,1.12,2049,0
TROO.US,5,20250827,153000,1.14,1.14,1.14,1.14,118,0
TROO.US,5,20250827,153500,1.131,1.131,1.13,1.13,1038,0
TROO.US,5,20250827,154000,1.1026,1.12,1.1,1.1194,900,0
TROO.US,5,20250827,154500,1.11,1.11,1.08,1.08,64604,0
TROO.US,5,20250827,155000,1.1,1.1,1.1,1.1,300,0
TROO.US,5,20250827,155500,1.09,1.09,1.0801,1.0801,1200,0
TROO.US,5,20250827,162500,1.08,1.08,1.08,1.08,264,0
TROO.US,5,20250827,163000,1.08,1.08,1.08,1.08,911,0
TROO.US,5,20250827,163500,1.0759,1.0759,1.0759,1.0759,400,0
TROO.US,5,20250827,164000,1.0816,1.0816,1.08,1.08,2500,0
TROO.US,5,20250827,164500,1.08,1.08,1.08,1.08,413,0
TROO.US,5,20250827,170500,1.085,1.085,1.085,1.085,444,0
TROO.US,5,20250827,171000,1.09,1.09,1.09,1.09,436,0
TROO.US,5,20250827,171500,1.09,1.1,1.09,1.1,4512,0
TROO.US,5,20250827,172000,1.11,1.11,1.11,1.11,100,0
TROO.US,5,20250827,174500,1.12,1.12,1.12,1.12,8281,0
TROO.US,5,20250827,175500,1.11,1.11,1.11,1.11,180,0
TROO.US,5,20250827,180000,1.12,1.12,1.12,1.12,204,0
TROO.US,5,20250827,181000,1.12,1.12,1.12,1.12,1875,0
TROO.US,5,20250827,183000,1.125,1.125,1.12,1.12,490,0
TROO.US,5,20250827,183500,1.1399,1.1399,1.1399,1.1399,125,0
TROO.US,5,20250827,185500,1.1118,1.1118,1.1118,1.1118,119,0
TROO.US,5,20250827,190000,1.1293,1.13,1.1293,1.13,2500,0
TROO.US,5,20250827,190500,1.1251,1.1251,1.1251,1.1251,300,0
TROO.US,5,20250827,193500,1.13,1.13,1.11,1.11,9616,0
TROO.US,5,20250827,202500,1.1126,1.1126,1.1126,1.1126,348,0
TROO.US,5,20250827,210000,1.1103,1.1103,1.11,1.11,2168,0
TROO.US,5,20250827,210500,1.113,1.113,1.113,1.113,100,0
TROO.US,5,20250827,212500,1.125,1.125,1.125,1.125,750,0
TROO.US,5,20250827,215000,1.12,1.1226,1.12,1.1226,2200,0
TROO.US,5,20250827,215500,1.13,1.13,1.13,1.13,155,0
TROO.US,5,20250828,153000,1.11,1.11,1.11,1.11,248,0
TROO.US,5,20250828,153500,1.1,1.1,1.1,1.1,100,0
TROO.US,5,20250828,154000,1.105,1.105,1.04,1.04,3498,0
TROO.US,5,20250828,154500,1.0494,1.05,1.01,1.01,28358,0
TROO.US,5,20250828,155000,1.0201,1.0201,1.0172,1.0172,5850,0
TROO.US,5,20250828,155500,1.0198,1.0198,1.005,1.005,9429,0
TROO.US,5,20250828,160000,1.009,1.045,1.009,1.02,18256,0
TROO.US,5,20250828,160500,1.05,1.05,1.05,1.05,600,0
TROO.US,5,20250828,161500,1.07,1.0871,1.06,1.06,800,0
TROO.US,5,20250828,162000,1.04,1.04,1.0233,1.0233,757,0
TROO.US,5,20250828,162500,1.01,1.0455,1,1.0455,11133,0
TROO.US,5,20250828,163000,1.0101,1.0101,1.0101,1.0101,5000,0
TROO.US,5,20250828,163500,1.03,1.03,1.03,1.03,300,0
TROO.US,5,20250828,164000,1.01,1.01,1.01,1.01,1123,0
TROO.US,5,20250828,164500,1.015,1.015,1.01,1.01,2869,0
TROO.US,5,20250828,165500,1.0198,1.02,1.0198,1.02,5648,0
TROO.US,5,20250828,171000,1.02,1.02,1.02,1.02,100,0
TROO.US,5,20250828,171500,1.0242,1.03,1.0207,1.0207,2792,0
TROO.US,5,20250828,172000,1.025,1.025,1.025,1.025,583,0
TROO.US,5,20250828,173500,1.02,1.02,1,1.02,15488,0
TROO.US,5,20250828,174000,1.0001,1.02,1.0001,1.02,1960,0
TROO.US,5,20250828,180000,1.02,1.02,1.01,1.0101,1500,0
TROO.US,5,20250828,181500,1.0199,1.02,1.015,1.02,4500,0
TROO.US,5,20250828,183500,1.01,1.01,1.01,1.01,135,0
TROO.US,5,20250828,185000,1.015,1.015,1.01,1.0106,2100,0
TROO.US,5,20250828,190000,1.015,1.015,1.015,1.015,1500,0
TROO.US,5,20250828,190500,1.02,1.02,1.02,1.02,990,0
TROO.US,5,20250828,193000,1.03,1.03,1.03,1.03,200,0
TROO.US,5,20250828,194000,1.05,1.05,1.05,1.05,2912,0
TROO.US,5,20250828,201500,1.04,1.04,1.04,1.04,100,0
TROO.US,5,20250828,202000,1.035,1.04,1.025,1.035,4737,0
TROO.US,5,20250828,202500,1.02,1.02,1.02,1.02,150,0
TROO.US,5,20250828,203500,1.0453,1.0453,1.0453,1.0453,100,0
TROO.US,5,20250828,205000,1.035,1.035,1.035,1.035,750,0
TROO.US,5,20250828,210000,1.035,1.035,1.035,1.035,400,0
TROO.US,5,20250828,210500,1.03,1.03,1.03,1.03,3488,0
TROO.US,5,20250828,211000,1.025,1.025,1.025,1.025,321,0
TROO.US,5,20250828,211500,1.025,1.025,1.025,1.025,200,0
TROO.US,5,20250828,214500,1.0201,1.025,1.0201,1.025,484,0
TROO.US,5,20250828,215500,1.025,1.03,1.025,1.03,500,0
TROO.US,5,20250829,153000,1.03,1.03,1.01,1.01,1265,0
TROO.US,5,20250829,153500,1,1,1,1,200,0
TROO.US,5,20250829,154000,0.9998,1.0072,0.997919,1.0072,1523,0
TROO.US,5,20250829,154500,1.01,1.01,1.01,1.01,13375,0
TROO.US,5,20250829,155000,1.007932,1.007932,1.007932,1.007932,2000,0
TROO.US,5,20250829,160000,1.03,1.045,1.03,1.045,3414,0
TROO.US,5,20250829,160500,1.0201,1.0201,1.0201,1.0201,1219,0
TROO.US,5,20250829,162000,1.0489,1.0489,1.0489,1.0489,140,0
TROO.US,5,20250829,163000,1.0219,1.0219,1.0219,1.0219,1500,0
TROO.US,5,20250829,163500,1.0204,1.0204,1.0204,1.0204,2500,0
TROO.US,5,20250829,171000,1.03,1.035,1.03,1.035,3011,0
TROO.US,5,20250829,172500,1.0497,1.0497,1.0211,1.0211,1599,0
TROO.US,5,20250829,174000,1.021,1.021,1.021,1.021,555,0
TROO.US,5,20250829,174500,1.03,1.03,1.03,1.03,477,0
TROO.US,5,20250829,175500,1.0258,1.0258,1.0258,1.0258,100,0
TROO.US,5,20250829,180000,1.025,1.025,1.025,1.025,100,0
TROO.US,5,20250829,190500,1.0258,1.0258,1.0201,1.0201,2700,0
TROO.US,5,20250829,191000,1.0299,1.0299,1.0294,1.0294,642,0
TROO.US,5,20250829,194500,1.02,1.02,1.02,1.02,437,0
TROO.US,5,20250829,203000,1.02,1.02,1.02,1.02,1000,0
TROO.US,5,20250829,203500,1.0285,1.0285,1.0285,1.0285,526,0
TROO.US,5,20250829,204000,1.01,1.01,1.01,1.01,650,0
TROO.US,5,20250829,210000,1.01,1.01,1.01,1.01,1100,0
TROO.US,5,20250829,210500,1.01,1.01,1.01,1.01,100,0
TROO.US,5,20250829,211000,1.01,1.01,1,1.01,900,0
TROO.US,5,20250829,212500,1.005,1.005,1.005,1.005,100,0
TROO.US,5,20250829,213000,1.005,1.005,1.005,1.005,400,0
TROO.US,5,20250829,213500,1.005,1.005,1.005,1.005,1542,0
TROO.US,5,20250829,214500,1.005,1.005,1.005,1.005,185,0
TROO.US,5,20250829,215000,1.00005,1.02,1.00005,1.015,719,0
TROO.US,5,20250829,215500,1.01,1.02,1.01,1.02,5221,0
TROO.US,5,20250902,153000,1,1.03,0.98,0.98,7135,0
TROO.US,5,20250902,153500,0.9895,1,0.9895,1,11540,0
TROO.US,5,20250902,154000,1.0007,1.015,1.0007,1.0059,918,0
TROO.US,5,20250902,155500,1.015,1.015,1,1,20503,0
TROO.US,5,20250902,160500,1,1,1,1,1201,0
TROO.US,5,20250902,161000,1.0021,1.0021,1.0021,1.0021,100,0
TROO.US,5,20250902,162000,1.01,1.02,1.01,1.019,1300,0
TROO.US,5,20250902,162500,1.0189,1.0189,1.01,1.01,2726,0
TROO.US,5,20250902,163000,1.0187,1.0199,1.01,1.01,8200,0
TROO.US,5,20250902,163500,1.01,1.01,1.01,1.01,500,0
TROO.US,5,20250902,164000,1.0013,1.0013,1.0013,1.0013,1000,0
TROO.US,5,20250902,164500,1,1,1,1,454,0
TROO.US,5,20250902,165000,1.02,1.02,1.02,1.02,1500,0
TROO.US,5,20250902,170000,1.02,1.02,1.02,1.02,2500,0
TROO.US,5,20250902,170500,1.01,1.0101,1.01,1.0101,303,0
TROO.US,5,20250902,173000,1.01,1.01,1.01,1.01,1000,0
TROO.US,5,20250902,180000,1.03,1.03,1.03,1.03,400,0
TROO.US,5,20250902,180500,1.025,1.025,1.025,1.025,589,0
TROO.US,5,20250902,182500,1.01,1.01,1.01,1.01,2800,0
TROO.US,5,20250902,183500,1.01,1.01,1,1,23955,0
TROO.US,5,20250902,184500,1.02,1.02,1.02,1.02,300,0
TROO.US,5,20250902,190500,1.01,1.01,1.01,1.01,155,0
TROO.US,5,20250902,192000,1.0015,1.0015,1.0015,1.0015,537,0
TROO.US,5,20250902,192500,1.01,1.01,1,1,1000,0
TROO.US,5,20250902,193000,1.0057,1.01,1.0057,1.01,270,0
TROO.US,5,20250902,202500,1.02,1.02,1.02,1.02,800,0
TROO.US,5,20250902,205500,1.02,1.02,1.02,1.02,100,0
TROO.US,5,20250902,210500,1.015,1.0259,1.015,1.0259,895,0
TROO.US,5,20250902,211000,1.01,1.01,1.01,1.01,1000,0
TROO.US,5,20250902,212000,1.03,1.03,1.02,1.03,4700,0
TROO.US,5,20250902,215500,1.04,1.04,1.04,1.04,2908,0
TROO.US,5,20250903,153000,1.06,1.06,1.02,1.05,3524,0
TROO.US,5,20250903,154500,1.04,1.05,1.04,1.05,2800,0
TROO.US,5,20250903,155000,1.0594,1.0594,1.04,1.04,862,0
TROO.US,5,20250903,155500,1.03,1.03,1.03,1.03,499,0
TROO.US,5,20250903,161500,1.0387,1.0387,1.0387,1.0387,231,0
TROO.US,5,20250903,162500,1.04,1.06,1.035,1.06,8594,0
TROO.US,5,20250903,163000,1.08,1.1,1.06,1.0698,11944,0
TROO.US,5,20250903,163500,1.05,1.05,1.05,1.05,7102,0
TROO.US,5,20250903,164000,1.052,1.052,1.052,1.052,700,0
TROO.US,5,20250903,165500,1.0413,1.0413,1.0413,1.0413,1232,0
TROO.US,5,20250903,170500,1.06,1.06,1.05,1.05,4338,0
TROO.US,5,20250903,171000,1.0517,1.0517,1.0517,1.0517,2000,0
TROO.US,5,20250903,172500,1.05,1.05,1.05,1.05,100,0
TROO.US,5,20250903,173500,1.05,1.05,1.05,1.05,1083,0
TROO.US,5,20250903,174500,1.0502,1.0502,1.0502,1.0502,1000,0
TROO.US,5,20250903,180000,1.07,1.07,1.07,1.07,241,0
TROO.US,5,20250903,180500,1.075,1.075,1.075,1.075,2000,0
TROO.US,5,20250903,182500,1.08,1.08,1.08,1.08,100,0
TROO.US,5,20250903,184500,1.07,1.07,1.04,1.04,1039,0
TROO.US,5,20250903,190000,1.0636,1.0636,1.0636,1.0636,300,0
TROO.US,5,20250903,191000,1.05,1.05,1.05,1.05,100,0
TROO.US,5,20250903,192000,1.06,1.06,1.05,1.06,2150,0
TROO.US,5,20250903,192500,1.0699,1.0699,1.0694,1.0699,3983,0
TROO.US,5,20250903,193000,1.06,1.06,1.06,1.06,4000,0
TROO.US,5,20250903,194000,1.05,1.05,1.05,1.05,100,0
TROO.US,5,20250903,194500,1.06,1.06,1.06,1.06,200,0
TROO.US,5,20250903,195500,1.06,1.06,1.05,1.05,2100,0
TROO.US,5,20250903,200000,1.05,1.05,1.05,1.05,100,0
TROO.US,5,20250903,202500,1.07,1.07,1.07,1.07,1000,0
TROO.US,5,20250903,205000,1.05,1.05,1.05,1.05,520,0
TROO.US,5,20250903,205500,1.06,1.06,1.06,1.06,392,0
TROO.US,5,20250903,210500,1.06,1.06,1.06,1.06,100,0
TROO.US,5,20250903,211000,1.07,1.07,1.07,1.07,2600,0
TROO.US,5,20250903,213000,1.055,1.0697,1.055,1.0697,1450,0
TROO.US,5,20250903,214000,1.05,1.05,1.05,1.05,100,0
TROO.US,5,20250903,214500,1.0615,1.0615,1.0615,1.0615,100,0
TROO.US,5,20250903,215000,1.07,1.07,1.07,1.07,100,0
TROO.US,5,20250903,215500,1.055,1.07,1.055,1.055,424,0
TROO.US,5,20250904,153000,1.0314,1.0314,1.01,1.011,9248,0
TROO.US,5,20250904,154500,1.02,1.0216,1.02,1.0216,297,0
TROO.US,5,20250904,155000,1.0279,1.0279,1.0279,1.0279,100,0
TROO.US,5,20250904,155500,1.02,1.02,1.02,1.02,475,0
TROO.US,5,20250904,160000,1.03,1.03,1.0297,1.03,9876,0
TROO.US,5,20250904,160500,1.035,1.035,1.035,1.035,150,0
TROO.US,5,20250904,161000,1.0387,1.0387,1.0387,1.0387,200,0
TROO.US,5,20250904,163000,1.03,1.03,1.03,1.03,300,0
TROO.US,5,20250904,163500,1.03,1.03,1.03,1.03,154,0
TROO.US,5,20250904,170500,1.02,1.02,1.02,1.02,5498,0
TROO.US,5,20250904,171000,1.01,1.01,1.01,1.01,380,0
TROO.US,5,20250904,171500,1.02,1.02,1.01,1.015,7311,0
TROO.US,5,20250904,174000,1.0286,1.0286,1.0286,1.0286,700,0
TROO.US,5,20250904,180500,1.0208,1.0208,1.0208,1.0208,4000,0
TROO.US,5,20250904,181000,1.01,1.01,1.01,1.01,100,0
TROO.US,5,20250904,182000,1.0299,1.0299,1.0299,1.0299,9700,0
TROO.US,5,20250904,182500,1.01,1.02,1.01,1.02,500,0
TROO.US,5,20250904,183000,1.02,1.02,1.02,1.02,1400,0
TROO.US,5,20250904,183500,1.02,1.02,1.02,1.02,678,0
TROO.US,5,20250904,185000,1.02,1.02,1.02,1.02,600,0
TROO.US,5,20250904,190500,1.02,1.02,1.02,1.02,100,0
TROO.US,5,20250904,192000,1.0298,1.0298,1.0298,1.0298,200,0
TROO.US,5,20250904,193000,1.025,1.025,1.02,1.02,787,0
TROO.US,5,20250904,200500,1.025,1.025,1.025,1.025,300,0
TROO.US,5,20250904,201000,1.02,1.0201,1.02,1.0201,8781,0
TROO.US,5,20250904,202000,1.01,1.01,1.01,1.01,100,0
TROO.US,5,20250904,204500,1.01,1.01,1.01,1.01,100,0
TROO.US,5,20250904,211500,1.02,1.02,1.02,1.02,738,0
TROO.US,5,20250904,214000,1.01,1.01,1.01,1.01,100,0
TROO.US,5,20250904,215000,1.0184,1.0184,1.0184,1.0184,2000,0
TROO.US,5,20250904,215500,1.01,1.01,1.01,1.01,109,0
TROO.US,5,20250905,153000,0.9699,0.98,0.92,0.941,4521,0
TROO.US,5,20250905,153500,0.941,0.98,0.941,0.96,3606,0
TROO.US,5,20250905,154000,0.95,0.95,0.95,0.95,1000,0
TROO.US,5,20250905,154500,0.95,0.95,0.95,0.95,260,0
TROO.US,5,20250905,155000,0.96,0.96,0.957499,0.957499,1569,0
TROO.US,5,20250905,155500,0.9598,0.9598,0.9598,0.9598,500,0
TROO.US,5,20250905,160500,0.959899,0.959899,0.959899,0.959899,500,0
TROO.US,5,20250905,161500,0.95,0.95,0.95,0.95,1500,0
TROO.US,5,20250905,162000,0.95,0.95,0.95,0.95,782,0
TROO.US,5,20250905,162500,0.945,0.945,0.9301,0.9301,5183,0
TROO.US,5,20250905,163000,0.9301,0.93976,0.9301,0.930101,9170,0
TROO.US,5,20250905,163500,0.9767,0.9767,0.9767,0.9767,150,0
TROO.US,5,20250905,164500,0.93001,0.954601,0.93001,0.954601,10004,0
TROO.US,5,20250905,165000,0.932,0.932,0.932,0.932,200,0
TROO.US,5,20250905,170000,0.95,0.95,0.95,0.95,100,0
TROO.US,5,20250905,170500,0.9821,0.9902,0.9506,0.99,41011,0
TROO.US,5,20250905,171000,0.9899,1.0059,0.98,1.0059,30900,0
TROO.US,5,20250905,171500,1.005,1.005,1.005,1.005,1205,0
TROO.US,5,20250905,172000,1.0009,1.0009,1.0009,1.0009,416,0
TROO.US,5,20250905,172500,1.0007,1.02,1.0007,1.02,3930,0
TROO.US,5,20250905,173000,1.02,1.02,1.01,1.02,2489,0
TROO.US,5,20250905,175000,1.045,1.045,1.04,1.04,1200,0
TROO.US,5,20250905,175500,1.045,1.0857,1.0437,1.0857,1857,0
TROO.US,5,20250905,180000,1.065,1.065,1.065,1.065,200,0
TROO.US,5,20250905,180500,1.05,1.05,1.04,1.0401,1968,0
TROO.US,5,20250905,181000,1.05,1.05,1.05,1.05,9104,0
TROO.US,5,20250905,181500,1.05,1.05,1.05,1.05,300,0
TROO.US,5,20250905,182000,1.04,1.04,1.04,1.04,112,0
TROO.US,5,20250905,185000,1.03,1.0315,1.03,1.03,1000,0
TROO.US,5,20250905,192000,1.035,1.035,1.035,1.035,100,0
TROO.US,5,20250905,193500,1.0388,1.0388,1.0388,1.0388,966,0
TROO.US,5,20250905,203500,1.0301,1.0301,1.02,1.02,3975,0
TROO.US,5,20250905,205500,1.02,1.0201,1,1.005,20473,0
TROO.US,5,20250905,210500,1.0088,1.01,1.0088,1.01,3455,0
TROO.US,5,20250905,211500,1.0141,1.0141,1.0141,1.0141,165,0
TROO.US,5,20250905,215000,1.01,1.01,1.01,1.01,300,0
TROO.US,5,20250905,215500,1.02,1.025,1.02,1.025,300,0
TROO.US,5,20250908,153000,1.01,1.04,1.0043,1.04,1016,0
TROO.US,5,20250908,155500,1.036,1.036,1.036,1.036,500,0
TROO.US,5,20250908,162500,1.02,1.02,1.02,1.02,100,0
TROO.US,5,20250908,165000,1.02,1.02,1.02,1.02,108,0
TROO.US,5,20250908,165500,1.0283,1.0283,1.0283,1.0283,388,0
TROO.US,5,20250908,170000,1.0195,1.0195,1.0195,1.0195,2900,0
TROO.US,5,20250908,170500,1.01,1.01,1.01,1.01,171,0
TROO.US,5,20250908,173000,1.02,1.02,1.02,1.02,300,0
TROO.US,5,20250908,175000,1.021,1.04,1.02,1.04,7262,0
TROO.US,5,20250908,184000,1.0486,1.0486,1.0486,1.0486,500,0
TROO.US,5,20250908,184500,1.04,1.04,1.04,1.04,100,0
TROO.US,5,20250908,191500,1.04,1.04,1.04,1.04,5100,0
TROO.US,5,20250908,192000,1.0229,1.0229,1.0229,1.0229,218,0
TROO.US,5,20250908,200500,1.0301,1.0301,1.02,1.02,2746,0
TROO.US,5,20250908,201500,1.02,1.02,1.02,1.02,1945,0
TROO.US,5,20250908,202000,1.02,1.02,1.02,1.02,474,0
TROO.US,5,20250908,203500,1.02,1.02,1.02,1.02,6596,0
TROO.US,5,20250908,205000,1.03,1.03,1.03,1.03,400,0
TROO.US,5,20250908,210500,1.04,1.04,1.04,1.04,200,0
TROO.US,5,20250908,212000,1.04,1.04,1.04,1.04,100,0
TROO.US,5,20250908,214500,1.04,1.04,1.04,1.04,410,0
TROO.US,5,20250908,215000,1.035,1.035,1.035,1.035,1421,0
TROO.US,5,20250909,153000,1,1.01,1,1.01,963,0
TROO.US,5,20250909,154500,1.01,1.02,1.01,1.01,560,0
TROO.US,5,20250909,155500,1.02,1.02,1.02,1.02,400,0
TROO.US,5,20250909,161500,1.02,1.02,1.01,1.02,600,0
TROO.US,5,20250909,162000,1.02,1.02,1.02,1.02,377,0
TROO.US,5,20250909,163500,1.02,1.02,1,1,4418,0
TROO.US,5,20250909,164000,1.0194,1.0194,1.0194,1.0194,500,0
TROO.US,5,20250909,165000,1.0109,1.0109,1.0109,1.0109,253,0
TROO.US,5,20250909,170000,1.0005,1.0005,1.0005,1.0005,100,0
TROO.US,5,20250909,170500,1.01,1.01,1,1.01,6700,0
TROO.US,5,20250909,171000,1,1.0009,1,1.0009,7100,0
TROO.US,5,20250909,172000,1.01,1.02,1.01,1.02,1710,0
TROO.US,5,20250909,172500,1.01,1.02,1.01,1.02,1967,0
TROO.US,5,20250909,173000,1.02,1.02,1.02,1.02,500,0
TROO.US,5,20250909,175500,1.0197,1.0197,1.0197,1.0197,100,0
TROO.US,5,20250909,180000,1.0195,1.0199,1.01,1.01,4000,0
TROO.US,5,20250909,180500,1.005,1.005,1.005,1.005,3500,0
TROO.US,5,20250909,183500,1.005,1.0093,1.005,1.0093,600,0
TROO.US,5,20250909,184000,1.01,1.02,1.01,1.02,2245,0
TROO.US,5,20250909,185500,1.02,1.02,1.0114,1.02,3051,0
TROO.US,5,20250909,191000,1.02,1.02,1.02,1.02,100,0
TROO.US,5,20250909,193000,1.02,1.02,1,1,228,0
TROO.US,5,20250909,194500,1.02,1.02,1.02,1.02,370,0
TROO.US,5,20250909,200000,1.03,1.03,1.03,1.03,200,0
TROO.US,5,20250909,202500,1.04,1.04,1.04,1.04,400,0
TROO.US,5,20250909,204000,1.03,1.03,1.02,1.02,716,0
TROO.US,5,20250909,210500,1.0237,1.0237,1.0237,1.0237,606,0
TROO.US,5,20250909,213500,1.03,1.04,1.03,1.03,2300,0
TROO.US,5,20250909,214000,1.02,1.03,1.02,1.025,1505,0
TROO.US,5,20250909,214500,1.02,1.02,1.02,1.02,199,0
TROO.US,5,20250909,215000,1.02,1.02,1.02,1.02,1354,0
TROO.US,5,20250910,153000,0.99,1.02,0.99,1,10057,0
TROO.US,5,20250910,153500,1,1,0.98,0.98,5178,0
TROO.US,5,20250910,154000,0.995,0.995,0.995,0.995,100,0
TROO.US,5,20250910,155000,1,1.03,0.9998,1.02,6100,0
TROO.US,5,20250910,155500,1,1.01,1,1.01,900,0
TROO.US,5,20250910,160000,1.01771,1.02,1.01771,1.02,454,0
TROO.US,5,20250910,160500,1.02,1.04,1.01,1.03,7855,0
TROO.US,5,20250910,163000,1.05,1.05,1.05,1.05,844,0
TROO.US,5,20250910,164000,1.059,1.06,1.05,1.06,5328,0
TROO.US,5,20250910,165000,1.0854,1.0854,1.0602,1.0602,245,0
TROO.US,5,20250910,171000,1.07,1.0898,1.07,1.08,4823,0
TROO.US,5,20250910,171500,1.09,1.1124,1.09,1.1,7273,0
TROO.US,5,20250910,172000,1.1118,1.1499,1.11,1.1499,33980,0
TROO.US,5,20250910,172500,1.15,1.15,1.12,1.14,12935,0
TROO.US,5,20250910,173000,1.15,1.17,1.1499,1.17,12600,0
TROO.US,5,20250910,173500,1.155,1.155,1.155,1.155,100,0
TROO.US,5,20250910,174000,1.14,1.14,1.1302,1.1302,439,0
TROO.US,5,20250910,174500,1.15,1.15,1.15,1.15,227,0
TROO.US,5,20250910,175000,1.1496,1.1496,1.13,1.13,880,0
TROO.US,5,20250910,180000,1.1301,1.1301,1.1301,1.1301,1303,0
TROO.US,5,20250910,180500,1.15,1.15,1.15,1.15,141,0
TROO.US,5,20250910,181000,1.15,1.1797,1.15,1.17,2300,0
TROO.US,5,20250910,182000,1.155,1.155,1.155,1.155,705,0
TROO.US,5,20250910,183000,1.155,1.16,1.152,1.16,2590,0
TROO.US,5,20250910,184500,1.1505,1.1505,1.1505,1.1505,220,0
TROO.US,5,20250910,185000,1.1553,1.1553,1.1553,1.1553,503,0
TROO.US,5,20250910,185500,1.15,1.15,1.15,1.15,401,0
TROO.US,5,20250910,190500,1.15,1.175,1.15,1.16,3515,0
TROO.US,5,20250910,191000,1.16,1.17,1.16,1.17,1000,0
TROO.US,5,20250910,191500,1.165,1.18,1.165,1.18,10451,0
TROO.US,5,20250910,192000,1.18,1.18,1.18,1.18,344,0
TROO.US,5,20250910,192500,1.18,1.1882,1.17,1.17,3422,0
TROO.US,5,20250910,193000,1.17,1.17,1.17,1.17,500,0
TROO.US,5,20250910,193500,1.1804,1.1804,1.1804,1.1804,100,0
TROO.US,5,20250910,194500,1.17,1.173,1.1329,1.1329,8277,0
TROO.US,5,20250910,195000,1.1301,1.1301,1.1301,1.1301,4912,0
TROO.US,5,20250910,201500,1.15,1.15,1.1,1.115,3304,0
TROO.US,5,20250910,202000,1.11,1.11,1.11,1.11,300,0
TROO.US,5,20250910,202500,1.11,1.12,1.11,1.12,200,0
TROO.US,5,20250910,205000,1.1383,1.1383,1.1383,1.1383,100,0
TROO.US,5,20250910,210000,1.13,1.13,1.13,1.13,1050,0
TROO.US,5,20250910,210500,1.1218,1.1218,1.1218,1.1218,200,0
TROO.US,5,20250910,211000,1.1385,1.1385,1.1385,1.1385,300,0
TROO.US,5,20250910,211500,1.145,1.15,1.145,1.15,689,0
TROO.US,5,20250910,213000,1.19,1.2,1.18,1.18,3696,0
TROO.US,5,20250910,213500,1.1965,1.1998,1.19,1.1998,8389,0
TROO.US,5,20250910,214000,1.1998,1.1998,1.18,1.18,3315,0
TROO.US,5,20250910,214500,1.19,1.19,1.19,1.19,184,0
TROO.US,5,20250910,215000,1.19,1.23,1.19,1.215,11752,0
TROO.US,5,20250910,215500,1.23,1.24,1.22,1.23,6241,0
TROO.US,5,20250911,153000,1.2,1.24,1.18,1.18,5441,0
TROO.US,5,20250911,153500,1.18,1.18,1.18,1.18,100,0
TROO.US,5,20250911,154000,1.18,1.18,1.15,1.16,6970,0
TROO.US,5,20250911,154500,1.13,1.1301,1.11,1.13,3189,0
TROO.US,5,20250911,155000,1.165046,1.165046,1.165046,1.165046,600,0
TROO.US,5,20250911,155500,1.1749,1.1749,1.1749,1.1749,400,0
TROO.US,5,20250911,160000,1.18,1.18,1.18,1.18,300,0
TROO.US,5,20250911,160500,1.168,1.28,1.15,1.24,39799,0
TROO.US,5,20250911,161000,1.24,1.255,1.24,1.255,1744,0
TROO.US,5,20250911,162000,1.25,1.271955,1.25,1.271955,5128,0
TROO.US,5,20250911,163000,1.2578,1.2578,1.19,1.19,7300,0
TROO.US,5,20250911,163500,1.21,1.21,1.2,1.2,720,0
TROO.US,5,20250911,164000,1.18,1.18,1.18,1.18,151,0
TROO.US,5,20250911,164500,1.16,1.16,1.16,1.16,339,0
TROO.US,5,20250911,170000,1.21,1.22,1.21,1.22,300,0
TROO.US,5,20250911,171000,1.24,1.25,1.23,1.24,10300,0
TROO.US,5,20250911,172000,1.24,1.24,1.2305,1.2305,1060,0
TROO.US,5,20250911,173500,1.215,1.215,1.215,1.215,1999,0
TROO.US,5,20250911,174000,1.226,1.226,1.226,1.226,500,0
TROO.US,5,20250911,175000,1.22,1.22,1.21,1.21,410,0
TROO.US,5,20250911,181000,1.2296,1.2296,1.19,1.19,2750,0
TROO.US,5,20250911,184000,1.2151,1.2151,1.2151,1.2151,1181,0
TROO.US,5,20250911,184500,1.1935,1.2199,1.1935,1.2199,1250,0
TROO.US,5,20250911,191000,1.19,1.19,1.16,1.175,23682,0
TROO.US,5,20250911,193500,1.175,1.175,1.175,1.175,250,0
TROO.US,5,20250911,194000,1.17,1.17,1.17,1.17,400,0
TROO.US,5,20250911,194500,1.1662,1.175,1.1662,1.175,627,0
TROO.US,5,20250911,195000,1.175,1.175,1.175,1.175,116,0
TROO.US,5,20250911,202500,1.1955,1.1955,1.1518,1.1518,1850,0
TROO.US,5,20250911,204500,1.15,1.15,1.15,1.15,100,0
TROO.US,5,20250911,211000,1.1152,1.1152,1.1152,1.1152,339,0
TROO.US,5,20250911,211500,1.1101,1.1101,1.1101,1.1101,5500,0
TROO.US,5,20250911,213000,1.135,1.15,1.135,1.15,1300,0
TROO.US,5,20250911,214000,1.15,1.15,1.15,1.15,340,0
TROO.US,5,20250911,214500,1.16,1.16,1.16,1.16,414,0
TROO.US,5,20250911,215000,1.17,1.17,1.17,1.17,200,0
TROO.US,5,20250911,215500,1.16,1.1698,1.15,1.15,7357,0
TROO.US,5,20250912,153000,1.27,1.3,1.27,1.2927,7964,0
TROO.US,5,20250912,153500,1.24628,1.265,1.2201,1.24,3257,0
TROO.US,5,20250912,154000,1.24546,1.24546,1.2401,1.2401,15012,0
TROO.US,5,20250912,154500,1.27,1.27,1.25,1.25,3751,0
TROO.US,5,20250912,155000,1.2268,1.2268,1.2268,1.2268,400,0
TROO.US,5,20250912,160500,1.23,1.23,1.23,1.23,200,0
TROO.US,5,20250912,161000,1.25,1.25,1.25,1.25,120,0
TROO.US,5,20250912,163500,1.25,1.25,1.25,1.25,1574,0
TROO.US,5,20250912,164000,1.255,1.255,1.255,1.255,1000,0
TROO.US,5,20250912,165000,1.26,1.26,1.26,1.26,100,0
TROO.US,5,20250912,165500,1.243,1.25,1.243,1.25,810,0
TROO.US,5,20250912,170000,1.24,1.25,1.23,1.23,2066,0
TROO.US,5,20250912,170500,1.24,1.28,1.24,1.28,12171,0
TROO.US,5,20250912,171000,1.2649,1.2649,1.2649,1.2649,258,0
TROO.US,5,20250912,171500,1.27,1.27,1.27,1.27,300,0
TROO.US,5,20250912,172000,1.26,1.26,1.26,1.26,600,0
TROO.US,5,20250912,173500,1.255,1.255,1.25,1.25,4000,0
TROO.US,5,20250912,174000,1.2512,1.3,1.2512,1.3,5922,0
TROO.US,5,20250912,175500,1.3,1.3,1.3,1.3,6168,0
TROO.US,5,20250912,180000,1.27,1.27,1.27,1.27,100,0
TROO.US,5,20250912,180500,1.2747,1.285,1.2701,1.285,3491,0
TROO.US,5,20250912,182500,1.2701,1.2734,1.2701,1.2701,5888,0
TROO.US,5,20250912,183000,1.28,1.28,1.26,1.26,6860,0
TROO.US,5,20250912,183500,1.26,1.26,1.26,1.26,150,0
TROO.US,5,20250912,184000,1.26,1.26,1.26,1.26,100,0
TROO.US,5,20250912,184500,1.255,1.255,1.255,1.255,2000,0
TROO.US,5,20250912,185000,1.2594,1.2594,1.2326,1.2326,3600,0
TROO.US,5,20250912,185500,1.24,1.25,1.22,1.22,6319,0
TROO.US,5,20250912,190000,1.23,1.23,1.23,1.23,350,0
TROO.US,5,20250912,190500,1.23,1.23,1.21,1.225,6900,0
TROO.US,5,20250912,191000,1.23,1.23,1.23,1.23,250,0
TROO.US,5,20250912,191500,1.2101,1.2101,1.2101,1.2101,277,0
TROO.US,5,20250912,192000,1.22,1.22,1.22,1.22,165,0
TROO.US,5,20250912,193500,1.22,1.23,1.22,1.23,1883,0
TROO.US,5,20250912,194500,1.2213,1.2213,1.2213,1.2213,650,0
TROO.US,5,20250912,195000,1.225,1.2299,1.225,1.2292,500,0
TROO.US,5,20250912,195500,1.2299,1.23,1.2299,1.23,1375,0
TROO.US,5,20250912,201000,1.2315,1.2315,1.23,1.23,2000,0
TROO.US,5,20250912,201500,1.2307,1.2307,1.23,1.2307,5050,0
TROO.US,5,20250912,203000,1.23,1.23,1.23,1.23,101,0
TROO.US,5,20250912,203500,1.23,1.23,1.23,1.23,102,0
TROO.US,5,20250912,204500,1.23,1.23,1.23,1.23,700,0
TROO.US,5,20250912,205000,1.23,1.23,1.23,1.23,600,0
TROO.US,5,20250912,205500,1.23,1.23,1.23,1.23,600,0
TROO.US,5,20250912,210000,1.23,1.23,1.23,1.23,300,0
TROO.US,5,20250912,210500,1.24,1.24,1.24,1.24,189,0
TROO.US,5,20250912,211000,1.24,1.24,1.24,1.24,184,0
TROO.US,5,20250912,211500,1.23,1.23,1.23,1.23,800,0
TROO.US,5,20250912,212000,1.23,1.23,1.23,1.23,500,0
TROO.US,5,20250912,212500,1.23,1.23,1.23,1.23,1100,0
TROO.US,5,20250912,213000,1.24,1.24,1.23,1.23,1075,0
TROO.US,5,20250912,213500,1.23,1.23,1.23,1.23,100,0
TROO.US,5,20250912,214000,1.23,1.24,1.23,1.24,400,0
TROO.US,5,20250912,214500,1.24,1.24,1.24,1.24,500,0
TROO.US,5,20250912,215000,1.245,1.245,1.235,1.245,4052,0
TROO.US,5,20250912,215500,1.235,1.25,1.2207,1.235,3069,0
TROO.US,5,20250915,153000,1.22,1.26,1.22,1.25256,3919,0
TROO.US,5,20250915,153500,1.25,1.3099,1.25,1.305,15201,0
TROO.US,5,20250915,154000,1.3099,1.3099,1.285,1.285,1205,0
TROO.US,5,20250915,154500,1.2717,1.2717,1.2717,1.2717,550,0
TROO.US,5,20250915,155000,1.3,1.33,1.3,1.33,8977,0
TROO.US,5,20250915,155500,1.32,1.32,1.31,1.3107,3164,0
TROO.US,5,20250915,160000,1.31,1.32,1.31,1.32,5656,0
TROO.US,5,20250915,160500,1.31,1.33,1.31,1.33,2000,0
TROO.US,5,20250915,161000,1.33,1.3828,1.325,1.3828,6041,0
TROO.US,5,20250915,161500,1.38,1.4242,1.36,1.4242,6077,0
TROO.US,5,20250915,162000,1.43,1.43,1.37,1.37,3082,0
TROO.US,5,20250915,162500,1.37,1.37,1.333,1.333,3712,0
TROO.US,5,20250915,163000,1.34,1.34,1.34,1.34,100,0
TROO.US,5,20250915,163500,1.34,1.35,1.33,1.35,3612,0
TROO.US,5,20250915,164000,1.35,1.35,1.34,1.34,500,0
TROO.US,5,20250915,164500,1.35,1.3697,1.35,1.3697,847,0
TROO.US,5,20250915,165000,1.355,1.371,1.355,1.355,2175,0
TROO.US,5,20250915,165500,1.342,1.355,1.342,1.355,1850,0
TROO.US,5,20250915,170000,1.355,1.355,1.34,1.34,7659,0
TROO.US,5,20250915,170500,1.35,1.35,1.34,1.34,2030,0
TROO.US,5,20250915,171000,1.34,1.34,1.34,1.34,419,0
TROO.US,5,20250915,171500,1.34,1.34,1.34,1.34,200,0
TROO.US,5,20250915,172000,1.34,1.34,1.34,1.34,388,0
TROO.US,5,20250915,172500,1.3406,1.3406,1.3406,1.3406,177,0
TROO.US,5,20250915,173000,1.34,1.34,1.325,1.33,3024,0
TROO.US,5,20250915,174000,1.3454,1.3454,1.341,1.341,200,0
TROO.US,5,20250915,174500,1.31,1.31,1.31,1.31,350,0
TROO.US,5,20250915,180000,1.325,1.325,1.32,1.32,200,0
TROO.US,5,20250915,180500,1.3029,1.3029,1.3029,1.3029,1250,0
TROO.US,5,20250915,184000,1.3,1.3,1.29,1.29,2135,0
TROO.US,5,20250915,184500,1.2702,1.28,1.26,1.26,2956,0
TROO.US,5,20250915,185500,1.285,1.285,1.285,1.285,100,0
TROO.US,5,20250915,191500,1.26,1.26,1.26,1.26,110,0
TROO.US,5,20250915,192500,1.27,1.27,1.26,1.26,865,0
TROO.US,5,20250915,193500,1.27,1.27,1.27,1.27,119,0
TROO.US,5,20250915,194500,1.27,1.27,1.27,1.27,200,0
TROO.US,5,20250915,195000,1.28,1.29,1.28,1.29,322,0
TROO.US,5,20250915,200500,1.2785,1.2785,1.2785,1.2785,100,0
TROO.US,5,20250915,201500,1.2743,1.2819,1.26,1.2819,8491,0
TROO.US,5,20250915,202500,1.26,1.26,1.26,1.26,10200,0
TROO.US,5,20250915,203000,1.26,1.26,1.26,1.26,100,0
TROO.US,5,20250915,203500,1.27,1.27,1.27,1.27,100,0
TROO.US,5,20250915,204000,1.2692,1.2692,1.26,1.26,400,0
TROO.US,5,20250915,204500,1.27,1.315,1.27,1.315,1227,0
TROO.US,5,20250915,205000,1.34,1.34,1.29,1.3,991,0
TROO.US,5,20250915,205500,1.2601,1.2601,1.26,1.26,1544,0
TROO.US,5,20250915,210000,1.2729,1.275,1.2602,1.275,400,0
TROO.US,5,20250915,210500,1.2899,1.2899,1.275,1.275,300,0
TROO.US,5,20250915,211000,1.27,1.27,1.26,1.26,200,0
TROO.US,5,20250915,211500,1.277,1.277,1.277,1.277,100,0
TROO.US,5,20250915,212500,1.2565,1.28,1.25,1.28,2989,0
TROO.US,5,20250915,214500,1.27,1.27,1.27,1.27,236,0
TROO.US,5,20250915,215000,1.28,1.29,1.26,1.265,700,0
TROO.US,5,20250915,215500,1.28,1.28,1.28,1.28,200,0
TROO.US,5,20250916,153000,1.3715,1.3715,1.2598,1.2598,1088,0
TROO.US,5,20250916,153500,1.2644,1.2644,1.25,1.26,1881,0
TROO.US,5,20250916,154500,1.2812,1.2812,1.2812,1.2812,180,0
TROO.US,5,20250916,155500,1.2836,1.2836,1.2836,1.2836,499,0
TROO.US,5,20250916,160000,1.31,1.33,1.31,1.33,781,0
TROO.US,5,20250916,160500,1.3194,1.3194,1.29,1.29,1567,0
TROO.US,5,20250916,161000,1.29,1.29,1.29,1.29,1006,0
TROO.US,5,20250916,164500,1.2815,1.29,1.2815,1.29,587,0
TROO.US,5,20250916,165000,1.29,1.3,1.29,1.3,200,0
TROO.US,5,20250916,170000,1.29,1.29,1.28,1.28,1900,0
TROO.US,5,20250916,171000,1.2899,1.2899,1.2899,1.2899,2000,0
TROO.US,5,20250916,171500,1.29,1.34,1.29,1.34,15800,0
TROO.US,5,20250916,172500,1.34,1.34,1.34,1.34,1000,0
TROO.US,5,20250916,173000,1.3337,1.3337,1.3337,1.3337,100,0
TROO.US,5,20250916,174500,1.32,1.32,1.3,1.3163,10672,0
TROO.US,5,20250916,175000,1.33,1.33,1.33,1.33,200,0
TROO.US,5,20250916,175500,1.32,1.32,1.32,1.32,790,0
TROO.US,5,20250916,180000,1.3001,1.3001,1.3001,1.3001,1000,0
TROO.US,5,20250916,181500,1.3008,1.31,1.3008,1.31,216,0
TROO.US,5,20250916,182500,1.3274,1.33,1.3274,1.33,1003,0
TROO.US,5,20250916,183000,1.33,1.33,1.33,1.33,1400,0
TROO.US,5,20250916,184500,1.325,1.325,1.325,1.325,100,0
TROO.US,5,20250916,185000,1.34,1.34,1.34,1.34,200,0
TROO.US,5,20250916,192000,1.34,1.34,1.34,1.34,100,0
TROO.US,5,20250916,192500,1.315,1.315,1.315,1.315,100,0
TROO.US,5,20250916,193000,1.325,1.325,1.325,1.325,138,0
TROO.US,5,20250916,194000,1.31,1.31,1.31,1.31,500,0
TROO.US,5,20250916,194500,1.3124,1.3124,1.3124,1.3124,500,0
TROO.US,5,20250916,195000,1.33,1.33,1.33,1.33,120,0
TROO.US,5,20250916,200000,1.3337,1.3337,1.3337,1.3337,310,0
TROO.US,5,20250916,201000,1.322,1.33,1.322,1.33,2824,0
TROO.US,5,20250916,202000,1.32,1.3372,1.3,1.3,6691,0
TROO.US,5,20250916,204000,1.3,1.3,1.3,1.3,2105,0
TROO.US,5,20250916,210000,1.28,1.28,1.21,1.235,19279,0
TROO.US,5,20250916,211000,1.2881,1.2881,1.2881,1.2881,285,0
TROO.US,5,20250916,213000,1.27,1.27,1.27,1.27,100,0
TROO.US,5,20250916,215000,1.27,1.27,1.26,1.26,5862,0
TROO.US,5,20250916,215500,1.27,1.27,1.26,1.265,998,0
TROO.US,5,20250917,153000,1.25,1.25,1.25,1.25,726,0
TROO.US,5,20250917,153500,1.245,1.245,1.245,1.245,100,0
TROO.US,5,20250917,154000,1.2301,1.28,1.20894,1.2113,9350,0
TROO.US,5,20250917,160500,1.2494,1.2494,1.24,1.24,934,0
TROO.US,5,20250917,161000,1.24,1.24,1.24,1.24,100,0
TROO.US,5,20250917,161500,1.2394,1.27,1.2394,1.2678,2710,0
TROO.US,5,20250917,163500,1.2799,1.2799,1.2542,1.2542,5100,0
TROO.US,5,20250917,164500,1.2533,1.2533,1.2533,1.2533,570,0
TROO.US,5,20250917,170000,1.26,1.2798,1.26,1.2798,469,0
TROO.US,5,20250917,171000,1.28,1.28,1.2609,1.2609,485,0
TROO.US,5,20250917,171500,1.27,1.28,1.27,1.28,1852,0
TROO.US,5,20250917,173000,1.3046,1.3046,1.3046,1.3046,229,0
TROO.US,5,20250917,174500,1.295,1.3,1.2861,1.2861,578,0
TROO.US,5,20250917,180500,1.3,1.3184,1.3,1.3184,1224,0
TROO.US,5,20250917,181500,1.3176,1.3176,1.3,1.3002,3056,0
TROO.US,5,20250917,182000,1.2936,1.2936,1.29,1.29,1338,0
TROO.US,5,20250917,182500,1.2909,1.2909,1.29,1.29,1131,0
TROO.US,5,20250917,192500,1.27,1.27,1.2617,1.2617,1300,0
TROO.US,5,20250917,193500,1.26,1.26,1.26,1.26,993,0
TROO.US,5,20250917,194000,1.26,1.26,1.26,1.26,400,0
TROO.US,5,20250917,195000,1.26,1.26,1.26,1.26,400,0
TROO.US,5,20250917,195500,1.29,1.29,1.29,1.29,140,0
TROO.US,5,20250917,200500,1.2874,1.2874,1.2874,1.2874,387,0
TROO.US,5,20250917,201000,1.27,1.27,1.27,1.27,217,0
TROO.US,5,20250917,203000,1.28,1.28,1.28,1.28,390,0
TROO.US,5,20250917,204500,1.27,1.2749,1.27,1.27,812,0
TROO.US,5,20250917,205000,1.27,1.27,1.27,1.27,100,0
TROO.US,5,20250917,210000,1.27,1.27,1.2641,1.2641,1300,0
TROO.US,5,20250917,211000,1.28,1.28,1.28,1.28,500,0
TROO.US,5,20250917,211500,1.27,1.27,1.27,1.27,200,0
TROO.US,5,20250917,214000,1.27,1.27,1.27,1.27,201,0
TROO.US,5,20250917,215500,1.2798,1.285,1.27,1.285,10533,0
TROO.US,5,20250918,153000,1.27,1.27,1.27,1.27,105,0
TROO.US,5,20250918,155500,1.2502,1.2503,1.24,1.2425,5819,0
TROO.US,5,20250918,160500,1.25,1.25,1.25,1.25,4294,0
TROO.US,5,20250918,161000,1.25,1.25,1.24,1.24,3588,0
TROO.US,5,20250918,161500,1.2401,1.26,1.2401,1.26,5500,0
TROO.US,5,20250918,162000,1.24,1.24,1.24,1.24,1100,0
TROO.US,5,20250918,162500,1.2409,1.2409,1.2409,1.2409,125,0
TROO.US,5,20250918,163000,1.26,1.26,1.26,1.26,508,0
TROO.US,5,20250918,164500,1.26,1.26,1.26,1.26,100,0
TROO.US,5,20250918,165500,1.25,1.2589,1.25,1.2589,417,0
TROO.US,5,20250918,170500,1.26,1.26,1.26,1.26,288,0
TROO.US,5,20250918,171000,1.25,1.25,1.25,1.25,100,0
TROO.US,5,20250918,183000,1.2797,1.2797,1.2797,1.2797,3100,0
TROO.US,5,20250918,183500,1.28,1.28,1.28,1.28,2000,0
TROO.US,5,20250918,190500,1.2943,1.3,1.2943,1.3,1156,0
TROO.US,5,20250918,192500,1.2919,1.2919,1.29,1.29,729,0
TROO.US,5,20250918,200500,1.29,1.2997,1.28,1.28,3538,0
TROO.US,5,20250918,201500,1.3,1.3,1.3,1.3,492,0
TROO.US,5,20250918,205000,1.302,1.32,1.302,1.32,313,0
TROO.US,5,20250918,211000,1.3399,1.3399,1.3399,1.3399,700,0
TROO.US,5,20250919,153000,1.35,1.35,1.35,1.35,868,0
TROO.US,5,20250919,153500,1.36,1.36,1.27,1.27,11361,0
TROO.US,5,20250919,154000,1.3105,1.335,1.3105,1.335,640,0
TROO.US,5,20250919,160500,1.33,1.34,1.33,1.34,2436,0
TROO.US,5,20250919,161000,1.345,1.35,1.345,1.35,5000,0
TROO.US,5,20250919,162500,1.3544,1.3544,1.3544,1.3544,680,0
TROO.US,5,20250919,163000,1.3601,1.3724,1.36,1.3613,16556,0
TROO.US,5,20250919,164500,1.38,1.3801,1.38,1.3801,790,0
TROO.US,5,20250919,165500,1.3819,1.3819,1.3819,1.3819,650,0
TROO.US,5,20250919,170000,1.385577,1.42,1.385577,1.4099,4400,0
TROO.US,5,20250919,170500,1.4,1.41,1.3917,1.41,20032,0
TROO.US,5,20250919,171000,1.42,1.42,1.42,1.42,500,0
TROO.US,5,20250919,172500,1.4,1.4,1.4,1.4,100,0
TROO.US,5,20250919,173000,1.3915,1.3915,1.3915,1.3915,242,0
TROO.US,5,20250919,174000,1.4083,1.4083,1.4083,1.4083,200,0
TROO.US,5,20250919,174500,1.41,1.43,1.41,1.43,4122,0
TROO.US,5,20250919,175000,1.42,1.42,1.42,1.42,5740,0
TROO.US,5,20250919,180000,1.42,1.42,1.42,1.42,242,0
TROO.US,5,20250919,181000,1.425,1.425,1.425,1.425,6000,0
TROO.US,5,20250919,182000,1.4273,1.4273,1.42,1.42,2100,0
TROO.US,5,20250919,185000,1.4,1.4,1.4,1.4,1800,0
TROO.US,5,20250919,190000,1.39,1.39,1.36,1.36,7990,0
TROO.US,5,20250919,190500,1.375,1.42,1.375,1.395,2100,0
TROO.US,5,20250919,191000,1.4165,1.4165,1.37,1.37,1872,0
TROO.US,5,20250919,192000,1.41,1.41,1.41,1.41,3546,0
TROO.US,5,20250919,194500,1.4,1.4,1.37,1.37,6000,0
TROO.US,5,20250919,200500,1.39,1.39,1.39,1.39,100,0
TROO.US,5,20250919,201500,1.375,1.375,1.375,1.375,150,0
TROO.US,5,20250919,211000,1.3629,1.3629,1.3629,1.3629,269,0
TROO.US,5,20250919,213000,1.37,1.3794,1.37,1.371,879,0
TROO.US,5,20250919,213500,1.38,1.38,1.38,1.38,400,0
TROO.US,5,20250919,214000,1.364,1.364,1.364,1.364,238,0
TROO.US,5,20250919,214500,1.375,1.375,1.375,1.375,103,0
TROO.US,5,20250919,215000,1.3648,1.3648,1.3645,1.3645,370,0
TROO.US,5,20250919,215500,1.375,1.375,1.34,1.36,4281,0
TROO.US,5,20250922,153000,1.35,1.35,1.35,1.35,100,0
TROO.US,5,20250922,153500,1.35,1.35,1.35,1.35,2070,0
TROO.US,5,20250922,155000,1.35,1.35,1.3401,1.3401,5100,0
TROO.US,5,20250922,160000,1.34,1.35,1.32,1.32,7482,0
TROO.US,5,20250922,160500,1.32,1.32,1.31,1.31,5000,0
TROO.US,5,20250922,161000,1.3599,1.3599,1.3105,1.3119,3991,0
TROO.US,5,20250922,161500,1.3567,1.3567,1.34,1.34,1200,0
TROO.US,5,20250922,165500,1.3213,1.3213,1.3207,1.3207,765,0
TROO.US,5,20250922,170000,1.3202,1.3202,1.3202,1.3202,5000,0
TROO.US,5,20250922,171500,1.33,1.33,1.33,1.33,3200,0
TROO.US,5,20250922,173000,1.33,1.33,1.33,1.33,2000,0
TROO.US,5,20250922,174500,1.3213,1.3213,1.3213,1.3213,700,0
TROO.US,5,20250922,175500,1.32,1.32,1.31,1.31,2649,0
TROO.US,5,20250922,180500,1.32,1.32,1.3,1.3,1412,0
TROO.US,5,20250922,181000,1.33,1.33,1.33,1.33,600,0
TROO.US,5,20250922,181500,1.32,1.32,1.32,1.32,600,0
TROO.US,5,20250922,184500,1.2974,1.2974,1.2819,1.2819,1475,0
TROO.US,5,20250922,192000,1.2891,1.2891,1.2891,1.2891,1400,0
TROO.US,5,20250922,192500,1.28,1.28,1.26,1.26,5218,0
TROO.US,5,20250922,194000,1.2501,1.2501,1.2501,1.2501,5000,0
TROO.US,5,20250922,195000,1.255,1.2683,1.25,1.2683,9254,0
TROO.US,5,20250922,201500,1.24,1.24,1.24,1.24,1666,0
TROO.US,5,20250922,202000,1.24,1.24,1.2315,1.2315,1495,0
TROO.US,5,20250922,202500,1.24,1.24,1.24,1.24,210,0
TROO.US,5,20250922,204500,1.235,1.235,1.235,1.235,1000,0
TROO.US,5,20250922,205500,1.2391,1.2391,1.23,1.23,200,0
TROO.US,5,20250922,211000,1.2385,1.2385,1.2385,1.2385,800,0
TROO.US,5,20250922,211500,1.2305,1.2597,1.23,1.2597,1861,0
TROO.US,5,20250922,213000,1.243,1.243,1.243,1.243,198,0
TROO.US,5,20250922,213500,1.25,1.27,1.25,1.27,1000,0
TROO.US,5,20250922,214500,1.26,1.26,1.26,1.26,180,0
TROO.US,5,20250922,215000,1.255,1.255,1.25,1.25,930,0
TROO.US,5,20250922,215500,1.24,1.26,1.24,1.26,346,0
TROO.US,5,20250923,153000,1.21,1.2246,1.21,1.2246,7391,0
TROO.US,5,20250923,154500,1.2351,1.2351,1.2351,1.2351,100,0
TROO.US,5,20250923,155000,1.2351,1.2657,1.2351,1.2657,350,0
TROO.US,5,20250923,155500,1.26,1.26,1.26,1.26,400,0
TROO.US,5,20250923,160500,1.25,1.26,1.23,1.23,2700,0
TROO.US,5,20250923,161500,1.27,1.27,1.27,1.27,1000,0
TROO.US,5,20250923,162000,1.255,1.255,1.255,1.255,788,0
TROO.US,5,20250923,164000,1.26,1.26,1.26,1.26,122,0
TROO.US,5,20250923,170500,1.2608,1.2608,1.2608,1.2608,349,0
TROO.US,5,20250923,171000,1.2692,1.2699,1.269,1.269,1000,0
TROO.US,5,20250923,172500,1.26,1.26,1.251,1.251,1600,0
TROO.US,5,20250923,173000,1.26,1.27,1.26,1.27,2197,0
TROO.US,5,20250923,174000,1.27,1.27,1.27,1.27,3546,0
TROO.US,5,20250923,181500,1.2793,1.2793,1.2793,1.2793,345,0
TROO.US,5,20250923,182000,1.275,1.275,1.275,1.275,200,0
TROO.US,5,20250923,183500,1.28,1.28,1.28,1.28,1531,0
TROO.US,5,20250923,185000,1.3,1.3,1.3,1.3,107,0
TROO.US,5,20250923,185500,1.29,1.29,1.29,1.29,600,0
TROO.US,5,20250923,193000,1.28,1.28,1.28,1.28,250,0
TROO.US,5,20250923,193500,1.28,1.28,1.26,1.26,7562,0
TROO.US,5,20250923,194500,1.28,1.28,1.265,1.265,1640,0
TROO.US,5,20250923,195000,1.26,1.26,1.26,1.26,100,0
TROO.US,5,20250923,205500,1.275,1.275,1.275,1.275,1000,0
TROO.US,5,20250923,212000,1.26,1.26,1.26,1.26,208,0
TROO.US,5,20250923,213000,1.2698,1.2698,1.252,1.252,715,0
TROO.US,5,20250923,213500,1.27,1.27,1.25,1.25,4127,0
TROO.US,5,20250923,215500,1.236419,1.25,1.23,1.23,4043,0
TROO.US,5,20250924,153000,1.34,1.655,1.34,1.59,236937,0
TROO.US,5,20250924,153500,1.6,1.63,1.23,1.2988,259279,0
TROO.US,5,20250924,154000,1.2416,1.2984,1.2,1.2086,57182,0
TROO.US,5,20250924,154500,1.21,1.25,1.12,1.13,53976,0
TROO.US,5,20250924,155000,1.18,1.21,1.1792,1.1953,13808,0
TROO.US,5,20250924,155500,1.17,1.2,1.17,1.18,9632,0
TROO.US,5,20250924,160000,1.18,1.2475,1.18,1.23,12416,0
TROO.US,5,20250924,160500,1.22,1.23,1.22,1.2284,4416,0
TROO.US,5,20250924,161000,1.22,1.2288,1.22,1.2288,1000,0
TROO.US,5,20250924,161500,1.21,1.2257,1.21,1.2257,1723,0
TROO.US,5,20250924,162000,1.2299,1.2299,1.2299,1.2299,1217,0
TROO.US,5,20250924,162500,1.23,1.2398,1.23,1.2398,2515,0
TROO.US,5,20250924,163000,1.23,1.23,1.23,1.23,1724,0
TROO.US,5,20250924,163500,1.23,1.23,1.2063,1.225,818,0
TROO.US,5,20250924,164000,1.2017,1.2017,1.2017,1.2017,2000,0
TROO.US,5,20250924,165000,1.24,1.24,1.24,1.24,100,0
TROO.US,5,20250924,165500,1.2037,1.2037,1.2037,1.2037,536,0
TROO.US,5,20250924,170000,1.24,1.2423,1.24,1.2423,220,0
TROO.US,5,20250924,172000,1.2497,1.25,1.24,1.2481,1598,0
TROO.US,5,20250924,172500,1.2488,1.2491,1.2488,1.2491,600,0
TROO.US,5,20250924,173000,1.25,1.25,1.25,1.25,100,0
TROO.US,5,20250924,173500,1.24,1.245,1.24,1.245,2102,0
TROO.US,5,20250924,175000,1.24,1.25,1.24,1.25,217,0
TROO.US,5,20250924,175500,1.2462,1.2462,1.23,1.24,4763,0
TROO.US,5,20250924,180000,1.2202,1.23,1.2202,1.225,825,0
TROO.US,5,20250924,180500,1.21,1.22,1.21,1.215,530,0
TROO.US,5,20250924,182000,1.22,1.22,1.22,1.22,959,0
TROO.US,5,20250924,183500,1.22,1.22,1.22,1.22,200,0
TROO.US,5,20250924,184000,1.21,1.21,1.2,1.2,7939,0
TROO.US,5,20250924,184500,1.19,1.2252,1.19,1.2252,954,0
TROO.US,5,20250924,185500,1.215,1.22,1.215,1.22,2460,0
TROO.US,5,20250924,190000,1.2,1.2114,1.2,1.2,2083,0
TROO.US,5,20250924,191000,1.18,1.18,1.18,1.18,1147,0
TROO.US,5,20250924,191500,1.18,1.18,1.1619,1.1619,722,0
TROO.US,5,20250924,192000,1.18,1.22,1.18,1.19,2307,0
TROO.US,5,20250924,193000,1.2163,1.2163,1.2163,1.2163,500,0
TROO.US,5,20250924,194500,1.2,1.2,1.2,1.2,100,0
TROO.US,5,20250924,195500,1.1821,1.19,1.1821,1.19,300,0
TROO.US,5,20250924,200000,1.17,1.175,1.17,1.17,2279,0
TROO.US,5,20250924,200500,1.17,1.17,1.16,1.16,2100,0
TROO.US,5,20250924,201000,1.16,1.16,1.1087,1.1087,14043,0
TROO.US,5,20250924,201500,1.1012,1.11,1.1012,1.11,897,0
TROO.US,5,20250924,202000,1.1199,1.12,1.1199,1.1199,3287,0
TROO.US,5,20250924,203000,1.1366,1.1366,1.1366,1.1366,200,0
TROO.US,5,20250924,203500,1.14,1.14,1.14,1.14,120,0
TROO.US,5,20250924,204000,1.14,1.14,1.14,1.14,565,0
TROO.US,5,20250924,205000,1.1201,1.1201,1.12,1.12,2572,0
TROO.US,5,20250924,205500,1.13,1.1394,1.13,1.1394,1000,0
TROO.US,5,20250924,210000,1.13,1.13,1.13,1.13,100,0
TROO.US,5,20250924,210500,1.1298,1.1299,1.1298,1.1298,1000,0
TROO.US,5,20250924,211500,1.1286,1.13,1.125,1.129,1907,0
TROO.US,5,20250924,212000,1.1256,1.129,1.125,1.125,1612,0
TROO.US,5,20250924,212500,1.125,1.13,1.1244,1.13,2715,0
TROO.US,5,20250924,214000,1.13,1.13,1.13,1.13,1333,0
TROO.US,5,20250924,214500,1.1297,1.13,1.1297,1.13,1175,0
TROO.US,5,20250924,215000,1.12,1.1366,1.12,1.1366,221,0
TROO.US,5,20250924,215500,1.1399,1.14,1.1212,1.14,2198,0
TROO.US,5,20250925,153000,1.13,1.1424,1.13,1.1424,2657,0
TROO.US,5,20250925,153500,1.1401,1.1401,1.1401,1.1401,1825,0
TROO.US,5,20250925,154500,1.14,1.15,1.14,1.15,900,0
TROO.US,5,20250925,155000,1.15,1.1592,1.1419,1.1592,860,0
TROO.US,5,20250925,155500,1.16,1.16,1.15,1.15,1003,0
TROO.US,5,20250925,160500,1.155,1.21,1.155,1.21,6754,0
TROO.US,5,20250925,161000,1.19,1.19,1.16,1.1613,5575,0
TROO.US,5,20250925,161500,1.1629,1.1998,1.1629,1.19,1051,0
TROO.US,5,20250925,162500,1.21,1.2364,1.21,1.2225,5429,0
TROO.US,5,20250925,163000,1.24,1.25,1.22,1.22,10235,0
TROO.US,5,20250925,163500,1.22,1.22,1.22,1.22,500,0
TROO.US,5,20250925,164000,1.2254,1.23,1.225,1.23,1200,0
TROO.US,5,20250925,165000,1.22,1.2201,1.22,1.22,1208,0
TROO.US,5,20250925,165500,1.2273,1.2273,1.225,1.225,600,0
TROO.US,5,20250925,170000,1.22,1.22,1.2,1.2,1785,0
TROO.US,5,20250925,171500,1.2,1.2,1.2,1.2,500,0
TROO.US,5,20250925,172500,1.19,1.19,1.19,1.19,400,0
TROO.US,5,20250925,181000,1.2,1.2,1.2,1.2,400,0
TROO.US,5,20250925,184000,1.182,1.19,1.182,1.19,401,0
TROO.US,5,20250925,185000,1.2,1.2,1.2,1.2,4277,0
TROO.US,5,20250925,190000,1.2,1.2,1.2,1.2,600,0
TROO.US,5,20250925,191500,1.205454,1.205454,1.205454,1.205454,520,0
TROO.US,5,20250925,193000,1.2,1.2,1.2,1.2,100,0
TROO.US,5,20250925,193500,1.21,1.21,1.21,1.21,100,0
TROO.US,5,20250925,194000,1.2,1.2,1.2,1.2,100,0
TROO.US,5,20250925,194500,1.2,1.2,1.2,1.2,100,0
TROO.US,5,20250925,195000,1.2,1.2,1.2,1.2,100,0
TROO.US,5,20250925,195500,1.2,1.2017,1.2,1.2,450,0
TROO.US,5,20250925,200000,1.2,1.2,1.2,1.2,100,0
TROO.US,5,20250925,200500,1.2,1.2,1.2,1.2,100,0
TROO.US,5,20250925,202000,1.205,1.205,1.205,1.205,200,0
TROO.US,5,20250925,202500,1.2054,1.2054,1.2005,1.2005,2100,0
TROO.US,5,20250925,204000,1.2096,1.21,1.2096,1.21,2309,0
TROO.US,5,20250925,204500,1.21,1.23,1.21,1.23,518,0
TROO.US,5,20250925,205500,1.23,1.23,1.23,1.23,100,0
TROO.US,5,20250925,210000,1.23,1.23,1.23,1.23,100,0
TROO.US,5,20250925,210500,1.2294,1.2294,1.2294,1.2294,490,0
TROO.US,5,20250925,211000,1.23,1.24,1.22,1.24,967,0
TROO.US,5,20250925,212000,1.245,1.245,1.245,1.245,200,0
TROO.US,5,20250925,212500,1.245,1.245,1.245,1.245,321,0
TROO.US,5,20250925,213000,1.2401,1.2401,1.2401,1.2401,300,0
TROO.US,5,20250925,213500,1.25,1.265,1.25,1.265,1483,0
TROO.US,5,20250925,214000,1.2798,1.2798,1.2798,1.2798,191,0
TROO.US,5,20250925,214500,1.265,1.265,1.265,1.265,1000,0
TROO.US,5,20250925,215000,1.27,1.27,1.255,1.2599,2578,0
TROO.US,5,20250925,215500,1.2587,1.27,1.25,1.27,4449,0
TROO.US,5,20250926,153000,1.23,1.23,1.1806,1.1806,2173,0
TROO.US,5,20250926,153500,1.189,1.23,1.189,1.19,2386,0
TROO.US,5,20250926,155000,1.2,1.27,1.19,1.27,4780,0
TROO.US,5,20250926,160000,1.2,1.2,1.2,1.2,8994,0
TROO.US,5,20250926,161500,1.2641,1.2641,1.2641,1.2641,211,0
TROO.US,5,20250926,163000,1.2501,1.2501,1.2501,1.2501,147,0
TROO.US,5,20250926,163500,1.22,1.22,1.22,1.22,150,0
TROO.US,5,20250926,165500,1.233,1.233,1.233,1.233,400,0
TROO.US,5,20250926,170500,1.2422,1.26,1.2422,1.26,800,0
TROO.US,5,20250926,171000,1.2404,1.2404,1.22,1.22,1752,0
TROO.US,5,20250926,171500,1.23,1.23,1.22,1.22,1600,0
TROO.US,5,20250926,174000,1.2274,1.2274,1.2274,1.2274,100,0
TROO.US,5,20250926,174500,1.2274,1.2274,1.2274,1.2274,300,0
TROO.US,5,20250926,175000,1.2236,1.2236,1.2236,1.2236,400,0
TROO.US,5,20250926,182000,1.25,1.25,1.25,1.25,100,0
TROO.US,5,20250926,190000,1.23,1.23,1.23,1.23,505,0
TROO.US,5,20250926,191500,1.23,1.23,1.23,1.23,225,0
TROO.US,5,20250926,202500,1.24,1.26,1.24,1.26,1428,0
TROO.US,5,20250926,210000,1.2318,1.2318,1.2318,1.2318,120,0
TROO.US,5,20250926,210500,1.23,1.23,1.23,1.23,200,0
TROO.US,5,20250926,213500,1.23,1.23,1.23,1.23,206,0
TROO.US,5,20250926,214500,1.2203,1.2203,1.2203,1.2203,410,0
TROO.US,5,20250926,215000,1.23,1.23,1.23,1.23,200,0
TROO.US,5,20250926,215500,1.22,1.22,1.22,1.22,668,0
TROO.US,5,20250929,153000,1.2,1.2,1.18,1.1823,3467,0
TROO.US,5,20250929,153500,1.19,1.19,1.18,1.18,3165,0
TROO.US,5,20250929,154500,1.2,1.21,1.1821,1.21,7818,0
TROO.US,5,20250929,155000,1.23,1.28,1.23,1.28,26313,0
TROO.US,5,20250929,155500,1.2444,1.2444,1.2444,1.2444,200,0
TROO.US,5,20250929,161500,1.28,1.28,1.265,1.265,900,0
TROO.US,5,20250929,162000,1.27,1.27,1.27,1.27,667,0
TROO.US,5,20250929,162500,1.28,1.3,1.27,1.27,3111,0
TROO.US,5,20250929,163000,1.3,1.35,1.3,1.35,7014,0
TROO.US,5,20250929,163500,1.3351,1.3416,1.29,1.34,3200,0
TROO.US,5,20250929,165000,1.2933,1.33,1.2933,1.33,600,0
TROO.US,5,20250929,165500,1.29,1.29,1.29,1.29,1000,0
TROO.US,5,20250929,170500,1.3,1.3,1.29,1.3,1200,0
TROO.US,5,20250929,172000,1.315,1.315,1.315,1.315,100,0
TROO.US,5,20250929,173500,1.3,1.3,1.29,1.29,1180,0
TROO.US,5,20250929,174000,1.29,1.29,1.29,1.29,975,0
TROO.US,5,20250929,174500,1.3,1.3,1.3,1.3,207,0
TROO.US,5,20250929,181500,1.31,1.31,1.31,1.31,600,0
TROO.US,5,20250929,182500,1.3065,1.3065,1.3065,1.3065,100,0
TROO.US,5,20250929,183000,1.31,1.31,1.3,1.3,1489,0
TROO.US,5,20250929,183500,1.3,1.3,1.3,1.3,200,0
TROO.US,5,20250929,184000,1.3004,1.3004,1.3004,1.3004,1000,0
TROO.US,5,20250929,184500,1.3,1.3,1.3,1.3,1611,0
TROO.US,5,20250929,185000,1.3,1.3,1.3,1.3,400,0
TROO.US,5,20250929,190000,1.3001,1.3001,1.3001,1.3001,124,0
TROO.US,5,20250929,191000,1.3,1.3,1.3,1.3,394,0
TROO.US,5,20250929,191500,1.3,1.3,1.29,1.3,3525,0
TROO.US,5,20250929,192000,1.29,1.29,1.24,1.24,4700,0
TROO.US,5,20250929,192500,1.25,1.25,1.25,1.25,398,0
TROO.US,5,20250929,193000,1.25,1.25,1.25,1.25,205,0
TROO.US,5,20250929,195000,1.29,1.29,1.29,1.29,300,0
TROO.US,5,20250929,200000,1.3,1.3,1.285,1.3,8233,0
TROO.US,5,20250929,201000,1.3021,1.3021,1.3021,1.3021,807,0
TROO.US,5,20250929,203000,1.3026,1.3026,1.3,1.3001,1500,0
TROO.US,5,20250929,205500,1.302,1.302,1.302,1.302,150,0
TROO.US,5,20250929,210500,1.3,1.3,1.285,1.285,6900,0
TROO.US,5,20250929,211000,1.29,1.32,1.29,1.32,10250,0
TROO.US,5,20250929,214000,1.32,1.32,1.32,1.32,150,0
TROO.US,5,20250929,214500,1.3131,1.3131,1.3131,1.3131,1000,0
TROO.US,5,20250929,215000,1.31,1.31,1.31,1.31,120,0
TROO.US,5,20250929,215500,1.31,1.32,1.31,1.32,688,0
TROO.US,5,20250930,153000,1.29,1.29,1.29,1.29,417,0
TROO.US,5,20250930,154500,1.2779,1.2779,1.2779,1.2779,120,0
TROO.US,5,20250930,155000,1.2768,1.2768,1.2768,1.2768,100,0
TROO.US,5,20250930,155500,1.28,1.31,1.2788,1.31,17200,0
TROO.US,5,20250930,160500,1.3,1.3,1.3,1.3,300,0
TROO.US,5,20250930,161000,1.2998,1.3,1.295,1.3,45300,0
TROO.US,5,20250930,161500,1.31,1.33,1.31,1.33,21222,0
TROO.US,5,20250930,165000,1.35,1.35,1.33,1.335,5800,0
TROO.US,5,20250930,165500,1.35,1.35,1.35,1.35,1315,0
TROO.US,5,20250930,170000,1.35,1.36,1.3301,1.36,10804,0
TROO.US,5,20250930,171000,1.3545,1.3545,1.34,1.34,220,0
TROO.US,5,20250930,173500,1.33,1.33,1.325,1.33,1145,0
TROO.US,5,20250930,174000,1.33,1.33,1.33,1.33,100,0
TROO.US,5,20250930,175000,1.31,1.31,1.31,1.31,300,0
TROO.US,5,20250930,180500,1.3,1.3015,1.3,1.3015,764,0
TROO.US,5,20250930,181500,1.3,1.3,1.3,1.3,5182,0
TROO.US,5,20250930,182000,1.3,1.31,1.299,1.3,14207,0
TROO.US,5,20250930,182500,1.29,1.295,1.29,1.295,1800,0
TROO.US,5,20250930,190000,1.2802,1.2802,1.2802,1.2802,100,0
TROO.US,5,20250930,190500,1.28,1.28,1.28,1.28,100,0
TROO.US,5,20250930,194500,1.2892,1.2892,1.2892,1.2892,133,0
TROO.US,5,20250930,195000,1.2801,1.2801,1.2801,1.2801,100,0
TROO.US,5,20250930,202500,1.29,1.3,1.285,1.3,10505,0
TROO.US,5,20250930,203500,1.29,1.29,1.29,1.29,500,0
TROO.US,5,20250930,211000,1.295,1.295,1.295,1.295,150,0
TROO.US,5,20250930,215000,1.29,1.2912,1.29,1.2912,374,0
TROO.US,5,20250930,215500,1.295,1.295,1.29,1.29,645,0
TROO.US,5,20251001,153000,1.29,1.29,1.29,1.29,631,0
TROO.US,5,20251001,160000,1.3192,1.3192,1.3192,1.3192,510,0
TROO.US,5,20251001,164000,1.31,1.31,1.31,1.31,900,0
TROO.US,5,20251001,170500,1.2984,1.2984,1.2984,1.2984,340,0
TROO.US,5,20251001,175000,1.28,1.3,1.28,1.28,1533,0
TROO.US,5,20251001,175500,1.29,1.3,1.29,1.2999,18528,0
TROO.US,5,20251001,183000,1.29,1.29,1.29,1.29,150,0
TROO.US,5,20251001,184000,1.29,1.29,1.28,1.28,383,0
TROO.US,5,20251001,190000,1.28,1.28,1.28,1.28,250,0
TROO.US,5,20251001,190500,1.2899,1.3,1.27,1.29,6595,0
TROO.US,5,20251001,195500,1.2876,1.2876,1.2876,1.2876,400,0
TROO.US,5,20251001,200500,1.28,1.283,1.25,1.25,9697,0
TROO.US,5,20251001,202000,1.2682,1.2682,1.2682,1.2682,800,0
TROO.US,5,20251001,215000,1.275,1.275,1.275,1.275,472,0
TROO.US,5,20251001,215500,1.28,1.28,1.28,1.28,300,0
TROO.US,5,20251002,153000,1.26,1.26,1.26,1.26,113,0
TROO.US,5,20251002,155500,1.2901,1.2901,1.2901,1.2901,1000,0
TROO.US,5,20251002,162000,1.2909,1.2909,1.2909,1.2909,1700,0
TROO.US,5,20251002,162500,1.3076,1.3076,1.3076,1.3076,500,0
TROO.US,5,20251002,163500,1.2952,1.2952,1.2952,1.2952,1000,0
TROO.US,5,20251002,164000,1.31,1.31,1.31,1.31,500,0
TROO.US,5,20251002,164500,1.3,1.3,1.3,1.3,310,0
TROO.US,5,20251002,165000,1.29,1.29,1.28,1.28,1800,0
TROO.US,5,20251002,165500,1.2859,1.2859,1.2859,1.2859,100,0
TROO.US,5,20251002,170000,1.2992,1.2992,1.2992,1.2992,425,0
TROO.US,5,20251002,171500,1.2956,1.3,1.2956,1.3,4903,0
TROO.US,5,20251002,173000,1.29,1.31,1.28,1.31,10203,0
TROO.US,5,20251002,173500,1.2801,1.2802,1.28,1.28,3202,0
TROO.US,5,20251002,174000,1.27,1.28,1.27,1.28,404,0
TROO.US,5,20251002,180000,1.27,1.27,1.2604,1.2604,6686,0
TROO.US,5,20251002,181000,1.2866,1.31,1.2866,1.31,10600,0
TROO.US,5,20251002,182500,1.31,1.31,1.31,1.31,1299,0
TROO.US,5,20251002,190000,1.31,1.31,1.31,1.31,200,0
TROO.US,5,20251002,190500,1.3005,1.3005,1.3005,1.3005,797,0
TROO.US,5,20251002,192000,1.3,1.3,1.3,1.3,1330,0
TROO.US,5,20251002,193500,1.32,1.32,1.31,1.31,12337,0
TROO.US,5,20251002,194000,1.315,1.315,1.27,1.27,20907,0
TROO.US,5,20251002,201500,1.305,1.305,1.29,1.29,802,0
TROO.US,5,20251002,202000,1.29,1.29,1.29,1.29,412,0
TROO.US,5,20251002,211000,1.29,1.29,1.29,1.29,330,0
TROO.US,5,20251002,215000,1.29,1.29,1.29,1.29,124,0
TROO.US,5,20251002,215500,1.29,1.29,1.29,1.29,887,0
TROO.US,5,20251003,153000,1.26,1.26,1.26,1.26,1256,0
TROO.US,5,20251003,155000,1.2946,1.2946,1.2946,1.2946,200,0
TROO.US,5,20251003,160000,1.3119,1.3295,1.31,1.3295,1305,0
TROO.US,5,20251003,160500,1.32,1.36,1.32,1.3565,18830,0
TROO.US,5,20251003,161000,1.34,1.4,1.34,1.3844,9025,0
TROO.US,5,20251003,161500,1.375,1.48,1.37,1.4503,29838,0
TROO.US,5,20251003,162000,1.48,1.54,1.47,1.47,27491,0
TROO.US,5,20251003,162500,1.4589,1.47,1.44,1.47,15318,0
TROO.US,5,20251003,163000,1.46,1.46,1.4201,1.45,19676,0
TROO.US,5,20251003,163500,1.43,1.48,1.43,1.48,12548,0
TROO.US,5,20251003,164000,1.47,1.47,1.4606,1.4606,1100,0
TROO.US,5,20251003,164500,1.465,1.4663,1.46,1.46,3025,0
TROO.US,5,20251003,165000,1.4598,1.4643,1.45,1.45,3447,0
TROO.US,5,20251003,165500,1.45,1.47,1.45,1.46,2144,0
TROO.US,5,20251003,170000,1.46,1.46,1.45,1.46,4267,0
TROO.US,5,20251003,170500,1.4686,1.48,1.46,1.48,2011,0
TROO.US,5,20251003,171000,1.46,1.48,1.46,1.47,4655,0
TROO.US,5,20251003,171500,1.47,1.47,1.47,1.47,100,0
TROO.US,5,20251003,172000,1.47,1.5,1.47,1.48,7042,0
TROO.US,5,20251003,172500,1.485,1.485,1.47,1.47,1050,0
TROO.US,5,20251003,173000,1.4851,1.4851,1.46,1.464,5372,0
TROO.US,5,20251003,173500,1.45,1.46,1.45,1.45,550,0
TROO.US,5,20251003,174000,1.42,1.43,1.4085,1.4279,9106,0
TROO.US,5,20251003,174500,1.41,1.41,1.41,1.41,1956,0
TROO.US,5,20251003,175000,1.4293,1.4293,1.41,1.41,2037,0
TROO.US,5,20251003,175500,1.436,1.436,1.4,1.41,610,0
TROO.US,5,20251003,180000,1.44,1.44,1.44,1.44,118,0
TROO.US,5,20251003,181000,1.41,1.41,1.41,1.41,687,0
TROO.US,5,20251003,181500,1.4,1.4,1.36,1.36,2000,0
TROO.US,5,20251003,182000,1.38,1.38,1.38,1.38,3000,0
TROO.US,5,20251003,182500,1.39,1.39,1.37,1.37,3216,0
TROO.US,5,20251003,183000,1.37,1.3701,1.3401,1.36,4090,0
TROO.US,5,20251003,183500,1.36,1.36,1.36,1.36,200,0
TROO.US,5,20251003,185000,1.36,1.36,1.36,1.36,828,0
TROO.US,5,20251003,185500,1.346959,1.36,1.346959,1.36,1500,0
TROO.US,5,20251003,190000,1.3554,1.3554,1.3554,1.3554,1000,0
TROO.US,5,20251003,190500,1.3361,1.3361,1.3361,1.3361,118,0
TROO.US,5,20251003,192000,1.36,1.36,1.33,1.33,1690,0
TROO.US,5,20251003,193000,1.33,1.33,1.31,1.31,9916,0
TROO.US,5,20251003,194000,1.31,1.31,1.2506,1.2506,1480,0
TROO.US,5,20251003,194500,1.29,1.29,1.27,1.28,3145,0
TROO.US,5,20251003,195000,1.26,1.26,1.16,1.1701,382201,0
TROO.US,5,20251003,195500,1.1939,1.26,1.185,1.26,17523,0
TROO.US,5,20251003,200000,1.25,1.26,1.23,1.23,6770,0
TROO.US,5,20251003,200500,1.26,1.27,1.2555,1.26,5796,0
TROO.US,5,20251003,202000,1.28,1.305,1.27,1.305,4231,0
TROO.US,5,20251003,202500,1.3,1.31,1.28,1.3,13258,0
TROO.US,5,20251003,203000,1.2988,1.2988,1.2988,1.2988,900,0
TROO.US,5,20251003,203500,1.2999,1.3,1.2999,1.3,665,0
TROO.US,5,20251003,204000,1.29,1.29,1.29,1.29,100,0
TROO.US,5,20251003,205000,1.2923,1.2923,1.2923,1.2923,100,0
TROO.US,5,20251003,205500,1.2923,1.2982,1.2923,1.2982,284,0
TROO.US,5,20251003,210000,1.3,1.3,1.3,1.3,1368,0
TROO.US,5,20251003,210500,1.31,1.34,1.3,1.3,4823,0
TROO.US,5,20251003,211000,1.32,1.37,1.31,1.35,30469,0
TROO.US,5,20251003,211500,1.35,1.42,1.32,1.32,37485,0
TROO.US,5,20251003,212000,1.31,1.35,1.31,1.35,2608,0
TROO.US,5,20251003,212500,1.31,1.32,1.3,1.32,13484,0
TROO.US,5,20251003,213500,1.34,1.34,1.3388,1.3388,971,0
TROO.US,5,20251003,214000,1.3399,1.35,1.3399,1.34,3318,0
TROO.US,5,20251003,215000,1.34,1.34,1.34,1.34,500,0
TROO.US,5,20251003,215500,1.33,1.34,1.3202,1.34,3444,0
TROO.US,5,20251006,153000,1.38,1.38,1.295,1.295,6310,0
TROO.US,5,20251006,153500,1.29,1.29,1.17,1.22,68681,0
TROO.US,5,20251006,154000,1.2497,1.2497,1.22,1.22,5800,0
TROO.US,5,20251006,154500,1.25,1.2529,1.25,1.2529,8714,0
TROO.US,5,20251006,155000,1.24,1.24,1.23,1.2395,8900,0
TROO.US,5,20251006,155500,1.2395,1.2689,1.22,1.25,15910,0
TROO.US,5,20251006,160000,1.25,1.27,1.24,1.25,1491,0
TROO.US,5,20251006,160500,1.23,1.2599,1.23,1.2599,7995,0
TROO.US,5,20251006,161000,1.25,1.25,1.23,1.2487,2990,0
TROO.US,5,20251006,161500,1.25,1.25,1.24,1.25,500,0
TROO.US,5,20251006,162000,1.2475,1.2475,1.2475,1.2475,900,0
TROO.US,5,20251006,162500,1.2494,1.2494,1.23,1.23,15110,0
TROO.US,5,20251006,163000,1.24,1.25,1.24,1.25,5800,0
TROO.US,5,20251006,164000,1.25,1.25,1.25,1.25,1529,0
TROO.US,5,20251006,164500,1.25,1.25,1.25,1.25,1904,0
TROO.US,5,20251006,165000,1.25,1.2598,1.25,1.25,3518,0
TROO.US,5,20251006,165500,1.25,1.25,1.25,1.25,486,0
TROO.US,5,20251006,170000,1.255,1.26,1.255,1.26,5203,0
TROO.US,5,20251006,170500,1.26,1.26,1.26,1.26,800,0
TROO.US,5,20251006,180000,1.2689,1.2689,1.2689,1.2689,947,0
TROO.US,5,20251006,180500,1.26,1.26,1.26,1.26,2380,0
TROO.US,5,20251006,182000,1.26,1.26,1.26,1.26,100,0
TROO.US,5,20251006,182500,1.27,1.27,1.27,1.27,100,0
TROO.US,5,20251006,184000,1.27,1.27,1.18,1.23,105183,0
TROO.US,5,20251006,190000,1.25,1.25,1.25,1.25,692,0
TROO.US,5,20251006,192500,1.24,1.24,1.24,1.24,616,0
TROO.US,5,20251006,193500,1.24,1.24,1.24,1.24,325,0
TROO.US,5,20251006,194500,1.25,1.27,1.2485,1.27,8000,0
TROO.US,5,20251006,195000,1.26,1.2724,1.26,1.2724,1700,0
TROO.US,5,20251006,195500,1.26,1.26,1.26,1.26,500,0
TROO.US,5,20251006,200000,1.26,1.26,1.26,1.26,100,0
TROO.US,5,20251006,201000,1.28,1.28,1.27,1.28,799,0
TROO.US,5,20251006,201500,1.2614,1.2614,1.2614,1.2614,1000,0
TROO.US,5,20251006,202000,1.264,1.27,1.26,1.27,5856,0
TROO.US,5,20251006,205500,1.2605,1.2605,1.2605,1.2605,230,0
TROO.US,5,20251006,210000,1.27,1.27,1.27,1.27,300,0
TROO.US,5,20251006,212500,1.25,1.25,1.2389,1.2389,6471,0
TROO.US,5,20251006,213000,1.255,1.255,1.255,1.255,260,0
TROO.US,5,20251006,213500,1.26,1.26,1.26,1.26,3102,0
TROO.US,5,20251006,215000,1.26,1.26,1.25,1.2567,2673,0
TROO.US,5,20251006,215500,1.26,1.26,1.25,1.25,3701,0
TROO.US,5,20251007,153000,1.26,1.26,1.26,1.26,159,0
TROO.US,5,20251007,153500,1.26,1.26,1.26,1.26,100,0
TROO.US,5,20251007,154000,1.26,1.26,1.26,1.26,474,0
TROO.US,5,20251007,154500,1.28,1.28,1.28,1.28,260,0
TROO.US,5,20251007,155000,1.26,1.27,1.22,1.23,29980,0
TROO.US,5,20251007,155500,1.23,1.23,1.23,1.23,5700,0
TROO.US,5,20251007,160000,1.2353,1.2399,1.23,1.23,335,0
TROO.US,5,20251007,160500,1.24,1.25,1.23,1.23,16117,0
TROO.US,5,20251007,161500,1.24,1.24,1.2,1.2,10579,0
TROO.US,5,20251007,162000,1.2,1.23,1.19,1.19,11937,0
TROO.US,5,20251007,162500,1.21,1.2351,1.21,1.2351,235,0
TROO.US,5,20251007,163000,1.2293,1.2293,1.2293,1.2293,9500,0
TROO.US,5,20251007,163500,1.21,1.23,1.21,1.23,19900,0
TROO.US,5,20251007,164000,1.235,1.235,1.235,1.235,100,0
TROO.US,5,20251007,164500,1.23,1.235,1.23,1.23,700,0
TROO.US,5,20251007,165000,1.24,1.24,1.23,1.24,5400,0
TROO.US,5,20251007,170500,1.24,1.24,1.2141,1.2141,1400,0
TROO.US,5,20251007,171000,1.24,1.24,1.234,1.234,260,0
TROO.US,5,20251007,171500,1.234,1.24,1.225,1.24,1100,0
TROO.US,5,20251007,172500,1.2399,1.2399,1.21,1.22,11480,0
TROO.US,5,20251007,174000,1.22,1.22,1.19,1.19,20332,0
TROO.US,5,20251007,174500,1.207152,1.207152,1.19,1.19,1000,0
TROO.US,5,20251007,175000,1.2,1.2,1.2,1.2,200,0
TROO.US,5,20251007,175500,1.19,1.19,1.19,1.19,100,0
TROO.US,5,20251007,180500,1.1916,1.1916,1.1916,1.1916,311,0
TROO.US,5,20251007,181500,1.2,1.2,1.2,1.2,1000,0
TROO.US,5,20251007,182500,1.2,1.21,1.19,1.2095,3843,0
TROO.US,5,20251007,183500,1.21,1.21,1.21,1.21,100,0
TROO.US,5,20251007,184500,1.21,1.21,1.21,1.21,1850,0
TROO.US,5,20251007,190500,1.215,1.35,1.215,1.35,277382,0
TROO.US,5,20251007,191000,1.301,1.301,1.29,1.2992,4854,0
TROO.US,5,20251007,191500,1.3002,1.302,1.3,1.3,5941,0
TROO.US,5,20251007,192000,1.3,1.3,1.3,1.3,2306,0
TROO.US,5,20251007,192500,1.2703,1.2703,1.2703,1.2703,230,0
TROO.US,5,20251007,193000,1.27,1.27,1.27,1.27,619,0
TROO.US,5,20251007,193500,1.26,1.28,1.26,1.28,4988,0
TROO.US,5,20251007,194000,1.2895,1.2895,1.28,1.28,1509,0
TROO.US,5,20251007,194500,1.289,1.32,1.285,1.285,39792,0
TROO.US,5,20251007,195000,1.28,1.28,1.27,1.27,8199,0
TROO.US,5,20251007,195500,1.27,1.2785,1.27,1.2785,253,0
TROO.US,5,20251007,200000,1.278,1.29,1.2723,1.29,9872,0
TROO.US,5,20251007,200500,1.29,1.29,1.29,1.29,3000,0
TROO.US,5,20251007,201000,1.3,1.31,1.3,1.3,10316,0
TROO.US,5,20251007,201500,1.3,1.3,1.3,1.3,3430,0
TROO.US,5,20251007,202000,1.3341,1.3341,1.2905,1.2905,3363,0
TROO.US,5,20251007,202500,1.315,1.3353,1.31,1.315,12971,0
TROO.US,5,20251007,203000,1.32,1.32,1.3101,1.32,4340,0
TROO.US,5,20251007,203500,1.34,1.34,1.3135,1.3135,2990,0
TROO.US,5,20251007,204000,1.3214,1.35,1.3214,1.35,1920,0
TROO.US,5,20251007,204500,1.3441,1.3497,1.3441,1.3497,2235,0
TROO.US,5,20251007,205000,1.3258,1.35,1.3258,1.335,28423,0
TROO.US,5,20251007,205500,1.35,1.36,1.345,1.345,19700,0
TROO.US,5,20251007,210000,1.36,1.36,1.355,1.355,4141,0
TROO.US,5,20251007,210500,1.36,1.36,1.34,1.3402,2229,0
TROO.US,5,20251007,211000,1.35,1.36,1.35,1.36,1728,0
TROO.US,5,20251007,211500,1.35,1.35,1.34,1.3406,1000,0
TROO.US,5,20251007,212000,1.3559,1.3559,1.3559,1.3559,250,0
TROO.US,5,20251007,212500,1.35,1.35,1.34,1.34,9812,0
TROO.US,5,20251007,213000,1.3672,1.37,1.362,1.3695,1137,0
TROO.US,5,20251007,213500,1.345,1.345,1.345,1.345,100,0
TROO.US,5,20251007,214000,1.36,1.375,1.36,1.375,2085,0
TROO.US,5,20251007,214500,1.37,1.37,1.37,1.37,3000,0
TROO.US,5,20251007,215000,1.36,1.365,1.36,1.365,200,0
TROO.US,5,20251007,215500,1.36,1.38,1.36,1.38,1559,0
TROO.US,5,20251008,153000,1.36,1.4,1.3505,1.38,4269,0
TROO.US,5,20251008,153500,1.3961,1.3961,1.3513,1.36,1185,0
TROO.US,5,20251008,154000,1.39,1.41,1.39,1.41,15574,0
TROO.US,5,20251008,154500,1.3605,1.41,1.3605,1.379,4292,0
TROO.US,5,20251008,155000,1.4099,1.4099,1.4099,1.4099,100,0
TROO.US,5,20251008,155500,1.38,1.38,1.38,1.38,500,0
TROO.US,5,20251008,160000,1.3848,1.3848,1.36,1.36,17753,0
TROO.US,5,20251008,161000,1.38,1.4,1.38,1.4,1225,0
TROO.US,5,20251008,162500,1.37,1.3805,1.37,1.3805,982,0
TROO.US,5,20251008,163000,1.38,1.38,1.36,1.36,7192,0
TROO.US,5,20251008,163500,1.36,1.36,1.35,1.35,10400,0
TROO.US,5,20251008,164000,1.3602,1.3602,1.3602,1.3602,1000,0
TROO.US,5,20251008,164500,1.36,1.36,1.35,1.35,5428,0
TROO.US,5,20251008,165000,1.34,1.34,1.33,1.33,500,0
TROO.US,5,20251008,165500,1.33,1.33,1.3,1.32,5343,0
TROO.US,5,20251008,170000,1.33,1.3407,1.33,1.3407,43751,0
TROO.US,5,20251008,170500,1.34,1.34,1.335,1.34,4136,0
TROO.US,5,20251008,172500,1.37,1.37,1.37,1.37,765,0
TROO.US,5,20251008,173500,1.375,1.375,1.36,1.36,1136,0
TROO.US,5,20251008,174000,1.35,1.35,1.33,1.33,14234,0
TROO.US,5,20251008,175000,1.3351,1.3351,1.3,1.33,15606,0
TROO.US,5,20251008,175500,1.33,1.33,1.3065,1.3154,7612,0
TROO.US,5,20251008,180000,1.31,1.31,1.31,1.31,100,0
TROO.US,5,20251008,181000,1.31,1.31,1.31,1.31,2704,0
TROO.US,5,20251008,182000,1.3234,1.3234,1.3234,1.3234,103,0
TROO.US,5,20251008,182500,1.31,1.315,1.31,1.315,814,0
TROO.US,5,20251008,183000,1.31,1.31,1.31,1.31,100,0
TROO.US,5,20251008,183500,1.3,1.3,1.3,1.3,4400,0
TROO.US,5,20251008,184500,1.3,1.31,1.295,1.31,20114,0
TROO.US,5,20251008,185000,1.31,1.32,1.31,1.32,6519,0
TROO.US,5,20251008,185500,1.3313,1.3313,1.3313,1.3313,100,0
TROO.US,5,20251008,190500,1.3225,1.3225,1.3225,1.3225,124,0
TROO.US,5,20251008,191500,1.32,1.32,1.32,1.32,1270,0
TROO.US,5,20251008,192000,1.3391,1.3391,1.33,1.33,1251,0
TROO.US,5,20251008,192500,1.33,1.33,1.33,1.33,100,0
TROO.US,5,20251008,193000,1.33,1.33,1.33,1.33,100,0
TROO.US,5,20251008,195000,1.33,1.33,1.33,1.33,100,0
TROO.US,5,20251008,200000,1.3216,1.3216,1.32,1.32,200,0
TROO.US,5,20251008,200500,1.32,1.32,1.32,1.32,100,0
TROO.US,5,20251008,201500,1.33,1.33,1.315,1.33,2973,0
TROO.US,5,20251008,202000,1.32,1.32,1.32,1.32,100,0
TROO.US,5,20251008,203000,1.32,1.32,1.32,1.32,415,0
TROO.US,5,20251008,203500,1.32,1.32,1.32,1.32,100,0
TROO.US,5,20251008,204500,1.32,1.32,1.32,1.32,100,0
TROO.US,5,20251008,205500,1.32,1.32,1.32,1.32,100,0
TROO.US,5,20251008,211000,1.32,1.32,1.32,1.32,100,0
TROO.US,5,20251008,211500,1.33,1.33,1.32,1.32,200,0
TROO.US,5,20251008,212000,1.33,1.33,1.33,1.33,150,0
TROO.US,5,20251008,212500,1.3394,1.34,1.32,1.34,11651,0
TROO.US,5,20251008,213000,1.32,1.3297,1.32,1.3297,3946,0
TROO.US,5,20251008,213500,1.32,1.32,1.32,1.32,553,0
TROO.US,5,20251008,214000,1.32,1.325,1.32,1.32,1848,0
TROO.US,5,20251008,214500,1.32,1.325,1.32,1.325,1531,0
TROO.US,5,20251008,215000,1.33,1.335,1.32,1.335,1437,0
TROO.US,5,20251008,215500,1.34,1.34,1.32,1.32,700,0
TROO.US,5,20251009,153000,1.3,1.3,1.3,1.3,590,0
TROO.US,5,20251009,154000,1.32,1.36,1.32,1.341,2111,0
TROO.US,5,20251009,154500,1.36,1.36,1.35,1.35,2570,0
TROO.US,5,20251009,155500,1.34,1.34,1.21,1.26,275785,0
TROO.US,5,20251009,160000,1.2626,1.28,1.245,1.28,2824,0
TROO.US,5,20251009,160500,1.29,1.3092,1.29,1.3092,22112,0
TROO.US,5,20251009,161000,1.305,1.305,1.3,1.3,5771,0
TROO.US,5,20251009,161500,1.3,1.3199,1.3,1.3199,9808,0
TROO.US,5,20251009,162000,1.32,1.32,1.32,1.32,312,0
TROO.US,5,20251009,162500,1.32,1.32,1.311,1.311,506,0
TROO.US,5,20251009,163000,1.32,1.33,1.32,1.33,4374,0
TROO.US,5,20251009,163500,1.33,1.33,1.31,1.31,1117,0
TROO.US,5,20251009,165000,1.31,1.31,1.31,1.31,515,0
TROO.US,5,20251009,165500,1.31,1.31,1.31,1.31,215,0
TROO.US,5,20251009,170000,1.32,1.32,1.32,1.32,100,0
TROO.US,5,20251009,170500,1.3114,1.3114,1.3114,1.3114,250,0
TROO.US,5,20251009,174500,1.33,1.33,1.33,1.33,1063,0
TROO.US,5,20251009,180000,1.3262,1.3262,1.3262,1.3262,131,0
TROO.US,5,20251009,180500,1.34,1.34,1.34,1.34,525,0
TROO.US,5,20251009,181500,1.32,1.33,1.32,1.33,3000,0
TROO.US,5,20251009,182500,1.33,1.33,1.33,1.33,100,0
TROO.US,5,20251009,184500,1.32,1.32,1.32,1.32,100,0
TROO.US,5,20251009,185000,1.32,1.32,1.3,1.3,11970,0
TROO.US,5,20251009,185500,1.3,1.3,1.3,1.3,2974,0
TROO.US,5,20251009,193000,1.3229,1.3229,1.32,1.32,5896,0
TROO.US,5,20251009,194000,1.3213,1.3213,1.32,1.32,1400,0
TROO.US,5,20251009,194500,1.3246,1.3246,1.32,1.3206,5000,0
TROO.US,5,20251009,195500,1.3376,1.3376,1.31,1.31,3824,0
TROO.US,5,20251009,200000,1.3195,1.32,1.315,1.32,5835,0
TROO.US,5,20251009,200500,1.32,1.3201,1.29,1.29,35194,0
TROO.US,5,20251009,201000,1.3,1.3,1.3,1.3,4291,0
TROO.US,5,20251009,202000,1.3,1.33,1.3,1.33,350,0
TROO.US,5,20251009,202500,1.31,1.35,1.31,1.35,18916,0
TROO.US,5,20251009,203000,1.32,1.32,1.31,1.31,467,0
TROO.US,5,20251009,203500,1.303,1.303,1.3,1.3,1171,0
TROO.US,5,20251009,205000,1.32,1.32,1.31,1.32,10900,0
TROO.US,5,20251009,205500,1.32,1.32,1.32,1.32,3940,0
TROO.US,5,20251009,211000,1.32,1.32,1.32,1.32,1368,0
TROO.US,5,20251009,211500,1.325,1.325,1.325,1.325,100,0
TROO.US,5,20251009,213000,1.32,1.32,1.32,1.32,5700,0
TROO.US,5,20251009,213500,1.3339,1.3339,1.3218,1.3218,250,0
TROO.US,5,20251009,215500,1.31,1.31,1.3,1.3,2206,0
TROO.US,5,20251010,153000,1.36,1.36,1.32,1.33,22806,0
TROO.US,5,20251010,153500,1.33,1.33,1.33,1.33,1879,0
TROO.US,5,20251010,154000,1.3005,1.31,1.3005,1.31,2940,0
TROO.US,5,20251010,154500,1.3001,1.33,1.3,1.33,7737,0
TROO.US,5,20251010,155000,1.319,1.33,1.315,1.32,7490,0
TROO.US,5,20251010,155500,1.32,1.33,1.32,1.33,15272,0
TROO.US,5,20251010,160000,1.33,1.33,1.33,1.33,1350,0
TROO.US,5,20251010,160500,1.32,1.32,1.31,1.3197,18315,0
TROO.US,5,20251010,161000,1.32,1.33,1.32,1.32,4651,0
TROO.US,5,20251010,161500,1.3211,1.33,1.3099,1.3099,5439,0
TROO.US,5,20251010,162000,1.31,1.31,1.31,1.31,291,0
TROO.US,5,20251010,164000,1.32,1.38,1.32,1.355,105376,0
TROO.US,5,20251010,164500,1.38,1.39,1.3346,1.375,37750,0
TROO.US,5,20251010,165000,1.375,1.4,1.36,1.36,19905,0
TROO.US,5,20251010,165500,1.35,1.365,1.33,1.365,17640,0
TROO.US,5,20251010,170000,1.3535,1.3535,1.35,1.35,5004,0
TROO.US,5,20251010,170500,1.35,1.368,1.31,1.31,3448,0
TROO.US,5,20251010,171000,1.31,1.32,1.31,1.31,1363,0
TROO.US,5,20251010,171500,1.34,1.34,1.34,1.34,1093,0
TROO.US,5,20251010,172500,1.3223,1.33,1.32,1.33,8758,0
TROO.US,5,20251010,173000,1.3101,1.3699,1.3101,1.3699,3300,0
TROO.US,5,20251010,173500,1.3172,1.34,1.3135,1.3341,5403,0
TROO.US,5,20251010,174000,1.3135,1.32,1.3135,1.32,3600,0
TROO.US,5,20251010,174500,1.335,1.335,1.335,1.335,158,0
TROO.US,5,20251010,175500,1.37,1.37,1.37,1.37,2000,0
TROO.US,5,20251010,180000,1.32,1.35,1.32,1.35,1870,0
TROO.US,5,20251010,180500,1.32,1.32,1.32,1.32,200,0
TROO.US,5,20251010,181000,1.331,1.331,1.331,1.331,2000,0
TROO.US,5,20251010,181500,1.33,1.33,1.33,1.33,300,0
TROO.US,5,20251010,183000,1.34,1.34,1.34,1.34,100,0
TROO.US,5,20251010,184000,1.34,1.34,1.34,1.34,1009,0
TROO.US,5,20251010,184500,1.3303,1.38,1.3303,1.34,14357,0
TROO.US,5,20251010,190000,1.33,1.34,1.33,1.34,1150,0
TROO.US,5,20251010,190500,1.33,1.33,1.33,1.33,1697,0
TROO.US,5,20251010,194500,1.3222,1.3381,1.32,1.3287,1117,0
TROO.US,5,20251010,195000,1.3202,1.3208,1.32,1.32,2511,0
TROO.US,5,20251010,195500,1.32,1.32,1.32,1.32,500,0
TROO.US,5,20251010,200000,1.32,1.32,1.32,1.32,500,0
TROO.US,5,20251010,201000,1.33,1.33,1.33,1.33,100,0
TROO.US,5,20251010,203000,1.33,1.33,1.33,1.33,100,0
TROO.US,5,20251010,203500,1.338,1.338,1.33,1.33,1000,0
TROO.US,5,20251010,204000,1.32,1.32,1.31,1.31,4300,0
TROO.US,5,20251010,204500,1.311,1.32,1.31,1.3106,11087,0
TROO.US,5,20251010,205000,1.31,1.33,1.3,1.33,4018,0
TROO.US,5,20251010,210000,1.3001,1.32,1.3001,1.32,6550,0
TROO.US,5,20251010,211500,1.32,1.32,1.32,1.32,197,0
TROO.US,5,20251010,212000,1.32,1.33,1.32,1.33,2570,0
TROO.US,5,20251010,213000,1.3101,1.3101,1.3101,1.3101,1000,0
TROO.US,5,20251010,213500,1.32,1.37,1.31,1.34,11254,0
TROO.US,5,20251010,214500,1.3274,1.34,1.3274,1.34,200,0
TROO.US,5,20251010,215000,1.34,1.34,1.34,1.34,1000,0
TROO.US,5,20251010,215500,1.32,1.35,1.3,1.3,13159,0
TROO.US,5,20251013,153000,1.37,1.388,1.35,1.35,2592,0
TROO.US,5,20251013,153500,1.36,1.36,1.3401,1.36,12100,0
TROO.US,5,20251013,154000,1.36,1.3725,1.35,1.3725,800,0
TROO.US,5,20251013,154500,1.38,1.4,1.37,1.3897,22491,0
TROO.US,5,20251013,155000,1.39,1.39,1.3501,1.3501,9580,0
TROO.US,5,20251013,160000,1.389,1.4,1.389,1.3925,39554,0
TROO.US,5,20251013,160500,1.39,1.39,1.36,1.39,1115,0
TROO.US,5,20251013,161000,1.3734,1.3734,1.3734,1.3734,359,0
TROO.US,5,20251013,161500,1.41,1.41,1.39,1.39,5830,0
TROO.US,5,20251013,162000,1.385,1.41,1.379,1.4,9713,0
TROO.US,5,20251013,162500,1.4002,1.4002,1.37,1.37,9082,0
TROO.US,5,20251013,163500,1.385,1.385,1.385,1.385,100,0
TROO.US,5,20251013,164000,1.37,1.37,1.37,1.37,100,0
TROO.US,5,20251013,170500,1.3864,1.39,1.38,1.38,3370,0
TROO.US,5,20251013,171000,1.38,1.4,1.38,1.4,1464,0
TROO.US,5,20251013,172000,1.385,1.385,1.385,1.385,464,0
TROO.US,5,20251013,173500,1.38,1.38,1.38,1.38,115,0
TROO.US,5,20251013,174500,1.3914,1.3914,1.37,1.39,740,0
TROO.US,5,20251013,181000,1.4091,1.4091,1.4091,1.4091,2000,0
TROO.US,5,20251013,181500,1.4088,1.42,1.4088,1.42,55658,0
TROO.US,5,20251013,182000,1.41,1.41,1.41,1.41,2475,0
TROO.US,5,20251013,182500,1.41,1.4346,1.4091,1.4091,3119,0
TROO.US,5,20251013,183000,1.42,1.42,1.42,1.42,499,0
TROO.US,5,20251013,184500,1.4068,1.4068,1.4068,1.4068,179,0
TROO.US,5,20251013,191500,1.426,1.426,1.426,1.426,100,0
TROO.US,5,20251013,192500,1.435,1.435,1.435,1.435,800,0
TROO.US,5,20251013,194000,1.45,1.45,1.45,1.45,998,0
TROO.US,5,20251013,194500,1.45,1.45,1.45,1.45,3130,0
TROO.US,5,20251013,200000,1.44,1.44,1.44,1.44,251,0
TROO.US,5,20251013,202000,1.44,1.44,1.44,1.44,2028,0
TROO.US,5,20251013,203500,1.4369,1.4369,1.4226,1.43,2210,0
TROO.US,5,20251013,204500,1.44,1.44,1.44,1.44,143,0
TROO.US,5,20251013,210000,1.425,1.425,1.425,1.425,100,0
TROO.US,5,20251013,211500,1.44,1.46,1.4399,1.45,26879,0
TROO.US,5,20251013,212000,1.44,1.44,1.44,1.44,4025,0
TROO.US,5,20251013,213000,1.46,1.46,1.4501,1.4501,1135,0
TROO.US,5,20251013,213500,1.4509,1.46,1.45,1.46,749,0
TROO.US,5,20251013,214500,1.4599,1.52,1.455,1.4772,87321,0
TROO.US,5,20251013,215000,1.49,1.5,1.47,1.48,52757,0
TROO.US,5,20251013,215500,1.5,1.5,1.475,1.49,5281,0
TROO.US,5,20251014,153000,1.52,1.525,1.49,1.49,2255,0
TROO.US,5,20251014,153500,1.49,1.4949,1.4801,1.4949,5524,0
TROO.US,5,20251014,154000,1.4801,1.49,1.26,1.34,44879,0
TROO.US,5,20251014,154500,1.39,1.46,1.39,1.455,2332,0
TROO.US,5,20251014,155000,1.45,1.45,1.43,1.445,1710,0
TROO.US,5,20251014,155500,1.4713,1.4713,1.35,1.47,7044,0
TROO.US,5,20251014,160500,1.461,1.461,1.461,1.461,1598,0
TROO.US,5,20251014,161500,1.45,1.45,1.45,1.45,3864,0
TROO.US,5,20251014,162500,1.455,1.46,1.455,1.46,3200,0
TROO.US,5,20251014,163000,1.46,1.465,1.41,1.4335,16263,0
TROO.US,5,20251014,164000,1.45,1.45,1.42,1.42,1116,0
TROO.US,5,20251014,165000,1.4301,1.4301,1.4201,1.4201,8095,0
TROO.US,5,20251014,170000,1.43,1.43,1.4201,1.4201,1131,0
TROO.US,5,20251014,171000,1.42,1.4253,1.41,1.42,15978,0
TROO.US,5,20251014,171500,1.42,1.42,1.41,1.42,1934,0
TROO.US,5,20251014,172000,1.41,1.41,1.39,1.39,5300,0
TROO.US,5,20251014,173000,1.38,1.38,1.367,1.367,1500,0
TROO.US,5,20251014,173500,1.38,1.4,1.38,1.4,7100,0
TROO.US,5,20251014,174000,1.4,1.4,1.4,1.4,834,0
TROO.US,5,20251014,174500,1.4,1.4,1.39,1.4,9356,0
TROO.US,5,20251014,175000,1.399,1.4,1.399,1.4,12134,0
TROO.US,5,20251014,180000,1.4034,1.43,1.4034,1.43,6832,0
TROO.US,5,20251014,180500,1.4,1.4,1.37,1.37,8266,0
TROO.US,5,20251014,181500,1.4,1.41,1.4,1.41,15814,0
TROO.US,5,20251014,182000,1.44,1.44,1.44,1.44,1000,0
TROO.US,5,20251014,183500,1.4078,1.41,1.4,1.4,12142,0
TROO.US,5,20251014,184000,1.4,1.4,1.36,1.38,10000,0
TROO.US,5,20251014,184500,1.41,1.41,1.34,1.34,8188,0
TROO.US,5,20251014,185000,1.365,1.365,1.365,1.365,100,0
TROO.US,5,20251014,185500,1.365,1.365,1.3101,1.34,17545,0
TROO.US,5,20251014,190000,1.345,1.36,1.31,1.36,1000,0
TROO.US,5,20251014,190500,1.335,1.34,1.335,1.34,1525,0
TROO.US,5,20251014,192000,1.3487,1.36,1.3487,1.36,16517,0
TROO.US,5,20251014,193500,1.3798,1.3798,1.37,1.37,6100,0
TROO.US,5,20251014,194500,1.37,1.37,1.36,1.36,535,0
TROO.US,5,20251014,195500,1.38,1.38,1.38,1.38,5247,0
TROO.US,5,20251014,201000,1.37,1.37,1.37,1.37,100,0
TROO.US,5,20251014,202000,1.38,1.38,1.38,1.38,692,0
TROO.US,5,20251014,202500,1.39,1.42,1.39,1.42,64041,0
TROO.US,5,20251014,203000,1.42,1.44,1.37,1.4202,35854,0
TROO.US,5,20251014,204500,1.46,1.465,1.45,1.465,13748,0
TROO.US,5,20251014,205000,1.44,1.44,1.44,1.44,2500,0
TROO.US,5,20251014,205500,1.4309,1.4309,1.4309,1.4309,500,0
TROO.US,5,20251014,210000,1.4,1.44,1.4,1.44,3685,0
TROO.US,5,20251014,210500,1.44,1.44,1.44,1.44,800,0
TROO.US,5,20251014,211500,1.418292,1.418292,1.418292,1.418292,400,0
TROO.US,5,20251014,212000,1.46,1.5,1.46,1.475,16378,0
TROO.US,5,20251014,212500,1.4574,1.4574,1.45,1.4505,4580,0
TROO.US,5,20251014,213000,1.45,1.48,1.45,1.48,203,0
TROO.US,5,20251014,214500,1.45,1.45,1.4413,1.4413,246,0
TROO.US,5,20251014,215000,1.449,1.45,1.449,1.45,1534,0
TROO.US,5,20251014,215500,1.465,1.47,1.4501,1.47,4002,0
TROO.US,5,20251015,153000,1.39,1.44,1.39,1.44,3885,0
TROO.US,5,20251015,153500,1.43,1.43,1.43,1.43,241,0
TROO.US,5,20251015,154000,1.43,1.43,1.43,1.43,2027,0
TROO.US,5,20251015,154500,1.4001,1.42,1.4,1.4107,4289,0
TROO.US,5,20251015,155000,1.42,1.42,1.42,1.42,300,0
TROO.US,5,20251015,155500,1.415,1.415,1.37,1.4,9565,0
TROO.US,5,20251015,160500,1.42,1.43,1.42,1.43,4071,0
TROO.US,5,20251015,162500,1.44,1.44,1.44,1.44,1420,0
TROO.US,5,20251015,163000,1.44,1.44,1.44,1.44,1880,0
TROO.US,5,20251015,171000,1.45,1.45,1.45,1.45,200,0
TROO.US,5,20251015,171500,1.43,1.43,1.43,1.43,200,0
TROO.US,5,20251015,172000,1.45,1.45,1.4413,1.4413,750,0
TROO.US,5,20251015,174500,1.43,1.43,1.43,1.43,1521,0
TROO.US,5,20251015,175000,1.43,1.43,1.43,1.43,200,0
TROO.US,5,20251015,180000,1.42,1.42,1.42,1.42,100,0
TROO.US,5,20251015,181000,1.42,1.42,1.42,1.42,956,0
TROO.US,5,20251015,184500,1.41,1.42,1.41,1.42,938,0
TROO.US,5,20251015,185500,1.43,1.43,1.43,1.43,2000,0
TROO.US,5,20251015,190000,1.42,1.43,1.42,1.43,12080,0
TROO.US,5,20251015,191500,1.44,1.44,1.44,1.44,1272,0
TROO.US,5,20251015,192000,1.4301,1.4301,1.43,1.43,820,0
TROO.US,5,20251015,192500,1.44,1.44,1.415,1.415,9161,0
TROO.US,5,20251015,195500,1.4009,1.4009,1.4002,1.4002,2213,0
TROO.US,5,20251015,200000,1.4001,1.4001,1.4001,1.4001,300,0
TROO.US,5,20251015,201000,1.42,1.42,1.41,1.42,4300,0
TROO.US,5,20251015,202500,1.425,1.425,1.425,1.425,483,0
TROO.US,5,20251015,203000,1.42,1.42,1.4043,1.4043,868,0
TROO.US,5,20251015,204000,1.415,1.43,1.415,1.43,4615,0
TROO.US,5,20251015,204500,1.4328,1.4328,1.4328,1.4328,350,0
TROO.US,5,20251015,205000,1.43,1.43,1.43,1.43,362,0
TROO.US,5,20251015,211000,1.42,1.42,1.42,1.42,300,0
TROO.US,5,20251015,211500,1.44,1.44,1.439,1.44,5949,0
TROO.US,5,20251015,213000,1.4027,1.4027,1.4027,1.4027,100,0
TROO.US,5,20251015,213500,1.425,1.425,1.425,1.425,250,0
TROO.US,5,20251015,214500,1.439,1.45,1.439,1.44,1064,0
TROO.US,5,20251015,215000,1.44,1.44,1.42,1.42,1400,0
TROO.US,5,20251015,215500,1.43,1.43,1.42,1.43,500,0
TROO.US,5,20251016,153500,1.3901,1.3901,1.3901,1.3901,300,0
TROO.US,5,20251016,155000,1.405,1.405,1.405,1.405,554,0
TROO.US,5,20251016,161500,1.42,1.42,1.42,1.42,646,0
TROO.US,5,20251016,162500,1.4,1.4,1.4,1.4,500,0
TROO.US,5,20251016,163500,1.43,1.43,1.43,1.43,2299,0
TROO.US,5,20251016,164000,1.42,1.43,1.4008,1.4008,4708,0
TROO.US,5,20251016,164500,1.41,1.41,1.41,1.41,150,0
TROO.US,5,20251016,170000,1.415,1.415,1.41,1.41,200,0
TROO.US,5,20251016,171500,1.4001,1.4001,1.4001,1.4001,1047,0
TROO.US,5,20251016,172000,1.43,1.43,1.42,1.42,26544,0
TROO.US,5,20251016,173500,1.42,1.445,1.42,1.44,3706,0
TROO.US,5,20251016,174500,1.45,1.46,1.45,1.46,1556,0
TROO.US,5,20251016,181500,1.48,1.48,1.48,1.48,101,0
TROO.US,5,20251016,182500,1.445,1.445,1.445,1.445,130,0
TROO.US,5,20251016,184000,1.46,1.46,1.46,1.46,110,0
TROO.US,5,20251016,185000,1.45,1.45,1.4401,1.4401,5140,0
TROO.US,5,20251016,185500,1.46,1.46,1.46,1.46,535,0
TROO.US,5,20251016,192500,1.46,1.46,1.445,1.445,1200,0
TROO.US,5,20251016,193000,1.46,1.46,1.42,1.42,2103,0
TROO.US,5,20251016,193500,1.4101,1.4101,1.4101,1.4101,2000,0
TROO.US,5,20251016,194000,1.43,1.4432,1.4,1.4,9443,0
TROO.US,5,20251016,194500,1.43,1.43,1.399,1.43,15123,0
TROO.US,5,20251016,195000,1.42,1.42,1.42,1.42,5905,0
TROO.US,5,20251016,201000,1.42,1.42,1.42,1.42,1222,0
TROO.US,5,20251016,202000,1.42,1.42,1.42,1.42,600,0
TROO.US,5,20251016,203500,1.4038,1.43,1.4,1.43,8179,0
TROO.US,5,20251016,204000,1.4,1.4,1.4,1.4,2140,0
TROO.US,5,20251016,205500,1.42,1.43,1.42,1.43,19741,0
TROO.US,5,20251016,211000,1.409,1.44,1.409,1.44,23999,0
TROO.US,5,20251016,211500,1.43,1.43,1.42,1.42,1949,0
TROO.US,5,20251016,212000,1.42,1.42,1.41,1.41,3629,0
TROO.US,5,20251016,213000,1.42,1.42,1.41,1.41,1100,0
TROO.US,5,20251016,214500,1.43,1.43,1.42,1.425,1184,0
TROO.US,5,20251016,215000,1.415,1.415,1.415,1.415,300,0
TROO.US,5,20251016,215500,1.41,1.42,1.4,1.415,951,0
TROO.US,5,20251017,153000,1.42,1.42,1.42,1.42,400,0
TROO.US,5,20251017,153500,1.39,1.39,1.3019,1.3501,1450,0
TROO.US,5,20251017,154500,1.36,1.36,1.36,1.36,101,0
TROO.US,5,20251017,155000,1.36,1.36,1.36,1.36,600,0
TROO.US,5,20251017,162500,1.367,1.367,1.367,1.367,1400,0
TROO.US,5,20251017,164000,1.35,1.35,1.35,1.35,100,0
TROO.US,5,20251017,164500,1.36,1.41,1.36,1.41,14387,0
TROO.US,5,20251017,165000,1.405,1.405,1.4,1.405,2537,0
TROO.US,5,20251017,165500,1.3967,1.3967,1.3967,1.3967,3000,0
TROO.US,5,20251017,170500,1.41,1.415,1.395,1.395,5700,0
TROO.US,5,20251017,171000,1.41,1.41,1.41,1.41,400,0
TROO.US,5,20251017,171500,1.4,1.4025,1.36,1.36,6000,0
TROO.US,5,20251017,182000,1.375,1.375,1.375,1.375,100,0
TROO.US,5,20251017,182500,1.375,1.375,1.36,1.375,2352,0
TROO.US,5,20251017,183000,1.37,1.37,1.37,1.37,100,0
TROO.US,5,20251017,183500,1.37,1.37,1.37,1.37,100,0
TROO.US,5,20251017,184000,1.36,1.3601,1.36,1.36,4491,0
TROO.US,5,20251017,184500,1.37,1.37,1.355,1.355,625,0
TROO.US,5,20251017,191500,1.36,1.36,1.36,1.36,100,0
TROO.US,5,20251017,193000,1.34,1.34,1.34,1.34,100,0
TROO.US,5,20251017,194500,1.35,1.35,1.35,1.35,100,0
TROO.US,5,20251017,195500,1.3489,1.3489,1.3489,1.3489,100,0
TROO.US,5,20251017,200000,1.35,1.35,1.35,1.35,355,0
TROO.US,5,20251017,200500,1.39,1.4,1.38,1.4,48160,0
TROO.US,5,20251017,201000,1.3535,1.41,1.3535,1.41,1250,0
TROO.US,5,20251017,203000,1.4,1.4,1.395,1.395,10121,0
TROO.US,5,20251017,211000,1.38,1.38,1.38,1.38,100,0
TROO.US,5,20251017,214000,1.38,1.39,1.37,1.37,400,0
TROO.US,5,20251017,215500,1.39,1.39,1.385,1.39,2306,0
TROO.US,5,20251020,153000,1.4,1.41,1.39,1.41,1355,0
TROO.US,5,20251020,155000,1.3701,1.38,1.3701,1.38,3521,0
TROO.US,5,20251020,171000,1.3803,1.3803,1.3803,1.3803,166,0
TROO.US,5,20251020,172000,1.38,1.384,1.38,1.384,1000,0
TROO.US,5,20251020,172500,1.3804,1.3804,1.3804,1.3804,449,0
TROO.US,5,20251020,174500,1.38,1.38,1.38,1.38,550,0
TROO.US,5,20251020,185000,1.38,1.38,1.38,1.38,300,0
TROO.US,5,20251020,193500,1.4,1.4,1.4,1.4,1000,0
TROO.US,5,20251020,195000,1.385,1.385,1.385,1.385,100,0
TROO.US,5,20251020,205000,1.4,1.42,1.39,1.39,4095,0
TROO.US,5,20251020,205500,1.419,1.42,1.395,1.395,800,0
TROO.US,5,20251020,212500,1.39,1.405,1.39,1.4,4685,0
TROO.US,5,20251020,215000,1.4,1.4,1.4,1.4,561,0
TROO.US,5,20251020,215500,1.39,1.39,1.39,1.39,200,0
TROO.US,5,20251021,154500,1.38,1.38,1.38,1.38,1400,0
TROO.US,5,20251021,160000,1.38,1.38,1.38,1.38,1000,0
TROO.US,5,20251021,162500,1.405,1.43,1.405,1.43,424,0
TROO.US,5,20251021,165000,1.4,1.4,1.4,1.4,100,0
TROO.US,5,20251021,172000,1.395,1.395,1.395,1.395,310,0
TROO.US,5,20251021,173000,1.42,1.42,1.42,1.42,134,0
TROO.US,5,20251021,174500,1.42,1.42,1.42,1.42,500,0
TROO.US,5,20251021,183000,1.39,1.39,1.39,1.39,551,0
TROO.US,5,20251021,190000,1.4,1.4,1.4,1.4,20000,0
TROO.US,5,20251021,191500,1.4,1.4,1.4,1.4,10087,0
TROO.US,5,20251021,192000,1.42,1.42,1.42,1.42,1000,0
TROO.US,5,20251021,193500,1.4004,1.4004,1.4004,1.4004,100,0
TROO.US,5,20251021,194500,1.42,1.44,1.42,1.42,10000,0
TROO.US,5,20251021,195500,1.43,1.44,1.43,1.44,5700,0
TROO.US,5,20251021,200000,1.4406,1.4406,1.4406,1.4406,200,0
TROO.US,5,20251021,201500,1.465,1.465,1.465,1.465,100,0
TROO.US,5,20251021,202000,1.465,1.465,1.465,1.465,100,0
TROO.US,5,20251021,203000,1.465,1.465,1.465,1.465,350,0
TROO.US,5,20251021,203500,1.48,1.48,1.48,1.48,200,0
TROO.US,5,20251021,204500,1.47,1.47,1.47,1.47,200,0
TROO.US,5,20251021,205000,1.4699,1.4699,1.4699,1.4699,219,0
TROO.US,5,20251021,210500,1.4598,1.46,1.4598,1.46,600,0
TROO.US,5,20251021,211000,1.4411,1.455,1.44,1.455,4470,0
TROO.US,5,20251021,211500,1.455,1.455,1.44,1.44,4901,0
TROO.US,5,20251021,212000,1.44,1.44,1.44,1.44,1997,0
TROO.US,5,20251021,213000,1.45,1.45,1.45,1.45,105,0
TROO.US,5,20251021,215000,1.47,1.47,1.47,1.47,139,0
TROO.US,5,20251021,215500,1.46,1.47,1.45,1.46,1059,0
TROO.US,5,20251022,153000,1.42,1.42,1.33,1.33,7063,0
TROO.US,5,20251022,154500,1.39,1.39,1.39,1.39,200,0
TROO.US,5,20251022,155000,1.4094,1.4094,1.4093,1.4093,1765,0
TROO.US,5,20251022,160000,1.39,1.39,1.37,1.37,6779,0
TROO.US,5,20251022,160500,1.3605,1.3605,1.3605,1.3605,27864,0
TROO.US,5,20251022,161000,1.4,1.4,1.4,1.4,2519,0
TROO.US,5,20251022,163000,1.44,1.44,1.44,1.44,6000,0
TROO.US,5,20251022,164000,1.41,1.41,1.41,1.41,200,0
TROO.US,5,20251022,170000,1.43,1.43,1.43,1.43,100,0
TROO.US,5,20251022,171500,1.4001,1.415,1.4001,1.415,309,0
TROO.US,5,20251022,172000,1.415,1.415,1.415,1.415,400,0
TROO.US,5,20251022,174000,1.4,1.4,1.3951,1.3951,700,0
TROO.US,5,20251022,180000,1.4,1.4,1.4,1.4,142,0
TROO.US,5,20251022,181500,1.4,1.47,1.4,1.4294,23778,0
TROO.US,5,20251022,182500,1.4001,1.4001,1.4001,1.4001,209,0
TROO.US,5,20251022,183000,1.4699,1.4699,1.38,1.425,23910,0
TROO.US,5,20251022,183500,1.4201,1.4681,1.4201,1.46,7300,0
TROO.US,5,20251022,184000,1.445,1.445,1.445,1.445,1000,0
TROO.US,5,20251022,184500,1.445,1.445,1.445,1.445,200,0
TROO.US,5,20251022,185000,1.42,1.456,1.42,1.4496,8175,0
TROO.US,5,20251022,185500,1.45,1.47,1.45,1.47,5932,0
TROO.US,5,20251022,190000,1.47,1.48,1.47,1.48,5823,0
TROO.US,5,20251022,190500,1.485,1.49,1.485,1.49,9200,0
TROO.US,5,20251022,191000,1.5,1.52,1.495,1.52,6388,0
TROO.US,5,20251022,191500,1.51,1.52,1.51,1.52,2800,0
TROO.US,5,20251022,192000,1.5399,1.54,1.5,1.5,20308,0
TROO.US,5,20251022,192500,1.53,1.53,1.5,1.5,1100,0
TROO.US,5,20251022,193000,1.514,1.5298,1.51,1.5298,31500,0
TROO.US,5,20251022,193500,1.53,1.53,1.46,1.465,7683,0
TROO.US,5,20251022,194000,1.46,1.48,1.46,1.48,51943,0
TROO.US,5,20251022,194500,1.4898,1.49,1.4896,1.4896,2000,0
TROO.US,5,20251022,195500,1.47,1.47,1.45,1.45,51687,0
TROO.US,5,20251022,200500,1.42,1.42,1.3801,1.3801,67969,0
TROO.US,5,20251022,201000,1.39,1.4,1.39,1.4,2000,0
TROO.US,5,20251022,201500,1.39,1.43,1.36,1.43,247088,0
TROO.US,5,20251022,202000,1.43,1.45,1.4001,1.45,43622,0
TROO.US,5,20251022,202500,1.43,1.46,1.4,1.46,26161,0
TROO.US,5,20251022,203000,1.45,1.45,1.42,1.42,37804,0
TROO.US,5,20251022,203500,1.42,1.42,1.42,1.42,2364,0
TROO.US,5,20251022,204000,1.42,1.42,1.415,1.415,33915,0
TROO.US,5,20251022,204500,1.415,1.46,1.415,1.46,142800,0
TROO.US,5,20251022,205000,1.47,1.47,1.47,1.47,400,0
TROO.US,5,20251022,205500,1.48,1.48,1.48,1.48,8227,0
TROO.US,5,20251022,210000,1.49,1.49,1.49,1.49,100,0
TROO.US,5,20251022,210500,1.4899,1.4899,1.4899,1.4899,100,0
TROO.US,5,20251022,211000,1.485,1.485,1.485,1.485,100,0
TROO.US,5,20251022,211500,1.49,1.5,1.49,1.5,2849,0
TROO.US,5,20251022,212500,1.5,1.5,1.5,1.5,2800,0
TROO.US,5,20251022,213500,1.49,1.49,1.48,1.48,1056,0
TROO.US,5,20251022,214000,1.49,1.49,1.48,1.4801,3150,0
TROO.US,5,20251022,214500,1.5,1.5,1.5,1.5,200,0
TROO.US,5,20251022,215000,1.48,1.5,1.48,1.48,6441,0
TROO.US,5,20251022,215500,1.49,1.5,1.49,1.5,4196,0
TROO.US,5,20251023,153000,1.52,1.52,1.5005,1.51,1717,0
TROO.US,5,20251023,153500,1.5106,1.52,1.5106,1.52,867,0
TROO.US,5,20251023,154000,1.525,1.53,1.52,1.52,3089,0
TROO.US,5,20251023,154500,1.525,1.525,1.525,1.525,250,0
TROO.US,5,20251023,155500,1.54,1.546,1.54,1.546,2348,0
TROO.US,5,20251023,160500,1.54,1.54,1.51,1.51,4035,0
TROO.US,5,20251023,162500,1.525,1.525,1.525,1.525,100,0
TROO.US,5,20251023,164000,1.52,1.5202,1.5,1.51,21621,0
TROO.US,5,20251023,165000,1.51,1.52,1.5,1.505,11501,0
TROO.US,5,20251023,170000,1.51,1.51,1.51,1.51,2400,0
TROO.US,5,20251023,170500,1.4905,1.51,1.4905,1.495,7389,0
TROO.US,5,20251023,171000,1.4998,1.5,1.495,1.5,15483,0
TROO.US,5,20251023,171500,1.51,1.51,1.505,1.505,759,0
TROO.US,5,20251023,172000,1.5083,1.5083,1.5083,1.5083,100,0
TROO.US,5,20251023,172500,1.51,1.51,1.5003,1.5003,606,0
TROO.US,5,20251023,173000,1.51,1.51,1.51,1.51,100,0
TROO.US,5,20251023,173500,1.51,1.51,1.505,1.505,312,0
TROO.US,5,20251023,175000,1.51,1.5199,1.5099,1.5199,1162,0
TROO.US,5,20251023,175500,1.52,1.53,1.52,1.53,7862,0
TROO.US,5,20251023,180000,1.54,1.55,1.52,1.5283,15271,0
TROO.US,5,20251023,180500,1.53,1.53,1.52,1.52,3710,0
TROO.US,5,20251023,181000,1.5176,1.52,1.515,1.515,2200,0
TROO.US,5,20251023,181500,1.5,1.5001,1.49,1.4919,6171,0
TROO.US,5,20251023,182000,1.495958,1.5,1.48,1.49,59319,0
TROO.US,5,20251023,183500,1.49,1.49,1.49,1.49,143,0
TROO.US,5,20251023,184000,1.48,1.5299,1.48,1.5299,30142,0
TROO.US,5,20251023,184500,1.48,1.53,1.48,1.53,20433,0
TROO.US,5,20251023,185000,1.505,1.505,1.505,1.505,1696,0
TROO.US,5,20251023,185500,1.5244,1.5244,1.5101,1.52,1588,0
TROO.US,5,20251023,190000,1.51,1.51,1.51,1.51,400,0
TROO.US,5,20251023,190500,1.48,1.52,1.48,1.494,3018,0
TROO.US,5,20251023,191000,1.5,1.5,1.5,1.5,119,0
TROO.US,5,20251023,192500,1.51,1.51,1.51,1.51,400,0
TROO.US,5,20251023,193000,1.5,1.5,1.49,1.49,500,0
TROO.US,5,20251023,193500,1.5,1.5,1.5,1.5,500,0
TROO.US,5,20251023,194000,1.51,1.51,1.51,1.51,544,0
TROO.US,5,20251023,194500,1.505,1.505,1.5001,1.5001,900,0
TROO.US,5,20251023,195000,1.5,1.5,1.5,1.5,441,0
TROO.US,5,20251023,201000,1.505,1.51,1.505,1.51,700,0
TROO.US,5,20251023,201500,1.505,1.505,1.505,1.505,5248,0
TROO.US,5,20251023,202500,1.51,1.51,1.505,1.505,215,0
TROO.US,5,20251023,203000,1.5005,1.51,1.5,1.5,5551,0
TROO.US,5,20251023,204500,1.51,1.51,1.51,1.51,600,0
TROO.US,5,20251023,205000,1.4934,1.4934,1.4934,1.4934,584,0
TROO.US,5,20251023,205500,1.5,1.5,1.5,1.5,5000,0
TROO.US,5,20251023,210500,1.505,1.52,1.505,1.5199,5722,0
TROO.US,5,20251023,211000,1.52,1.52,1.5086,1.5086,2000,0
TROO.US,5,20251023,211500,1.52,1.52,1.5001,1.5087,6017,0
TROO.US,5,20251023,212000,1.517,1.55,1.5001,1.5101,8697,0
TROO.US,5,20251023,213000,1.5087,1.5087,1.5087,1.5087,700,0
TROO.US,5,20251023,213500,1.52,1.52,1.52,1.52,456,0
TROO.US,5,20251023,214000,1.5002,1.51,1.5001,1.5086,6000,0
TROO.US,5,20251023,214500,1.5001,1.51,1.48,1.505,14451,0
TROO.US,5,20251023,215000,1.505,1.505,1.505,1.505,200,0
TROO.US,5,20251023,215500,1.505,1.51,1.5,1.5,1080,0
TROO.US,5,20251024,153000,1.52,1.54,1.51,1.51,3070,0
TROO.US,5,20251024,153500,1.54,1.54,1.54,1.54,800,0
TROO.US,5,20251024,154000,1.525,1.53,1.525,1.53,560,0
TROO.US,5,20251024,154500,1.53,1.53,1.5,1.52,5656,0
TROO.US,5,20251024,155000,1.52,1.52,1.52,1.52,1006,0
TROO.US,5,20251024,160000,1.55,1.55,1.5395,1.55,1300,0
TROO.US,5,20251024,160500,1.54,1.54,1.54,1.54,4794,0
TROO.US,5,20251024,161500,1.534,1.534,1.534,1.534,250,0
TROO.US,5,20251024,162000,1.55,1.55,1.55,1.55,100,0
TROO.US,5,20251024,162500,1.53,1.53,1.52,1.52,400,0
TROO.US,5,20251024,165000,1.525,1.525,1.51,1.51,5100,0
TROO.US,5,20251024,165500,1.525,1.525,1.525,1.525,500,0
TROO.US,5,20251024,170000,1.5106,1.52,1.5,1.5102,1343,0
TROO.US,5,20251024,170500,1.52,1.52,1.52,1.52,100,0
TROO.US,5,20251024,172000,1.535,1.55,1.535,1.55,500,0
TROO.US,5,20251024,172500,1.54,1.54,1.54,1.54,100,0
TROO.US,5,20251024,173000,1.5499,1.5499,1.54,1.54,2106,0
TROO.US,5,20251024,173500,1.55,1.55,1.54,1.54,2842,0
TROO.US,5,20251024,174000,1.54,1.54,1.54,1.54,612,0
TROO.US,5,20251024,174500,1.53,1.53,1.53,1.53,2000,0
TROO.US,5,20251024,175000,1.5101,1.5101,1.5101,1.5101,500,0
TROO.US,5,20251024,175500,1.5275,1.5298,1.5275,1.5298,600,0
TROO.US,5,20251024,180000,1.51,1.51,1.51,1.51,4554,0
TROO.US,5,20251024,180500,1.51,1.51,1.51,1.51,100,0
TROO.US,5,20251024,181000,1.51,1.51,1.505,1.505,200,0
TROO.US,5,20251024,183000,1.5,1.5,1.5,1.5,2842,0
TROO.US,5,20251024,183500,1.505,1.51,1.505,1.505,969,0
TROO.US,5,20251024,184000,1.5,1.508,1.5,1.508,200,0
TROO.US,5,20251024,184500,1.51,1.51,1.51,1.51,1000,0
TROO.US,5,20251024,190500,1.5039,1.5039,1.5,1.5,850,0
TROO.US,5,20251024,191000,1.5,1.51,1.5,1.51,1543,0
TROO.US,5,20251024,195500,1.51,1.51,1.51,1.51,393,0
TROO.US,5,20251024,200000,1.5001,1.52,1.5001,1.52,300,0
TROO.US,5,20251024,200500,1.5,1.5,1.5,1.5,100,0
TROO.US,5,20251024,203500,1.53,1.55,1.5,1.5,2780,0
TROO.US,5,20251024,205000,1.52,1.52,1.52,1.52,240,0
TROO.US,5,20251024,210000,1.51,1.51,1.51,1.51,100,0
TROO.US,5,20251024,211000,1.52,1.52,1.52,1.52,500,0
TROO.US,5,20251024,213000,1.51,1.51,1.51,1.51,100,0
TROO.US,5,20251024,213500,1.51,1.51,1.51,1.51,594,0
TROO.US,5,20251024,214500,1.525,1.525,1.51,1.51,300,0
TROO.US,5,20251024,215500,1.5299,1.55,1.52,1.53,20189,0
TROO.US,5,20251027,143000,1.54,1.55,1.54,1.55,1185,0
TROO.US,5,20251027,143500,1.55,1.55,1.5489,1.5489,2000,0
TROO.US,5,20251027,145500,1.52,1.52,1.52,1.52,200,0
TROO.US,5,20251027,150000,1.52,1.52,1.52,1.52,2295,0
TROO.US,5,20251027,150500,1.5,1.51,1.49,1.5,2102,0
TROO.US,5,20251027,151000,1.51,1.51,1.5,1.51,3405,0
TROO.US,5,20251027,152000,1.5261,1.5261,1.5261,1.5261,200,0
TROO.US,5,20251027,153500,1.51,1.51,1.51,1.51,550,0
TROO.US,5,20251027,155500,1.52,1.52,1.52,1.52,100,0
TROO.US,5,20251027,160000,1.5199,1.5199,1.5199,1.5199,242,0
TROO.US,5,20251027,161000,1.53,1.53,1.53,1.53,1633,0
TROO.US,5,20251027,163000,1.51,1.51,1.49,1.5,11570,0
TROO.US,5,20251027,164000,1.495,1.5,1.495,1.5,11250,0
TROO.US,5,20251027,171000,1.505,1.505,1.505,1.505,110,0
TROO.US,5,20251027,171500,1.52,1.6,1.52,1.6,357223,0
TROO.US,5,20251027,172000,1.58,1.61,1.565,1.59,97821,0
TROO.US,5,20251027,173000,1.57,1.57,1.57,1.57,3334,0
TROO.US,5,20251027,174000,1.58,1.58,1.58,1.58,300,0
TROO.US,5,20251027,175500,1.59,1.59,1.59,1.59,500,0
TROO.US,5,20251027,180000,1.57,1.57,1.52,1.55,1248,0
TROO.US,5,20251027,180500,1.58,1.58,1.55,1.58,499,0
TROO.US,5,20251027,181500,1.59,1.6,1.59,1.59,2000,0
TROO.US,5,20251027,182500,1.5995,1.5995,1.5995,1.5995,2500,0
TROO.US,5,20251027,183000,1.6,1.6,1.58,1.58,1100,0
TROO.US,5,20251027,183500,1.58,1.58,1.58,1.58,300,0
TROO.US,5,20251027,184000,1.5999,1.6,1.58,1.58,1929,0
TROO.US,5,20251027,185500,1.59,1.6,1.59,1.6,2228,0
TROO.US,5,20251027,192000,1.6,1.6,1.6,1.6,2500,0
TROO.US,5,20251027,192500,1.56,1.6,1.56,1.6,5915,0
TROO.US,5,20251027,195000,1.61,1.6457,1.61,1.6457,8914,0
TROO.US,5,20251027,200500,1.6101,1.62,1.54,1.54,116398,0
TROO.US,5,20251027,201000,1.54,1.54,1.48,1.535,336707,0
TROO.US,5,20251027,201500,1.535,1.62,1.535,1.6,175537,0
TROO.US,5,20251027,202000,1.6,1.6,1.58,1.6,27687,0
TROO.US,5,20251027,203000,1.62,1.62,1.61,1.61,495,0
TROO.US,5,20251027,203500,1.6,1.6,1.6,1.6,8000,0
TROO.US,5,20251027,204000,1.6,1.601,1.599,1.6,33958,0
TROO.US,5,20251027,204500,1.605,1.605,1.6,1.6,500,0
TROO.US,5,20251027,205000,1.6,1.6,1.57,1.57,2753,0
TROO.US,5,20251027,205500,1.57,1.58,1.565,1.57,4804,0
TROO.US,5,20251028,143000,1.57,1.6399,1.57,1.6399,6445,0
TROO.US,5,20251028,143500,1.6395,1.6395,1.5911,1.5911,2250,0
TROO.US,5,20251028,144500,1.605,1.605,1.57,1.57,5959,0
TROO.US,5,20251028,145000,1.6,1.6,1.5809,1.5809,1700,0
TROO.US,5,20251028,145500,1.58,1.58,1.54,1.5501,3600,0
TROO.US,5,20251028,151500,1.5712,1.5712,1.5712,1.5712,250,0
TROO.US,5,20251028,154000,1.5608,1.5608,1.5608,1.5608,100,0
TROO.US,5,20251028,161000,1.565,1.565,1.565,1.565,100,0
TROO.US,5,20251028,162500,1.56,1.56,1.56,1.56,125,0
TROO.US,5,20251028,170000,1.57,1.57,1.5602,1.5602,886,0
TROO.US,5,20251028,172500,1.57,1.57,1.57,1.57,450,0
TROO.US,5,20251028,173000,1.56,1.56,1.56,1.56,200,0
TROO.US,5,20251028,174500,1.55,1.55,1.55,1.55,200,0
TROO.US,5,20251028,175000,1.58,1.58,1.58,1.58,100,0
TROO.US,5,20251028,175500,1.58,1.65,1.5701,1.65,131092,0
TROO.US,5,20251028,182000,1.65,1.65,1.65,1.65,200,0
TROO.US,5,20251028,182500,1.6105,1.63,1.61,1.63,700,0
TROO.US,5,20251028,183000,1.6,1.6,1.5905,1.5999,1139,0
TROO.US,5,20251028,183500,1.62,1.63,1.62,1.63,5000,0
TROO.US,5,20251028,184000,1.605,1.62,1.605,1.62,1723,0
TROO.US,5,20251028,184500,1.61,1.6125,1.61,1.6125,2633,0
TROO.US,5,20251028,185000,1.62,1.62,1.62,1.62,342,0
TROO.US,5,20251028,185500,1.62,1.65,1.62,1.65,5540,0
TROO.US,5,20251028,191000,1.5901,1.66,1.5901,1.66,12500,0
TROO.US,5,20251028,192500,1.65,1.65,1.64,1.64,200,0
TROO.US,5,20251028,193500,1.61,1.61,1.61,1.61,100,0
TROO.US,5,20251028,194500,1.6,1.6,1.6,1.6,200,0
TROO.US,5,20251028,195000,1.62,1.63,1.62,1.63,600,0
TROO.US,5,20251028,201000,1.63,1.63,1.63,1.63,100,0
TROO.US,5,20251028,201500,1.6,1.62,1.6,1.62,3498,0
TROO.US,5,20251028,202000,1.595,1.595,1.585,1.585,496,0
TROO.US,5,20251028,203000,1.6,1.6,1.6,1.6,400,0
TROO.US,5,20251028,204500,1.57,1.57,1.57,1.57,600,0
TROO.US,5,20251028,205000,1.57,1.58,1.57,1.58,1397,0
TROO.US,5,20251028,205500,1.58,1.6,1.58,1.6,3979,0
TROO.US,5,20251029,143000,1.6,1.6496,1.6,1.645,2064,0
TROO.US,5,20251029,143500,1.59,1.615,1.59,1.5926,700,0
TROO.US,5,20251029,144000,1.6,1.6,1.6,1.6,400,0
TROO.US,5,20251029,144500,1.62,1.645,1.62,1.645,1500,0
TROO.US,5,20251029,145000,1.64,1.64,1.631,1.631,580,0
TROO.US,5,20251029,150500,1.6302,1.6302,1.6302,1.6302,2500,0
TROO.US,5,20251029,151000,1.63,1.63,1.63,1.63,100,0
TROO.US,5,20251029,152000,1.6301,1.6301,1.6301,1.6301,100,0
TROO.US,5,20251029,152500,1.6316,1.64,1.6303,1.64,1083,0
TROO.US,5,20251029,155500,1.6201,1.6201,1.62,1.62,1109,0
TROO.US,5,20251029,161500,1.61,1.61,1.61,1.61,400,0
TROO.US,5,20251029,162500,1.6164,1.6164,1.6164,1.6164,250,0
TROO.US,5,20251029,170000,1.62,1.62,1.62,1.62,100,0
TROO.US,5,20251029,171000,1.6,1.6,1.6,1.6,125,0
TROO.US,5,20251029,172500,1.615,1.63,1.615,1.63,2040,0
TROO.US,5,20251029,174000,1.615,1.63,1.5904,1.63,9115,0
TROO.US,5,20251029,174500,1.6282,1.6299,1.6282,1.6299,6189,0
TROO.US,5,20251029,181000,1.62,1.62,1.62,1.62,1200,0
TROO.US,5,20251029,182000,1.59,1.63,1.59,1.63,2292,0
TROO.US,5,20251029,183500,1.5804,1.6294,1.5804,1.6294,429,0
TROO.US,5,20251029,184500,1.62,1.62,1.62,1.62,2357,0
TROO.US,5,20251029,185500,1.59,1.59,1.59,1.59,500,0
TROO.US,5,20251029,191000,1.62,1.63,1.61,1.63,640,0
TROO.US,5,20251029,195000,1.605,1.605,1.605,1.605,200,0
TROO.US,5,20251029,200500,1.5801,1.595,1.5801,1.595,1252,0
TROO.US,5,20251029,201500,1.59,1.59,1.59,1.59,114,0
TROO.US,5,20251029,202500,1.58,1.58,1.57,1.5787,6400,0
TROO.US,5,20251029,204000,1.565,1.565,1.565,1.565,325,0
TROO.US,5,20251029,205500,1.58,1.6,1.58,1.6,1039,0
TROO.US,5,20251030,143000,1.54,1.55,1.54,1.55,1200,0
TROO.US,5,20251030,144500,1.58,1.58,1.58,1.58,3005,0
TROO.US,5,20251030,150500,1.555,1.555,1.555,1.555,100,0
TROO.US,5,20251030,151000,1.54,1.54,1.54,1.54,300,0
TROO.US,5,20251030,151500,1.5465,1.5465,1.5465,1.5465,200,0
TROO.US,5,20251030,153000,1.53,1.53,1.53,1.53,700,0
TROO.US,5,20251030,154000,1.53,1.57,1.53,1.57,7743,0
TROO.US,5,20251030,154500,1.54,1.54,1.54,1.54,100,0
TROO.US,5,20251030,155000,1.54,1.54,1.54,1.54,100,0
TROO.US,5,20251030,155500,1.54,1.54,1.54,1.54,100,0
TROO.US,5,20251030,160500,1.54,1.54,1.53,1.53,5586,0
TROO.US,5,20251030,161000,1.5001,1.5001,1.5001,1.5001,835,0
TROO.US,5,20251030,162000,1.5,1.5,1.5,1.5,2357,0
TROO.US,5,20251030,163000,1.51,1.51,1.51,1.51,200,0
TROO.US,5,20251030,165000,1.52,1.52,1.52,1.52,1050,0
TROO.US,5,20251030,170500,1.5293,1.5293,1.5293,1.5293,300,0
TROO.US,5,20251030,173500,1.53,1.53,1.53,1.53,100,0
TROO.US,5,20251030,175000,1.5297,1.5297,1.5297,1.5297,490,0
TROO.US,5,20251030,182000,1.5036,1.5036,1.5,1.5,709,0
TROO.US,5,20251030,191000,1.53,1.53,1.53,1.53,500,0
TROO.US,5,20251030,194000,1.53,1.53,1.53,1.53,2423,0
TROO.US,5,20251030,204500,1.5034,1.5034,1.5034,1.5034,100,0
TROO.US,5,20251030,205500,1.53,1.53,1.5,1.5,764,0
TROO.US,5,20251031,143000,1.52,1.52,1.52,1.52,159,0
TROO.US,5,20251031,145000,1.52,1.52,1.52,1.52,200,0
TROO.US,5,20251031,145500,1.52,1.52,1.52,1.52,242,0
TROO.US,5,20251031,151500,1.5196,1.5196,1.5196,1.5196,218,0
TROO.US,5,20251031,152500,1.52,1.52,1.52,1.52,729,0
TROO.US,5,20251031,162000,1.51,1.51,1.5,1.5,1173,0
TROO.US,5,20251031,163000,1.49,1.51,1.49,1.51,3917,0
TROO.US,5,20251031,164000,1.505,1.505,1.505,1.505,3000,0
TROO.US,5,20251031,164500,1.49,1.49,1.49,1.49,299,0
TROO.US,5,20251031,165500,1.505,1.505,1.49,1.49,5539,0
TROO.US,5,20251031,173000,1.4999,1.4999,1.4999,1.4999,500,0
TROO.US,5,20251031,181000,1.49,1.49,1.48,1.48,4014,0
TROO.US,5,20251031,182500,1.47,1.47,1.45,1.46,1425,0
TROO.US,5,20251031,183000,1.451,1.46,1.44,1.44,1500,0
TROO.US,5,20251031,184000,1.43,1.44,1.43,1.43,5192,0
TROO.US,5,20251031,190500,1.43,1.43,1.43,1.43,2087,0
TROO.US,5,20251031,192500,1.45,1.45,1.45,1.45,100,0
TROO.US,5,20251031,193000,1.43,1.43,1.43,1.43,855,0
TROO.US,5,20251031,194000,1.41,1.41,1.41,1.41,4382,0
TROO.US,5,20251031,200000,1.3909,1.3909,1.3909,1.3909,300,0
TROO.US,5,20251031,201500,1.405,1.405,1.405,1.405,100,0
TROO.US,5,20251031,202000,1.42,1.4243,1.42,1.42,2792,0
TROO.US,5,20251031,204000,1.4288,1.4288,1.4288,1.4288,500,0
TROO.US,5,20251031,204500,1.4322,1.4322,1.43,1.43,1128,0
TROO.US,5,20251031,205500,1.41,1.41,1.39,1.39,7375,0
TROO.US,5,20251103,153000,1.4,1.435,1.4,1.435,3390,0
TROO.US,5,20251103,154500,1.41,1.4101,1.41,1.4101,499,0
TROO.US,5,20251103,155000,1.42,1.42,1.42,1.42,1313,0
TROO.US,5,20251103,155500,1.41,1.41,1.3808,1.3808,803,0
TROO.US,5,20251103,160000,1.38,1.38,1.38,1.38,450,0
TROO.US,5,20251103,160500,1.3801,1.3801,1.3801,1.3801,457,0
TROO.US,5,20251103,161000,1.38,1.38,1.38,1.38,400,0
TROO.US,5,20251103,161500,1.3806,1.4039,1.3806,1.4039,400,0
TROO.US,5,20251103,162000,1.3868,1.4,1.3868,1.4,600,0
TROO.US,5,20251103,162500,1.38,1.38,1.37,1.37,2799,0
TROO.US,5,20251103,164500,1.3699,1.37,1.36,1.37,1432,0
TROO.US,5,20251103,171000,1.3616,1.3616,1.3616,1.3616,1200,0
TROO.US,5,20251103,173000,1.36,1.36,1.36,1.36,500,0
TROO.US,5,20251103,174000,1.35,1.35,1.301,1.301,5410,0
TROO.US,5,20251103,174500,1.3,1.3,1.28,1.2815,13049,0
TROO.US,5,20251103,175500,1.32,1.32,1.32,1.32,300,0
TROO.US,5,20251103,180000,1.315,1.32,1.3,1.3,12149,0
TROO.US,5,20251103,183500,1.3,1.3,1.3,1.3,100,0
TROO.US,5,20251103,191500,1.32,1.32,1.32,1.32,300,0
TROO.US,5,20251103,192500,1.3199,1.3199,1.3199,1.3199,2433,0
TROO.US,5,20251103,195000,1.305,1.305,1.305,1.305,296,0
TROO.US,5,20251103,201000,1.305,1.305,1.305,1.305,250,0
TROO.US,5,20251103,203000,1.3074,1.3074,1.3074,1.3074,750,0
TROO.US,5,20251103,205000,1.3,1.3,1.3,1.3,227,0
TROO.US,5,20251103,213000,1.305,1.305,1.305,1.305,300,0
TROO.US,5,20251103,215500,1.305,1.31,1.3,1.3,1974,0
TROO.US,5,20251104,153000,1.27,1.27,1.27,1.27,198,0
TROO.US,5,20251104,153500,1.2878,1.2878,1.28,1.28,2100,0
TROO.US,5,20251104,160000,1.26,1.26,1.25,1.25,2200,0
TROO.US,5,20251104,160500,1.23,1.24,1.23,1.24,750,0
TROO.US,5,20251104,161000,1.2378,1.2378,1.185,1.185,3906,0
TROO.US,5,20251104,161500,1.21,1.21,1.1642,1.1642,1110,0
TROO.US,5,20251104,162000,1.1601,1.19,1.1601,1.19,2906,0
TROO.US,5,20251104,162500,1.19,1.19,1.1828,1.1828,770,0
TROO.US,5,20251104,163500,1.1814,1.1814,1.1814,1.1814,1013,0
TROO.US,5,20251104,164000,1.181,1.181,1.181,1.181,600,0
TROO.US,5,20251104,164500,1.18,1.18,1.18,1.18,500,0
TROO.US,5,20251104,165500,1.18,1.18,1.18,1.18,1000,0
TROO.US,5,20251104,170000,1.19,1.215,1.19,1.215,500,0
TROO.US,5,20251104,172000,1.21,1.21,1.21,1.21,3099,0
TROO.US,5,20251104,173000,1.23,1.23,1.23,1.23,125,0
TROO.US,5,20251104,175500,1.23,1.23,1.23,1.23,300,0
TROO.US,5,20251104,191500,1.212974,1.212974,1.212974,1.212974,2000,0
TROO.US,5,20251104,192500,1.21,1.21,1.21,1.21,500,0
TROO.US,5,20251104,194000,1.21,1.22,1.21,1.22,300,0
TROO.US,5,20251104,195000,1.21,1.21,1.21,1.21,1892,0
TROO.US,5,20251104,200500,1.26,1.26,1.26,1.26,500,0
TROO.US,5,20251104,205000,1.23,1.23,1.21,1.21,3699,0
TROO.US,5,20251104,214500,1.2348,1.2348,1.2348,1.2348,119,0
TROO.US,5,20251104,215000,1.23,1.23,1.21,1.21,1900,0
TROO.US,5,20251104,215500,1.23,1.23,1.22,1.22,226,0
TROO.US,5,20251105,153000,1.2,1.22,1.16,1.21,6756,0
TROO.US,5,20251105,153500,1.205,1.205,1.205,1.205,224,0
TROO.US,5,20251105,154500,1.205,1.205,1.16,1.17,6397,0
TROO.US,5,20251105,160000,1.1701,1.1701,1.1701,1.1701,200,0
TROO.US,5,20251105,160500,1.1702,1.19,1.1702,1.19,742,0
TROO.US,5,20251105,163500,1.2,1.2,1.2,1.2,180,0
TROO.US,5,20251105,165500,1.17,1.17,1.15,1.15,9761,0
TROO.US,5,20251105,170500,1.2029,1.2029,1.1964,1.1964,400,0
TROO.US,5,20251105,175000,1.1801,1.1801,1.1801,1.1801,6000,0
TROO.US,5,20251105,201000,1.19,1.19,1.19,1.19,250,0
TROO.US,5,20251106,153500,1.19,1.19,1.19,1.19,3000,0
TROO.US,5,20251106,154500,1.1801,1.1801,1.1801,1.1801,1500,0
TROO.US,5,20251106,155000,1.19,1.19,1.18,1.185,15167,0
TROO.US,5,20251106,155500,1.18,1.18,1.17,1.18,12401,0
TROO.US,5,20251106,160500,1.1801,1.1802,1.1801,1.1802,840,0
TROO.US,5,20251106,162500,1.185,1.185,1.185,1.185,245,0
TROO.US,5,20251106,164500,1.1814,1.1814,1.1814,1.1814,267,0
TROO.US,5,20251106,170500,1.185,1.185,1.185,1.185,100,0
TROO.US,5,20251106,171500,1.1801,1.1801,1.1801,1.1801,488,0
TROO.US,5,20251106,172500,1.1801,1.1801,1.18,1.18,3100,0
TROO.US,5,20251106,180000,1.1883,1.1883,1.1883,1.1883,1000,0
TROO.US,5,20251106,182000,1.19,1.19,1.19,1.19,250,0
TROO.US,5,20251106,183000,1.18,1.18,1.17,1.17,5637,0
TROO.US,5,20251106,184500,1.1797,1.1797,1.1797,1.1797,509,0
TROO.US,5,20251106,191500,1.17,1.18,1.17,1.17,6123,0
TROO.US,5,20251106,192000,1.1716,1.1716,1.1716,1.1716,100,0
TROO.US,5,20251106,195500,1.175,1.175,1.175,1.175,100,0
TROO.US,5,20251106,200500,1.172,1.172,1.172,1.172,200,0
TROO.US,5,20251106,204500,1.17,1.17,1.16,1.16,5378,0
TROO.US,5,20251106,212000,1.165,1.165,1.165,1.165,500,0
TROO.US,5,20251106,215500,1.165,1.165,1.165,1.165,211,0
TROO.US,5,20251107,153000,1.15,1.1666,1.15,1.1666,10291,0
TROO.US,5,20251107,153500,1.1663,1.1674,1.1663,1.1674,1100,0
TROO.US,5,20251107,154000,1.1699,1.17,1.1699,1.17,3664,0
TROO.US,5,20251107,155500,1.18,1.18,1.18,1.18,5328,0
TROO.US,5,20251107,160000,1.18,1.18,1.18,1.18,100,0
TROO.US,5,20251107,160500,1.19,1.19,1.19,1.19,500,0
TROO.US,5,20251107,161000,1.18,1.18,1.18,1.18,456,0
TROO.US,5,20251107,161500,1.18,1.2,1.18,1.2,3575,0
TROO.US,5,20251107,162500,1.21,1.21,1.21,1.21,849,0
TROO.US,5,20251107,164000,1.2,1.21,1.2,1.21,2023,0
TROO.US,5,20251107,173500,1.2023,1.2023,1.2023,1.2023,100,0
TROO.US,5,20251107,180500,1.21,1.21,1.21,1.21,100,0
TROO.US,5,20251107,194500,1.219,1.219,1.219,1.219,165,0
TROO.US,5,20251107,201500,1.21,1.21,1.21,1.21,195,0
TROO.US,5,20251107,203500,1.218,1.218,1.218,1.218,100,0
TROO.US,5,20251107,210000,1.2198,1.2198,1.2198,1.2198,250,0
TROO.US,5,20251107,215500,1.21,1.21,1.205,1.205,778,0
TROO.US,5,20251110,153000,1.21,1.21,1.21,1.21,118,0
TROO.US,5,20251110,153500,1.23,1.23,1.23,1.23,500,0
TROO.US,5,20251110,154500,1.21,1.21,1.21,1.21,300,0
TROO.US,5,20251110,161500,1.23,1.23,1.23,1.23,200,0
TROO.US,5,20251110,165000,1.25,1.25,1.25,1.25,200,0
TROO.US,5,20251110,170500,1.23,1.23,1.21,1.21,10935,0
TROO.US,5,20251110,173500,1.2104,1.2104,1.2104,1.2104,287,0
TROO.US,5,20251110,182000,1.23,1.23,1.23,1.23,100,0
TROO.US,5,20251110,191500,1.235,1.235,1.235,1.235,500,0
TROO.US,5,20251110,193500,1.2101,1.2101,1.2101,1.2101,500,0
TROO.US,5,20251110,195500,1.23,1.23,1.23,1.23,500,0
TROO.US,5,20251110,203500,1.22,1.22,1.22,1.22,200,0
TROO.US,5,20251110,205000,1.22,1.22,1.22,1.22,100,0
TROO.US,5,20251110,211000,1.22,1.23,1.22,1.23,530,0
TROO.US,5,20251110,212500,1.23,1.23,1.23,1.23,100,0
TROO.US,5,20251110,215000,1.2446,1.2446,1.2446,1.2446,200,0
TROO.US,5,20251110,215500,1.23,1.23,1.225,1.225,328,0
TROO.US,5,20251111,153000,1.24,1.24,1.24,1.24,293,0
TROO.US,5,20251111,160000,1.267,1.267,1.267,1.267,130,0
TROO.US,5,20251111,170000,1.295,1.295,1.295,1.295,1200,0
TROO.US,5,20251111,171000,1.28,1.28,1.26,1.28,668,0
TROO.US,5,20251111,171500,1.27,1.27,1.27,1.27,341,0
TROO.US,5,20251111,182500,1.2899,1.2899,1.28,1.28,6500,0
TROO.US,5,20251111,205500,1.2853,1.2853,1.2853,1.2853,100,0
TROO.US,5,20251111,210000,1.28,1.28,1.28,1.28,100,0
TROO.US,5,20251111,211000,1.2861,1.2861,1.2861,1.2861,200,0
TROO.US,5,20251111,215000,1.2875,1.2875,1.2875,1.2875,300,0
TROO.US,5,20251112,153000,1.2899,1.2899,1.2899,1.2899,504,0
TROO.US,5,20251112,153500,1.2898,1.2898,1.28,1.28,5400,0
TROO.US,5,20251112,154500,1.28,1.28,1.28,1.28,500,0
TROO.US,5,20251112,155000,1.28,1.28,1.28,1.28,100,0
TROO.US,5,20251112,165500,1.28,1.28,1.28,1.28,100,0
TROO.US,5,20251112,170000,1.28,1.28,1.28,1.28,100,0
TROO.US,5,20251112,174500,1.2891,1.2891,1.2891,1.2891,500,0
TROO.US,5,20251112,181000,1.28,1.28,1.28,1.28,210,0
TROO.US,5,20251112,182500,1.28,1.28,1.28,1.28,500,0
TROO.US,5,20251112,183500,1.28,1.28,1.27,1.28,300,0
TROO.US,5,20251112,184000,1.27,1.27,1.27,1.27,331,0
TROO.US,5,20251112,184500,1.26,1.26,1.26,1.26,1000,0
TROO.US,5,20251112,192500,1.28,1.28,1.28,1.28,1000,0
TROO.US,5,20251112,204000,1.27,1.27,1.27,1.27,381,0
TROO.US,5,20251112,212000,1.2622,1.2622,1.2622,1.2622,100,0
TROO.US,5,20251112,215500,1.28,1.28,1.28,1.28,200,0
TROO.US,5,20251113,153000,1.26,1.26,1.26,1.26,115,0
TROO.US,5,20251113,162500,1.27,1.27,1.27,1.27,396,0
TROO.US,5,20251113,163500,1.2957,1.31,1.28,1.31,15741,0
TROO.US,5,20251113,164000,1.32,1.3396,1.3151,1.3151,2700,0
TROO.US,5,20251113,164500,1.31,1.32,1.31,1.32,3635,0
TROO.US,5,20251113,165500,1.32,1.32,1.32,1.32,509,0
TROO.US,5,20251113,171000,1.3,1.3024,1.3,1.3,1762,0
TROO.US,5,20251113,172000,1.3009,1.3009,1.3009,1.3009,203,0
TROO.US,5,20251113,190500,1.31,1.31,1.31,1.31,300,0
TROO.US,5,20251113,195000,1.31,1.31,1.31,1.31,3000,0
TROO.US,5,20251113,200000,1.31,1.31,1.3,1.3,1200,0
TROO.US,5,20251113,203500,1.3,1.3,1.27,1.27,11246,0
TROO.US,5,20251113,204500,1.2628,1.2628,1.2628,1.2628,200,0
TROO.US,5,20251113,210000,1.264,1.264,1.26,1.26,600,0
TROO.US,5,20251114,153000,1.24,1.24,1.24,1.24,262,0
TROO.US,5,20251114,154000,1.25,1.26,1.25,1.26,2487,0
TROO.US,5,20251114,162000,1.289,1.289,1.289,1.289,2000,0
TROO.US,5,20251114,163000,1.25,1.25,1.25,1.25,300,0
TROO.US,5,20251114,164000,1.25,1.25,1.25,1.25,100,0
TROO.US,5,20251114,171000,1.255,1.255,1.255,1.255,150,0
TROO.US,5,20251114,172000,1.25,1.25,1.24,1.24,501,0
TROO.US,5,20251114,174000,1.2409,1.2409,1.2409,1.2409,586,0
TROO.US,5,20251114,174500,1.24,1.24,1.24,1.24,200,0
TROO.US,5,20251114,184500,1.26,1.26,1.26,1.26,9000,0
TROO.US,5,20251114,185500,1.24,1.26,1.24,1.26,4646,0
TROO.US,5,20251114,191000,1.26,1.26,1.24,1.25,3991,0
TROO.US,5,20251114,191500,1.26,1.26,1.26,1.26,100,0
TROO.US,5,20251114,192000,1.26,1.27,1.26,1.27,1300,0
TROO.US,5,20251114,194000,1.28,1.28,1.28,1.28,100,0
TROO.US,5,20251114,200000,1.28,1.28,1.28,1.28,300,0
TROO.US,5,20251114,201000,1.27,1.27,1.27,1.27,4668,0
TROO.US,5,20251114,203000,1.2505,1.255,1.25,1.255,3226,0
TROO.US,5,20251114,210000,1.25,1.25,1.25,1.25,100,0
TROO.US,5,20251114,210500,1.25,1.25,1.25,1.25,200,0
TROO.US,5,20251114,211000,1.25,1.25,1.245,1.245,1004,0
TROO.US,5,20251117,153000,1.23,1.2705,1.23,1.2705,1565,0
TROO.US,5,20251117,153500,1.21,1.22,1.21,1.22,13276,0
TROO.US,5,20251117,154000,1.21,1.21,1.21,1.21,735,0
TROO.US,5,20251117,154500,1.21,1.21,1.2,1.2,4800,0
TROO.US,5,20251117,155000,1.21,1.21,1.2,1.2,10326,0
TROO.US,5,20251117,160000,1.21,1.21,1.21,1.21,100,0
TROO.US,5,20251117,164500,1.21,1.2116,1.21,1.21,10972,0
TROO.US,5,20251117,165000,1.21,1.21,1.145,1.145,25395,0
TROO.US,5,20251117,165500,1.15,1.17,1.15,1.17,1762,0
TROO.US,5,20251117,172000,1.1732,1.1732,1.1732,1.1732,3000,0
TROO.US,5,20251117,174000,1.185,1.185,1.185,1.185,1165,0
TROO.US,5,20251117,184000,1.2,1.2,1.2,1.2,100,0
TROO.US,5,20251117,205500,1.1748,1.1748,1.17,1.17,1288,0
TROO.US,5,20251117,210500,1.17,1.17,1.17,1.17,8357,0
TROO.US,5,20251117,211000,1.175,1.175,1.175,1.175,200,0
TROO.US,5,20251117,211500,1.17,1.17,1.17,1.17,152,0
TROO.US,5,20251117,214000,1.17,1.17,1.17,1.17,300,0
TROO.US,5,20251117,215000,1.17,1.17,1.17,1.17,400,0
TROO.US,5,20251117,215500,1.17,1.17,1.15,1.15,561,0
TROO.US,5,20251118,153000,1.12,1.15,1.12,1.15,3717,0
TROO.US,5,20251118,170000,1.15,1.17,1.15,1.16,400,0
TROO.US,5,20251118,180000,1.1339,1.1339,1.1339,1.1339,400,0
TROO.US,5,20251118,182000,1.1253,1.1253,1.1253,1.1253,500,0
TROO.US,5,20251118,183000,1.12,1.12,1.12,1.12,500,0
TROO.US,5,20251118,193000,1.1305,1.1305,1.1305,1.1305,1000,0
TROO.US,5,20251118,204000,1.16,1.16,1.16,1.16,350,0
TROO.US,5,20251118,211500,1.14,1.14,1.14,1.14,100,0
TROO.US,5,20251118,215500,1.13,1.13,1.13,1.13,635,0
TROO.US,5,20251119,153000,1.13,1.14,1.13,1.14,839,0
TROO.US,5,20251119,165000,1.15,1.15,1.15,1.15,193,0
TROO.US,5,20251119,172000,1.15,1.15,1.15,1.15,100,0
TROO.US,5,20251119,175000,1.15,1.15,1.15,1.15,100,0
TROO.US,5,20251119,181000,1.15,1.15,1.15,1.15,200,0
TROO.US,5,20251119,181500,1.1504,1.1504,1.1504,1.1504,1000,0
TROO.US,5,20251119,185000,1.15,1.15,1.15,1.15,190,0
TROO.US,5,20251119,191500,1.1401,1.1401,1.1401,1.1401,663,0
TROO.US,5,20251119,195000,1.14,1.14,1.14,1.14,150,0
TROO.US,5,20251119,205000,1.13,1.13,1.13,1.13,454,0
TROO.US,5,20251119,205500,1.13,1.13,1.13,1.13,324,0
TROO.US,5,20251119,211500,1.14,1.14,1.135,1.135,400,0
TROO.US,5,20251119,215000,1.13,1.13,1.13,1.13,318,0
TROO.US,5,20251120,153000,1.13,1.15,1.13,1.15,690,0
TROO.US,5,20251120,154000,1.14,1.14,1.14,1.14,2745,0
TROO.US,5,20251120,155000,1.14,1.14,1.13,1.13,1024,0
TROO.US,5,20251120,165000,1.135,1.135,1.135,1.135,100,0
TROO.US,5,20251120,171000,1.1272,1.1272,1.1272,1.1272,1700,0
TROO.US,5,20251120,172000,1.13,1.17,1.13,1.15,30564,0
TROO.US,5,20251120,172500,1.16,1.215,1.16,1.215,11474,0
TROO.US,5,20251120,173500,1.18,1.205,1.18,1.205,3693,0
TROO.US,5,20251120,174000,1.205,1.21,1.2,1.21,1180,0
TROO.US,5,20251120,174500,1.2,1.2,1.2,1.2,400,0
TROO.US,5,20251120,175000,1.21,1.21,1.21,1.21,200,0
TROO.US,5,20251120,180500,1.21,1.21,1.21,1.21,1000,0
TROO.US,5,20251120,183000,1.2,1.2,1.19,1.19,2247,0
TROO.US,5,20251120,184500,1.205,1.21,1.205,1.21,200,0
TROO.US,5,20251120,190000,1.235,1.235,1.235,1.235,100,0
TROO.US,5,20251120,195000,1.2,1.2,1.2,1.2,200,0
TROO.US,5,20251120,195500,1.2,1.2,1.2,1.2,895,0
TROO.US,5,20251120,200000,1.19,1.19,1.19,1.19,982,0
TROO.US,5,20251120,203500,1.19,1.19,1.19,1.19,3911,0
TROO.US,5,20251120,205000,1.17,1.185,1.17,1.185,824,0
TROO.US,5,20251120,211500,1.1801,1.1801,1.1801,1.1801,2500,0
TROO.US,5,20251120,212500,1.17,1.175,1.17,1.175,1268,0
TROO.US,5,20251120,215000,1.17,1.17,1.17,1.17,172,0
TROO.US,5,20251120,215500,1.17,1.17,1.17,1.17,313,0
TROO.US,5,20251121,153000,1.15,1.15,1.12,1.12,2755,0
TROO.US,5,20251121,155000,1.12,1.14,1.12,1.14,1478,0
TROO.US,5,20251121,163000,1.12,1.12,1.12,1.12,2000,0
TROO.US,5,20251121,163500,1.16,1.205,1.159,1.205,25917,0
TROO.US,5,20251121,164000,1.2,1.21,1.2,1.2,709,0
TROO.US,5,20251121,164500,1.22,1.25,1.22,1.23,8325,0
TROO.US,5,20251121,165000,1.2,1.23,1.2,1.22,5430,0
TROO.US,5,20251121,170000,1.2399,1.2399,1.2399,1.2399,1936,0
TROO.US,5,20251121,171500,1.24,1.24,1.24,1.24,100,0
TROO.US,5,20251121,172000,1.2312,1.2312,1.2312,1.2312,1000,0
TROO.US,5,20251121,172500,1.23,1.25,1.215,1.23,12586,0
TROO.US,5,20251121,173000,1.23,1.3193,1.23,1.28,3354,0
TROO.US,5,20251121,180500,1.28,1.28,1.28,1.28,3000,0
TROO.US,5,20251121,181000,1.27,1.27,1.27,1.27,100,0
TROO.US,5,20251121,183000,1.27,1.27,1.27,1.27,158,0
TROO.US,5,20251121,185000,1.26,1.265,1.26,1.265,200,0
TROO.US,5,20251121,191000,1.265,1.265,1.265,1.265,2897,0
TROO.US,5,20251121,192000,1.27,1.27,1.26,1.26,2836,0
TROO.US,5,20251121,192500,1.27,1.27,1.27,1.27,376,0
TROO.US,5,20251121,202500,1.275,1.275,1.275,1.275,100,0
TROO.US,5,20251121,205500,1.26,1.26,1.25,1.26,1000,0
TROO.US,5,20251121,212500,1.26,1.28,1.26,1.2609,1830,0
TROO.US,5,20251121,214500,1.25,1.25,1.25,1.25,100,0
TROO.US,5,20251121,215000,1.255,1.255,1.25,1.25,937,0
TROO.US,5,20251121,215500,1.25,1.25,1.25,1.25,100,0
TROO.US,5,20251124,153000,1.24,1.24,1.24,1.24,223,0
TROO.US,5,20251124,154500,1.17,1.17,1.17,1.17,200,0
TROO.US,5,20251124,155000,1.23,1.23,1.23,1.23,1000,0
TROO.US,5,20251124,162000,1.22,1.22,1.22,1.22,100,0
TROO.US,5,20251124,163500,1.22,1.22,1.22,1.22,100,0
TROO.US,5,20251124,171500,1.225,1.225,1.225,1.225,1000,0
TROO.US,5,20251124,182000,1.225,1.3,1.225,1.3,5669,0
TROO.US,5,20251124,182500,1.3,1.3,1.25,1.25,3606,0
TROO.US,5,20251124,184000,1.28,1.28,1.28,1.28,502,0
TROO.US,5,20251124,185000,1.28,1.28,1.28,1.28,2593,0
TROO.US,5,20251124,192500,1.24,1.24,1.24,1.24,100,0
TROO.US,5,20251124,210000,1.285,1.285,1.285,1.285,100,0
TROO.US,5,20251125,153000,1.24,1.32,1.14,1.32,387,0
TROO.US,5,20251125,154500,1.1904,1.1904,1.1904,1.1904,170,0
TROO.US,5,20251125,155000,1.1402,1.2574,1.1402,1.2574,1440,0
TROO.US,5,20251125,162000,1.24,1.24,1.2395,1.24,1245,0
TROO.US,5,20251125,163500,1.25,1.25,1.24,1.24,356,0
TROO.US,5,20251125,164000,1.3149,1.3149,1.3149,1.3149,700,0
TROO.US,5,20251125,165000,1.2898,1.32,1.285,1.32,3996,0
TROO.US,5,20251125,170000,1.32,1.3473,1.32,1.3473,850,0
TROO.US,5,20251125,171500,1.3489,1.3489,1.3489,1.3489,598,0
TROO.US,5,20251125,173000,1.34,1.35,1.34,1.35,669,0
TROO.US,5,20251125,175000,1.32,1.32,1.3064,1.3064,478,0
TROO.US,5,20251125,175500,1.34,1.3485,1.34,1.34,580,0
TROO.US,5,20251125,181000,1.33,1.34,1.33,1.34,850,0
TROO.US,5,20251125,181500,1.34,1.37,1.34,1.37,1770,0
TROO.US,5,20251125,182500,1.37,1.37,1.37,1.37,100,0
TROO.US,5,20251125,185000,1.35,1.35,1.35,1.35,200,0
TROO.US,5,20251125,191000,1.35,1.38,1.35,1.38,4379,0
TROO.US,5,20251125,193000,1.38,1.38,1.38,1.38,100,0
TROO.US,5,20251125,194000,1.3601,1.3601,1.3027,1.32,4894,0
TROO.US,5,20251125,194500,1.36,1.38,1.35,1.37,7238,0
TROO.US,5,20251125,204000,1.37,1.4,1.37,1.4,5115,0
TROO.US,5,20251125,211000,1.361,1.361,1.361,1.361,168,0
TROO.US,5,20251125,215500,1.39,1.39,1.35,1.38,510,0
TROO.US,5,20251126,154000,1.22,1.28,1.22,1.28,225,0
TROO.US,5,20251126,155500,1.27,1.27,1.27,1.27,200,0
TROO.US,5,20251126,161500,1.31,1.31,1.31,1.31,100,0
TROO.US,5,20251126,162500,1.295,1.38,1.295,1.38,14350,0
TROO.US,5,20251126,164500,1.36,1.3695,1.36,1.3695,250,0
TROO.US,5,20251126,171000,1.32,1.32,1.32,1.32,200,0
TROO.US,5,20251126,173500,1.34,1.35,1.34,1.35,300,0
TROO.US,5,20251126,174000,1.35,1.35,1.35,1.35,109,0
TROO.US,5,20251126,174500,1.36,1.36,1.36,1.36,1400,0
TROO.US,5,20251126,175000,1.36,1.36,1.36,1.36,100,0
TROO.US,5,20251126,180000,1.35,1.35,1.35,1.35,100,0
TROO.US,5,20251126,181500,1.351,1.351,1.34,1.35,10000,0
TROO.US,5,20251126,182000,1.34,1.34,1.34,1.34,1000,0
TROO.US,5,20251126,184000,1.355,1.355,1.23,1.27,5529,0
TROO.US,5,20251126,185500,1.3,1.3297,1.3,1.32,540,0
TROO.US,5,20251126,190000,1.33,1.38,1.32,1.38,5998,0
TROO.US,5,20251126,194500,1.34,1.34,1.34,1.34,300,0
TROO.US,5,20251126,215000,1.3108,1.3108,1.3108,1.3108,500,0
TROO.US,5,20251126,215500,1.32,1.32,1.32,1.32,660,0
TROO.US,5,20251128,153000,1.3,1.3,1.2941,1.2941,1428,0
TROO.US,5,20251128,153500,1.2885,1.3091,1.2885,1.3074,1700,0
TROO.US,5,20251128,154500,1.31,1.31,1.31,1.31,100,0
TROO.US,5,20251128,155000,1.3,1.3,1.3,1.3,300,0
TROO.US,5,20251128,162000,1.31,1.31,1.31,1.31,100,0
TROO.US,5,20251128,171000,1.3,1.309,1.3,1.3051,3800,0
TROO.US,5,20251128,173000,1.29,1.29,1.29,1.29,2000,0
TROO.US,5,20251128,173500,1.3099,1.3099,1.3051,1.3051,2390,0
TROO.US,5,20251128,175000,1.31,1.31,1.31,1.31,1500,0
TROO.US,5,20251128,175500,1.3086,1.32,1.285,1.32,4613,0
TROO.US,5,20251128,180000,1.34,1.35,1.34,1.35,1005,0
TROO.US,5,20251128,180500,1.378,1.4,1.378,1.4,4290,0
TROO.US,5,20251128,183000,1.42,1.42,1.42,1.42,100,0
TROO.US,5,20251128,184500,1.4066,1.42,1.4066,1.42,3982,0
TROO.US,5,20251128,185000,1.42,1.42,1.39,1.39,300,0
TROO.US,5,20251128,185500,1.39,1.39,1.39,1.39,736,0
TROO.US,5,20251128,190000,1.37,1.37,1.37,1.37,100,0
TROO.US,5,20251201,153000,1.37,1.37,1.37,1.37,3000,0
TROO.US,5,20251201,155000,1.207,1.207,1.207,1.207,100,0
TROO.US,5,20251201,160000,1.35,1.35,1.35,1.35,100,0
TROO.US,5,20251201,180000,1.2801,1.2801,1.2801,1.2801,100,0
TROO.US,5,20251201,181500,1.34,1.3495,1.315,1.3495,4983,0
TROO.US,5,20251201,182000,1.35,1.36,1.3,1.34,7096,0
TROO.US,5,20251201,184500,1.37,1.37,1.37,1.37,100,0
TROO.US,5,20251201,191500,1.345,1.345,1.345,1.345,190,0
TROO.US,5,20251201,193000,1.37,1.37,1.37,1.37,100,0
TROO.US,5,20251201,200500,1.36,1.36,1.36,1.36,100,0
TROO.US,5,20251201,201500,1.3214,1.3214,1.3214,1.3214,300,0
TROO.US,5,20251201,202000,1.34,1.34,1.34,1.34,1600,0
TROO.US,5,20251201,202500,1.34,1.35,1.34,1.35,6878,0
TROO.US,5,20251201,213000,1.3208,1.36,1.3208,1.36,350,0
TROO.US,5,20251201,215500,1.31,1.31,1.31,1.31,110,0
TROO.US,5,20251202,153000,1.22,1.22,1.22,1.22,2612,0
TROO.US,5,20251202,161500,1.32,1.32,1.31,1.31,1239,0
TROO.US,5,20251202,163000,1.32,1.34,1.31,1.34,2596,0
TROO.US,5,20251202,164000,1.34,1.34,1.34,1.34,1251,0
TROO.US,5,20251202,165000,1.34,1.34,1.34,1.34,100,0
TROO.US,5,20251202,171500,1.34,1.34,1.34,1.34,100,0
TROO.US,5,20251202,174500,1.315,1.315,1.315,1.315,500,0
TROO.US,5,20251202,182000,1.33,1.33,1.33,1.33,100,0
TROO.US,5,20251202,214000,1.3,1.31,1.29,1.295,780,0
TROO.US,5,20251202,215000,1.29,1.29,1.29,1.29,344,0
TROO.US,5,20251202,215500,1.29,1.32,1.29,1.295,800,0
TROO.US,5,20251203,153000,1.25,1.25,1.25,1.25,765,0
TROO.US,5,20251203,154500,1.3,1.3096,1.3,1.3096,2001,0
TROO.US,5,20251203,155000,1.3,1.3,1.3,1.3,300,0
TROO.US,5,20251203,160500,1.31,1.32,1.31,1.32,783,0
TROO.US,5,20251203,161000,1.3,1.3,1.3,1.3,300,0
TROO.US,5,20251203,162500,1.345,1.4,1.345,1.4,7044,0
TROO.US,5,20251203,163500,1.39,1.4,1.39,1.4,2129,0
TROO.US,5,20251203,164000,1.4,1.4,1.355,1.4,3019,0
TROO.US,5,20251203,164500,1.4,1.4,1.4,1.4,2500,0
TROO.US,5,20251203,170500,1.39,1.4,1.35,1.35,10200,0
TROO.US,5,20251203,171000,1.38,1.4022,1.38,1.4022,2559,0
TROO.US,5,20251203,171500,1.39,1.39,1.39,1.39,3269,0
TROO.US,5,20251203,172000,1.3894,1.3894,1.3894,1.3894,250,0
TROO.US,5,20251203,173000,1.41,1.41,1.39,1.39,6100,0
TROO.US,5,20251203,174500,1.41,1.42,1.41,1.42,451,0
TROO.US,5,20251203,175500,1.43,1.5,1.4299,1.5,19960,0
TROO.US,5,20251203,180000,1.493,1.493,1.48,1.48,493,0
TROO.US,5,20251203,181500,1.54,1.55,1.539,1.545,9031,0
TROO.US,5,20251203,182000,1.54,1.54,1.54,1.54,200,0
TROO.US,5,20251203,182500,1.54,1.55,1.54,1.55,15371,0
TROO.US,5,20251203,183000,1.515,1.515,1.51,1.515,1259,0
TROO.US,5,20251203,183500,1.52,1.52,1.52,1.52,656,0
TROO.US,5,20251203,184000,1.549,1.55,1.549,1.55,4025,0
TROO.US,5,20251203,184500,1.55,1.55,1.55,1.55,7880,0
TROO.US,5,20251203,185000,1.55,1.55,1.55,1.55,100,0
TROO.US,5,20251203,185500,1.5486,1.55,1.5486,1.55,14573,0
TROO.US,5,20251203,190000,1.55,1.56,1.54,1.55,18777,0
TROO.US,5,20251203,191500,1.55,1.55,1.55,1.55,6000,0
TROO.US,5,20251203,194500,1.55,1.56,1.55,1.56,4265,0
TROO.US,5,20251203,195000,1.5446,1.5446,1.5446,1.5446,200,0
TROO.US,5,20251203,200500,1.56,1.56,1.56,1.56,5363,0
TROO.US,5,20251203,202000,1.58,1.58,1.5799,1.5799,728,0
TROO.US,5,20251203,204000,1.58,1.59,1.58,1.59,2913,0
TROO.US,5,20251203,210000,1.6,1.6,1.6,1.6,100,0
TROO.US,5,20251203,210500,1.59,1.59,1.58,1.58,1281,0
TROO.US,5,20251203,211000,1.575,1.575,1.575,1.575,691,0
TROO.US,5,20251203,212500,1.5301,1.5301,1.5301,1.5301,316,0
TROO.US,5,20251203,213500,1.542,1.542,1.542,1.542,104,0
TROO.US,5,20251203,214500,1.5557,1.5557,1.5557,1.5557,250,0
TROO.US,5,20251203,215000,1.53,1.53,1.49,1.49,5888,0
TROO.US,5,20251203,215500,1.46,1.46,1.38,1.38,500,0
TROO.US,5,20251204,153000,1.46,1.46,1.46,1.46,1173,0
TROO.US,5,20251204,153500,1.497,1.497,1.497,1.497,400,0
TROO.US,5,20251204,160000,1.5,1.5,1.5,1.5,500,0
TROO.US,5,20251204,162500,1.525,1.57,1.525,1.57,26938,0
TROO.US,5,20251204,163000,1.5625,1.5625,1.5625,1.5625,150,0
TROO.US,5,20251204,163500,1.53,1.53,1.52,1.52,300,0
TROO.US,5,20251204,164500,1.53,1.6,1.53,1.6,10108,0
TROO.US,5,20251204,165000,1.5997,1.5997,1.5997,1.5997,100,0
TROO.US,5,20251204,165500,1.59,1.59,1.59,1.59,331,0
TROO.US,5,20251204,170000,1.5015,1.5562,1.5015,1.54,4054,0
TROO.US,5,20251204,170500,1.56,1.56,1.56,1.56,3000,0
TROO.US,5,20251204,171500,1.4606,1.4606,1.4606,1.4606,200,0
TROO.US,5,20251204,174500,1.52,1.52,1.52,1.52,300,0
TROO.US,5,20251204,180500,1.52,1.52,1.33,1.42,9549,0
TROO.US,5,20251204,181000,1.38,1.43,1.38,1.43,500,0
TROO.US,5,20251204,181500,1.435,1.44,1.39,1.4,7977,0
TROO.US,5,20251204,182000,1.4,1.41,1.3,1.31,9932,0
TROO.US,5,20251204,183000,1.543,1.543,1.543,1.543,700,0
TROO.US,5,20251204,191000,1.41,1.41,1.41,1.41,100,0
TROO.US,5,20251204,195000,1.53,1.53,1.44,1.44,590,0
TROO.US,5,20251204,201500,1.47,1.55,1.47,1.55,424,0
TROO.US,5,20251204,202500,1.482,1.482,1.482,1.482,400,0
TROO.US,5,20251204,204500,1.47,1.47,1.47,1.47,100,0
TROO.US,5,20251204,213000,1.51,1.51,1.51,1.51,129,0
TROO.US,5,20251204,213500,1.5,1.5,1.5,1.5,150,0
TROO.US,5,20251204,214000,1.47,1.47,1.47,1.47,187,0
TROO.US,5,20251204,215500,1.5,1.5,1.48,1.48,426,0
TROO.US,5,20251205,175500,1.3701,1.3701,1.3701,1.3701,2000,0
TROO.US,5,20251205,180000,1.3701,1.45,1.3701,1.45,398,0
TROO.US,5,20251205,183500,1.45,1.45,1.45,1.45,700,0
TROO.US,5,20251205,215000,1.425,1.425,1.4,1.425,790,0
TROO.US,5,20251205,215500,1.45,1.45,1.45,1.45,1098,0
TROO.US,5,20251208,153500,1.4304,1.4304,1.42,1.42,500,0
TROO.US,5,20251208,154000,1.4588,1.4588,1.4588,1.4588,583,0
TROO.US,5,20251208,154500,1.4598,1.4599,1.4598,1.4599,1304,0
TROO.US,5,20251208,155500,1.4,1.45,1.4,1.45,2100,0
TROO.US,5,20251208,160000,1.445,1.445,1.445,1.445,100,0
TROO.US,5,20251208,160500,1.445,1.445,1.43,1.44,1506,0
TROO.US,5,20251208,164500,1.4,1.4,1.4,1.4,100,0
TROO.US,5,20251208,171000,1.4,1.46,1.38,1.46,13678,0
TROO.US,5,20251208,175000,1.49,1.55,1.49,1.55,24627,0
TROO.US,5,20251208,180000,1.55,1.55,1.55,1.55,3890,0
TROO.US,5,20251208,182000,1.57,1.606,1.57,1.606,10554,0
TROO.US,5,20251208,183000,1.6383,1.6383,1.6383,1.6383,150,0
TROO.US,5,20251208,183500,1.65,1.66,1.65,1.66,5366,0
TROO.US,5,20251208,185500,1.645,1.645,1.645,1.645,500,0
TROO.US,5,20251208,190500,1.6101,1.6101,1.6101,1.6101,200,0
TROO.US,5,20251208,192000,1.62,1.62,1.62,1.62,292,0
TROO.US,5,20251208,193000,1.6206,1.6206,1.6206,1.6206,200,0
TROO.US,5,20251208,195500,1.62,1.62,1.61,1.61,500,0
TROO.US,5,20251208,200000,1.6,1.6,1.6,1.6,3405,0
TROO.US,5,20251208,203500,1.525,1.525,1.525,1.525,100,0
TROO.US,5,20251208,215500,1.525,1.55,1.525,1.55,200,0
TROO.US,5,20251209,153000,1.5,1.5,1.48,1.48,599,0
TROO.US,5,20251209,154000,1.47,1.47,1.47,1.47,983,0
TROO.US,5,20251209,162500,1.5,1.5,1.5,1.5,32108,0
TROO.US,5,20251209,163000,1.51,1.51,1.5,1.5,1900,0
TROO.US,5,20251209,163500,1.48,1.48,1.48,1.48,1000,0
TROO.US,5,20251209,165000,1.5,1.5,1.5,1.5,6000,0
TROO.US,5,20251209,165500,1.5,1.5,1.5,1.5,3100,0
TROO.US,5,20251209,170000,1.51,1.51,1.51,1.51,200,0
TROO.US,5,20251209,172500,1.53,1.6,1.53,1.6,27545,0
TROO.US,5,20251209,173500,1.58,1.6,1.58,1.6,17787,0
TROO.US,5,20251209,181500,1.5677,1.5677,1.5677,1.5677,665,0
TROO.US,5,20251209,191500,1.585,1.585,1.585,1.585,650,0
TROO.US,5,20251209,192000,1.5701,1.6,1.57,1.6,950,0
TROO.US,5,20251209,195000,1.56,1.56,1.526,1.526,200,0
TROO.US,5,20251209,212000,1.55,1.55,1.53,1.53,400,0
TROO.US,5,20251209,213500,1.54,1.54,1.53,1.53,1400,0
TROO.US,5,20251209,215500,1.54,1.54,1.52,1.54,637,0
TROO.US,5,20251210,153000,1.53,1.53,1.49,1.49,564,0
TROO.US,5,20251210,160500,1.55,1.55,1.55,1.55,100,0
TROO.US,5,20251210,161000,1.55,1.55,1.55,1.55,300,0
TROO.US,5,20251210,172000,1.545,1.5498,1.54,1.54,4086,0
TROO.US,5,20251210,172500,1.565,1.6,1.54,1.5895,4463,0
TROO.US,5,20251210,173000,1.59,1.59,1.59,1.59,1000,0
TROO.US,5,20251210,173500,1.58,1.6533,1.58,1.635,20351,0
TROO.US,5,20251210,174000,1.635,1.635,1.5805,1.5805,4596,0
TROO.US,5,20251210,175500,1.63,1.635,1.62,1.63,4500,0
TROO.US,5,20251210,181500,1.63,1.63,1.63,1.63,794,0
TROO.US,5,20251210,182000,1.63,1.64,1.63,1.64,26235,0
TROO.US,5,20251210,183000,1.63,1.63,1.63,1.63,1861,0
TROO.US,5,20251210,191000,1.6,1.605,1.6,1.605,600,0
TROO.US,5,20251210,202500,1.6,1.6,1.59,1.59,900,0
TROO.US,5,20251210,205500,1.55,1.55,1.55,1.55,120,0
TROO.US,5,20251210,211500,1.54,1.54,1.54,1.54,1000,0
TROO.US,5,20251211,153500,1.605,1.64,1.605,1.64,3877,0
TROO.US,5,20251211,161000,1.64,1.64,1.62,1.62,3788,0
TROO.US,5,20251211,163000,1.659,1.71,1.659,1.7,9306,0
TROO.US,5,20251211,163500,1.705,1.705,1.6885,1.6885,800,0
TROO.US,5,20251211,164000,1.69,1.69,1.69,1.69,817,0
TROO.US,5,20251211,164500,1.67,1.67,1.66,1.66,2040,0
TROO.US,5,20251211,170000,1.68,1.72,1.68,1.72,7999,0
TROO.US,5,20251211,170500,1.735,1.735,1.7,1.735,14744,0
TROO.US,5,20251211,171000,1.7019,1.75,1.7019,1.75,1005,0
TROO.US,5,20251211,172000,1.725,1.725,1.725,1.725,266,0
TROO.US,5,20251211,172500,1.7,1.7,1.59,1.61,17712,0
TROO.US,5,20251211,173500,1.61,1.63,1.61,1.63,6160,0
TROO.US,5,20251211,180000,1.6815,1.6815,1.6815,1.6815,326,0
TROO.US,5,20251211,181000,1.69,1.69,1.69,1.69,100,0
TROO.US,5,20251211,184500,1.6862,1.6862,1.6862,1.6862,100,0
TROO.US,5,20251211,185000,1.6626,1.6626,1.6626,1.6626,100,0
TROO.US,5,20251211,194500,1.6606,1.67,1.6606,1.67,2600,0
TROO.US,5,20251211,203000,1.6872,1.6872,1.6872,1.6872,1300,0
TROO.US,5,20251211,204000,1.7,1.712,1.7,1.712,3000,0
TROO.US,5,20251211,205000,1.67,1.67,1.66,1.66,1100,0
TROO.US,5,20251211,210000,1.66,1.66,1.66,1.66,400,0
TROO.US,5,20251211,212500,1.66,1.66,1.65,1.65,10212,0
TROO.US,5,20251211,213500,1.65,1.65,1.65,1.65,100,0
TROO.US,5,20251211,215000,1.6001,1.6001,1.6001,1.6001,145,0
TROO.US,5,20251211,215500,1.6,1.67,1.6,1.67,413,0
TROO.US,5,20251212,153000,1.65,1.66,1.65,1.66,2516,0
TROO.US,5,20251212,173000,1.61,1.61,1.61,1.61,380,0
TROO.US,5,20251212,175500,1.6115,1.65,1.6115,1.65,1140,0
TROO.US,5,20251212,190000,1.6743,1.6743,1.6743,1.6743,1495,0
TROO.US,5,20251212,195000,1.6893,1.6893,1.6893,1.6893,1301,0
TROO.US,5,20251212,200500,1.66,1.66,1.66,1.66,142,0
TROO.US,5,20251212,205500,1.6617,1.6617,1.6617,1.6617,120,0
TROO.US,5,20251212,213500,1.67,1.67,1.67,1.67,100,0
TROO.US,5,20251212,214000,1.67,1.67,1.67,1.67,698,0
TROO.US,5,20251212,215500,1.66,1.66,1.66,1.66,407,0
TROO.US,5,20251215,153000,1.68,1.68,1.68,1.68,922,0
TROO.US,5,20251215,153500,1.67,1.67,1.67,1.67,1000,0
TROO.US,5,20251215,161500,1.65,1.66,1.65,1.65,4372,0
TROO.US,5,20251215,162000,1.655,1.68,1.655,1.68,4098,0
TROO.US,5,20251215,163000,1.7008,1.7008,1.7008,1.7008,1000,0
TROO.US,5,20251215,164000,1.74,1.75,1.735,1.75,5767,0
TROO.US,5,20251215,164500,1.75,1.75,1.75,1.75,176,0
TROO.US,5,20251215,165000,1.7198,1.7199,1.7196,1.7199,14000,0
TROO.US,5,20251215,173000,1.711,1.711,1.711,1.711,158,0
TROO.US,5,20251215,181000,1.65,1.65,1.65,1.65,160,0
TROO.US,5,20251215,213000,1.655,1.655,1.655,1.655,202,0
TROO.US,5,20251215,215500,1.7,1.7,1.7,1.7,100,0
TROO.US,5,20251216,154000,1.54,1.63,1.54,1.63,3010,0
TROO.US,5,20251216,170000,1.65,1.7,1.65,1.7,8283,0
TROO.US,5,20251216,170500,1.7,1.7,1.7,1.7,2100,0
TROO.US,5,20251216,173500,1.73,1.75,1.73,1.75,5148,0
TROO.US,5,20251216,175000,1.7147,1.7147,1.7147,1.7147,1000,0
TROO.US,5,20251216,175500,1.73,1.73,1.73,1.73,766,0
TROO.US,5,20251216,183000,1.73,1.75,1.7,1.72,41077,0
TROO.US,5,20251216,184000,1.71,1.71,1.7,1.7,3200,0
TROO.US,5,20251216,185000,1.7,1.7,1.7,1.7,300,0
TROO.US,5,20251216,185500,1.7001,1.7001,1.7001,1.7001,7500,0
TROO.US,5,20251216,190000,1.71,1.72,1.7001,1.72,10898,0
TROO.US,5,20251216,190500,1.725,1.735,1.725,1.735,900,0
TROO.US,5,20251216,191000,1.7497,1.8,1.725,1.725,26430,0
TROO.US,5,20251216,191500,1.75,1.79,1.72,1.73,12851,0
TROO.US,5,20251216,193000,1.75,1.83,1.75,1.83,7200,0
TROO.US,5,20251216,193500,1.81,1.81,1.81,1.81,100,0
TROO.US,5,20251216,194000,1.805,1.805,1.7901,1.7901,2813,0
TROO.US,5,20251216,194500,1.78,1.85,1.78,1.85,41055,0
TROO.US,5,20251216,195000,1.91,1.91,1.83,1.88,3100,0
TROO.US,5,20251216,200000,1.84,1.85,1.84,1.84,1100,0
TROO.US,5,20251216,201500,1.8194,1.85,1.79,1.85,4735,0
TROO.US,5,20251216,202000,1.85,1.85,1.83,1.83,5500,0
TROO.US,5,20251216,202500,1.8399,1.85,1.835,1.85,3400,0
TROO.US,5,20251216,203500,1.8493,1.8493,1.8493,1.8493,423,0
TROO.US,5,20251216,204000,1.845,1.9,1.845,1.9,6225,0
TROO.US,5,20251216,204500,1.9,1.9,1.87,1.885,6800,0
TROO.US,5,20251216,205000,1.88,1.88,1.88,1.88,850,0
TROO.US,5,20251216,210500,1.8999,1.8999,1.8999,1.8999,100,0
TROO.US,5,20251216,211000,1.88,1.91,1.86,1.88,13178,0
TROO.US,5,20251216,212000,1.88,1.91,1.87,1.8706,3759,0
TROO.US,5,20251216,212500,1.825,1.87,1.825,1.87,544,0
TROO.US,5,20251216,213500,1.8,1.8,1.8,1.8,200,0
TROO.US,5,20251216,214000,1.8,1.89,1.8,1.89,13700,0
TROO.US,5,20251216,214500,1.8803,1.885,1.8803,1.8848,11700,0
TROO.US,5,20251216,215000,1.88,1.89,1.88,1.89,409,0
TROO.US,5,20251216,215500,1.885,1.93,1.885,1.93,11252,0
TROO.US,5,20251217,153000,1.86,1.92,1.86,1.92,6485,0
TROO.US,5,20251217,155000,1.89,1.89,1.89,1.89,100,0
TROO.US,5,20251217,155500,1.89,1.89,1.89,1.89,100,0
TROO.US,5,20251217,160000,1.902,1.902,1.86,1.86,450,0
TROO.US,5,20251217,160500,1.8799,1.8799,1.86,1.86,1490,0
TROO.US,5,20251217,161000,1.88,1.88,1.88,1.88,600,0
TROO.US,5,20251217,161500,1.88,1.883,1.88,1.883,526,0
TROO.US,5,20251217,162500,1.8805,1.8805,1.8805,1.8805,1000,0
TROO.US,5,20251217,163000,1.88,1.92,1.88,1.92,250,0
TROO.US,5,20251217,165000,1.93,1.97,1.92,1.97,4141,0
TROO.US,5,20251217,170000,1.9793,1.9793,1.935,1.935,1114,0
TROO.US,5,20251217,171000,1.9728,1.9728,1.92,1.92,1670,0
TROO.US,5,20251217,171500,1.902999,1.91,1.902999,1.91,1900,0
TROO.US,5,20251217,172000,1.91,1.91,1.91,1.91,8078,0
TROO.US,5,20251217,172500,1.89,1.89,1.89,1.89,350,0
TROO.US,5,20251217,173000,1.89,1.8972,1.89,1.8972,1300,0
TROO.US,5,20251217,174000,1.88,1.88,1.87,1.8701,1852,0
TROO.US,5,20251217,175000,1.9897,1.9897,1.9897,1.9897,200,0
TROO.US,5,20251217,175500,1.87,1.91,1.87,1.91,1308,0
TROO.US,5,20251217,183000,1.87,1.87,1.87,1.87,100,0
TROO.US,5,20251217,191000,1.9,1.9,1.9,1.9,100,0
TROO.US,5,20251217,194500,1.8999,1.8999,1.89,1.89,600,0
TROO.US,5,20251217,195000,1.895,1.895,1.895,1.895,100,0
TROO.US,5,20251217,195500,1.89,1.89,1.89,1.89,500,0
TROO.US,5,20251217,201500,1.8984,1.8991,1.8984,1.8991,1000,0
TROO.US,5,20251217,202000,1.9,1.9,1.9,1.9,891,0
TROO.US,5,20251217,204000,1.9,1.9,1.9,1.9,100,0
TROO.US,5,20251217,205000,1.89,1.89,1.89,1.89,200,0
TROO.US,5,20251217,211000,1.9,1.9,1.9,1.9,100,0
TROO.US,5,20251217,214500,1.9,1.9,1.89,1.89,3402,0
TROO.US,5,20251217,215000,1.9,1.95,1.9,1.95,3929,0
TROO.US,5,20251217,215500,1.92,1.9444,1.92,1.94,977,0
TROO.US,5,20251218,153000,1.93,1.94,1.93,1.94,5545,0
TROO.US,5,20251218,153500,1.96,1.96,1.96,1.96,100,0
TROO.US,5,20251218,155500,1.99,1.99,1.99,1.99,1000,0
TROO.US,5,20251218,160500,1.95,1.95,1.95,1.95,423,0
TROO.US,5,20251218,161000,1.97,1.97,1.97,1.97,2000,0
TROO.US,5,20251218,161500,1.97,1.97,1.97,1.97,500,0
TROO.US,5,20251218,162500,1.94,1.94,1.93,1.93,562,0
TROO.US,5,20251218,163000,1.93,1.94,1.93,1.94,200,0
TROO.US,5,20251218,163500,1.94,1.94,1.9339,1.9339,2000,0
TROO.US,5,20251218,164000,1.95,1.95,1.95,1.95,100,0
TROO.US,5,20251218,164500,1.94,1.94,1.9,1.9038,2431,0
TROO.US,5,20251218,170500,1.94,1.94,1.94,1.94,100,0
TROO.US,5,20251218,173000,1.9,1.9,1.9,1.9,200,0
TROO.US,5,20251218,175000,1.94,1.94,1.89,1.89,5146,0
TROO.US,5,20251218,181000,1.92,1.92,1.92,1.92,100,0
TROO.US,5,20251218,183500,1.91,1.91,1.91,1.91,100,0
TROO.US,5,20251218,185000,1.86,1.86,1.86,1.86,412,0
TROO.US,5,20251218,185500,1.85,1.85,1.85,1.85,2500,0
TROO.US,5,20251218,190500,1.77,1.8,1.77,1.7825,2000,0
TROO.US,5,20251218,191000,1.78,1.82,1.76,1.82,4676,0
TROO.US,5,20251218,191500,1.7902,1.7917,1.7901,1.7901,3300,0
TROO.US,5,20251218,193500,1.77,1.77,1.77,1.77,458,0
TROO.US,5,20251218,194000,1.83,1.84,1.83,1.84,200,0
TROO.US,5,20251218,194500,1.8233,1.85,1.8233,1.85,249,0
TROO.US,5,20251218,195000,1.82,1.82,1.82,1.82,1375,0
TROO.US,5,20251218,201000,1.83,1.83,1.83,1.83,156,0
TROO.US,5,20251218,203000,1.845,1.845,1.845,1.845,100,0
TROO.US,5,20251218,203500,1.87,1.87,1.87,1.87,200,0
TROO.US,5,20251218,204500,1.895,1.895,1.895,1.895,100,0
TROO.US,5,20251218,205500,1.83,1.83,1.83,1.83,100,0
TROO.US,5,20251218,210500,1.9,1.9,1.9,1.9,100,0
TROO.US,5,20251218,212000,1.9,1.9,1.9,1.9,200,0
TROO.US,5,20251218,213500,1.875,1.875,1.87,1.87,210,0
TROO.US,5,20251218,214000,1.8401,1.8401,1.8401,1.8401,200,0
TROO.US,5,20251218,214500,1.84,1.86,1.84,1.86,773,0
TROO.US,5,20251218,215000,1.8405,1.845,1.8405,1.845,500,0
TROO.US,5,20251218,215500,1.85,1.86,1.84,1.85,5272,0
TROO.US,5,20251219,160000,1.86,1.86,1.81,1.81,817,0
TROO.US,5,20251219,160500,1.865,2,1.865,1.94,29375,0
TROO.US,5,20251219,161000,1.95,1.98,1.95,1.9794,5500,0
TROO.US,5,20251219,161500,1.965,1.98,1.9005,1.92,31800,0
TROO.US,5,20251219,162000,1.92,1.98,1.91,1.91,33738,0
TROO.US,5,20251219,162500,1.93,1.94,1.93,1.93,1500,0
TROO.US,5,20251219,163000,1.9196,1.9196,1.875,1.88,1800,0
TROO.US,5,20251219,164000,1.89,1.89,1.89,1.89,1498,0
TROO.US,5,20251219,164500,1.87,1.87,1.87,1.87,200,0
TROO.US,5,20251219,165000,1.89,1.89,1.87,1.87,2004,0
TROO.US,5,20251219,171500,1.87,1.87,1.87,1.87,400,0
TROO.US,5,20251219,173500,1.87,1.87,1.87,1.87,900,0
TROO.US,5,20251219,174000,1.8672,1.8672,1.8672,1.8672,225,0
TROO.US,5,20251219,174500,1.88,1.88,1.84,1.88,2657,0
TROO.US,5,20251219,175000,1.8657,1.88,1.84,1.88,6731,0
TROO.US,5,20251219,175500,1.86,2.27,1.86,2.27,65384,0
TROO.US,5,20251219,180000,2.27,2.27,2.12,2.19,11025,0
TROO.US,5,20251219,180500,2.17,2.23,1.841,1.96,79126,0
TROO.US,5,20251219,181000,2.05,2.2,2.01,2.1014,58265,0
TROO.US,5,20251219,181500,2.14,2.14,2.06,2.13,8335,0
TROO.US,5,20251219,182000,2.07,2.08,1.92,1.9973,34343,0
TROO.US,5,20251219,182500,1.9818,1.995,1.98,1.98,3729,0
TROO.US,5,20251219,183000,1.94,1.94,1.86,1.87,11645,0
TROO.US,5,20251219,183500,1.86,1.87,1.8,1.86,24241,0
TROO.US,5,20251219,184000,1.86,1.86,1.86,1.86,448,0
TROO.US,5,20251219,184500,1.8976,1.91,1.86,1.91,1556,0
TROO.US,5,20251219,185000,1.86,1.86,1.82,1.82,3693,0
TROO.US,5,20251219,185500,1.8681,1.8799,1.8681,1.8798,767,0
TROO.US,5,20251219,190000,1.88,1.89,1.84,1.87,6464,0
TROO.US,5,20251219,190500,1.8742,1.8742,1.8742,1.8742,200,0
TROO.US,5,20251219,191000,1.86,1.885,1.86,1.885,678,0
TROO.US,5,20251219,191500,1.885,1.885,1.83,1.83,371,0
TROO.US,5,20251219,192000,1.88,1.88,1.84,1.84,2613,0
TROO.US,5,20251219,192500,1.88,1.88,1.88,1.88,369,0
TROO.US,5,20251219,193000,1.88,1.88,1.84,1.84,600,0
TROO.US,5,20251219,194000,1.89,1.89,1.89,1.89,100,0
TROO.US,5,20251219,195500,1.8407,1.8407,1.8407,1.8407,180,0
TROO.US,5,20251219,200000,1.86,1.86,1.86,1.86,100,0
TROO.US,5,20251219,200500,1.8673,1.9,1.8673,1.8925,603,0
TROO.US,5,20251219,201500,1.85,1.85,1.81,1.81,21860,0
TROO.US,5,20251219,202000,1.83,1.83,1.8004,1.8004,3001,0
TROO.US,5,20251219,203500,1.8384,1.8384,1.8384,1.8384,150,0
TROO.US,5,20251219,204000,1.84,1.84,1.84,1.84,200,0
TROO.US,5,20251219,204500,1.862,1.862,1.83,1.855,6450,0
TROO.US,5,20251219,205000,1.84,1.84,1.84,1.84,189,0
TROO.US,5,20251219,205500,1.86,1.86,1.8401,1.8401,1100,0
TROO.US,5,20251219,210000,1.86,1.86,1.86,1.86,100,0
TROO.US,5,20251219,212000,1.855,1.86,1.855,1.86,200,0
TROO.US,5,20251219,212500,1.87,1.87,1.87,1.87,100,0
TROO.US,5,20251219,213000,1.85,1.88,1.85,1.88,814,0
TROO.US,5,20251219,213500,1.88,1.94,1.88,1.94,1972,0
TROO.US,5,20251219,214000,1.94,1.94,1.94,1.94,100,0
TROO.US,5,20251219,214500,1.92,1.93,1.905,1.93,1820,0
TROO.US,5,20251219,215000,1.92,1.93,1.89,1.925,2600,0
TROO.US,5,20251219,215500,1.925,1.925,1.86,1.91,2141,0
TROO.US,5,20251222,153000,1.88,1.91,1.88,1.91,1012,0
TROO.US,5,20251222,154000,1.8522,1.8522,1.8522,1.8522,122,0
TROO.US,5,20251222,154500,1.9,1.9025,1.89,1.9025,2102,0
TROO.US,5,20251222,155000,1.91,1.96,1.91,1.96,3346,0
TROO.US,5,20251222,155500,1.96,1.96,1.9554,1.9554,391,0
TROO.US,5,20251222,160500,1.9675,1.9675,1.93,1.93,1331,0
TROO.US,5,20251222,161500,1.94,1.94,1.94,1.94,100,0
TROO.US,5,20251222,163000,1.96,1.99,1.96,1.97,3500,0
TROO.US,5,20251222,165500,1.95,1.95,1.95,1.95,916,0
TROO.US,5,20251222,170000,1.9701,1.9701,1.9701,1.9701,500,0
TROO.US,5,20251222,171000,1.95,1.9612,1.94,1.9612,9532,0
TROO.US,5,20251222,173000,1.94,1.94,1.94,1.94,500,0
TROO.US,5,20251222,173500,1.92,1.92,1.9,1.9,3777,0
TROO.US,5,20251222,182000,1.9,1.9,1.9,1.9,100,0
TROO.US,5,20251222,185500,1.9,1.9,1.9,1.9,200,0
TROO.US,5,20251222,190500,1.91,1.91,1.91,1.91,100,0
TROO.US,5,20251222,191000,1.9,1.9,1.9,1.9,400,0
TROO.US,5,20251222,192500,1.9,1.9,1.9,1.9,1200,0
TROO.US,5,20251222,194000,1.9,1.9,1.9,1.9,100,0
TROO.US,5,20251222,194500,1.9,1.9,1.9,1.9,200,0
TROO.US,5,20251222,200000,1.9,1.9,1.9,1.9,100,0
TROO.US,5,20251222,203000,1.9,1.9,1.9,1.9,200,0
TROO.US,5,20251222,205500,1.9,1.9,1.9,1.9,7930,0
TROO.US,5,20251222,210500,1.9,1.9,1.87,1.87,1113,0
TROO.US,5,20251222,213500,1.86,1.86,1.86,1.86,600,0
TROO.US,5,20251222,214500,1.865,1.865,1.865,1.865,100,0
TROO.US,5,20251222,215500,1.83,1.83,1.83,1.83,298,0
TROO.US,5,20251223,153000,1.86,1.979,1.86,1.979,3534,0
TROO.US,5,20251223,161000,1.9,1.9,1.9,1.9,200,0
TROO.US,5,20251223,161500,1.86,1.86,1.83,1.8351,6605,0
TROO.US,5,20251223,162500,1.82,1.8299,1.82,1.8299,623,0
TROO.US,5,20251223,164000,1.82,1.82,1.82,1.82,100,0
TROO.US,5,20251223,164500,1.8299,1.8299,1.8299,1.8299,200,0
TROO.US,5,20251223,165000,1.83,1.87,1.8299,1.86,11152,0
TROO.US,5,20251223,165500,1.852,1.852,1.852,1.852,100,0
TROO.US,5,20251223,170000,1.86,1.88,1.86,1.88,1477,0
TROO.US,5,20251223,171500,1.87,1.9,1.87,1.9,2554,0
TROO.US,5,20251223,172000,1.95,1.955,1.94,1.95,8111,0
TROO.US,5,20251223,172500,1.93,1.93,1.93,1.93,111,0
TROO.US,5,20251223,173000,1.95,1.95,1.95,1.95,400,0
TROO.US,5,20251223,173500,1.95,1.95,1.95,1.95,1705,0
TROO.US,5,20251223,175500,1.9101,1.9101,1.9082,1.9082,1400,0
TROO.US,5,20251223,181000,1.9,1.9,1.9,1.9,150,0
TROO.US,5,20251223,182000,1.94,2,1.94,1.98,11047,0
TROO.US,5,20251223,183500,2,2,2,2,100,0
TROO.US,5,20251223,184000,1.9859,1.9859,1.9859,1.9859,300,0
TROO.US,5,20251223,184500,1.966,1.966,1.966,1.966,251,0
TROO.US,5,20251223,192500,1.96,1.96,1.96,1.96,5000,0
TROO.US,5,20251223,195000,1.9825,1.9825,1.9825,1.9825,300,0
TROO.US,5,20251223,201000,1.99,2,1.99,2,1167,0
TROO.US,5,20251223,202500,1.9827,1.9827,1.9827,1.9827,1000,0
TROO.US,5,20251223,204500,1.98,1.98,1.98,1.98,325,0
TROO.US,5,20251223,212500,1.98,1.98,1.97,1.97,744,0
TROO.US,5,20251223,213000,1.97,1.97,1.9,1.9,4631,0
TROO.US,5,20251223,215500,1.925,1.94,1.92,1.94,686,0
TROO.US,5,20251224,153000,1.9873,1.9873,1.9873,1.9873,199,0
TROO.US,5,20251224,153500,2,2,1.99,1.99,1212,0
TROO.US,5,20251224,154000,1.975,1.975,1.975,1.975,1000,0
TROO.US,5,20251224,154500,2.01,2.09,2.01,2.09,1300,0
TROO.US,5,20251224,155500,2.0748,2.0748,2.0748,2.0748,574,0
TROO.US,5,20251224,160000,2,2.07,2,2.04,1508,0
TROO.US,5,20251224,160500,2.02,2.02,2.02,2.02,574,0
TROO.US,5,20251224,161000,2.0259,2.0259,1.9,1.9,27561,0
TROO.US,5,20251224,161500,1.9131,1.93,1.9131,1.93,700,0
TROO.US,5,20251224,162000,1.9899,1.9899,1.98,1.98,1200,0
TROO.US,5,20251224,162500,1.984,2.036,1.98,2.036,5512,0
TROO.US,5,20251224,163500,2.02,2.02,2.02,2.02,100,0
TROO.US,5,20251224,164000,2.02,2.02,2.02,2.02,300,0
TROO.US,5,20251224,170000,2.02,2.02,2.02,2.02,300,0
TROO.US,5,20251224,171500,2.036,2.036,2.036,2.036,2000,0
TROO.US,5,20251224,172000,2.05,2.05,2.04,2.04,1054,0
TROO.US,5,20251224,172500,2.05,2.05,2.05,2.05,400,0
TROO.US,5,20251224,174000,2.05,2.05,2.05,2.05,200,0
TROO.US,5,20251224,174500,2.0001,2.0001,2.0001,2.0001,329,0
TROO.US,5,20251224,180000,2.05,2.06,2.05,2.05,1300,0
TROO.US,5,20251224,181500,2.06,2.06,2.06,2.06,100,0
TROO.US,5,20251224,183500,2.04,2.04,2.04,2.04,2000,0
TROO.US,5,20251224,184000,2.05,2.05,2.05,2.05,500,0
TROO.US,5,20251224,185500,2.01,2.01,2.01,2.01,1078,0
TROO.US,5,20251224,190000,2.04,2.04,2.04,2.04,424,0
TROO.US,5,20251226,153000,2.05,2.05,1.94,1.94,1500,0
TROO.US,5,20251226,154000,1.8701,1.88,1.8701,1.88,1300,0
TROO.US,5,20251226,160000,1.8901,1.8901,1.8901,1.8901,449,0
TROO.US,5,20251226,162500,1.9499,2.0399,1.9488,2.0399,7312,0
TROO.US,5,20251226,163000,2.04,2.05,2.04,2.04,2200,0
TROO.US,5,20251226,163500,2,2,2,2,100,0
TROO.US,5,20251226,165000,2.0074,2.0074,2,2,7967,0
TROO.US,5,20251226,165500,2.02,2.05,2.02,2.05,3371,0
TROO.US,5,20251226,170000,2.06,2.07,2.06,2.06,3226,0
TROO.US,5,20251226,170500,2.07,2.07,2.065,2.07,3954,0
TROO.US,5,20251226,171000,2.08,2.15,2.07,2.15,12022,0
TROO.US,5,20251226,171500,2.18,2.2,2.14,2.14,9576,0
TROO.US,5,20251226,172500,2.1,2.11,2.1,2.1,2100,0
TROO.US,5,20251226,173000,2.09,2.09,2.0604,2.0604,300,0
TROO.US,5,20251226,175000,2.1,2.17,2.1,2.16,6912,0
TROO.US,5,20251226,180000,2.15,2.16,2.15,2.15,1613,0
TROO.US,5,20251226,181000,2.0825,2.105,1.93,1.93,10520,0
TROO.US,5,20251226,181500,2.0395,2.0395,1.92,1.933,2074,0
TROO.US,5,20251226,182000,2.025,2.06,2.025,2.06,4990,0
TROO.US,5,20251226,185000,2.09,2.09,2.09,2.09,120,0
TROO.US,5,20251226,192000,2.05,2.05,2.05,2.05,108,0
TROO.US,5,20251226,195000,2.05,2.06,1.99,2,6489,0
TROO.US,5,20251226,203500,1.945,1.945,1.945,1.945,120,0
TROO.US,5,20251226,205000,1.98,1.98,1.98,1.98,100,0
TROO.US,5,20251226,210500,1.955,1.955,1.955,1.955,5106,0
TROO.US,5,20251226,213500,1.9101,1.9101,1.9101,1.9101,650,0
TROO.US,5,20251226,214500,1.91,1.91,1.91,1.91,208,0
TROO.US,5,20251226,215500,1.92,1.93,1.92,1.93,309,0
TROO.US,5,20251229,153000,2.01,2.16,2,2.16,1181,0
TROO.US,5,20251229,153500,2.1399,2.15,2.07,2.1395,3246,0
TROO.US,5,20251229,154000,2.14,2.17,2.115,2.1569,14273,0
TROO.US,5,20251229,154500,2.125,2.15,2.125,2.15,1393,0
TROO.US,5,20251229,155000,2.13,2.13,2.06,2.06,1389,0
TROO.US,5,20251229,155500,2.075,2.0998,2.075,2.08,1181,0
TROO.US,5,20251229,160000,2.13,2.15,2.12,2.15,4299,0
TROO.US,5,20251229,160500,2.13,2.15,2.13,2.15,6841,0
TROO.US,5,20251229,161000,2.155,2.16,2.15,2.16,8100,0
TROO.US,5,20251229,161500,2.17,2.27,2.17,2.2,7926,0
TROO.US,5,20251229,162000,2.23,2.27,2.23,2.27,6141,0
TROO.US,5,20251229,162500,2.2551,2.2599,2.235,2.24,2336,0
TROO.US,5,20251229,163000,2.214,2.28,2.203618,2.28,26607,0
TROO.US,5,20251229,163500,2.275,2.275,2.1901,2.1901,725,0
TROO.US,5,20251229,164000,2.2205,2.26,2.05,2.06,12656,0
TROO.US,5,20251229,164500,2.11,2.1556,1.9,1.99,33255,0
TROO.US,5,20251229,165000,1.99,2.14,1.99,2.115,10958,0
TROO.US,5,20251229,165500,2.0901,2.14,2.09,2.14,2486,0
TROO.US,5,20251229,170000,2.17,2.17,2.17,2.17,2021,0
TROO.US,5,20251229,170500,2.14,2.14,2.14,2.14,1210,0
TROO.US,5,20251229,171000,2.19,2.2581,2.16,2.2099,7618,0
TROO.US,5,20251229,171500,2.2012,2.32,2.05,2.2,62775,0
TROO.US,5,20251229,172000,2.25,2.3,2.22,2.26,2462,0
TROO.US,5,20251229,172500,2.29,2.44,2.29,2.335,11433,0
TROO.US,5,20251229,173000,2.2817,2.3681,2.2817,2.33,5508,0
TROO.US,5,20251229,173500,2.36,2.36,2.27,2.305,11060,0
TROO.US,5,20251229,174000,2.27,2.305,2.27,2.305,2853,0
TROO.US,5,20251229,174500,2.29,2.29,2.2544,2.2544,447,0
TROO.US,5,20251229,175000,2.28,2.31,2.28,2.29,1434,0
TROO.US,5,20251229,175500,2.32,2.38,2.25,2.38,13984,0
TROO.US,5,20251229,180000,2.35,2.3506,2.35,2.3506,225,0
TROO.US,5,20251229,180500,2.3899,2.39,2.3654,2.3654,1010,0
TROO.US,5,20251229,181000,2.356,2.39,2.35,2.38,5399,0
TROO.US,5,20251229,181500,2.4,2.4,2.38,2.38,408,0
TROO.US,5,20251229,182000,2.37,2.37,2.27,2.31,15072,0
TROO.US,5,20251229,182500,2.2803,2.3455,2.2803,2.3455,300,0
TROO.US,5,20251229,183000,2.3799,2.38,2.3,2.3,7551,0
TROO.US,5,20251229,184000,2.3,2.31,2.3,2.3,1375,0
TROO.US,5,20251229,185000,2.3864,2.3864,2.315,2.315,390,0
TROO.US,5,20251229,185500,2.2704,2.2704,2.2704,2.2704,1800,0
TROO.US,5,20251229,190000,2.31,2.31,2.31,2.31,500,0
TROO.US,5,20251229,190500,2.3436,2.35,2.34,2.35,1773,0
TROO.US,5,20251229,191000,2.375,2.45,2.375,2.45,4917,0
TROO.US,5,20251229,191500,2.42,2.43,2.42,2.43,868,0
TROO.US,5,20251229,192000,2.45,2.46,2.3858,2.45,3271,0
TROO.US,5,20251229,192500,2.46,2.5499,2.44,2.49,7458,0
TROO.US,5,20251229,193000,2.5,2.5,2.45,2.45,3065,0
TROO.US,5,20251229,193500,2.45,2.4987,2.45,2.4987,1385,0
TROO.US,5,20251229,194000,2.4746,2.5,2.46,2.47,4717,0
TROO.US,5,20251229,194500,2.45,2.45,2.45,2.45,200,0
TROO.US,5,20251229,195000,2.45,2.47,2.45,2.4527,940,0
TROO.US,5,20251229,195500,2.4614,2.467,2.45,2.46,2812,0
TROO.US,5,20251229,200000,2.47,2.5,2.47,2.4984,4814,0
TROO.US,5,20251229,200500,2.5,2.5,2.5,2.5,2100,0
TROO.US,5,20251229,201000,2.515,2.56,2.47,2.5,13581,0
TROO.US,5,20251229,201500,2.5,2.51,2.495,2.495,1221,0
TROO.US,5,20251229,202000,2.5,2.54,2.4901,2.54,2095,0
TROO.US,5,20251229,202500,2.52,2.6185,2.52,2.57,12020,0
TROO.US,5,20251229,203000,2.5305,2.59,2.522,2.55,5230,0
TROO.US,5,20251229,203500,2.55,2.57,2.54,2.565,2845,0
TROO.US,5,20251229,204000,2.5888,2.64,2.52,2.63,27043,0
TROO.US,5,20251229,204500,2.585,2.82,2.46,2.55,71563,0
TROO.US,5,20251229,205000,2.55,2.62,2.5,2.54,22183,0
TROO.US,5,20251229,205500,2.51,2.5693,2.5,2.5,9215,0
TROO.US,5,20251229,210000,2.5589,2.5599,2.5183,2.5183,644,0
TROO.US,5,20251229,210500,2.4701,2.54,2.42,2.42,23483,0
TROO.US,5,20251229,211000,2.41,2.4947,2.41,2.4947,1250,0
TROO.US,5,20251229,211500,2.49,2.49,2.45,2.4848,1896,0
TROO.US,5,20251229,212000,2.48,2.48,2.4153,2.43,1418,0
TROO.US,5,20251229,212500,2.43,2.43,2.43,2.43,5000,0
TROO.US,5,20251229,213000,2.4653,2.4653,2.4,2.4,8143,0
TROO.US,5,20251229,213500,2.4,2.4,2.4,2.4,3970,0
TROO.US,5,20251229,214500,2.3792,2.3792,2.3792,2.3792,198,0
TROO.US,5,20251229,215000,2.39,2.39,2.39,2.39,100,0
TROO.US,5,20251229,215500,2.412,2.47,2.4,2.45,7577,0
TROO.US,5,20251230,153000,2.56,2.7,2.44,2.7,11426,0
TROO.US,5,20251230,153500,2.5,2.63,2.5,2.63,753,0
TROO.US,5,20251230,154000,2.61,2.69,2.61,2.61,4890,0
TROO.US,5,20251230,154500,2.57,2.602982,2.5,2.595,3357,0
TROO.US,5,20251230,155000,2.6457,2.695,2.64,2.69,9275,0
TROO.US,5,20251230,155500,2.67,2.69,2.64,2.65,10755,0
TROO.US,5,20251230,160000,2.64,2.64,2.5,2.5899,14089,0
TROO.US,5,20251230,160500,2.54,2.64,2.5062,2.63,7012,0
TROO.US,5,20251230,161000,2.6084,2.64,2.6,2.64,1140,0
TROO.US,5,20251230,161500,2.665,2.69,2.65,2.6513,6654,0
TROO.US,5,20251230,162000,2.6952,2.6952,2.675,2.675,891,0
TROO.US,5,20251230,162500,2.7,2.7,2.7,2.7,1173,0
TROO.US,5,20251230,163000,2.73,2.78,2.71,2.78,5297,0
TROO.US,5,20251230,163500,2.755,2.82,2.7,2.82,5714,0
TROO.US,5,20251230,164000,2.7701,2.84,2.7701,2.815,7326,0
TROO.US,5,20251230,164500,2.84,3,2.83,2.91,13341,0
TROO.US,5,20251230,165000,2.9438,2.98,2.91,2.9401,9953,0
TROO.US,5,20251230,165500,2.96,2.97,2.85,2.85,10722,0
TROO.US,5,20251230,170000,2.85,2.9,2.79,2.9,11299,0
TROO.US,5,20251230,170500,2.84,2.86,2.8,2.8353,3079,0
TROO.US,5,20251230,171000,2.92,2.92,2.8749,2.89,583,0
TROO.US,5,20251230,171500,2.89,2.89,2.8402,2.88,1518,0
TROO.US,5,20251230,172000,2.95,2.95,2.95,2.95,183,0
TROO.US,5,20251230,172500,2.93,2.94,2.93,2.9399,5200,0
TROO.US,5,20251230,173000,2.9279,2.93,2.9279,2.93,356,0
TROO.US,5,20251230,173500,2.94,2.94,2.91,2.91,2288,0
TROO.US,5,20251230,174000,2.84,2.84,2.84,2.84,1569,0
TROO.US,5,20251230,174500,2.88,2.91,2.88,2.9,392,0
TROO.US,5,20251230,175000,2.8986,2.8986,2.89,2.89,500,0
TROO.US,5,20251230,175500,2.86,2.91,2.85,2.91,1800,0
TROO.US,5,20251230,180000,2.92,3.03,2.87,2.87,14799,0
TROO.US,5,20251230,180500,2.895,3.03,2.895,3.02,10190,0
TROO.US,5,20251230,181000,3.015,3.07,2.96,3.035,9366,0
TROO.US,5,20251230,181500,2.99,3.035,2.93,2.93,9424,0
TROO.US,5,20251230,183000,2.94,3.0684,2.94,3.0684,6855,0
TROO.US,5,20251230,183500,3.02,3.02,2.98,2.98,1100,0
TROO.US,5,20251230,184000,2.99,2.99,2.9736,2.985,1667,0
TROO.US,5,20251230,184500,2.98,2.98,2.96,2.96,400,0
TROO.US,5,20251230,185000,2.99,2.99,2.96,2.96,1208,0
TROO.US,5,20251230,190000,2.96,2.96,2.96,2.96,689,0
TROO.US,5,20251230,191000,2.9885,2.9885,2.9885,2.9885,500,0
TROO.US,5,20251230,191500,2.9899,2.9899,2.9844,2.9844,300,0
TROO.US,5,20251230,192000,2.99,3.18,2.99,3.07,20594,0
TROO.US,5,20251230,192500,3.07,3.1098,3.05,3.0875,7727,0
TROO.US,5,20251230,193000,3.03,3.03,3,3,2266,0
TROO.US,5,20251230,193500,2.99,3,2.97,2.9851,2805,0
TROO.US,5,20251230,194000,2.9748,2.9748,2.97,2.97,727,0
TROO.US,5,20251230,194500,2.96,2.96,2.95,2.95,985,0
TROO.US,5,20251230,195000,2.955,2.9699,2.955,2.9699,1000,0
TROO.US,5,20251230,195500,2.9699,2.9699,2.9699,2.9699,506,0
TROO.US,5,20251230,200000,2.94,2.94,2.94,2.94,100,0
TROO.US,5,20251230,200500,2.9699,2.9699,2.9301,2.9301,3556,0
TROO.US,5,20251230,201000,2.939,2.939,2.939,2.939,350,0
TROO.US,5,20251230,202000,2.94,2.98,2.94,2.98,3909,0
TROO.US,5,20251230,202500,2.95,2.95,2.95,2.95,339,0
TROO.US,5,20251230,203000,2.98,2.98,2.965,2.965,229,0
TROO.US,5,20251230,203500,2.9301,2.9301,2.9301,2.9301,150,0
TROO.US,5,20251230,204500,2.9826,2.9826,2.9826,2.9826,100,0
TROO.US,5,20251230,205000,2.98,2.985,2.95,2.95,698,0
TROO.US,5,20251230,205500,2.9564,2.9564,2.95,2.95,3812,0
TROO.US,5,20251230,210000,2.955,2.955,2.955,2.955,100,0
TROO.US,5,20251230,210500,2.94,2.94,2.94,2.94,100,0
TROO.US,5,20251230,211000,2.93,2.93,2.87,2.89,6893,0
TROO.US,5,20251230,212500,2.875,2.89,2.86,2.87,3767,0
TROO.US,5,20251230,213000,2.88,2.88,2.88,2.88,300,0
TROO.US,5,20251230,213500,2.86,2.86,2.86,2.86,240,0
TROO.US,5,20251230,214500,2.8601,2.88,2.85,2.85,932,0
TROO.US,5,20251230,215000,2.89,2.89,2.865,2.87,1644,0
TROO.US,5,20251230,215500,2.8651,2.88,2.85,2.88,1473,0
TROO.US,5,20251231,153000,3.05,3.08,2.95,2.99,26246,0
TROO.US,5,20251231,153500,2.99,3.05,2.98,3.0001,14127,0
TROO.US,5,20251231,154000,3,3,2.95,2.95,11289,0
TROO.US,5,20251231,154500,2.95,2.9598,2.9,2.92,7053,0
TROO.US,5,20251231,155000,2.91,2.92,2.9,2.905,1542,0
TROO.US,5,20251231,155500,2.9,2.94,2.9,2.94,2616,0
TROO.US,5,20251231,160000,2.95,3.05,2.91,3.05,36242,0
TROO.US,5,20251231,160500,3.02,3.03,3.02,3.03,430,0
TROO.US,5,20251231,161000,3.04,3.04,3.0238,3.03,5359,0
TROO.US,5,20251231,161500,3.03,3.03,2.985,2.985,5568,0
TROO.US,5,20251231,162000,3.02,3.02,3.02,3.02,1289,0
TROO.US,5,20251231,162500,3.02,3.05,3.02,3.04,4683,0
TROO.US,5,20251231,163000,3.05,3.09,3.04,3.09,22366,0
TROO.US,5,20251231,163500,3.08,3.13,3.0725,3.1299,6935,0
TROO.US,5,20251231,164000,3.1221,3.15,3.0895,3.1001,6695,0
TROO.US,5,20251231,164500,3.118,3.2,3.1,3.18,25950,0
TROO.US,5,20251231,165000,3.18,3.2,3.14,3.2,9441,0
TROO.US,5,20251231,165500,3.2426,3.27,3.22,3.2606,11853,0
TROO.US,5,20251231,170000,3.26,3.26,3.195,3.23,3020,0
TROO.US,5,20251231,170500,3.28,3.28,3.255,3.28,4823,0
TROO.US,5,20251231,171000,3.24,3.3,3.24,3.285,3186,0
TROO.US,5,20251231,171500,3.2898,3.32,3.2898,3.3095,3505,0
TROO.US,5,20251231,172000,3.31,3.3299,3.29,3.3299,4350,0
TROO.US,5,20251231,172500,3.32,3.38,3.285,3.31,8872,0
TROO.US,5,20251231,173000,3.3399,3.34,3.22,3.26,4631,0
TROO.US,5,20251231,173500,3.2699,3.4,3.22,3.34,8929,0
TROO.US,5,20251231,174000,3.2701,3.35,3.2701,3.33,900,0
TROO.US,5,20251231,175000,3.2951,3.2951,3.2951,3.2951,500,0
TROO.US,5,20251231,175500,3.31,3.35,3.3,3.34,7797,0
TROO.US,5,20251231,180000,3.305,3.305,3.27,3.2886,3005,0
TROO.US,5,20251231,180500,3.28,3.285,3.28,3.285,700,0
TROO.US,5,20251231,181000,3.3,3.3,3.27,3.3,2221,0
TROO.US,5,20251231,181500,3.27,3.3132,3.27,3.3132,210,0
TROO.US,5,20251231,182000,3.31,3.31,3.3,3.3,2100,0
TROO.US,5,20251231,182500,3.27,3.34,3.27,3.34,4486,0
TROO.US,5,20251231,183000,3.34,3.34,3.34,3.34,241,0
TROO.US,5,20251231,184000,3.28,3.28,3.27,3.27,1983,0
TROO.US,5,20251231,184500,3.27,3.27,3.27,3.27,221,0
TROO.US,5,20251231,185000,3.31,3.31,3.3092,3.3092,1618,0
TROO.US,5,20251231,185500,3.285,3.285,3.26,3.26,2025,0
TROO.US,5,20251231,190000,3.26,3.27,3.26,3.27,2300,0
TROO.US,5,20251231,190500,3.26,3.26,3.25,3.26,1047,0
TROO.US,5,20251231,192000,3.265,3.265,3.2401,3.2401,904,0
TROO.US,5,20251231,192500,3.2401,3.2401,3.2333,3.2333,1500,0
TROO.US,5,20251231,193000,3.2333,3.28,3.22,3.28,500,0
TROO.US,5,20251231,194000,3.2197,3.2197,3.2197,3.2197,100,0
TROO.US,5,20251231,194500,3.27,3.3,3.27,3.3,3531,0
TROO.US,5,20251231,195500,3.2749,3.3762,3.2749,3.3762,7217,0
TROO.US,5,20251231,200000,3.37,3.37,3.23,3.255,14651,0
TROO.US,5,20251231,200500,3.22,3.29,3.22,3.2601,9350,0
TROO.US,5,20251231,201500,3.26,3.26,3.15,3.21,8894,0
TROO.US,5,20251231,202000,3.21,3.21,3.17,3.17,375,0
TROO.US,5,20251231,202500,3.15,3.15,3.15,3.15,745,0
TROO.US,5,20251231,203500,3.15,3.15,3.1248,3.13,8837,0
TROO.US,5,20251231,204000,3.12,3.12,3.12,3.12,842,0
TROO.US,5,20251231,204500,3.1551,3.1999,3.11,3.11,2162,0
TROO.US,5,20251231,205000,3.1,3.1,3.0514,3.06,839,0
TROO.US,5,20251231,205500,3.07,3.08,3.0505,3.07,2561,0
TROO.US,5,20251231,210000,3.05,3.2,3.05,3.2,15457,0
TROO.US,5,20251231,211500,3.2,3.2,3.2,3.2,500,0
TROO.US,5,20251231,213000,3.21,3.21,3.195,3.195,400,0
TROO.US,5,20251231,213500,3.195,3.195,3.195,3.195,320,0
TROO.US,5,20251231,214000,3.195,3.195,3.195,3.195,1300,0
TROO.US,5,20251231,214500,3.2,3.21,3.2,3.21,526,0
TROO.US,5,20251231,215000,3.225,3.225,3.19,3.205,1912,0
TROO.US,5,20251231,215500,3.1904,3.2,3.15,3.2,3807,0
TROO.US,5,20260102,153000,3.28,3.6588,3.2,3.628,20271,0
TROO.US,5,20260102,153500,3.66,3.75,3.6,3.689,16112,0
TROO.US,5,20260102,154000,3.7487,3.75,3.65,3.72,23479,0
TROO.US,5,20260102,154500,3.72,3.79,3.72,3.74,16113,0
TROO.US,5,20260102,155000,3.75,3.84,3.74,3.77,29803,0
TROO.US,5,20260102,155500,3.805,3.8238,3.75,3.8,23088,0
TROO.US,5,20260102,160000,3.7646,3.94,3.7646,3.9098,11355,0
TROO.US,5,20260102,160500,3.9,3.9,3.86,3.86,1290,0
TROO.US,5,20260102,161000,3.85,3.92,3.83,3.92,6253,0
TROO.US,5,20260102,161500,3.9166,3.9166,3.68,3.785,18685,0
TROO.US,5,20260102,162000,3.77,3.77,3.5002,3.575,16773,0
TROO.US,5,20260102,162500,3.58,3.58,3.54,3.5753,8997,0
TROO.US,5,20260102,163000,3.57,3.62,3.57,3.62,2936,0
TROO.US,5,20260102,163500,3.615,3.67,3.6109,3.65,4497,0
TROO.US,5,20260102,164000,3.67,3.67,3.655,3.655,496,0
TROO.US,5,20260102,164500,3.64,3.64,3.46,3.54,21764,0
TROO.US,5,20260102,165000,3.5,3.51,3.46,3.49,12172,0
TROO.US,5,20260102,165500,3.47,3.48,3.389933,3.43,13726,0
TROO.US,5,20260102,170000,3.4001,3.52,3.4001,3.52,15080,0
TROO.US,5,20260102,170500,3.52,3.52,3.48,3.48,11602,0
TROO.US,5,20260102,171000,3.51,3.5396,3.5,3.5,10290,0
TROO.US,5,20260102,171500,3.505,3.505,3.505,3.505,100,0
TROO.US,5,20260102,172000,3.494,3.494,3.47,3.49,949,0
TROO.US,5,20260102,172500,3.4708,3.5499,3.4708,3.4897,6268,0
TROO.US,5,20260102,173000,3.5499,3.55,3.49,3.49,4735,0
TROO.US,5,20260102,173500,3.4774,3.5192,3.4,3.47,10916,0
TROO.US,5,20260102,174000,3.47,3.47,3.401,3.4299,6705,0
TROO.US,5,20260102,174500,3.42,3.4498,3.4197,3.4467,4771,0
TROO.US,5,20260102,175000,3.44,3.4998,3.44,3.49,8595,0
TROO.US,5,20260102,175500,3.505,3.505,3.4838,3.4838,1120,0
TROO.US,5,20260102,180000,3.49,3.49,3.49,3.49,988,0
TROO.US,5,20260102,180500,3.49,3.58,3.49,3.505,16645,0
TROO.US,5,20260102,181000,3.53,3.57,3.53,3.56,4500,0
TROO.US,5,20260102,181500,3.56,3.58,3.56,3.565,8121,0
TROO.US,5,20260102,182000,3.57,3.57,3.55,3.55,1100,0
TROO.US,5,20260102,182500,3.54,3.54,3.54,3.54,236,0
TROO.US,5,20260102,183000,3.52,3.52,3.5,3.515,1303,0
TROO.US,5,20260102,183500,3.4629,3.5522,3.4555,3.5522,2800,0
TROO.US,5,20260102,184000,3.55,3.57,3.52,3.52,4802,0
TROO.US,5,20260102,184500,3.5094,3.51,3.5094,3.51,455,0
TROO.US,5,20260102,185000,3.54,3.58,3.54,3.54,1160,0
TROO.US,5,20260102,185500,3.54,3.55,3.54,3.55,2000,0
TROO.US,5,20260102,190000,3.5551,3.5606,3.5551,3.5606,418,0
TROO.US,5,20260102,191500,3.51,3.51,3.51,3.51,300,0
TROO.US,5,20260102,192000,3.52,3.52,3.52,3.52,1000,0
TROO.US,5,20260102,192500,3.539,3.539,3.539,3.539,300,0
TROO.US,5,20260102,193000,3.5,3.5,3.482,3.482,1650,0
TROO.US,5,20260102,193500,3.52,3.55,3.52,3.5393,3847,0
TROO.US,5,20260102,194000,3.55,3.57,3.54,3.54,1236,0
TROO.US,5,20260102,194500,3.53,3.5699,3.53,3.5699,1114,0
TROO.US,5,20260102,195000,3.53,3.55,3.53,3.55,3056,0
TROO.US,5,20260102,195500,3.54,3.54,3.5,3.51,2812,0
TROO.US,5,20260102,200000,3.54,3.54,3.54,3.54,455,0
TROO.US,5,20260102,200500,3.54,3.57,3.51,3.5691,662,0
TROO.US,5,20260102,201500,3.545,3.58,3.53,3.53,1369,0
TROO.US,5,20260102,203000,3.58,3.58,3.58,3.58,827,0
TROO.US,5,20260102,203500,3.5301,3.58,3.5301,3.58,5867,0
TROO.US,5,20260102,204000,3.57,3.57,3.52,3.52,4794,0
TROO.US,5,20260102,205000,3.53,3.53,3.51,3.51,1238,0
TROO.US,5,20260102,205500,3.51,3.51,3.51,3.51,1204,0
TROO.US,5,20260102,210000,3.52,3.58,3.52,3.5455,19273,0
TROO.US,5,20260102,210500,3.55,3.5515,3.55,3.55,300,0
TROO.US,5,20260102,211000,3.55,3.56,3.55,3.56,840,0
TROO.US,5,20260102,212000,3.58,3.58,3.5655,3.5655,300,0
TROO.US,5,20260102,212500,3.57,3.57,3.57,3.57,300,0
TROO.US,5,20260102,213000,3.57,3.58,3.57,3.579,3093,0
TROO.US,5,20260102,213500,3.58,3.58,3.575,3.575,7066,0
TROO.US,5,20260102,214500,3.57,3.57,3.56,3.56,932,0
TROO.US,5,20260102,215000,3.555,3.57,3.495,3.57,16993,0
TROO.US,5,20260102,215500,3.5525,3.58,3.54,3.55,6964,0
TROO.US,5,20260105,153000,3.7,3.9,3.7,3.9,28417,0
TROO.US,5,20260105,153500,3.89,3.99,3.8502,3.9549,34971,0
TROO.US,5,20260105,154000,3.85,3.85,3.7,3.71,32799,0
TROO.US,5,20260105,154500,3.77,3.7799,3.55,3.55,30380,0
TROO.US,5,20260105,155000,3.55,3.64,3.525,3.64,26754,0
TROO.US,5,20260105,155500,3.64,3.64,3.56,3.57,14003,0
TROO.US,5,20260105,160000,3.5601,3.6,3.55,3.58,13535,0
TROO.US,5,20260105,160500,3.6,3.65,3.59,3.65,16431,0
TROO.US,5,20260105,161000,3.6447,3.65,3.55,3.565,10918,0
TROO.US,5,20260105,161500,3.565,3.565,3.52,3.5392,8673,0
TROO.US,5,20260105,162000,3.52,3.6157,3.5113,3.6157,14201,0
TROO.US,5,20260105,162500,3.62,3.62,3.5602,3.6,1957,0
TROO.US,5,20260105,163000,3.6002,3.64,3.6,3.62,4377,0
TROO.US,5,20260105,163500,3.6384,3.6384,3.6384,3.6384,198,0
TROO.US,5,20260105,164500,3.63,3.73,3.62,3.73,9682,0
TROO.US,5,20260105,165000,3.73,3.77,3.655,3.695,15864,0
TROO.US,5,20260105,165500,3.66,3.66,3.66,3.66,500,0
TROO.US,5,20260105,170000,3.73,3.73,3.6506,3.6999,2405,0
TROO.US,5,20260105,170500,3.66,3.69,3.63,3.63,2988,0
TROO.US,5,20260105,171000,3.665,3.69,3.665,3.69,1850,0
TROO.US,5,20260105,171500,3.67,3.7,3.67,3.7,4320,0
TROO.US,5,20260105,172000,3.74,3.76,3.7006,3.76,1294,0
TROO.US,5,20260105,172500,3.7599,3.76,3.7599,3.76,2008,0
TROO.US,5,20260105,173000,3.744388,3.76,3.713,3.713,430,0
TROO.US,5,20260105,173500,3.75,3.75,3.7499,3.7499,796,0
TROO.US,5,20260105,174000,3.746,3.746,3.746,3.746,250,0
TROO.US,5,20260105,174500,3.7396,3.845,3.7396,3.8321,27439,0
TROO.US,5,20260105,175000,3.83,3.85,3.83,3.84,4200,0
TROO.US,5,20260105,175500,3.83,3.83,3.7501,3.7501,1560,0
TROO.US,5,20260105,180000,3.8299,3.8317,3.75,3.795,16025,0
TROO.US,5,20260105,180500,3.795,3.795,3.795,3.795,100,0
TROO.US,5,20260105,181000,3.79,3.829,3.7752,3.829,2986,0
TROO.US,5,20260105,181500,3.83,3.9,3.83,3.8699,6890,0
TROO.US,5,20260105,182000,3.8601,3.88,3.86,3.86,5596,0
TROO.US,5,20260105,182500,3.8684,3.87,3.8476,3.8476,4211,0
TROO.US,5,20260105,183000,3.84,3.84,3.8,3.8,1712,0
TROO.US,5,20260105,183500,3.81,3.82,3.81,3.82,686,0
TROO.US,5,20260105,184000,3.8284,3.88,3.8284,3.86,7990,0
TROO.US,5,20260105,184500,3.88,3.98,3.87,3.95,20490,0
TROO.US,5,20260105,185000,3.965,3.98,3.94,3.94,4664,0
TROO.US,5,20260105,185500,3.94,3.95,3.9016,3.95,2935,0
TROO.US,5,20260105,190000,3.97,3.97,3.93,3.93,1400,0
TROO.US,5,20260105,190500,3.93,3.95,3.925,3.95,6319,0
TROO.US,5,20260105,191000,3.95,3.98,3.95,3.965,3107,0
TROO.US,5,20260105,191500,3.97,4,3.9501,3.99,21362,0
TROO.US,5,20260105,192000,3.9982,3.9987,3.97,3.975,2931,0
TROO.US,5,20260105,192500,3.95,3.95,3.95,3.95,1000,0
TROO.US,5,20260105,193000,3.99,4,3.98,3.99,3416,0
TROO.US,5,20260105,193500,4,4,3.98,3.98,4083,0
TROO.US,5,20260105,194000,3.9999,4,3.965,3.98,7193,0
TROO.US,5,20260105,194500,3.965,3.98,3.965,3.965,5200,0
TROO.US,5,20260105,195000,3.98,4,3.98,4,1716,0
TROO.US,5,20260105,195500,3.995,4.0776,3.995,4.035,48473,0
TROO.US,5,20260105,200000,3.9883,4.09,3.9883,4.09,1195,0
TROO.US,5,20260105,200500,4.025,4.0699,4.025,4.05,2175,0
TROO.US,5,20260105,201000,4.05,4.05,3.98,3.98,5451,0
TROO.US,5,20260105,201500,3.95,3.965,3.95,3.9501,2000,0
TROO.US,5,20260105,202000,3.9784,4.0225,3.95,4.0225,2201,0
TROO.US,5,20260105,202500,4.0012,4.0012,3.99,3.99,1883,0
TROO.US,5,20260105,203000,4,4.06,4,4.06,2062,0
TROO.US,5,20260105,203500,4.04,4.04,3.97,3.97,6245,0
TROO.US,5,20260105,204000,3.97,3.97,3.97,3.97,690,0
TROO.US,5,20260105,204500,3.97,3.97,3.97,3.97,500,0
TROO.US,5,20260105,205000,3.97,3.9701,3.9,3.9692,11787,0
TROO.US,5,20260105,205500,3.9002,3.9002,3.9002,3.9002,198,0
TROO.US,5,20260105,210000,3.935,3.97,3.935,3.935,7000,0
TROO.US,5,20260105,210500,3.945,3.96,3.93,3.93,900,0
TROO.US,5,20260105,211000,3.96,3.96,3.93,3.93,3877,0
TROO.US,5,20260105,211500,3.9,3.96,3.9,3.96,1126,0
TROO.US,5,20260105,212000,3.96,3.98,3.96,3.97,2068,0
TROO.US,5,20260105,212500,3.97,4,3.97,4,3880,0
TROO.US,5,20260105,213000,3.99,3.9972,3.97,3.985,1018,0
TROO.US,5,20260105,213500,3.97,3.99,3.97,3.99,3060,0
TROO.US,5,20260105,214000,3.985,3.985,3.98,3.981,2400,0
TROO.US,5,20260105,214500,3.99,3.99,3.98,3.9802,3777,0
TROO.US,5,20260105,215000,3.98,3.99,3.97,3.97,963,0
TROO.US,5,20260105,215500,3.986,4.005,3.96,3.96,18102,0
TROO.US,5,20260106,153000,3.96,3.96,3.6,3.6182,61669,0
TROO.US,5,20260106,153500,3.65,3.9,3.62,3.62,39509,0
TROO.US,5,20260106,154000,3.625,3.64,3.6,3.61,25662,0
TROO.US,5,20260106,154500,3.61,3.77,3.58,3.58,27644,0
TROO.US,5,20260106,155000,3.6,3.65,3.6,3.647,16569,0
TROO.US,5,20260106,155500,3.625,3.63,3.57,3.57,18472,0
TROO.US,5,20260106,160000,3.575,3.64,3.5506,3.64,11102,0
TROO.US,5,20260106,160500,3.65,3.7,3.64,3.7,10577,0
TROO.US,5,20260106,161000,3.6901,3.7643,3.6901,3.73,8665,0
TROO.US,5,20260106,161500,3.73,3.73,3.6501,3.66,5514,0
TROO.US,5,20260106,162000,3.66,3.73,3.66,3.73,2154,0
TROO.US,5,20260106,162500,3.73,3.73,3.67,3.68,2261,0
TROO.US,5,20260106,163000,3.68,3.6956,3.645,3.67,6218,0
TROO.US,5,20260106,163500,3.6887,3.73,3.675,3.725,6168,0
TROO.US,5,20260106,164000,3.7,3.73,3.66,3.73,7646,0
TROO.US,5,20260106,164500,3.7295,3.7295,3.65,3.685,4955,0
TROO.US,5,20260106,165000,3.7192,3.7192,3.67,3.7002,4197,0
TROO.US,5,20260106,165500,3.72,3.73,3.715,3.73,4165,0
TROO.US,5,20260106,170000,3.73,3.73,3.725,3.7277,4234,0
TROO.US,5,20260106,170500,3.73,3.73,3.721,3.73,2974,0
TROO.US,5,20260106,171000,3.725,3.73,3.7246,3.725,9571,0
TROO.US,5,20260106,171500,3.7299,3.79,3.7202,3.755,32408,0
TROO.US,5,20260106,172000,3.755,3.79,3.755,3.765,13732,0
TROO.US,5,20260106,172500,3.765,3.77,3.735,3.74,9687,0
TROO.US,5,20260106,173000,3.76,3.76,3.74,3.76,9322,0
TROO.US,5,20260106,173500,3.7599,3.77,3.75,3.77,5938,0
TROO.US,5,20260106,174000,3.77,3.8399,3.75,3.8399,8896,0
TROO.US,5,20260106,174500,3.84,3.99,3.81,3.8899,25081,0
TROO.US,5,20260106,175000,3.87,3.87,3.85,3.86,7761,0
TROO.US,5,20260106,175500,3.87,3.89,3.86,3.86,2520,0
TROO.US,5,20260106,180000,3.86,3.8697,3.859,3.86,4700,0
TROO.US,5,20260106,180500,3.87,3.87,3.825,3.825,3411,0
TROO.US,5,20260106,181500,3.84,3.84,3.83,3.83,1197,0
TROO.US,5,20260106,182000,3.85,3.85,3.85,3.85,2318,0
TROO.US,5,20260106,182500,3.86,3.86,3.8336,3.86,631,0
TROO.US,5,20260106,183000,3.845,3.86,3.84,3.849,5041,0
TROO.US,5,20260106,183500,3.8401,3.85,3.77,3.7701,16015,0
TROO.US,5,20260106,184000,3.8,3.8,3.7701,3.7701,634,0
TROO.US,5,20260106,184500,3.8,3.81,3.7701,3.7701,5775,0
TROO.US,5,20260106,185000,3.7701,3.81,3.7701,3.795,451,0
TROO.US,5,20260106,185500,3.81,3.86,3.81,3.86,1026,0
TROO.US,5,20260106,190000,3.83,3.86,3.83,3.86,2177,0
TROO.US,5,20260106,190500,3.8,3.84,3.8,3.84,1000,0
TROO.US,5,20260106,191000,3.79,3.84,3.79,3.79,1691,0
TROO.US,5,20260106,191500,3.7913,3.8,3.79,3.8,1190,0
TROO.US,5,20260106,192000,3.79,3.8,3.78,3.79,1581,0
TROO.US,5,20260106,192500,3.7901,3.81,3.7901,3.81,500,0
TROO.US,5,20260106,193000,3.795,3.8,3.795,3.795,1300,0
TROO.US,5,20260106,193500,3.795,3.8,3.7701,3.7701,6384,0
TROO.US,5,20260106,194000,3.8,3.8,3.7701,3.785,1225,0
TROO.US,5,20260106,194500,3.7701,3.81,3.7302,3.7401,8057,0
TROO.US,5,20260106,195000,3.7977,3.7977,3.7401,3.7401,567,0
TROO.US,5,20260106,195500,3.78,3.78,3.75,3.75,5096,0
TROO.US,5,20260106,200500,3.775,3.78,3.775,3.775,1658,0
TROO.US,5,20260106,201000,3.78,3.79,3.78,3.79,945,0
TROO.US,5,20260106,201500,3.78,3.78,3.7501,3.78,2084,0
TROO.US,5,20260106,202000,3.77,3.78,3.765,3.77,7139,0
TROO.US,5,20260106,202500,3.775,3.8099,3.775,3.795,8858,0
TROO.US,5,20260106,203000,3.795,3.86,3.795,3.83,2906,0
TROO.US,5,20260106,203500,3.83,3.86,3.83,3.86,500,0
TROO.US,5,20260106,204000,3.86,3.86,3.86,3.86,300,0
TROO.US,5,20260106,204500,3.86,3.86,3.85,3.855,3569,0
TROO.US,5,20260106,205000,3.86,3.86,3.805,3.81,4455,0
TROO.US,5,20260106,205500,3.86,3.86,3.83,3.83,490,0
TROO.US,5,20260106,210000,3.86,3.86,3.825,3.85,300,0
TROO.US,5,20260106,210500,3.825,3.85,3.825,3.85,200,0
TROO.US,5,20260106,211000,3.82,3.85,3.82,3.85,5796,0
TROO.US,5,20260106,211500,3.81,3.85,3.81,3.85,300,0
TROO.US,5,20260106,212000,3.85,3.85,3.79,3.85,2422,0
TROO.US,5,20260106,212500,3.825,3.85,3.78,3.7944,2640,0
TROO.US,5,20260106,213000,3.78,3.81,3.7601,3.79,4209,0
TROO.US,5,20260106,213500,3.79,3.81,3.79,3.81,700,0
TROO.US,5,20260106,214000,3.785,3.785,3.785,3.785,100,0
TROO.US,5,20260106,214500,3.8,3.8,3.77,3.8,780,0
TROO.US,5,20260106,215000,3.8,3.8,3.78,3.8,2705,0
TROO.US,5,20260106,215500,3.795,3.8,3.775,3.775,12347,0
TROO.US,5,20260107,153000,3.81,3.95,3.81,3.95,40513,0
TROO.US,5,20260107,153500,3.9388,4.05,3.8701,3.945,67047,0
TROO.US,5,20260107,154000,3.93,3.93,3.865,3.9,14517,0
TROO.US,5,20260107,154500,3.9399,3.99,3.92,3.98,18375,0
TROO.US,5,20260107,155000,3.965,3.975,3.9643,3.97,3432,0
TROO.US,5,20260107,155500,3.97,3.975,3.97,3.975,3934,0
TROO.US,5,20260107,160000,3.9768,3.9768,3.94,3.94,9416,0
TROO.US,5,20260107,160500,3.94,3.99,3.94,3.99,10540,0
TROO.US,5,20260107,161000,3.965,3.99,3.965,3.99,11656,0
TROO.US,5,20260107,161500,3.99,4.18,3.9801,4.17,77944,0
TROO.US,5,20260107,162000,4.18,4.18,4.17,4.175,7851,0
TROO.US,5,20260107,162500,4.17,4.2,4.1501,4.19,4757,0
TROO.US,5,20260107,163000,4.19,4.28,4.1701,4.28,27843,0
TROO.US,5,20260107,163500,4.28,4.28,4.2,4.231,6116,0
TROO.US,5,20260107,164000,4.2895,4.3,4.25,4.29,4029,0
TROO.US,5,20260107,164500,4.2997,4.3,4.25,4.258613,17414,0
TROO.US,5,20260107,165000,4.275,4.275,4.24,4.27,1594,0
TROO.US,5,20260107,165500,4.27,4.3,4.24,4.27,3940,0
TROO.US,5,20260107,170000,4.2001,4.25,4.2001,4.25,398,0
TROO.US,5,20260107,170500,4.24,4.25,4.2194,4.25,4789,0
TROO.US,5,20260107,171000,4.2001,4.275,4.2001,4.275,3800,0
TROO.US,5,20260107,171500,4.26,4.28,4.245,4.28,3540,0
TROO.US,5,20260107,172000,4.2685,4.27,4.2525,4.27,953,0
TROO.US,5,20260107,172500,4.27,4.29,4.2557,4.2899,2012,0
TROO.US,5,20260107,173000,4.2894,4.2894,4.26,4.265,2458,0
TROO.US,5,20260107,173500,4.28,4.28,4.25,4.27,4275,0
TROO.US,5,20260107,174000,4.2799,4.28,4.2784,4.28,1435,0
TROO.US,5,20260107,174500,4.27,4.274,4.26,4.265,5403,0
TROO.US,5,20260107,175000,4.275,4.2893,4.2,4.2893,4805,0
TROO.US,5,20260107,175500,4.2575,4.285,4.25,4.25,2042,0
TROO.US,5,20260107,180000,4.215,4.25,4.1821,4.215,5813,0
TROO.US,5,20260107,180500,4.21,4.29,4.21,4.25,3726,0
TROO.US,5,20260107,181000,4.25,4.25,4.208,4.208,3496,0
TROO.US,5,20260107,181500,4.28,4.28,4.2112,4.28,3931,0
TROO.US,5,20260107,182000,4.24,4.28,4.24,4.25,2376,0
TROO.US,5,20260107,182500,4.27,4.27,4.27,4.27,399,0
TROO.US,5,20260107,183000,4.27,4.27,4.228,4.228,1785,0
TROO.US,5,20260107,183500,4.25,4.32,3.99,4,107049,0
TROO.US,5,20260107,184000,3.99,4.19,3.99,4.16,50458,0
TROO.US,5,20260107,184500,4.1899,4.2,4.16,4.19,8692,0
TROO.US,5,20260107,185000,4.2,4.2686,4.2,4.2686,800,0
TROO.US,5,20260107,185500,4.255,4.3,4.255,4.27,4613,0
TROO.US,5,20260107,190000,4.32,4.32,4.2636,4.31,425,0
TROO.US,5,20260107,190500,4.3199,4.36,4.31,4.36,5558,0
TROO.US,5,20260107,191000,4.38,4.38,4.3,4.3,5031,0
TROO.US,5,20260107,191500,4.3718,4.39,4.35,4.35,6132,0
TROO.US,5,20260107,192000,4.3554,4.39,4.3501,4.39,2827,0
TROO.US,5,20260107,192500,4.3999,4.3999,4.375,4.375,3865,0
TROO.US,5,20260107,193000,4.39,4.4,4.36,4.36,1840,0
TROO.US,5,20260107,193500,4.34,4.35,4.34,4.34,512,0
TROO.US,5,20260107,194000,4.35,4.38,4.35,4.38,747,0
TROO.US,5,20260107,194500,4.4,4.4,4.4,4.4,400,0
TROO.US,5,20260107,195000,4.358,4.42,4.358,4.4,5614,0
TROO.US,5,20260107,195500,4.4,4.4,4.35,4.36,1600,0
TROO.US,5,20260107,200000,4.4,4.4,4.36,4.39,6644,0
TROO.US,5,20260107,200500,4.39,4.39,4.38,4.39,2100,0
TROO.US,5,20260107,201000,4.37,4.39,4.36,4.39,594,0
TROO.US,5,20260107,202000,4.38,4.3884,4.38,4.3884,300,0
TROO.US,5,20260107,202500,4.35,4.39,4.35,4.383,2712,0
TROO.US,5,20260107,203000,4.39,4.39,4.374,4.374,200,0
TROO.US,5,20260107,203500,4.37,4.37,4.36,4.36,500,0
TROO.US,5,20260107,204000,4.37,4.45,4.31,4.365,9733,0
TROO.US,5,20260107,204500,4.39,4.42,4.39,4.42,1511,0
TROO.US,5,20260107,205000,4.42,4.42,4.36,4.36,3803,0
TROO.US,5,20260107,205500,4.409,4.409,4.331,4.331,2673,0
TROO.US,5,20260107,210000,4.37,4.37,4.37,4.37,227,0
TROO.US,5,20260107,210500,4.33,4.37,4.33,4.34,1807,0
TROO.US,5,20260107,211000,4.34,4.4,4.2,4.4,11595,0
TROO.US,5,20260107,211500,4.3987,4.3987,4.3987,4.3987,200,0
TROO.US,5,20260107,213000,4.29,4.29,4.29,4.29,200,0
TROO.US,5,20260107,213500,4.3396,4.3396,4.3396,4.3396,250,0
TROO.US,5,20260107,214000,4.34,4.34,4.32,4.32,1239,0
TROO.US,5,20260107,214500,4.3,4.31,4.3,4.31,383,0
TROO.US,5,20260107,215000,4.31,4.31,4.295,4.3,4052,0
TROO.US,5,20260107,215500,4.32,4.38,4.32,4.35,5819,0
TROO.US,5,20260108,153000,4.5,4.85,4.5,4.8,44141,0
TROO.US,5,20260108,153500,4.75,4.85,4.732,4.85,17243,0
TROO.US,5,20260108,154000,4.85,4.89,4.64,4.7,36896,0
TROO.US,5,20260108,154500,4.75,4.77,4.6,4.6781,18585,0
TROO.US,5,20260108,155000,4.6,4.6689,4.5,4.6689,69846,0
TROO.US,5,20260108,155500,4.5501,4.6386,4.5501,4.58,6444,0
TROO.US,5,20260108,160000,4.59,4.64,4.58,4.6,13516,0
TROO.US,5,20260108,160500,4.58,4.5851,4.36,4.4287,70909,0
TROO.US,5,20260108,161000,4.395,4.44,4.25,4.3099,52046,0
TROO.US,5,20260108,161500,4.285,4.35,4.25,4.275,20569,0
TROO.US,5,20260108,162000,4.2899,4.3,4.25,4.25,10782,0
TROO.US,5,20260108,162500,4.21,4.3042,4.0938,4.255,59958,0
TROO.US,5,20260108,163000,4.28,4.295,4.13,4.15,22023,0
TROO.US,5,20260108,163500,4.15,4.2599,4.15,4.18,17570,0
TROO.US,5,20260108,164000,4.1999,4.2,4.17,4.19,3040,0
TROO.US,5,20260108,164500,4.225,4.2399,4.19,4.2399,1661,0
TROO.US,5,20260108,165000,4.21,4.5599,4.205,4.48,19115,0
TROO.US,5,20260108,165500,4.5,4.5,4.38,4.38,3686,0
TROO.US,5,20260108,170000,4.3571,4.36,4.34,4.35,3590,0
TROO.US,5,20260108,170500,4.365,4.3899,4.3,4.3,4449,0
TROO.US,5,20260108,171000,4.29,4.38,4.28,4.33,8554,0
TROO.US,5,20260108,171500,4.34,4.44,4.33,4.39,9595,0
TROO.US,5,20260108,172000,4.39,4.405,4.3711,4.405,2500,0
TROO.US,5,20260108,172500,4.405,4.4399,4.405,4.405,1100,0
TROO.US,5,20260108,173000,4.405,4.4399,4.405,4.43,739,0
TROO.US,5,20260108,173500,4.37,4.3965,4.36,4.36,5327,0
TROO.US,5,20260108,174000,4.38,4.38,4.38,4.38,560,0
TROO.US,5,20260108,174500,4.38,4.38,4.36,4.38,1059,0
TROO.US,5,20260108,175000,4.36,4.435,4.36,4.435,3126,0
TROO.US,5,20260108,175500,4.43,4.48,4.42,4.48,4244,0
TROO.US,5,20260108,180000,4.47,4.47,4.47,4.47,200,0
TROO.US,5,20260108,180500,4.5,4.5575,4.5,4.5552,2203,0
TROO.US,5,20260108,181000,4.48,4.59,4.48,4.59,8387,0
TROO.US,5,20260108,181500,4.5884,4.59,4.58,4.59,4904,0
TROO.US,5,20260108,182000,4.59,4.59,4.51,4.51,1380,0
TROO.US,5,20260108,182500,4.5,4.56,4.495,4.56,1709,0
TROO.US,5,20260108,183000,4.565,4.565,4.37,4.37,3400,0
TROO.US,5,20260108,184000,4.5378,4.64,4.5378,4.64,6326,0
TROO.US,5,20260108,184500,4.62,4.62,4.62,4.62,1400,0
TROO.US,5,20260108,185000,4.62,4.64,4.62,4.64,650,0
TROO.US,5,20260108,185500,4.655,4.69,4.655,4.655,3165,0
TROO.US,5,20260108,190000,4.64,4.64,4.6,4.64,6300,0
TROO.US,5,20260108,190500,4.64,4.64,4.59,4.625,1850,0
TROO.US,5,20260108,191000,4.65,4.6899,4.65,4.6899,1802,0
TROO.US,5,20260108,191500,4.69,4.69,4.69,4.69,440,0
TROO.US,5,20260108,192000,4.66,4.66,4.6451,4.6451,1209,0
TROO.US,5,20260108,192500,4.662,4.662,4.63,4.64,1440,0
TROO.US,5,20260108,193000,4.64,4.6899,4.64,4.6899,753,0
TROO.US,5,20260108,193500,4.64,4.64,4.64,4.64,400,0
TROO.US,5,20260108,194000,4.592,4.592,4.592,4.592,3000,0
TROO.US,5,20260108,194500,4.58,4.62,4.55,4.59,1973,0
TROO.US,5,20260108,195000,4.59,4.59,4.59,4.59,210,0
TROO.US,5,20260108,195500,4.59,4.59,4.59,4.59,177,0
TROO.US,5,20260108,200000,4.55,4.55,4.55,4.55,2587,0
TROO.US,5,20260108,200500,4.57,4.5899,4.55,4.57,4576,0
TROO.US,5,20260108,201000,4.57,4.57,4.53,4.54,1636,0
TROO.US,5,20260108,202000,4.55,4.55,4.55,4.55,1210,0
TROO.US,5,20260108,202500,4.53,4.53,4.53,4.53,1050,0
TROO.US,5,20260108,203000,4.57,4.5797,4.5301,4.5797,1500,0
TROO.US,5,20260108,203500,4.53,4.55,4.5101,4.55,3410,0
TROO.US,5,20260108,204000,4.55,4.55,4.51533,4.51533,650,0
TROO.US,5,20260108,204500,4.54,4.54,4.51,4.54,883,0
TROO.US,5,20260108,205000,4.53,4.53,4.53,4.53,100,0
TROO.US,5,20260108,205500,4.56,4.56,4.56,4.56,100,0
TROO.US,5,20260108,210000,4.555,4.555,4.54,4.54,300,0
TROO.US,5,20260108,210500,4.555,4.6,4.555,4.5796,11426,0
TROO.US,5,20260108,211000,4.63,4.63,4.6,4.6,769,0
TROO.US,5,20260108,212000,4.6299,4.6299,4.54,4.54,527,0
TROO.US,5,20260108,212500,4.55,4.63,4.54,4.5802,9600,0
TROO.US,5,20260108,213000,4.5894,4.5894,4.5894,4.5894,200,0
TROO.US,5,20260108,213500,4.58,4.6197,4.56,4.6197,2400,0
TROO.US,5,20260108,214000,4.5951,4.5951,4.59,4.59,1882,0
TROO.US,5,20260108,214500,4.62,4.62,4.56,4.5894,6021,0
TROO.US,5,20260108,215000,4.59,4.63,4.56,4.62,9121,0
TROO.US,5,20260108,215500,4.62,4.62,4.46,4.48,26359,0
