<TICKER>,<PER>,<DATE>,<TIME>,<OPEN>,<HIGH>,<LOW>,<CLOSE>,<VOL>,<OPENINT>
VTSI.US,5,20250813,153000,5.54,5.57,5.5399,5.57,18345,0
VTSI.US,5,20250813,153500,5.5859,5.64,5.5497,5.575,2199,0
VTSI.US,5,20250813,154000,5.5626,5.5626,5.51,5.512,1657,0
VTSI.US,5,20250813,154500,5.51,5.54,5.51,5.52,3693,0
VTSI.US,5,20250813,155000,5.51,5.512,5.51,5.512,562,0
VTSI.US,5,20250813,155500,5.51,5.53,5.51,5.5112,11081,0
VTSI.US,5,20250813,160000,5.51,5.53,5.51,5.53,1065,0
VTSI.US,5,20250813,160500,5.5158,5.5158,5.5158,5.5158,200,0
VTSI.US,5,20250813,161000,5.52,5.52,5.51,5.51,482,0
VTSI.US,5,20250813,161500,5.5154,5.5499,5.5128,5.53,3200,0
VTSI.US,5,20250813,162000,5.5399,5.5399,5.5101,5.5345,2177,0
VTSI.US,5,20250813,162500,5.5107,5.5107,5.5107,5.5107,100,0
VTSI.US,5,20250813,163000,5.513,5.56,5.513,5.52,2915,0
VTSI.US,5,20250813,163500,5.52,5.52,5.52,5.52,100,0
VTSI.US,5,20250813,164000,5.519,5.52,5.519,5.52,300,0
VTSI.US,5,20250813,165000,5.5112,5.5128,5.5112,5.5128,500,0
VTSI.US,5,20250813,165500,5.51,5.5147,5.51,5.5147,650,0
VTSI.US,5,20250813,170500,5.515,5.52,5.5101,5.5101,3864,0
VTSI.US,5,20250813,171000,5.5112,5.52,5.51,5.515,600,0
VTSI.US,5,20250813,171500,5.516967,5.519,5.51,5.51,5223,0
VTSI.US,5,20250813,172000,5.51,5.52,5.51,5.52,6779,0
VTSI.US,5,20250813,172500,5.5107,5.5107,5.5,5.5,8927,0
VTSI.US,5,20250813,173000,5.485,5.5,5.38,5.44,12712,0
VTSI.US,5,20250813,173500,5.45,5.45,5.4219,5.43,1792,0
VTSI.US,5,20250813,174500,5.44,5.46,5.44,5.46,200,0
VTSI.US,5,20250813,175500,5.43,5.4374,5.43,5.4374,222,0
VTSI.US,5,20250813,182000,5.4401,5.4401,5.4401,5.4401,500,0
VTSI.US,5,20250813,182500,5.45,5.468,5.42,5.42,666,0
VTSI.US,5,20250813,184500,5.418,5.418,5.418,5.418,250,0
VTSI.US,5,20250813,185000,5.42,5.42,5.42,5.42,110,0
VTSI.US,5,20250813,190000,5.41,5.42,5.41,5.42,400,0
VTSI.US,5,20250813,190500,5.4235,5.4235,5.4235,5.4235,186,0
VTSI.US,5,20250813,191000,5.415,5.415,5.415,5.415,100,0
VTSI.US,5,20250813,192000,5.4,5.455,5.4,5.455,5490,0
VTSI.US,5,20250813,194000,5.4299,5.43,5.4299,5.43,401,0
VTSI.US,5,20250813,194500,5.44,5.45,5.44,5.45,200,0
VTSI.US,5,20250813,195000,5.435162,5.435162,5.435162,5.435162,570,0
VTSI.US,5,20250813,195500,5.46,5.46,5.45,5.45,400,0
VTSI.US,5,20250813,200000,5.4661,5.4661,5.4661,5.4661,300,0
VTSI.US,5,20250813,201000,5.4524,5.4524,5.4449,5.4449,448,0
VTSI.US,5,20250813,201500,5.46,5.46,5.46,5.46,200,0
VTSI.US,5,20250813,202500,5.49,5.53,5.4899,5.4899,9926,0
VTSI.US,5,20250813,203000,5.46,5.46,5.4305,5.4305,600,0
VTSI.US,5,20250813,203500,5.4342,5.4342,5.4342,5.4342,100,0
VTSI.US,5,20250813,204000,5.46,5.46,5.43,5.43,4843,0
VTSI.US,5,20250813,204500,5.44,5.44,5.44,5.44,100,0
VTSI.US,5,20250813,210000,5.43,5.4491,5.43,5.44,806,0
VTSI.US,5,20250813,210500,5.4499,5.4499,5.3844,5.3844,4847,0
VTSI.US,5,20250813,211000,5.385,5.389,5.385,5.389,200,0
VTSI.US,5,20250813,211500,5.385,5.385,5.385,5.385,200,0
VTSI.US,5,20250813,212000,5.3808,5.3808,5.38,5.38,1613,0
VTSI.US,5,20250813,212500,5.39,5.4,5.385,5.395,5553,0
VTSI.US,5,20250813,213000,5.395,5.395,5.395,5.395,100,0
VTSI.US,5,20250813,213500,5.3901,5.3901,5.32,5.3234,6494,0
VTSI.US,5,20250813,214000,5.33,5.34,5.33,5.34,500,0
VTSI.US,5,20250813,214500,5.39,5.39,5.39,5.39,287,0
VTSI.US,5,20250813,215000,5.34,5.39,5.33,5.355,2672,0
VTSI.US,5,20250813,215500,5.36,5.38,5.35,5.35,3069,0
VTSI.US,5,20250814,153000,5.4,5.4,5.25,5.35,6730,0
VTSI.US,5,20250814,153500,5.25,5.325,5.25,5.25,1671,0
VTSI.US,5,20250814,154000,5.265,5.265,5.265,5.265,500,0
VTSI.US,5,20250814,155000,5.2142,5.2142,5.2,5.2,900,0
VTSI.US,5,20250814,155500,5.25,5.2809,5.25,5.2809,225,0
VTSI.US,5,20250814,160000,5.28,5.2825,5.23,5.2825,680,0
VTSI.US,5,20250814,160500,5.235,5.28,5.23,5.23,300,0
VTSI.US,5,20250814,161000,5.21,5.21,5.21,5.21,200,0
VTSI.US,5,20250814,161500,5.21,5.21,5.21,5.21,100,0
VTSI.US,5,20250814,162000,5.1749,5.22,5.1749,5.22,698,0
VTSI.US,5,20250814,162500,5.1698,5.2599,5.1698,5.2599,452,0
VTSI.US,5,20250814,164500,5.22,5.2402,5.22,5.2402,277,0
VTSI.US,5,20250814,170500,5.18,5.21,5.18,5.18,600,0
VTSI.US,5,20250814,171000,5.21,5.22,5.18,5.2,600,0
VTSI.US,5,20250814,172000,5.25,5.25,5.205,5.205,200,0
VTSI.US,5,20250814,172500,5.23,5.23,5.185,5.185,500,0
VTSI.US,5,20250814,173000,5.2,5.21,5.2,5.21,483,0
VTSI.US,5,20250814,173500,5.25,5.25,5.25,5.25,100,0
VTSI.US,5,20250814,174000,5.25,5.25,5.25,5.25,100,0
VTSI.US,5,20250814,174500,5.1878,5.24,5.1878,5.24,400,0
VTSI.US,5,20250814,175000,5.1883,5.1883,5.1883,5.1883,100,0
VTSI.US,5,20250814,180000,5.225,5.225,5.225,5.225,300,0
VTSI.US,5,20250814,181000,5.21,5.21,5.21,5.21,150,0
VTSI.US,5,20250814,181500,5.21,5.21,5.21,5.21,100,0
VTSI.US,5,20250814,183000,5.1935,5.1935,5.1935,5.1935,500,0
VTSI.US,5,20250814,183500,5.25,5.25,5.1818,5.1818,991,0
VTSI.US,5,20250814,185000,5.25,5.25,5.25,5.25,100,0
VTSI.US,5,20250814,191000,5.25,5.25,5.225,5.225,900,0
VTSI.US,5,20250814,192000,5.2458,5.2458,5.2458,5.2458,200,0
VTSI.US,5,20250814,193000,5.24,5.24,5.235,5.235,300,0
VTSI.US,5,20250814,194500,5.21,5.21,5.2,5.2,900,0
VTSI.US,5,20250814,195500,5.2399,5.2399,5.2399,5.2399,3840,0
VTSI.US,5,20250814,200000,5.21,5.21,5.19,5.19,400,0
VTSI.US,5,20250814,201000,5.19,5.19,5.19,5.19,710,0
VTSI.US,5,20250814,201500,5.205,5.205,5.2,5.2,200,0
VTSI.US,5,20250814,202000,5.22,5.22,5.1818,5.1818,1100,0
VTSI.US,5,20250814,202500,5.22,5.27,5.2,5.27,5600,0
VTSI.US,5,20250814,203000,5.29,5.3,5.29,5.3,2480,0
VTSI.US,5,20250814,203500,5.31,5.31,5.31,5.31,100,0
VTSI.US,5,20250814,204000,5.31,5.34,5.31,5.34,200,0
VTSI.US,5,20250814,205000,5.33,5.33,5.33,5.33,100,0
VTSI.US,5,20250814,205500,5.38,5.38,5.345,5.345,489,0
VTSI.US,5,20250814,210000,5.35,5.35,5.35,5.35,100,0
VTSI.US,5,20250814,210500,5.34,5.34,5.285,5.285,1918,0
VTSI.US,5,20250814,212000,5.295,5.295,5.22,5.22,750,0
VTSI.US,5,20250814,213000,5.19,5.215,5.18,5.205,3978,0
VTSI.US,5,20250814,213500,5.215,5.24,5.215,5.24,600,0
VTSI.US,5,20250814,214000,5.26,5.26,5.25,5.25,440,0
VTSI.US,5,20250814,214500,5.3,5.3,5.3,5.3,100,0
VTSI.US,5,20250814,215000,5.29,5.29,5.29,5.29,100,0
VTSI.US,5,20250814,215500,5.2999,5.2999,5.21,5.23,5728,0
VTSI.US,5,20250815,153000,5.24,5.24,5.23,5.23,4528,0
VTSI.US,5,20250815,153500,5.2789,5.2789,5.2789,5.2789,100,0
VTSI.US,5,20250815,154000,5.22,5.22,5.22,5.22,300,0
VTSI.US,5,20250815,154500,5.21,5.21,5.2,5.2,300,0
VTSI.US,5,20250815,155000,5.2,5.216,5.2,5.216,580,0
VTSI.US,5,20250815,160000,5.2,5.2,5.2,5.2,100,0
VTSI.US,5,20250815,160500,5.1812,5.2,5.1812,5.2,1300,0
VTSI.US,5,20250815,161000,5.1601,5.1601,5.1601,5.1601,146,0
VTSI.US,5,20250815,161500,5.2389,5.2389,5.2389,5.2389,200,0
VTSI.US,5,20250815,162000,5.205,5.23,5.205,5.2299,363,0
VTSI.US,5,20250815,162500,5.2477,5.259,5.2477,5.259,327,0
VTSI.US,5,20250815,164000,5.27,5.27,5.27,5.27,100,0
VTSI.US,5,20250815,164500,5.26,5.2696,5.225,5.225,2097,0
VTSI.US,5,20250815,165000,5.26,5.28,5.26,5.27,1080,0
VTSI.US,5,20250815,165500,5.27,5.27,5.27,5.27,100,0
VTSI.US,5,20250815,170000,5.24,5.24,5.22,5.22,1658,0
VTSI.US,5,20250815,170500,5.24,5.26,5.24,5.26,292,0
VTSI.US,5,20250815,171500,5.25,5.25,5.25,5.25,100,0
VTSI.US,5,20250815,172000,5.25,5.2637,5.25,5.2637,311,0
VTSI.US,5,20250815,172500,5.2435,5.2435,5.24,5.24,482,0
VTSI.US,5,20250815,173000,5.2585,5.2585,5.2585,5.2585,370,0
VTSI.US,5,20250815,173500,5.24,5.26,5.2301,5.2301,500,0
VTSI.US,5,20250815,174000,5.265,5.265,5.265,5.265,300,0
VTSI.US,5,20250815,175000,5.275,5.275,5.275,5.275,100,0
VTSI.US,5,20250815,180000,5.28,5.28,5.28,5.28,200,0
VTSI.US,5,20250815,181000,5.28,5.28,5.26,5.28,400,0
VTSI.US,5,20250815,181500,5.25,5.25,5.25,5.25,100,0
VTSI.US,5,20250815,183500,5.235,5.235,5.235,5.235,100,0
VTSI.US,5,20250815,184000,5.22,5.22,5.22,5.22,100,0
VTSI.US,5,20250815,184500,5.2202,5.235,5.2202,5.235,866,0
VTSI.US,5,20250815,185000,5.22,5.22,5.22,5.22,298,0
VTSI.US,5,20250815,190000,5.1701,5.2,5.1701,5.2,500,0
VTSI.US,5,20250815,190500,5.2,5.2,5.2,5.2,100,0
VTSI.US,5,20250815,191500,5.23,5.23,5.23,5.23,141,0
VTSI.US,5,20250815,192000,5.225,5.24,5.225,5.24,400,0
VTSI.US,5,20250815,192500,5.24,5.3,5.24,5.289,2872,0
VTSI.US,5,20250815,193500,5.2242,5.2242,5.2242,5.2242,235,0
VTSI.US,5,20250815,195000,5.2419,5.265,5.2419,5.265,600,0
VTSI.US,5,20250815,201000,5.25,5.25,5.25,5.25,500,0
VTSI.US,5,20250815,201500,5.275,5.275,5.275,5.275,100,0
VTSI.US,5,20250815,202000,5.2916,5.4316,5.2735,5.4316,10087,0
VTSI.US,5,20250815,202500,5.43,5.43,5.37,5.37,2247,0
VTSI.US,5,20250815,203000,5.3718,5.3718,5.3718,5.3718,300,0
VTSI.US,5,20250815,203500,5.3889,5.3889,5.37,5.3705,2892,0
VTSI.US,5,20250815,204500,5.38,5.4,5.38,5.4,200,0
VTSI.US,5,20250815,205000,5.38,5.38,5.2603,5.35,1361,0
VTSI.US,5,20250815,205500,5.3,5.3,5.3,5.3,155,0
VTSI.US,5,20250815,210000,5.3,5.3,5.3,5.3,100,0
VTSI.US,5,20250815,210500,5.3399,5.3399,5.31,5.31,600,0
VTSI.US,5,20250815,211000,5.34,5.34,5.315,5.34,1780,0
VTSI.US,5,20250815,211500,5.32,5.33,5.32,5.33,825,0
VTSI.US,5,20250815,212000,5.2901,5.32,5.2901,5.32,4901,0
VTSI.US,5,20250815,213000,5.36,5.36,5.36,5.36,100,0
VTSI.US,5,20250815,213500,5.33,5.33,5.33,5.33,350,0
VTSI.US,5,20250815,214000,5.3101,5.35,5.3101,5.345,380,0
VTSI.US,5,20250815,214500,5.37,5.37,5.35,5.35,1681,0
VTSI.US,5,20250815,215000,5.355,5.355,5.33,5.33,1132,0
VTSI.US,5,20250815,215500,5.3101,5.38,5.3101,5.38,3414,0
VTSI.US,5,20250818,153000,5.38,5.4024,5.3503,5.4024,2022,0
VTSI.US,5,20250818,153500,5.4,5.4,5.4,5.4,100,0
VTSI.US,5,20250818,154000,5.385,5.385,5.3619,5.3619,253,0
VTSI.US,5,20250818,154500,5.4041,5.4041,5.39,5.39,686,0
VTSI.US,5,20250818,155000,5.39,5.455,5.39,5.455,2121,0
VTSI.US,5,20250818,160500,5.4303,5.44,5.4064,5.44,1232,0
VTSI.US,5,20250818,161000,5.42,5.42,5.42,5.42,500,0
VTSI.US,5,20250818,162000,5.42,5.42,5.42,5.42,1052,0
VTSI.US,5,20250818,162500,5.4101,5.4101,5.4,5.4,3600,0
VTSI.US,5,20250818,163000,5.3981,5.3981,5.3981,5.3981,100,0
VTSI.US,5,20250818,163500,5.41,5.47,5.41,5.47,900,0
VTSI.US,5,20250818,164000,5.45,5.45,5.4289,5.4289,1209,0
VTSI.US,5,20250818,164500,5.43,5.46,5.43,5.46,1450,0
VTSI.US,5,20250818,165000,5.46,5.46,5.42,5.43,1686,0
VTSI.US,5,20250818,165500,5.4,5.49,5.4,5.49,2188,0
VTSI.US,5,20250818,170000,5.47,5.47,5.47,5.47,1450,0
VTSI.US,5,20250818,170500,5.47,5.47,5.4082,5.4082,1350,0
VTSI.US,5,20250818,171500,5.4,5.46,5.4,5.46,350,0
VTSI.US,5,20250818,172500,5.485,5.5,5.47,5.4945,1280,0
VTSI.US,5,20250818,173000,5.472,5.5,5.472,5.5,385,0
VTSI.US,5,20250818,173500,5.47,5.47,5.47,5.47,123,0
VTSI.US,5,20250818,175500,5.47,5.48,5.44,5.44,435,0
VTSI.US,5,20250818,181000,5.47,5.48,5.47,5.48,202,0
VTSI.US,5,20250818,182000,5.47,5.47,5.47,5.47,181,0
VTSI.US,5,20250818,183000,5.5,5.5,5.5,5.5,633,0
VTSI.US,5,20250818,184000,5.505,5.505,5.505,5.505,970,0
VTSI.US,5,20250818,184500,5.5022,5.5399,5.47,5.5294,1100,0
VTSI.US,5,20250818,185000,5.5322,5.5368,5.5322,5.5368,1200,0
VTSI.US,5,20250818,185500,5.54,5.54,5.4945,5.4945,600,0
VTSI.US,5,20250818,190500,5.5022,5.5022,5.4701,5.4701,600,0
VTSI.US,5,20250818,191000,5.48,5.48,5.48,5.48,400,0
VTSI.US,5,20250818,191500,5.5252,5.55,5.5,5.55,4034,0
VTSI.US,5,20250818,192000,5.58,5.58,5.55,5.55,500,0
VTSI.US,5,20250818,193500,5.5301,5.5301,5.5301,5.5301,181,0
VTSI.US,5,20250818,195500,5.532,5.532,5.532,5.532,551,0
VTSI.US,5,20250818,200000,5.5474,5.5474,5.5301,5.5301,1119,0
VTSI.US,5,20250818,200500,5.5311,5.5311,5.5311,5.5311,100,0
VTSI.US,5,20250818,201500,5.53,5.55,5.53,5.53,860,0
VTSI.US,5,20250818,202000,5.5266,5.5266,5.515,5.515,560,0
VTSI.US,5,20250818,203000,5.555,5.555,5.555,5.555,260,0
VTSI.US,5,20250818,203500,5.56,5.56,5.56,5.56,500,0
VTSI.US,5,20250818,204000,5.55,5.55,5.55,5.55,300,0
VTSI.US,5,20250818,204500,5.59,5.59,5.59,5.59,1000,0
VTSI.US,5,20250818,205000,5.5596,5.5596,5.5596,5.5596,102,0
VTSI.US,5,20250818,205500,5.5561,5.59,5.5561,5.56,789,0
VTSI.US,5,20250818,210000,5.59,5.59,5.59,5.59,100,0
VTSI.US,5,20250818,210500,5.5799,5.5799,5.57,5.57,994,0
VTSI.US,5,20250818,212000,5.58,5.58,5.58,5.58,695,0
VTSI.US,5,20250818,212500,5.58,5.61,5.5319,5.61,2585,0
VTSI.US,5,20250818,214000,5.61,5.66,5.61,5.66,1782,0
VTSI.US,5,20250818,214500,5.65,5.68,5.65,5.65,385,0
VTSI.US,5,20250818,215000,5.6557,5.69,5.6557,5.6564,2088,0
VTSI.US,5,20250818,215500,5.65,5.7,5.65,5.65,4432,0
VTSI.US,5,20250819,153000,5.61,5.6681,5.5552,5.5552,6892,0
VTSI.US,5,20250819,153500,5.6028,5.6028,5.6,5.6,1470,0
VTSI.US,5,20250819,154000,5.6399,5.6399,5.6,5.6,2500,0
VTSI.US,5,20250819,154500,5.6,5.6,5.6,5.6,284,0
VTSI.US,5,20250819,160500,5.5893,5.62,5.5893,5.61,920,0
VTSI.US,5,20250819,161000,5.585,5.65,5.585,5.64,3883,0
VTSI.US,5,20250819,161500,5.5238,5.5238,5.51,5.5207,1424,0
VTSI.US,5,20250819,162500,5.5226,5.5226,5.5226,5.5226,180,0
VTSI.US,5,20250819,164000,5.58,5.58,5.58,5.58,100,0
VTSI.US,5,20250819,164500,5.55,5.58,5.55,5.58,1000,0
VTSI.US,5,20250819,165000,5.5356,5.61,5.5356,5.61,985,0
VTSI.US,5,20250819,165500,5.57,5.6,5.57,5.6,200,0
VTSI.US,5,20250819,170000,5.57,5.57,5.57,5.57,100,0
VTSI.US,5,20250819,170500,5.525,5.525,5.525,5.525,100,0
VTSI.US,5,20250819,174000,5.6103,5.6103,5.6103,5.6103,100,0
VTSI.US,5,20250819,174500,5.611,5.611,5.5323,5.5323,312,0
VTSI.US,5,20250819,180000,5.59,5.59,5.59,5.59,100,0
VTSI.US,5,20250819,180500,5.53,5.53,5.53,5.53,100,0
VTSI.US,5,20250819,181000,5.5607,5.5607,5.5607,5.5607,643,0
VTSI.US,5,20250819,182000,5.53,5.53,5.53,5.53,200,0
VTSI.US,5,20250819,182500,5.57,5.57,5.56,5.56,502,0
VTSI.US,5,20250819,183000,5.542,5.542,5.53,5.53,1740,0
VTSI.US,5,20250819,183500,5.51,5.51,5.51,5.51,100,0
VTSI.US,5,20250819,184000,5.51,5.56,5.51,5.56,1781,0
VTSI.US,5,20250819,184500,5.56,5.56,5.53,5.53,1300,0
VTSI.US,5,20250819,190500,5.5,5.5,5.5,5.5,100,0
VTSI.US,5,20250819,191000,5.49,5.56,5.48,5.56,4607,0
VTSI.US,5,20250819,191500,5.51,5.51,5.46,5.46,2600,0
VTSI.US,5,20250819,192500,5.4411,5.4411,5.42,5.4244,4316,0
VTSI.US,5,20250819,193000,5.4627,5.4627,5.4627,5.4627,100,0
VTSI.US,5,20250819,195000,5.42,5.42,5.42,5.42,100,0
VTSI.US,5,20250819,195500,5.42,5.42,5.42,5.42,505,0
VTSI.US,5,20250819,200500,5.4162,5.4162,5.4,5.4,400,0
VTSI.US,5,20250819,201000,5.41,5.41,5.41,5.41,100,0
VTSI.US,5,20250819,202000,5.415,5.44,5.415,5.44,300,0
VTSI.US,5,20250819,203000,5.45,5.45,5.45,5.45,100,0
VTSI.US,5,20250819,204000,5.4,5.4,5.385,5.385,300,0
VTSI.US,5,20250819,204500,5.39,5.42,5.39,5.4,3094,0
VTSI.US,5,20250819,210000,5.44,5.44,5.44,5.44,100,0
VTSI.US,5,20250819,211500,5.45,5.45,5.45,5.45,100,0
VTSI.US,5,20250819,212000,5.47,5.47,5.47,5.47,100,0
VTSI.US,5,20250819,213000,5.44,5.46,5.44,5.45,1475,0
VTSI.US,5,20250819,213500,5.44,5.45,5.43,5.43,1747,0
VTSI.US,5,20250819,214000,5.4281,5.46,5.4281,5.46,450,0
VTSI.US,5,20250819,214500,5.47,5.47,5.45,5.465,800,0
VTSI.US,5,20250819,215000,5.46,5.47,5.45,5.45,500,0
VTSI.US,5,20250819,215500,5.47,5.47,5.43,5.44,3821,0
VTSI.US,5,20250820,153000,5.44,5.44,5.44,5.44,153,0
VTSI.US,5,20250820,154000,5.42,5.42,5.42,5.42,240,0
VTSI.US,5,20250820,154500,5.44,5.44,5.44,5.44,1000,0
VTSI.US,5,20250820,155000,5.4278,5.4278,5.4278,5.4278,1000,0
VTSI.US,5,20250820,155500,5.425,5.425,5.34,5.35,5056,0
VTSI.US,5,20250820,160000,5.415,5.48,5.415,5.47,1699,0
VTSI.US,5,20250820,161000,5.47,5.52,5.43,5.52,800,0
VTSI.US,5,20250820,161500,5.52,5.53,5.44,5.44,2700,0
VTSI.US,5,20250820,162500,5.4892,5.4892,5.4892,5.4892,500,0
VTSI.US,5,20250820,164000,5.4704,5.4704,5.4704,5.4704,100,0
VTSI.US,5,20250820,164500,5.45,5.45,5.45,5.45,180,0
VTSI.US,5,20250820,171500,5.435,5.45,5.435,5.45,300,0
VTSI.US,5,20250820,173000,5.46,5.46,5.445,5.46,1000,0
VTSI.US,5,20250820,173500,5.488,5.5,5.465,5.5,800,0
VTSI.US,5,20250820,174500,5.5,5.51,5.5,5.51,356,0
VTSI.US,5,20250820,175000,5.49,5.49,5.49,5.49,1000,0
VTSI.US,5,20250820,180000,5.475,5.485,5.475,5.485,1234,0
VTSI.US,5,20250820,182000,5.48,5.515,5.48,5.515,400,0
VTSI.US,5,20250820,183500,5.48,5.49,5.47,5.48,850,0
VTSI.US,5,20250820,184000,5.51,5.51,5.51,5.51,100,0
VTSI.US,5,20250820,184500,5.48,5.485,5.48,5.485,800,0
VTSI.US,5,20250820,185000,5.48,5.51,5.48,5.51,300,0
VTSI.US,5,20250820,185500,5.51,5.51,5.45,5.45,470,0
VTSI.US,5,20250820,190000,5.4101,5.4101,5.4101,5.4101,190,0
VTSI.US,5,20250820,191500,5.43,5.44,5.43,5.44,300,0
VTSI.US,5,20250820,192500,5.415,5.415,5.41,5.41,200,0
VTSI.US,5,20250820,200000,5.435,5.435,5.41,5.41,600,0
VTSI.US,5,20250820,201500,5.425,5.425,5.407,5.407,420,0
VTSI.US,5,20250820,203000,5.405,5.405,5.405,5.405,300,0
VTSI.US,5,20250820,203500,5.41,5.41,5.41,5.41,100,0
VTSI.US,5,20250820,204500,5.45,5.45,5.45,5.45,100,0
VTSI.US,5,20250820,210000,5.45,5.45,5.4028,5.4028,273,0
VTSI.US,5,20250820,211500,5.46,5.53,5.46,5.485,3249,0
VTSI.US,5,20250820,212000,5.485,5.485,5.485,5.485,100,0
VTSI.US,5,20250820,213500,5.48,5.48,5.48,5.48,100,0
VTSI.US,5,20250820,214000,5.45,5.48,5.45,5.46,510,0
VTSI.US,5,20250820,214500,5.475,5.52,5.475,5.495,872,0
VTSI.US,5,20250820,215000,5.505,5.51,5.505,5.51,1158,0
VTSI.US,5,20250820,215500,5.48,5.5,5.46,5.5,3740,0
VTSI.US,5,20250821,153000,5.46,5.46,5.45,5.45,2064,0
VTSI.US,5,20250821,154000,5.485,5.485,5.485,5.485,100,0
VTSI.US,5,20250821,155500,5.5,5.5,5.5,5.5,100,0
VTSI.US,5,20250821,160500,5.54,5.545,5.54,5.545,300,0
VTSI.US,5,20250821,162000,5.5192,5.5192,5.5192,5.5192,100,0
VTSI.US,5,20250821,162500,5.55,5.589,5.55,5.589,1070,0
VTSI.US,5,20250821,163000,5.57,5.59,5.57,5.59,1007,0
VTSI.US,5,20250821,165500,5.53,5.545,5.53,5.545,2500,0
VTSI.US,5,20250821,170000,5.57,5.57,5.57,5.57,100,0
VTSI.US,5,20250821,170500,5.5806,5.5806,5.5806,5.5806,400,0
VTSI.US,5,20250821,172000,5.59,5.59,5.59,5.59,100,0
VTSI.US,5,20250821,172500,5.59,5.59,5.59,5.59,100,0
VTSI.US,5,20250821,173000,5.64,5.64,5.64,5.64,100,0
VTSI.US,5,20250821,173500,5.61,5.65,5.61,5.65,1900,0
VTSI.US,5,20250821,174000,5.61,5.61,5.6,5.6,217,0
VTSI.US,5,20250821,175000,5.62,5.62,5.6,5.6,629,0
VTSI.US,5,20250821,175500,5.56,5.56,5.56,5.56,100,0
VTSI.US,5,20250821,180000,5.56,5.56,5.56,5.56,470,0
VTSI.US,5,20250821,181000,5.56,5.56,5.56,5.56,100,0
VTSI.US,5,20250821,181500,5.58,5.58,5.58,5.58,200,0
VTSI.US,5,20250821,183000,5.58,5.58,5.56,5.56,200,0
VTSI.US,5,20250821,192500,5.58,5.5803,5.58,5.58,550,0
VTSI.US,5,20250821,193000,5.59,5.59,5.59,5.59,100,0
VTSI.US,5,20250821,194000,5.6399,5.6399,5.61,5.61,1367,0
VTSI.US,5,20250821,195000,5.638,5.638,5.638,5.638,100,0
VTSI.US,5,20250821,195500,5.64,5.64,5.61,5.61,540,0
VTSI.US,5,20250821,200500,5.6,5.6,5.6,5.6,100,0
VTSI.US,5,20250821,202500,5.62,5.62,5.62,5.62,200,0
VTSI.US,5,20250821,203500,5.62,5.62,5.62,5.62,100,0
VTSI.US,5,20250821,204000,5.62,5.62,5.62,5.62,700,0
VTSI.US,5,20250821,205000,5.6079,5.62,5.6079,5.62,364,0
VTSI.US,5,20250821,205500,5.6,5.61,5.6,5.61,221,0
VTSI.US,5,20250821,210000,5.59,5.63,5.54,5.595,5858,0
VTSI.US,5,20250821,210500,5.64,5.64,5.58,5.61,1300,0
VTSI.US,5,20250821,211000,5.61,5.61,5.61,5.61,100,0
VTSI.US,5,20250821,211500,5.605,5.605,5.605,5.605,100,0
VTSI.US,5,20250821,212000,5.59,5.59,5.56,5.56,400,0
VTSI.US,5,20250821,212500,5.54,5.55,5.54,5.55,200,0
VTSI.US,5,20250821,213500,5.56,5.62,5.56,5.59,587,0
VTSI.US,5,20250821,214000,5.5698,5.5698,5.5698,5.5698,107,0
VTSI.US,5,20250821,214500,5.6,5.6,5.6,5.6,100,0
VTSI.US,5,20250821,215000,5.57,5.57,5.53,5.57,1503,0
VTSI.US,5,20250821,215500,5.57,5.61,5.54,5.57,2566,0
VTSI.US,5,20250822,153000,5.6,5.6,5.6,5.6,1699,0
VTSI.US,5,20250822,153500,5.6,5.6,5.597,5.6,544,0
VTSI.US,5,20250822,154000,5.62,5.62,5.58,5.59,1982,0
VTSI.US,5,20250822,154500,5.59,5.59,5.48,5.5527,1477,0
VTSI.US,5,20250822,160500,5.64,5.75,5.64,5.75,9068,0
VTSI.US,5,20250822,161000,5.7338,5.7338,5.68,5.725,2450,0
VTSI.US,5,20250822,161500,5.725,5.725,5.725,5.725,180,0
VTSI.US,5,20250822,162000,5.74,5.79,5.7,5.7769,4240,0
VTSI.US,5,20250822,163000,5.695,5.78,5.695,5.7366,1310,0
VTSI.US,5,20250822,163500,5.73,5.82,5.72,5.82,2095,0
VTSI.US,5,20250822,164500,5.8114,5.8114,5.79,5.79,1488,0
VTSI.US,5,20250822,165000,5.7983,5.7983,5.7983,5.7983,100,0
VTSI.US,5,20250822,165500,5.79,5.82,5.775,5.8191,3319,0
VTSI.US,5,20250822,170000,5.785,5.82,5.785,5.82,1350,0
VTSI.US,5,20250822,170500,5.7501,5.82,5.7501,5.82,2771,0
VTSI.US,5,20250822,171000,5.7748,5.82,5.77,5.7823,668,0
VTSI.US,5,20250822,172500,5.7766,5.7766,5.7766,5.7766,800,0
VTSI.US,5,20250822,173000,5.7902,5.7902,5.7902,5.7902,1000,0
VTSI.US,5,20250822,173500,5.77,5.77,5.77,5.77,100,0
VTSI.US,5,20250822,174500,5.78,5.78,5.72,5.72,1600,0
VTSI.US,5,20250822,175500,5.6845,5.6845,5.6818,5.6818,200,0
VTSI.US,5,20250822,180000,5.67,5.75,5.67,5.75,300,0
VTSI.US,5,20250822,180500,5.74,5.74,5.695,5.695,242,0
VTSI.US,5,20250822,181000,5.695,5.775,5.695,5.775,1750,0
VTSI.US,5,20250822,181500,5.77,5.77,5.7574,5.7574,300,0
VTSI.US,5,20250822,182000,5.775,5.775,5.775,5.775,100,0
VTSI.US,5,20250822,182500,5.695,5.695,5.695,5.695,100,0
VTSI.US,5,20250822,183500,5.7685,5.7685,5.7685,5.7685,300,0
VTSI.US,5,20250822,184000,5.7579,5.7579,5.705,5.7579,300,0
VTSI.US,5,20250822,184500,5.6747,5.755,5.656489,5.656489,998,0
VTSI.US,5,20250822,185000,5.656491,5.656491,5.656491,5.656491,294,0
VTSI.US,5,20250822,185500,5.68,5.68,5.68,5.68,100,0
VTSI.US,5,20250822,190000,5.715,5.715,5.715,5.715,100,0
VTSI.US,5,20250822,190500,5.682382,5.682382,5.682382,5.682382,154,0
VTSI.US,5,20250822,191000,5.755,5.755,5.755,5.755,100,0
VTSI.US,5,20250822,192000,5.74,5.74,5.74,5.74,100,0
VTSI.US,5,20250822,193000,5.733,5.733,5.733,5.733,100,0
VTSI.US,5,20250822,193500,5.735,5.735,5.735,5.735,2500,0
VTSI.US,5,20250822,194000,5.71,5.71,5.71,5.71,100,0
VTSI.US,5,20250822,194500,5.75,5.75,5.75,5.75,100,0
VTSI.US,5,20250822,195000,5.7305,5.735,5.7305,5.735,306,0
VTSI.US,5,20250822,200000,5.76,5.77,5.76,5.76,1160,0
VTSI.US,5,20250822,201000,5.7483,5.7483,5.7483,5.7483,100,0
VTSI.US,5,20250822,201500,5.74,5.7515,5.73,5.74,2048,0
VTSI.US,5,20250822,202000,5.725,5.725,5.725,5.725,100,0
VTSI.US,5,20250822,203500,5.725,5.725,5.725,5.725,100,0
VTSI.US,5,20250822,204000,5.71,5.71,5.6301,5.6301,2238,0
VTSI.US,5,20250822,204500,5.69,5.7,5.69,5.7,200,0
VTSI.US,5,20250822,205000,5.74,5.74,5.715412,5.715511,3800,0
VTSI.US,5,20250822,205500,5.695,5.735,5.695,5.73,300,0
VTSI.US,5,20250822,210000,5.73,5.75,5.73,5.75,300,0
VTSI.US,5,20250822,210500,5.73,5.73,5.73,5.73,100,0
VTSI.US,5,20250822,212500,5.78,5.78,5.73,5.73,3300,0
VTSI.US,5,20250822,213000,5.73,5.76,5.73,5.76,300,0
VTSI.US,5,20250822,214000,5.76,5.76,5.76,5.76,279,0
VTSI.US,5,20250822,214500,5.7704,5.7704,5.7704,5.7704,150,0
VTSI.US,5,20250822,215000,5.79,5.8,5.79,5.79,700,0
VTSI.US,5,20250822,215500,5.83,5.83,5.74,5.74,2033,0
VTSI.US,5,20250825,153000,5.77,5.8,5.77,5.8,1813,0
VTSI.US,5,20250825,154000,5.8,5.8,5.8,5.8,818,0
VTSI.US,5,20250825,154500,5.78,5.78,5.77,5.77,200,0
VTSI.US,5,20250825,155000,5.7678,5.7678,5.7678,5.7678,100,0
VTSI.US,5,20250825,160500,5.7401,5.79,5.71,5.71,6428,0
VTSI.US,5,20250825,161000,5.8,5.8,5.8,5.8,100,0
VTSI.US,5,20250825,161500,5.79,5.8,5.79,5.8,300,0
VTSI.US,5,20250825,162000,5.8,5.8,5.78,5.78,2763,0
VTSI.US,5,20250825,162500,5.78,5.78,5.78,5.78,300,0
VTSI.US,5,20250825,163000,5.7825,5.7825,5.7521,5.7521,600,0
VTSI.US,5,20250825,163500,5.8,5.8,5.78,5.78,1407,0
VTSI.US,5,20250825,164000,5.77,5.77,5.7675,5.7675,781,0
VTSI.US,5,20250825,171000,5.77,5.8,5.77,5.8,422,0
VTSI.US,5,20250825,173000,5.79,5.8,5.79,5.8,4500,0
VTSI.US,5,20250825,175500,5.82,5.82,5.7901,5.7901,2728,0
VTSI.US,5,20250825,180500,5.8,5.8,5.8,5.8,236,0
VTSI.US,5,20250825,182000,5.8074,5.84,5.8074,5.84,1100,0
VTSI.US,5,20250825,183000,5.84,5.853,5.84,5.8515,2500,0
VTSI.US,5,20250825,184000,5.88,5.88,5.8348,5.8348,643,0
VTSI.US,5,20250825,184500,5.84,5.85,5.84,5.85,300,0
VTSI.US,5,20250825,185000,5.85,5.85,5.85,5.85,100,0
VTSI.US,5,20250825,185500,5.83,5.83,5.83,5.83,300,0
VTSI.US,5,20250825,190500,5.84,5.84,5.84,5.84,270,0
VTSI.US,5,20250825,192000,5.8537,5.8537,5.8537,5.8537,200,0
VTSI.US,5,20250825,194000,5.8,5.815,5.8,5.805,504,0
VTSI.US,5,20250825,194500,5.83,5.83,5.83,5.83,100,0
VTSI.US,5,20250825,195500,5.8462,5.8462,5.835,5.835,356,0
VTSI.US,5,20250825,200500,5.835,5.86,5.835,5.86,3300,0
VTSI.US,5,20250825,201000,5.8178,5.8178,5.8178,5.8178,100,0
VTSI.US,5,20250825,202000,5.86,5.86,5.86,5.86,200,0
VTSI.US,5,20250825,204000,5.8595,5.8595,5.85,5.85,270,0
VTSI.US,5,20250825,204500,5.81,5.81,5.81,5.81,173,0
VTSI.US,5,20250825,205000,5.85,5.85,5.835,5.835,250,0
VTSI.US,5,20250825,210000,5.81,5.845,5.81,5.845,400,0
VTSI.US,5,20250825,210500,5.85,5.88,5.84,5.88,1000,0
VTSI.US,5,20250825,211000,5.88,5.92,5.88,5.92,900,0
VTSI.US,5,20250825,211500,5.92,5.92,5.92,5.92,100,0
VTSI.US,5,20250825,212500,5.92,5.92,5.92,5.92,100,0
VTSI.US,5,20250825,213000,5.92,5.96,5.92,5.96,2500,0
VTSI.US,5,20250825,213500,5.93,5.93,5.93,5.93,300,0
VTSI.US,5,20250825,214500,5.94,5.96,5.925,5.925,3100,0
VTSI.US,5,20250825,215000,5.905,5.92,5.9,5.92,424,0
VTSI.US,5,20250825,215500,5.895,5.93,5.88,5.88,2514,0
VTSI.US,5,20250826,153000,5.92,5.94,5.92,5.925,1793,0
VTSI.US,5,20250826,153500,5.9,5.98,5.9,5.95,1430,0
VTSI.US,5,20250826,154000,5.969,6.03,5.969,6.03,2231,0
VTSI.US,5,20250826,154500,6.002,6.002,6,6,1119,0
VTSI.US,5,20250826,155000,5.97,5.97,5.93,5.93,500,0
VTSI.US,5,20250826,155500,5.95,5.95,5.95,5.95,205,0
VTSI.US,5,20250826,160500,5.98,6.075,5.98,6.075,1665,0
VTSI.US,5,20250826,161000,6.0548,6.1,6.03,6.1,3018,0
VTSI.US,5,20250826,161500,6.042,6.07,6.03,6.07,2102,0
VTSI.US,5,20250826,162000,6.0101,6.055,6.0101,6.055,1975,0
VTSI.US,5,20250826,162500,6.09,6.09,6.0149,6.04,2297,0
VTSI.US,5,20250826,163000,6.09,6.1,6.08,6.09,862,0
VTSI.US,5,20250826,163500,6.08,6.09,6.08,6.09,500,0
VTSI.US,5,20250826,164000,6.0522,6.0727,6.0522,6.0727,280,0
VTSI.US,5,20250826,164500,6.0487,6.062101,6.0487,6.062101,2250,0
VTSI.US,5,20250826,165000,6.041,6.05,6.041,6.05,1950,0
VTSI.US,5,20250826,165500,6.05,6.0782,6.05,6.055,740,0
VTSI.US,5,20250826,170000,6.04,6.05,6.04,6.04,409,0
VTSI.US,5,20250826,171000,6.02,6.02,5.99,6.01,3898,0
VTSI.US,5,20250826,171500,6.03,6.03,5.985,6.01,5408,0
VTSI.US,5,20250826,172000,5.99,6.0061,5.98,6.0061,2026,0
VTSI.US,5,20250826,172500,5.995,5.995,5.97,5.97,2200,0
VTSI.US,5,20250826,173000,5.995,5.995,5.991,5.995,3450,0
VTSI.US,5,20250826,173500,6.0093,6.0093,6.0093,6.0093,1100,0
VTSI.US,5,20250826,174000,5.99,5.9991,5.99,5.99,500,0
VTSI.US,5,20250826,180500,5.963,5.963,5.963,5.963,550,0
VTSI.US,5,20250826,182000,5.964,5.964,5.96,5.96,300,0
VTSI.US,5,20250826,182500,5.96,5.96,5.96,5.96,100,0
VTSI.US,5,20250826,183000,5.9622,5.97,5.9622,5.965,1800,0
VTSI.US,5,20250826,185000,5.93,5.93,5.93,5.93,100,0
VTSI.US,5,20250826,190000,5.92,5.92,5.92,5.92,100,0
VTSI.US,5,20250826,190500,5.9433,5.9433,5.9433,5.9433,134,0
VTSI.US,5,20250826,191000,5.92,5.92,5.91,5.92,403,0
VTSI.US,5,20250826,191500,5.8978,5.8978,5.8978,5.8978,104,0
VTSI.US,5,20250826,193000,5.89,5.89,5.89,5.89,100,0
VTSI.US,5,20250826,193500,5.89,5.89,5.89,5.89,300,0
VTSI.US,5,20250826,194500,5.88,5.88,5.88,5.88,486,0
VTSI.US,5,20250826,195000,5.8654,5.8654,5.8654,5.8654,669,0
VTSI.US,5,20250826,195500,5.8373,5.85,5.8373,5.85,1145,0
VTSI.US,5,20250826,200500,5.83,5.85,5.83,5.85,1754,0
VTSI.US,5,20250826,201500,5.84,5.84,5.84,5.84,219,0
VTSI.US,5,20250826,203000,5.84,5.84,5.84,5.84,200,0
VTSI.US,5,20250826,203500,5.855,5.855,5.84,5.84,1873,0
VTSI.US,5,20250826,204500,5.86,5.8943,5.8377,5.8377,815,0
VTSI.US,5,20250826,210000,5.86,5.86,5.86,5.86,779,0
VTSI.US,5,20250826,212500,5.83,5.83,5.8132,5.825,1223,0
VTSI.US,5,20250826,213000,5.81,5.83,5.81,5.83,447,0
VTSI.US,5,20250826,213500,5.875,5.875,5.875,5.875,696,0
VTSI.US,5,20250826,214000,5.855,5.855,5.84,5.84,316,0
VTSI.US,5,20250826,214500,5.84,5.855,5.84,5.855,300,0
VTSI.US,5,20250826,215000,5.865,5.865,5.84,5.855,958,0
VTSI.US,5,20250826,215500,5.835,5.86,5.81,5.81,2770,0
VTSI.US,5,20250827,153000,5.86,5.86,5.86,5.86,186,0
VTSI.US,5,20250827,154500,5.83,5.83,5.83,5.83,100,0
VTSI.US,5,20250827,155000,5.875,5.875,5.85,5.85,1118,0
VTSI.US,5,20250827,160000,5.82,5.85,5.82,5.85,2691,0
VTSI.US,5,20250827,161000,5.8211,5.8211,5.8211,5.8211,780,0
VTSI.US,5,20250827,163000,5.875,5.875,5.875,5.875,170,0
VTSI.US,5,20250827,163500,5.89,5.89,5.89,5.89,100,0
VTSI.US,5,20250827,165500,5.9,5.9,5.9,5.9,100,0
VTSI.US,5,20250827,170000,5.9,5.9,5.9,5.9,341,0
VTSI.US,5,20250827,170500,5.915,5.915,5.915,5.915,100,0
VTSI.US,5,20250827,171500,5.93,5.93,5.93,5.93,356,0
VTSI.US,5,20250827,172000,5.9354,5.955,5.9354,5.955,1589,0
VTSI.US,5,20250827,174000,5.995,5.995,5.93,5.97,4661,0
VTSI.US,5,20250827,174500,6.02,6.02,5.935,5.96,328,0
VTSI.US,5,20250827,181000,5.9625,5.9625,5.9625,5.9625,100,0
VTSI.US,5,20250827,182000,5.965,5.965,5.965,5.965,100,0
VTSI.US,5,20250827,184000,5.96,5.96,5.96,5.96,100,0
VTSI.US,5,20250827,190000,5.97,5.98,5.93,5.93,5112,0
VTSI.US,5,20250827,190500,5.96,5.96,5.96,5.96,100,0
VTSI.US,5,20250827,191000,5.96,5.97,5.96,5.97,400,0
VTSI.US,5,20250827,191500,5.97,5.997,5.95,5.95,647,0
VTSI.US,5,20250827,193000,6,6,5.975,5.975,200,0
VTSI.US,5,20250827,194000,5.99,6,5.96,5.96,400,0
VTSI.US,5,20250827,195000,5.9997,5.9997,5.9997,5.9997,356,0
VTSI.US,5,20250827,195500,5.98,5.98,5.971,5.971,884,0
VTSI.US,5,20250827,200000,5.985,5.985,5.94,5.96,1327,0
VTSI.US,5,20250827,201000,5.96,5.96,5.96,5.96,100,0
VTSI.US,5,20250827,203000,5.94,5.945,5.92,5.92,1188,0
VTSI.US,5,20250827,203500,5.93,5.9385,5.93,5.93,1143,0
VTSI.US,5,20250827,211000,5.93,5.93,5.93,5.93,120,0
VTSI.US,5,20250827,211500,5.92,5.92,5.915,5.915,951,0
VTSI.US,5,20250827,212000,5.9297,5.9297,5.9297,5.9297,375,0
VTSI.US,5,20250827,212500,5.915,5.915,5.915,5.915,100,0
VTSI.US,5,20250827,213000,5.915,5.915,5.915,5.915,100,0
VTSI.US,5,20250827,213500,5.93,6,5.93,6,4312,0
VTSI.US,5,20250827,214000,6.01,6.01,6.01,6.01,137,0
VTSI.US,5,20250827,214500,6.05,6.05,5.96,6.015,1505,0
VTSI.US,5,20250827,215000,6.02,6.02,5.99,6,1595,0
VTSI.US,5,20250827,215500,6.01,6.01,5.95,5.95,7890,0
VTSI.US,5,20250828,153000,5.89,5.9444,5.89,5.9444,1616,0
VTSI.US,5,20250828,153500,5.92,5.92,5.9148,5.9148,282,0
VTSI.US,5,20250828,154500,5.9453,5.9453,5.9453,5.9453,163,0
VTSI.US,5,20250828,155000,5.91,5.91,5.91,5.91,100,0
VTSI.US,5,20250828,160000,5.92,5.92,5.92,5.92,100,0
VTSI.US,5,20250828,162000,5.925,5.925,5.925,5.925,100,0
VTSI.US,5,20250828,162500,5.9452,5.97,5.9427,5.97,1016,0
VTSI.US,5,20250828,163000,5.985,5.985,5.985,5.985,485,0
VTSI.US,5,20250828,164500,5.96,5.99,5.96,5.99,490,0
VTSI.US,5,20250828,165500,5.98,5.98,5.98,5.98,100,0
VTSI.US,5,20250828,173500,6.01,6.07,5.9501,6.05,3400,0
VTSI.US,5,20250828,175500,6.03,6.07,5.9113,6.07,1010,0
VTSI.US,5,20250828,182500,6.05,6.05,6.05,6.05,100,0
VTSI.US,5,20250828,183000,6.059,6.059,6.059,6.059,500,0
VTSI.US,5,20250828,185500,6.05,6.05,6.03,6.03,515,0
VTSI.US,5,20250828,190500,6.0187,6.0187,6.0187,6.0187,100,0
VTSI.US,5,20250828,195500,6.02,6.02,6.02,6.02,100,0
VTSI.US,5,20250828,201500,6.04,6.04,6.04,6.04,356,0
VTSI.US,5,20250828,205500,6.07,6.07,6.07,6.07,393,0
VTSI.US,5,20250828,210500,6.0748,6.0748,6.07,6.07,450,0
VTSI.US,5,20250828,211000,6.05,6.05,6.05,6.05,300,0
VTSI.US,5,20250828,212500,6.02,6.035,6.02,6.03,1912,0
VTSI.US,5,20250828,213500,6.045,6.06,6.045,6.06,705,0
VTSI.US,5,20250828,214000,6.0301,6.0301,6.0301,6.0301,132,0
VTSI.US,5,20250828,214500,6.03,6.08,6.03,6.07,2471,0
VTSI.US,5,20250828,215000,6.075,6.075,6.06,6.06,200,0
VTSI.US,5,20250828,215500,6.03,6.07,6.03,6.06,3683,0
VTSI.US,5,20250829,153000,5.97,5.97,5.97,5.97,296,0
VTSI.US,5,20250829,155000,5.95,5.95,5.95,5.95,100,0
VTSI.US,5,20250829,170500,6.0785,6.0785,6.0785,6.0785,900,0
VTSI.US,5,20250829,171000,5.96,6.025,5.96,6.025,200,0
VTSI.US,5,20250829,171500,5.965,5.965,5.965,5.965,100,0
VTSI.US,5,20250829,172000,6.025,6.025,6.025,6.025,100,0
VTSI.US,5,20250829,173500,6.062299,6.062299,6.062299,6.062299,254,0
VTSI.US,5,20250829,174000,6.06,6.06,6.05,6.05,1300,0
VTSI.US,5,20250829,175000,6.035,6.07,6.035,6.035,400,0
VTSI.US,5,20250829,183500,6.03,6.06,6.03,6.06,1300,0
VTSI.US,5,20250829,184000,6.035,6.035,6.035,6.035,100,0
VTSI.US,5,20250829,194500,6,6,6,6,100,0
VTSI.US,5,20250829,195000,5.98,5.98,5.98,5.98,100,0
VTSI.US,5,20250829,195500,5.99,5.99,5.99,5.99,225,0
VTSI.US,5,20250829,204500,5.97,5.97,5.97,5.97,100,0
VTSI.US,5,20250829,205000,5.9811,5.9811,5.9811,5.9811,122,0
VTSI.US,5,20250829,205500,5.98,5.98,5.98,5.98,100,0
VTSI.US,5,20250829,210000,5.931,5.931,5.931,5.931,632,0
VTSI.US,5,20250829,210500,6,6,6,6,100,0
VTSI.US,5,20250829,211500,5.9501,5.9501,5.9501,5.9501,691,0
VTSI.US,5,20250829,212000,5.99,5.99,5.99,5.99,200,0
VTSI.US,5,20250829,213500,5.97,5.97,5.97,5.97,100,0
VTSI.US,5,20250829,214500,5.98,5.98,5.98,5.98,100,0
VTSI.US,5,20250829,215000,5.96,5.96,5.96,5.96,100,0
VTSI.US,5,20250829,215500,6,6.01,5.98,5.98,2223,0
VTSI.US,5,20250902,153000,6,6,5.8951,5.8951,2339,0
VTSI.US,5,20250902,153500,5.9,5.9,5.9,5.9,100,0
VTSI.US,5,20250902,154500,5.905,5.905,5.905,5.905,100,0
VTSI.US,5,20250902,155000,5.965,5.965,5.965,5.965,320,0
VTSI.US,5,20250902,155500,5.97,5.97,5.97,5.97,100,0
VTSI.US,5,20250902,160000,5.905,5.905,5.905,5.905,100,0
VTSI.US,5,20250902,162500,6.0392,6.0392,6.0392,6.0392,500,0
VTSI.US,5,20250902,163000,5.905,5.905,5.905,5.905,100,0
VTSI.US,5,20250902,163500,5.9106,5.9106,5.9106,5.9106,400,0
VTSI.US,5,20250902,165000,5.91,5.91,5.75,5.8194,2545,0
VTSI.US,5,20250902,170000,5.86,5.865,5.86,5.865,975,0
VTSI.US,5,20250902,170500,5.86,5.86,5.795,5.795,300,0
VTSI.US,5,20250902,171500,5.8616,5.8616,5.8616,5.8616,158,0
VTSI.US,5,20250902,173000,5.6741,5.6741,5.6741,5.6741,100,0
VTSI.US,5,20250902,174500,5.73,5.8428,5.73,5.8428,678,0
VTSI.US,5,20250902,175000,5.7033,5.7045,5.7033,5.7045,2000,0
VTSI.US,5,20250902,175500,5.763,5.763,5.763,5.763,1000,0
VTSI.US,5,20250902,180000,5.76,5.77,5.76,5.77,1100,0
VTSI.US,5,20250902,182500,5.769,5.769,5.72,5.72,2400,0
VTSI.US,5,20250902,183500,5.73,5.73,5.73,5.73,100,0
VTSI.US,5,20250902,190000,5.75,5.75,5.75,5.75,100,0
VTSI.US,5,20250902,191000,5.7501,5.7501,5.7501,5.7501,150,0
VTSI.US,5,20250902,194500,5.76,5.76,5.76,5.76,100,0
VTSI.US,5,20250902,200500,5.77,5.77,5.77,5.77,100,0
VTSI.US,5,20250902,204000,5.7985,5.7985,5.7985,5.7985,100,0
VTSI.US,5,20250902,211000,5.82,5.83,5.82,5.83,300,0
VTSI.US,5,20250902,212500,5.86,5.86,5.86,5.86,100,0
VTSI.US,5,20250902,214000,5.83,5.83,5.83,5.83,100,0
VTSI.US,5,20250902,215000,5.86,5.875,5.86,5.875,432,0
VTSI.US,5,20250902,215500,5.89,5.89,5.825,5.89,1462,0
VTSI.US,5,20250903,153000,5.98,5.98,5.98,5.98,375,0
VTSI.US,5,20250903,153500,5.9224,5.9224,5.73,5.74,1500,0
VTSI.US,5,20250903,154500,5.84,5.84,5.7029,5.7029,200,0
VTSI.US,5,20250903,160000,5.83,5.83,5.83,5.83,100,0
VTSI.US,5,20250903,163000,5.8021,5.8021,5.8021,5.8021,405,0
VTSI.US,5,20250903,163500,5.891,5.891,5.891,5.891,110,0
VTSI.US,5,20250903,164500,5.885,5.885,5.885,5.885,3322,0
VTSI.US,5,20250903,170500,5.8,5.81,5.75,5.75,494,0
VTSI.US,5,20250903,171000,5.8,5.8,5.8,5.8,500,0
VTSI.US,5,20250903,171500,5.71,5.83,5.71,5.83,1300,0
VTSI.US,5,20250903,172000,5.79,5.79,5.79,5.79,100,0
VTSI.US,5,20250903,172500,5.77,5.815,5.76,5.815,1300,0
VTSI.US,5,20250903,173000,5.76,5.82,5.76,5.82,271,0
VTSI.US,5,20250903,173500,5.7696,5.7696,5.7696,5.7696,150,0
VTSI.US,5,20250903,174500,5.76,5.76,5.76,5.76,100,0
VTSI.US,5,20250903,175500,5.8,5.83,5.8,5.83,1000,0
VTSI.US,5,20250903,182000,5.795,5.83,5.795,5.83,742,0
VTSI.US,5,20250903,185500,5.867,5.867,5.867,5.867,200,0
VTSI.US,5,20250903,192000,5.88,5.88,5.88,5.88,100,0
VTSI.US,5,20250903,200000,5.83,5.83,5.83,5.83,200,0
VTSI.US,5,20250903,200500,5.8324,5.8324,5.8324,5.8324,344,0
VTSI.US,5,20250903,202000,5.83,5.83,5.83,5.83,100,0
VTSI.US,5,20250903,202500,5.83,5.84,5.83,5.83,1011,0
VTSI.US,5,20250903,203000,5.8205,5.8205,5.8205,5.8205,800,0
VTSI.US,5,20250903,203500,5.8,5.8,5.8,5.8,100,0
VTSI.US,5,20250903,204000,5.7733,5.8001,5.7733,5.7936,400,0
VTSI.US,5,20250903,204500,5.8,5.8,5.8,5.8,100,0
VTSI.US,5,20250903,205500,5.78,5.79,5.78,5.79,279,0
VTSI.US,5,20250903,210000,5.76,5.88,5.74,5.88,20623,0
VTSI.US,5,20250903,211000,5.875,5.875,5.875,5.875,100,0
VTSI.US,5,20250903,212000,5.9093,5.9093,5.9093,5.9093,500,0
VTSI.US,5,20250903,212500,5.85,5.8501,5.81,5.8402,3163,0
VTSI.US,5,20250903,213000,5.84,5.84,5.84,5.84,400,0
VTSI.US,5,20250903,214500,5.84,5.84,5.84,5.84,200,0
VTSI.US,5,20250903,215500,5.84,5.86,5.84,5.86,300,0
VTSI.US,5,20250904,153000,5.8,5.8,5.75,5.75,432,0
VTSI.US,5,20250904,154000,5.71,5.72,5.71,5.72,200,0
VTSI.US,5,20250904,160000,5.779,5.779,5.779,5.779,3000,0
VTSI.US,5,20250904,161500,5.76,5.76,5.76,5.76,100,0
VTSI.US,5,20250904,163000,5.78,5.78,5.78,5.78,200,0
VTSI.US,5,20250904,164000,5.785,5.8,5.785,5.7859,4803,0
VTSI.US,5,20250904,164500,5.785,5.81,5.785,5.79,1042,0
VTSI.US,5,20250904,165000,5.7926,5.7926,5.77,5.77,755,0
VTSI.US,5,20250904,165500,5.73,5.73,5.73,5.73,100,0
VTSI.US,5,20250904,170500,5.7174,5.7174,5.7174,5.7174,200,0
VTSI.US,5,20250904,171000,5.7713,5.774,5.7713,5.774,545,0
VTSI.US,5,20250904,172000,5.7309,5.7309,5.7309,5.7309,500,0
VTSI.US,5,20250904,173000,5.757102,5.757102,5.757102,5.757102,143,0
VTSI.US,5,20250904,173500,5.75,5.75,5.75,5.75,1600,0
VTSI.US,5,20250904,174500,5.7645,5.7645,5.7645,5.7645,116,0
VTSI.US,5,20250904,175500,5.78,5.8218,5.78,5.8218,579,0
VTSI.US,5,20250904,180000,5.765,5.765,5.765,5.765,100,0
VTSI.US,5,20250904,181500,5.8025,5.8025,5.8025,5.8025,100,0
VTSI.US,5,20250904,183000,5.8,5.8,5.8,5.8,100,0
VTSI.US,5,20250904,184000,5.8282,5.8282,5.73,5.73,400,0
VTSI.US,5,20250904,192000,5.77,5.77,5.77,5.77,400,0
VTSI.US,5,20250904,193000,5.7448,5.7448,5.7448,5.7448,200,0
VTSI.US,5,20250904,200500,5.7674,5.7674,5.7674,5.7674,150,0
VTSI.US,5,20250904,204500,5.82,5.82,5.82,5.82,100,0
VTSI.US,5,20250904,210000,5.81,5.82,5.81,5.82,400,0
VTSI.US,5,20250904,211500,5.79,5.79,5.79,5.79,100,0
VTSI.US,5,20250904,213500,5.81,5.81,5.81,5.81,200,0
VTSI.US,5,20250904,214000,5.81,5.82,5.81,5.82,212,0
VTSI.US,5,20250904,215000,5.79,5.79,5.79,5.79,100,0
VTSI.US,5,20250904,215500,5.8023,5.805,5.79,5.79,735,0
VTSI.US,5,20250905,153000,5.82,6.0606,5.82,6.0606,327,0
VTSI.US,5,20250905,154000,5.925,5.925,5.925,5.925,669,0
VTSI.US,5,20250905,154500,5.923,5.923,5.923,5.923,2000,0
VTSI.US,5,20250905,155000,5.8017,5.8017,5.8017,5.8017,300,0
VTSI.US,5,20250905,160500,5.8,5.8,5.8,5.8,500,0
VTSI.US,5,20250905,163500,5.9891,5.9891,5.9891,5.9891,100,0
VTSI.US,5,20250905,164000,5.8698,5.87,5.8,5.8,900,0
VTSI.US,5,20250905,165500,5.967,5.967,5.967,5.967,100,0
VTSI.US,5,20250905,170500,5.81,5.885,5.81,5.885,200,0
VTSI.US,5,20250905,172000,5.8471,5.8471,5.8471,5.8471,228,0
VTSI.US,5,20250905,173500,5.896,5.896,5.8959,5.8959,300,0
VTSI.US,5,20250905,174000,5.8959,5.8959,5.8959,5.8959,100,0
VTSI.US,5,20250905,180500,5.82,5.93,5.82,5.93,1130,0
VTSI.US,5,20250905,181000,5.99,5.99,5.99,5.99,100,0
VTSI.US,5,20250905,181500,5.91,5.91,5.91,5.91,171,0
VTSI.US,5,20250905,183000,5.915,5.915,5.915,5.915,100,0
VTSI.US,5,20250905,184000,5.9,5.91,5.9,5.91,200,0
VTSI.US,5,20250905,192000,5.903,5.98,5.8612,5.8612,1400,0
VTSI.US,5,20250905,195000,5.98,5.98,5.98,5.98,198,0
VTSI.US,5,20250905,195500,5.875,5.9,5.86,5.9,2640,0
VTSI.US,5,20250905,200000,5.892,5.935,5.87,5.935,2300,0
VTSI.US,5,20250905,210000,5.89,5.89,5.89,5.89,100,0
VTSI.US,5,20250905,211500,5.88,5.88,5.85,5.85,400,0
VTSI.US,5,20250905,215500,5.846,5.846,5.83,5.83,1248,0
VTSI.US,5,20250908,153000,5.77,5.77,5.77,5.77,3147,0
VTSI.US,5,20250908,160000,5.7526,5.7526,5.7526,5.7526,100,0
VTSI.US,5,20250908,161000,5.76,5.81,5.75,5.81,1598,0
VTSI.US,5,20250908,162000,5.72,5.75,5.72,5.74,1412,0
VTSI.US,5,20250908,162500,5.7374,5.75,5.7374,5.75,300,0
VTSI.US,5,20250908,163500,5.7286,5.79,5.7286,5.79,1277,0
VTSI.US,5,20250908,164000,5.75,5.82,5.75,5.82,600,0
VTSI.US,5,20250908,165000,5.76,5.76,5.76,5.76,311,0
VTSI.US,5,20250908,170500,5.76,5.77,5.76,5.77,1100,0
VTSI.US,5,20250908,171000,5.74,5.74,5.72,5.72,200,0
VTSI.US,5,20250908,172000,5.72,5.72,5.72,5.72,100,0
VTSI.US,5,20250908,181000,5.68,5.68,5.68,5.68,100,0
VTSI.US,5,20250908,183000,5.67,5.67,5.67,5.67,100,0
VTSI.US,5,20250908,183500,5.66,5.68,5.66,5.68,2624,0
VTSI.US,5,20250908,184000,5.6828,5.7,5.66,5.7,1100,0
VTSI.US,5,20250908,184500,5.69,5.72,5.6742,5.6742,1449,0
VTSI.US,5,20250908,185000,5.67,5.71,5.66,5.71,2808,0
VTSI.US,5,20250908,195000,5.66,5.66,5.64,5.645,1900,0
VTSI.US,5,20250908,195500,5.65,5.65,5.65,5.65,100,0
VTSI.US,5,20250908,200500,5.66,5.66,5.65,5.65,200,0
VTSI.US,5,20250908,202500,5.67,5.67,5.67,5.67,367,0
VTSI.US,5,20250908,203000,5.67,5.685,5.67,5.685,1133,0
VTSI.US,5,20250908,203500,5.6837,5.6837,5.6837,5.6837,200,0
VTSI.US,5,20250908,204500,5.66,5.66,5.66,5.66,100,0
VTSI.US,5,20250908,205000,5.6899,5.69,5.6899,5.69,1077,0
VTSI.US,5,20250908,205500,5.71,5.77,5.71,5.77,3100,0
VTSI.US,5,20250908,210500,5.745,5.805,5.745,5.79,6644,0
VTSI.US,5,20250908,211000,5.76,5.76,5.76,5.76,100,0
VTSI.US,5,20250908,211500,5.6513,5.715,5.6513,5.715,1249,0
VTSI.US,5,20250908,214500,5.76,5.76,5.76,5.76,100,0
VTSI.US,5,20250908,215000,5.74,5.74,5.685,5.685,532,0
VTSI.US,5,20250908,215500,5.71,5.73,5.71,5.73,611,0
VTSI.US,5,20250909,153000,5.78,5.78,5.75,5.75,3238,0
VTSI.US,5,20250909,153500,5.695,5.72,5.69,5.7,1583,0
VTSI.US,5,20250909,155000,5.72,5.72,5.72,5.72,100,0
VTSI.US,5,20250909,155500,5.7044,5.7044,5.7044,5.7044,201,0
VTSI.US,5,20250909,161000,5.7,5.7,5.7,5.7,100,0
VTSI.US,5,20250909,162500,5.6318,5.6318,5.6318,5.6318,100,0
VTSI.US,5,20250909,170000,5.64,5.64,5.64,5.64,875,0
VTSI.US,5,20250909,171500,5.63,5.63,5.63,5.63,100,0
VTSI.US,5,20250909,174500,5.62,5.655,5.56,5.57,2150,0
VTSI.US,5,20250909,175000,5.63,5.63,5.57,5.57,200,0
VTSI.US,5,20250909,180500,5.6,5.6,5.6,5.6,1200,0
VTSI.US,5,20250909,182000,5.6,5.65,5.6,5.65,300,0
VTSI.US,5,20250909,184000,5.6725,5.6725,5.67,5.67,657,0
VTSI.US,5,20250909,190000,5.65,5.65,5.65,5.65,100,0
VTSI.US,5,20250909,193500,5.655,5.655,5.655,5.655,163,0
VTSI.US,5,20250909,195000,5.61,5.61,5.61,5.61,100,0
VTSI.US,5,20250909,200000,5.65,5.65,5.6405,5.6405,959,0
VTSI.US,5,20250909,200500,5.68,5.68,5.68,5.68,100,0
VTSI.US,5,20250909,204000,5.6209,5.6209,5.6209,5.6209,430,0
VTSI.US,5,20250909,211000,5.63,5.65,5.63,5.65,200,0
VTSI.US,5,20250909,212000,5.63,5.63,5.63,5.63,100,0
VTSI.US,5,20250909,212500,5.65,5.71,5.65,5.7,1880,0
VTSI.US,5,20250909,213000,5.7,5.7,5.7,5.7,107,0
VTSI.US,5,20250909,214000,5.695,5.695,5.69,5.69,200,0
VTSI.US,5,20250909,215500,5.69,5.725,5.68,5.71,1989,0
VTSI.US,5,20250910,153000,5.73,5.73,5.6116,5.6116,2507,0
VTSI.US,5,20250910,153500,5.7793,5.7793,5.7793,5.7793,1500,0
VTSI.US,5,20250910,154000,5.7118,5.7245,5.7118,5.7245,2400,0
VTSI.US,5,20250910,155500,5.73,5.73,5.73,5.73,145,0
VTSI.US,5,20250910,160500,5.7186,5.7186,5.7186,5.7186,100,0
VTSI.US,5,20250910,161500,5.755,5.755,5.755,5.755,200,0
VTSI.US,5,20250910,163500,5.7514,5.7514,5.7514,5.7514,153,0
VTSI.US,5,20250910,164500,5.7101,5.7101,5.7101,5.7101,106,0
VTSI.US,5,20250910,165000,5.715,5.715,5.715,5.715,100,0
VTSI.US,5,20250910,173000,5.72,5.72,5.72,5.72,100,0
VTSI.US,5,20250910,174500,5.71,5.71,5.7,5.7,226,0
VTSI.US,5,20250910,182500,5.68,5.73,5.68,5.73,300,0
VTSI.US,5,20250910,183500,5.6707,5.6707,5.6707,5.6707,200,0
VTSI.US,5,20250910,184000,5.67,5.67,5.63,5.63,4208,0
VTSI.US,5,20250910,185000,5.63,5.63,5.63,5.63,100,0
VTSI.US,5,20250910,191000,5.62,5.63,5.62,5.63,600,0
VTSI.US,5,20250910,192000,5.59,5.59,5.59,5.59,100,0
VTSI.US,5,20250910,194500,5.59,5.59,5.59,5.59,158,0
VTSI.US,5,20250910,195000,5.57,5.57,5.57,5.57,100,0
VTSI.US,5,20250910,200000,5.585,5.585,5.585,5.585,100,0
VTSI.US,5,20250910,201000,5.56,5.56,5.56,5.56,900,0
VTSI.US,5,20250910,201500,5.595,5.595,5.595,5.595,100,0
VTSI.US,5,20250910,203500,5.5899,5.59,5.5899,5.59,3100,0
VTSI.US,5,20250910,204500,5.5508,5.5508,5.5508,5.5508,100,0
VTSI.US,5,20250910,205500,5.554,5.6212,5.554,5.6212,703,0
VTSI.US,5,20250910,210500,5.61,5.62,5.61,5.62,290,0
VTSI.US,5,20250910,212000,5.57,5.57,5.57,5.57,200,0
VTSI.US,5,20250910,214500,5.57,5.57,5.57,5.57,1210,0
VTSI.US,5,20250910,215500,5.57,5.6,5.535,5.57,1995,0
VTSI.US,5,20250911,154500,5.695,5.695,5.695,5.695,100,0
VTSI.US,5,20250911,160500,5.65,5.65,5.65,5.65,350,0
VTSI.US,5,20250911,161500,5.695,5.695,5.695,5.695,300,0
VTSI.US,5,20250911,162000,5.69,5.725,5.69,5.725,458,0
VTSI.US,5,20250911,164000,5.705,5.705,5.705,5.705,500,0
VTSI.US,5,20250911,164500,5.7299,5.7299,5.7299,5.7299,700,0
VTSI.US,5,20250911,165000,5.74,5.74,5.74,5.74,945,0
VTSI.US,5,20250911,173000,5.74,5.77,5.73,5.77,2654,0
VTSI.US,5,20250911,180500,5.79,5.79,5.76,5.76,1300,0
VTSI.US,5,20250911,181000,5.76,5.76,5.75,5.75,1287,0
VTSI.US,5,20250911,182000,5.7103,5.7103,5.7103,5.7103,3000,0
VTSI.US,5,20250911,182500,5.737,5.737,5.737,5.737,1000,0
VTSI.US,5,20250911,183500,5.71,5.71,5.71,5.71,100,0
VTSI.US,5,20250911,184500,5.75,5.75,5.75,5.75,400,0
VTSI.US,5,20250911,185500,5.75,5.75,5.75,5.75,100,0
VTSI.US,5,20250911,190000,5.6857,5.6857,5.6857,5.6857,120,0
VTSI.US,5,20250911,191500,5.79,5.79,5.75,5.76,540,0
VTSI.US,5,20250911,193500,5.76,5.76,5.76,5.76,100,0
VTSI.US,5,20250911,195000,5.75,5.75,5.7152,5.7152,286,0
VTSI.US,5,20250911,195500,5.71,5.71,5.71,5.71,300,0
VTSI.US,5,20250911,202000,5.72,5.72,5.72,5.72,100,0
VTSI.US,5,20250911,203500,5.73,5.7321,5.73,5.7321,200,0
VTSI.US,5,20250911,215000,5.6724,5.6724,5.6724,5.6724,500,0
VTSI.US,5,20250911,215500,5.7,5.7,5.63,5.63,1726,0
VTSI.US,5,20250912,153000,5.69,5.69,5.69,5.69,394,0
VTSI.US,5,20250912,162000,5.6681,5.6681,5.58,5.59,1853,0
VTSI.US,5,20250912,164000,5.59,5.6,5.51,5.51,703,0
VTSI.US,5,20250912,165500,5.55,5.59,5.54,5.54,1000,0
VTSI.US,5,20250912,170500,5.5419,5.5419,5.5419,5.5419,100,0
VTSI.US,5,20250912,171000,5.5446,5.5686,5.5446,5.5686,300,0
VTSI.US,5,20250912,173500,5.575,5.575,5.575,5.575,100,0
VTSI.US,5,20250912,174500,5.575,5.575,5.575,5.575,300,0
VTSI.US,5,20250912,175000,5.5785,5.5785,5.5785,5.5785,200,0
VTSI.US,5,20250912,184500,5.58,5.58,5.58,5.58,100,0
VTSI.US,5,20250912,185500,5.565,5.565,5.565,5.565,900,0
VTSI.US,5,20250912,192500,5.56,5.56,5.56,5.56,180,0
VTSI.US,5,20250912,193500,5.572,5.572,5.572,5.572,200,0
VTSI.US,5,20250912,194000,5.572,5.59,5.572,5.59,1100,0
VTSI.US,5,20250912,201500,5.61,5.61,5.61,5.61,135,0
VTSI.US,5,20250912,202000,5.61,5.61,5.61,5.61,689,0
VTSI.US,5,20250912,202500,5.62,5.62,5.62,5.62,100,0
VTSI.US,5,20250912,205500,5.605,5.62,5.605,5.62,200,0
VTSI.US,5,20250912,211000,5.5802,5.5802,5.5802,5.5802,1124,0
VTSI.US,5,20250912,211500,5.605,5.605,5.605,5.605,710,0
VTSI.US,5,20250912,212000,5.58,5.58,5.5619,5.5619,1226,0
VTSI.US,5,20250912,213000,5.585,5.585,5.5601,5.5601,5454,0
VTSI.US,5,20250912,214000,5.57,5.57,5.57,5.57,200,0
VTSI.US,5,20250912,215000,5.595,5.595,5.575,5.575,500,0
VTSI.US,5,20250912,215500,5.57,5.58,5.563,5.58,1071,0
VTSI.US,5,20250915,153000,5.64,5.76,5.64,5.7592,4458,0
VTSI.US,5,20250915,153500,5.7369,5.7369,5.6885,5.6885,3000,0
VTSI.US,5,20250915,154000,5.73,5.73,5.73,5.73,100,0
VTSI.US,5,20250915,154500,5.675,5.675,5.675,5.675,300,0
VTSI.US,5,20250915,155000,5.675,5.76,5.675,5.75,4932,0
VTSI.US,5,20250915,155500,5.7,5.7,5.7,5.7,358,0
VTSI.US,5,20250915,160500,5.8199,5.8199,5.8199,5.8199,800,0
VTSI.US,5,20250915,161500,5.73,5.73,5.7,5.7,1008,0
VTSI.US,5,20250915,163000,5.7599,5.7599,5.7599,5.7599,1250,0
VTSI.US,5,20250915,163500,5.77,5.805,5.74,5.805,1542,0
VTSI.US,5,20250915,170000,5.69,5.69,5.69,5.69,125,0
VTSI.US,5,20250915,174000,5.6672,5.6672,5.6672,5.6672,100,0
VTSI.US,5,20250915,175000,5.7208,5.7208,5.715,5.715,417,0
VTSI.US,5,20250915,180500,5.72,5.72,5.72,5.72,111,0
VTSI.US,5,20250915,182000,5.72,5.72,5.72,5.72,200,0
VTSI.US,5,20250915,182500,5.685,5.685,5.685,5.685,100,0
VTSI.US,5,20250915,183000,5.695,5.695,5.695,5.695,100,0
VTSI.US,5,20250915,183500,5.7,5.7,5.68,5.68,250,0
VTSI.US,5,20250915,184000,5.7,5.7016,5.7,5.7016,2000,0
VTSI.US,5,20250915,184500,5.69,5.69,5.69,5.69,100,0
VTSI.US,5,20250915,190000,5.7094,5.7094,5.7094,5.7094,600,0
VTSI.US,5,20250915,190500,5.7141,5.7141,5.7141,5.7141,200,0
VTSI.US,5,20250915,191500,5.7,5.7,5.7,5.7,200,0
VTSI.US,5,20250915,192000,5.68,5.71,5.68,5.71,627,0
VTSI.US,5,20250915,193000,5.695,5.695,5.6875,5.6875,200,0
VTSI.US,5,20250915,194000,5.6601,5.6601,5.6601,5.6601,180,0
VTSI.US,5,20250915,195000,5.71,5.7797,5.71,5.7797,1000,0
VTSI.US,5,20250915,195500,5.72,5.735,5.68,5.69,844,0
VTSI.US,5,20250915,200000,5.7148,5.7148,5.67,5.67,1400,0
VTSI.US,5,20250915,201500,5.66,5.7,5.66,5.7,863,0
VTSI.US,5,20250915,205000,5.6688,5.6688,5.6688,5.6688,489,0
VTSI.US,5,20250915,210000,5.66,5.7,5.64,5.65,1275,0
VTSI.US,5,20250915,211000,5.69,5.69,5.64,5.64,3126,0
VTSI.US,5,20250915,212000,5.665,5.665,5.59,5.59,6552,0
VTSI.US,5,20250915,212500,5.59,5.61,5.59,5.6,600,0
VTSI.US,5,20250915,213000,5.64,5.64,5.64,5.64,100,0
VTSI.US,5,20250915,213500,5.65,5.65,5.65,5.65,100,0
VTSI.US,5,20250915,214000,5.63,5.68,5.63,5.63,3304,0
VTSI.US,5,20250915,214500,5.614,5.614,5.614,5.614,1000,0
VTSI.US,5,20250915,215500,5.64,5.73,5.62,5.73,1138,0
VTSI.US,5,20250916,153000,5.62,5.62,5.62,5.62,1438,0
VTSI.US,5,20250916,153500,5.6665,5.6665,5.5886,5.5886,2054,0
VTSI.US,5,20250916,160000,5.6261,5.6261,5.59,5.59,1100,0
VTSI.US,5,20250916,160500,5.56,5.57,5.56,5.57,3267,0
VTSI.US,5,20250916,162500,5.525,5.525,5.525,5.525,100,0
VTSI.US,5,20250916,163000,5.510078,5.53,5.510078,5.52,800,0
VTSI.US,5,20250916,164500,5.545,5.545,5.545,5.545,100,0
VTSI.US,5,20250916,165000,5.54,5.54,5.54,5.54,100,0
VTSI.US,5,20250916,165500,5.54,5.54,5.535,5.535,355,0
VTSI.US,5,20250916,172500,5.56,5.56,5.56,5.56,100,0
VTSI.US,5,20250916,173000,5.54,5.5509,5.54,5.5509,200,0
VTSI.US,5,20250916,175000,5.54,5.55,5.54,5.545,1263,0
VTSI.US,5,20250916,182000,5.54,5.54,5.5,5.5,6801,0
VTSI.US,5,20250916,182500,5.46,5.46,5.41,5.41,790,0
VTSI.US,5,20250916,183000,5.42,5.42,5.41,5.41,511,0
VTSI.US,5,20250916,183500,5.4931,5.4931,5.4931,5.4931,100,0
VTSI.US,5,20250916,184000,5.46,5.46,5.46,5.46,2100,0
VTSI.US,5,20250916,184500,5.4954,5.4954,5.4954,5.4954,200,0
VTSI.US,5,20250916,185000,5.46,5.46,5.46,5.46,136,0
VTSI.US,5,20250916,190000,5.46,5.46,5.455,5.46,402,0
VTSI.US,5,20250916,190500,5.4476,5.4476,5.41,5.41,328,0
VTSI.US,5,20250916,191000,5.41,5.435,5.41,5.435,200,0
VTSI.US,5,20250916,191500,5.435,5.5,5.435,5.5,700,0
VTSI.US,5,20250916,192000,5.5,5.5,5.5,5.5,100,0
VTSI.US,5,20250916,192500,5.5,5.5,5.5,5.5,100,0
VTSI.US,5,20250916,194500,5.5,5.5,5.5,5.5,100,0
VTSI.US,5,20250916,195000,5.5,5.5,5.5,5.5,100,0
VTSI.US,5,20250916,195500,5.5014,5.5014,5.5002,5.5002,268,0
VTSI.US,5,20250916,200500,5.5123,5.5123,5.5123,5.5123,2000,0
VTSI.US,5,20250916,201000,5.5,5.5,5.5,5.5,100,0
VTSI.US,5,20250916,201500,5.51,5.51,5.51,5.51,1000,0
VTSI.US,5,20250916,202500,5.495,5.495,5.495,5.495,272,0
VTSI.US,5,20250916,203000,5.51,5.51,5.5,5.5,400,0
VTSI.US,5,20250916,203500,5.515,5.515,5.515,5.515,435,0
VTSI.US,5,20250916,204500,5.51,5.51,5.51,5.51,100,0
VTSI.US,5,20250916,205000,5.5,5.5,5.49,5.49,267,0
VTSI.US,5,20250916,210000,5.52,5.52,5.505,5.505,300,0
VTSI.US,5,20250916,212000,5.5,5.5,5.5,5.5,100,0
VTSI.US,5,20250916,213000,5.5,5.5,5.49,5.5,4162,0
VTSI.US,5,20250916,213500,5.5,5.51,5.5,5.51,226,0
VTSI.US,5,20250916,214000,5.525,5.59,5.525,5.55,4100,0
VTSI.US,5,20250916,214500,5.55,5.55,5.545,5.545,200,0
VTSI.US,5,20250916,215000,5.555,5.555,5.54,5.54,400,0
VTSI.US,5,20250916,215500,5.565,5.565,5.514,5.52,1270,0
VTSI.US,5,20250917,153000,5.52,5.61,5.52,5.61,1133,0
VTSI.US,5,20250917,153500,5.5951,5.5951,5.595,5.595,1346,0
VTSI.US,5,20250917,154000,5.5,5.5,5.5,5.5,120,0
VTSI.US,5,20250917,154500,5.47,5.47,5.47,5.47,790,0
VTSI.US,5,20250917,155000,5.4644,5.54,5.4644,5.535,1705,0
VTSI.US,5,20250917,160500,5.46,5.46,5.46,5.46,940,0
VTSI.US,5,20250917,161000,5.495,5.5,5.495,5.5,300,0
VTSI.US,5,20250917,161500,5.5,5.5,5.5,5.5,500,0
VTSI.US,5,20250917,162000,5.5,5.5,5.5,5.5,100,0
VTSI.US,5,20250917,162500,5.5,5.5,5.5,5.5,100,0
VTSI.US,5,20250917,163000,5.4401,5.545,5.4401,5.545,1448,0
VTSI.US,5,20250917,164000,5.5,5.5,5.5,5.5,100,0
VTSI.US,5,20250917,164500,5.505,5.505,5.505,5.505,100,0
VTSI.US,5,20250917,165500,5.55,5.55,5.55,5.55,100,0
VTSI.US,5,20250917,171000,5.5,5.5,5.5,5.5,100,0
VTSI.US,5,20250917,171500,5.506,5.56,5.4412,5.56,2525,0
VTSI.US,5,20250917,172000,5.5,5.5,5.5,5.5,100,0
VTSI.US,5,20250917,173000,5.515,5.6,5.515,5.54,855,0
VTSI.US,5,20250917,174500,5.5109,5.555,5.51,5.555,1000,0
VTSI.US,5,20250917,175000,5.595,5.595,5.595,5.595,100,0
VTSI.US,5,20250917,180000,5.52,5.52,5.52,5.52,100,0
VTSI.US,5,20250917,181000,5.56,5.56,5.54,5.54,500,0
VTSI.US,5,20250917,181500,5.53,5.53,5.53,5.53,800,0
VTSI.US,5,20250917,182000,5.53,5.53,5.53,5.53,100,0
VTSI.US,5,20250917,183500,5.53,5.53,5.53,5.53,100,0
VTSI.US,5,20250917,184000,5.51,5.51,5.51,5.51,100,0
VTSI.US,5,20250917,185500,5.51,5.55,5.51,5.55,578,0
VTSI.US,5,20250917,190000,5.55,5.55,5.53,5.53,200,0
VTSI.US,5,20250917,192000,5.5,5.51,5.4725,5.48,645,0
VTSI.US,5,20250917,194500,5.5199,5.5199,5.45,5.51,3900,0
VTSI.US,5,20250917,195000,5.51,5.51,5.51,5.51,100,0
VTSI.US,5,20250917,195500,5.46,5.46,5.46,5.46,100,0
VTSI.US,5,20250917,200000,5.52,5.59,5.52,5.59,4392,0
VTSI.US,5,20250917,200500,5.53,5.5415,5.53,5.5415,1600,0
VTSI.US,5,20250917,201000,5.59,5.59,5.47,5.47,200,0
VTSI.US,5,20250917,201500,5.47,5.47,5.47,5.47,100,0
VTSI.US,5,20250917,202000,5.45,5.45,5.45,5.45,100,0
VTSI.US,5,20250917,203000,5.5,5.5,5.43,5.43,325,0
VTSI.US,5,20250917,203500,5.47,5.47,5.43,5.43,2050,0
VTSI.US,5,20250917,204000,5.43,5.4505,5.4,5.4,4400,0
VTSI.US,5,20250917,204500,5.4,5.42,5.4,5.42,500,0
VTSI.US,5,20250917,205000,5.4,5.4,5.3372,5.36,1835,0
VTSI.US,5,20250917,205500,5.35,5.35,5.35,5.35,200,0
VTSI.US,5,20250917,210000,5.4,5.445,5.395,5.43,1650,0
VTSI.US,5,20250917,210500,5.4819,5.4819,5.4819,5.4819,245,0
VTSI.US,5,20250917,211000,5.445,5.445,5.395,5.395,488,0
VTSI.US,5,20250917,211500,5.38,5.42,5.38,5.42,1013,0
VTSI.US,5,20250917,212000,5.385,5.4414,5.385,5.415,770,0
VTSI.US,5,20250917,213000,5.405,5.405,5.39,5.39,200,0
VTSI.US,5,20250917,213500,5.39,5.455,5.39,5.455,5507,0
VTSI.US,5,20250917,214000,5.405,5.415,5.405,5.415,200,0
VTSI.US,5,20250917,214500,5.375,5.415,5.375,5.415,300,0
VTSI.US,5,20250917,215000,5.38,5.405,5.355,5.355,900,0
VTSI.US,5,20250917,215500,5.36,5.38,5.35,5.35,5320,0
VTSI.US,5,20250918,153000,5.41,5.41,5.41,5.41,915,0
VTSI.US,5,20250918,154000,5.51,5.51,5.51,5.51,370,0
VTSI.US,5,20250918,155000,5.49,5.49,5.49,5.49,100,0
VTSI.US,5,20250918,155500,5.46,5.46,5.46,5.46,100,0
VTSI.US,5,20250918,160500,5.46,5.525,5.46,5.525,200,0
VTSI.US,5,20250918,161000,5.5309,5.5309,5.5309,5.5309,200,0
VTSI.US,5,20250918,161500,5.46,5.46,5.46,5.46,100,0
VTSI.US,5,20250918,162000,5.46,5.46,5.46,5.46,100,0
VTSI.US,5,20250918,162500,5.48,5.49,5.47,5.47,400,0
VTSI.US,5,20250918,163000,5.465,5.465,5.465,5.465,100,0
VTSI.US,5,20250918,163500,5.51,5.51,5.51,5.51,100,0
VTSI.US,5,20250918,164000,5.485,5.51,5.4618,5.51,937,0
VTSI.US,5,20250918,164500,5.4648,5.4648,5.4648,5.4648,300,0
VTSI.US,5,20250918,165000,5.5253,5.5253,5.5253,5.5253,100,0
VTSI.US,5,20250918,165500,5.46,5.46,5.46,5.46,100,0
VTSI.US,5,20250918,170000,5.465,5.465,5.465,5.465,100,0
VTSI.US,5,20250918,170500,5.47,5.5,5.47,5.49,1618,0
VTSI.US,5,20250918,171500,5.5,5.5,5.465,5.48,300,0
VTSI.US,5,20250918,172000,5.48,5.4972,5.48,5.48,400,0
VTSI.US,5,20250918,172500,5.46,5.46,5.46,5.46,100,0
VTSI.US,5,20250918,173000,5.46,5.46,5.46,5.46,100,0
VTSI.US,5,20250918,173500,5.5,5.5,5.465,5.465,240,0
VTSI.US,5,20250918,174000,5.46,5.46,5.46,5.46,100,0
VTSI.US,5,20250918,175000,5.46,5.46,5.46,5.46,100,0
VTSI.US,5,20250918,175500,5.46,5.46,5.46,5.46,100,0
VTSI.US,5,20250918,180000,5.49,5.5148,5.49,5.5148,500,0
VTSI.US,5,20250918,180500,5.49,5.5297,5.49,5.5297,385,0
VTSI.US,5,20250918,181000,5.46,5.46,5.46,5.46,100,0
VTSI.US,5,20250918,181500,5.46,5.46,5.46,5.46,100,0
VTSI.US,5,20250918,182500,5.46,5.46,5.46,5.46,100,0
VTSI.US,5,20250918,183000,5.51,5.53,5.505,5.505,1800,0
VTSI.US,5,20250918,184000,5.475,5.475,5.475,5.475,100,0
VTSI.US,5,20250918,184500,5.5,5.5,5.5,5.5,100,0
VTSI.US,5,20250918,185000,5.52,5.52,5.48,5.48,2300,0
VTSI.US,5,20250918,190000,5.48,5.53,5.48,5.53,1764,0
VTSI.US,5,20250918,191000,5.51,5.51,5.465,5.465,600,0
VTSI.US,5,20250918,191500,5.47,5.47,5.47,5.47,100,0
VTSI.US,5,20250918,192000,5.49,5.49,5.49,5.49,100,0
VTSI.US,5,20250918,192500,5.51,5.52,5.5,5.5,564,0
VTSI.US,5,20250918,193000,5.505,5.505,5.505,5.505,525,0
VTSI.US,5,20250918,193500,5.49,5.495,5.49,5.495,393,0
VTSI.US,5,20250918,194000,5.5,5.515,5.5,5.515,666,0
VTSI.US,5,20250918,194500,5.53,5.53,5.53,5.53,200,0
VTSI.US,5,20250918,195500,5.5,5.5,5.5,5.5,100,0
VTSI.US,5,20250918,200000,5.51,5.51,5.51,5.51,100,0
VTSI.US,5,20250918,200500,5.57,5.58,5.54,5.54,604,0
VTSI.US,5,20250918,201000,5.54,5.54,5.54,5.54,364,0
VTSI.US,5,20250918,201500,5.455,5.455,5.455,5.455,100,0
VTSI.US,5,20250918,202000,5.46,5.4607,5.46,5.4607,375,0
VTSI.US,5,20250918,202500,5.46,5.46,5.46,5.46,100,0
VTSI.US,5,20250918,203000,5.52,5.52,5.48,5.48,300,0
VTSI.US,5,20250918,205000,5.49,5.49,5.49,5.49,100,0
VTSI.US,5,20250918,205500,5.505,5.52,5.505,5.505,758,0
VTSI.US,5,20250918,210500,5.51,5.51,5.505,5.505,200,0
VTSI.US,5,20250918,211000,5.5,5.5,5.5,5.5,100,0
VTSI.US,5,20250918,211500,5.52,5.52,5.52,5.52,203,0
VTSI.US,5,20250918,213000,5.525,5.525,5.525,5.525,100,0
VTSI.US,5,20250918,213500,5.5271,5.5271,5.52,5.52,300,0
VTSI.US,5,20250918,214000,5.52,5.52,5.51,5.51,200,0
VTSI.US,5,20250918,214500,5.53,5.53,5.53,5.53,100,0
VTSI.US,5,20250918,215000,5.535,5.57,5.535,5.57,1586,0
VTSI.US,5,20250918,215500,5.56,5.57451,5.54,5.54,734,0
VTSI.US,5,20250919,153000,5.6,5.6,5.6,5.6,142,0
VTSI.US,5,20250919,153500,5.52,5.52,5.47,5.47,400,0
VTSI.US,5,20250919,160500,5.5685,5.5685,5.5,5.5,1952,0
VTSI.US,5,20250919,162000,5.516,5.516,5.4801,5.4801,2000,0
VTSI.US,5,20250919,163000,5.47,5.47,5.46,5.46,1766,0
VTSI.US,5,20250919,163500,5.46,5.46,5.46,5.46,100,0
VTSI.US,5,20250919,164500,5.475,5.5093,5.475,5.5093,880,0
VTSI.US,5,20250919,165000,5.44,5.44,5.44,5.44,100,0
VTSI.US,5,20250919,170000,5.475,5.5,5.475,5.5,1138,0
VTSI.US,5,20250919,172500,5.44,5.44,5.43,5.44,980,0
VTSI.US,5,20250919,173000,5.43,5.43,5.43,5.43,2025,0
VTSI.US,5,20250919,174000,5.41,5.44,5.41,5.41,900,0
VTSI.US,5,20250919,174500,5.43,5.48,5.43,5.48,3100,0
VTSI.US,5,20250919,180000,5.5,5.5,5.47,5.47,2200,0
VTSI.US,5,20250919,180500,5.5,5.5,5.5,5.5,200,0
VTSI.US,5,20250919,181000,5.4628,5.4628,5.4628,5.4628,793,0
VTSI.US,5,20250919,185500,5.47,5.47,5.47,5.47,100,0
VTSI.US,5,20250919,191500,5.455,5.455,5.455,5.455,300,0
VTSI.US,5,20250919,192000,5.455,5.455,5.455,5.455,100,0
VTSI.US,5,20250919,192500,5.45,5.455,5.45,5.455,936,0
VTSI.US,5,20250919,193000,5.4529,5.455,5.4529,5.455,384,0
VTSI.US,5,20250919,193500,5.44,5.44,5.44,5.44,100,0
VTSI.US,5,20250919,194500,5.45,5.465,5.45,5.465,400,0
VTSI.US,5,20250919,201000,5.45,5.45,5.45,5.45,300,0
VTSI.US,5,20250919,203000,5.43,5.43,5.43,5.43,700,0
VTSI.US,5,20250919,210000,5.44,5.44,5.44,5.44,100,0
VTSI.US,5,20250919,211000,5.44,5.44,5.42,5.42,200,0
VTSI.US,5,20250919,212000,5.41,5.4294,5.38,5.38,2475,0
VTSI.US,5,20250919,212500,5.3739,5.41,5.3739,5.39,4485,0
VTSI.US,5,20250919,213000,5.39,5.4,5.39,5.4,200,0
VTSI.US,5,20250919,213500,5.41,5.435,5.41,5.435,700,0
VTSI.US,5,20250919,214500,5.405,5.43,5.405,5.43,600,0
VTSI.US,5,20250919,215000,5.42,5.42,5.42,5.42,100,0
VTSI.US,5,20250919,215500,5.405,5.42,5.37,5.37,13375,0
VTSI.US,5,20250922,153000,5.4,5.4,5.4,5.4,1089,0
VTSI.US,5,20250922,154000,5.446,5.4884,5.425,5.45,2400,0
VTSI.US,5,20250922,154500,5.4,5.4,5.4,5.4,896,0
VTSI.US,5,20250922,155000,5.44,5.44,5.44,5.44,300,0
VTSI.US,5,20250922,155500,5.44,5.44,5.395,5.395,1619,0
VTSI.US,5,20250922,160000,5.4135,5.4135,5.4135,5.4135,100,0
VTSI.US,5,20250922,160500,5.4039,5.46,5.39,5.425,1100,0
VTSI.US,5,20250922,161000,5.425,5.46,5.42,5.42,1800,0
VTSI.US,5,20250922,161500,5.4175,5.4175,5.4175,5.4175,100,0
VTSI.US,5,20250922,162000,5.4,5.4151,5.39,5.405,2336,0
VTSI.US,5,20250922,162500,5.39,5.3932,5.39,5.3932,2336,0
VTSI.US,5,20250922,165000,5.31,5.31,5.31,5.31,100,0
VTSI.US,5,20250922,170000,5.32,5.34,5.32,5.33,649,0
VTSI.US,5,20250922,170500,5.331,5.331,5.331,5.331,113,0
VTSI.US,5,20250922,171000,5.33,5.33,5.3289,5.3289,300,0
VTSI.US,5,20250922,171500,5.35,5.35,5.35,5.35,300,0
VTSI.US,5,20250922,172000,5.345,5.345,5.3276,5.3276,500,0
VTSI.US,5,20250922,173500,5.35,5.35,5.32,5.32,4470,0
VTSI.US,5,20250922,174000,5.33,5.34,5.33,5.34,1016,0
VTSI.US,5,20250922,180000,5.33,5.33,5.33,5.33,1000,0
VTSI.US,5,20250922,181000,5.3301,5.3301,5.3301,5.3301,320,0
VTSI.US,5,20250922,183000,5.33,5.33,5.33,5.33,100,0
VTSI.US,5,20250922,183500,5.3652,5.3652,5.3652,5.3652,187,0
VTSI.US,5,20250922,184000,5.3442,5.35,5.3442,5.35,4640,0
VTSI.US,5,20250922,184500,5.35,5.37,5.35,5.36,632,0
VTSI.US,5,20250922,185000,5.35,5.35,5.35,5.35,100,0
VTSI.US,5,20250922,190000,5.36,5.36,5.3435,5.3435,1393,0
VTSI.US,5,20250922,191500,5.34,5.34,5.34,5.34,100,0
VTSI.US,5,20250922,192000,5.36,5.36,5.35,5.36,500,0
VTSI.US,5,20250922,193000,5.3468,5.37,5.3468,5.367,800,0
VTSI.US,5,20250922,193500,5.35,5.35,5.35,5.35,100,0
VTSI.US,5,20250922,195000,5.36,5.36,5.36,5.36,200,0
VTSI.US,5,20250922,201500,5.36,5.36,5.36,5.36,969,0
VTSI.US,5,20250922,203000,5.35,5.35,5.35,5.35,100,0
VTSI.US,5,20250922,204500,5.34,5.34,5.32,5.32,3752,0
VTSI.US,5,20250922,205000,5.33,5.35,5.33,5.35,1385,0
VTSI.US,5,20250922,205500,5.3528,5.3528,5.33,5.35,3529,0
VTSI.US,5,20250922,210000,5.35,5.35,5.33,5.34,1100,0
VTSI.US,5,20250922,211000,5.365,5.365,5.35,5.35,2475,0
VTSI.US,5,20250922,211500,5.3668,5.3668,5.365,5.365,2100,0
VTSI.US,5,20250922,212000,5.37,5.445,5.37,5.445,784,0
VTSI.US,5,20250922,213500,5.41,5.44,5.41,5.41,600,0
VTSI.US,5,20250922,214500,5.46,5.46,5.46,5.46,100,0
VTSI.US,5,20250922,215000,5.43,5.44,5.43,5.44,270,0
VTSI.US,5,20250922,215500,5.418,5.45,5.4,5.4,2992,0
VTSI.US,5,20250923,153000,5.3801,5.3801,5.3801,5.3801,151,0
VTSI.US,5,20250923,153500,5.45,5.45,5.45,5.45,500,0
VTSI.US,5,20250923,154000,5.3922,5.3922,5.3922,5.3922,204,0
VTSI.US,5,20250923,155000,5.45,5.47,5.45,5.47,952,0
VTSI.US,5,20250923,161000,5.445,5.445,5.445,5.445,100,0
VTSI.US,5,20250923,162500,5.4033,5.4033,5.4033,5.4033,560,0
VTSI.US,5,20250923,163000,5.445,5.445,5.445,5.445,300,0
VTSI.US,5,20250923,164500,5.4,5.4,5.391,5.391,342,0
VTSI.US,5,20250923,165500,5.4454,5.4454,5.4,5.4,600,0
VTSI.US,5,20250923,170000,5.49,5.49,5.49,5.49,250,0
VTSI.US,5,20250923,171000,5.45,5.45,5.41,5.43,1700,0
VTSI.US,5,20250923,172500,5.43,5.43,5.43,5.43,150,0
VTSI.US,5,20250923,173000,5.44,5.44,5.44,5.44,100,0
VTSI.US,5,20250923,175000,5.44,5.44,5.44,5.44,200,0
VTSI.US,5,20250923,175500,5.43,5.44,5.425,5.44,1490,0
VTSI.US,5,20250923,180000,5.4301,5.4301,5.4301,5.4301,819,0
VTSI.US,5,20250923,180500,5.41,5.41,5.41,5.41,100,0
VTSI.US,5,20250923,181500,5.44,5.44,5.44,5.44,706,0
VTSI.US,5,20250923,182000,5.435,5.435,5.41,5.41,300,0
VTSI.US,5,20250923,182500,5.42,5.42,5.42,5.42,100,0
VTSI.US,5,20250923,183000,5.46,5.46,5.46,5.46,100,0
VTSI.US,5,20250923,183500,5.4374,5.46,5.4374,5.44,1584,0
VTSI.US,5,20250923,184000,5.42,5.45,5.42,5.45,1300,0
VTSI.US,5,20250923,184500,5.46,5.47,5.46,5.47,200,0
VTSI.US,5,20250923,185500,5.48,5.5,5.48,5.485,1904,0
VTSI.US,5,20250923,190500,5.4841,5.4841,5.4841,5.4841,160,0
VTSI.US,5,20250923,191000,5.4895,5.4895,5.485,5.4859,839,0
VTSI.US,5,20250923,191500,5.4737,5.485,5.4737,5.485,530,0
VTSI.US,5,20250923,193000,5.485,5.485,5.485,5.485,200,0
VTSI.US,5,20250923,193500,5.48,5.48,5.475,5.475,672,0
VTSI.US,5,20250923,194000,5.45,5.465,5.45,5.465,200,0
VTSI.US,5,20250923,200500,5.48,5.48,5.48,5.48,100,0
VTSI.US,5,20250923,202000,5.5,5.5,5.48,5.49,757,0
VTSI.US,5,20250923,202500,5.48,5.48,5.48,5.48,100,0
VTSI.US,5,20250923,210000,5.48,5.48,5.48,5.48,300,0
VTSI.US,5,20250923,211500,5.49,5.49,5.49,5.49,200,0
VTSI.US,5,20250923,212000,5.4999,5.4999,5.4999,5.4999,347,0
VTSI.US,5,20250923,213000,5.47,5.49,5.47,5.49,300,0
VTSI.US,5,20250923,214000,5.49,5.505,5.49,5.505,521,0
VTSI.US,5,20250923,215000,5.53,5.575,5.53,5.57,1170,0
VTSI.US,5,20250923,215500,5.59,5.6,5.565,5.59,2232,0
VTSI.US,5,20250924,153000,5.54,5.57,5.5201,5.5201,3206,0
VTSI.US,5,20250924,153500,5.5773,5.5773,5.5773,5.5773,100,0
VTSI.US,5,20250924,154000,5.56,5.56,5.55,5.55,783,0
VTSI.US,5,20250924,154500,5.59,5.59,5.59,5.59,2531,0
VTSI.US,5,20250924,155000,5.614,5.614,5.614,5.614,300,0
VTSI.US,5,20250924,160000,5.6199,5.62,5.6199,5.62,1288,0
VTSI.US,5,20250924,160500,5.57,5.57,5.57,5.57,700,0
VTSI.US,5,20250924,165000,5.6099,5.6099,5.6099,5.6099,1000,0
VTSI.US,5,20250924,171000,5.58,5.58,5.57,5.57,742,0
VTSI.US,5,20250924,174000,5.56,5.56,5.55,5.55,604,0
VTSI.US,5,20250924,175000,5.535,5.535,5.46,5.46,1554,0
VTSI.US,5,20250924,180500,5.5,5.5,5.5,5.5,200,0
VTSI.US,5,20250924,183500,5.5265,5.5265,5.5265,5.5265,100,0
VTSI.US,5,20250924,184000,5.4914,5.4914,5.4914,5.4914,2000,0
VTSI.US,5,20250924,185000,5.4908,5.4908,5.49,5.49,1100,0
VTSI.US,5,20250924,190500,5.4744,5.4744,5.325,5.325,12842,0
VTSI.US,5,20250924,191000,5.35,5.35,5.35,5.35,1932,0
VTSI.US,5,20250924,192000,5.37,5.37,5.34,5.3454,2347,0
VTSI.US,5,20250924,192500,5.3497,5.35,5.325,5.35,1400,0
VTSI.US,5,20250924,193500,5.4,5.4,5.4,5.4,100,0
VTSI.US,5,20250924,195500,5.35,5.35,5.35,5.35,1200,0
VTSI.US,5,20250924,201000,5.4251,5.4251,5.4251,5.4251,1462,0
VTSI.US,5,20250924,202500,5.43,5.43,5.43,5.43,1000,0
VTSI.US,5,20250924,212000,5.37,5.37,5.365,5.37,664,0
VTSI.US,5,20250924,213000,5.3818,5.3818,5.3818,5.3818,150,0
VTSI.US,5,20250924,213500,5.4414,5.4414,5.4414,5.4414,299,0
VTSI.US,5,20250924,214500,5.4134,5.4134,5.4134,5.4134,550,0
VTSI.US,5,20250924,215000,5.436,5.47,5.43,5.45,1700,0
VTSI.US,5,20250924,215500,5.45,5.49,5.4,5.49,1929,0
VTSI.US,5,20250925,153000,5.51,5.51,5.51,5.51,1623,0
VTSI.US,5,20250925,160000,5.48,5.48,5.48,5.48,300,0
VTSI.US,5,20250925,162500,5.5,5.5,5.5,5.5,827,0
VTSI.US,5,20250925,174000,5.465,5.465,5.465,5.465,100,0
VTSI.US,5,20250925,180500,5.4746,5.4746,5.4746,5.4746,1200,0
VTSI.US,5,20250925,181500,5.480578,5.480578,5.469421,5.469421,580,0
VTSI.US,5,20250925,184000,5.48,5.48,5.48,5.48,300,0
VTSI.US,5,20250925,190000,5.48,5.48,5.48,5.48,600,0
VTSI.US,5,20250925,190500,5.49,5.495,5.49,5.495,200,0
VTSI.US,5,20250925,191000,5.51,5.51,5.51,5.51,100,0
VTSI.US,5,20250925,192000,5.5,5.5,5.5,5.5,200,0
VTSI.US,5,20250925,192500,5.5,5.5,5.5,5.5,500,0
VTSI.US,5,20250925,194500,5.5,5.5,5.5,5.5,200,0
VTSI.US,5,20250925,200000,5.5,5.5,5.495,5.495,400,0
VTSI.US,5,20250925,210000,5.505,5.505,5.505,5.505,351,0
VTSI.US,5,20250925,214000,5.5,5.5,5.44,5.45,2254,0
VTSI.US,5,20250925,215000,5.45,5.47,5.45,5.46,1099,0
VTSI.US,5,20250925,215500,5.4559,5.48,5.44,5.47,2986,0
VTSI.US,5,20250926,153000,5.44,5.44,5.4398,5.4398,427,0
VTSI.US,5,20250926,153500,5.42,5.42,5.42,5.42,100,0
VTSI.US,5,20250926,154500,5.39,5.39,5.39,5.39,300,0
VTSI.US,5,20250926,155500,5.445,5.4799,5.445,5.4799,2000,0
VTSI.US,5,20250926,161500,5.41,5.41,5.41,5.41,100,0
VTSI.US,5,20250926,162000,5.4013,5.4013,5.4013,5.4013,500,0
VTSI.US,5,20250926,164500,5.4,5.4,5.4,5.4,100,0
VTSI.US,5,20250926,165000,5.4135,5.4135,5.4135,5.4135,2000,0
VTSI.US,5,20250926,172000,5.3601,5.3601,5.3601,5.3601,100,0
VTSI.US,5,20250926,174000,5.3668,5.3838,5.3603,5.3603,690,0
VTSI.US,5,20250926,175000,5.38,5.38,5.376,5.376,622,0
VTSI.US,5,20250926,175500,5.37,5.375,5.36,5.36,2192,0
VTSI.US,5,20250926,180000,5.36,5.36,5.36,5.36,500,0
VTSI.US,5,20250926,180500,5.34,5.34,5.34,5.34,100,0
VTSI.US,5,20250926,181500,5.37,5.37,5.37,5.37,852,0
VTSI.US,5,20250926,182000,5.4096,5.4096,5.4096,5.4096,500,0
VTSI.US,5,20250926,192000,5.39,5.39,5.39,5.39,100,0
VTSI.US,5,20250926,192500,5.395,5.395,5.395,5.395,100,0
VTSI.US,5,20250926,194000,5.3623,5.3623,5.3623,5.3623,1000,0
VTSI.US,5,20250926,201000,5.3896,5.41,5.37,5.41,2005,0
VTSI.US,5,20250926,201500,5.4041,5.4041,5.4017,5.4017,250,0
VTSI.US,5,20250926,202000,5.39,5.3959,5.39,5.395,1485,0
VTSI.US,5,20250926,204500,5.38,5.38,5.38,5.38,304,0
VTSI.US,5,20250926,205000,5.37,5.37,5.37,5.37,100,0
VTSI.US,5,20250926,210500,5.397,5.397,5.397,5.397,734,0
VTSI.US,5,20250926,211500,5.38,5.38,5.3721,5.38,999,0
VTSI.US,5,20250926,213000,5.3972,5.4,5.3972,5.4,200,0
VTSI.US,5,20250926,214000,5.385,5.385,5.3825,5.3825,1100,0
VTSI.US,5,20250926,214500,5.4,5.41,5.4,5.41,419,0
VTSI.US,5,20250926,215000,5.38,5.44,5.38,5.44,437,0
VTSI.US,5,20250926,215500,5.44,5.44,5.38,5.38,3653,0
VTSI.US,5,20250929,153000,5.47,5.5399,5.47,5.5399,1520,0
VTSI.US,5,20250929,153500,5.495,5.495,5.49,5.49,442,0
VTSI.US,5,20250929,154500,5.485,5.485,5.485,5.485,500,0
VTSI.US,5,20250929,155000,5.4635,5.495,5.4635,5.495,800,0
VTSI.US,5,20250929,155500,5.46,5.46,5.4098,5.4098,5055,0
VTSI.US,5,20250929,160500,5.41,5.41,5.4,5.4,2000,0
VTSI.US,5,20250929,161000,5.41,5.41,5.4,5.4,275,0
VTSI.US,5,20250929,162000,5.39,5.39,5.39,5.39,100,0
VTSI.US,5,20250929,164500,5.4465,5.4465,5.4465,5.4465,366,0
VTSI.US,5,20250929,165500,5.41,5.41,5.41,5.41,100,0
VTSI.US,5,20250929,171500,5.44,5.44,5.44,5.44,500,0
VTSI.US,5,20250929,172000,5.48,5.48,5.4101,5.4101,4360,0
VTSI.US,5,20250929,174500,5.43,5.43,5.43,5.43,100,0
VTSI.US,5,20250929,180000,5.4312,5.4312,5.4312,5.4312,1000,0
VTSI.US,5,20250929,180500,5.45,5.45,5.45,5.45,1110,0
VTSI.US,5,20250929,181000,5.435,5.435,5.435,5.435,100,0
VTSI.US,5,20250929,182000,5.4476,5.4476,5.43,5.43,850,0
VTSI.US,5,20250929,185000,5.4482,5.45,5.44,5.45,927,0
VTSI.US,5,20250929,185500,5.48,5.48,5.48,5.48,100,0
VTSI.US,5,20250929,192000,5.45,5.45,5.45,5.45,100,0
VTSI.US,5,20250929,193000,5.485,5.485,5.485,5.485,400,0
VTSI.US,5,20250929,194500,5.4347,5.5,5.4347,5.5,936,0
VTSI.US,5,20250929,200500,5.4849,5.4849,5.4849,5.4849,150,0
VTSI.US,5,20250929,201500,5.4688,5.4688,5.4688,5.4688,1000,0
VTSI.US,5,20250929,210000,5.465,5.465,5.465,5.465,500,0
VTSI.US,5,20250929,210500,5.48,5.48,5.47,5.47,200,0
VTSI.US,5,20250929,211000,5.46,5.46,5.45,5.45,1154,0
VTSI.US,5,20250929,211500,5.45,5.45,5.44,5.44,471,0
VTSI.US,5,20250929,212000,5.4494,5.4494,5.44,5.44,1186,0
VTSI.US,5,20250929,212500,5.44,5.44,5.43,5.43,400,0
VTSI.US,5,20250929,213000,5.44,5.47,5.43,5.47,1500,0
VTSI.US,5,20250929,213500,5.455,5.475,5.455,5.475,200,0
VTSI.US,5,20250929,214000,5.49,5.49,5.49,5.49,900,0
VTSI.US,5,20250929,214500,5.46,5.46,5.46,5.46,100,0
VTSI.US,5,20250929,215000,5.48,5.48,5.48,5.48,100,0
VTSI.US,5,20250929,215500,5.47,5.5,5.461,5.5,1940,0
VTSI.US,5,20250930,153000,5.52,5.52,5.52,5.52,273,0
VTSI.US,5,20250930,153500,5.5398,5.54,5.52,5.54,1982,0
VTSI.US,5,20250930,155500,5.51,5.51,5.45,5.45,6999,0
VTSI.US,5,20250930,160000,5.45,5.45,5.45,5.45,11099,0
VTSI.US,5,20250930,160500,5.4125,5.425,5.4001,5.4001,1500,0
VTSI.US,5,20250930,162000,5.425,5.425,5.425,5.425,150,0
VTSI.US,5,20250930,162500,5.405,5.405,5.405,5.405,100,0
VTSI.US,5,20250930,163500,5.4,5.4,5.39,5.39,1896,0
VTSI.US,5,20250930,164500,5.35,5.35,5.35,5.35,357,0
VTSI.US,5,20250930,165500,5.37,5.37,5.37,5.37,999,0
VTSI.US,5,20250930,173500,5.37,5.37,5.37,5.37,489,0
VTSI.US,5,20250930,174000,5.355,5.355,5.355,5.355,100,0
VTSI.US,5,20250930,174500,5.33,5.33,5.33,5.33,100,0
VTSI.US,5,20250930,175500,5.32,5.3535,5.32,5.35,4522,0
VTSI.US,5,20250930,180500,5.35,5.35,5.35,5.35,1234,0
VTSI.US,5,20250930,181000,5.36,5.37,5.36,5.37,200,0
VTSI.US,5,20250930,182500,5.34,5.34,5.34,5.34,100,0
VTSI.US,5,20250930,183000,5.3696,5.3696,5.3696,5.3696,200,0
VTSI.US,5,20250930,184500,5.33,5.33,5.29,5.29,2309,0
VTSI.US,5,20250930,185000,5.29,5.29,5.29,5.29,100,0
VTSI.US,5,20250930,190000,5.29,5.29,5.2887,5.2887,400,0
VTSI.US,5,20250930,190500,5.28,5.28,5.27,5.27,812,0
VTSI.US,5,20250930,191500,5.22,5.24,5.22,5.24,480,0
VTSI.US,5,20250930,193500,5.21,5.21,5.19,5.21,964,0
VTSI.US,5,20250930,194500,5.21,5.225,5.21,5.225,700,0
VTSI.US,5,20250930,195000,5.235,5.235,5.235,5.235,375,0
VTSI.US,5,20250930,195500,5.26,5.26,5.26,5.26,200,0
VTSI.US,5,20250930,200000,5.27,5.27,5.27,5.27,300,0
VTSI.US,5,20250930,200500,5.3039,5.3092,5.3039,5.3092,1000,0
VTSI.US,5,20250930,201000,5.3086,5.3086,5.3086,5.3086,1000,0
VTSI.US,5,20250930,201500,5.2902,5.2902,5.2902,5.2902,150,0
VTSI.US,5,20250930,202000,5.295,5.295,5.295,5.295,100,0
VTSI.US,5,20250930,203000,5.305,5.33,5.285,5.295,600,0
VTSI.US,5,20250930,203500,5.29,5.29,5.29,5.29,100,0
VTSI.US,5,20250930,204500,5.25,5.255,5.25,5.255,200,0
VTSI.US,5,20250930,210000,5.26,5.27,5.26,5.27,2100,0
VTSI.US,5,20250930,210500,5.265,5.265,5.2,5.2,2291,0
VTSI.US,5,20250930,211500,5.23,5.24,5.22,5.22,1782,0
VTSI.US,5,20250930,212000,5.2353,5.2353,5.2353,5.2353,200,0
VTSI.US,5,20250930,212500,5.24,5.24,5.24,5.24,253,0
VTSI.US,5,20250930,213000,5.225,5.225,5.225,5.225,121,0
VTSI.US,5,20250930,213500,5.225,5.225,5.225,5.225,127,0
VTSI.US,5,20250930,214000,5.21,5.255,5.21,5.255,700,0
VTSI.US,5,20250930,215000,5.255,5.27,5.235,5.26,905,0
VTSI.US,5,20250930,215500,5.2269,5.26,5.2269,5.26,1437,0
VTSI.US,5,20251001,153000,5.27,5.29,5.22,5.29,24003,0
VTSI.US,5,20251001,153500,5.3,5.499,5.3,5.499,800,0
VTSI.US,5,20251001,154000,5.4689,5.47,5.435,5.46,8210,0
VTSI.US,5,20251001,154500,5.41,5.6,5.41,5.5669,11173,0
VTSI.US,5,20251001,155000,5.64,5.68,5.64,5.68,4676,0
VTSI.US,5,20251001,155500,5.672,5.7785,5.67,5.745,7516,0
VTSI.US,5,20251001,160000,5.7107,5.745,5.6,5.71,5353,0
VTSI.US,5,20251001,160500,5.71,5.77,5.71,5.77,2381,0
VTSI.US,5,20251001,161000,5.7799,5.7799,5.65,5.715,5100,0
VTSI.US,5,20251001,161500,5.7715,5.7715,5.7715,5.7715,1000,0
VTSI.US,5,20251001,162000,5.6801,5.715,5.6801,5.6801,500,0
VTSI.US,5,20251001,162500,5.703,5.703,5.703,5.703,100,0
VTSI.US,5,20251001,163500,5.7231,5.7231,5.69,5.69,875,0
VTSI.US,5,20251001,164000,5.705,5.71,5.705,5.71,1000,0
VTSI.US,5,20251001,171000,5.68,5.69,5.55,5.55,2738,0
VTSI.US,5,20251001,171500,5.65,5.75,5.65,5.69,2050,0
VTSI.US,5,20251001,172000,5.65,5.71,5.65,5.71,350,0
VTSI.US,5,20251001,172500,5.6304,5.71,5.6304,5.71,1800,0
VTSI.US,5,20251001,173000,5.67,5.685,5.67,5.685,350,0
VTSI.US,5,20251001,173500,5.685,5.7048,5.685,5.7048,477,0
VTSI.US,5,20251001,174000,5.685,5.71,5.685,5.71,1654,0
VTSI.US,5,20251001,174500,5.7416,5.77,5.7416,5.77,1075,0
VTSI.US,5,20251001,175000,5.78,5.81,5.77,5.81,3000,0
VTSI.US,5,20251001,175500,5.84,5.84,5.7644,5.81,4500,0
VTSI.US,5,20251001,180000,5.815,5.815,5.81,5.81,2744,0
VTSI.US,5,20251001,180500,5.79,5.79,5.76,5.76,1400,0
VTSI.US,5,20251001,181000,5.7521,5.7521,5.7521,5.7521,322,0
VTSI.US,5,20251001,181500,5.7735,5.775,5.74,5.74,2534,0
VTSI.US,5,20251001,182000,5.7441,5.7441,5.7147,5.7147,1288,0
VTSI.US,5,20251001,182500,5.74,5.74,5.74,5.74,800,0
VTSI.US,5,20251001,183000,5.71,5.71,5.71,5.71,100,0
VTSI.US,5,20251001,183500,5.74,5.76,5.74,5.76,700,0
VTSI.US,5,20251001,184000,5.745,5.745,5.72,5.7236,425,0
VTSI.US,5,20251001,184500,5.7365,5.7365,5.7365,5.7365,234,0
VTSI.US,5,20251001,185500,5.7101,5.735,5.71,5.72,3574,0
VTSI.US,5,20251001,191000,5.76,5.76,5.76,5.76,100,0
VTSI.US,5,20251001,192500,5.715,5.715,5.69,5.69,200,0
VTSI.US,5,20251001,193500,5.72,5.72,5.72,5.72,100,0
VTSI.US,5,20251001,200000,5.7,5.7,5.7,5.7,100,0
VTSI.US,5,20251001,201000,5.715,5.768,5.715,5.768,950,0
VTSI.US,5,20251001,201500,5.74,5.75,5.74,5.75,350,0
VTSI.US,5,20251001,202500,5.7165,5.719253,5.7154,5.7154,575,0
VTSI.US,5,20251001,203500,5.76,5.76,5.76,5.76,300,0
VTSI.US,5,20251001,204500,5.7465,5.75,5.7465,5.75,1100,0
VTSI.US,5,20251001,210000,5.71,5.72,5.71,5.72,246,0
VTSI.US,5,20251001,212000,5.73,5.73,5.73,5.73,100,0
VTSI.US,5,20251001,213000,5.6858,5.6858,5.6817,5.6817,1200,0
VTSI.US,5,20251001,214500,5.6687,5.6902,5.6687,5.6902,200,0
VTSI.US,5,20251001,215000,5.73,5.73,5.695,5.695,300,0
VTSI.US,5,20251001,215500,5.7293,5.7293,5.68,5.72,3258,0
VTSI.US,5,20251002,153000,5.77,5.7853,5.715,5.7853,2459,0
VTSI.US,5,20251002,153500,5.7853,5.8395,5.7008,5.74,1848,0
VTSI.US,5,20251002,154500,5.77,5.77,5.72,5.72,245,0
VTSI.US,5,20251002,155500,5.74,5.74,5.66,5.66,584,0
VTSI.US,5,20251002,161000,5.65,5.68,5.64,5.64,1526,0
VTSI.US,5,20251002,161500,5.6976,5.6976,5.6976,5.6976,500,0
VTSI.US,5,20251002,162000,5.58,5.58,5.58,5.58,100,0
VTSI.US,5,20251002,164000,5.55,5.55,5.55,5.55,800,0
VTSI.US,5,20251002,173500,5.51,5.52,5.5,5.5,1650,0
VTSI.US,5,20251002,174500,5.53,5.53,5.53,5.53,200,0
VTSI.US,5,20251002,175500,5.58,5.58,5.5201,5.5201,3000,0
VTSI.US,5,20251002,184000,5.585,5.585,5.585,5.585,100,0
VTSI.US,5,20251002,184500,5.58,5.61,5.58,5.61,414,0
VTSI.US,5,20251002,185000,5.55,5.55,5.485,5.5,6264,0
VTSI.US,5,20251002,185500,5.4994,5.5,5.485,5.49,4136,0
VTSI.US,5,20251002,190000,5.497,5.497,5.497,5.497,104,0
VTSI.US,5,20251002,191000,5.516,5.516,5.516,5.516,200,0
VTSI.US,5,20251002,191500,5.53,5.53,5.53,5.53,100,0
VTSI.US,5,20251002,194500,5.5709,5.5709,5.5709,5.5709,100,0
VTSI.US,5,20251002,195000,5.57,5.57,5.57,5.57,400,0
VTSI.US,5,20251002,200500,5.54,5.57,5.54,5.57,200,0
VTSI.US,5,20251002,202000,5.569,5.57,5.569,5.57,559,0
VTSI.US,5,20251002,205000,5.58,5.58,5.56,5.56,1000,0
VTSI.US,5,20251002,210000,5.565,5.565,5.565,5.565,179,0
VTSI.US,5,20251002,211000,5.5635,5.5635,5.55,5.55,600,0
VTSI.US,5,20251002,211500,5.565,5.58,5.565,5.58,813,0
VTSI.US,5,20251002,212500,5.5456,5.5456,5.5456,5.5456,400,0
VTSI.US,5,20251002,213000,5.54,5.54,5.54,5.54,100,0
VTSI.US,5,20251002,213500,5.53,5.53,5.53,5.53,100,0
VTSI.US,5,20251002,214000,5.54,5.565,5.54,5.565,400,0
VTSI.US,5,20251002,214500,5.565,5.565,5.565,5.565,100,0
VTSI.US,5,20251002,215000,5.6099,5.6099,5.6099,5.6099,103,0
VTSI.US,5,20251002,215500,5.5987,5.61,5.56,5.6,3527,0
VTSI.US,5,20251003,153000,5.83,5.8411,5.83,5.8411,1203,0
VTSI.US,5,20251003,153500,5.75,5.75,5.75,5.75,100,0
VTSI.US,5,20251003,154000,5.7538,5.84,5.74,5.74,793,0
VTSI.US,5,20251003,154500,5.7,5.7,5.7,5.7,1000,0
VTSI.US,5,20251003,155000,5.705,5.7068,5.705,5.7068,1133,0
VTSI.US,5,20251003,160000,5.73,5.73,5.73,5.73,1000,0
VTSI.US,5,20251003,160500,5.7274,5.7274,5.7274,5.7274,123,0
VTSI.US,5,20251003,163000,5.68,5.68,5.65,5.65,954,0
VTSI.US,5,20251003,163500,5.652,5.68,5.652,5.68,1060,0
VTSI.US,5,20251003,165500,5.65,5.65,5.65,5.65,282,0
VTSI.US,5,20251003,175000,5.6123,5.6123,5.6,5.6,401,0
VTSI.US,5,20251003,175500,5.61,5.62,5.6,5.6,1590,0
VTSI.US,5,20251003,180500,5.655,5.655,5.6,5.6,1000,0
VTSI.US,5,20251003,181000,5.6,5.6,5.56,5.56,200,0
VTSI.US,5,20251003,181500,5.6051,5.6051,5.6051,5.6051,875,0
VTSI.US,5,20251003,182500,5.55,5.55,5.55,5.55,450,0
VTSI.US,5,20251003,184000,5.575,5.575,5.575,5.575,132,0
VTSI.US,5,20251003,184500,5.6029,5.6029,5.6029,5.6029,100,0
VTSI.US,5,20251003,185500,5.58,5.58,5.55,5.55,2954,0
VTSI.US,5,20251003,192500,5.5635,5.5635,5.5635,5.5635,150,0
VTSI.US,5,20251003,194500,5.54,5.54,5.54,5.54,100,0
VTSI.US,5,20251003,195000,5.54,5.54,5.53,5.53,623,0
VTSI.US,5,20251003,195500,5.53,5.53,5.53,5.53,1667,0
VTSI.US,5,20251003,200000,5.5,5.5,5.5,5.5,2486,0
VTSI.US,5,20251003,201000,5.49,5.52,5.49,5.52,663,0
VTSI.US,5,20251003,203000,5.49,5.49,5.49,5.49,100,0
VTSI.US,5,20251003,203500,5.5399,5.5399,5.5228,5.5228,3750,0
VTSI.US,5,20251003,204000,5.53,5.54,5.53,5.5399,438,0
VTSI.US,5,20251003,205500,5.555,5.555,5.555,5.555,100,0
VTSI.US,5,20251003,210000,5.5694,5.5694,5.54,5.54,1915,0
VTSI.US,5,20251003,211500,5.54,5.54,5.54,5.54,100,0
VTSI.US,5,20251003,212000,5.5,5.5,5.5,5.5,200,0
VTSI.US,5,20251003,213500,5.53,5.53,5.53,5.53,100,0
VTSI.US,5,20251003,214500,5.51,5.51,5.51,5.51,100,0
VTSI.US,5,20251003,215000,5.53,5.56,5.52,5.56,600,0
VTSI.US,5,20251003,215500,5.54,5.54,5.52,5.52,2574,0
VTSI.US,5,20251006,153000,5.65,5.738,5.65,5.6957,2586,0
VTSI.US,5,20251006,153500,5.6501,5.67,5.6501,5.67,1411,0
VTSI.US,5,20251006,154000,5.7,5.7,5.7,5.7,100,0
VTSI.US,5,20251006,154500,5.6735,5.6735,5.67,5.67,1587,0
VTSI.US,5,20251006,155000,5.685,5.7,5.6587,5.6587,1983,0
VTSI.US,5,20251006,155500,5.675,5.69,5.675,5.69,1641,0
VTSI.US,5,20251006,161500,5.722,5.73,5.696,5.73,1290,0
VTSI.US,5,20251006,162000,5.72,5.72,5.7,5.7,936,0
VTSI.US,5,20251006,163000,5.7414,5.7414,5.7414,5.7414,225,0
VTSI.US,5,20251006,164500,5.7303,5.7303,5.7028,5.7028,460,0
VTSI.US,5,20251006,170500,5.7,5.7,5.6907,5.6907,700,0
VTSI.US,5,20251006,171000,5.7,5.7,5.7,5.7,100,0
VTSI.US,5,20251006,172000,5.6949,5.6949,5.6949,5.6949,182,0
VTSI.US,5,20251006,172500,5.734,5.734,5.73,5.73,500,0
VTSI.US,5,20251006,173000,5.6973,5.6973,5.6973,5.6973,500,0
VTSI.US,5,20251006,173500,5.69,5.716,5.69,5.7,5888,0
VTSI.US,5,20251006,174000,5.72,5.75,5.72,5.7388,1625,0
VTSI.US,5,20251006,174500,5.7,5.7,5.7,5.7,500,0
VTSI.US,5,20251006,175500,5.7052,5.7052,5.7052,5.7052,375,0
VTSI.US,5,20251006,182500,5.75,5.75,5.75,5.75,608,0
VTSI.US,5,20251006,183000,5.7255,5.74,5.7129,5.7129,1063,0
VTSI.US,5,20251006,184000,5.715,5.715,5.715,5.715,300,0
VTSI.US,5,20251006,185000,5.6801,5.7085,5.6801,5.7085,4200,0
VTSI.US,5,20251006,185500,5.7129,5.7129,5.7129,5.7129,500,0
VTSI.US,5,20251006,190000,5.7197,5.7197,5.7197,5.7197,500,0
VTSI.US,5,20251006,191000,5.75,5.75,5.75,5.75,750,0
VTSI.US,5,20251006,191500,5.7499,5.7499,5.7499,5.7499,100,0
VTSI.US,5,20251006,192500,5.7129,5.7129,5.69,5.7,2085,0
VTSI.US,5,20251006,194500,5.69,5.69,5.69,5.69,200,0
VTSI.US,5,20251006,195000,5.683,5.685,5.66,5.66,2024,0
VTSI.US,5,20251006,200000,5.65,5.65,5.65,5.65,844,0
VTSI.US,5,20251006,202500,5.642,5.642,5.615,5.615,5420,0
VTSI.US,5,20251006,203500,5.636,5.636,5.636,5.636,473,0
VTSI.US,5,20251006,204000,5.64,5.64,5.64,5.64,100,0
VTSI.US,5,20251006,204500,5.59,5.59,5.59,5.59,200,0
VTSI.US,5,20251006,205000,5.5801,5.5801,5.5801,5.5801,1000,0
VTSI.US,5,20251006,205500,5.5886,5.5886,5.5886,5.5886,268,0
VTSI.US,5,20251006,211500,5.5797,5.5797,5.57,5.57,781,0
VTSI.US,5,20251006,212000,5.53,5.53,5.53,5.53,500,0
VTSI.US,5,20251006,212500,5.5441,5.5441,5.5441,5.5441,500,0
VTSI.US,5,20251006,213500,5.545,5.59,5.545,5.5582,2300,0
VTSI.US,5,20251006,214000,5.55,5.59,5.55,5.5501,3844,0
VTSI.US,5,20251006,214500,5.5681,5.59,5.55,5.5562,4710,0
VTSI.US,5,20251006,215000,5.55,5.57,5.53,5.57,3468,0
VTSI.US,5,20251006,215500,5.53,5.63,5.53,5.6,3416,0
VTSI.US,5,20251007,153000,5.73,5.8,5.73,5.8,2733,0
VTSI.US,5,20251007,153500,5.85,5.85,5.85,5.85,1250,0
VTSI.US,5,20251007,154000,5.89,6,5.88,5.99,6296,0
VTSI.US,5,20251007,154500,5.96,5.96,5.8313,5.92,12159,0
VTSI.US,5,20251007,155000,5.895,5.96,5.8313,5.9587,5153,0
VTSI.US,5,20251007,155500,5.95,5.95,5.95,5.95,200,0
VTSI.US,5,20251007,161000,5.925,5.93,5.8901,5.93,6477,0
VTSI.US,5,20251007,161500,5.9518,5.9518,5.9,5.93,1699,0
VTSI.US,5,20251007,162000,5.9,5.9,5.9,5.9,100,0
VTSI.US,5,20251007,162500,5.936,5.936,5.936,5.936,2000,0
VTSI.US,5,20251007,163000,5.98,5.99,5.97,5.99,2821,0
VTSI.US,5,20251007,163500,5.99,5.99,5.95,5.95,1233,0
VTSI.US,5,20251007,164000,5.99,5.99,5.938,5.938,3400,0
VTSI.US,5,20251007,164500,5.9808,5.9808,5.9808,5.9808,200,0
VTSI.US,5,20251007,170000,5.92,5.92,5.89,5.9,5581,0
VTSI.US,5,20251007,170500,5.88,5.89,5.88,5.89,1000,0
VTSI.US,5,20251007,171000,5.89,5.89,5.89,5.89,100,0
VTSI.US,5,20251007,171500,5.91,5.91,5.91,5.91,100,0
VTSI.US,5,20251007,172000,5.89,5.9,5.89,5.9,300,0
VTSI.US,5,20251007,172500,5.9494,5.9494,5.89,5.89,886,0
VTSI.US,5,20251007,173500,5.89,5.89,5.82,5.82,2067,0
VTSI.US,5,20251007,174000,5.88,5.88,5.85,5.85,600,0
VTSI.US,5,20251007,174500,5.88,5.88,5.88,5.88,1300,0
VTSI.US,5,20251007,180000,5.855,5.855,5.855,5.855,100,0
VTSI.US,5,20251007,182000,5.89,5.89,5.89,5.89,200,0
VTSI.US,5,20251007,183500,5.89,5.89,5.89,5.89,100,0
VTSI.US,5,20251007,184000,5.91,5.91,5.91,5.91,300,0
VTSI.US,5,20251007,184500,5.8631,5.8631,5.8631,5.8631,894,0
VTSI.US,5,20251007,190500,5.91,5.92,5.91,5.92,312,0
VTSI.US,5,20251007,191000,5.94,5.94,5.94,5.94,100,0
VTSI.US,5,20251007,191500,5.94,5.94,5.94,5.94,200,0
VTSI.US,5,20251007,192000,5.94,5.94,5.91,5.91,500,0
VTSI.US,5,20251007,192500,5.9499,5.9499,5.87,5.87,755,0
VTSI.US,5,20251007,193000,5.9499,5.9499,5.9499,5.9499,771,0
VTSI.US,5,20251007,193500,5.896,5.896,5.896,5.896,300,0
VTSI.US,5,20251007,194500,5.9,5.9,5.9,5.9,100,0
VTSI.US,5,20251007,195500,5.9,5.9,5.9,5.9,1500,0
VTSI.US,5,20251007,200000,5.9,5.9,5.9,5.9,100,0
VTSI.US,5,20251007,200500,5.86,5.94,5.86,5.94,300,0
VTSI.US,5,20251007,201500,5.93,5.93,5.93,5.93,100,0
VTSI.US,5,20251007,203000,5.925,5.925,5.925,5.925,500,0
VTSI.US,5,20251007,203500,5.93,5.97,5.93,5.96,1930,0
VTSI.US,5,20251007,204000,5.957,6.05,5.957,6.05,4531,0
VTSI.US,5,20251007,204500,6.0878,6.0878,6.0878,6.0878,186,0
VTSI.US,5,20251007,205000,6.08,6.1692,6.08,6.1355,800,0
VTSI.US,5,20251007,210000,6.115,6.115,6.07,6.07,2916,0
VTSI.US,5,20251007,210500,6.095,6.11,6.07,6.11,800,0
VTSI.US,5,20251007,211000,6.13,6.13,6.0822,6.0822,683,0
VTSI.US,5,20251007,212000,6.1378,6.1378,6.08,6.0822,2382,0
VTSI.US,5,20251007,212500,6.09,6.11,6.09,6.09,975,0
VTSI.US,5,20251007,213000,6.09,6.09,6.09,6.09,100,0
VTSI.US,5,20251007,213500,6.1262,6.1262,6.1262,6.1262,177,0
VTSI.US,5,20251007,214000,6.13,6.13,6.13,6.13,100,0
VTSI.US,5,20251007,214500,6.13,6.14,6.13,6.14,1532,0
VTSI.US,5,20251007,215000,6.12,6.12,6.09,6.09,2521,0
VTSI.US,5,20251007,215500,6.1336,6.14,6.1,6.1,2205,0
VTSI.US,5,20251008,153000,6.19,6.19,6.1,6.1,3235,0
VTSI.US,5,20251008,153500,6.02,6.02,6.02,6.02,100,0
VTSI.US,5,20251008,154000,6.09,6.16,6.09,6.1425,900,0
VTSI.US,5,20251008,154500,6.1413,6.15,6.13,6.13,2900,0
VTSI.US,5,20251008,155000,6.11,6.16,6.11,6.16,2676,0
VTSI.US,5,20251008,155500,6.16,6.16,6.11,6.1359,1127,0
VTSI.US,5,20251008,160000,6.17,6.17,6.17,6.17,100,0
VTSI.US,5,20251008,160500,6.15,6.17,6.15,6.17,250,0
VTSI.US,5,20251008,161000,6.17,6.21,6.15,6.15,3212,0
VTSI.US,5,20251008,161500,6.19,6.19,6.19,6.19,100,0
VTSI.US,5,20251008,162000,6.12,6.12,6.11,6.11,720,0
VTSI.US,5,20251008,162500,6.13,6.13,6.12,6.12,200,0
VTSI.US,5,20251008,163000,6.15,6.15,6.13,6.14,400,0
VTSI.US,5,20251008,163500,6.06,6.06,6.06,6.06,200,0
VTSI.US,5,20251008,164000,6.111,6.14,6.111,6.14,1120,0
VTSI.US,5,20251008,164500,6.14,6.14,6.105,6.105,452,0
VTSI.US,5,20251008,170500,6.14,6.14,6.14,6.14,102,0
VTSI.US,5,20251008,171000,6.14,6.14,6.14,6.14,100,0
VTSI.US,5,20251008,171500,6.13,6.14,6.13,6.14,400,0
VTSI.US,5,20251008,172000,6.13,6.13,6.13,6.13,100,0
VTSI.US,5,20251008,172500,6.16,6.16,6.14,6.14,627,0
VTSI.US,5,20251008,173500,6.1359,6.14,6.1359,6.14,1061,0
VTSI.US,5,20251008,174500,6.17,6.17,6.1201,6.1201,300,0
VTSI.US,5,20251008,175000,6.155,6.155,6.155,6.155,102,0
VTSI.US,5,20251008,175500,6.19,6.19,6.19,6.19,100,0
VTSI.US,5,20251008,180000,6.1842,6.19,6.16,6.1663,3346,0
VTSI.US,5,20251008,180500,6.16,6.24,6.16,6.22,3588,0
VTSI.US,5,20251008,181500,6.24,6.24,6.24,6.24,400,0
VTSI.US,5,20251008,182000,6.225,6.225,6.225,6.225,100,0
VTSI.US,5,20251008,182500,6.2,6.21,6.2,6.2,400,0
VTSI.US,5,20251008,184000,6.175,6.175,6.175,6.175,102,0
VTSI.US,5,20251008,184500,6.21,6.21,6.21,6.21,100,0
VTSI.US,5,20251008,185000,6.22,6.22,6.21,6.21,200,0
VTSI.US,5,20251008,185500,6.24,6.24,6.24,6.24,100,0
VTSI.US,5,20251008,190000,6.2125,6.2125,6.2125,6.2125,900,0
VTSI.US,5,20251008,190500,6.19,6.2,6.19,6.2,300,0
VTSI.US,5,20251008,191500,6.23,6.23,6.19,6.21,1752,0
VTSI.US,5,20251008,192500,6.23,6.23,6.2105,6.2105,435,0
VTSI.US,5,20251008,193500,6.23,6.23,6.225,6.225,850,0
VTSI.US,5,20251008,194000,6.21,6.21,6.21,6.21,217,0
VTSI.US,5,20251008,194500,6.215,6.215,6.215,6.215,102,0
VTSI.US,5,20251008,195500,6.24,6.24,6.2033,6.2033,600,0
VTSI.US,5,20251008,200500,6.24,6.24,6.24,6.24,200,0
VTSI.US,5,20251008,201000,6.22,6.22,6.218,6.218,602,0
VTSI.US,5,20251008,201500,6.22,6.22,6.22,6.22,300,0
VTSI.US,5,20251008,202000,6.2,6.215,6.2,6.215,700,0
VTSI.US,5,20251008,202500,6.215,6.215,6.215,6.215,100,0
VTSI.US,5,20251008,203500,6.19,6.24,6.1617,6.24,1220,0
VTSI.US,5,20251008,205000,6.23,6.23,6.207,6.207,1100,0
VTSI.US,5,20251008,205500,6.24,6.24,6.24,6.24,1000,0
VTSI.US,5,20251008,210000,6.24,6.24,6.215,6.215,302,0
VTSI.US,5,20251008,211000,6.24,6.24,6.2,6.2,600,0
VTSI.US,5,20251008,211500,6.24,6.24,6.24,6.24,200,0
VTSI.US,5,20251008,212000,6.24,6.24,6.2149,6.2371,1534,0
VTSI.US,5,20251008,212500,6.24,6.24,6.24,6.24,442,0
VTSI.US,5,20251008,213000,6.2103,6.24,6.2103,6.24,695,0
VTSI.US,5,20251008,214000,6.225,6.24,6.225,6.24,535,0
VTSI.US,5,20251008,214500,6.24,6.24,6.23,6.23,696,0
VTSI.US,5,20251008,215000,6.24,6.24,6.24,6.24,1839,0
VTSI.US,5,20251008,215500,6.25,6.25,6.23,6.23,1441,0
VTSI.US,5,20251009,153000,6.23,6.23,6.2,6.2225,3916,0
VTSI.US,5,20251009,154500,6.2,6.2,6.18,6.18,1445,0
VTSI.US,5,20251009,155000,6.18,6.21,6.18,6.21,300,0
VTSI.US,5,20251009,155500,6.21,6.22,6.21,6.22,1350,0
VTSI.US,5,20251009,160500,6.1839,6.2141,6.1839,6.2141,1351,0
VTSI.US,5,20251009,161000,6.2,6.2,6.2,6.2,100,0
VTSI.US,5,20251009,161500,6.2,6.2,6.17,6.17,400,0
VTSI.US,5,20251009,162000,6.18,6.18,6.1,6.1,6729,0
VTSI.US,5,20251009,162500,6.11,6.11,6.11,6.11,100,0
VTSI.US,5,20251009,163000,6.15,6.1999,6.15,6.1999,200,0
VTSI.US,5,20251009,163500,6.11,6.11,6.11,6.11,100,0
VTSI.US,5,20251009,164000,6.15,6.19,6.15,6.19,500,0
VTSI.US,5,20251009,165000,6.18,6.2299,6.18,6.2299,1674,0
VTSI.US,5,20251009,171000,6.1901,6.2148,6.19,6.2148,1759,0
VTSI.US,5,20251009,172000,6.19,6.19,6.19,6.19,6200,0
VTSI.US,5,20251009,174000,6.22,6.23,6.22,6.22,500,0
VTSI.US,5,20251009,175000,6.22,6.22,6.22,6.22,100,0
VTSI.US,5,20251009,181000,6.21,6.22,6.21,6.22,200,0
VTSI.US,5,20251009,182000,6.19,6.19,6.18,6.18,300,0
VTSI.US,5,20251009,184500,6.179675,6.179675,6.179675,6.179675,150,0
VTSI.US,5,20251009,185500,6.17,6.17,6.17,6.17,100,0
VTSI.US,5,20251009,190000,6.175,6.175,6.17,6.17,200,0
VTSI.US,5,20251009,191500,6.18,6.18,6.16,6.16,300,0
VTSI.US,5,20251009,192000,6.17,6.17,6.17,6.17,100,0
VTSI.US,5,20251009,193500,6.15,6.15,6.15,6.15,100,0
VTSI.US,5,20251009,201500,6.13,6.13,6.13,6.13,100,0
VTSI.US,5,20251009,202000,6.11,6.11,6.11,6.11,100,0
VTSI.US,5,20251009,205500,6.12,6.12,6.095,6.095,653,0
VTSI.US,5,20251009,210000,6.12,6.12,6.12,6.12,246,0
VTSI.US,5,20251009,212500,6.09,6.09,6.06,6.07,1188,0
VTSI.US,5,20251009,213500,6.09,6.1039,6.09,6.1039,262,0
VTSI.US,5,20251009,214500,6.09,6.1,6.09,6.1,238,0
VTSI.US,5,20251009,215000,6.11,6.11,6.11,6.11,200,0
VTSI.US,5,20251009,215500,6.1,6.13,6.08,6.08,1827,0
VTSI.US,5,20251010,153000,6.12,6.1417,5.89,6.02,8461,0
VTSI.US,5,20251010,154500,6.02,6.05,5.9396,6.05,7339,0
VTSI.US,5,20251010,155000,6.0399,6.0399,6.03,6.03,4103,0
VTSI.US,5,20251010,155500,6.03,6.03,6.03,6.03,171,0
VTSI.US,5,20251010,160000,6.04,6.04,6.04,6.04,200,0
VTSI.US,5,20251010,160500,5.9815,6.0085,5.9815,6.0085,600,0
VTSI.US,5,20251010,161000,5.96,6.035,5.94,5.975,420,0
VTSI.US,5,20251010,161500,6.03,6.03,5.92,5.92,450,0
VTSI.US,5,20251010,163500,5.9987,5.9987,5.9987,5.9987,500,0
VTSI.US,5,20251010,164000,5.95,5.99,5.95,5.99,200,0
VTSI.US,5,20251010,165500,6,6,6,6,300,0
VTSI.US,5,20251010,170000,5.96,5.96,5.91,5.91,1174,0
VTSI.US,5,20251010,170500,5.92,5.92,5.92,5.92,100,0
VTSI.US,5,20251010,171500,5.95,5.95,5.92,5.92,200,0
VTSI.US,5,20251010,172000,5.96,5.96,5.9,5.92,2700,0
VTSI.US,5,20251010,172500,5.865,5.865,5.865,5.865,100,0
VTSI.US,5,20251010,173000,5.915,5.9564,5.85,5.9241,2250,0
VTSI.US,5,20251010,173500,5.84,5.84,5.84,5.84,100,0
VTSI.US,5,20251010,175000,5.8996,5.8996,5.8996,5.8996,936,0
VTSI.US,5,20251010,175500,5.825,5.825,5.825,5.825,100,0
VTSI.US,5,20251010,180000,5.88,5.895,5.88,5.895,200,0
VTSI.US,5,20251010,183500,5.87,5.87,5.83,5.83,1996,0
VTSI.US,5,20251010,184500,5.81,5.88,5.81,5.88,781,0
VTSI.US,5,20251010,190000,5.83,5.83,5.83,5.83,100,0
VTSI.US,5,20251010,190500,5.8,5.8052,5.7588,5.7588,1347,0
VTSI.US,5,20251010,191000,5.82,5.82,5.82,5.82,100,0
VTSI.US,5,20251010,192500,5.78,5.78,5.78,5.78,100,0
VTSI.US,5,20251010,194000,5.77,5.77,5.77,5.77,500,0
VTSI.US,5,20251010,194500,5.77,5.8294,5.77,5.81,5800,0
VTSI.US,5,20251010,195000,5.83,5.83,5.821,5.821,301,0
VTSI.US,5,20251010,195500,5.85,5.86,5.85,5.86,200,0
VTSI.US,5,20251010,200000,5.85,5.8599,5.85,5.8599,4125,0
VTSI.US,5,20251010,200500,5.85,5.85,5.85,5.85,105,0
VTSI.US,5,20251010,201000,5.88,5.88,5.88,5.88,1100,0
VTSI.US,5,20251010,202000,5.92,5.94,5.855,5.855,2286,0
VTSI.US,5,20251010,202500,5.85,5.8923,5.85,5.8923,200,0
VTSI.US,5,20251010,203000,5.85,5.96,5.85,5.96,4063,0
VTSI.US,5,20251010,203500,5.95,5.95,5.95,5.95,100,0
VTSI.US,5,20251010,204000,5.95,5.95,5.95,5.95,100,0
VTSI.US,5,20251010,204500,5.95,5.96,5.95,5.96,1300,0
VTSI.US,5,20251010,205000,5.96,5.96,5.84,5.85,13723,0
VTSI.US,5,20251010,205500,5.875,5.89,5.875,5.875,5500,0
VTSI.US,5,20251010,210000,5.9,5.96,5.9,5.95,700,0
VTSI.US,5,20251010,210500,5.96,6.0029,5.96,6,852,0
VTSI.US,5,20251010,211000,6.01,6.02,6.01,6.02,600,0
VTSI.US,5,20251010,211500,6.02,6.0215,6.02,6.0215,600,0
VTSI.US,5,20251010,212000,5.975,6.03,5.975,6.02,1581,0
VTSI.US,5,20251010,212500,5.97,5.97,5.92,5.93,700,0
VTSI.US,5,20251010,213000,5.9,5.9,5.85,5.85,1854,0
VTSI.US,5,20251010,213500,5.85,5.86,5.84,5.86,1165,0
VTSI.US,5,20251010,214000,5.87,5.87,5.87,5.87,100,0
VTSI.US,5,20251010,214500,5.865,5.865,5.865,5.865,100,0
VTSI.US,5,20251010,215000,5.885,5.885,5.885,5.885,200,0
VTSI.US,5,20251010,215500,5.85,5.85,5.83,5.83,1678,0
VTSI.US,5,20251013,153000,5.95,5.95,5.78,5.7986,2098,0
VTSI.US,5,20251013,153500,5.9291,5.9291,5.9291,5.9291,200,0
VTSI.US,5,20251013,154000,5.85,5.85,5.83,5.83,500,0
VTSI.US,5,20251013,161000,5.98,5.99,5.98,5.99,1200,0
VTSI.US,5,20251013,161500,5.99,6.04,5.9,5.9,2506,0
VTSI.US,5,20251013,162000,6.06,6.07,6.06,6.065,2782,0
VTSI.US,5,20251013,164500,5.95,5.95,5.9197,5.9197,620,0
VTSI.US,5,20251013,165000,5.8914,5.8914,5.8914,5.8914,1000,0
VTSI.US,5,20251013,170000,5.9016,5.9016,5.9016,5.9016,200,0
VTSI.US,5,20251013,170500,5.918546,5.918546,5.918546,5.918546,100,0
VTSI.US,5,20251013,173500,6.01,6.01,6.01,6.01,300,0
VTSI.US,5,20251013,174000,5.97,5.97,5.97,5.97,300,0
VTSI.US,5,20251013,175000,6.005,6.005,6.005,6.005,100,0
VTSI.US,5,20251013,175500,5.96,5.97,5.96,5.97,4496,0
VTSI.US,5,20251013,181000,6.005,6.005,6.005,6.005,100,0
VTSI.US,5,20251013,183000,5.96,5.96,5.95,5.9525,1384,0
VTSI.US,5,20251013,183500,5.945,5.945,5.945,5.945,100,0
VTSI.US,5,20251013,184000,5.93,5.93,5.92,5.93,600,0
VTSI.US,5,20251013,185000,5.8604,6,5.8604,6,6272,0
VTSI.US,5,20251013,192000,5.99,5.99,5.99,5.99,500,0
VTSI.US,5,20251013,200000,5.94,5.99,5.94,5.99,497,0
VTSI.US,5,20251013,202500,5.96,5.96,5.96,5.96,100,0
VTSI.US,5,20251013,204000,5.926,5.926,5.926,5.926,500,0
VTSI.US,5,20251013,211000,5.91,5.91,5.91,5.91,300,0
VTSI.US,5,20251013,213000,5.97,5.97,5.97,5.97,100,0
VTSI.US,5,20251013,214000,5.98,5.98,5.98,5.98,100,0
VTSI.US,5,20251013,214500,5.98,5.98,5.98,5.98,300,0
VTSI.US,5,20251013,215500,5.98,6,5.97,5.97,7050,0
VTSI.US,5,20251014,153500,5.92,5.92,5.8501,5.9,400,0
VTSI.US,5,20251014,154000,5.899,5.899,5.899,5.899,150,0
VTSI.US,5,20251014,154500,5.92,5.92,5.92,5.92,122,0
VTSI.US,5,20251014,162000,5.8601,5.8601,5.8601,5.8601,1279,0
VTSI.US,5,20251014,164000,6.01,6.01,6.01,6.01,2631,0
VTSI.US,5,20251014,164500,6.0191,6.0191,6.0191,6.0191,130,0
VTSI.US,5,20251014,165000,5.99,5.99,5.99,5.99,100,0
VTSI.US,5,20251014,165500,5.97,5.97,5.96,5.96,450,0
VTSI.US,5,20251014,170000,6.0199,6.0199,6.0199,6.0199,200,0
VTSI.US,5,20251014,170500,5.95,6,5.95,5.95,6610,0
VTSI.US,5,20251014,172000,5.985,6,5.985,6,790,0
VTSI.US,5,20251014,174500,5.98,5.98,5.98,5.98,100,0
VTSI.US,5,20251014,175000,5.98,6,5.975,6,976,0
VTSI.US,5,20251014,180000,6.02,6.02,6.02,6.02,100,0
VTSI.US,5,20251014,181000,5.9847,5.9847,5.9847,5.9847,211,0
VTSI.US,5,20251014,181500,5.99,5.99,5.94,5.94,500,0
VTSI.US,5,20251014,183500,5.97,5.97,5.97,5.97,100,0
VTSI.US,5,20251014,184000,6,6,6,6,100,0
VTSI.US,5,20251014,184500,6,6,6,6,1975,0
VTSI.US,5,20251014,185000,6.05,6.05,6.05,6.05,100,0
VTSI.US,5,20251014,193000,6.02,6.02,6.02,6.02,165,0
VTSI.US,5,20251014,193500,6.02,6.02,6.02,6.02,200,0
VTSI.US,5,20251014,201500,6.05,6.05,6.04,6.04,300,0
VTSI.US,5,20251014,202500,6.04,6.04,6.04,6.04,100,0
VTSI.US,5,20251014,203000,6.03,6.03,6.025,6.025,400,0
VTSI.US,5,20251014,205500,6.0486,6.0486,6.04,6.04,514,0
VTSI.US,5,20251014,211000,6.04,6.045,6.04,6.045,900,0
VTSI.US,5,20251014,211500,6.06,6.06,6.06,6.06,200,0
VTSI.US,5,20251014,212000,6.06,6.06,6.06,6.06,1070,0
VTSI.US,5,20251014,212500,6.08,6.08,6.08,6.08,100,0
VTSI.US,5,20251014,213500,6.075,6.075,6.06,6.075,700,0
VTSI.US,5,20251014,214500,6.06,6.06,6.06,6.06,100,0
VTSI.US,5,20251014,215000,6.06,6.06,6.06,6.06,140,0
VTSI.US,5,20251014,215500,6.06,6.07,6.05,6.07,610,0
VTSI.US,5,20251015,153000,6.02,6.19,6.02,6.19,842,0
VTSI.US,5,20251015,153500,6.03,6.03,6.03,6.03,188,0
VTSI.US,5,20251015,154000,6.16,6.16,6.0112,6.0112,700,0
VTSI.US,5,20251015,155500,6.055,6.055,6.02,6.055,1500,0
VTSI.US,5,20251015,160000,6.0608,6.0999,6.055,6.055,4100,0
VTSI.US,5,20251015,163000,6.09,6.09,6.09,6.09,700,0
VTSI.US,5,20251015,164500,6.075,6.075,6.075,6.075,3000,0
VTSI.US,5,20251015,165000,6.075,6.09,6.075,6.09,2667,0
VTSI.US,5,20251015,170000,6.13,6.1632,6.13,6.15,1620,0
VTSI.US,5,20251015,172500,6.1101,6.1101,6.1101,6.1101,200,0
VTSI.US,5,20251015,174000,6.11,6.11,6.11,6.11,100,0
VTSI.US,5,20251015,174500,6.15,6.15,6.0973,6.0973,1131,0
VTSI.US,5,20251015,175000,6.09,6.09,6.09,6.09,100,0
VTSI.US,5,20251015,180000,6.1,6.1001,6.085,6.085,5500,0
VTSI.US,5,20251015,180500,6.1,6.1,6.1,6.1,141,0
VTSI.US,5,20251015,182000,6.0891,6.1425,6.0891,6.1425,264,0
VTSI.US,5,20251015,185000,6.0834,6.0834,6.0834,6.0834,100,0
VTSI.US,5,20251015,190500,6.1,6.1,6.07,6.07,700,0
VTSI.US,5,20251015,191000,6.0362,6.0362,6.0362,6.0362,100,0
VTSI.US,5,20251015,193000,6.045,6.0451,6.045,6.0451,4000,0
VTSI.US,5,20251015,193500,6.0622,6.0622,6.0622,6.0622,2000,0
VTSI.US,5,20251015,194500,6.07,6.07,6.07,6.07,130,0
VTSI.US,5,20251015,202500,6.07,6.07,6.07,6.07,100,0
VTSI.US,5,20251015,203000,6.07,6.08,6.07,6.08,560,0
VTSI.US,5,20251015,203500,6.07,6.105,6.07,6.105,1137,0
VTSI.US,5,20251015,204000,6.06,6.06,6.06,6.06,200,0
VTSI.US,5,20251015,204500,6.09,6.11,6.09,6.11,200,0
VTSI.US,5,20251015,205000,6.11,6.11,6.11,6.11,100,0
VTSI.US,5,20251015,205500,6.09,6.09,6.09,6.09,6987,0
VTSI.US,5,20251015,210000,6.13,6.13,6.13,6.13,100,0
VTSI.US,5,20251015,210500,6.1,6.1,6.091,6.091,600,0
VTSI.US,5,20251015,211000,6.1001,6.13,6.1001,6.13,242,0
VTSI.US,5,20251015,211500,6.11,6.13,6.11,6.13,398,0
VTSI.US,5,20251015,212500,6.1208,6.1208,6.1208,6.1208,100,0
VTSI.US,5,20251015,213000,6.135,6.135,6.135,6.135,200,0
VTSI.US,5,20251015,213500,6.12,6.12,6.0944,6.0944,2326,0
VTSI.US,5,20251015,214000,6.135,6.135,6.135,6.135,100,0
VTSI.US,5,20251015,214500,6.14,6.14,6.14,6.14,100,0
VTSI.US,5,20251015,215000,6.15,6.19,6.15,6.19,599,0
VTSI.US,5,20251015,215500,6.2,6.2,6.19,6.19,1072,0
VTSI.US,5,20251016,153000,6.17,6.17,6.11,6.11,1353,0
VTSI.US,5,20251016,153500,6.17,6.19,6.17,6.19,280,0
VTSI.US,5,20251016,155500,6.105,6.105,6.105,6.105,300,0
VTSI.US,5,20251016,160000,6.105,6.105,6.105,6.105,105,0
VTSI.US,5,20251016,160500,6.105,6.105,6.105,6.105,199,0
VTSI.US,5,20251016,161000,6.105,6.105,6.105,6.105,110,0
VTSI.US,5,20251016,163500,6.15,6.16,6.15,6.15,506,0
VTSI.US,5,20251016,172500,6.15,6.15,6.15,6.15,1463,0
VTSI.US,5,20251016,174000,6.0311,6.0311,6.0311,6.0311,150,0
VTSI.US,5,20251016,174500,6.031,6.04,6,6,2654,0
VTSI.US,5,20251016,175000,5.93,5.9864,5.93,5.98,800,0
VTSI.US,5,20251016,180500,5.925,5.925,5.925,5.925,100,0
VTSI.US,5,20251016,182000,5.98,5.98,5.98,5.98,100,0
VTSI.US,5,20251016,182500,5.91,6.05,5.83,6.01,13865,0
VTSI.US,5,20251016,184000,5.9952,5.9952,5.98,5.98,700,0
VTSI.US,5,20251016,184500,6.001,6.001,6.001,6.001,100,0
VTSI.US,5,20251016,185500,5.92,5.94,5.9,5.9,3967,0
VTSI.US,5,20251016,194500,5.8605,5.8605,5.8605,5.8605,1000,0
VTSI.US,5,20251016,195000,5.8826,5.8826,5.85,5.85,624,0
VTSI.US,5,20251016,195500,5.81,5.85,5.8,5.85,1418,0
VTSI.US,5,20251016,202500,5.7303,5.7303,5.7114,5.7114,450,0
VTSI.US,5,20251016,203500,5.78,5.78,5.77,5.77,200,0
VTSI.US,5,20251016,204000,5.7439,5.75,5.7439,5.75,430,0
VTSI.US,5,20251016,204500,5.75,5.76,5.72,5.75,1300,0
VTSI.US,5,20251016,205000,5.78,5.78,5.78,5.78,200,0
VTSI.US,5,20251016,205500,5.8,5.8,5.8,5.8,155,0
VTSI.US,5,20251016,210000,5.75,5.75,5.75,5.75,1965,0
VTSI.US,5,20251016,211000,5.8533,5.8533,5.8533,5.8533,150,0
VTSI.US,5,20251016,212000,5.74,5.74,5.74,5.74,100,0
VTSI.US,5,20251016,213000,5.83,5.83,5.83,5.83,525,0
VTSI.US,5,20251016,214000,5.75,5.75,5.75,5.75,100,0
VTSI.US,5,20251016,214500,5.74,5.775,5.74,5.75,601,0
VTSI.US,5,20251016,215000,5.73,5.73,5.73,5.73,100,0
VTSI.US,5,20251016,215500,5.72,5.74,5.72,5.72,649,0
VTSI.US,5,20251017,153000,5.75,5.75,5.75,5.75,158,0
VTSI.US,5,20251017,154000,5.943,5.943,5.943,5.943,100,0
VTSI.US,5,20251017,154500,5.94,5.94,5.94,5.94,100,0
VTSI.US,5,20251017,155000,5.8352,5.8352,5.8005,5.82,1000,0
VTSI.US,5,20251017,160000,5.8,5.8,5.8,5.8,100,0
VTSI.US,5,20251017,162000,5.8164,5.8164,5.8164,5.8164,750,0
VTSI.US,5,20251017,162500,5.8,5.8,5.78,5.78,2521,0
VTSI.US,5,20251017,163000,5.72,5.72,5.72,5.72,100,0
VTSI.US,5,20251017,163500,5.77,5.77,5.77,5.77,104,0
VTSI.US,5,20251017,164000,5.71,5.71,5.71,5.71,100,0
VTSI.US,5,20251017,165000,5.81,5.8492,5.81,5.8492,200,0
VTSI.US,5,20251017,170500,5.7899,5.7899,5.7899,5.7899,1000,0
VTSI.US,5,20251017,171000,5.7201,5.7201,5.72,5.72,1358,0
VTSI.US,5,20251017,171500,5.7,5.7,5.7,5.7,914,0
VTSI.US,5,20251017,173500,5.65,5.66,5.53,5.59,4398,0
VTSI.US,5,20251017,174500,5.56,5.56,5.56,5.56,825,0
VTSI.US,5,20251017,175000,5.6,5.6,5.6,5.6,100,0
VTSI.US,5,20251017,180500,5.64,5.65,5.64,5.65,547,0
VTSI.US,5,20251017,181000,5.655,5.655,5.655,5.655,200,0
VTSI.US,5,20251017,182500,5.65,5.65,5.64,5.64,666,0
VTSI.US,5,20251017,183000,5.66,5.66,5.66,5.66,400,0
VTSI.US,5,20251017,184000,5.65,5.65,5.64,5.64,1175,0
VTSI.US,5,20251017,184500,5.61,5.63,5.59,5.61,2203,0
VTSI.US,5,20251017,190000,5.63,5.63,5.63,5.63,220,0
VTSI.US,5,20251017,191500,5.615,5.615,5.615,5.615,100,0
VTSI.US,5,20251017,192000,5.53,5.53,5.53,5.53,513,0
VTSI.US,5,20251017,192500,5.6,5.6,5.56,5.56,400,0
VTSI.US,5,20251017,194000,5.6,5.6,5.6,5.6,1786,0
VTSI.US,5,20251017,201500,5.6074,5.6074,5.6074,5.6074,500,0
VTSI.US,5,20251017,202000,5.598,5.598,5.598,5.598,250,0
VTSI.US,5,20251017,203500,5.61,5.61,5.61,5.61,100,0
VTSI.US,5,20251017,204000,5.61,5.61,5.61,5.61,290,0
VTSI.US,5,20251017,210000,5.615,5.615,5.615,5.615,116,0
VTSI.US,5,20251017,210500,5.6,5.63,5.6,5.63,200,0
VTSI.US,5,20251017,211500,5.64,5.64,5.64,5.64,1100,0
VTSI.US,5,20251017,212000,5.63,5.63,5.63,5.63,220,0
VTSI.US,5,20251017,212500,5.66,5.66,5.66,5.66,100,0
VTSI.US,5,20251017,214000,5.61,5.61,5.61,5.61,100,0
VTSI.US,5,20251017,215500,5.58,5.65,5.58,5.65,614,0
VTSI.US,5,20251020,153000,5.7,5.7,5.7,5.7,132,0
VTSI.US,5,20251020,154000,5.75,5.79,5.75,5.79,200,0
VTSI.US,5,20251020,155500,5.8,5.8,5.8,5.8,100,0
VTSI.US,5,20251020,161000,5.8026,5.8026,5.8026,5.8026,1000,0
VTSI.US,5,20251020,161500,5.8,5.8,5.79,5.8,977,0
VTSI.US,5,20251020,162000,5.705,5.705,5.705,5.705,100,0
VTSI.US,5,20251020,162500,5.8529,5.8529,5.8529,5.8529,681,0
VTSI.US,5,20251020,163500,5.8694,5.8694,5.8694,5.8694,1000,0
VTSI.US,5,20251020,165000,5.85,5.85,5.8493,5.8499,600,0
VTSI.US,5,20251020,165500,5.7372,5.84,5.7372,5.84,588,0
VTSI.US,5,20251020,170000,5.84,5.8499,5.82,5.82,610,0
VTSI.US,5,20251020,170500,5.7384,5.74,5.73,5.74,1563,0
VTSI.US,5,20251020,171500,5.8,5.839,5.8,5.839,200,0
VTSI.US,5,20251020,174000,5.8049,5.8049,5.8049,5.8049,330,0
VTSI.US,5,20251020,174500,5.78,5.79,5.78,5.79,200,0
VTSI.US,5,20251020,175000,5.81,5.86,5.78,5.8,2210,0
VTSI.US,5,20251020,175500,5.8,5.8,5.8,5.8,100,0
VTSI.US,5,20251020,190500,5.815,5.827,5.7983,5.8151,1508,0
VTSI.US,5,20251020,202000,5.8088,5.8088,5.795,5.795,2068,0
VTSI.US,5,20251020,202500,5.8,5.8,5.76,5.76,344,0
VTSI.US,5,20251020,203000,5.765,5.81,5.765,5.81,595,0
VTSI.US,5,20251020,210500,5.77,5.77,5.77,5.77,100,0
VTSI.US,5,20251020,211000,5.7504,5.76,5.7401,5.7504,3280,0
VTSI.US,5,20251020,211500,5.7775,5.7874,5.765,5.7874,300,0
VTSI.US,5,20251020,212000,5.79,5.79,5.79,5.79,100,0
VTSI.US,5,20251020,212500,5.79,5.79,5.79,5.79,100,0
VTSI.US,5,20251020,213000,5.79,5.79,5.79,5.79,256,0
VTSI.US,5,20251020,214000,5.785,5.785,5.785,5.785,100,0
VTSI.US,5,20251020,214500,5.8,5.8,5.79,5.79,532,0
VTSI.US,5,20251020,215000,5.79,5.81,5.79,5.81,1081,0
VTSI.US,5,20251020,215500,5.81,5.81,5.76,5.79,1207,0
VTSI.US,5,20251021,153000,5.84,5.9048,5.84,5.9048,245,0
VTSI.US,5,20251021,153500,5.94,5.94,5.94,5.94,200,0
VTSI.US,5,20251021,160500,5.72,5.72,5.72,5.72,200,0
VTSI.US,5,20251021,162000,5.8499,5.8499,5.8499,5.8499,250,0
VTSI.US,5,20251021,162500,5.84,5.84,5.84,5.84,100,0
VTSI.US,5,20251021,165500,5.8204,5.85,5.82,5.82,700,0
VTSI.US,5,20251021,170000,5.808,5.808,5.808,5.808,200,0
VTSI.US,5,20251021,170500,5.85,5.85,5.85,5.85,100,0
VTSI.US,5,20251021,172000,5.82,5.83,5.81,5.83,4400,0
VTSI.US,5,20251021,172500,5.86,5.88,5.85,5.88,1600,0
VTSI.US,5,20251021,173000,5.92,5.97,5.92,5.97,200,0
VTSI.US,5,20251021,173500,5.89,5.89,5.79,5.79,899,0
VTSI.US,5,20251021,174000,5.875,5.875,5.875,5.875,100,0
VTSI.US,5,20251021,175000,5.88,5.88,5.88,5.88,100,0
VTSI.US,5,20251021,180000,5.885,5.885,5.82,5.82,900,0
VTSI.US,5,20251021,181000,5.89,5.89,5.89,5.89,300,0
VTSI.US,5,20251021,181500,5.89,5.89,5.89,5.89,100,0
VTSI.US,5,20251021,182500,5.89,5.89,5.89,5.89,100,0
VTSI.US,5,20251021,183500,5.8702,5.8702,5.8702,5.8702,220,0
VTSI.US,5,20251021,184000,5.895,5.9,5.895,5.9,300,0
VTSI.US,5,20251021,191500,5.9,5.925,5.81,5.81,700,0
VTSI.US,5,20251021,192000,5.81,5.81,5.81,5.81,100,0
VTSI.US,5,20251021,192500,5.8828,5.8828,5.8828,5.8828,110,0
VTSI.US,5,20251021,193500,5.885,5.885,5.885,5.885,100,0
VTSI.US,5,20251021,194500,5.885,5.885,5.885,5.885,400,0
VTSI.US,5,20251021,195000,5.94,5.94,5.94,5.94,100,0
VTSI.US,5,20251021,200000,5.905,5.905,5.905,5.905,322,0
VTSI.US,5,20251021,203500,5.905,5.905,5.905,5.905,100,0
VTSI.US,5,20251021,204500,5.885,5.885,5.885,5.885,100,0
VTSI.US,5,20251021,210500,5.88,5.88,5.87,5.87,200,0
VTSI.US,5,20251021,215500,5.9,5.92,5.9,5.91,668,0
VTSI.US,5,20251022,153000,5.94,5.94,5.94,5.94,309,0
VTSI.US,5,20251022,154000,5.82,5.82,5.81,5.81,300,0
VTSI.US,5,20251022,160000,5.85,5.85,5.85,5.85,269,0
VTSI.US,5,20251022,161000,5.895,5.895,5.895,5.895,100,0
VTSI.US,5,20251022,170000,5.875,5.875,5.875,5.875,100,0
VTSI.US,5,20251022,171500,5.78,5.84,5.705,5.77,1400,0
VTSI.US,5,20251022,172000,5.71,5.71,5.7,5.71,600,0
VTSI.US,5,20251022,173000,5.81,5.81,5.81,5.81,507,0
VTSI.US,5,20251022,173500,5.76,5.76,5.76,5.76,100,0
VTSI.US,5,20251022,174000,5.82,5.82,5.82,5.82,100,0
VTSI.US,5,20251022,175000,5.76,5.76,5.76,5.76,515,0
VTSI.US,5,20251022,175500,5.77,5.77,5.77,5.77,100,0
VTSI.US,5,20251022,180000,5.7352,5.7352,5.7352,5.7352,400,0
VTSI.US,5,20251022,180500,5.735,5.735,5.735,5.735,181,0
VTSI.US,5,20251022,182000,5.72,5.77,5.72,5.77,300,0
VTSI.US,5,20251022,182500,5.73,5.73,5.73,5.73,400,0
VTSI.US,5,20251022,184500,5.77,5.77,5.77,5.77,100,0
VTSI.US,5,20251022,185000,5.7278,5.7278,5.7107,5.7107,736,0
VTSI.US,5,20251022,185500,5.72,5.72,5.72,5.72,100,0
VTSI.US,5,20251022,191000,5.7106,5.7106,5.7106,5.7106,200,0
VTSI.US,5,20251022,192000,5.71,5.71,5.63,5.63,536,0
VTSI.US,5,20251022,193000,5.73,5.73,5.73,5.73,100,0
VTSI.US,5,20251022,195500,5.72,5.72,5.72,5.72,100,0
VTSI.US,5,20251022,200000,5.6707,5.6707,5.6707,5.6707,161,0
VTSI.US,5,20251022,201500,5.72,5.72,5.72,5.72,100,0
VTSI.US,5,20251022,202000,5.73,5.73,5.73,5.73,100,0
VTSI.US,5,20251022,204000,5.7,5.7,5.7,5.7,700,0
VTSI.US,5,20251022,204500,5.68,5.68,5.68,5.68,100,0
VTSI.US,5,20251022,210000,5.73,5.73,5.73,5.73,100,0
VTSI.US,5,20251022,211500,5.715,5.715,5.715,5.715,100,0
VTSI.US,5,20251022,212000,5.78,5.78,5.78,5.78,100,0
VTSI.US,5,20251022,213500,5.77,5.77,5.77,5.77,100,0
VTSI.US,5,20251022,214500,5.75,5.75,5.75,5.75,100,0
VTSI.US,5,20251022,215000,5.75,5.76,5.72,5.76,2594,0
VTSI.US,5,20251022,215500,5.83,5.84,5.83,5.84,673,0
VTSI.US,5,20251023,153000,5.83,5.83,5.82,5.82,450,0
VTSI.US,5,20251023,153500,5.755,5.82,5.755,5.81,4087,0
VTSI.US,5,20251023,154000,5.9,5.9,5.9,5.9,100,0
VTSI.US,5,20251023,154500,5.9,5.922,5.8101,5.8101,1410,0
VTSI.US,5,20251023,160500,5.8161,5.8161,5.8161,5.8161,100,0
VTSI.US,5,20251023,164500,5.89,5.89,5.89,5.89,100,0
VTSI.US,5,20251023,171500,5.8101,5.8101,5.8101,5.8101,4000,0
VTSI.US,5,20251023,173000,5.82,5.82,5.82,5.82,100,0
VTSI.US,5,20251023,174500,5.8323,5.8323,5.8323,5.8323,100,0
VTSI.US,5,20251023,190500,5.845,5.845,5.845,5.845,100,0
VTSI.US,5,20251023,191000,5.845,5.845,5.8098,5.8098,975,0
VTSI.US,5,20251023,192000,5.8,5.8,5.8,5.8,100,0
VTSI.US,5,20251023,194000,5.8505,5.8505,5.8505,5.8505,100,0
VTSI.US,5,20251023,195000,5.9,5.9,5.9,5.9,1006,0
VTSI.US,5,20251023,204000,5.92,5.92,5.92,5.92,100,0
VTSI.US,5,20251023,205000,5.9,5.9,5.9,5.9,215,0
VTSI.US,5,20251023,210500,5.92,5.92,5.92,5.92,100,0
VTSI.US,5,20251023,213500,5.95,5.95,5.95,5.95,1349,0
VTSI.US,5,20251023,214000,5.9,5.9,5.9,5.9,100,0
VTSI.US,5,20251023,214500,5.925,5.95,5.925,5.95,300,0
VTSI.US,5,20251023,215000,5.935,5.935,5.93,5.93,200,0
VTSI.US,5,20251023,215500,5.95,5.95,5.93,5.93,734,0
VTSI.US,5,20251024,153000,6.01,6.19,6.01,6.05,2161,0
VTSI.US,5,20251024,153500,6.01,6.01,5.91,6.01,700,0
VTSI.US,5,20251024,155000,6.065,6.065,6.065,6.065,100,0
VTSI.US,5,20251024,155500,5.96,5.96,5.96,5.96,100,0
VTSI.US,5,20251024,160500,6.1,6.15,5.92,5.92,4473,0
VTSI.US,5,20251024,171000,5.95,6.005,5.95,5.95,1772,0
VTSI.US,5,20251024,172500,5.98,6.08,5.98,6.08,7398,0
VTSI.US,5,20251024,174500,6.065,6.065,6.065,6.065,1000,0
VTSI.US,5,20251024,175000,6.01,6.1399,6.01,6.065,7200,0
VTSI.US,5,20251024,180500,6.07,6.07,6.06,6.07,1403,0
VTSI.US,5,20251024,181500,6.0001,6.0001,6.0001,6.0001,550,0
VTSI.US,5,20251024,182000,6.14,6.14,6.14,6.14,100,0
VTSI.US,5,20251024,184500,6.06,6.06,6.06,6.06,200,0
VTSI.US,5,20251024,190500,6.0273,6.03,6.0273,6.03,200,0
VTSI.US,5,20251024,191000,6.04,6.04,6.04,6.04,100,0
VTSI.US,5,20251024,191500,6.087,6.087,6.087,6.087,250,0
VTSI.US,5,20251024,194500,6.04,6.04,6.04,6.04,1600,0
VTSI.US,5,20251024,195000,6.068,6.165,6.068,6.165,2548,0
VTSI.US,5,20251024,200500,6.1685,6.1685,6.1613,6.1613,1103,0
VTSI.US,5,20251024,202000,6.1567,6.1762,6.15,6.1762,3350,0
VTSI.US,5,20251024,203000,6.175,6.2,6.15,6.18,1443,0
VTSI.US,5,20251024,204500,6.15,6.16,6.15,6.16,500,0
VTSI.US,5,20251024,211000,6.16,6.16,6.16,6.16,300,0
VTSI.US,5,20251024,211500,6.15,6.19,6.14,6.18,1200,0
VTSI.US,5,20251024,212500,6.15,6.15,6.15,6.15,200,0
VTSI.US,5,20251024,213000,6.16,6.16,6.14,6.14,300,0
VTSI.US,5,20251024,213500,6.14,6.18,6.14,6.16,6700,0
VTSI.US,5,20251024,214000,6.15,6.15,6.15,6.15,500,0
VTSI.US,5,20251024,215000,6.175,6.2,6.175,6.19,1737,0
VTSI.US,5,20251024,215500,6.19,6.25,6.19,6.25,708,0
VTSI.US,5,20251027,143000,6.29,6.29,6.155,6.155,3485,0
VTSI.US,5,20251027,143500,6.2107,6.2107,6.1302,6.1302,1700,0
VTSI.US,5,20251027,144000,6.2,6.2,6.2,6.2,195,0
VTSI.US,5,20251027,144500,6.225,6.225,6.16,6.16,200,0
VTSI.US,5,20251027,150000,6.17,6.17,6.17,6.17,100,0
VTSI.US,5,20251027,150500,6.216,6.216,6.17,6.17,496,0
VTSI.US,5,20251027,151000,6.17,6.19,6.105,6.105,400,0
VTSI.US,5,20251027,154500,6.16,6.16,6.14,6.14,603,0
VTSI.US,5,20251027,160500,6.0371,6.0371,6.0371,6.0371,184,0
VTSI.US,5,20251027,161500,6.04,6.04,6.04,6.04,100,0
VTSI.US,5,20251027,170500,6.1048,6.1048,6.1048,6.1048,100,0
VTSI.US,5,20251027,171000,6.07,6.08,6.06,6.08,3200,0
VTSI.US,5,20251027,171500,6.115,6.115,6.115,6.115,100,0
VTSI.US,5,20251027,174500,6.1,6.1,6.1,6.1,200,0
VTSI.US,5,20251027,181000,6.07,6.07,6.04,6.06,700,0
VTSI.US,5,20251027,182000,6.005,6.005,6.005,6.005,100,0
VTSI.US,5,20251027,184500,6.07,6.07,6.05,6.05,200,0
VTSI.US,5,20251027,185000,6.05,6.05,6.05,6.05,1298,0
VTSI.US,5,20251027,190000,6.065,6.065,6.065,6.065,100,0
VTSI.US,5,20251027,190500,6.045,6.045,6.045,6.045,800,0
VTSI.US,5,20251027,191000,6.0467,6.0467,6.0433,6.0433,200,0
VTSI.US,5,20251027,191500,6.048,6.07,6.02,6.06,2900,0
VTSI.US,5,20251027,192500,6.03,6.03,6.03,6.03,100,0
VTSI.US,5,20251027,201000,6.03,6.03,6.03,6.03,154,0
VTSI.US,5,20251027,201500,6.03,6.03,6.02,6.03,1068,0
VTSI.US,5,20251027,202000,6.04,6.04,6.04,6.04,100,0
VTSI.US,5,20251027,203500,6.03,6.03,6.03,6.03,100,0
VTSI.US,5,20251027,205000,6.02,6.02,6.02,6.02,130,0
VTSI.US,5,20251027,205500,6.02,6.05,6.02,6.03,2724,0
VTSI.US,5,20251028,143000,6.1,6.1,6.0703,6.0703,1510,0
VTSI.US,5,20251028,143500,6.03,6.03,6.03,6.03,125,0
VTSI.US,5,20251028,144500,6.03,6.06,6.02,6.02,951,0
VTSI.US,5,20251028,150000,6.05,6.05,6.05,6.05,166,0
VTSI.US,5,20251028,153500,6.09,6.18,6.09,6.153,1098,0
VTSI.US,5,20251028,154500,6.24,6.24,6.24,6.24,100,0
VTSI.US,5,20251028,155500,6.18,6.18,6.12,6.16,1460,0
VTSI.US,5,20251028,161000,6.18,6.18,6.18,6.18,100,0
VTSI.US,5,20251028,161500,6.145,6.145,6.145,6.145,100,0
VTSI.US,5,20251028,162000,6.15,6.15,6.1108,6.1108,1542,0
VTSI.US,5,20251028,163500,6.11,6.11,6.11,6.11,100,0
VTSI.US,5,20251028,165500,6.0724,6.0724,6.0724,6.0724,126,0
VTSI.US,5,20251028,171500,6.1113,6.1113,6.1113,6.1113,1000,0
VTSI.US,5,20251028,181000,6.145,6.145,6.145,6.145,500,0
VTSI.US,5,20251028,182000,6.14,6.14,6.14,6.14,500,0
VTSI.US,5,20251028,185000,6.1565,6.1565,6.1565,6.1565,161,0
VTSI.US,5,20251028,191500,6.1732,6.1732,6.1732,6.1732,519,0
VTSI.US,5,20251028,193000,6.16,6.16,6.16,6.16,100,0
VTSI.US,5,20251028,201500,6.14,6.1401,6.14,6.1401,400,0
VTSI.US,5,20251028,202500,6.156,6.156,6.156,6.156,1000,0
VTSI.US,5,20251028,203000,6.15,6.15,6.15,6.15,100,0
VTSI.US,5,20251028,204500,6.155,6.16,6.14,6.16,1600,0
VTSI.US,5,20251028,205000,6.16,6.16,6.16,6.16,100,0
VTSI.US,5,20251028,205500,6.16,6.16,6.16,6.16,342,0
VTSI.US,5,20251029,143000,6.05,6.05,6.05,6.05,4089,0
VTSI.US,5,20251029,143500,6.06,6.06,6.06,6.06,100,0
VTSI.US,5,20251029,145000,6.07,6.07,6.07,6.07,1200,0
VTSI.US,5,20251029,150000,6.15,6.15,6.15,6.15,366,0
VTSI.US,5,20251029,151000,6.155,6.155,6.155,6.155,4745,0
VTSI.US,5,20251029,151500,6.16,6.17,6.15,6.17,1750,0
VTSI.US,5,20251029,152500,6.09,6.09,6.09,6.09,133,0
VTSI.US,5,20251029,153500,6.08,6.08,6.08,6.08,133,0
VTSI.US,5,20251029,155500,6.12,6.2387,6.11,6.235,2024,0
VTSI.US,5,20251029,160500,6.16,6.16,6.16,6.16,500,0
VTSI.US,5,20251029,163500,6.1517,6.1517,6.1517,6.1517,607,0
VTSI.US,5,20251029,164000,6.19,6.19,6.17,6.17,200,0
VTSI.US,5,20251029,170000,6.17,6.17,6.16,6.17,300,0
VTSI.US,5,20251029,172500,6.185,6.185,6.185,6.185,222,0
VTSI.US,5,20251029,174000,6.2305,6.2305,6.2305,6.2305,300,0
VTSI.US,5,20251029,175500,6.2361,6.2361,6.16,6.16,3878,0
VTSI.US,5,20251029,183000,6.16,6.16,6.1146,6.1146,200,0
VTSI.US,5,20251029,183500,6.1708,6.1708,6.1708,6.1708,100,0
VTSI.US,5,20251029,184500,6.175,6.175,6.175,6.175,800,0
VTSI.US,5,20251029,190000,6.15,6.18,6.15,6.18,300,0
VTSI.US,5,20251029,191500,6.1,6.1,6.1,6.1,500,0
VTSI.US,5,20251029,192000,6.09,6.09,6.09,6.09,100,0
VTSI.US,5,20251029,193500,6.09,6.095,6.09,6.095,300,0
VTSI.US,5,20251029,194500,6.08,6.08,6.08,6.08,100,0
VTSI.US,5,20251029,202500,6.06,6.06,6.06,6.06,100,0
VTSI.US,5,20251029,203000,6.02,6.02,5.99,5.99,740,0
VTSI.US,5,20251029,204500,5.94,5.97,5.94,5.94,400,0
VTSI.US,5,20251029,205000,5.99,5.99,5.99,5.99,208,0
VTSI.US,5,20251029,205500,5.99,6.01,5.96,6.01,892,0
VTSI.US,5,20251030,143000,5.93,5.93,5.8001,5.8594,966,0
VTSI.US,5,20251030,144000,5.915,5.915,5.8201,5.8201,2443,0
VTSI.US,5,20251030,144500,5.84,5.84,5.84,5.84,800,0
VTSI.US,5,20251030,145000,5.91,6.01,5.91,6.01,800,0
VTSI.US,5,20251030,152500,5.9,5.9,5.9,5.9,100,0
VTSI.US,5,20251030,154000,5.9236,5.9236,5.9236,5.9236,197,0
VTSI.US,5,20251030,155000,5.97,5.97,5.92,5.97,1107,0
VTSI.US,5,20251030,160000,5.975,5.975,5.975,5.975,100,0
VTSI.US,5,20251030,160500,5.9804,5.9804,5.93,5.93,2400,0
VTSI.US,5,20251030,161000,5.9,5.9,5.9,5.9,100,0
VTSI.US,5,20251030,161500,5.901,5.901,5.815,5.815,4964,0
VTSI.US,5,20251030,165500,5.9,5.9,5.85,5.85,300,0
VTSI.US,5,20251030,174000,5.87,5.87,5.83,5.83,848,0
VTSI.US,5,20251030,180000,5.915,5.915,5.915,5.915,200,0
VTSI.US,5,20251030,180500,5.91,5.91,5.91,5.91,100,0
VTSI.US,5,20251030,182500,5.9096,5.9096,5.9096,5.9096,160,0
VTSI.US,5,20251030,185000,5.89,5.89,5.89,5.89,500,0
VTSI.US,5,20251030,185500,5.9,5.9,5.89,5.8901,300,0
VTSI.US,5,20251030,190000,5.945,5.945,5.895,5.895,200,0
VTSI.US,5,20251030,191500,5.945,5.945,5.905,5.905,200,0
VTSI.US,5,20251030,193500,5.89,5.8916,5.89,5.8916,352,0
VTSI.US,5,20251030,200000,5.8301,5.8301,5.8301,5.8301,367,0
VTSI.US,5,20251030,200500,5.835,5.835,5.835,5.835,100,0
VTSI.US,5,20251030,201500,5.91,5.91,5.91,5.91,100,0
VTSI.US,5,20251030,204500,5.83,5.86,5.83,5.86,1699,0
VTSI.US,5,20251030,205000,5.86,5.9,5.86,5.9,200,0
VTSI.US,5,20251030,205500,5.89,5.89,5.89,5.89,622,0
VTSI.US,5,20251031,143000,5.9,5.9,5.9,5.9,101,0
VTSI.US,5,20251031,144500,5.89,5.9,5.89,5.9,761,0
VTSI.US,5,20251031,145500,5.9299,5.9299,5.9299,5.9299,960,0
VTSI.US,5,20251031,150500,5.88,5.88,5.88,5.88,100,0
VTSI.US,5,20251031,153500,5.925,5.925,5.925,5.925,100,0
VTSI.US,5,20251031,154500,5.9,5.995,5.9,5.995,500,0
VTSI.US,5,20251031,155500,5.98,5.98,5.98,5.98,100,0
VTSI.US,5,20251031,163500,6.0076,6.0076,6,6,300,0
VTSI.US,5,20251031,171000,5.89,5.89,5.88,5.89,600,0
VTSI.US,5,20251031,171500,5.86,5.91,5.85,5.91,778,0
VTSI.US,5,20251031,172500,5.855,5.855,5.855,5.855,100,0
VTSI.US,5,20251031,182000,5.9,5.9,5.9,5.9,100,0
VTSI.US,5,20251031,190000,5.96,5.96,5.96,5.96,200,0
VTSI.US,5,20251031,193500,5.96,5.96,5.96,5.96,100,0
VTSI.US,5,20251031,200500,5.91,5.935,5.89,5.935,833,0
VTSI.US,5,20251031,201000,5.94,5.955,5.94,5.955,3382,0
VTSI.US,5,20251031,201500,5.95,5.95,5.95,5.95,100,0
VTSI.US,5,20251031,203000,5.99,6.01,5.99,6.01,308,0
VTSI.US,5,20251031,204000,6.08,6.08,6.08,6.08,100,0
VTSI.US,5,20251031,204500,6.06,6.06,6.06,6.06,100,0
VTSI.US,5,20251031,205000,6.01,6.01,6.01,6.01,107,0
VTSI.US,5,20251031,205500,6.07,6.07,6.01,6.01,426,0
VTSI.US,5,20251103,153000,6.08,6.08,5.898,5.94,3210,0
VTSI.US,5,20251103,153500,5.8101,5.8101,5.8101,5.8101,1004,0
VTSI.US,5,20251103,154000,6.0199,6.0199,6.0199,6.0199,100,0
VTSI.US,5,20251103,162500,6.0263,6.0263,6.0263,6.0263,170,0
VTSI.US,5,20251103,171500,5.98,5.98,5.97,5.97,200,0
VTSI.US,5,20251103,172500,6.018,6.018,5.98,5.98,269,0
VTSI.US,5,20251103,173500,5.95,5.95,5.95,5.95,100,0
VTSI.US,5,20251103,181500,5.9,5.91,5.9,5.91,400,0
VTSI.US,5,20251103,184000,5.91,5.91,5.91,5.91,100,0
VTSI.US,5,20251103,184500,5.9001,5.9001,5.9,5.9,901,0
VTSI.US,5,20251103,194000,5.85,5.85,5.85,5.85,200,0
VTSI.US,5,20251103,202500,5.9,5.9008,5.9,5.9008,661,0
VTSI.US,5,20251103,204000,5.87,5.87,5.84,5.84,300,0
VTSI.US,5,20251103,204500,5.835,5.835,5.835,5.835,100,0
VTSI.US,5,20251103,210000,5.83,5.83,5.83,5.83,100,0
VTSI.US,5,20251103,211000,5.84,5.84,5.84,5.84,200,0
VTSI.US,5,20251103,211500,5.835,5.835,5.8101,5.8101,1200,0
VTSI.US,5,20251103,212000,5.846,5.846,5.84,5.84,600,0
VTSI.US,5,20251103,212500,5.84,5.84,5.84,5.84,100,0
VTSI.US,5,20251103,213000,5.84,5.84,5.84,5.84,100,0
VTSI.US,5,20251103,213500,5.8432,5.8432,5.8432,5.8432,300,0
VTSI.US,5,20251103,214500,5.84,5.84,5.84,5.84,100,0
VTSI.US,5,20251103,215000,5.825,5.86,5.825,5.86,200,0
VTSI.US,5,20251103,215500,5.9,5.905,5.785,5.785,2169,0
VTSI.US,5,20251104,153000,5.72,5.9275,5.72,5.9275,709,0
VTSI.US,5,20251104,154500,5.71,5.72,5.41,5.41,14180,0
VTSI.US,5,20251104,155000,5.6111,5.66,5.6111,5.66,400,0
VTSI.US,5,20251104,160500,5.52,5.52,5.52,5.52,147,0
VTSI.US,5,20251104,161000,5.605,5.605,5.605,5.605,275,0
VTSI.US,5,20251104,162000,5.61,5.61,5.61,5.61,300,0
VTSI.US,5,20251104,164000,5.68,5.69,5.68,5.68,669,0
VTSI.US,5,20251104,164500,5.65,5.67,5.65,5.65,1000,0
VTSI.US,5,20251104,172500,5.67,5.68,5.67,5.68,200,0
VTSI.US,5,20251104,174500,5.69,5.69,5.59,5.59,1049,0
VTSI.US,5,20251104,185500,5.655,5.6675,5.655,5.665,400,0
VTSI.US,5,20251104,191000,5.655,5.655,5.655,5.655,350,0
VTSI.US,5,20251104,191500,5.66,5.66,5.61,5.63,2000,0
VTSI.US,5,20251104,192500,5.6,5.6,5.6,5.6,600,0
VTSI.US,5,20251104,193000,5.58,5.58,5.55,5.575,2384,0
VTSI.US,5,20251104,193500,5.552,5.575,5.552,5.575,400,0
VTSI.US,5,20251104,194000,5.58,5.58,5.58,5.58,104,0
VTSI.US,5,20251104,194500,5.585,5.5975,5.585,5.585,3400,0
VTSI.US,5,20251104,200500,5.625,5.625,5.58,5.58,300,0
VTSI.US,5,20251104,201000,5.63,5.63,5.63,5.63,116,0
VTSI.US,5,20251104,202000,5.58,5.58,5.58,5.58,100,0
VTSI.US,5,20251104,205500,5.58,5.58,5.58,5.58,280,0
VTSI.US,5,20251104,211000,5.58,5.58,5.58,5.58,100,0
VTSI.US,5,20251104,212500,5.61,5.61,5.574,5.574,474,0
VTSI.US,5,20251104,213500,5.5947,5.5947,5.5947,5.5947,108,0
VTSI.US,5,20251104,214000,5.57,5.585,5.5697,5.585,2500,0
VTSI.US,5,20251104,214500,5.59,5.59,5.59,5.59,157,0
VTSI.US,5,20251104,215000,5.55,5.56,5.51,5.56,4485,0
VTSI.US,5,20251104,215500,5.56,5.56,5.5,5.54,967,0
VTSI.US,5,20251105,153000,5.51,5.57,5.51,5.57,392,0
VTSI.US,5,20251105,154000,5.51,5.51,5.51,5.51,1000,0
VTSI.US,5,20251105,165500,5.5539,5.745,5.551,5.745,700,0
VTSI.US,5,20251105,170500,5.68,5.68,5.68,5.68,100,0
VTSI.US,5,20251105,171000,5.56,5.56,5.56,5.56,100,0
VTSI.US,5,20251105,171500,5.6,5.63,5.6,5.605,1600,0
VTSI.US,5,20251105,172500,5.52,5.52,5.52,5.52,200,0
VTSI.US,5,20251105,174500,5.52,5.52,5.52,5.52,100,0
VTSI.US,5,20251105,175000,5.585,5.585,5.585,5.585,175,0
VTSI.US,5,20251105,180000,5.59,5.59,5.56,5.56,235,0
VTSI.US,5,20251105,181500,5.6299,5.6299,5.625,5.625,500,0
VTSI.US,5,20251105,184500,5.57,5.58,5.555,5.58,861,0
VTSI.US,5,20251105,190000,5.6493,5.6493,5.6493,5.6493,212,0
VTSI.US,5,20251105,192500,5.61,5.61,5.61,5.61,100,0
VTSI.US,5,20251105,193500,5.63,5.63,5.63,5.63,100,0
VTSI.US,5,20251105,194500,5.64,5.64,5.64,5.64,100,0
VTSI.US,5,20251105,200500,5.62,5.62,5.62,5.62,100,0
VTSI.US,5,20251105,202000,5.57,5.57,5.57,5.57,100,0
VTSI.US,5,20251105,203000,5.605,5.605,5.605,5.605,100,0
VTSI.US,5,20251105,212000,5.6275,5.65,5.6275,5.65,204,0
VTSI.US,5,20251105,214000,5.72,5.72,5.71,5.72,1300,0
VTSI.US,5,20251105,214500,5.64,5.65,5.64,5.65,200,0
VTSI.US,5,20251105,215000,5.64,5.64,5.6,5.605,400,0
VTSI.US,5,20251105,215500,5.65,5.65,5.65,5.65,160,0
VTSI.US,5,20251106,154000,5.58,5.58,5.58,5.58,600,0
VTSI.US,5,20251106,154500,5.63,5.6331,5.58,5.58,1720,0
VTSI.US,5,20251106,160000,5.72,5.72,5.5602,5.645,1700,0
VTSI.US,5,20251106,164000,5.594,5.65,5.594,5.65,400,0
VTSI.US,5,20251106,164500,5.56,5.59,5.52,5.59,824,0
VTSI.US,5,20251106,165000,5.6255,5.6255,5.6255,5.6255,600,0
VTSI.US,5,20251106,165500,5.53,5.53,5.51,5.5101,604,0
VTSI.US,5,20251106,171000,5.52,5.55,5.46,5.46,4907,0
VTSI.US,5,20251106,171500,5.5,5.5,5.4057,5.4057,2710,0
VTSI.US,5,20251106,172500,5.5446,5.5446,5.5446,5.5446,333,0
VTSI.US,5,20251106,174500,5.4,5.4,5.4,5.4,200,0
VTSI.US,5,20251106,180500,5.4,5.4,5.4,5.4,100,0
VTSI.US,5,20251106,182000,5.41,5.41,5.4,5.4,552,0
VTSI.US,5,20251106,183000,5.4,5.4,5.4,5.4,1000,0
VTSI.US,5,20251106,185500,5.46,5.46,5.46,5.46,100,0
VTSI.US,5,20251106,192500,5.44,5.44,5.44,5.44,100,0
VTSI.US,5,20251106,193500,5.44,5.44,5.44,5.44,634,0
VTSI.US,5,20251106,194000,5.45,5.49,5.45,5.49,600,0
VTSI.US,5,20251106,195000,5.45,5.45,5.45,5.45,400,0
VTSI.US,5,20251106,195500,5.47,5.47,5.47,5.47,400,0
VTSI.US,5,20251106,202000,5.47,5.47,5.45,5.45,200,0
VTSI.US,5,20251106,203500,5.45,5.45,5.45,5.45,100,0
VTSI.US,5,20251106,205000,5.475,5.475,5.46,5.46,600,0
VTSI.US,5,20251106,211500,5.45,5.45,5.45,5.45,100,0
VTSI.US,5,20251106,213500,5.45,5.45,5.45,5.45,225,0
VTSI.US,5,20251106,214500,5.42,5.42,5.4,5.4,3182,0
VTSI.US,5,20251106,215000,5.4225,5.43,5.4225,5.43,360,0
VTSI.US,5,20251106,215500,5.43,5.43,5.4,5.4,779,0
VTSI.US,5,20251107,153000,5.29,5.4,5.2,5.4,3246,0
VTSI.US,5,20251107,155000,5.312,5.42,5.312,5.42,509,0
VTSI.US,5,20251107,161000,5.42,5.42,5.42,5.42,199,0
VTSI.US,5,20251107,164500,5.344949,5.344949,5.344949,5.344949,340,0
VTSI.US,5,20251107,170500,5.385,5.385,5.385,5.385,575,0
VTSI.US,5,20251107,173000,5.39,5.39,5.39,5.39,400,0
VTSI.US,5,20251107,175000,5.3536,5.3536,5.3536,5.3536,965,0
VTSI.US,5,20251107,175500,5.35,5.37,5.35,5.36,1742,0
VTSI.US,5,20251107,180500,5.32,5.32,5.32,5.32,446,0
VTSI.US,5,20251107,181000,5.31,5.31,5.31,5.31,100,0
VTSI.US,5,20251107,181500,5.34,5.34,5.34,5.34,100,0
VTSI.US,5,20251107,183000,5.3699,5.37,5.36,5.37,5400,0
VTSI.US,5,20251107,184000,5.4,5.4,5.4,5.4,695,0
VTSI.US,5,20251107,184500,5.38,5.38,5.38,5.38,100,0
VTSI.US,5,20251107,185500,5.35,5.35,5.35,5.35,100,0
VTSI.US,5,20251107,191500,5.3525,5.3525,5.3525,5.3525,100,0
VTSI.US,5,20251107,192500,5.38,5.38,5.38,5.38,800,0
VTSI.US,5,20251107,195500,5.33,5.33,5.33,5.33,100,0
VTSI.US,5,20251107,201000,5.37,5.38,5.37,5.38,1131,0
VTSI.US,5,20251107,204500,5.36,5.4,5.36,5.4,200,0
VTSI.US,5,20251107,214000,5.39,5.39,5.39,5.39,100,0
VTSI.US,5,20251107,215500,5.4,5.42,5.3501,5.39,1980,0
VTSI.US,5,20251110,153000,5.48,5.705,5.48,5.5821,1361,0
VTSI.US,5,20251110,153500,5.65,5.65,5.65,5.65,944,0
VTSI.US,5,20251110,154000,5.59,5.59,5.57,5.57,3367,0
VTSI.US,5,20251110,154500,5.69,5.69,5.52,5.53,2678,0
VTSI.US,5,20251110,155000,5.51,5.57,5.45,5.54,2836,0
VTSI.US,5,20251110,155500,5.55,5.55,5.55,5.55,1000,0
VTSI.US,5,20251110,160000,5.46,5.51,5.46,5.51,479,0
VTSI.US,5,20251110,160500,5.51,5.51,5.51,5.51,141,0
VTSI.US,5,20251110,163500,5.54,5.54,5.54,5.54,250,0
VTSI.US,5,20251110,171500,5.46,5.46,5.46,5.46,400,0
VTSI.US,5,20251110,172000,5.46,5.46,5.4,5.4,1350,0
VTSI.US,5,20251110,172500,5.4,5.41,5.4,5.41,500,0
VTSI.US,5,20251110,173000,5.41,5.4276,5.4,5.4276,481,0
VTSI.US,5,20251110,174000,5.455,5.46,5.4,5.42,5400,0
VTSI.US,5,20251110,175000,5.39,5.39,5.37,5.37,622,0
VTSI.US,5,20251110,181000,5.4,5.4,5.36,5.36,1086,0
VTSI.US,5,20251110,181500,5.39,5.39,5.39,5.39,225,0
VTSI.US,5,20251110,183000,5.4499,5.4499,5.4499,5.4499,2500,0
VTSI.US,5,20251110,184000,5.4,5.4,5.4,5.4,100,0
VTSI.US,5,20251110,192000,5.4,5.4,5.4,5.4,100,0
VTSI.US,5,20251110,193000,5.4,5.4,5.4,5.4,100,0
VTSI.US,5,20251110,194000,5.4,5.4,5.4,5.4,900,0
VTSI.US,5,20251110,202500,5.41,5.41,5.4,5.4,700,0
VTSI.US,5,20251110,203000,5.41,5.41,5.41,5.41,2000,0
VTSI.US,5,20251110,203500,5.435,5.435,5.4,5.4,897,0
VTSI.US,5,20251110,204000,5.38,5.38,5.38,5.38,100,0
VTSI.US,5,20251110,210000,5.4,5.4,5.4,5.4,100,0
VTSI.US,5,20251110,210500,5.4,5.4,5.4,5.4,1100,0
VTSI.US,5,20251110,211000,5.3901,5.3901,5.3901,5.3901,290,0
VTSI.US,5,20251110,211500,5.39,5.4,5.38,5.4,1500,0
VTSI.US,5,20251110,212000,5.4064,5.4064,5.395,5.395,200,0
VTSI.US,5,20251110,212500,5.4,5.405,5.4,5.405,1400,0
VTSI.US,5,20251110,213000,5.395,5.4,5.395,5.4,1200,0
VTSI.US,5,20251110,213500,5.4,5.4,5.4,5.4,1178,0
VTSI.US,5,20251110,214000,5.4,5.43,5.4,5.41,600,0
VTSI.US,5,20251110,214500,5.41,5.41,5.41,5.41,100,0
VTSI.US,5,20251110,215000,5.41,5.41,5.391,5.391,6350,0
VTSI.US,5,20251110,215500,5.41,5.42,5.38,5.38,4985,0
VTSI.US,5,20251111,153000,4.87,4.93,4.7,4.93,14329,0
VTSI.US,5,20251111,153500,4.92,4.9281,4.813,4.865,1134,0
VTSI.US,5,20251111,154000,4.93,5,4.895,4.99,18787,0
VTSI.US,5,20251111,154500,4.965,5.06,4.965,5.06,4303,0
VTSI.US,5,20251111,155000,5.151,5.25,5.0944,5.25,1924,0
VTSI.US,5,20251111,155500,5.2017,5.3,5.1601,5.25,2728,0
VTSI.US,5,20251111,160000,5.2601,5.3154,5.18,5.3154,2634,0
VTSI.US,5,20251111,160500,5.25,5.3402,5.21,5.21,1347,0
VTSI.US,5,20251111,161000,5.3,5.3,5.2455,5.2455,1450,0
VTSI.US,5,20251111,162500,5.1901,5.1901,5.1901,5.1901,250,0
VTSI.US,5,20251111,163000,5.28,5.28,5.28,5.28,200,0
VTSI.US,5,20251111,164000,5.335,5.335,5.2902,5.2902,1400,0
VTSI.US,5,20251111,165500,5.31,5.3799,5.31,5.3799,1452,0
VTSI.US,5,20251111,170000,5.37,5.37,5.37,5.37,100,0
VTSI.US,5,20251111,170500,5.31,5.34,5.31,5.34,200,0
VTSI.US,5,20251111,171000,5.3,5.3,5.25,5.2865,1296,0
VTSI.US,5,20251111,171500,5.265,5.2699,5.19,5.23,2546,0
VTSI.US,5,20251111,172000,5.19,5.19,5.19,5.19,100,0
VTSI.US,5,20251111,173000,5.15,5.18,5.15,5.18,200,0
VTSI.US,5,20251111,174000,5.18,5.18,5.15,5.15,2167,0
VTSI.US,5,20251111,175000,5.145,5.185,5.145,5.185,1790,0
VTSI.US,5,20251111,181000,5.11,5.11,5.11,5.11,100,0
VTSI.US,5,20251111,182000,5.11,5.125,5.11,5.125,465,0
VTSI.US,5,20251111,182500,5.1244,5.125,5.1244,5.125,1971,0
VTSI.US,5,20251111,183000,5.2,5.21,5.13,5.13,2600,0
VTSI.US,5,20251111,184500,5.07,5.07,5.07,5.07,100,0
VTSI.US,5,20251111,185000,5.06,5.06,5.06,5.06,100,0
VTSI.US,5,20251111,190000,5.21,5.21,5.08,5.19,4394,0
VTSI.US,5,20251111,190500,5.13,5.13,5.1,5.11,600,0
VTSI.US,5,20251111,191000,5.09,5.19,5.01,5.09,3405,0
VTSI.US,5,20251111,192000,5.0101,5.0555,5.01,5.01,731,0
VTSI.US,5,20251111,193500,5.074,5.09,5.05,5.09,4611,0
VTSI.US,5,20251111,194000,5.12,5.19,5.12,5.18,730,0
VTSI.US,5,20251111,200000,5.08,5.08,5.08,5.08,100,0
VTSI.US,5,20251111,201500,5.07,5.07,5.07,5.07,100,0
VTSI.US,5,20251111,202000,5.11,5.11,5.11,5.11,100,0
VTSI.US,5,20251111,202500,5.145,5.145,5.145,5.145,165,0
VTSI.US,5,20251111,204000,5.105,5.105,5.105,5.105,100,0
VTSI.US,5,20251111,205000,5.1152,5.1152,5.082,5.082,3500,0
VTSI.US,5,20251111,205500,5.08,5.08,5.08,5.08,222,0
VTSI.US,5,20251111,210000,5.11,5.11,5,5.05,3236,0
VTSI.US,5,20251111,210500,5.1032,5.1032,5.06,5.06,2500,0
VTSI.US,5,20251111,211500,5.06,5.06,5.06,5.06,1021,0
VTSI.US,5,20251111,212000,5.04,5.04,5,5,435,0
VTSI.US,5,20251111,212500,5.0182,5.08,5.0182,5.08,200,0
VTSI.US,5,20251111,213000,5.04,5.0558,5.04,5.0558,1393,0
VTSI.US,5,20251111,213500,5.03,5.0301,5.03,5.03,1329,0
VTSI.US,5,20251111,214000,5.03,5.0392,5.03,5.0392,200,0
VTSI.US,5,20251111,214500,5.0201,5.0326,5.02,5.02,1238,0
VTSI.US,5,20251111,215000,5.015,5.03,4.995,5.03,1742,0
VTSI.US,5,20251111,215500,5.03,5.03,4.985,4.99,3739,0
VTSI.US,5,20251112,153000,5,5.09,5,5.09,7946,0
VTSI.US,5,20251112,154000,5.0501,5.06,5.02,5.02,1822,0
VTSI.US,5,20251112,154500,5.0101,5.0101,5.01,5.01,600,0
VTSI.US,5,20251112,155000,5,5,5,5,828,0
VTSI.US,5,20251112,160000,5.045,5.055,5.045,5.055,200,0
VTSI.US,5,20251112,161500,5.03,5.03,5.0101,5.02,684,0
VTSI.US,5,20251112,162000,5.03,5.03,5,5,769,0
VTSI.US,5,20251112,163000,5.115,5.115,5.115,5.115,100,0
VTSI.US,5,20251112,170000,5.0012,5.0012,5.0012,5.0012,100,0
VTSI.US,5,20251112,170500,5,5,5,5,2699,0
VTSI.US,5,20251112,172500,5.02,5.04,5.01,5.02,3301,0
VTSI.US,5,20251112,174000,5.025,5.025,5.025,5.025,120,0
VTSI.US,5,20251112,175000,5.0103,5.0103,5.01,5.01,600,0
VTSI.US,5,20251112,182500,5.0099,5.02,5,5.02,1883,0
VTSI.US,5,20251112,183000,5.02,5.03,5.02,5.03,284,0
VTSI.US,5,20251112,184000,5.027,5.027,5.027,5.027,108,0
VTSI.US,5,20251112,185000,5.028,5.028,5.028,5.028,200,0
VTSI.US,5,20251112,190000,5.0012,5.0012,5.0012,5.0012,100,0
VTSI.US,5,20251112,192000,5.02,5.02,5.02,5.02,100,0
VTSI.US,5,20251112,192500,5.0004,5.02,5,5,1400,0
VTSI.US,5,20251112,193000,5,5.02,5,5,900,0
VTSI.US,5,20251112,193500,5.015,5.015,5.015,5.015,100,0
VTSI.US,5,20251112,194000,5,5.02,5,5,500,0
VTSI.US,5,20251112,194500,5.02,5.02,5.02,5.02,200,0
VTSI.US,5,20251112,195000,5.02,5.02,4.905,4.905,10868,0
VTSI.US,5,20251112,200000,4.92,4.92,4.92,4.92,100,0
VTSI.US,5,20251112,201000,4.94,4.94,4.94,4.94,100,0
VTSI.US,5,20251112,201500,4.95,4.95,4.9,4.9,1856,0
VTSI.US,5,20251112,202000,4.9,4.91,4.88,4.91,3214,0
VTSI.US,5,20251112,202500,4.9395,4.9395,4.9395,4.9395,100,0
VTSI.US,5,20251112,203000,4.91,4.91,4.91,4.91,200,0
VTSI.US,5,20251112,204000,4.9106,4.9106,4.9106,4.9106,600,0
VTSI.US,5,20251112,204500,4.91,4.91,4.91,4.91,100,0
VTSI.US,5,20251112,205000,4.92,4.92,4.92,4.92,100,0
VTSI.US,5,20251112,210500,4.92,4.92,4.92,4.92,100,0
VTSI.US,5,20251112,212500,4.92,4.92,4.92,4.92,100,0
VTSI.US,5,20251112,213000,4.94,4.94,4.94,4.94,200,0
VTSI.US,5,20251112,213500,4.9204,4.93,4.86,4.86,4222,0
VTSI.US,5,20251112,214500,4.87,4.87,4.87,4.87,100,0
VTSI.US,5,20251112,215000,4.9,4.9,4.9,4.9,102,0
VTSI.US,5,20251112,215500,4.86,4.87,4.85,4.85,921,0
VTSI.US,5,20251113,153000,4.9,4.9,4.9,4.9,4439,0
VTSI.US,5,20251113,153500,4.85,4.9,4.85,4.9,5101,0
VTSI.US,5,20251113,154500,4.905,4.905,4.905,4.905,100,0
VTSI.US,5,20251113,160000,4.85,4.9,4.85,4.9,799,0
VTSI.US,5,20251113,160500,4.91,4.955,4.91,4.955,461,0
VTSI.US,5,20251113,161000,4.981,4.981,4.981,4.981,2500,0
VTSI.US,5,20251113,161500,5,5.14,4.99,5.05,10783,0
VTSI.US,5,20251113,162000,5.05,5.05,5.05,5.05,100,0
VTSI.US,5,20251113,162500,5.02,5.055,5.02,5.055,428,0
VTSI.US,5,20251113,163000,5.055,5.055,5.055,5.055,100,0
VTSI.US,5,20251113,163500,5.05,5.059,5.05,5.059,800,0
VTSI.US,5,20251113,164000,5.14,5.14,5.14,5.14,100,0
VTSI.US,5,20251113,164500,5.055,5.055,5.055,5.055,100,0
VTSI.US,5,20251113,165000,5.0702,5.0702,5.055,5.055,300,0
VTSI.US,5,20251113,165500,5.029,5.1399,5.029,5.1148,3995,0
VTSI.US,5,20251113,170000,5.0554,5.11,5.0554,5.11,470,0
VTSI.US,5,20251113,170500,5.01,5.04,4.99,5.04,1429,0
VTSI.US,5,20251113,171500,5.06,5.06,5.06,5.06,300,0
VTSI.US,5,20251113,172500,4.98,5.005,4.95,5.005,1280,0
VTSI.US,5,20251113,173500,4.9776,4.9776,4.9776,4.9776,200,0
VTSI.US,5,20251113,174000,4.965,4.965,4.965,4.965,200,0
VTSI.US,5,20251113,175000,4.91,4.92,4.91,4.92,200,0
VTSI.US,5,20251113,175500,4.91,4.91,4.85,4.85,6350,0
VTSI.US,5,20251113,180500,4.8701,4.89,4.8701,4.88,1255,0
VTSI.US,5,20251113,181000,4.89,4.905,4.885,4.885,3252,0
VTSI.US,5,20251113,181500,4.885,4.885,4.87,4.87,773,0
VTSI.US,5,20251113,182000,4.87,4.9,4.87,4.89,1200,0
VTSI.US,5,20251113,182500,4.9,4.9,4.87,4.87,2100,0
VTSI.US,5,20251113,183000,4.87,4.87,4.87,4.87,200,0
VTSI.US,5,20251113,183500,4.87,4.87,4.87,4.87,500,0
VTSI.US,5,20251113,184000,4.87,4.87,4.87,4.87,200,0
VTSI.US,5,20251113,184500,4.87,4.87,4.85,4.85,649,0
VTSI.US,5,20251113,185000,4.85,4.9156,4.85,4.85,1906,0
VTSI.US,5,20251113,185500,4.86,4.8952,4.86,4.8952,400,0
VTSI.US,5,20251113,190000,4.87,4.87,4.87,4.87,200,0
VTSI.US,5,20251113,190500,4.87,4.87,4.87,4.87,200,0
VTSI.US,5,20251113,191000,4.86,4.86,4.86,4.86,445,0
VTSI.US,5,20251113,191500,4.86,4.87,4.8501,4.8501,705,0
VTSI.US,5,20251113,192000,4.85,4.85,4.83,4.83,2480,0
VTSI.US,5,20251113,192500,4.83,4.865,4.8,4.8,600,0
VTSI.US,5,20251113,193000,4.865,4.8715,4.8,4.8,807,0
VTSI.US,5,20251113,193500,4.8845,4.8845,4.8,4.876,1200,0
VTSI.US,5,20251113,194000,4.86,4.86,4.8,4.8,1760,0
VTSI.US,5,20251113,194500,4.8,4.8,4.76,4.76,400,0
VTSI.US,5,20251113,195000,4.76,4.76,4.76,4.76,450,0
VTSI.US,5,20251113,195500,4.8,4.8,4.775,4.8,574,0
VTSI.US,5,20251113,200000,4.84,4.84,4.77,4.77,300,0
VTSI.US,5,20251113,200500,4.77,4.805,4.76,4.76,400,0
VTSI.US,5,20251113,201000,4.805,4.805,4.76,4.76,400,0
VTSI.US,5,20251113,201500,4.76,4.76,4.75,4.75,850,0
VTSI.US,5,20251113,202000,4.75,4.775,4.75,4.75,300,0
VTSI.US,5,20251113,202500,4.75,4.816,4.75,4.75,600,0
VTSI.US,5,20251113,203000,4.75,4.77,4.75,4.77,500,0
VTSI.US,5,20251113,203500,4.75,4.75,4.75,4.75,100,0
VTSI.US,5,20251113,204000,4.75,4.75,4.75,4.75,300,0
VTSI.US,5,20251113,204500,4.8,4.8,4.75,4.75,805,0
VTSI.US,5,20251113,205000,4.75,4.775,4.75,4.75,974,0
VTSI.US,5,20251113,205500,4.75,4.79,4.75,4.75,400,0
VTSI.US,5,20251113,210000,4.75,4.75,4.75,4.75,200,0
VTSI.US,5,20251113,210500,4.775,4.775,4.75,4.75,300,0
VTSI.US,5,20251113,211000,4.7699,4.775,4.75,4.75,2727,0
VTSI.US,5,20251113,211500,4.75,4.76,4.75,4.75,446,0
VTSI.US,5,20251113,212000,4.76,4.76,4.75,4.75,742,0
VTSI.US,5,20251113,212500,4.76,4.76,4.75,4.75,309,0
VTSI.US,5,20251113,213000,4.76,4.78,4.75,4.78,500,0
VTSI.US,5,20251113,213500,4.78,4.8,4.78,4.78,600,0
VTSI.US,5,20251113,214000,4.78,4.8,4.78,4.79,550,0
VTSI.US,5,20251113,214500,4.79,4.79,4.785,4.785,300,0
VTSI.US,5,20251113,215000,4.76,4.78,4.76,4.78,500,0
VTSI.US,5,20251113,215500,4.76,4.86,4.76,4.77,1742,0
VTSI.US,5,20251114,153000,4.85,4.87,4.81,4.85,3875,0
VTSI.US,5,20251114,154000,4.885,4.885,4.885,4.885,300,0
VTSI.US,5,20251114,154500,4.85,4.85,4.85,4.85,437,0
VTSI.US,5,20251114,155000,4.81,4.825,4.81,4.825,638,0
VTSI.US,5,20251114,155500,4.8001,4.81,4.75,4.78,9802,0
VTSI.US,5,20251114,160000,4.7659,4.7659,4.7659,4.7659,135,0
VTSI.US,5,20251114,160500,4.76,4.76,4.76,4.76,250,0
VTSI.US,5,20251114,161000,4.81,4.81,4.81,4.81,210,0
VTSI.US,5,20251114,161500,4.8,4.8,4.8,4.8,100,0
VTSI.US,5,20251114,162000,4.7635,4.7635,4.75,4.7635,1710,0
VTSI.US,5,20251114,162500,4.8,4.8,4.8,4.8,1000,0
VTSI.US,5,20251114,163000,4.8,4.8,4.8,4.8,400,0
VTSI.US,5,20251114,163500,4.82,4.82,4.82,4.82,100,0
VTSI.US,5,20251114,164000,4.76,4.76,4.75,4.75,600,0
VTSI.US,5,20251114,164500,4.88,4.88,4.88,4.88,100,0
VTSI.US,5,20251114,165500,4.87,4.87,4.87,4.87,100,0
VTSI.US,5,20251114,170000,4.835,4.835,4.835,4.835,100,0
VTSI.US,5,20251114,170500,4.82,4.82,4.78,4.78,352,0
VTSI.US,5,20251114,171000,4.84,4.9,4.83,4.9,1464,0
VTSI.US,5,20251114,171500,4.86,4.86,4.86,4.86,221,0
VTSI.US,5,20251114,172000,4.86,4.86,4.79,4.79,300,0
VTSI.US,5,20251114,173000,4.85,4.85,4.85,4.85,385,0
VTSI.US,5,20251114,173500,4.87,4.87,4.87,4.87,100,0
VTSI.US,5,20251114,174000,4.86,4.91,4.86,4.91,11300,0
VTSI.US,5,20251114,175000,4.865,4.9,4.865,4.9,1590,0
VTSI.US,5,20251114,175500,4.885,4.885,4.86,4.86,300,0
VTSI.US,5,20251114,180000,4.87,4.87,4.81,4.81,1000,0
VTSI.US,5,20251114,180500,4.835,4.835,4.81,4.81,1420,0
VTSI.US,5,20251114,181000,4.82,4.82,4.8,4.8,241,0
VTSI.US,5,20251114,182000,4.8,4.8,4.785,4.785,2026,0
VTSI.US,5,20251114,183000,4.7865,4.7865,4.77,4.77,340,0
VTSI.US,5,20251114,184000,4.77,4.77,4.75,4.77,3098,0
VTSI.US,5,20251114,184500,4.75,4.75,4.75,4.75,359,0
VTSI.US,5,20251114,185000,4.745,4.75,4.745,4.75,667,0
VTSI.US,5,20251114,190000,4.7725,4.78,4.7725,4.78,600,0
VTSI.US,5,20251114,190500,4.74,4.755,4.74,4.755,400,0
VTSI.US,5,20251114,191000,4.76,4.76,4.76,4.76,240,0
VTSI.US,5,20251114,191500,4.7401,4.76,4.7401,4.745,4416,0
VTSI.US,5,20251114,192000,4.76,4.76,4.76,4.76,300,0
VTSI.US,5,20251114,193000,4.7684,4.7684,4.7449,4.7449,850,0
VTSI.US,5,20251114,193500,4.74,4.74,4.735,4.735,700,0
VTSI.US,5,20251114,194000,4.735,4.735,4.715,4.72,2410,0
VTSI.US,5,20251114,194500,4.7204,4.73,4.72,4.725,20857,0
VTSI.US,5,20251114,195000,4.725,4.725,4.72,4.725,900,0
VTSI.US,5,20251114,195500,4.725,4.725,4.725,4.725,500,0
VTSI.US,5,20251114,200500,4.74,4.74,4.725,4.725,200,0
VTSI.US,5,20251114,201000,4.725,4.725,4.725,4.725,100,0
VTSI.US,5,20251114,201500,4.725,4.74,4.725,4.73,6100,0
VTSI.US,5,20251114,202000,4.73,4.73,4.72,4.72,1600,0
VTSI.US,5,20251114,203000,4.73,4.73,4.73,4.73,1253,0
VTSI.US,5,20251114,204000,4.73,4.775,4.725,4.75,2050,0
VTSI.US,5,20251114,204500,4.735,4.745,4.735,4.74,950,0
VTSI.US,5,20251114,205000,4.76,4.76,4.76,4.76,200,0
VTSI.US,5,20251114,205500,4.74,4.8,4.74,4.8,3200,0
VTSI.US,5,20251114,210000,4.8095,4.96,4.79,4.93,34418,0
VTSI.US,5,20251114,210500,4.96,4.99,4.96,4.96,1218,0
VTSI.US,5,20251114,211000,4.95,5.05,4.95,5.0114,6217,0
VTSI.US,5,20251114,211500,5.03,5.05,5.0115,5.05,1800,0
VTSI.US,5,20251114,212000,5,5.08,5,5.08,2184,0
VTSI.US,5,20251114,213000,5,5,4.9474,5,600,0
VTSI.US,5,20251114,213500,4.99,4.99,4.895,4.895,728,0
VTSI.US,5,20251114,214000,4.94,4.94,4.94,4.94,500,0
VTSI.US,5,20251114,214500,4.935,4.99,4.935,4.98,700,0
VTSI.US,5,20251114,215000,4.9879,4.9879,4.9879,4.9879,100,0
VTSI.US,5,20251114,215500,4.96,4.96,4.87,4.92,668,0
VTSI.US,5,20251117,153000,4.93,4.93,4.93,4.93,2018,0
VTSI.US,5,20251117,153500,4.97,5,4.96,5,4800,0
VTSI.US,5,20251117,154000,4.969,5.02,4.91,5.02,1100,0
VTSI.US,5,20251117,154500,5.04,5.0994,5.04,5.0632,1150,0
VTSI.US,5,20251117,155000,5.08,5.27,5.08,5.1772,11461,0
VTSI.US,5,20251117,155500,5.3,5.3,5.265,5.265,1363,0
VTSI.US,5,20251117,160000,5.31,5.44,5.3,5.35,6269,0
VTSI.US,5,20251117,160500,5.3131,5.3131,5.2868,5.2868,200,0
VTSI.US,5,20251117,161000,5.2903,5.2903,5.2903,5.2903,100,0
VTSI.US,5,20251117,162000,5.28,5.31,5.22,5.27,5250,0
VTSI.US,5,20251117,163500,5.235,5.235,5.17,5.1885,770,0
VTSI.US,5,20251117,170500,5.24,5.24,5.22,5.22,300,0
VTSI.US,5,20251117,171500,5.2138,5.2138,5.18,5.18,572,0
VTSI.US,5,20251117,172000,5.19,5.19,5.19,5.19,100,0
VTSI.US,5,20251117,173000,5.16,5.2,5.04,5.07,20831,0
VTSI.US,5,20251117,173500,5.04,5.04,5.04,5.04,1200,0
VTSI.US,5,20251117,174000,5.0501,5.06,5.0501,5.06,600,0
VTSI.US,5,20251117,180000,5.035,5.035,5.035,5.035,100,0
VTSI.US,5,20251117,180500,5.06,5.06,5.06,5.06,100,0
VTSI.US,5,20251117,181500,5.035,5.035,5.035,5.035,100,0
VTSI.US,5,20251117,182000,5,5,5,5,1000,0
VTSI.US,5,20251117,182500,5.035,5.035,5.035,5.035,100,0
VTSI.US,5,20251117,183500,5.025,5.04,5.025,5.025,600,0
VTSI.US,5,20251117,184500,5.04,5.0433,5.025,5.025,900,0
VTSI.US,5,20251117,185500,5.025,5.025,5.0196,5.0196,300,0
VTSI.US,5,20251117,190000,5,5,5,5,200,0
VTSI.US,5,20251117,190500,5,5,4.955,4.955,1500,0
VTSI.US,5,20251117,191000,4.955,4.955,4.955,4.955,100,0
VTSI.US,5,20251117,193000,5.02,5.02,5.02,5.02,100,0
VTSI.US,5,20251117,193500,4.96,4.96,4.96,4.96,100,0
VTSI.US,5,20251117,194000,5.02,5.06,5.02,5.03,300,0
VTSI.US,5,20251117,195500,5.06,5.06,5.06,5.06,100,0
VTSI.US,5,20251117,200000,5.06,5.06,4.985,4.985,1300,0
VTSI.US,5,20251117,200500,5,5,5,5,100,0
VTSI.US,5,20251117,201000,4.991,5,4.991,5,1000,0
VTSI.US,5,20251117,202000,5,5,4.985,4.985,1200,0
VTSI.US,5,20251117,202500,4.9572,4.9572,4.9572,4.9572,406,0
VTSI.US,5,20251117,205000,4.97,4.97,4.97,4.97,604,0
VTSI.US,5,20251117,205500,5.06,5.06,4.98,4.9958,300,0
VTSI.US,5,20251117,210000,5.06,5.07,4.98,5.05,600,0
VTSI.US,5,20251117,211000,5.07,5.07,5.07,5.07,100,0
VTSI.US,5,20251117,211500,5.07,5.07,4.99,4.99,5400,0
VTSI.US,5,20251117,212000,5.02,5.02,4.99,4.99,300,0
VTSI.US,5,20251117,212500,4.99,5,4.99,5,300,0
VTSI.US,5,20251117,213000,5.04,5.04,5.02,5.02,600,0
VTSI.US,5,20251117,213500,5.015,5.015,5.01,5.01,269,0
VTSI.US,5,20251117,214500,4.983,4.99,4.983,4.99,659,0
VTSI.US,5,20251117,215000,4.99,5.01,4.99,5.01,200,0
VTSI.US,5,20251117,215500,5.01,5.01,4.97,4.97,1798,0
VTSI.US,5,20251118,153000,4.96,5.24,4.96,5.02,3675,0
VTSI.US,5,20251118,155000,5.01,5.05,4.95,4.95,530,0
VTSI.US,5,20251118,155500,4.9999,4.9999,4.95,4.95,613,0
VTSI.US,5,20251118,161000,4.995,4.995,4.995,4.995,102,0
VTSI.US,5,20251118,163500,4.93,4.93,4.93,4.93,400,0
VTSI.US,5,20251118,164000,4.98,4.98,4.98,4.98,398,0
VTSI.US,5,20251118,170500,4.98,4.98,4.98,4.98,100,0
VTSI.US,5,20251118,171000,4.9994,4.9994,4.9994,4.9994,221,0
VTSI.US,5,20251118,171500,4.975,4.975,4.975,4.975,100,0
VTSI.US,5,20251118,172500,4.98,4.98,4.91,4.95,2154,0
VTSI.US,5,20251118,173500,4.901,4.91,4.901,4.91,444,0
VTSI.US,5,20251118,174000,4.9,4.91,4.85,4.865,1926,0
VTSI.US,5,20251118,174500,4.91,4.92,4.91,4.92,502,0
VTSI.US,5,20251118,180500,4.9393,4.9393,4.9393,4.9393,200,0
VTSI.US,5,20251118,181000,4.87,4.9,4.87,4.9,1963,0
VTSI.US,5,20251118,181500,4.89,4.895,4.89,4.89,700,0
VTSI.US,5,20251118,182500,4.86,4.86,4.84,4.84,3427,0
VTSI.US,5,20251118,183000,4.81,4.81,4.81,4.81,410,0
VTSI.US,5,20251118,183500,4.8,4.8,4.8,4.8,200,0
VTSI.US,5,20251118,184000,4.85,4.865,4.85,4.865,655,0
VTSI.US,5,20251118,190000,4.87,4.87,4.87,4.87,100,0
VTSI.US,5,20251118,190500,4.87,4.89,4.87,4.89,500,0
VTSI.US,5,20251118,191000,4.85,4.85,4.85,4.85,145,0
VTSI.US,5,20251118,193000,4.87,4.87,4.865,4.87,2047,0
VTSI.US,5,20251118,194000,4.8575,4.8575,4.81,4.81,200,0
VTSI.US,5,20251118,195000,4.845,4.845,4.845,4.845,100,0
VTSI.US,5,20251118,195500,4.87,4.89,4.8101,4.8101,919,0
VTSI.US,5,20251118,200000,4.83,4.83,4.83,4.83,100,0
VTSI.US,5,20251118,201000,4.84,4.84,4.84,4.84,1030,0
VTSI.US,5,20251118,201500,4.81,4.81,4.81,4.81,100,0
VTSI.US,5,20251118,202500,4.8257,4.8257,4.8257,4.8257,250,0
VTSI.US,5,20251118,203500,4.8341,4.8341,4.8341,4.8341,200,0
VTSI.US,5,20251118,204000,4.85,4.85,4.85,4.85,250,0
VTSI.US,5,20251118,204500,4.8714,4.8714,4.83,4.83,300,0
VTSI.US,5,20251118,205000,4.8571,4.8571,4.8571,4.8571,100,0
VTSI.US,5,20251118,205500,4.85,4.85,4.85,4.85,100,0
VTSI.US,5,20251118,211000,4.85,4.85,4.83,4.83,450,0
VTSI.US,5,20251118,211500,4.8206,4.8206,4.8206,4.8206,250,0
VTSI.US,5,20251118,213500,4.8497,4.8497,4.8,4.8,2880,0
VTSI.US,5,20251118,214000,4.8,4.82,4.8,4.82,200,0
VTSI.US,5,20251118,214500,4.82,4.84,4.82,4.84,964,0
VTSI.US,5,20251118,215000,4.81,4.82,4.801,4.82,400,0
VTSI.US,5,20251118,215500,4.82,4.83,4.77,4.78,2935,0
VTSI.US,5,20251119,153000,4.89,4.9,4.88,4.88,4012,0
VTSI.US,5,20251119,153500,4.8,4.8845,4.8,4.88,350,0
VTSI.US,5,20251119,154000,4.89,4.89,4.89,4.89,700,0
VTSI.US,5,20251119,154500,4.94,4.94,4.94,4.94,100,0
VTSI.US,5,20251119,155000,4.916,4.916,4.916,4.916,1320,0
VTSI.US,5,20251119,160000,4.9356,4.9356,4.9356,4.9356,1000,0
VTSI.US,5,20251119,160500,5.0228,5.0228,5.0228,5.0228,200,0
VTSI.US,5,20251119,161500,4.94,4.96,4.94,4.95,1530,0
VTSI.US,5,20251119,162000,4.955,4.99,4.955,4.99,1508,0
VTSI.US,5,20251119,163000,4.92,4.92,4.92,4.92,1500,0
VTSI.US,5,20251119,165000,4.9399,4.94,4.9399,4.94,2083,0
VTSI.US,5,20251119,170000,4.93,4.94,4.93,4.94,498,0
VTSI.US,5,20251119,170500,4.94,4.9837,4.94,4.9837,1612,0
VTSI.US,5,20251119,171000,4.925,4.9744,4.85,4.85,2100,0
VTSI.US,5,20251119,174000,4.96,4.96,4.9495,4.9495,966,0
VTSI.US,5,20251119,175000,4.92,4.98,4.92,4.94,1508,0
VTSI.US,5,20251119,175500,4.93,5,4.925,4.96,2677,0
VTSI.US,5,20251119,180000,4.945,4.945,4.945,4.945,100,0
VTSI.US,5,20251119,181500,4.9163,4.9383,4.9001,4.9163,500,0
VTSI.US,5,20251119,182000,4.9,4.9,4.9,4.9,421,0
VTSI.US,5,20251119,184000,4.89,4.91,4.89,4.9,1185,0
VTSI.US,5,20251119,184500,4.9,4.9,4.9,4.9,853,0
VTSI.US,5,20251119,185000,4.91,4.91,4.91,4.91,279,0
VTSI.US,5,20251119,185500,4.9075,4.9075,4.9075,4.9075,150,0
VTSI.US,5,20251119,190000,4.905,4.905,4.905,4.905,100,0
VTSI.US,5,20251119,192000,4.91,4.91,4.91,4.91,100,0
VTSI.US,5,20251119,194000,4.91,4.91,4.91,4.91,1542,0
VTSI.US,5,20251119,194500,4.9,4.92,4.9,4.92,408,0
VTSI.US,5,20251119,195000,4.905,4.905,4.905,4.905,100,0
VTSI.US,5,20251119,200000,4.9,4.9,4.9,4.9,500,0
VTSI.US,5,20251119,203500,4.88,4.88,4.88,4.88,378,0
VTSI.US,5,20251119,204000,4.895,4.895,4.895,4.895,447,0
VTSI.US,5,20251119,210500,4.8808,4.8808,4.86,4.86,316,0
VTSI.US,5,20251119,211500,4.87,4.905,4.87,4.89,1188,0
VTSI.US,5,20251119,215500,4.86,4.915,4.86,4.915,400,0
VTSI.US,5,20251120,153000,4.99,4.99,4.99,4.99,188,0
VTSI.US,5,20251120,153500,5.1013,5.1141,5.1013,5.1141,950,0
VTSI.US,5,20251120,154000,5,5,5,5,100,0
VTSI.US,5,20251120,154500,4.995,4.995,4.995,4.995,200,0
VTSI.US,5,20251120,160000,4.93,4.93,4.93,4.93,400,0
VTSI.US,5,20251120,160500,5,5,5,5,400,0
VTSI.US,5,20251120,161000,4.99,5.08,4.91,4.91,2662,0
VTSI.US,5,20251120,162500,5,5,4.98,4.98,750,0
VTSI.US,5,20251120,163500,5.01,5.01,5.01,5.01,925,0
VTSI.US,5,20251120,164000,5.0538,5.0538,5.0538,5.0538,100,0
VTSI.US,5,20251120,170000,5,5,5,5,1299,0
VTSI.US,5,20251120,171000,4.97,4.97,4.97,4.97,114,0
VTSI.US,5,20251120,172500,4.93,4.93,4.93,4.93,241,0
VTSI.US,5,20251120,174500,4.8806,4.8806,4.8806,4.8806,123,0
VTSI.US,5,20251120,175500,4.87,4.87,4.87,4.87,274,0
VTSI.US,5,20251120,180000,4.87,4.87,4.87,4.87,300,0
VTSI.US,5,20251120,181500,4.85,4.85,4.85,4.85,1767,0
VTSI.US,5,20251120,182000,4.84,4.84,4.81,4.81,2595,0
VTSI.US,5,20251120,182500,4.81,4.82,4.81,4.82,511,0
VTSI.US,5,20251120,183000,4.8299,4.8299,4.8299,4.8299,166,0
VTSI.US,5,20251120,183500,4.81,4.8151,4.81,4.8151,1041,0
VTSI.US,5,20251120,184000,4.81,4.81,4.81,4.81,710,0
VTSI.US,5,20251120,184500,4.8,4.8,4.8,4.8,100,0
VTSI.US,5,20251120,185000,4.805,4.81,4.805,4.81,300,0
VTSI.US,5,20251120,190500,4.825,4.825,4.825,4.825,100,0
VTSI.US,5,20251120,191000,4.825,4.83,4.825,4.83,300,0
VTSI.US,5,20251120,193000,4.8,4.8,4.77,4.77,2027,0
VTSI.US,5,20251120,194500,4.77,4.77,4.76,4.76,2078,0
VTSI.US,5,20251120,195000,4.75,4.76,4.75,4.76,814,0
VTSI.US,5,20251120,200000,4.765,4.765,4.765,4.765,100,0
VTSI.US,5,20251120,202000,4.78,4.78,4.78,4.78,100,0
VTSI.US,5,20251120,204500,4.7638,4.7638,4.7638,4.7638,100,0
VTSI.US,5,20251120,205500,4.77,4.77,4.76,4.76,200,0
VTSI.US,5,20251120,210000,4.75,4.75,4.75,4.75,157,0
VTSI.US,5,20251120,210500,4.765,4.765,4.765,4.765,200,0
VTSI.US,5,20251120,211000,4.78,4.78,4.78,4.78,200,0
VTSI.US,5,20251120,212000,4.75,4.75,4.75,4.75,854,0
VTSI.US,5,20251120,212500,4.77,4.77,4.76,4.76,1000,0
VTSI.US,5,20251120,213000,4.755,4.755,4.755,4.755,100,0
VTSI.US,5,20251120,214000,4.76,4.76,4.75,4.75,3852,0
VTSI.US,5,20251120,214500,4.755,4.7599,4.72,4.72,1645,0
VTSI.US,5,20251120,215000,4.72,4.74,4.72,4.74,694,0
VTSI.US,5,20251120,215500,4.75,4.77,4.74,4.75,2837,0
VTSI.US,5,20251121,153000,4.67,4.7482,4.67,4.7482,618,0
VTSI.US,5,20251121,153500,4.7774,4.7774,4.7774,4.7774,200,0
VTSI.US,5,20251121,154000,4.74,4.74,4.65,4.7399,700,0
VTSI.US,5,20251121,155000,4.74,4.79,4.74,4.79,560,0
VTSI.US,5,20251121,163000,4.7582,4.7582,4.7582,4.7582,300,0
VTSI.US,5,20251121,163500,4.8699,4.8699,4.8699,4.8699,500,0
VTSI.US,5,20251121,164000,4.8375,4.8375,4.8375,4.8375,100,0
VTSI.US,5,20251121,171500,4.745,4.745,4.745,4.745,100,0
VTSI.US,5,20251121,174000,4.74,4.74,4.74,4.74,100,0
VTSI.US,5,20251121,175000,4.75,4.75,4.75,4.75,274,0
VTSI.US,5,20251121,175500,4.765,4.79,4.75,4.79,3009,0
VTSI.US,5,20251121,180500,4.8445,4.8445,4.8445,4.8445,190,0
VTSI.US,5,20251121,182500,4.79,4.79,4.79,4.79,250,0
VTSI.US,5,20251121,184000,4.78,4.78,4.78,4.78,100,0
VTSI.US,5,20251121,190000,4.78,4.78,4.78,4.78,100,0
VTSI.US,5,20251121,190500,4.8691,4.8691,4.8691,4.8691,200,0
VTSI.US,5,20251121,193000,4.7517,4.7974,4.7517,4.7974,261,0
VTSI.US,5,20251121,195500,4.82,4.84,4.805,4.815,2056,0
VTSI.US,5,20251121,200500,4.82,4.82,4.82,4.82,102,0
VTSI.US,5,20251121,201500,4.86,4.87,4.86,4.87,1086,0
VTSI.US,5,20251121,202000,4.87,4.87,4.87,4.87,293,0
VTSI.US,5,20251121,203500,4.926,4.926,4.926,4.926,699,0
VTSI.US,5,20251121,204000,4.8275,4.8275,4.8275,4.8275,122,0
VTSI.US,5,20251121,205500,4.8,4.8,4.8,4.8,100,0
VTSI.US,5,20251121,212500,4.8915,4.8915,4.8915,4.8915,310,0
VTSI.US,5,20251121,213000,4.85,4.85,4.85,4.85,100,0
VTSI.US,5,20251121,215000,4.845,4.885,4.845,4.885,200,0
VTSI.US,5,20251121,215500,4.835,4.875,4.825,4.825,1500,0
VTSI.US,5,20251124,153000,4.85,4.85,4.8,4.8,489,0
VTSI.US,5,20251124,153500,4.865,4.865,4.865,4.865,373,0
VTSI.US,5,20251124,154000,4.86,4.86,4.86,4.86,100,0
VTSI.US,5,20251124,155000,4.835,4.835,4.835,4.835,500,0
VTSI.US,5,20251124,161000,4.825,4.825,4.825,4.825,100,0
VTSI.US,5,20251124,162000,4.835,4.835,4.835,4.835,100,0
VTSI.US,5,20251124,162500,4.83,4.86,4.83,4.86,1550,0
VTSI.US,5,20251124,165000,4.855,5.035,4.855,4.985,9957,0
VTSI.US,5,20251124,170000,5.03,5.03,5.0231,5.0231,700,0
VTSI.US,5,20251124,171000,4.95,4.96,4.95,4.96,2100,0
VTSI.US,5,20251124,172500,4.95,4.9501,4.88,4.88,6876,0
VTSI.US,5,20251124,174000,4.915,4.915,4.915,4.915,100,0
VTSI.US,5,20251124,174500,4.88,4.915,4.88,4.915,200,0
VTSI.US,5,20251124,175500,4.91,4.91,4.905,4.905,300,0
VTSI.US,5,20251124,180000,4.9,4.9,4.9,4.9,197,0
VTSI.US,5,20251124,181500,4.895,4.895,4.895,4.895,300,0
VTSI.US,5,20251124,183000,4.91,4.92,4.91,4.92,500,0
VTSI.US,5,20251124,183500,4.92,4.92,4.92,4.92,200,0
VTSI.US,5,20251124,190000,4.92,4.92,4.92,4.92,100,0
VTSI.US,5,20251124,192500,4.92,4.92,4.92,4.92,300,0
VTSI.US,5,20251124,193000,4.92,4.92,4.92,4.92,100,0
VTSI.US,5,20251124,195000,4.89,4.9041,4.89,4.9041,200,0
VTSI.US,5,20251124,195500,4.9,4.9,4.9,4.9,100,0
VTSI.US,5,20251124,203000,4.87,4.87,4.87,4.87,200,0
VTSI.US,5,20251124,203500,4.86,4.86,4.85,4.85,977,0
VTSI.US,5,20251124,204000,4.855,4.855,4.855,4.855,100,0
VTSI.US,5,20251124,204500,4.83,4.83,4.83,4.83,100,0
VTSI.US,5,20251124,205000,4.89,4.89,4.89,4.89,1494,0
VTSI.US,5,20251124,205500,4.85,4.85,4.85,4.85,200,0
VTSI.US,5,20251124,210000,4.85,4.85,4.85,4.85,100,0
VTSI.US,5,20251124,210500,4.85,4.85,4.85,4.85,100,0
VTSI.US,5,20251124,211000,4.85,4.8681,4.845,4.85,2240,0
VTSI.US,5,20251124,211500,4.85,4.85,4.85,4.85,417,0
VTSI.US,5,20251124,212000,4.82,4.82,4.82,4.82,100,0
VTSI.US,5,20251124,212500,4.85,4.89,4.85,4.88,5067,0
VTSI.US,5,20251124,213000,4.87,4.9,4.87,4.9,259,0
VTSI.US,5,20251124,213500,4.91,4.91,4.91,4.91,100,0
VTSI.US,5,20251124,215000,4.8601,4.8601,4.8601,4.8601,250,0
VTSI.US,5,20251124,215500,4.88,4.88,4.87,4.88,564,0
VTSI.US,5,20251125,153000,4.86,4.9,4.86,4.9,1787,0
VTSI.US,5,20251125,160000,4.91,4.91,4.91,4.91,900,0
VTSI.US,5,20251125,160500,4.9499,4.95,4.91,4.9201,3700,0
VTSI.US,5,20251125,161000,4.91,4.915,4.88,4.88,300,0
VTSI.US,5,20251125,162000,4.8895,4.8895,4.8895,4.8895,500,0
VTSI.US,5,20251125,164500,4.882,4.882,4.882,4.882,2281,0
VTSI.US,5,20251125,165500,4.92,4.92,4.86,4.86,2504,0
VTSI.US,5,20251125,170500,4.83,4.865,4.79,4.799,2715,0
VTSI.US,5,20251125,171500,4.8626,4.8626,4.82,4.82,200,0
VTSI.US,5,20251125,172000,4.86,4.86,4.86,4.86,140,0
VTSI.US,5,20251125,174500,4.8661,4.8661,4.8661,4.8661,241,0
VTSI.US,5,20251125,175000,4.89,4.89,4.86,4.865,450,0
VTSI.US,5,20251125,175500,4.89,4.9,4.89,4.9,2100,0
VTSI.US,5,20251125,180000,4.9,4.9,4.9,4.9,1500,0
VTSI.US,5,20251125,180500,4.9,4.92,4.88,4.915,1333,0
VTSI.US,5,20251125,181000,4.915,4.915,4.885,4.885,3333,0
VTSI.US,5,20251125,181500,4.885,4.885,4.885,4.885,778,0
VTSI.US,5,20251125,182500,4.885,4.885,4.885,4.885,100,0
VTSI.US,5,20251125,183500,4.8659,4.89,4.8659,4.89,300,0
VTSI.US,5,20251125,184000,4.905,4.92,4.9,4.91,3910,0
VTSI.US,5,20251125,184500,4.91,4.91,4.91,4.91,400,0
VTSI.US,5,20251125,185000,4.9124,4.92,4.89,4.89,1052,0
VTSI.US,5,20251125,185500,4.9224,4.9224,4.915,4.915,529,0
VTSI.US,5,20251125,190000,4.915,4.915,4.915,4.915,100,0
VTSI.US,5,20251125,191000,4.9,4.91,4.9,4.91,400,0
VTSI.US,5,20251125,191500,4.91,4.91,4.91,4.91,200,0
VTSI.US,5,20251125,192000,4.92,4.92,4.92,4.92,378,0
VTSI.US,5,20251125,192500,4.91,4.91,4.91,4.91,100,0
VTSI.US,5,20251125,193500,4.9,4.9135,4.9,4.9135,300,0
VTSI.US,5,20251125,194500,4.905,4.905,4.905,4.905,100,0
VTSI.US,5,20251125,195000,4.92,4.93,4.92,4.925,1134,0
VTSI.US,5,20251125,195500,4.925,4.9436,4.925,4.9436,1900,0
VTSI.US,5,20251125,200000,4.9483,4.9483,4.94,4.94,300,0
VTSI.US,5,20251125,200500,4.93,4.93,4.93,4.93,200,0
VTSI.US,5,20251125,201000,4.93,4.935,4.895,4.895,3126,0
VTSI.US,5,20251125,203500,4.95,4.95,4.92,4.925,1600,0
VTSI.US,5,20251125,204500,4.925,4.925,4.91,4.91,650,0
VTSI.US,5,20251125,205000,4.92,4.92,4.92,4.92,400,0
VTSI.US,5,20251125,205500,4.92,4.92,4.92,4.92,600,0
VTSI.US,5,20251125,210000,4.925,4.925,4.91,4.91,800,0
VTSI.US,5,20251125,210500,4.91,4.91,4.91,4.91,800,0
VTSI.US,5,20251125,211000,4.91,4.91,4.9,4.91,1394,0
VTSI.US,5,20251125,211500,4.91,4.91,4.91,4.91,600,0
VTSI.US,5,20251125,212000,4.91,4.9172,4.91,4.91,400,0
VTSI.US,5,20251125,212500,4.91,4.92,4.91,4.92,500,0
VTSI.US,5,20251125,213500,4.91,4.91,4.91,4.91,100,0
VTSI.US,5,20251125,214000,4.92,4.92,4.905,4.905,400,0
VTSI.US,5,20251125,214500,4.905,4.905,4.9,4.9,200,0
VTSI.US,5,20251125,215000,4.895,4.895,4.895,4.895,267,0
VTSI.US,5,20251125,215500,4.91,4.91,4.85,4.87,3466,0
VTSI.US,5,20251126,153000,4.84,4.84,4.84,4.84,451,0
VTSI.US,5,20251126,155000,4.9795,4.9795,4.9795,4.9795,100,0
VTSI.US,5,20251126,162000,4.93,4.93,4.93,4.93,150,0
VTSI.US,5,20251126,162500,4.9884,4.9884,4.9884,4.9884,299,0
VTSI.US,5,20251126,163500,4.9338,4.9338,4.9338,4.9338,183,0
VTSI.US,5,20251126,164000,4.98,4.98,4.98,4.98,100,0
VTSI.US,5,20251126,170500,4.91,4.91,4.91,4.91,100,0
VTSI.US,5,20251126,171500,4.9,4.9,4.9,4.9,100,0
VTSI.US,5,20251126,172500,4.93,4.93,4.93,4.93,100,0
VTSI.US,5,20251126,175500,4.8501,4.9095,4.8501,4.9095,300,0
VTSI.US,5,20251126,181500,4.935,4.935,4.935,4.935,200,0
VTSI.US,5,20251126,184000,4.91,4.91,4.91,4.91,400,0
VTSI.US,5,20251126,185000,4.95,4.95,4.93,4.93,1100,0
VTSI.US,5,20251126,190000,4.935,4.935,4.935,4.935,142,0
VTSI.US,5,20251126,191500,4.9375,4.94,4.93,4.93,1200,0
VTSI.US,5,20251126,193500,4.935,4.935,4.935,4.935,2500,0
VTSI.US,5,20251126,194000,4.933,4.933,4.933,4.933,100,0
VTSI.US,5,20251126,195000,4.93,4.93,4.93,4.93,1100,0
VTSI.US,5,20251126,200000,4.93,4.93,4.92,4.92,600,0
VTSI.US,5,20251126,202500,4.9282,4.9282,4.9282,4.9282,187,0
VTSI.US,5,20251126,203500,4.93,4.93,4.93,4.93,200,0
VTSI.US,5,20251126,204000,4.92,4.92,4.9064,4.9064,570,0
VTSI.US,5,20251126,205500,4.91,4.91,4.91,4.91,100,0
VTSI.US,5,20251126,210000,4.92,4.92,4.92,4.92,100,0
VTSI.US,5,20251126,210500,4.91,4.91,4.91,4.91,298,0
VTSI.US,5,20251126,211500,4.92,4.9244,4.92,4.9244,1597,0
VTSI.US,5,20251126,212500,4.93,4.9366,4.93,4.9366,200,0
VTSI.US,5,20251126,213500,4.925,4.93,4.925,4.93,200,0
VTSI.US,5,20251126,214500,4.93,4.93,4.93,4.93,500,0
VTSI.US,5,20251126,215000,4.91,4.91,4.89,4.89,200,0
VTSI.US,5,20251126,215500,4.93,4.93,4.93,4.93,241,0
VTSI.US,5,20251128,153000,4.94,4.94,4.94,4.94,134,0
VTSI.US,5,20251128,153500,5,5,5,5,400,0
VTSI.US,5,20251128,154000,4.96,4.99,4.96,4.99,400,0
VTSI.US,5,20251128,160500,4.9401,4.965,4.9401,4.965,914,0
VTSI.US,5,20251128,162000,4.96,4.965,4.95,4.965,1300,0
VTSI.US,5,20251128,162500,4.97,4.97,4.96,4.96,802,0
VTSI.US,5,20251128,163000,4.955,4.955,4.9501,4.9501,680,0
VTSI.US,5,20251128,163500,4.955,4.9575,4.95,4.955,1257,0
VTSI.US,5,20251128,165500,4.955,4.955,4.95,4.955,400,0
VTSI.US,5,20251128,170000,4.9599,4.9599,4.9599,4.9599,500,0
VTSI.US,5,20251128,171000,4.95,4.95,4.95,4.95,100,0
VTSI.US,5,20251128,171500,4.955,4.955,4.955,4.955,100,0
VTSI.US,5,20251128,172000,4.9547,4.9547,4.9523,4.9523,600,0
VTSI.US,5,20251128,173000,4.955,4.955,4.95,4.95,400,0
VTSI.US,5,20251128,173500,4.955,4.9565,4.955,4.9565,330,0
VTSI.US,5,20251128,174000,4.955,4.955,4.95,4.95,400,0
VTSI.US,5,20251128,174500,4.955,4.955,4.955,4.955,100,0
VTSI.US,5,20251128,175500,4.955,4.955,4.955,4.955,100,0
VTSI.US,5,20251128,180000,4.955,4.955,4.95,4.95,300,0
VTSI.US,5,20251128,180500,4.955,4.955,4.955,4.955,200,0
VTSI.US,5,20251128,181000,4.955,4.955,4.955,4.955,100,0
VTSI.US,5,20251128,181500,4.955,4.955,4.955,4.955,100,0
VTSI.US,5,20251128,182500,4.955,4.955,4.955,4.955,600,0
VTSI.US,5,20251128,183500,4.95,4.955,4.95,4.955,300,0
VTSI.US,5,20251128,184000,4.955,4.955,4.955,4.955,100,0
VTSI.US,5,20251128,184500,4.95,4.9577,4.95,4.9577,200,0
VTSI.US,5,20251128,185500,4.955,4.97,4.95,4.96,3169,0
VTSI.US,5,20251128,190000,4.96,4.96,4.96,4.96,554,0
VTSI.US,5,20251201,153000,4.95,4.99,4.95,4.95,1815,0
VTSI.US,5,20251201,154500,4.9501,5.01,4.9501,4.99,4462,0
VTSI.US,5,20251201,155000,5.02,5.02,5,5,1704,0
VTSI.US,5,20251201,155500,5,5.06,5,5.06,600,0
VTSI.US,5,20251201,160000,5,5,5,5,100,0
VTSI.US,5,20251201,160500,4.9901,5.0044,4.99,5.0044,3100,0
VTSI.US,5,20251201,161000,5,5,5,5,100,0
VTSI.US,5,20251201,161500,5,5,5,5,100,0
VTSI.US,5,20251201,162000,5.025,5.025,5.025,5.025,500,0
VTSI.US,5,20251201,162500,4.99,4.99,4.99,4.99,100,0
VTSI.US,5,20251201,163000,5.0167,5.0167,5.0167,5.0167,345,0
VTSI.US,5,20251201,164000,5.0262,5.0262,5.0262,5.0262,4040,0
VTSI.US,5,20251201,164500,4.99,5.06,4.97,4.97,3000,0
VTSI.US,5,20251201,165000,4.97,4.97,4.97,4.97,100,0
VTSI.US,5,20251201,165500,4.97,4.97,4.97,4.97,100,0
VTSI.US,5,20251201,170000,5.005,5.005,5.005,5.005,183,0
VTSI.US,5,20251201,170500,4.9501,4.96,4.9501,4.96,200,0
VTSI.US,5,20251201,173000,5.03,5.03,5.03,5.03,200,0
VTSI.US,5,20251201,173500,4.95,4.95,4.95,4.95,100,0
VTSI.US,5,20251201,174500,5.04,5.04,5.04,5.04,100,0
VTSI.US,5,20251201,175000,4.99,4.99,4.99,4.99,400,0
VTSI.US,5,20251201,180500,5.03,5.03,5.03,5.03,100,0
VTSI.US,5,20251201,181000,4.97,4.97,4.97,4.97,100,0
VTSI.US,5,20251201,181500,5.01,5.01,5.01,5.01,5100,0
VTSI.US,5,20251201,182500,4.97,4.97,4.97,4.97,300,0
VTSI.US,5,20251201,183000,4.97,4.9958,4.97,4.9958,800,0
VTSI.US,5,20251201,183500,4.97,4.97,4.97,4.97,200,0
VTSI.US,5,20251201,191500,4.985,4.985,4.985,4.985,417,0
VTSI.US,5,20251201,192000,4.985,5.03,4.985,4.985,5990,0
VTSI.US,5,20251201,193000,5.005,5.005,4.98,4.98,200,0
VTSI.US,5,20251201,193500,4.98,5,4.98,5,300,0
VTSI.US,5,20251201,194000,5.005,5.005,5,5,200,0
VTSI.US,5,20251201,195000,4.995,4.995,4.995,4.995,317,0
VTSI.US,5,20251201,205000,4.985,4.985,4.985,4.985,700,0
VTSI.US,5,20251201,205500,4.985,4.985,4.985,4.985,200,0
VTSI.US,5,20251201,210000,4.97,4.985,4.97,4.97,700,0
VTSI.US,5,20251201,210500,4.985,4.985,4.985,4.985,400,0
VTSI.US,5,20251201,211000,4.97,5.02,4.97,5.02,791,0
VTSI.US,5,20251201,211500,5.02,5.035,5.02,5.03,500,0
VTSI.US,5,20251201,212000,5.04,5.04,5.035,5.035,500,0
VTSI.US,5,20251201,212500,5.035,5.035,5.02,5.03,500,0
VTSI.US,5,20251201,213000,5.02,5.025,5.02,5.025,300,0
VTSI.US,5,20251201,213500,5.025,5.025,5.025,5.025,300,0
VTSI.US,5,20251201,214000,5.025,5.035804,5.025,5.035804,933,0
VTSI.US,5,20251201,214500,5.025,5.025,5.025,5.025,200,0
VTSI.US,5,20251201,215000,5.0336,5.036,5.02,5.02,842,0
VTSI.US,5,20251201,215500,5.02,5.02,4.99,4.99,895,0
VTSI.US,5,20251202,153000,5.06,5.1,5.06,5.1,1311,0
VTSI.US,5,20251202,163000,5.11,5.13,5.11,5.11,1700,0
VTSI.US,5,20251202,164000,5.1236,5.13,5.1236,5.13,492,0
VTSI.US,5,20251202,164500,5.1,5.1,5.1,5.1,489,0
VTSI.US,5,20251202,170000,5.085,5.0885,5.085,5.0885,228,0
VTSI.US,5,20251202,175000,5.0503,5.0503,5.0503,5.0503,400,0
VTSI.US,5,20251202,175500,5.0743,5.0743,5.0743,5.0743,150,0
VTSI.US,5,20251202,180000,5.05,5.05,5.05,5.05,426,0
VTSI.US,5,20251202,182000,5.01,5.036,5.01,5.01,1544,0
VTSI.US,5,20251202,184000,5,5,5,5,200,0
VTSI.US,5,20251202,184500,5,5.0198,5,5.0198,300,0
VTSI.US,5,20251202,185000,5.012,5.012,5.012,5.012,300,0
VTSI.US,5,20251202,185500,5,5.005,5,5.005,463,0
VTSI.US,5,20251202,191000,4.96,4.96,4.96,4.96,100,0
VTSI.US,5,20251202,191500,4.955,4.955,4.955,4.955,100,0
VTSI.US,5,20251202,195500,5,5,4.96,4.96,1200,0
VTSI.US,5,20251202,202000,4.96,5,4.96,4.995,400,0
VTSI.US,5,20251202,203000,4.975,4.975,4.975,4.975,100,0
VTSI.US,5,20251202,204500,4.98,4.98,4.98,4.98,458,0
VTSI.US,5,20251202,212000,4.96,4.965,4.95,4.965,4597,0
VTSI.US,5,20251202,212500,4.965,4.965,4.95,4.95,300,0
VTSI.US,5,20251202,213000,4.95,4.95,4.95,4.95,280,0
VTSI.US,5,20251202,213500,4.9733,4.9733,4.95,4.95,210,0
VTSI.US,5,20251202,214000,4.95,4.95,4.95,4.95,200,0
VTSI.US,5,20251202,214500,4.98,4.98,4.95,4.98,35687,0
VTSI.US,5,20251202,215000,4.98,5.01,4.98,4.9863,2919,0
VTSI.US,5,20251202,215500,4.99,4.99,4.95,4.95,3407,0
VTSI.US,5,20251203,153000,4.95,5,4.95,5,1215,0
VTSI.US,5,20251203,164500,4.99,5.005,4.97,4.97,4036,0
VTSI.US,5,20251203,170000,5.022,5.022,5.022,5.022,250,0
VTSI.US,5,20251203,174500,4.98,4.98,4.98,4.98,100,0
VTSI.US,5,20251203,175500,4.96,4.96,4.96,4.96,100,0
VTSI.US,5,20251203,180000,4.9607,4.9607,4.9607,4.9607,1000,0
VTSI.US,5,20251203,181000,4.96,4.96,4.96,4.96,100,0
VTSI.US,5,20251203,181500,4.9782,4.9782,4.9782,4.9782,100,0
VTSI.US,5,20251203,182500,4.96,4.96,4.96,4.96,100,0
VTSI.US,5,20251203,183000,4.9515,4.965,4.95,4.95,5800,0
VTSI.US,5,20251203,183500,4.95,4.96,4.95,4.96,772,0
VTSI.US,5,20251203,184000,4.95,4.95,4.95,4.95,100,0
VTSI.US,5,20251203,185500,4.95,4.95,4.95,4.95,100,0
VTSI.US,5,20251203,190500,4.95,4.95,4.95,4.95,100,0
VTSI.US,5,20251203,191000,4.9506,4.9506,4.9506,4.9506,150,0
VTSI.US,5,20251203,192000,4.95,4.95,4.95,4.95,200,0
VTSI.US,5,20251203,192500,4.9876,4.9876,4.9876,4.9876,101,0
VTSI.US,5,20251203,193000,4.95,4.95,4.95,4.95,100,0
VTSI.US,5,20251203,193500,4.95,4.9941,4.95,4.9941,300,0
VTSI.US,5,20251203,194500,4.95,4.95,4.95,4.95,100,0
VTSI.US,5,20251203,195000,4.9501,4.9501,4.95,4.9501,1800,0
VTSI.US,5,20251203,200000,4.95,4.95,4.95,4.95,200,0
VTSI.US,5,20251203,201000,4.95,4.95,4.95,4.95,100,0
VTSI.US,5,20251203,201500,4.95,4.95,4.95,4.95,100,0
VTSI.US,5,20251203,202500,4.95,4.98,4.95,4.98,500,0
VTSI.US,5,20251203,204000,4.95,4.95,4.95,4.95,100,0
VTSI.US,5,20251203,205500,4.96,4.96,4.95,4.95,200,0
VTSI.US,5,20251203,210500,4.98,4.9801,4.98,4.9801,200,0
VTSI.US,5,20251203,211000,4.9712,4.98,4.9712,4.98,1282,0
VTSI.US,5,20251203,212500,4.98,4.98,4.98,4.98,100,0
VTSI.US,5,20251203,213000,5,5,4.99,4.99,200,0
VTSI.US,5,20251203,213500,5.015,5.015,5.015,5.015,100,0
VTSI.US,5,20251203,214000,5.02,5.03,5.02,5.03,700,0
VTSI.US,5,20251203,214500,5.03,5.03,5.01,5.025,400,0
VTSI.US,5,20251203,215000,5.03,5.035,5.02,5.035,500,0
VTSI.US,5,20251203,215500,5.04,5.1,5.04,5.1,2880,0
VTSI.US,5,20251204,155000,5.055,5.055,5.055,5.055,1150,0
VTSI.US,5,20251204,162500,5.0337,5.0337,5.0337,5.0337,500,0
VTSI.US,5,20251204,163000,5.0662,5.0662,5.0662,5.0662,1000,0
VTSI.US,5,20251204,163500,5.058,5.058,5.058,5.058,1000,0
VTSI.US,5,20251204,164500,5.0426,5.0426,5.0426,5.0426,200,0
VTSI.US,5,20251204,165500,5.03,5.09,5.02,5.09,11370,0
VTSI.US,5,20251204,170000,5.09,5.09,5.084,5.09,1483,0
VTSI.US,5,20251204,170500,5.08,5.09,5.08,5.09,1117,0
VTSI.US,5,20251204,172000,5.06,5.08,5.06,5.07,1500,0
VTSI.US,5,20251204,172500,5.0601,5.0601,5.06,5.06,851,0
VTSI.US,5,20251204,173000,5.0649,5.0649,5.06,5.06,1100,0
VTSI.US,5,20251204,173500,5.05,5.05,5.05,5.05,764,0
VTSI.US,5,20251204,174000,5.02,5.02,5.02,5.02,100,0
VTSI.US,5,20251204,174500,5.02,5.02,5.02,5.02,100,0
VTSI.US,5,20251204,175000,5.02,5.02,4.995,5.01,569,0
VTSI.US,5,20251204,175500,5.01,5.01,5.01,5.01,292,0
VTSI.US,5,20251204,180000,5.01,5.01,5.01,5.01,100,0
VTSI.US,5,20251204,180500,5.0053,5.0053,5.0053,5.0053,988,0
VTSI.US,5,20251204,181500,4.99,4.99,4.99,4.99,100,0
VTSI.US,5,20251204,182000,5.02,5.02,5.02,5.02,250,0
VTSI.US,5,20251204,183000,4.97,4.97,4.97,4.97,100,0
VTSI.US,5,20251204,184000,4.98,4.98,4.98,4.98,100,0
VTSI.US,5,20251204,190000,4.9911,4.995,4.9911,4.995,449,0
VTSI.US,5,20251204,191500,4.995,4.995,4.995,4.995,180,0
VTSI.US,5,20251204,193000,4.99,4.99,4.97,4.97,200,0
VTSI.US,5,20251204,194000,5.005,5.005,4.98,4.98,674,0
VTSI.US,5,20251204,195500,5.0016,5.0016,5.0016,5.0016,150,0
VTSI.US,5,20251204,201000,5.01,5.01,5.01,5.01,100,0
VTSI.US,5,20251204,201500,5,5,5,5,100,0
VTSI.US,5,20251204,204500,4.98,4.98,4.98,4.98,100,0
VTSI.US,5,20251204,211500,4.98,4.98,4.98,4.98,200,0
VTSI.US,5,20251204,214000,5.01,5.01,4.99,5.01,774,0
VTSI.US,5,20251204,215000,5.01,5.02,5.005,5.02,1138,0
VTSI.US,5,20251204,215500,5.005,5.06,4.99,4.99,2515,0
VTSI.US,5,20251205,153000,4.99,4.99,4.99,4.99,1217,0
VTSI.US,5,20251205,153500,4.99,4.99,4.9504,4.9504,8311,0
VTSI.US,5,20251205,165500,4.96,4.97,4.96,4.97,3172,0
VTSI.US,5,20251205,172500,4.95,4.95,4.95,4.95,2600,0
VTSI.US,5,20251205,173500,4.95,4.95,4.95,4.95,1421,0
VTSI.US,5,20251205,174000,4.95,4.95,4.95,4.95,100,0
VTSI.US,5,20251205,174500,4.95,4.95,4.95,4.95,181,0
VTSI.US,5,20251205,175000,4.95,4.95,4.95,4.95,100,0
VTSI.US,5,20251205,175500,4.95,4.9539,4.94,4.9539,3574,0
VTSI.US,5,20251205,180000,4.955,4.97,4.94,4.97,1340,0
VTSI.US,5,20251205,181000,4.98,4.98,4.98,4.98,100,0
VTSI.US,5,20251205,181500,4.98,4.98,4.98,4.98,100,0
VTSI.US,5,20251205,182500,4.98,4.98,4.98,4.98,100,0
VTSI.US,5,20251205,183500,4.98,4.98,4.96,4.98,300,0
VTSI.US,5,20251205,184000,4.98,4.98,4.96,4.96,3389,0
VTSI.US,5,20251205,190000,4.97,4.97,4.97,4.97,100,0
VTSI.US,5,20251205,191000,4.95,4.95,4.95,4.95,100,0
VTSI.US,5,20251205,192000,4.94,4.94,4.94,4.94,100,0
VTSI.US,5,20251205,192500,4.9504,4.9504,4.9504,4.9504,120,0
VTSI.US,5,20251205,193000,4.94,4.94,4.94,4.94,100,0
VTSI.US,5,20251205,194000,4.94,4.9847,4.94,4.94,400,0
VTSI.US,5,20251205,200500,4.94,4.94,4.94,4.94,200,0
VTSI.US,5,20251205,202500,4.9778,4.9778,4.9778,4.9778,200,0
VTSI.US,5,20251205,203500,4.955,4.955,4.93,4.93,558,0
VTSI.US,5,20251205,204000,4.92,4.935,4.91,4.935,2166,0
VTSI.US,5,20251205,204500,4.911,4.9111,4.89,4.9035,9767,0
VTSI.US,5,20251205,205000,4.89,4.89,4.89,4.89,100,0
VTSI.US,5,20251205,205500,4.89,4.89,4.89,4.89,100,0
VTSI.US,5,20251205,210000,4.89,4.89,4.89,4.89,100,0
VTSI.US,5,20251205,210500,4.8865,4.8865,4.8865,4.8865,100,0
VTSI.US,5,20251205,211000,4.87,4.91,4.87,4.91,1586,0
VTSI.US,5,20251205,211500,4.89,4.92,4.89,4.92,1000,0
VTSI.US,5,20251205,212000,4.95,4.95,4.94,4.945,1700,0
VTSI.US,5,20251205,212500,4.945,4.9544,4.9,4.9544,2140,0
VTSI.US,5,20251205,213000,4.96,4.96,4.96,4.96,200,0
VTSI.US,5,20251205,213500,4.96,4.96,4.96,4.96,200,0
VTSI.US,5,20251205,214000,4.965,4.965,4.965,4.965,100,0
VTSI.US,5,20251205,214500,4.965,4.965,4.965,4.965,380,0
VTSI.US,5,20251205,215000,4.975,4.975,4.96,4.975,1500,0
VTSI.US,5,20251205,215500,4.975,5,4.975,5,2446,0
VTSI.US,5,20251208,153000,5,5,5,5,239,0
VTSI.US,5,20251208,153500,4.98,4.98,4.98,4.98,2458,0
VTSI.US,5,20251208,155000,4.962,4.9735,4.962,4.9735,400,0
VTSI.US,5,20251208,155500,4.9673,4.99,4.9673,4.99,700,0
VTSI.US,5,20251208,160000,4.9809,4.9809,4.968,4.968,963,0
VTSI.US,5,20251208,163000,4.95,4.95,4.95,4.95,175,0
VTSI.US,5,20251208,164000,4.89,4.935,4.85,4.8921,11973,0
VTSI.US,5,20251208,164500,4.93,4.93,4.92,4.93,400,0
VTSI.US,5,20251208,170000,4.934,4.934,4.934,4.934,750,0
VTSI.US,5,20251208,170500,4.9001,4.9008,4.9,4.9,1100,0
VTSI.US,5,20251208,172500,4.91,4.91,4.9,4.9,200,0
VTSI.US,5,20251208,173000,4.9,4.9,4.855,4.855,3148,0
VTSI.US,5,20251208,173500,4.87,4.88,4.87,4.88,200,0
VTSI.US,5,20251208,174000,4.87,4.87,4.87,4.87,100,0
VTSI.US,5,20251208,174500,4.85,4.85,4.85,4.85,100,0
VTSI.US,5,20251208,175500,4.9,4.9,4.85,4.875,1400,0
VTSI.US,5,20251208,180000,4.85,4.89,4.85,4.89,2600,0
VTSI.US,5,20251208,180500,4.925,4.925,4.89,4.92,700,0
VTSI.US,5,20251208,181000,4.89,4.89,4.89,4.89,100,0
VTSI.US,5,20251208,181500,4.895,4.895,4.87,4.87,200,0
VTSI.US,5,20251208,182000,4.86,4.86,4.86,4.86,100,0
VTSI.US,5,20251208,183500,4.91,4.91,4.91,4.91,400,0
VTSI.US,5,20251208,184500,4.88,4.88,4.88,4.88,100,0
VTSI.US,5,20251208,185000,4.886,4.886,4.87,4.87,500,0
VTSI.US,5,20251208,185500,4.9,4.9,4.89,4.9,1100,0
VTSI.US,5,20251208,190000,4.9,4.9,4.9,4.9,400,0
VTSI.US,5,20251208,190500,4.9,4.95,4.9,4.95,5218,0
VTSI.US,5,20251208,191000,4.88,4.88,4.87,4.87,200,0
VTSI.US,5,20251208,191500,4.87,4.895,4.87,4.895,200,0
VTSI.US,5,20251208,192500,4.88,4.88,4.88,4.88,100,0
VTSI.US,5,20251208,193500,4.9137,4.9137,4.87,4.87,1100,0
VTSI.US,5,20251208,194000,4.89,4.89,4.89,4.89,1369,0
VTSI.US,5,20251208,194500,4.89,4.89,4.89,4.89,909,0
VTSI.US,5,20251208,195000,4.89,4.89,4.88,4.88,364,0
VTSI.US,5,20251208,195500,4.88,4.88,4.85,4.8643,1096,0
VTSI.US,5,20251208,200000,4.85,4.85,4.85,4.85,400,0
VTSI.US,5,20251208,201000,4.89,4.89,4.89,4.89,139,0
VTSI.US,5,20251208,201500,4.85,4.85,4.85,4.85,598,0
VTSI.US,5,20251208,202500,4.88,4.88,4.88,4.88,100,0
VTSI.US,5,20251208,204000,4.87,4.87,4.87,4.87,100,0
VTSI.US,5,20251208,205000,4.88,4.88,4.88,4.88,100,0
VTSI.US,5,20251208,211000,4.86,4.86,4.86,4.86,100,0
VTSI.US,5,20251208,214000,4.89,4.92,4.89,4.92,2838,0
VTSI.US,5,20251208,214500,4.9,4.9,4.9,4.9,500,0
VTSI.US,5,20251208,215000,4.918,4.92,4.91,4.9101,2967,0
VTSI.US,5,20251208,215500,4.905,4.905,4.87,4.87,1858,0
VTSI.US,5,20251209,153000,4.86,4.92,4.85,4.92,12020,0
VTSI.US,5,20251209,154500,4.99,4.99,4.97,4.97,300,0
VTSI.US,5,20251209,155000,4.92,4.92,4.92,4.92,288,0
VTSI.US,5,20251209,155500,4.92,4.92,4.92,4.92,200,0
VTSI.US,5,20251209,160000,4.92,4.92,4.91,4.91,959,0
VTSI.US,5,20251209,164000,4.8685,4.91,4.8685,4.91,500,0
VTSI.US,5,20251209,171000,4.91,4.9462,4.91,4.9462,1100,0
VTSI.US,5,20251209,173500,4.8701,4.8701,4.8701,4.8701,200,0
VTSI.US,5,20251209,174000,4.86,4.8639,4.86,4.8639,600,0
VTSI.US,5,20251209,174500,4.915,4.915,4.91,4.91,200,0
VTSI.US,5,20251209,175000,4.89,4.92,4.89,4.92,500,0
VTSI.US,5,20251209,175500,4.99,4.99,4.99,4.99,5100,0
VTSI.US,5,20251209,180000,4.99,4.99,4.9,4.9495,1412,0
VTSI.US,5,20251209,180500,4.9,4.945,4.9,4.945,800,0
VTSI.US,5,20251209,182000,4.9,4.9,4.895,4.895,700,0
VTSI.US,5,20251209,182500,4.895,4.895,4.895,4.895,100,0
VTSI.US,5,20251209,183000,4.87,4.93,4.85,4.92,33790,0
VTSI.US,5,20251209,183500,4.9192,4.9192,4.8815,4.8885,6524,0
VTSI.US,5,20251209,184500,4.893,4.893,4.85,4.85,7720,0
VTSI.US,5,20251209,185000,4.85,4.85,4.85,4.85,446,0
VTSI.US,5,20251209,185500,4.85,4.85,4.85,4.85,100,0
VTSI.US,5,20251209,193500,4.85,4.85,4.85,4.85,100,0
VTSI.US,5,20251209,195500,4.8722,4.8722,4.8722,4.8722,7800,0
VTSI.US,5,20251209,201000,4.85,4.85,4.85,4.85,206,0
VTSI.US,5,20251209,202000,4.87,4.87,4.87,4.87,100,0
VTSI.US,5,20251209,203000,4.85,4.8501,4.85,4.8501,310,0
VTSI.US,5,20251209,204000,4.855,4.855,4.85,4.85,300,0
VTSI.US,5,20251209,205000,4.8502,4.8502,4.8502,4.8502,261,0
VTSI.US,5,20251209,205500,4.855,4.855,4.855,4.855,100,0
VTSI.US,5,20251209,210000,4.85,4.88,4.85,4.88,6600,0
VTSI.US,5,20251209,211000,4.875,4.935,4.875,4.935,5901,0
VTSI.US,5,20251209,211500,4.915,4.915,4.915,4.915,800,0
VTSI.US,5,20251209,212000,4.88,4.88,4.86,4.86,700,0
VTSI.US,5,20251209,212500,4.86,4.86,4.86,4.86,300,0
VTSI.US,5,20251209,213000,4.855,4.855,4.85,4.855,2378,0
VTSI.US,5,20251209,213500,4.85,4.86,4.85,4.86,700,0
VTSI.US,5,20251209,214000,4.86,4.87,4.86,4.86,400,0
VTSI.US,5,20251209,214500,4.86,4.8671,4.86,4.8671,1061,0
VTSI.US,5,20251209,215000,4.89,4.89,4.86,4.87,1346,0
VTSI.US,5,20251209,215500,4.8543,4.87,4.85,4.85,3348,0
VTSI.US,5,20251210,153000,4.85,4.85,4.85,4.85,141,0
VTSI.US,5,20251210,153500,4.85,4.85,4.85,4.85,138,0
VTSI.US,5,20251210,154500,4.8876,4.8876,4.8876,4.8876,300,0
VTSI.US,5,20251210,155000,4.86,4.86,4.85,4.85,1288,0
VTSI.US,5,20251210,160500,4.89,4.89,4.89,4.89,212,0
VTSI.US,5,20251210,161000,4.85,4.85,4.85,4.85,5159,0
VTSI.US,5,20251210,161500,4.85,4.85,4.85,4.85,100,0
VTSI.US,5,20251210,162000,4.85,4.855,4.85,4.855,848,0
VTSI.US,5,20251210,162500,4.85,4.85,4.85,4.85,100,0
VTSI.US,5,20251210,163000,4.86,4.86,4.86,4.86,100,0
VTSI.US,5,20251210,165000,4.8501,4.8501,4.85,4.85,800,0
VTSI.US,5,20251210,170000,4.85,4.85,4.85,4.85,100,0
VTSI.US,5,20251210,170500,4.875,4.875,4.875,4.875,137,0
VTSI.US,5,20251210,171000,4.85,4.85,4.85,4.85,100,0
VTSI.US,5,20251210,174500,4.8996,4.8996,4.8996,4.8996,946,0
VTSI.US,5,20251210,175000,4.8999,4.8999,4.85,4.85,640,0
VTSI.US,5,20251210,175500,4.85,4.85,4.85,4.85,105,0
VTSI.US,5,20251210,182000,4.89,4.89,4.89,4.89,100,0
VTSI.US,5,20251210,185000,4.86,4.8622,4.85,4.85,1700,0
VTSI.US,5,20251210,185500,4.8623,4.87,4.8623,4.87,863,0
VTSI.US,5,20251210,191000,4.8799,4.8799,4.871,4.871,1227,0
VTSI.US,5,20251210,191500,4.87,4.88,4.87,4.88,500,0
VTSI.US,5,20251210,193000,4.87,4.87,4.87,4.87,223,0
VTSI.US,5,20251210,210500,4.9,4.91,4.895,4.895,2460,0
VTSI.US,5,20251210,211500,4.9016,4.9016,4.9016,4.9016,200,0
VTSI.US,5,20251210,212000,4.91,4.91,4.91,4.91,300,0
VTSI.US,5,20251210,212500,4.9,4.9,4.9,4.9,100,0
VTSI.US,5,20251210,214000,4.88,4.885,4.88,4.885,400,0
VTSI.US,5,20251210,214500,4.8874,4.9,4.885,4.9,462,0
VTSI.US,5,20251210,215000,4.885,4.885,4.885,4.885,185,0
VTSI.US,5,20251210,215500,4.9,4.9,4.885,4.885,211,0
VTSI.US,5,20251211,153000,4.81,4.85,4.81,4.85,5449,0
VTSI.US,5,20251211,154500,4.87,4.918,4.87,4.918,724,0
VTSI.US,5,20251211,160500,4.87,4.88,4.87,4.88,300,0
VTSI.US,5,20251211,163500,4.9099,4.9099,4.9099,4.9099,288,0
VTSI.US,5,20251211,165500,4.8741,4.8741,4.8741,4.8741,100,0
VTSI.US,5,20251211,171000,4.8604,4.92,4.8604,4.881,500,0
VTSI.US,5,20251211,174000,4.8925,4.8925,4.8925,4.8925,407,0
VTSI.US,5,20251211,174500,4.88,4.88,4.88,4.88,100,0
VTSI.US,5,20251211,175000,4.86,4.86,4.86,4.86,100,0
VTSI.US,5,20251211,183500,4.9,4.9,4.9,4.9,520,0
VTSI.US,5,20251211,184000,4.9,4.9,4.9,4.9,100,0
VTSI.US,5,20251211,185000,4.8874,4.89,4.8874,4.89,1000,0
VTSI.US,5,20251211,190500,4.89,4.89,4.89,4.89,100,0
VTSI.US,5,20251211,191000,4.89,4.89,4.89,4.89,120,0
VTSI.US,5,20251211,192000,4.89,4.89,4.89,4.89,110,0
VTSI.US,5,20251211,192500,4.86,4.86,4.86,4.86,100,0
VTSI.US,5,20251211,193000,4.875,4.88,4.875,4.875,300,0
VTSI.US,5,20251211,193500,4.88,4.88,4.8751,4.8751,200,0
VTSI.US,5,20251211,194000,4.8754,4.8761,4.8754,4.8761,1000,0
VTSI.US,5,20251211,194500,4.88,4.89,4.88,4.88,400,0
VTSI.US,5,20251211,195000,4.8501,4.8501,4.8501,4.8501,1300,0
VTSI.US,5,20251211,195500,4.875,4.8775,4.875,4.8775,714,0
VTSI.US,5,20251211,200000,4.875,4.875,4.875,4.875,200,0
VTSI.US,5,20251211,201000,4.89,4.91,4.89,4.91,1604,0
VTSI.US,5,20251211,201500,4.9,4.9,4.89,4.9,300,0
VTSI.US,5,20251211,202000,4.89,4.89,4.88,4.88,3000,0
VTSI.US,5,20251211,202500,4.8941,4.8941,4.8941,4.8941,374,0
VTSI.US,5,20251211,203000,4.88,4.88,4.86,4.86,200,0
VTSI.US,5,20251211,203500,4.86,4.86,4.85,4.85,300,0
VTSI.US,5,20251211,211000,4.875,4.88,4.875,4.88,350,0
VTSI.US,5,20251211,213000,4.87,4.87,4.87,4.87,500,0
VTSI.US,5,20251211,213500,4.88,4.88,4.88,4.88,100,0
VTSI.US,5,20251211,214000,4.87,4.87,4.87,4.87,100,0
VTSI.US,5,20251211,215000,4.86,4.88,4.86,4.86,1332,0
VTSI.US,5,20251211,215500,4.87,4.87,4.85,4.87,1829,0
VTSI.US,5,20251212,153000,4.85,4.87,4.85,4.87,510,0
VTSI.US,5,20251212,153500,4.9,4.9,4.9,4.9,100,0
VTSI.US,5,20251212,155000,4.85,4.85,4.85,4.85,495,0
VTSI.US,5,20251212,160500,4.8899,4.9,4.8899,4.89,1392,0
VTSI.US,5,20251212,161000,4.9399,4.9399,4.9399,4.9399,100,0
VTSI.US,5,20251212,165500,4.885,4.885,4.885,4.885,100,0
VTSI.US,5,20251212,171000,4.86,4.86,4.86,4.86,1826,0
VTSI.US,5,20251212,172500,4.88,4.88,4.88,4.88,260,0
VTSI.US,5,20251212,173000,4.883,4.883,4.883,4.883,250,0
VTSI.US,5,20251212,173500,4.85,4.85,4.85,4.85,900,0
VTSI.US,5,20251212,174000,4.85,4.85,4.85,4.85,100,0
VTSI.US,5,20251212,180000,4.8545,4.8545,4.8545,4.8545,124,0
VTSI.US,5,20251212,181000,4.8586,4.865,4.8586,4.865,4200,0
VTSI.US,5,20251212,181500,4.865,4.865,4.865,4.865,100,0
VTSI.US,5,20251212,182000,4.87,4.87,4.87,4.87,350,0
VTSI.US,5,20251212,182500,4.85,4.85,4.85,4.85,100,0
VTSI.US,5,20251212,183000,4.85,4.85,4.85,4.85,517,0
VTSI.US,5,20251212,191000,4.87,4.87,4.87,4.87,100,0
VTSI.US,5,20251212,192000,4.87,4.87,4.87,4.87,100,0
VTSI.US,5,20251212,195000,4.8761,4.8761,4.85,4.85,342,0
VTSI.US,5,20251212,195500,4.865,4.865,4.865,4.865,100,0
VTSI.US,5,20251212,203500,4.85,4.85,4.85,4.85,103,0
VTSI.US,5,20251212,204000,4.85,4.86,4.8397,4.84,10380,0
VTSI.US,5,20251212,204500,4.83,4.83,4.83,4.83,200,0
VTSI.US,5,20251212,205000,4.82,4.82,4.81,4.81,400,0
VTSI.US,5,20251212,205500,4.8,4.8001,4.75,4.75,2652,0
VTSI.US,5,20251212,210000,4.775,4.775,4.775,4.775,220,0
VTSI.US,5,20251212,210500,4.76,4.76,4.76,4.76,100,0
VTSI.US,5,20251212,211000,4.78,4.805,4.78,4.805,1463,0
VTSI.US,5,20251212,211500,4.78,4.78,4.78,4.78,400,0
VTSI.US,5,20251212,212000,4.79,4.79,4.78,4.78,200,0
VTSI.US,5,20251212,213000,4.771,4.78,4.741,4.7411,3908,0
VTSI.US,5,20251212,213500,4.74,4.7456,4.74,4.7456,645,0
VTSI.US,5,20251212,214000,4.71,4.71,4.6757,4.69,940,0
VTSI.US,5,20251212,214500,4.71,4.71,4.71,4.71,200,0
VTSI.US,5,20251212,215000,4.72,4.72,4.72,4.72,100,0
VTSI.US,5,20251212,215500,4.7,4.71,4.68,4.71,911,0
VTSI.US,5,20251215,153000,4.71,4.71,4.684,4.71,1693,0
VTSI.US,5,20251215,153500,4.7,4.7,4.7,4.7,982,0
VTSI.US,5,20251215,155000,4.7,4.7,4.7,4.7,100,0
VTSI.US,5,20251215,155500,4.7,4.71,4.67,4.67,300,0
VTSI.US,5,20251215,160000,4.67,4.67,4.67,4.67,200,0
VTSI.US,5,20251215,160500,4.65,4.65,4.65,4.65,100,0
VTSI.US,5,20251215,162000,4.65,4.6636,4.6228,4.6228,1365,0
VTSI.US,5,20251215,163000,4.62,4.65,4.62,4.65,1150,0
VTSI.US,5,20251215,163500,4.62,4.645,4.62,4.645,700,0
VTSI.US,5,20251215,164000,4.62,4.62,4.62,4.62,100,0
VTSI.US,5,20251215,164500,4.6231,4.6231,4.6231,4.6231,815,0
VTSI.US,5,20251215,165000,4.6124,4.6124,4.6124,4.6124,200,0
VTSI.US,5,20251215,171000,4.6,4.6,4.548,4.57,2052,0
VTSI.US,5,20251215,171500,4.58,4.58,4.57,4.57,400,0
VTSI.US,5,20251215,173500,4.585,4.585,4.585,4.585,100,0
VTSI.US,5,20251215,174000,4.57,4.5895,4.57,4.5895,800,0
VTSI.US,5,20251215,174500,4.585,4.585,4.57,4.585,300,0
VTSI.US,5,20251215,175000,4.57,4.57,4.56,4.56,589,0
VTSI.US,5,20251215,175500,4.56,4.56,4.545,4.545,302,0
VTSI.US,5,20251215,180000,4.5552,4.57,4.5552,4.57,7577,0
VTSI.US,5,20251215,180500,4.57,4.57,4.57,4.57,200,0
VTSI.US,5,20251215,182500,4.5721,4.575,4.5721,4.575,200,0
VTSI.US,5,20251215,183500,4.574,4.574,4.574,4.574,100,0
VTSI.US,5,20251215,184500,4.5698,4.5698,4.5698,4.5698,200,0
VTSI.US,5,20251215,185500,4.565,4.565,4.565,4.565,100,0
VTSI.US,5,20251215,190500,4.565,4.565,4.565,4.565,100,0
VTSI.US,5,20251215,192000,4.58,4.58,4.58,4.58,308,0
VTSI.US,5,20251215,192500,4.57,4.57,4.57,4.57,512,0
VTSI.US,5,20251215,200500,4.55,4.5502,4.55,4.5502,200,0
VTSI.US,5,20251215,201000,4.5598,4.5598,4.5598,4.5598,1250,0
VTSI.US,5,20251215,201500,4.56,4.56,4.5431,4.5431,1100,0
VTSI.US,5,20251215,202000,4.5544,4.5588,4.5544,4.5588,400,0
VTSI.US,5,20251215,202500,4.54,4.64,4.52,4.56,8239,0
VTSI.US,5,20251215,203000,4.54,4.54,4.54,4.54,1970,0
VTSI.US,5,20251215,205500,4.53,4.53,4.53,4.53,100,0
VTSI.US,5,20251215,210000,4.54,4.54,4.54,4.54,100,0
VTSI.US,5,20251215,210500,4.53,4.5353,4.52,4.525,740,0
VTSI.US,5,20251215,211500,4.5331,4.5331,4.5331,4.5331,100,0
VTSI.US,5,20251215,212000,4.525,4.525,4.525,4.525,600,0
VTSI.US,5,20251215,214000,4.525,4.525,4.525,4.525,100,0
VTSI.US,5,20251215,215000,4.53,4.53,4.52,4.52,322,0
VTSI.US,5,20251215,215500,4.511,4.53,4.5,4.515,3929,0
VTSI.US,5,20251216,154000,4.55,4.55,4.55,4.55,400,0
VTSI.US,5,20251216,154500,4.6,4.6001,4.6,4.6001,200,0
VTSI.US,5,20251216,155500,4.57,4.57,4.57,4.57,100,0
VTSI.US,5,20251216,160000,4.55,4.55,4.55,4.55,100,0
VTSI.US,5,20251216,161000,4.538,4.55,4.538,4.55,450,0
VTSI.US,5,20251216,162000,4.53,4.53,4.53,4.53,300,0
VTSI.US,5,20251216,165000,4.51,4.51,4.51,4.51,1329,0
VTSI.US,5,20251216,165500,4.5,4.5,4.49,4.49,788,0
VTSI.US,5,20251216,170000,4.4964,4.5,4.49,4.5,340,0
VTSI.US,5,20251216,170500,4.49,4.49,4.48,4.48,200,0
VTSI.US,5,20251216,171000,4.4949,4.4949,4.47,4.47,612,0
VTSI.US,5,20251216,182000,4.445,4.45,4.445,4.45,245,0
VTSI.US,5,20251216,183500,4.4456,4.4456,4.4456,4.4456,155,0
VTSI.US,5,20251216,184500,4.435,4.435,4.435,4.435,300,0
VTSI.US,5,20251216,185000,4.435,4.435,4.435,4.435,100,0
VTSI.US,5,20251216,185500,4.4263,4.4263,4.4263,4.4263,100,0
VTSI.US,5,20251216,190000,4.43,4.44,4.43,4.44,400,0
VTSI.US,5,20251216,191500,4.43,4.43,4.43,4.43,598,0
VTSI.US,5,20251216,192000,4.43,4.43,4.43,4.43,100,0
VTSI.US,5,20251216,195000,4.455,4.455,4.455,4.455,100,0
VTSI.US,5,20251216,195500,4.45,4.45,4.45,4.45,200,0
VTSI.US,5,20251216,200500,4.43,4.43,4.43,4.43,100,0
VTSI.US,5,20251216,202000,4.4294,4.4294,4.4294,4.4294,100,0
VTSI.US,5,20251216,204000,4.4463,4.4463,4.4463,4.4463,175,0
VTSI.US,5,20251216,205000,4.4388,4.4388,4.435,4.435,600,0
VTSI.US,5,20251216,210000,4.44,4.45,4.43,4.44,2596,0
VTSI.US,5,20251216,211500,4.45,4.46,4.45,4.46,292,0
VTSI.US,5,20251216,212500,4.4632,4.4632,4.4507,4.4507,620,0
VTSI.US,5,20251216,213000,4.47,4.47,4.47,4.47,100,0
VTSI.US,5,20251216,213500,4.48,4.48,4.48,4.48,100,0
VTSI.US,5,20251216,214000,4.485,4.485,4.485,4.485,100,0
VTSI.US,5,20251216,215000,4.5,4.5,4.495,4.5,675,0
VTSI.US,5,20251216,215500,4.5,4.5,4.485,4.485,550,0
VTSI.US,5,20251217,153000,4.5,4.5,4.5,4.5,106,0
VTSI.US,5,20251217,154000,4.5,4.5,4.5,4.5,2767,0
VTSI.US,5,20251217,154500,4.53,4.55,4.5206,4.55,3928,0
VTSI.US,5,20251217,163500,4.55,4.55,4.55,4.55,300,0
VTSI.US,5,20251217,165000,4.5,4.5,4.49,4.49,200,0
VTSI.US,5,20251217,170500,4.48,4.48,4.48,4.48,100,0
VTSI.US,5,20251217,171000,4.4956,4.4956,4.4956,4.4956,300,0
VTSI.US,5,20251217,174500,4.463,4.463,4.463,4.463,1231,0
VTSI.US,5,20251217,175000,4.45,4.45,4.42,4.42,3219,0
VTSI.US,5,20251217,175500,4.43,4.43,4.43,4.43,100,0
VTSI.US,5,20251217,182500,4.42,4.42,4.42,4.42,1554,0
VTSI.US,5,20251217,183500,4.4,4.4,4.4,4.4,100,0
VTSI.US,5,20251217,184500,4.4,4.4,4.385,4.385,1932,0
VTSI.US,5,20251217,190000,4.41,4.41,4.41,4.41,100,0
VTSI.US,5,20251217,191500,4.4042,4.4042,4.4042,4.4042,882,0
VTSI.US,5,20251217,192000,4.3958,4.3958,4.3958,4.3958,125,0
VTSI.US,5,20251217,195500,4.38,4.38,4.38,4.38,100,0
VTSI.US,5,20251217,200000,4.41,4.41,4.41,4.41,129,0
VTSI.US,5,20251217,200500,4.3873,4.3917,4.3873,4.3917,350,0
VTSI.US,5,20251217,201000,4.37,4.37,4.37,4.37,423,0
VTSI.US,5,20251217,201500,4.37,4.37,4.37,4.37,100,0
VTSI.US,5,20251217,202000,4.39,4.39,4.35,4.3501,1090,0
VTSI.US,5,20251217,202500,4.36,4.36,4.36,4.36,100,0
VTSI.US,5,20251217,203000,4.37,4.375,4.37,4.375,2200,0
VTSI.US,5,20251217,203500,4.39,4.39,4.39,4.39,100,0
VTSI.US,5,20251217,204000,4.38,4.38,4.365,4.365,700,0
VTSI.US,5,20251217,204500,4.38,4.38,4.38,4.38,100,0
VTSI.US,5,20251217,205500,4.38,4.38,4.38,4.38,230,0
VTSI.US,5,20251217,211000,4.35,4.37,4.31,4.31,1590,0
VTSI.US,5,20251217,213000,4.32,4.32,4.32,4.32,360,0
VTSI.US,5,20251217,213500,4.325,4.325,4.325,4.325,100,0
VTSI.US,5,20251217,214000,4.3063,4.3063,4.3063,4.3063,150,0
VTSI.US,5,20251217,214500,4.3,4.32,4.3,4.32,400,0
VTSI.US,5,20251217,215000,4.31,4.31,4.2983,4.2983,204,0
VTSI.US,5,20251217,215500,4.32,4.3289,4.29,4.32,1193,0
VTSI.US,5,20251218,153000,4.43,4.43,4.43,4.43,100,0
VTSI.US,5,20251218,160500,4.41,4.41,4.41,4.41,355,0
VTSI.US,5,20251218,161000,4.395,4.395,4.395,4.395,1200,0
VTSI.US,5,20251218,161500,4.3673,4.3673,4.32,4.32,865,0
VTSI.US,5,20251218,163500,4.39,4.43,4.39,4.43,300,0
VTSI.US,5,20251218,164000,4.43,4.43,4.43,4.43,261,0
VTSI.US,5,20251218,165500,4.4371,4.4371,4.4371,4.4371,1900,0
VTSI.US,5,20251218,170000,4.43,4.43,4.43,4.43,1000,0
VTSI.US,5,20251218,170500,4.41,4.41,4.4,4.4,1495,0
VTSI.US,5,20251218,171500,4.385,4.385,4.32,4.33,14111,0
VTSI.US,5,20251218,172000,4.33,4.35,4.32,4.35,3273,0
VTSI.US,5,20251218,173000,4.35,4.3623,4.35,4.3623,300,0
VTSI.US,5,20251218,173500,4.38,4.38,4.38,4.38,100,0
VTSI.US,5,20251218,180000,4.35,4.35,4.35,4.35,280,0
VTSI.US,5,20251218,182000,4.315,4.315,4.315,4.315,100,0
VTSI.US,5,20251218,184500,4.345,4.345,4.345,4.345,200,0
VTSI.US,5,20251218,192000,4.37,4.37,4.37,4.37,100,0
VTSI.US,5,20251218,193500,4.34,4.34,4.34,4.34,100,0
VTSI.US,5,20251218,200500,4.31,4.35,4.31,4.35,600,0
VTSI.US,5,20251218,203000,4.35,4.35,4.35,4.35,359,0
VTSI.US,5,20251218,205500,4.331,4.331,4.331,4.331,490,0
VTSI.US,5,20251218,210500,4.32,4.32,4.32,4.32,100,0
VTSI.US,5,20251218,214000,4.332,4.332,4.332,4.332,200,0
VTSI.US,5,20251218,214500,4.3403,4.3403,4.3243,4.34,429,0
VTSI.US,5,20251218,215000,4.33,4.33,4.33,4.33,301,0
VTSI.US,5,20251218,215500,4.31,4.35,4.31,4.35,2393,0
VTSI.US,5,20251219,153000,4.36,4.36,4.36,4.36,330,0
VTSI.US,5,20251219,154500,4.36,4.36,4.36,4.36,100,0
VTSI.US,5,20251219,155500,4.365,4.41,4.365,4.41,1831,0
VTSI.US,5,20251219,160000,4.3995,4.3995,4.3841,4.3841,200,0
VTSI.US,5,20251219,160500,4.37,4.38,4.37,4.38,300,0
VTSI.US,5,20251219,161000,4.375,4.39,4.375,4.39,300,0
VTSI.US,5,20251219,162000,4.42,4.42,4.42,4.42,205,0
VTSI.US,5,20251219,164000,4.39,4.39,4.39,4.39,200,0
VTSI.US,5,20251219,170500,4.382,4.382,4.382,4.382,500,0
VTSI.US,5,20251219,172500,4.37,4.37,4.37,4.37,200,0
VTSI.US,5,20251219,174000,4.37,4.37,4.37,4.37,200,0
VTSI.US,5,20251219,181000,4.36,4.36,4.36,4.36,100,0
VTSI.US,5,20251219,181500,4.37,4.37,4.37,4.37,100,0
VTSI.US,5,20251219,182000,4.3899,4.3899,4.387,4.387,784,0
VTSI.US,5,20251219,183000,4.38,4.38,4.38,4.38,483,0
VTSI.US,5,20251219,183500,4.36,4.36,4.36,4.36,288,0
VTSI.US,5,20251219,184000,4.36,4.36,4.34,4.34,657,0
VTSI.US,5,20251219,184500,4.36,4.36,4.35,4.35,300,0
VTSI.US,5,20251219,185000,4.3534,4.355,4.3534,4.355,1000,0
VTSI.US,5,20251219,190000,4.33,4.335,4.33,4.335,300,0
VTSI.US,5,20251219,193500,4.33,4.33,4.32,4.32,1718,0
VTSI.US,5,20251219,194000,4.31,4.31,4.31,4.31,100,0
VTSI.US,5,20251219,194500,4.34,4.34,4.34,4.34,300,0
VTSI.US,5,20251219,195000,4.34,4.34,4.31,4.31,915,0
VTSI.US,5,20251219,200000,4.31,4.33,4.31,4.33,1568,0
VTSI.US,5,20251219,202500,4.34,4.34,4.34,4.34,100,0
VTSI.US,5,20251219,203500,4.32,4.32,4.32,4.32,100,0
VTSI.US,5,20251219,204500,4.3204,4.3204,4.3204,4.3204,100,0
VTSI.US,5,20251219,205500,4.32,4.32,4.32,4.32,100,0
VTSI.US,5,20251219,210000,4.3087,4.31,4.3087,4.31,500,0
VTSI.US,5,20251219,210500,4.3172,4.3774,4.31,4.375,5803,0
VTSI.US,5,20251219,211000,4.39,4.5,4.39,4.499,13326,0
VTSI.US,5,20251219,211500,4.48,4.48,4.45,4.45,400,0
VTSI.US,5,20251219,212000,4.445,4.445,4.445,4.445,1000,0
VTSI.US,5,20251219,213000,4.46,4.46,4.42,4.425,2400,0
VTSI.US,5,20251219,213500,4.42,4.42,4.41,4.41,380,0
VTSI.US,5,20251219,214000,4.4,4.42,4.389,4.42,2056,0
VTSI.US,5,20251219,214500,4.3802,4.42,4.3802,4.42,1400,0
VTSI.US,5,20251219,215000,4.41,4.41,4.4067,4.4067,2900,0
VTSI.US,5,20251219,215500,4.4,4.43,4.4,4.4,2581,0
VTSI.US,5,20251222,153000,4.44,4.48,4.44,4.48,2922,0
VTSI.US,5,20251222,153500,4.48,4.48,4.4782,4.48,949,0
VTSI.US,5,20251222,154500,4.48,4.48,4.47,4.47,780,0
VTSI.US,5,20251222,155000,4.49,4.5674,4.49,4.5674,1952,0
VTSI.US,5,20251222,160000,4.53,4.57,4.53,4.53,2553,0
VTSI.US,5,20251222,161000,4.54,4.54,4.49,4.5184,7118,0
VTSI.US,5,20251222,161500,4.51,4.51,4.51,4.51,100,0
VTSI.US,5,20251222,162000,4.5127,4.5127,4.5127,4.5127,100,0
VTSI.US,5,20251222,162500,4.51,4.51,4.51,4.51,100,0
VTSI.US,5,20251222,163000,4.4907,4.4907,4.4907,4.4907,258,0
VTSI.US,5,20251222,163500,4.4928,4.4928,4.491,4.491,600,0
VTSI.US,5,20251222,164000,4.5,4.5,4.49,4.49,200,0
VTSI.US,5,20251222,165000,4.48,4.48,4.48,4.48,350,0
VTSI.US,5,20251222,165500,4.4601,4.4601,4.4601,4.4601,736,0
VTSI.US,5,20251222,170500,4.5,4.5,4.5,4.5,825,0
VTSI.US,5,20251222,172000,4.48,4.48,4.48,4.48,100,0
VTSI.US,5,20251222,173500,4.485,4.5356,4.485,4.53,1900,0
VTSI.US,5,20251222,174500,4.55,4.58,4.5,4.51,5237,0
VTSI.US,5,20251222,175000,4.51,4.51,4.51,4.51,300,0
VTSI.US,5,20251222,180000,4.51,4.51,4.4978,4.4978,540,0
VTSI.US,5,20251222,183000,4.495,4.495,4.495,4.495,330,0
VTSI.US,5,20251222,184000,4.48,4.48,4.48,4.48,100,0
VTSI.US,5,20251222,190000,4.5,4.5,4.4928,4.495,1067,0
VTSI.US,5,20251222,191000,4.505,4.51,4.5,4.5,1046,0
VTSI.US,5,20251222,192500,4.51,4.51,4.48,4.48,4987,0
VTSI.US,5,20251222,194500,4.47,4.47,4.47,4.47,843,0
VTSI.US,5,20251222,195500,4.51,4.51,4.51,4.51,300,0
VTSI.US,5,20251222,202000,4.51,4.51,4.495,4.51,11839,0
VTSI.US,5,20251222,204000,4.54,4.55,4.54,4.55,500,0
VTSI.US,5,20251222,204500,4.5547,4.5547,4.5547,4.5547,100,0
VTSI.US,5,20251222,205000,4.54,4.54,4.54,4.54,100,0
VTSI.US,5,20251222,210000,4.52,4.52,4.45,4.49,2620,0
VTSI.US,5,20251222,210500,4.452,4.485,4.43,4.43,4496,0
VTSI.US,5,20251222,211000,4.42,4.47,4.42,4.47,1373,0
VTSI.US,5,20251222,213000,4.44,4.44,4.44,4.44,100,0
VTSI.US,5,20251222,214000,4.47,4.47,4.47,4.47,100,0
VTSI.US,5,20251222,214500,4.47,4.47,4.47,4.47,100,0
VTSI.US,5,20251222,215500,4.47,4.48,4.43,4.44,2200,0
VTSI.US,5,20251223,153000,4.4,4.415,4.4,4.415,3277,0
VTSI.US,5,20251223,160000,4.38,4.38,4.38,4.38,215,0
VTSI.US,5,20251223,161000,4.405,4.405,4.4016,4.4016,1150,0
VTSI.US,5,20251223,161500,4.365,4.38,4.36,4.36,1033,0
VTSI.US,5,20251223,162000,4.36,4.365,4.36,4.365,300,0
VTSI.US,5,20251223,164000,4.3861,4.3861,4.3861,4.3861,301,0
VTSI.US,5,20251223,164500,4.3802,4.3802,4.3802,4.3802,100,0
VTSI.US,5,20251223,171000,4.3872,4.3872,4.32,4.35,4145,0
VTSI.US,5,20251223,171500,4.33,4.33,4.33,4.33,100,0
VTSI.US,5,20251223,172000,4.3746,4.3746,4.37,4.37,373,0
VTSI.US,5,20251223,175500,4.35,4.35,4.35,4.35,1785,0
VTSI.US,5,20251223,181000,4.35,4.35,4.32,4.35,2000,0
VTSI.US,5,20251223,184000,4.35,4.35,4.35,4.35,116,0
VTSI.US,5,20251223,184500,4.3762,4.3762,4.3762,4.3762,100,0
VTSI.US,5,20251223,185500,4.3704,4.3704,4.3704,4.3704,200,0
VTSI.US,5,20251223,202500,4.3597,4.3597,4.35,4.3525,2244,0
VTSI.US,5,20251223,203000,4.36,4.36,4.35,4.35,345,0
VTSI.US,5,20251223,205000,4.365,4.365,4.365,4.365,200,0
VTSI.US,5,20251223,210000,4.35,4.35,4.35,4.35,1000,0
VTSI.US,5,20251223,212000,4.382765,4.39,4.382765,4.39,239,0
VTSI.US,5,20251223,212500,4.3954,4.4196,4.3954,4.4196,304,0
VTSI.US,5,20251223,214500,4.38,4.412,4.38,4.412,1100,0
VTSI.US,5,20251223,215000,4.4002,4.4002,4.4002,4.4002,200,0
VTSI.US,5,20251223,215500,4.405,4.43,4.38,4.38,2384,0
VTSI.US,5,20251224,153000,4.43,4.43,4.43,4.43,400,0
VTSI.US,5,20251224,154500,4.445,4.445,4.445,4.445,300,0
VTSI.US,5,20251224,155500,4.4368,4.4368,4.4368,4.4368,191,0
VTSI.US,5,20251224,161000,4.405,4.405,4.405,4.405,100,0
VTSI.US,5,20251224,161500,4.3801,4.3801,4.3801,4.3801,200,0
VTSI.US,5,20251224,165500,4.38,4.38,4.38,4.38,100,0
VTSI.US,5,20251224,170000,4.38,4.38,4.38,4.38,100,0
VTSI.US,5,20251224,171000,4.38,4.38,4.38,4.38,200,0
VTSI.US,5,20251224,173000,4.3851,4.395,4.3851,4.395,200,0
VTSI.US,5,20251224,180000,4.38,4.3801,4.35,4.35,2155,0
VTSI.US,5,20251224,180500,4.35,4.35,4.35,4.35,200,0
VTSI.US,5,20251224,181000,4.4,4.4,4.4,4.4,400,0
VTSI.US,5,20251224,181500,4.3999,4.4,4.3999,4.4,290,0
VTSI.US,5,20251224,182500,4.38,4.41,4.38,4.41,1105,0
VTSI.US,5,20251224,185500,4.43,4.43,4.43,4.43,297,0
VTSI.US,5,20251224,190000,4.41,4.41,4.41,4.41,568,0
VTSI.US,5,20251226,155000,4.4,4.407,4.4,4.407,200,0
VTSI.US,5,20251226,160500,4.4,4.4,4.4,4.4,100,0
VTSI.US,5,20251226,163500,4.4125,4.42,4.4125,4.42,500,0
VTSI.US,5,20251226,165000,4.41,4.41,4.41,4.41,1000,0
VTSI.US,5,20251226,170000,4.4032,4.4032,4.4007,4.4007,200,0
VTSI.US,5,20251226,171500,4.4,4.4,4.4,4.4,239,0
VTSI.US,5,20251226,173500,4.4136,4.4136,4.4136,4.4136,2500,0
VTSI.US,5,20251226,174000,4.4,4.4,4.4,4.4,100,0
VTSI.US,5,20251226,174500,4.4,4.42,4.4,4.4,300,0
VTSI.US,5,20251226,183500,4.41,4.41,4.41,4.41,214,0
VTSI.US,5,20251226,192500,4.4073,4.4073,4.4073,4.4073,575,0
VTSI.US,5,20251226,193500,4.4395,4.4395,4.4,4.4,200,0
VTSI.US,5,20251226,195000,4.42,4.42,4.42,4.42,300,0
VTSI.US,5,20251226,195500,4.4,4.4,4.4,4.4,9008,0
VTSI.US,5,20251226,200000,4.4,4.4,4.4,4.4,200,0
VTSI.US,5,20251226,200500,4.4,4.4,4.4,4.4,900,0
VTSI.US,5,20251226,201000,4.4,4.4,4.4,4.4,440,0
VTSI.US,5,20251226,201500,4.4,4.4,4.4,4.4,100,0
VTSI.US,5,20251226,202000,4.39,4.396,4.39,4.396,814,0
VTSI.US,5,20251226,204500,4.36,4.36,4.33,4.3308,350,0
VTSI.US,5,20251226,205000,4.3499,4.3499,4.3499,4.3499,200,0
VTSI.US,5,20251226,205500,4.34,4.34,4.34,4.34,1014,0
VTSI.US,5,20251226,210000,4.35,4.35,4.35,4.35,206,0
VTSI.US,5,20251226,211000,4.34,4.34,4.34,4.34,100,0
VTSI.US,5,20251226,212000,4.35,4.36,4.34,4.36,27300,0
VTSI.US,5,20251226,212500,4.35,4.38,4.34,4.38,1500,0
VTSI.US,5,20251226,213000,4.36,4.4099,4.35,4.35,1100,0
VTSI.US,5,20251226,213500,4.35,4.35,4.35,4.35,900,0
VTSI.US,5,20251226,214000,4.35,4.35,4.35,4.35,500,0
VTSI.US,5,20251226,214500,4.35,4.36,4.35,4.36,200,0
VTSI.US,5,20251226,215000,4.38,4.38,4.37,4.37,8533,0
VTSI.US,5,20251226,215500,4.37,4.38,4.36,4.38,5550,0
VTSI.US,5,20251229,153000,4.36,4.375,4.36,4.375,2383,0
VTSI.US,5,20251229,153500,4.352,4.352,4.352,4.352,100,0
VTSI.US,5,20251229,154000,4.423,4.423,4.423,4.423,880,0
VTSI.US,5,20251229,161500,4.35,4.365,4.345,4.345,30397,0
VTSI.US,5,20251229,162000,4.3599,4.3599,4.3599,4.3599,500,0
VTSI.US,5,20251229,162500,4.3599,4.36,4.3599,4.36,200,0
VTSI.US,5,20251229,163500,4.37,4.37,4.37,4.37,349,0
VTSI.US,5,20251229,164000,4.375,4.375,4.375,4.375,172,0
VTSI.US,5,20251229,165000,4.38,4.38,4.38,4.38,100,0
VTSI.US,5,20251229,171000,4.3701,4.38,4.37,4.375,2900,0
VTSI.US,5,20251229,171500,4.375,4.3899,4.375,4.3899,449,0
VTSI.US,5,20251229,174500,4.36,4.377241,4.36,4.377241,705,0
VTSI.US,5,20251229,175000,4.3799,4.3799,4.37,4.37,200,0
VTSI.US,5,20251229,175500,4.38,4.38,4.3799,4.3799,400,0
VTSI.US,5,20251229,180000,4.36,4.36,4.36,4.36,300,0
VTSI.US,5,20251229,180500,4.365,4.365,4.365,4.365,250,0
VTSI.US,5,20251229,181000,4.365,4.37,4.365,4.37,1377,0
VTSI.US,5,20251229,181500,4.37,4.373,4.37,4.37,1300,0
VTSI.US,5,20251229,182000,4.365,4.39,4.365,4.375,2502,0
VTSI.US,5,20251229,182500,4.375,4.375,4.375,4.375,200,0
VTSI.US,5,20251229,183000,4.375,4.375,4.375,4.375,310,0
VTSI.US,5,20251229,183500,4.39,4.39,4.385,4.385,6330,0
VTSI.US,5,20251229,184500,4.39,4.39,4.39,4.39,1718,0
VTSI.US,5,20251229,185000,4.38,4.38,4.38,4.38,100,0
VTSI.US,5,20251229,185500,4.368,4.368,4.368,4.368,500,0
VTSI.US,5,20251229,190000,4.365,4.365,4.365,4.365,110,0
VTSI.US,5,20251229,195000,4.34,4.34,4.34,4.34,653,0
VTSI.US,5,20251229,200000,4.334615,4.334615,4.334615,4.334615,400,0
VTSI.US,5,20251229,201000,4.33,4.33,4.33,4.33,3871,0
VTSI.US,5,20251229,201500,4.32,4.32,4.32,4.32,1903,0
VTSI.US,5,20251229,202000,4.325,4.325,4.28,4.28,19926,0
VTSI.US,5,20251229,202500,4.2894,4.2894,4.2699,4.27,1898,0
VTSI.US,5,20251229,203000,4.28,4.29,4.28,4.2811,2816,0
VTSI.US,5,20251229,203500,4.27,4.2799,4.27,4.27,1859,0
VTSI.US,5,20251229,204000,4.2665,4.27,4.265,4.265,500,0
VTSI.US,5,20251229,204500,4.2689,4.2689,4.265,4.265,378,0
VTSI.US,5,20251229,205000,4.2699,4.2699,4.265,4.265,1108,0
VTSI.US,5,20251229,205500,4.26,4.26,4.26,4.26,100,0
VTSI.US,5,20251229,210000,4.26,4.27,4.26,4.27,300,0
VTSI.US,5,20251229,210500,4.2644,4.2644,4.2644,4.2644,1239,0
VTSI.US,5,20251229,211500,4.27,4.27,4.27,4.27,100,0
VTSI.US,5,20251229,212000,4.26,4.26,4.26,4.26,1059,0
VTSI.US,5,20251229,212500,4.265,4.2666,4.265,4.2666,238,0
VTSI.US,5,20251229,213000,4.2639,4.2639,4.25,4.255,5760,0
VTSI.US,5,20251229,214000,4.25,4.25,4.235,4.235,3039,0
VTSI.US,5,20251229,214500,4.2348,4.235,4.2348,4.235,200,0
VTSI.US,5,20251229,215000,4.235,4.235,4.235,4.235,200,0
VTSI.US,5,20251229,215500,4.24,4.26,4.235,4.25,2867,0
VTSI.US,5,20251230,153000,4.25,4.25,4.25,4.25,521,0
VTSI.US,5,20251230,153500,4.25,4.27,4.25,4.27,300,0
VTSI.US,5,20251230,154000,4.26,4.29,4.26,4.265,1700,0
VTSI.US,5,20251230,154500,4.29,4.29,4.29,4.29,200,0
VTSI.US,5,20251230,155000,4.2501,4.26,4.25,4.2501,22000,0
VTSI.US,5,20251230,155500,4.23,4.24,4.23,4.24,400,0
VTSI.US,5,20251230,161000,4.2499,4.25,4.24,4.25,5965,0
VTSI.US,5,20251230,161500,4.24,4.295,4.24,4.295,4656,0
VTSI.US,5,20251230,162000,4.29,4.3034,4.29,4.3034,963,0
VTSI.US,5,20251230,162500,4.3,4.3,4.3,4.3,100,0
VTSI.US,5,20251230,163000,4.31,4.315,4.31,4.315,3102,0
VTSI.US,5,20251230,164000,4.315,4.315,4.3,4.3,4900,0
VTSI.US,5,20251230,164500,4.3,4.3,4.3,4.3,4374,0
VTSI.US,5,20251230,165000,4.305,4.305,4.305,4.305,120,0
VTSI.US,5,20251230,165500,4.28,4.29,4.26,4.26,3400,0
VTSI.US,5,20251230,170500,4.2576,4.2576,4.2576,4.2576,100,0
VTSI.US,5,20251230,171000,4.28,4.28,4.28,4.28,100,0
VTSI.US,5,20251230,171500,4.28,4.3,4.275,4.3,7235,0
VTSI.US,5,20251230,172000,4.3,4.31,4.25,4.275,12320,0
VTSI.US,5,20251230,172500,4.25,4.285,4.25,4.285,1228,0
VTSI.US,5,20251230,173000,4.285,4.285,4.285,4.285,400,0
VTSI.US,5,20251230,173500,4.25,4.25,4.2,4.2049,5184,0
VTSI.US,5,20251230,174000,4.245,4.245,4.245,4.245,388,0
VTSI.US,5,20251230,174500,4.2,4.22,4.19,4.22,3532,0
VTSI.US,5,20251230,175000,4.245,4.245,4.245,4.245,156,0
VTSI.US,5,20251230,180500,4.25,4.25,4.22,4.22,2160,0
VTSI.US,5,20251230,181000,4.2204,4.2204,4.2204,4.2204,177,0
VTSI.US,5,20251230,182000,4.26,4.26,4.235,4.235,1641,0
VTSI.US,5,20251230,184500,4.24,4.24,4.24,4.24,619,0
VTSI.US,5,20251230,190000,4.23,4.23,4.23,4.23,100,0
VTSI.US,5,20251230,190500,4.235,4.27,4.235,4.27,2452,0
VTSI.US,5,20251230,191000,4.29,4.29,4.29,4.29,100,0
VTSI.US,5,20251230,192500,4.28,4.28,4.28,4.28,300,0
VTSI.US,5,20251230,193500,4.2863,4.29,4.2863,4.29,200,0
VTSI.US,5,20251230,194000,4.285,4.29,4.28,4.29,4136,0
VTSI.US,5,20251230,194500,4.28,4.3,4.27,4.29,5216,0
VTSI.US,5,20251230,200000,4.314,4.32,4.265,4.32,1300,0
VTSI.US,5,20251230,201000,4.295,4.37,4.295,4.37,5335,0
VTSI.US,5,20251230,201500,4.3577,4.3577,4.3577,4.3577,500,0
VTSI.US,5,20251230,202000,4.3432,4.41,4.3432,4.41,1263,0
VTSI.US,5,20251230,203500,4.4499,4.4499,4.4499,4.4499,500,0
VTSI.US,5,20251230,204000,4.3802,4.3802,4.3802,4.3802,200,0
VTSI.US,5,20251230,205000,4.42,4.42,4.42,4.42,300,0
VTSI.US,5,20251230,210500,4.43,4.43,4.43,4.43,2600,0
VTSI.US,5,20251230,211000,4.42,4.42,4.42,4.42,100,0
VTSI.US,5,20251230,211500,4.44,4.46,4.44,4.44,3025,0
VTSI.US,5,20251230,212000,4.4,4.4,4.4,4.4,142,0
VTSI.US,5,20251230,213000,4.38,4.400243,4.38,4.400243,300,0
VTSI.US,5,20251230,213500,4.3801,4.3801,4.3801,4.3801,999,0
VTSI.US,5,20251230,214000,4.38,4.38,4.31,4.36,2341,0
VTSI.US,5,20251230,214500,4.345,4.35,4.26,4.26,9738,0
VTSI.US,5,20251230,215000,4.25,4.26,4.245,4.245,3187,0
VTSI.US,5,20251230,215500,4.25,4.29,4.25,4.29,3964,0
VTSI.US,5,20251231,153000,4.26,4.26,4.24,4.24,2533,0
VTSI.US,5,20251231,153500,4.25,4.2999,4.2,4.2999,5886,0
VTSI.US,5,20251231,154000,4.255,4.264,4.2101,4.264,5982,0
VTSI.US,5,20251231,154500,4.2678,4.35,4.2678,4.3096,2500,0
VTSI.US,5,20251231,161000,4.3556,4.3556,4.3556,4.3556,1000,0
VTSI.US,5,20251231,163500,4.35,4.35,4.34,4.34,200,0
VTSI.US,5,20251231,164000,4.33,4.33,4.33,4.33,100,0
VTSI.US,5,20251231,164500,4.35,4.35,4.35,4.35,570,0
VTSI.US,5,20251231,165000,4.3493,4.35,4.3493,4.35,300,0
VTSI.US,5,20251231,170000,4.34,4.34,4.34,4.34,100,0
VTSI.US,5,20251231,171000,4.3358,4.3358,4.3358,4.3358,100,0
VTSI.US,5,20251231,171500,4.33,4.33,4.3265,4.3265,200,0
VTSI.US,5,20251231,172000,4.34,4.34,4.34,4.34,100,0
VTSI.US,5,20251231,172500,4.34,4.34,4.34,4.34,200,0
VTSI.US,5,20251231,173000,4.3399,4.3399,4.3399,4.3399,120,0
VTSI.US,5,20251231,174000,4.32,4.32,4.32,4.32,200,0
VTSI.US,5,20251231,174500,4.31,4.31,4.31,4.31,1200,0
VTSI.US,5,20251231,175500,4.336,4.336,4.33,4.33,400,0
VTSI.US,5,20251231,181000,4.34,4.35,4.3112,4.3112,600,0
VTSI.US,5,20251231,182000,4.33,4.33,4.33,4.33,100,0
VTSI.US,5,20251231,183500,4.3328,4.3328,4.3328,4.3328,1000,0
VTSI.US,5,20251231,184000,4.3258,4.33,4.31,4.328,929,0
VTSI.US,5,20251231,185000,4.3254,4.3254,4.3254,4.3254,400,0
VTSI.US,5,20251231,190000,4.3201,4.3201,4.3201,4.3201,100,0
VTSI.US,5,20251231,190500,4.35,4.35,4.35,4.35,265,0
VTSI.US,5,20251231,191000,4.32,4.32,4.32,4.32,300,0
VTSI.US,5,20251231,192500,4.29,4.29,4.29,4.29,200,0
VTSI.US,5,20251231,193000,4.29,4.3,4.26,4.261,19795,0
VTSI.US,5,20251231,195000,4.27,4.27,4.27,4.27,100,0
VTSI.US,5,20251231,195500,4.26,4.27,4.26,4.27,7021,0
VTSI.US,5,20251231,201000,4.25,4.2501,4.25,4.2501,440,0
VTSI.US,5,20251231,201500,4.25,4.25,4.25,4.25,184,0
VTSI.US,5,20251231,202500,4.28,4.28,4.28,4.28,700,0
VTSI.US,5,20251231,205000,4.27,4.29,4.27,4.29,1450,0
VTSI.US,5,20251231,210000,4.28,4.28,4.27,4.275,300,0
VTSI.US,5,20251231,211000,4.26,4.28,4.245,4.25,19767,0
VTSI.US,5,20251231,211500,4.25,4.25,4.25,4.25,100,0
VTSI.US,5,20251231,212000,4.245,4.25,4.245,4.25,5043,0
VTSI.US,5,20251231,212500,4.25,4.25,4.25,4.25,146,0
VTSI.US,5,20251231,213500,4.24,4.245,4.24,4.24,1088,0
VTSI.US,5,20251231,214000,4.25,4.25,4.245,4.25,1025,0
VTSI.US,5,20251231,214500,4.2452,4.25,4.245,4.25,976,0
VTSI.US,5,20251231,215000,4.24,4.25,4.19,4.19,16907,0
VTSI.US,5,20251231,215500,4.2,4.2,4.17,4.2,15105,0
VTSI.US,5,20260102,153000,4.266,4.278,4.24,4.24,1600,0
VTSI.US,5,20260102,154000,4.2699,4.2699,4.2699,4.2699,498,0
VTSI.US,5,20260102,154500,4.22,4.27,4.22,4.27,2650,0
VTSI.US,5,20260102,155000,4.245,4.245,4.245,4.245,200,0
VTSI.US,5,20260102,160000,4.245,4.27,4.24,4.27,1200,0
VTSI.US,5,20260102,160500,4.27,4.27,4.27,4.27,100,0
VTSI.US,5,20260102,164000,4.28,4.28,4.28,4.28,457,0
VTSI.US,5,20260102,173000,4.29,4.29,4.29,4.29,300,0
VTSI.US,5,20260102,175000,4.3018,4.3018,4.3018,4.3018,300,0
VTSI.US,5,20260102,185500,4.32,4.32,4.31,4.32,381,0
VTSI.US,5,20260102,193500,4.326,4.326,4.326,4.326,500,0
VTSI.US,5,20260102,195000,4.33,4.33,4.33,4.33,100,0
VTSI.US,5,20260102,200000,4.3394,4.3394,4.335,4.335,430,0
VTSI.US,5,20260102,200500,4.335,4.3699,4.335,4.3699,1100,0
VTSI.US,5,20260102,203500,4.3899,4.3899,4.3899,4.3899,456,0
VTSI.US,5,20260102,204500,4.39,4.39,4.39,4.39,220,0
VTSI.US,5,20260102,205500,4.37,4.3703,4.37,4.3703,1065,0
VTSI.US,5,20260102,210000,4.37,4.37,4.37,4.37,1154,0
VTSI.US,5,20260102,211000,4.38,4.38,4.38,4.38,400,0
VTSI.US,5,20260102,211500,4.39,4.39,4.39,4.39,476,0
VTSI.US,5,20260102,212000,4.4,4.42,4.4,4.42,1200,0
VTSI.US,5,20260102,212500,4.39,4.39,4.39,4.39,1700,0
VTSI.US,5,20260102,213500,4.395,4.395,4.37,4.37,225,0
VTSI.US,5,20260102,215500,4.41,4.43,4.4,4.41,1825,0
VTSI.US,5,20260105,153500,4.49,4.49,4.49,4.49,100,0
VTSI.US,5,20260105,154000,4.49,4.5463,4.43,4.5463,2350,0
VTSI.US,5,20260105,154500,4.43,4.43,4.43,4.43,100,0
VTSI.US,5,20260105,155000,4.52,4.52,4.52,4.52,300,0
VTSI.US,5,20260105,155500,4.53,4.53,4.53,4.53,100,0
VTSI.US,5,20260105,160500,4.47,4.47,4.47,4.47,200,0
VTSI.US,5,20260105,161500,4.47,4.47,4.47,4.47,200,0
VTSI.US,5,20260105,162000,4.475,4.475,4.475,4.475,1000,0
VTSI.US,5,20260105,163500,4.48,4.5,4.48,4.5,896,0
VTSI.US,5,20260105,164000,4.49,4.49,4.49,4.49,300,0
VTSI.US,5,20260105,165000,4.5,4.5,4.495,4.495,600,0
VTSI.US,5,20260105,165500,4.495,4.495,4.4854,4.4854,210,0
VTSI.US,5,20260105,170500,4.48,4.4801,4.4501,4.4501,6556,0
VTSI.US,5,20260105,171000,4.46,4.53,4.44,4.5,3061,0
VTSI.US,5,20260105,171500,4.53,4.57,4.53,4.57,3759,0
VTSI.US,5,20260105,172000,4.57,4.57,4.57,4.57,150,0
VTSI.US,5,20260105,173000,4.55,4.55,4.55,4.55,155,0
VTSI.US,5,20260105,173500,4.595,4.62,4.595,4.605,800,0
VTSI.US,5,20260105,174500,4.59,4.62,4.59,4.62,700,0
VTSI.US,5,20260105,175000,4.62,4.69,4.6199,4.67,4749,0
VTSI.US,5,20260105,175500,4.67,4.67,4.67,4.67,520,0
VTSI.US,5,20260105,180000,4.6883,4.75,4.675,4.75,7327,0
VTSI.US,5,20260105,180500,4.69,4.69,4.69,4.69,100,0
VTSI.US,5,20260105,181000,4.69,4.725,4.69,4.725,800,0
VTSI.US,5,20260105,181500,4.716,4.716,4.67,4.695,1100,0
VTSI.US,5,20260105,182000,4.67,4.67,4.66,4.66,200,0
VTSI.US,5,20260105,183500,4.7,4.7,4.67,4.67,400,0
VTSI.US,5,20260105,184500,4.6999,4.705,4.6999,4.705,1100,0
VTSI.US,5,20260105,185000,4.73,4.73,4.7006,4.7006,200,0
VTSI.US,5,20260105,185500,4.7,4.7,4.7,4.7,100,0
VTSI.US,5,20260105,190500,4.72,4.72,4.72,4.72,100,0
VTSI.US,5,20260105,191000,4.713,4.713,4.713,4.713,300,0
VTSI.US,5,20260105,191500,4.7,4.7,4.7,4.7,600,0
VTSI.US,5,20260105,192000,4.695,4.695,4.695,4.695,100,0
VTSI.US,5,20260105,192500,4.73,4.73,4.73,4.73,100,0
VTSI.US,5,20260105,194500,4.73,4.75,4.73,4.74,5776,0
VTSI.US,5,20260105,195000,4.71,4.725,4.71,4.725,500,0
VTSI.US,5,20260105,195500,4.74,4.74,4.74,4.74,110,0
VTSI.US,5,20260105,200000,4.73,4.75,4.73,4.745,4831,0
VTSI.US,5,20260105,202000,4.75,4.775,4.745,4.76,1218,0
VTSI.US,5,20260105,203500,4.7999,4.7999,4.7999,4.7999,401,0
VTSI.US,5,20260105,204000,4.8,4.82,4.8,4.82,2386,0
VTSI.US,5,20260105,204500,4.82,4.82,4.75,4.75,420,0
VTSI.US,5,20260105,210000,4.77,4.79,4.75,4.79,2404,0
VTSI.US,5,20260105,211000,4.74,4.74,4.73,4.74,1300,0
VTSI.US,5,20260105,212000,4.7805,4.7805,4.7805,4.7805,100,0
VTSI.US,5,20260105,214000,4.77,4.782,4.77,4.782,300,0
VTSI.US,5,20260105,215000,4.7803,4.7803,4.7803,4.7803,144,0
VTSI.US,5,20260105,215500,4.7792,4.79,4.75,4.75,1741,0
VTSI.US,5,20260106,153000,4.73,4.73,4.73,4.73,100,0
VTSI.US,5,20260106,153500,4.7199,4.7199,4.7074,4.7074,9980,0
VTSI.US,5,20260106,154000,4.515,4.62,4.515,4.615,917,0
VTSI.US,5,20260106,154500,4.5364,4.5364,4.5364,4.5364,1500,0
VTSI.US,5,20260106,155000,4.615,4.615,4.51,4.51,8377,0
VTSI.US,5,20260106,155500,4.52,4.52,4.47,4.47,2923,0
VTSI.US,5,20260106,160000,4.47,4.47,4.47,4.47,700,0
VTSI.US,5,20260106,160500,4.47,4.47,4.46,4.47,500,0
VTSI.US,5,20260106,161500,4.61,4.61,4.61,4.61,100,0
VTSI.US,5,20260106,162500,4.4999,4.66,4.4999,4.63,1313,0
VTSI.US,5,20260106,165500,4.6401,4.6401,4.6401,4.6401,1000,0
VTSI.US,5,20260106,170000,4.655,4.7,4.655,4.655,600,0
VTSI.US,5,20260106,170500,4.65,4.65,4.65,4.65,575,0
VTSI.US,5,20260106,171500,4.65,4.65,4.65,4.65,5073,0
VTSI.US,5,20260106,172000,4.605,4.605,4.605,4.605,200,0
VTSI.US,5,20260106,172500,4.61,4.62,4.6,4.6,500,0
VTSI.US,5,20260106,174500,4.587,4.587,4.587,4.587,450,0
VTSI.US,5,20260106,175000,4.605,4.605,4.605,4.605,100,0
VTSI.US,5,20260106,175500,4.63,4.63,4.63,4.63,1077,0
VTSI.US,5,20260106,181500,4.63,4.63,4.63,4.63,1079,0
VTSI.US,5,20260106,182500,4.62,4.62,4.62,4.62,100,0
VTSI.US,5,20260106,184500,4.63,4.655,4.63,4.655,400,0
VTSI.US,5,20260106,185000,4.665,4.665,4.665,4.665,100,0
VTSI.US,5,20260106,185500,4.665,4.665,4.665,4.665,200,0
VTSI.US,5,20260106,190000,4.71,4.71,4.71,4.71,100,0
VTSI.US,5,20260106,192000,4.7,4.7,4.7,4.7,100,0
VTSI.US,5,20260106,192500,4.66,4.66,4.66,4.66,100,0
VTSI.US,5,20260106,194500,4.6159,4.71,4.6159,4.71,1106,0
VTSI.US,5,20260106,195000,4.63,4.63,4.6201,4.6201,1100,0
VTSI.US,5,20260106,195500,4.62,4.62,4.61,4.61,300,0
VTSI.US,5,20260106,203500,4.59,4.59,4.59,4.59,100,0
VTSI.US,5,20260106,205000,4.5601,4.5601,4.5601,4.5601,228,0
VTSI.US,5,20260106,211500,4.59,4.59,4.59,4.59,100,0
VTSI.US,5,20260106,212500,4.615,4.6222,4.615,4.615,1746,0
VTSI.US,5,20260106,213000,4.615,4.615,4.615,4.615,142,0
VTSI.US,5,20260106,213500,4.6113,4.6113,4.6113,4.6113,650,0
VTSI.US,5,20260106,214000,4.6,4.6,4.6,4.6,100,0
VTSI.US,5,20260106,214500,4.61,4.61,4.61,4.61,100,0
VTSI.US,5,20260106,215000,4.6009,4.6009,4.58,4.58,930,0
VTSI.US,5,20260106,215500,4.565,4.61,4.56,4.57,1767,0
VTSI.US,5,20260107,153000,4.6,4.6372,4.57,4.6372,1895,0
VTSI.US,5,20260107,153500,4.63,4.7399,4.625,4.7399,300,0
VTSI.US,5,20260107,154000,4.655,4.655,4.638,4.638,750,0
VTSI.US,5,20260107,161000,4.6049,4.6049,4.51,4.51,8701,0
VTSI.US,5,20260107,162000,4.59,4.61,4.57,4.61,3047,0
VTSI.US,5,20260107,163000,4.5697,4.5697,4.5697,4.5697,195,0
VTSI.US,5,20260107,163500,4.62,4.62,4.62,4.62,207,0
VTSI.US,5,20260107,165500,4.59,4.5988,4.59,4.5988,1460,0
VTSI.US,5,20260107,172500,4.555,4.6,4.53,4.54,3229,0
VTSI.US,5,20260107,173500,4.545,4.545,4.545,4.545,150,0
VTSI.US,5,20260107,174000,4.58,4.58,4.58,4.58,100,0
VTSI.US,5,20260107,175500,4.585,4.585,4.585,4.585,100,0
VTSI.US,5,20260107,180000,4.55,4.55,4.55,4.55,900,0
VTSI.US,5,20260107,180500,4.58,4.58,4.58,4.58,100,0
VTSI.US,5,20260107,182000,4.55,4.585,4.52,4.585,500,0
VTSI.US,5,20260107,183000,4.58,4.58,4.56,4.56,400,0
VTSI.US,5,20260107,183500,4.58,4.58,4.58,4.58,100,0
VTSI.US,5,20260107,190500,4.56,4.56,4.545,4.545,800,0
VTSI.US,5,20260107,191500,4.5899,4.5899,4.5899,4.5899,1000,0
VTSI.US,5,20260107,192000,4.59,4.59,4.59,4.59,100,0
VTSI.US,5,20260107,193000,4.59,4.59,4.59,4.59,100,0
VTSI.US,5,20260107,200000,4.58,4.58,4.58,4.58,100,0
VTSI.US,5,20260107,204500,4.58,4.58,4.54,4.545,1996,0
VTSI.US,5,20260107,205000,4.56,4.56,4.56,4.56,100,0
VTSI.US,5,20260107,205500,4.53,4.545,4.52,4.5201,1900,0
VTSI.US,5,20260107,210000,4.51,4.52,4.51,4.51,448,0
VTSI.US,5,20260107,211000,4.5129,4.53,4.5129,4.53,1100,0
VTSI.US,5,20260107,211500,4.5276,4.5276,4.5276,4.5276,200,0
VTSI.US,5,20260107,213000,4.5599,4.5599,4.5599,4.5599,113,0
VTSI.US,5,20260107,213500,4.535,4.535,4.535,4.535,100,0
VTSI.US,5,20260107,214500,4.535,4.56,4.535,4.55,2575,0
VTSI.US,5,20260107,215000,4.56,4.56,4.56,4.56,2701,0
VTSI.US,5,20260107,215500,4.58,4.58,4.54,4.54,1449,0
VTSI.US,5,20260108,153000,4.58,4.58,4.58,4.58,186,0
VTSI.US,5,20260108,153500,4.5142,4.635,4.5142,4.635,14739,0
VTSI.US,5,20260108,154000,4.69,4.69,4.68,4.68,2360,0
VTSI.US,5,20260108,154500,4.69,4.69,4.69,4.69,100,0
VTSI.US,5,20260108,155000,4.64,4.64,4.64,4.64,100,0
VTSI.US,5,20260108,155500,4.57,4.57,4.53,4.56,5403,0
VTSI.US,5,20260108,160000,4.5742,4.5742,4.5742,4.5742,100,0
VTSI.US,5,20260108,162000,4.58,4.59,4.58,4.58,408,0
VTSI.US,5,20260108,162500,4.57,4.57,4.57,4.57,200,0
VTSI.US,5,20260108,163500,4.5101,4.525,4.51,4.525,1950,0
VTSI.US,5,20260108,164000,4.5101,4.555,4.5101,4.555,6649,0
VTSI.US,5,20260108,164500,4.51,4.51,4.5,4.5,659,0
VTSI.US,5,20260108,170500,4.5,4.5,4.485,4.485,808,0
VTSI.US,5,20260108,171000,4.485,4.485,4.485,4.485,100,0
VTSI.US,5,20260108,172000,4.49,4.49,4.49,4.49,280,0
VTSI.US,5,20260108,173500,4.51,4.51,4.51,4.51,1200,0
VTSI.US,5,20260108,174000,4.51,4.51,4.51,4.51,1400,0
VTSI.US,5,20260108,174500,4.525,4.525,4.525,4.525,190,0
VTSI.US,5,20260108,180000,4.51,4.51,4.51,4.51,100,0
VTSI.US,5,20260108,180500,4.525,4.525,4.525,4.525,100,0
VTSI.US,5,20260108,185500,4.52,4.52,4.52,4.52,100,0
VTSI.US,5,20260108,191000,4.52,4.52,4.52,4.52,100,0
VTSI.US,5,20260108,192000,4.5001,4.5001,4.45,4.45,4580,0
VTSI.US,5,20260108,192500,4.4915,4.4915,4.4915,4.4915,1000,0
VTSI.US,5,20260108,193500,4.4915,4.51,4.4915,4.51,5100,0
VTSI.US,5,20260108,195500,4.49,4.515,4.49,4.515,1276,0
VTSI.US,5,20260108,200000,4.5255,4.57,4.515,4.55,14796,0
VTSI.US,5,20260108,201000,4.5522,4.555,4.5522,4.555,400,0
VTSI.US,5,20260108,203500,4.54,4.57,4.54,4.57,300,0
VTSI.US,5,20260108,204000,4.5823,4.5823,4.5823,4.5823,200,0
VTSI.US,5,20260108,205000,4.56,4.59,4.56,4.59,200,0
VTSI.US,5,20260108,210000,4.5845,4.5845,4.5845,4.5845,100,0
VTSI.US,5,20260108,210500,4.585,4.585,4.585,4.585,300,0
VTSI.US,5,20260108,211000,4.58,4.58,4.5696,4.5696,1450,0
VTSI.US,5,20260108,212500,4.565,4.6,4.565,4.6,3600,0
VTSI.US,5,20260108,213000,4.52,4.57,4.52,4.55,1856,0
VTSI.US,5,20260108,214000,4.51,4.51,4.51,4.51,100,0
VTSI.US,5,20260108,214500,4.54,4.54,4.51,4.51,341,0
VTSI.US,5,20260108,215000,4.53,4.59,4.53,4.59,4300,0
VTSI.US,5,20260108,215500,4.56,4.63,4.56,4.57,1845,0
